{"type": "Feature","bbox": [140.9995,-37.5046,159.1092,-28.157],"geometry": {"type": "MultiPolygon","coordinates": [[[[152.0938,-32.7914,0.0],[152.0939,-32.7918,0.0],[152.0948,-32.7925,0.0],[152.0946,-32.7914,0.0],[152.0938,-32.7914,0.0]]],
[[[152.0801,-32.7895,0.0],[152.0798,-32.7895,0.0],[152.0797,-32.7896,0.0],[152.0799,-32.7899,0.0],[152.0801,-32.7895,0.0]]],
[[[152.0806,-32.7894,0.0],[152.0808,-32.7897,0.0],[152.0814,-32.7896,0.0],[152.0813,-32.7894,0.0],[152.0806,-32.7894,0.0]]],
[[[152.1205,-32.7901,0.0],[152.1208,-32.7893,1.3142],[152.1198,-32.7889,1.3142],[152.1196,-32.7892,0.0],[152.1205,-32.7901,0.0]]],
[[[152.0774,-32.7891,0.0],[152.0775,-32.789,0.0],[152.0776,-32.7888,0.0],[152.0773,-32.7888,0.0],[152.0774,-32.7891,0.0]]],
[[[152.1238,-32.7843,0.0],[152.1235,-32.7849,3.3544],[152.1236,-32.785,3.3544],[152.1241,-32.7848,0.0],[152.1238,-32.7843,0.0]]],
[[[152.1447,-32.7686,0.0],[152.145,-32.7687,0.0],[152.1452,-32.7686,0.0],[152.1447,-32.7684,0.0],[152.1447,-32.7686,0.0]]],
[[[152.1522,-32.7684,0.0],[152.153,-32.7684,0.0],[152.1525,-32.768,0.0],[152.1516,-32.7682,0.0],[152.1522,-32.7684,0.0]]],
[[[152.1437,-32.7682,0.0],[152.1451,-32.7679,0.0],[152.1428,-32.7668,4.2243],[152.1422,-32.7678,0.0],[152.1437,-32.7682,0.0]]],
[[[152.1465,-32.7656,0.5662],[152.1463,-32.7655,0.0],[152.1462,-32.7655,0.0],[152.1469,-32.7658,0.5662],[152.1465,-32.7656,0.5662]]],
[[[152.1608,-32.7641,0.0],[152.1612,-32.7651,0.0],[152.1615,-32.7652,0.0],[152.1615,-32.7636,0.0],[152.1608,-32.7641,0.0]]],
[[[152.1715,-32.7622,0.0],[152.1724,-32.7626,0.0],[152.1729,-32.7623,0.0],[152.172,-32.7621,0.0],[152.1715,-32.7622,0.0]]],
[[[152.1781,-32.756,0.0],[152.1793,-32.7561,0.0],[152.1771,-32.7553,0.0],[152.1778,-32.7562,0.0],[152.1781,-32.756,0.0]]],
[[[152.1574,-32.7653,0.0],[152.1577,-32.7656,0.0],[152.1582,-32.7654,0.0],[152.1576,-32.7649,0.0],[152.1574,-32.7653,0.0]]],
[[[152.1535,-32.7651,1.0656],[152.1535,-32.7649,1.0656],[152.1532,-32.7651,1.0656],[152.1534,-32.7652,1.0656],[152.1535,-32.7651,1.0656]]],
[[[152.1959,-32.7417,13.7809],[152.1927,-32.7398,10.9637],[152.1914,-32.742,0.0],[152.1885,-32.7422,0.0],[152.1899,-32.7441,12.5631],[152.1849,-32.7497,0.0],[152.1905,-32.7512,3.5394],[152.1921,-32.7492,9.3503],[152.1937,-32.7499,0.5815],[152.1939,-32.7474,6.3348],[152.1963,-32.7477,1.0198],[152.1982,-32.746,25.703],[152.1997,-32.7482,0.0],[152.2034,-32.7485,0.9684],[152.201,-32.7445,15.9207],[152.2032,-32.7441,0.0],[152.2031,-32.7424,0.0],[152.1969,-32.7404,1.9931],[152.1959,-32.7417,13.7809]]],
[[[152.2054,-32.7424,1.5825],[152.2043,-32.742,1.5825],[152.2041,-32.7426,1.5825],[152.2049,-32.7432,0.0],[152.2054,-32.7424,1.5825]]],
[[[151.9806,-32.7081,0.0131],[151.9807,-32.7084,0.0131],[151.981,-32.7088,0.0131],[151.9811,-32.7083,0.0131],[151.9806,-32.7081,0.0131]]],
[[[152.2424,-32.7017,0.0],[152.2432,-32.7015,0.0],[152.2431,-32.7,2.098],[152.2415,-32.7014,0.0],[152.2424,-32.7017,0.0]]],
[[[152.0573,-32.6979,0.0],[152.0573,-32.6984,0.0],[152.0577,-32.6985,0.0],[152.0576,-32.6979,0.0],[152.0573,-32.6979,0.0]]],
[[[152.0588,-32.7009,0.8253],[152.0571,-32.6999,0.8709],[152.0569,-32.7019,2.2062],[152.055,-32.7026,0.4435],[152.0562,-32.7037,0.0],[152.0593,-32.7021,0.9726],[152.0588,-32.7009,0.8253]]],
[[[152.23,-32.706,0.0],[152.2273,-32.7056,3.2125],[152.2262,-32.709,0.0],[152.2273,-32.7096,0.0],[152.2279,-32.708,18.6494],[152.2298,-32.7104,1.8528],[152.2313,-32.7099,0.0],[152.23,-32.706,0.0]]],
[[[152.001,-32.7042,13.9472],[152.0034,-32.7057,0.0],[152.0016,-32.7016,2.9977],[151.9976,-32.7,0.0],[151.9993,-32.7033,9.2812],[152.001,-32.7042,13.9472]]],
[[[152.0552,-32.6946,0.0],[152.0541,-32.6941,0.0],[152.0537,-32.6947,0.0],[152.0544,-32.695,0.0],[152.0552,-32.6946,0.0]]],
[[[152.0666,-32.6948,0.0],[152.0688,-32.6936,3.0038],[152.0659,-32.6934,3.7834],[152.0653,-32.6946,0.0],[152.0666,-32.6948,0.0]]],
[[[152.0513,-32.691,0.0],[152.0518,-32.6912,0.0],[152.0519,-32.6911,0.0],[152.0511,-32.6907,0.0],[152.0513,-32.691,0.0]]],
[[[152.2258,-32.6923,13.3668],[152.2255,-32.6924,13.3668],[152.2255,-32.693,0.0],[152.2258,-32.6926,13.3668],[152.2258,-32.6923,13.3668]]],
[[[152.2249,-32.6928,13.3668],[152.2247,-32.6927,13.3668],[152.2248,-32.6932,0.0],[152.2249,-32.6932,0.0],[152.2249,-32.6928,13.3668]]],
[[[152.2252,-32.6927,13.3668],[152.2253,-32.6925,13.3668],[152.225,-32.6926,13.3668],[152.225,-32.6928,13.3668],[152.2252,-32.6927,13.3668]]],
[[[152.2248,-32.6844,0.0],[152.2225,-32.6845,0.0],[152.2225,-32.6893,0.0],[152.2245,-32.6927,7.8838],[152.2287,-32.6873,24.1931],[152.2248,-32.6844,0.0]]],
[[[159.0715,-31.5989,0.0733],[159.0718,-31.5996,0.0],[159.0733,-31.5993,0.0],[159.0725,-31.5988,0.0733],[159.0715,-31.5989,0.0733]]],
[[[159.1082,-31.5407,0.4052],[159.1092,-31.5391,0.0],[159.1061,-31.5412,1.414],[159.1073,-31.5419,0.1099],[159.1082,-31.5407,0.4052]]],
[[[159.1053,-31.5402,0.2174],[159.1057,-31.5407,0.2174],[159.106,-31.5399,1.414],[159.1058,-31.5398,1.414],[159.1053,-31.5402,0.2174]]],
[[[159.0637,-31.5089,0.11],[159.0627,-31.5084,0.11],[159.0622,-31.5086,0.0],[159.0625,-31.5091,0.0],[159.0637,-31.5089,0.11]]],
[[[159.0684,-31.5038,0.3307],[159.0677,-31.5038,0.3307],[159.0676,-31.5048,0.0],[159.0687,-31.5044,0.0],[159.0684,-31.5038,0.3307]]],
[[[159.0576,-31.5203,0.6596],[159.059,-31.5251,0.0225],[159.0641,-31.5271,1.9191],[159.0772,-31.5435,14.7617],[159.0744,-31.548,0.0],[159.0764,-31.5547,0.0],[159.0756,-31.5692,14.2872],[159.0712,-31.5743,40.2756],[159.0721,-31.576,45.3188],[159.0689,-31.578,18.5088],[159.07,-31.5819,3.6822],[159.0679,-31.5834,0.0],[159.0666,-31.5884,0.0],[159.0693,-31.5927,0.0],[159.0686,-31.5956,0.0],[159.0711,-31.5947,9.8419],[159.0736,-31.5978,4.7709],[159.0764,-31.5924,8.5495],[159.0813,-31.5908,1.5076],[159.0868,-31.5815,48.4177],[159.0898,-31.5806,4.1328],[159.0897,-31.578,4.3842],[159.0928,-31.5751,33.1236],[159.0942,-31.571,48.2421],[159.0996,-31.5734,0.0],[159.0958,-31.5682,0.0],[159.0957,-31.5667,14.784],[159.0988,-31.5667,1.5694],[159.0978,-31.5643,39.4441],[159.1026,-31.5662,19.1782],[159.1054,-31.5639,0.4237],[159.1037,-31.5644,0.4237],[159.1042,-31.5615,0.0],[159.1016,-31.5625,67.6635],[159.1042,-31.5581,0.0],[159.1014,-31.559,32.7057],[159.1004,-31.5569,2.4668],[159.0979,-31.5592,10.2012],[159.0976,-31.5557,0.0],[159.0951,-31.5542,36.4236],[159.0977,-31.5522,0.0],[159.0925,-31.547,23.4029],[159.0947,-31.545,4.9979],[159.0922,-31.5465,23.4029],[159.0877,-31.5452,20.6618],[159.0819,-31.5398,1.1519],[159.0822,-31.5346,18.9921],[159.08,-31.5321,6.5706],[159.0812,-31.5266,0.0],[159.0752,-31.5269,8.0184],[159.0725,-31.5179,0.0],[159.066,-31.5187,5.8524],[159.0638,-31.5174,10.6331],[159.0646,-31.5097,0.0],[159.059,-31.5126,5.3296],[159.0432,-31.5119,9.3415],[159.0435,-31.5146,9.4208],[159.038,-31.5122,0.0],[159.0389,-31.5149,30.674],[159.0369,-31.517,21.6007],[159.0385,-31.5225,29.3786],[159.0425,-31.5222,0.0],[159.0426,-31.5186,0.0],[159.0452,-31.5172,4.1306],[159.0479,-31.5182,0.0],[159.0514,-31.5233,0.0],[159.0539,-31.5192,10.8929],[159.0576,-31.5203,0.6596]]],
[[[159.061,-31.5346,0.0],[159.0596,-31.5343,0.0],[159.0582,-31.5348,0.0],[159.0603,-31.5354,0.1156],[159.061,-31.5346,0.0]]],
[[[159.0576,-31.5211,0.6596],[159.0575,-31.5212,0.6596],[159.0577,-31.5212,0.6596],[159.0576,-31.5211,0.6596]]],
[[[159.0723,-31.5027,0.0],[159.0734,-31.5025,0.0753],[159.0738,-31.5017,0.0753],[159.0721,-31.5018,0.0],[159.0723,-31.5027,0.0]]],
[[[159.0649,-31.5013,0.0697],[159.0644,-31.501,0.0],[159.064,-31.5014,0.0],[159.0648,-31.5017,0.0697],[159.0649,-31.5013,0.0697]]],
[[[159.0698,-31.495,8.1249],[159.0697,-31.496,8.1249],[159.0709,-31.4963,0.0],[159.0709,-31.4942,0.0],[159.0698,-31.495,8.1249]]],
[[[159.0694,-31.4995,0.0],[159.0694,-31.497,0.0],[159.0655,-31.4975,0.0],[159.069,-31.5019,10.108],[159.0717,-31.5017,0.0],[159.0694,-31.4995,0.0]]],
[[[159.0719,-31.4872,0.0881],[159.0709,-31.487,0.0881],[159.0706,-31.4883,0.0],[159.0707,-31.4884,0.0],[159.0719,-31.4872,0.0881]]],
[[[152.0163,-32.6733,0.0],[152.0157,-32.6744,0.0],[152.0161,-32.6746,0.0],[152.0174,-32.6734,2.5967],[152.0163,-32.6733,0.0]]],
[[[151.9721,-32.6759,0.3214],[151.9699,-32.6675,0.2703],[151.9661,-32.6701,0.7109],[151.9654,-32.6739,0.601],[151.97,-32.6756,0.8915],[151.9748,-32.6803,0.184],[151.9721,-32.6759,0.3214]]],
[[[151.9835,-32.6727,0.7805],[151.9835,-32.6719,0.7805],[151.9824,-32.6723,0.7805],[151.9826,-32.6725,0.7805],[151.9835,-32.6727,0.7805]]],
[[[151.9791,-32.677,0.6042],[151.9803,-32.6773,1.006],[151.98,-32.6731,0.5282],[151.9821,-32.6705,0.637],[151.9793,-32.6672,0.5163],[151.974,-32.6654,0.165],[151.9768,-32.6732,0.7616],[151.9791,-32.677,0.6042]]],
[[[152.3173,-32.628,0.0],[152.3159,-32.6285,0.0],[152.3177,-32.6307,0.0],[152.318,-32.63,0.0],[152.3173,-32.628,0.0]]],
[[[152.3188,-32.6282,0.0],[152.3187,-32.6282,0.0],[152.3187,-32.6283,0.0],[152.3189,-32.6283,0.0],[152.3188,-32.6282,0.0]]],
[[[151.9853,-32.6712,0.7067],[151.9864,-32.6715,0.2084],[151.987,-32.6712,0.2381],[151.985,-32.67,0.7067],[151.9853,-32.6712,0.7067]]],
[[[151.9839,-32.6697,0.7067],[151.9839,-32.6698,0.7067],[151.9846,-32.6698,0.7067],[151.9842,-32.6697,0.7067],[151.9839,-32.6697,0.7067]]],
[[[152.3333,-32.6175,7.2659],[152.3312,-32.6176,3.29],[152.331,-32.6207,2.7217],[152.3337,-32.6244,24.6095],[152.3361,-32.6247,0.0],[152.336,-32.6206,0.0],[152.3369,-32.621,0.0],[152.336,-32.6197,0.0],[152.3334,-32.6198,40.9798],[152.3333,-32.6175,7.2659]]],
[[[152.3199,-32.6271,0.0],[152.3192,-32.627,0.9675],[152.319,-32.6271,0.9675],[152.3195,-32.6274,0.0],[152.3199,-32.6271,0.0]]],
[[[152.3177,-32.6239,0.5754],[152.3177,-32.6241,0.5754],[152.3178,-32.6241,0.5754],[152.3178,-32.6239,0.5754],[152.3177,-32.6239,0.5754]]],
[[[152.3192,-32.6279,0.9675],[152.3152,-32.621,3.6172],[152.3164,-32.6201,3.6172],[152.3155,-32.6178,8.796],[152.3168,-32.6176,8.796],[152.3204,-32.6219,0.0],[152.3263,-32.6203,0.0],[152.3283,-32.6169,0.0],[152.3235,-32.6157,8.8388],[152.3231,-32.6135,5.1181],[152.3166,-32.6138,4.6004],[152.3154,-32.6118,0.0],[152.3139,-32.6134,3.524],[152.3115,-32.6132,4.7264],[152.3068,-32.6097,5.0212],[152.307,-32.6071,0.0],[152.3058,-32.6067,3.1429],[152.3055,-32.6109,5.0212],[152.3077,-32.6128,11.2233],[152.3071,-32.6172,4.9687],[152.3105,-32.6163,0.0],[152.3131,-32.6185,0.0],[152.3133,-32.6242,5.4327],[152.3118,-32.6266,0.2457],[152.3152,-32.6234,3.559],[152.3183,-32.6279,0.9675],[152.3192,-32.6279,0.9675]]],
[[[152.5525,-32.4627,0.0],[152.5531,-32.4634,0.0],[152.5534,-32.462,0.0],[152.5529,-32.4619,0.0],[152.5525,-32.4627,0.0]]],
[[[152.5419,-32.4476,0.0],[152.5429,-32.4476,0.0],[152.5416,-32.4471,0.0],[152.5411,-32.4478,0.0],[152.5419,-32.4476,0.0]]],
[[[152.5461,-32.0805,0.0],[152.5452,-32.0801,0.0],[152.5448,-32.0804,0.0],[152.5459,-32.081,0.0],[152.5461,-32.0805,0.0]]],
[[[152.5488,-32.071,0.0],[152.5481,-32.0707,0.0],[152.5485,-32.0718,0.0],[152.5491,-32.0716,0.0],[152.5488,-32.071,0.0]]],
[[[152.9349,-31.4465,0.0],[152.9351,-31.4466,0.0],[152.9352,-31.4464,0.0],[152.935,-31.4463,0.0],[152.9349,-31.4465,0.0]]],
[[[152.9272,-31.4434,3.3669],[152.9274,-31.4434,3.3669],[152.9276,-31.4432,3.3669],[152.9273,-31.4432,3.3669],[152.9272,-31.4434,3.3669]]],
[[[152.9314,-31.4328,0.0],[152.9315,-31.433,0.0],[152.9317,-31.433,0.0],[152.9315,-31.4327,0.0],[152.9314,-31.4328,0.0]]],
[[[152.9233,-31.4296,2.751],[152.9234,-31.4294,0.0],[152.9234,-31.4291,0.0],[152.9231,-31.4295,0.0],[152.9233,-31.4296,2.751]]],
[[[152.9212,-31.4292,0.0],[152.9213,-31.4293,0.0],[152.9214,-31.4293,0.0],[152.9213,-31.4291,0.0],[152.9212,-31.4292,0.0]]],
[[[152.9211,-31.4289,0.0],[152.9211,-31.429,0.0],[152.9212,-31.429,0.0],[152.9213,-31.4288,0.0],[152.9211,-31.4289,0.0]]],
[[[153.0621,-31.0585,34.0452],[153.0622,-31.0585,0.0],[153.0623,-31.0584,0.0],[153.0621,-31.0583,34.0452],[153.0621,-31.0585,34.0452]]],
[[[153.0661,-31.0484,6.7979],[153.0664,-31.0483,0.0],[153.0663,-31.0481,0.0],[153.066,-31.0483,6.7979],[153.0661,-31.0484,6.7979]]],
[[[153.0651,-31.0564,0.0],[153.0658,-31.0557,1.6825],[153.0649,-31.0554,1.6825],[153.0648,-31.0559,1.6825],[153.0651,-31.0564,0.0]]],
[[[153.0656,-31.0554,1.6825],[153.0658,-31.0555,1.6825],[153.0658,-31.055,1.6825],[153.0656,-31.0551,1.6825],[153.0656,-31.0554,1.6825]]],
[[[153.0763,-30.9488,0.0],[153.0757,-30.9493,0.0],[153.0756,-30.9496,0.0],[153.0763,-30.9491,0.0],[153.0763,-30.9488,0.0]]],
[[[153.0768,-30.9487,0.0],[153.0761,-30.9494,0.0],[153.076,-30.9496,0.0],[153.0773,-30.9491,0.0],[153.0768,-30.9487,0.0]]],
[[[153.1023,-30.9387,0.0],[153.1021,-30.9385,0.0],[153.1019,-30.9385,0.0],[153.1022,-30.9388,0.0],[153.1023,-30.9387,0.0]]],
[[[153.1009,-30.9391,0.0],[153.1016,-30.9394,0.0],[153.1008,-30.9379,0.0],[153.1004,-30.9388,0.0],[153.1009,-30.9391,0.0]]],
[[[153.0889,-30.9158,0.0],[153.0881,-30.9149,1.0974],[153.0875,-30.9148,1.0974],[153.0881,-30.916,1.0974],[153.0889,-30.9158,0.0]]],
[[[153.0901,-30.9115,0.0],[153.0913,-30.9116,0.0],[153.0914,-30.9108,0.0],[153.0902,-30.9102,7.7958],[153.0901,-30.9115,0.0]]],
[[[153.0885,-30.9109,25.786],[153.0889,-30.9111,7.7958],[153.0878,-30.9103,25.786],[153.088,-30.9106,25.786],[153.0885,-30.9109,25.786]]],
[[[153.0889,-30.9116,0.0],[153.0887,-30.9116,31.0408],[153.0886,-30.9115,31.0408],[153.0887,-30.9118,31.0408],[153.0889,-30.9116,0.0]]],
[[[153.0845,-30.898,2.9115],[153.0845,-30.8978,6.2214],[153.0843,-30.8979,6.2214],[153.0845,-30.8981,2.9115],[153.0845,-30.898,2.9115]]],
[[[153.0435,-30.8821,1.1742],[153.0437,-30.8819,0.0],[153.0437,-30.8818,0.0],[153.0434,-30.8819,1.1742],[153.0435,-30.8821,1.1742]]],
[[[153.077,-30.8786,0.5117],[153.0767,-30.8783,0.5117],[153.0764,-30.8782,25.3398],[153.077,-30.8791,0.5117],[153.077,-30.8786,0.5117]]],
[[[153.0194,-30.6493,0.0],[153.0198,-30.6495,0.0],[153.0199,-30.6492,0.0],[153.0195,-30.649,0.0],[153.0194,-30.6493,0.0]]],
[[[153.0769,-30.4313,0.0],[153.0756,-30.4293,0.0],[153.0765,-30.4314,0.0],[153.0764,-30.4324,0.0],[153.0781,-30.4325,0.0],[153.0769,-30.4313,0.0]]],
[[[153.1442,-30.2962,0.5746],[153.1444,-30.2951,0.5746],[153.1434,-30.2949,0.5746],[153.1433,-30.2957,0.5746],[153.1442,-30.2962,0.5746]]],
[[[153.1457,-30.3019,0.7188],[153.1455,-30.302,0.7188],[153.1455,-30.3021,0.7188],[153.146,-30.3021,0.7188],[153.1457,-30.3019,0.7188]]],
[[[153.1451,-30.3017,0.7188],[153.145,-30.3019,0.7188],[153.1455,-30.3018,0.7188],[153.1454,-30.3017,0.7188],[153.1451,-30.3017,0.7188]]],
[[[153.1816,-30.2409,2.1658],[153.1809,-30.2393,0.0],[153.1792,-30.2403,0.0],[153.1802,-30.2413,0.0],[153.1816,-30.2409,2.1658]]],
[[[153.1571,-30.2339,0.0],[153.1568,-30.2344,0.0],[153.157,-30.2346,0.0],[153.1577,-30.2337,0.0],[153.1571,-30.2339,0.0]]],
[[[153.2674,-30.2039,10.0833],[153.2655,-30.2049,3.8757],[153.2675,-30.2077,11.3126],[153.2696,-30.2059,2.6945],[153.2674,-30.2039,10.0833]]],
[[[153.2283,-30.1597,25.6401],[153.2266,-30.1594,0.0],[153.225,-30.161,3.638],[153.228,-30.162,12.8104],[153.2283,-30.1597,25.6401]]],
[[[153.2083,-30.1307,0.0],[153.2089,-30.1301,0.0],[153.2066,-30.1304,0.0],[153.207,-30.1309,0.0],[153.2083,-30.1307,0.0]]],
[[[153.2068,-30.1299,0.0],[153.2067,-30.1294,0.0],[153.206,-30.1297,0.0],[153.2064,-30.1301,0.0],[153.2068,-30.1299,0.0]]],
[[[153.2082,-30.0958,0.0],[153.208,-30.0958,0.0],[153.2082,-30.0961,0.0],[153.2084,-30.0959,0.0],[153.2082,-30.0958,0.0]]],
[[[153.2083,-30.0683,0.0],[153.2084,-30.0681,0.0],[153.2081,-30.0679,0.0],[153.2081,-30.0682,6.009],[153.2083,-30.0683,0.0]]],
[[[153.2076,-30.0956,0.0],[153.2077,-30.0952,0.0],[153.2074,-30.0952,0.0],[153.2073,-30.0956,0.0],[153.2076,-30.0956,0.0]]],
[[[153.2606,-29.9754,1.0037],[153.2606,-29.9744,0.0],[153.2598,-29.9743,0.0],[153.2596,-29.9752,0.0],[153.2606,-29.9754,1.0037]]],
[[[153.2592,-29.9743,0.0],[153.2597,-29.9734,0.0],[153.2585,-29.9726,0.0],[153.2581,-29.9735,0.0],[153.2592,-29.9743,0.0]]],
[[[153.3927,-29.9318,8.5077],[153.3948,-29.9328,0.0],[153.3928,-29.9274,0.0],[153.3923,-29.9289,3.2057],[153.3927,-29.9318,8.5077]]],
[[[153.3911,-29.9232,3.4856],[153.3888,-29.9231,10.1396],[153.3882,-29.9248,10.4767],[153.3922,-29.9281,3.2057],[153.3924,-29.9241,0.0],[153.3911,-29.9232,3.4856]]],
[[[153.2775,-29.9197,0.0],[153.2784,-29.9185,0.0],[153.2757,-29.9202,0.0],[153.2773,-29.9207,0.0],[153.2775,-29.9197,0.0]]],
[[[153.3033,-29.7727,0.0],[153.3032,-29.7735,0.0],[153.3039,-29.7739,0.0],[153.304,-29.7729,0.0],[153.3033,-29.7727,0.0]]],
[[[153.3009,-29.7705,0.0],[153.3004,-29.7708,0.0],[153.3014,-29.7709,0.0],[153.3013,-29.7706,0.0],[153.3009,-29.7705,0.0]]],
[[[153.3744,-29.362,0.0],[153.375,-29.3614,0.0],[153.3746,-29.3608,0.0],[153.3742,-29.3614,0.0],[153.3744,-29.362,0.0]]],
[[[153.3655,-29.3598,0.0],[153.3656,-29.3603,0.0],[153.3665,-29.3599,0.0],[153.3661,-29.3596,0.0],[153.3655,-29.3598,0.0]]],
[[[153.3615,-29.3564,0.0],[153.3619,-29.3562,0.0],[153.362,-29.3559,0.0],[153.3615,-29.3558,0.0],[153.3615,-29.3564,0.0]]],
[[[153.3607,-29.3546,0.0],[153.3606,-29.3551,0.0],[153.3611,-29.3551,0.0],[153.3612,-29.3547,0.0],[153.3607,-29.3546,0.0]]],
[[[153.3694,-29.361,0.0],[153.369,-29.3609,0.0],[153.3687,-29.3612,0.0],[153.3692,-29.3616,0.0],[153.3694,-29.361,0.0]]],
[[[153.6191,-28.7227,6.547],[153.6188,-28.7228,6.547],[153.6188,-28.7229,6.547],[153.6192,-28.7229,6.547],[153.6191,-28.7227,6.547]]],
[[[153.6185,-28.7114,0.0],[153.6184,-28.7113,0.0],[153.6183,-28.7114,0.0],[153.6185,-28.7114,0.0]]],
[[[153.6193,-28.7079,9.9404],[153.6195,-28.7078,9.9404],[153.6195,-28.7077,9.9404],[153.6195,-28.7076,9.9404],[153.6193,-28.7079,9.9404]]],
[[[153.6221,-28.7064,0.0],[153.6223,-28.7062,0.0],[153.6222,-28.7059,0.0],[153.6217,-28.706,0.0],[153.6221,-28.7064,0.0]]],
[[[153.6227,-28.7057,0.0],[153.6226,-28.7056,0.0],[153.6226,-28.7058,0.0],[153.6227,-28.7057,0.0]]],
[[[153.6205,-28.7051,0.0],[153.6203,-28.7055,0.0],[153.6205,-28.7058,0.0],[153.6209,-28.7054,0.0],[153.6205,-28.7051,0.0]]],
[[[153.54461702873161,-28.237294744218641,4.6917],[153.54461459459461,-28.237274054054055,4.6917],[153.5446,-28.2373,4.6917],[153.54461702873161,-28.237294744218641,4.6917]]],
[[[153.54461702873161,-28.237294744218641,4.6917],[153.5447,-28.238,0.0],[153.5527,-28.2348,2.0836],[153.54461702873161,-28.237294744218641,4.6917]]],
[[[153.5437,-28.1831,3.1631],[153.5437,-28.1823,3.0506],[153.5426,-28.182,0.7861],[153.5428,-28.183,6.4187],[153.5437,-28.1831,3.1631]]],
[[[153.208,-30.0962,0.0],[153.208,-30.0964,0.0],[153.2082,-30.0964,0.0],[153.2082,-30.0962,0.0],[153.208,-30.0962,0.0]]],
[[[153.2059,-30.0964,0.0],[153.2061,-30.0964,0.0],[153.2065,-30.0956,0.0],[153.2056,-30.0957,0.0],[153.2059,-30.0964,0.0]]],
[[[150.0519,-37.2631,0.0],[150.0518,-37.2635,0.0],[150.0521,-37.2637,0.0],[150.0522,-37.2636,0.0],[150.0519,-37.2631,0.0]]],
[[[150.051,-37.2634,0.0],[150.0512,-37.2636,0.0],[150.0514,-37.2631,0.0],[150.0511,-37.2631,0.0],[150.051,-37.2634,0.0]]],
[[[150.0525,-37.2624,0.0],[150.0523,-37.2621,0.0],[150.0522,-37.2624,0.0],[150.0525,-37.2624,0.0]]],
[[[150.0215,-37.1888,0.0],[150.0215,-37.1885,0.0],[150.0214,-37.1883,0.0],[150.0213,-37.1888,0.0],[150.0215,-37.1888,0.0]]],
[[[150.0202,-37.184,0.0],[150.0205,-37.1839,0.0],[150.0206,-37.1837,0.0],[150.0202,-37.1838,0.0],[150.0202,-37.184,0.0]]],
[[[150.0107,-37.1739,0.0],[150.0108,-37.1736,0.0],[150.0103,-37.1738,30.375],[150.0103,-37.1739,30.375],[150.0107,-37.1739,0.0]]],
[[[150.0052,-37.1628,0.0],[150.0053,-37.1628,0.0],[150.0054,-37.1627,0.0],[150.0053,-37.1626,0.0],[150.0052,-37.1628,0.0]]],
[[[150.0052,-37.1625,0.0],[150.0053,-37.1626,0.0],[150.0054,-37.1625,0.0],[150.0053,-37.1625,0.0],[150.0052,-37.1625,0.0]]],
[[[150.0004,-37.1412,0.0],[150.0002,-37.1409,0.0],[150.0,-37.1408,0.0],[150.0,-37.1413,0.0],[150.0004,-37.1412,0.0]]],
[[[149.96,-37.1142,0.0],[149.9601,-37.1141,0.0],[149.96,-37.1137,0.0],[149.9599,-37.1139,0.0],[149.96,-37.1142,0.0]]],
[[[149.9571,-37.1094,0.0],[149.957,-37.1095,2.543],[149.9571,-37.1096,0.0],[149.9571,-37.1095,0.0],[149.9571,-37.1094,0.0]]],
[[[149.9564,-37.1092,2.543],[149.9564,-37.1093,2.543],[149.9566,-37.1095,2.543],[149.9566,-37.1093,2.543],[149.9564,-37.1092,2.543]]],
[[[149.9136,-37.0698,0.0],[149.9136,-37.0697,0.0],[149.9132,-37.0695,0.0],[149.9134,-37.0699,0.0],[149.9136,-37.0698,0.0]]],
[[[149.9138,-37.0693,0.0],[149.9139,-37.0692,0.0],[149.9137,-37.0691,0.0],[149.9137,-37.0693,0.0],[149.9138,-37.0693,0.0]]],
[[[149.9465,-37.0563,0.0],[149.9461,-37.0561,0.0],[149.946,-37.0562,0.0],[149.9461,-37.0565,0.0],[149.9465,-37.0563,0.0]]],
[[[149.9447,-37.0558,0.0],[149.9448,-37.0555,0.0],[149.9447,-37.0555,0.0],[149.9446,-37.0556,3.8041],[149.9447,-37.0558,0.0]]],
[[[149.9452,-37.0527,0.0],[149.9452,-37.0525,0.0],[149.945,-37.053,0.0],[149.9452,-37.0527,0.0]]],
[[[149.9484,-37.018,4.8637],[149.9489,-37.0182,0.0],[149.9481,-37.0172,6.4669],[149.9481,-37.0178,6.4669],[149.9484,-37.018,4.8637]]],
[[[149.9471,-36.9495,0.0],[149.9467,-36.9494,0.4938],[149.9462,-36.9488,0.4938],[149.9467,-36.9496,0.0],[149.9471,-36.9495,0.0]]],
[[[149.93488461538465,-36.884715384615355,0.0],[149.9348,-36.884840740740763,0.0],[149.9348,-36.885,0.0],[149.9349,-36.885,0.0],[149.9349,-36.8847,0.0],[149.93488461538465,-36.884715384615355,0.0]]],
[[[149.9348,-36.884840740740763,0.0],[149.9348,-36.8848,0.0],[149.93488461538465,-36.884715384615355,0.0],[149.9353,-36.8841,0.0],[149.9313,-36.884,2.4648],[149.9302,-36.8823,1.1198],[149.9302,-36.874,13.0826],[149.9335,-36.8653,0.0],[149.9389,-36.8577,14.0944],[149.9439,-36.855,0.0],[149.948,-36.8566,0.0],[149.95,-36.8554,0.0],[149.9454,-36.8546,9.2953],[149.9452,-36.8516,1.9091],[149.9399,-36.8505,51.6541],[149.9388,-36.8478,6.7692],[149.9398,-36.8463,6.7692],[149.9364,-36.8469,24.8295],[149.9344,-36.8446,0.0],[149.9342,-36.8369,10.095],[149.9368,-36.8267,0.0],[149.9394,-36.8226,11.0605],[149.943,-36.8221,0.0],[149.9399,-36.8216,11.0605],[149.9387,-36.8197,2.4089],[149.9411,-36.8103,0.0],[149.947,-36.8001,0.0],[149.9537,-36.7923,1.229],[149.9586,-36.7897,0.0],[149.9623,-36.7915,0.0],[149.9635,-36.7895,0.0],[149.9625,-36.7876,15.4708],[149.9672,-36.7874,4.6204],[149.968,-36.7839,11.7695],[149.9711,-36.7815,5.2017],[149.9695,-36.7792,19.1907],[149.9713,-36.7795,19.1907],[149.9732,-36.7765,16.6791],[149.9708,-36.7751,14.5718],[149.9741,-36.7749,2.0553],[149.9728,-36.7725,23.0981],[149.9749,-36.7723,13.6289],[149.9764,-36.7688,3.4191],[149.9772,-36.7696,0.0],[149.9802,-36.7581,7.6382],[149.9839,-36.7538,0.0],[149.981,-36.7522,24.1366],[149.9832,-36.75,14.532],[149.9808,-36.748,25.002],[149.9855,-36.7467,0.0],[149.9814,-36.7445,32.2703],[149.9851,-36.7436,0.0],[149.9828,-36.7416,31.7041],[149.9823,-36.7399,31.8785],[149.9845,-36.7399,0.0],[149.982,-36.737,11.5313],[149.9835,-36.7371,11.5313],[149.9849,-36.7387,0.0],[149.9863,-36.7365,0.0],[149.985,-36.7358,15.5398],[149.9876,-36.735,1.2058],[149.987,-36.7329,18.6288],[149.9908,-36.7307,6.4827],[149.9892,-36.7292,25.4157],[149.9919,-36.7256,9.3003],[149.991,-36.7245,0.0],[149.9837,-36.7272,4.7949],[149.9793,-36.7222,2.8239],[149.9786,-36.7142,0.0],[149.9828,-36.7023,0.0],[149.9848,-36.6997,0.0],[149.9879,-36.6999,0.0],[149.9889,-36.6974,18.0038],[149.9912,-36.6976,11.6794],[149.9902,-36.694,8.4],[149.9929,-36.6948,0.0],[149.9933,-36.6932,0.7154],[149.9971,-36.6922,0.0],[149.996,-36.6907,0.0],[149.9934,-36.691,0.0],[149.9925,-36.6878,0.0],[149.9936,-36.6857,0.0],[149.9993,-36.6856,0.0],[149.9989,-36.6818,0.0],[149.9957,-36.681,3.6514],[149.9946,-36.6784,0.0],[149.9999,-36.665,0.0],[150.0118,-36.6463,0.0],[150.0156,-36.6443,13.3269],[150.0147,-36.6409,3.9418],[150.0168,-36.6358,3.5296],[150.0221,-36.626,21.9999],[150.0272,-36.6217,0.0],[150.0276,-36.6193,13.3691],[150.0294,-36.619,0.0],[150.0314,-36.6106,0.0],[150.0352,-36.6057,25.0531],[150.0373,-36.6057,0.0],[150.0368,-36.6033,53.2825],[150.0397,-36.6031,0.0],[150.038,-36.6016,0.8306],[150.041,-36.5985,5.5854],[150.0405,-36.597,16.2471],[150.0424,-36.5967,1.123],[150.0418,-36.5948,5.3824],[150.0452,-36.5928,15.8221],[150.0435,-36.591,1.9338],[150.0441,-36.5891,2.572],[150.0515,-36.5833,14.8054],[150.0553,-36.5851,0.0],[150.0535,-36.5824,28.0363],[150.0568,-36.5829,0.0],[150.0555,-36.5818,5.7189],[150.058,-36.5793,0.0],[150.0553,-36.5753,34.4059],[150.0558,-36.5707,0.4539],[150.0574,-36.5701,0.4539],[150.0627,-36.5559,1.4603],[150.0683,-36.5542,0.0],[150.0658,-36.5475,1.125],[150.0626,-36.5446,0.0],[150.0573,-36.544,1.19],[150.0555,-36.5402,1.2002],[150.0563,-36.5292,0.0],[150.0576,-36.5264,0.0],[150.0605,-36.5254,1.168],[150.0594,-36.518,45.8781],[150.0608,-36.5163,7.6562],[150.059,-36.51,3.9062],[150.0612,-36.5092,17.3639],[150.0622,-36.5066,0.0],[150.0607,-36.5057,29.1524],[150.0611,-36.5036,13.0098],[150.058,-36.5015,0.6902],[150.0607,-36.4971,0.8498],[150.0564,-36.4971,8.5659],[150.055,-36.4953,0.0],[150.0548,-36.4881,0.0],[150.057,-36.4873,0.0],[150.0558,-36.4856,0.0],[150.0568,-36.4806,0.0],[150.0624,-36.4693,0.0],[150.0698,-36.4607,19.8624],[150.0737,-36.4591,0.0],[150.074,-36.457,1.6465],[150.0712,-36.4534,43.1104],[150.0738,-36.4518,0.0],[150.0718,-36.4509,47.5658],[150.0714,-36.4481,46.4395],[150.0733,-36.4464,0.0],[150.0724,-36.4442,6.9927],[150.0758,-36.4418,4.8977],[150.0744,-36.4397,2.3319],[150.0754,-36.4373,2.2724],[150.0784,-36.4329,7.6601],[150.0809,-36.4327,0.0],[150.0848,-36.4292,0.0],[150.0827,-36.4228,0.0],[150.078,-36.4252,4.2627],[150.0749,-36.4238,0.0],[150.0749,-36.4219,0.6916],[150.0727,-36.4229,2.0204],[150.0702,-36.4223,0.7619],[150.0675,-36.4192,2.7177],[150.0653,-36.4113,1.7778],[150.0667,-36.3988,0.0],[150.0726,-36.3858,0.0],[150.0833,-36.3729,0.0],[150.0794,-36.3692,0.0],[150.0898,-36.354,0.0],[150.1114,-36.331,8.844],[150.1169,-36.3291,0.0],[150.1158,-36.3277,0.0],[150.1198,-36.3235,0.0],[150.1242,-36.3205,1.6975],[150.1268,-36.3211,0.9415],[150.1274,-36.3186,5.94],[150.1312,-36.3165,0.8307],[150.1337,-36.312,7.8424],[150.1357,-36.3116,0.1473],[150.135,-36.3082,1.3138],[150.1376,-36.3046,1.6662],[150.1398,-36.3044,0.0],[150.1342,-36.3026,0.0],[150.1342,-36.2988,0.0],[150.1354,-36.2987,0.0],[150.1316,-36.294,11.8267],[150.1336,-36.2922,0.8461],[150.1308,-36.2889,0.0],[150.1394,-36.2745,3.572],[150.1459,-36.2678,5.9371],[150.1486,-36.267,0.0],[150.1477,-36.2628,3.4846],[150.1448,-36.2598,1.5958],[150.1461,-36.2542,5.8454],[150.1435,-36.2496,0.0],[150.145,-36.2408,0.0],[150.1471,-36.2376,1.9029],[150.1416,-36.227,10.2994],[150.1408,-36.2206,14.5204],[150.1425,-36.2178,0.0],[150.1377,-36.2154,11.8437],[150.1338,-36.211,0.0],[150.1351,-36.21,0.0],[150.1328,-36.2093,0.0],[150.1316,-36.2034,3.2209],[150.1331,-36.2014,0.0],[150.1309,-36.1997,3.4772],[150.1326,-36.1934,0.0],[150.1342,-36.1922,0.0],[150.1321,-36.1892,0.0],[150.1333,-36.1854,0.1402],[150.132,-36.1807,0.0],[150.1339,-36.179,0.6346],[150.1326,-36.1751,0.0],[150.1358,-36.1725,3.339],[150.1354,-36.1707,1.3054],[150.1315,-36.1694,19.1123],[150.1335,-36.1661,0.0],[150.131,-36.1661,6.2402],[150.1303,-36.1629,0.0945],[150.1267,-36.1622,1.6046],[150.1254,-36.1601,1.441],[150.1243,-36.1418,0.0],[150.1288,-36.119,2.8163],[150.1346,-36.1062,0.8741],[150.1383,-36.1035,0.0],[150.1365,-36.1013,3.9127],[150.1376,-36.0969,9.4823],[150.1415,-36.0944,6.9036],[150.1389,-36.0926,0.0],[150.1363,-36.0934,3.0904],[150.134,-36.0903,0.0],[150.1339,-36.0876,13.185],[150.136,-36.0866,1.6726],[150.1337,-36.0848,8.7674],[150.1355,-36.0834,0.5927],[150.1326,-36.0824,0.0],[150.1345,-36.0659,0.0],[150.1373,-36.0657,0.7064],[150.1387,-36.0634,1.7095],[150.1417,-36.0637,1.6614],[150.142,-36.0583,9.3687],[150.1445,-36.057,0.0],[150.1414,-36.0536,14.937],[150.1414,-36.0493,0.0],[150.1492,-36.0288,4.8049],[150.1603,-36.0138,3.7372],[150.1646,-36.013,0.6231],[150.159,-36.012,3.5709],[150.1574,-36.008,4.2649],[150.1598,-35.9968,0.0],[150.1643,-35.9936,3.6337],[150.1606,-35.9935,6.26],[150.1602,-35.9918,1.5327],[150.1541,-35.9919,6.5936],[150.1527,-35.9886,0.0],[150.1535,-35.9849,1.8005],[150.1511,-35.9789,0.0],[150.1539,-35.9652,1.8561],[150.1604,-35.9538,0.0],[150.1565,-35.9509,3.0156],[150.1551,-35.9458,0.0],[150.1565,-35.9393,12.6528],[150.1612,-35.9332,0.0],[150.1577,-35.927,4.3246],[150.1568,-35.918,0.0],[150.1585,-35.9119,15.7595],[150.1618,-35.9086,0.0],[150.1608,-35.9074,0.0],[150.1577,-35.9087,3.444],[150.1521,-35.9078,0.5697],[150.1517,-35.9051,0.0],[150.1565,-35.9049,0.0],[150.1509,-35.9049,0.0],[150.1503,-35.8911,5.2018],[150.1575,-35.875,1.5029],[150.1692,-35.8625,0.0],[150.1756,-35.859,3.7125],[150.18,-35.8613,0.0],[150.1821,-35.8576,0.0],[150.189,-35.861,4.9934],[150.1914,-35.8605,3.2236],[150.1922,-35.8571,0.2833],[150.1906,-35.8547,6.1931],[150.1865,-35.855,2.8791],[150.1856,-35.8572,19.2666],[150.1827,-35.857,0.0],[150.1792,-35.8544,1.5396],[150.1777,-35.8502,0.0],[150.1786,-35.8431,0.0],[150.1826,-35.8427,11.4357],[150.1835,-35.84,3.0419],[150.1864,-35.8383,0.0],[150.1899,-35.8385,0.0],[150.1891,-35.8369,0.2136],[150.1853,-35.8377,1.0902],[150.1867,-35.8331,0.0],[150.1905,-35.8322,1.0588],[150.192,-35.8335,0.0],[150.1922,-35.8328,0.0],[150.191,-35.832,1.0588],[150.1915,-35.8313,1.0588],[150.1945,-35.8314,0.0],[150.195,-35.8296,0.0],[150.1991,-35.8286,1.8996],[150.2084,-35.8315,13.6898],[150.2102,-35.8358,2.1182],[150.2112,-35.8317,16.42],[150.2149,-35.831,31.4655],[150.2166,-35.8331,0.0],[150.2175,-35.8307,17.5012],[150.2193,-35.8324,3.6496],[150.2204,-35.831,16.5371],[150.2259,-35.833,0.0],[150.2268,-35.832,24.3467],[150.2275,-35.8342,0.3593],[150.2335,-35.8369,0.0],[150.234,-35.835,17.8874],[150.2353,-35.8355,0.5564],[150.2344,-35.8325,3.7328],[150.2326,-35.8319,37.2934],[150.2329,-35.8302,0.0],[150.2313,-35.831,2.9991],[150.2302,-35.8292,0.0],[150.2249,-35.8278,0.0],[150.2252,-35.8248,6.9023],[150.2271,-35.8257,0.6213],[150.2273,-35.8242,5.2024],[150.2261,-35.8243,18.8228],[150.2271,-35.8221,5.3338],[150.2249,-35.8207,11.2927],[150.227,-35.8204,2.5067],[150.2272,-35.8184,6.4246],[150.2308,-35.8184,0.1549],[150.2261,-35.8141,2.9804],[150.2262,-35.8113,8.7192],[150.2284,-35.8104,2.7295],[150.2242,-35.8087,30.8153],[150.2287,-35.8066,0.0],[150.2265,-35.8049,16.6918],[150.2275,-35.8033,1.2767],[150.231,-35.8041,3.1621],[150.232,-35.803,3.1621],[150.2353,-35.8049,0.0],[150.2371,-35.8021,6.1788],[150.2355,-35.801,0.0],[150.2332,-35.8028,3.3125],[150.2301,-35.8011,11.498],[150.2334,-35.7973,0.0],[150.2313,-35.7965,3.3123],[150.2313,-35.7922,0.3935],[150.235,-35.7909,10.7288],[150.2374,-35.7919,0.3505],[150.2348,-35.7881,30.0672],[150.2367,-35.7863,14.2136],[150.233,-35.785,3.6874],[150.2358,-35.782,5.8494],[150.2326,-35.7813,9.2563],[150.2361,-35.7783,20.4896],[150.2344,-35.7752,8.9594],[150.2307,-35.7742,1.0419],[150.2349,-35.7718,0.0],[150.226,-35.7714,33.0219],[150.2263,-35.7697,12.4714],[150.2216,-35.7676,3.2326],[150.2211,-35.7623,0.0],[150.2197,-35.7635,40.0918],[150.2159,-35.7614,2.7588],[150.2144,-35.7623,2.7588],[150.212,-35.7601,10.8733],[150.2121,-35.7525,22.5974],[150.2171,-35.7513,0.0643],[150.2137,-35.7487,13.8032],[150.2168,-35.7457,0.0],[150.2164,-35.7433,0.0],[150.215,-35.7415,3.2722],[150.2133,-35.7426,6.2675],[150.212,-35.7413,7.1423],[150.2145,-35.738,0.0],[150.2106,-35.7383,3.0047],[150.2081,-35.7366,1.031],[150.208,-35.7295,0.0],[150.2044,-35.7319,13.2605],[150.1998,-35.7302,2.3056],[150.1977,-35.7246,1.7707],[150.1992,-35.7192,0.0],[150.1798,-35.7087,0.8366],[150.1773,-35.7031,0.0],[150.1799,-35.7019,2.8139],[150.1823,-35.7047,0.0],[150.1912,-35.7046,0.0],[150.1922,-35.7058,0.8433],[150.1989,-35.7014,0.0],[150.2103,-35.7024,9.9552],[150.2089,-35.7108,11.675],[150.2122,-35.7118,0.0],[150.2128,-35.7088,1.6213],[150.22,-35.7053,4.1546],[150.2288,-35.7026,7.1478],[150.2341,-35.703,0.0],[150.2374,-35.7045,24.1268],[150.2378,-35.7066,0.0],[150.2416,-35.7096,0.0],[150.2504,-35.7114,0.0],[150.251,-35.7193,1.6181],[150.2534,-35.7189,0.0],[150.2548,-35.7159,23.9188],[150.258,-35.7164,7.7494],[150.2578,-35.7187,0.0],[150.2604,-35.717,4.5987],[150.2625,-35.7179,7.9805],[150.2616,-35.72,2.6375],[150.2657,-35.7265,0.0],[150.2654,-35.7227,17.2662],[150.2704,-35.7191,6.5238],[150.2731,-35.7193,2.0446],[150.2767,-35.7235,0.0],[150.279,-35.7168,0.0],[150.277,-35.7153,6.3872],[150.2768,-35.7111,11.923],[150.2819,-35.7098,7.5144],[150.2806,-35.7039,5.0731],[150.2822,-35.7025,26.6676],[150.2858,-35.7029,6.8959],[150.2855,-35.7009,11.6969],[150.2911,-35.6937,0.0],[150.2931,-35.6932,4.2092],[150.2975,-35.6961,3.6716],[150.2984,-35.6944,16.8329],[150.297,-35.6884,4.9959],[150.2984,-35.6882,4.9959],[150.297,-35.686,8.2483],[150.2986,-35.6841,0.0],[150.3006,-35.6832,0.0],[150.3065,-35.6862,0.0],[150.2997,-35.6789,0.0],[150.3051,-35.6799,0.0],[150.3047,-35.6773,12.5598],[150.3014,-35.6742,0.0],[150.3028,-35.6722,8.9418],[150.3071,-35.6731,0.0],[150.3044,-35.6706,17.8423],[150.3076,-35.6688,2.4352],[150.3057,-35.6667,4.4724],[150.3029,-35.6679,0.4991],[150.2974,-35.6631,1.3212],[150.2966,-35.6598,0.0],[150.2979,-35.6587,5.2021],[150.2961,-35.6544,4.9327],[150.2993,-35.6474,0.0],[150.3034,-35.6423,0.0],[150.3075,-35.6409,0.0],[150.3075,-35.6386,0.0],[150.3129,-35.6358,6.2735],[150.3195,-35.6352,4.0573],[150.3223,-35.64,0.0],[150.3261,-35.6372,0.0],[150.3299,-35.6296,0.0],[150.3275,-35.6292,0.0],[150.328,-35.6263,0.0],[150.3246,-35.6276,0.5851],[150.3232,-35.6262,11.8183],[150.3254,-35.6178,0.0],[150.3228,-35.6165,55.2534],[150.3226,-35.6135,24.7432],[150.3304,-35.6081,0.0],[150.3342,-35.611,0.0],[150.3361,-35.609,0.0],[150.3341,-35.6036,18.5233],[150.3383,-35.6054,0.86],[150.34,-35.6035,3.8922],[150.3457,-35.6042,0.0],[150.3418,-35.6012,34.8349],[150.343,-35.5996,5.1924],[150.34,-35.5973,14.5021],[150.3427,-35.5975,7.2424],[150.3433,-35.5951,26.2057],[150.3465,-35.5937,0.0],[150.3483,-35.5907,0.0],[150.3464,-35.5879,38.9981],[150.3492,-35.5883,0.0],[150.3526,-35.5858,0.0],[150.3529,-35.583,0.0],[150.3574,-35.578,0.0],[150.3623,-35.5761,0.0],[150.3649,-35.5706,0.0],[150.3768,-35.5718,0.0],[150.3766,-35.57,41.6665],[150.3791,-35.5684,0.0],[150.3756,-35.5665,12.8477],[150.3758,-35.5636,2.7566],[150.3791,-35.5634,0.0],[150.3797,-35.5616,1.2904],[150.3841,-35.5638,0.9139],[150.3869,-35.5627,18.5994],[150.3875,-35.5591,0.0],[150.3859,-35.5576,0.0],[150.3827,-35.5579,0.0],[150.3816,-35.556,0.0],[150.385,-35.5461,14.1188],[150.3881,-35.5429,8.4946],[150.3925,-35.5445,1.0318],[150.3905,-35.5399,0.0],[150.3962,-35.5331,0.0],[150.3999,-35.5334,0.0],[150.4026,-35.5317,0.0],[150.4039,-35.5321,0.5672],[150.4034,-35.5345,0.0],[150.4063,-35.5339,0.0],[150.405,-35.5317,0.5672],[150.4076,-35.5295,0.5888],[150.4017,-35.5219,0.0],[150.4009,-35.5191,3.436],[150.4021,-35.5183,0.0],[150.3986,-35.5159,1.0736],[150.3993,-35.5141,6.0259],[150.4016,-35.514,0.0],[150.401,-35.5118,4.3849],[150.3981,-35.511,0.0],[150.3979,-35.5089,0.0],[150.4016,-35.5079,0.0],[150.4017,-35.5064,0.0],[150.3971,-35.505,2.961],[150.3937,-35.5057,1.6161],[150.3909,-35.4984,5.1415],[150.3913,-35.4952,0.0],[150.3957,-35.4929,0.0],[150.3908,-35.4918,16.1453],[150.3894,-35.4886,0.0],[150.3913,-35.4829,8.2231],[150.3957,-35.48,0.0],[150.3947,-35.4758,7.3866],[150.3908,-35.4735,5.2894],[150.3929,-35.4646,3.8962],[150.3944,-35.4623,0.7178],[150.3967,-35.462,0.0],[150.3958,-35.4601,0.0],[150.3998,-35.4567,0.0],[150.4037,-35.4581,0.0],[150.4032,-35.4559,0.0],[150.4012,-35.4556,1.484],[150.4009,-35.4528,8.8581],[150.4061,-35.4459,0.8616],[150.4092,-35.4445,0.7971],[150.4157,-35.4454,0.0],[150.4146,-35.4431,0.0],[150.4129,-35.4439,0.0],[150.4106,-35.4415,0.0],[150.4108,-35.4365,0.0],[150.4231,-35.421,0.0],[150.4375,-35.4099,0.9769],[150.445,-35.4109,1.6199],[150.4456,-35.4074,5.9988],[150.449,-35.4068,0.0],[150.4468,-35.4018,0.0],[150.4503,-35.4003,0.0],[150.4473,-35.3949,2.3087],[150.4521,-35.39,1.2476],[150.4589,-35.3856,0.0],[150.4664,-35.3764,0.0],[150.472,-35.3753,0.612],[150.4785,-35.3678,16.9966],[150.4859,-35.3657,12.0652],[150.4897,-35.3678,3.7167],[150.4924,-35.3667,0.0704],[150.4906,-35.3614,0.0952],[150.4861,-35.3595,0.0],[150.4841,-35.3607,12.3168],[150.4834,-35.3591,0.0],[150.4794,-35.36,25.9346],[150.4781,-35.3582,2.3546],[150.4789,-35.3559,0.0],[150.4769,-35.358,9.1681],[150.4749,-35.3566,12.2905],[150.4758,-35.3546,0.0],[150.478,-35.3553,0.0],[150.4783,-35.353,0.0],[150.4831,-35.3544,8.6537],[150.485,-35.3533,0.0],[150.4847,-35.3506,0.0],[150.4756,-35.3464,3.7378],[150.4784,-35.3411,0.0],[150.4744,-35.3392,4.9425],[150.4759,-35.3303,0.0],[150.4809,-35.3248,0.8713],[150.4835,-35.3249,0.0],[150.485,-35.3268,0.0],[150.4873,-35.325,2.8896],[150.4854,-35.3214,13.7792],[150.4831,-35.3223,25.2575],[150.4752,-35.3195,30.4479],[150.4719,-35.3165,12.9743],[150.4728,-35.3078,7.1864],[150.4766,-35.3042,0.0],[150.4736,-35.3022,0.0],[150.4782,-35.2916,0.0],[150.4892,-35.2807,7.7466],[150.5072,-35.2685,0.0],[150.5131,-35.2699,0.0],[150.5145,-35.2639,8.096],[150.5182,-35.2604,3.6188],[150.5226,-35.2589,5.6951],[150.5271,-35.2599,0.0],[150.5268,-35.2558,15.4548],[150.5307,-35.2527,5.146],[150.5359,-35.2499,0.0],[150.5389,-35.2497,0.0],[150.5392,-35.2513,0.0],[150.5452,-35.2485,8.1249],[150.5419,-35.2465,14.8888],[150.542,-35.2429,0.0],[150.5381,-35.245,12.0682],[150.5331,-35.2438,13.8239],[150.5311,-35.2412,7.4523],[150.5316,-35.2358,0.0],[150.5302,-35.2351,10.7],[150.5319,-35.2339,0.0],[150.5307,-35.2317,7.5263],[150.5355,-35.2234,0.0],[150.5406,-35.22,0.2747],[150.5392,-35.2179,3.5272],[150.5405,-35.2157,1.5465],[150.5464,-35.2112,1.7499],[150.5536,-35.2087,4.5286],[150.5638,-35.1984,0.0],[150.5728,-35.193,0.0],[150.587,-35.1884,0.0],[150.5936,-35.1918,0.0],[150.5972,-35.1903,0.0],[150.5935,-35.1881,0.0],[150.5912,-35.1725,0.0],[150.6013,-35.1701,11.207],[150.601,-35.1645,2.8927],[150.6051,-35.1562,1.6897],[150.6026,-35.1532,0.4748],[150.5963,-35.1522,0.0],[150.5929,-35.1439,0.5333],[150.5995,-35.1464,2.9048],[150.6039,-35.1461,0.2254],[150.6075,-35.1438,0.6529],[150.6123,-35.1472,2.084],[150.6141,-35.1473,0.7467],[150.6156,-35.1451,0.0],[150.6147,-35.1486,3.2531],[150.6212,-35.1479,0.0],[150.6153,-35.1428,0.0],[150.6241,-35.1491,1.4153],[150.6329,-35.1494,6.1838],[150.6386,-35.1457,4.4726],[150.6513,-35.1322,12.4397],[150.6576,-35.129,0.0],[150.6606,-35.1245,2.2859],[150.6611,-35.1178,23.5232],[150.7015,-35.1229,0.0],[150.6978,-35.1185,0.0],[150.695,-35.111,0.0],[150.6934,-35.1004,16.1297],[150.6944,-35.0922,0.0],[150.6926,-35.0887,9.9673],[150.6935,-35.0853,30.0365],[150.6916,-35.0832,30.5332],[150.6936,-35.0764,18.7224],[150.698,-35.0711,0.0],[150.6971,-35.0702,0.0349],[150.6889,-35.0722,9.4052],[150.6831,-35.0696,15.2745],[150.677,-35.0691,10.1905],[150.6749,-35.065,8.2392],[150.6743,-35.0615,4.2926],[150.6763,-35.054,6.595],[150.6795,-35.0493,0.0],[150.6762,-35.0478,4.9131],[150.6776,-35.0427,0.0],[150.6738,-35.0405,6.3808],[150.6734,-35.0377,0.0],[150.6711,-35.0372,0.0],[150.6794,-35.0239,0.0],[150.6882,-35.0165,0.0],[150.6996,-35.0104,2.6092],[150.7091,-35.0074,5.0617],[150.7152,-35.0085,0.0],[150.7174,-35.0072,4.7958],[150.7175,-35.0087,0.0],[150.7141,-35.0089,0.0],[150.7171,-35.0106,0.0],[150.7207,-35.0081,0.0],[150.7284,-35.0075,0.0],[150.729,-35.0067,0.0],[150.7264,-35.0056,0.0],[150.7246,-34.9992,0.0],[150.7288,-34.9954,0.0],[150.7397,-34.9921,2.8386],[150.7492,-34.9923,4.8049],[150.751,-34.9908,9.2492],[150.7603,-34.9922,3.9268],[150.7739,-35.0017,0.0],[150.7717,-35.005,0.0],[150.7763,-35.0019,0.0],[150.7783,-35.0024,0.5515],[150.7762,-35.0113,15.093],[150.7673,-35.0152,0.0],[150.7708,-35.0219,0.0],[150.7751,-35.0236,6.6563],[150.7753,-35.0267,0.0],[150.7833,-35.0293,11.8736],[150.7871,-35.0358,0.0],[150.7868,-35.0396,6.6149],[150.782,-35.0447,0.0],[150.7793,-35.0538,0.0],[150.7776,-35.055,7.2688],[150.7757,-35.0541,0.0],[150.7769,-35.0572,10.1116],[150.7736,-35.065,0.0],[150.7735,-35.0793,0.0],[150.7772,-35.0788,4.7134],[150.7762,-35.083,0.0],[150.7816,-35.0773,11.8679],[150.7812,-35.0729,20.2183],[150.7863,-35.0725,26.7772],[150.7885,-35.0746,17.5155],[150.7888,-35.0774,6.1652],[150.7936,-35.0766,6.0613],[150.7923,-35.079,0.6289],[150.7953,-35.0816,0.0],[150.7989,-35.0803,31.3219],[150.8003,-35.0838,16.7161],[150.7995,-35.0906,46.8876],[150.8024,-35.0938,16.6682],[150.8058,-35.0944,49.9402],[150.809,-35.0915,0.0],[150.81,-35.0881,25.6195],[150.8116,-35.0886,0.0],[150.8154,-35.0846,0.0],[150.8179,-35.085,0.0],[150.8256,-35.0759,10.2892],[150.8282,-35.0747,15.1304],[150.8285,-35.0762,15.1304],[150.8305,-35.0764,0.0],[150.8338,-35.0744,0.0],[150.8324,-35.073,47.5139],[150.8362,-35.068,0.0],[150.8366,-35.0649,8.4665],[150.8378,-35.0656,0.0],[150.8389,-35.064,0.0],[150.838,-35.0616,19.367],[150.8402,-35.0612,4.1],[150.841,-35.0536,31.445],[150.843,-35.0506,19.8939],[150.8403,-35.0488,4.3828],[150.8391,-35.0507,8.6297],[150.8367,-35.0495,0.0],[150.8346,-35.0432,0.0],[150.8334,-35.0437,45.3654],[150.8317,-35.0412,18.7893],[150.8353,-35.0396,0.0],[150.8353,-35.0321,15.8707],[150.8384,-35.0299,0.0],[150.8396,-35.0237,39.8636],[150.8432,-35.0216,7.5308],[150.845,-35.017,6.4376],[150.8496,-35.0148,0.0],[150.8497,-35.0129,4.262],[150.8465,-35.0118,13.8963],[150.8456,-35.0095,14.0046],[150.8466,-35.0084,0.0],[150.843,-35.0044,0.0],[150.8409,-35.0068,12.3355],[150.837,-35.0058,2.1277],[150.8352,-35.0031,4.1283],[150.8306,-35.0052,6.084],[150.8298,-35.0029,0.0],[150.8273,-35.0102,2.2057],[150.8214,-35.0147,1.3097],[150.8102,-35.0125,0.0],[150.7981,-35.0039,6.8745],[150.7847,-34.9866,0.0],[150.7794,-34.9731,10.483],[150.7791,-34.9673,3.4043],[150.7811,-34.9644,0.0],[150.7786,-34.9633,1.3795],[150.777,-34.9592,0.0],[150.7763,-34.9478,0.0],[150.7801,-34.9343,12.5678],[150.7858,-34.9304,0.684],[150.7794,-34.9299,2.7227],[150.7778,-34.9319,5.9752],[150.775,-34.9316,4.6841],[150.7686,-34.926,0.0],[150.7656,-34.9131,0.0],[150.7696,-34.9005,5.3306],[150.7719,-34.8995,0.0],[150.7709,-34.8958,0.0],[150.7601,-34.9004,0.0],[150.7515,-34.8906,0.0],[150.7487,-34.8785,0.0],[150.7496,-34.8547,0.0],[150.755,-34.8338,12.2441],[150.7605,-34.8206,3.8514],[150.7677,-34.8089,4.4663],[150.7821,-34.7913,7.3677],[150.7974,-34.7789,7.947],[150.8115,-34.773,0.0],[150.8151,-34.7725,0.0],[150.8185,-34.7743,14.3443],[150.821,-34.7803,0.0],[150.8251,-34.7825,0.668],[150.8231,-34.7809,2.5057],[150.8243,-34.7772,3.7161],[150.8229,-34.7732,16.007],[150.8285,-34.7692,0.0],[150.827,-34.7639,0.0],[150.8279,-34.7617,0.0],[150.8318,-34.7591,2.9138],[150.8341,-34.7549,0.0],[150.837,-34.7545,0.5192],[150.8322,-34.7511,9.498],[150.8357,-34.749,0.0],[150.8362,-34.7461,0.0],[150.8329,-34.7419,5.0518],[150.8333,-34.7386,6.3259],[150.8388,-34.7304,0.0],[150.846,-34.7254,0.0],[150.8481,-34.7207,0.0],[150.8462,-34.717,0.943],[150.8515,-34.7138,40.1033],[150.8498,-34.7083,12.0831],[150.8526,-34.7066,0.0],[150.85,-34.7036,30.9515],[150.856,-34.7005,8.7975],[150.852,-34.6975,20.9513],[150.8572,-34.6951,13.3113],[150.8544,-34.6902,0.0],[150.8609,-34.6881,0.0],[150.8588,-34.6863,15.8673],[150.8595,-34.6819,8.3279],[150.8559,-34.681,0.0],[150.8551,-34.6764,1.0755],[150.8588,-34.6752,2.2813],[150.8589,-34.6724,4.3754],[150.8647,-34.6719,1.1736],[150.8604,-34.6695,0.0],[150.8597,-34.6712,0.0],[150.8568,-34.6712,0.0],[150.8574,-34.6678,17.2737],[150.8548,-34.6634,0.0],[150.8575,-34.655,0.0],[150.8632,-34.654,3.099],[150.8626,-34.6513,1.352],[150.8655,-34.6489,2.5023],[150.8636,-34.6477,0.0],[150.86,-34.6491,18.1133],[150.8566,-34.646,0.0],[150.8561,-34.6391,1.553],[150.8618,-34.6325,0.0],[150.8621,-34.629,2.4637],[150.8566,-34.6213,1.7488],[150.8559,-34.6146,3.9995],[150.8616,-34.6104,8.0008],[150.8659,-34.6099,0.7514],[150.8649,-34.6062,0.0],[150.8666,-34.6045,2.2995],[150.8715,-34.6039,20.2911],[150.8769,-34.608,0.0],[150.8772,-34.6067,6.8661],[150.8854,-34.6062,0.4159],[150.8812,-34.6039,7.2612],[150.8874,-34.6027,0.0],[150.8875,-34.5983,0.0],[150.8955,-34.6012,0.405],[150.903,-34.5989,0.6154],[150.8997,-34.5971,8.3464],[150.9044,-34.597,0.0],[150.9013,-34.5946,19.6519],[150.9029,-34.5934,0.1563],[150.8983,-34.5926,0.0],[150.8958,-34.595,16.4893],[150.8877,-34.593,8.9799],[150.8835,-34.5942,0.9973],[150.8751,-34.5894,0.0],[150.8736,-34.5834,0.0],[150.8773,-34.58,0.0],[150.8727,-34.5796,4.9644],[150.8708,-34.5767,0.1671],[150.8743,-34.5761,0.1815],[150.8694,-34.5736,0.0],[150.8684,-34.5702,3.5986],[150.8691,-34.5658,0.0],[150.875,-34.562,0.0],[150.8734,-34.5602,1.3567],[150.8699,-34.5608,0.4386],[150.8683,-34.5568,5.7985],[150.8699,-34.5498,0.0],[150.8737,-34.5444,0.6445],[150.8702,-34.545,1.3598],[150.8669,-34.5402,1.0312],[150.862,-34.5375,0.3251],[150.853,-34.5377,0.0],[150.8482,-34.5419,2.8255],[150.8376,-34.5427,0.0],[150.8364,-34.5519,6.5228],[150.8323,-34.5569,3.8762],[150.8252,-34.558,5.0447],[150.8164,-34.5535,0.0],[150.8151,-34.5576,2.336],[150.8082,-34.5573,0.3178],[150.8077,-34.5609,0.4359],[150.8042,-34.5614,3.3547],[150.7953,-34.5552,3.4901],[150.7967,-34.5531,0.1269],[150.8015,-34.5556,0.1373],[150.8064,-34.5547,-0.0576],[150.8094,-34.5514,0.0432],[150.8073,-34.5505,2.8384],[150.8104,-34.5493,0.3276],[150.8048,-34.5458,0.0],[150.8059,-34.5497,1.5199],[150.8008,-34.5514,0.8252],[150.7968,-34.5462,0.2933],[150.8007,-34.5431,0.0],[150.8054,-34.5428,3.8968],[150.8091,-34.5372,0.0],[150.8135,-34.5342,0.0],[150.8102,-34.5315,3.437],[150.8076,-34.5251,3.9023],[150.8126,-34.5303,0.0],[150.8089,-34.5249,3.9023],[150.8129,-34.5196,4.1475],[150.8181,-34.5194,4.7179],[150.8195,-34.5176,0.0],[150.8173,-34.5138,0.0],[150.8121,-34.5101,3.6366],[150.8118,-34.5074,2.3386],[150.8161,-34.5028,1.1547],[150.8154,-34.502,1.1547],[150.8184,-34.5011,2.1484],[150.8207,-34.5008,3.3474],[150.8285,-34.5048,0.0],[150.83,-34.5045,0.0],[150.8304,-34.5014,0.1987],[150.8376,-34.5005,0.5397],[150.8361,-34.4965,0.0],[150.8363,-34.4975,0.0],[150.8338,-34.4958,0.0],[150.8312,-34.4919,5.455],[150.8327,-34.4866,2.2257],[150.8372,-34.4888,4.1795],[150.8461,-34.4845,2.1138],[150.8543,-34.4836,3.9495],[150.8586,-34.4855,7.5675],[150.8586,-34.4882,0.0],[150.8625,-34.488,1.8873],[150.8705,-34.4922,2.7532],[150.8792,-34.493,0.0],[150.8866,-34.4916,0.0],[150.8869,-34.4978,0.0],[150.8788,-34.4998,13.6649],[150.8748,-34.4994,0.0],[150.8752,-34.498,0.0],[150.8735,-34.4988,0.8555],[150.8735,-34.509,1.5842],[150.8694,-34.5247,2.733],[150.8641,-34.5268,0.3301],[150.8627,-34.5291,2.5761],[150.8655,-34.5335,0.6956],[150.8695,-34.535,1.9531],[150.8709,-34.5383,3.3097],[150.8746,-34.5383,1.5166],[150.878,-34.5259,4.041],[150.8914,-34.5064,0.0],[150.9088,-34.4932,0.0],[150.9188,-34.4933,2.7157],[150.9203,-34.4948,0.0],[150.9219,-34.493899999999996,5.155],[150.9214,-34.4921,1.816],[150.9177,-34.491,11.3438],[150.9167,-34.4877,6.7345],[150.9187,-34.4866,0.0],[150.9157,-34.4856,6.5546],[150.9137,-34.481,7.9445],[150.9155,-34.4778,0.06],[150.9131,-34.4748,5.7555],[150.9137,-34.4648,0.0],[150.9128,-34.4742,0.5573],[150.9079,-34.4755,2.6232],[150.9018,-34.4714,3.067],[150.9,-34.4648,1.2281],[150.8957,-34.4639,1.9218],[150.887,-34.4573,0.0],[150.8841,-34.4577,4.9697],[150.8863,-34.4527,5.4431],[150.8881,-34.453,0.9477],[150.8881,-34.4498,5.4346],[150.8896,-34.45,5.5546],[150.8898,-34.4552,0.7098],[150.8929,-34.4561,2.7498],[150.8932,-34.4527,11.2998],[150.8949,-34.451,6.3955],[150.8962,-34.4516,0.8328],[150.8988,-34.462,1.022],[150.9098,-34.4648,0.0],[150.9089,-34.4637,0.0],[150.9075,-34.4632,0.0],[150.9022,-34.4627,1.6938],[150.9011,-34.4593,4.7584],[150.9005,-34.4511,3.6174],[150.9018,-34.4509,0.0],[150.9005,-34.4508,3.6174],[150.8999,-34.4453,0.0],[150.9026,-34.4324,2.5989],[150.9072,-34.4234,1.0363],[150.9108,-34.4214,3.8388],[150.9069,-34.419,0.0],[150.9062,-34.4208,0.3283],[150.9081,-34.4207,2.773],[150.9069,-34.4217,7.9675],[150.9043,-34.4208,0.0],[150.904,-34.4191,0.0],[150.9057,-34.4191,0.0],[150.9022,-34.4172,10.4227],[150.9033,-34.4163,10.4227],[150.9021,-34.4162,1.8857],[150.9031,-34.4111,1.2803],[150.9021,-34.4077,2.957],[150.9043,-34.4001,0.0],[150.9092,-34.3917,1.5603],[150.9136,-34.3868,4.9362],[150.9165,-34.3861,0.0],[150.9157,-34.3842,2.078],[150.92,-34.3786,5.1376],[150.9242,-34.3756,0.807],[150.9267,-34.3757,0.0],[150.9266,-34.3733,0.0],[150.9313,-34.3688,0.0],[150.9253,-34.3676,0.0],[150.9247,-34.3657,0.0],[150.9211,-34.3637,1.9384],[150.9194,-34.3586,3.9946],[150.9213,-34.3492,4.9192],[150.9243,-34.3479,0.0],[150.9227,-34.3463,0.1791],[150.9231,-34.3444,0.0],[150.9256,-34.3401,1.0212],[150.9275,-34.3396,0.0],[150.9253,-34.3376,0.0],[150.9257,-34.3335,1.0585],[150.9279,-34.3312,7.4999],[150.9303,-34.3311,0.8984],[150.9244,-34.3274,0.0],[150.928,-34.3167,2.3667],[150.9349,-34.3095,0.0],[150.9357,-34.3064,0.0],[150.9385,-34.3054,4.2535],[150.9382,-34.3037,10.6894],[150.9434,-34.3013,0.0],[150.9415,-34.2999,1.1646],[150.9418,-34.2975,3.1545],[150.9446,-34.2942,9.1894],[150.9471,-34.2937,0.0],[150.9461,-34.2926,10.7495],[150.9474,-34.2905,3.4476],[150.95,-34.29,0.0],[150.9489,-34.2885,0.0],[150.9497,-34.2864,0.0],[150.9527,-34.285,0.0],[150.954,-34.2818,8.7428],[150.9567,-34.281,7.3399],[150.9562,-34.2783,10.5359],[150.9588,-34.2745,11.2754],[150.9643,-34.2704,3.354],[150.9639,-34.2686,13.0286],[150.968,-34.2672,0.0],[150.9681,-34.2625,20.4813],[150.9737,-34.2585,0.0],[150.9727,-34.2548,80.1896],[150.9774,-34.2517,0.0],[150.9758,-34.2498,0.0],[150.9787,-34.2493,0.1219],[150.9771,-34.2452,2.9173],[150.9859,-34.2369,0.0],[150.9887,-34.2319,0.0],[150.9933,-34.228,0.0],[151.0003,-34.2263,0.0],[151.0044,-34.221,16.7847],[151.0108,-34.2189,0.0],[151.0129,-34.2131,0.0],[151.0213,-34.2041,8.2402],[151.0258,-34.2028,60.9296],[151.0331,-34.1961,86.7996],[151.0386,-34.1949,0.0],[151.0393,-34.1921,19.7885],[151.0418,-34.1912,5.0809],[151.0453,-34.1862,27.1516],[151.0548,-34.1852,0.0],[151.0536,-34.1835,27.6946],[151.0542,-34.1805,3.3695],[151.0575,-34.1783,0.0],[151.0608,-34.1789,4.4391],[151.0632,-34.1768,0.0],[151.0631,-34.1744,10.0755],[151.0698,-34.1698,0.0],[151.0811,-34.1668,0.0],[151.0951,-34.1585,0.0],[151.0984,-34.1537,9.9094],[151.1023,-34.1537,0.0],[151.1114,-34.1481,0.0],[151.1127,-34.1463,1.4808],[151.1101,-34.1455,8.2235],[151.1163,-34.1445,3.9041],[151.118,-34.1414,0.0],[151.1221,-34.1396,0.0],[151.1184,-34.1383,16.427],[151.1187,-34.137,7.8993],[151.1279,-34.1379,0.0],[151.1291,-34.1307,30.9738],[151.1344,-34.1265,0.0],[151.1357,-34.1233,9.6396],[151.1374,-34.1232,0.0],[151.1358,-34.1203,5.9088],[151.1412,-34.1162,5.2312],[151.1438,-34.1171,3.5989],[151.1518,-34.1151,0.0],[151.1518,-34.1097,4.9346],[151.1566,-34.1056,28.0042],[151.1599,-34.0995,28.9285],[151.1657,-34.0959,4.0216],[151.1657,-34.094,8.1573],[151.1718,-34.0865,0.0],[151.1718,-34.0822,0.0],[151.169,-34.0749,2.3414],[151.1652,-34.0779,0.0],[151.166,-34.0796,0.0],[151.1648,-34.0812,0.0],[151.1562,-34.0802,0.0],[151.1542,-34.0827,0.0],[151.15,-34.0837,3.4012],[151.1451,-34.0799,10.6823],[151.1399,-34.0825,0.0],[151.1369,-34.0817,0.9746],[151.1331,-34.0735,0.0],[151.1339,-34.0807,0.0],[151.1325,-34.0831,4.0127],[151.1346,-34.0829,0.6659],[151.1342,-34.0833,6.8581],[151.1335,-34.0834,4.0127],[151.1321,-34.0831,4.0127],[151.131,-34.0844,21.0332],[151.1297,-34.0895,0.0],[151.1257,-34.0901,9.1902],[151.1243,-34.0922,39.4296],[151.1216,-34.0925,47.4857],[151.122,-34.0923,24.3602],[151.1243,-34.092,39.4296],[151.1246,-34.0888,3.1836],[151.1283,-34.0872,0.9975],[151.1312,-34.0833,21.0332],[151.1328,-34.0823,0.6754],[151.1322,-34.076,0.0],[151.1287,-34.0774,1.8943],[151.1258,-34.081,3.061],[151.1245,-34.0759,0.0],[151.1216,-34.0766,0.0],[151.1207,-34.0786,21.5667],[151.1177,-34.0766,7.4077],[151.1164,-34.0792,16.2957],[151.1102,-34.0783,10.8969],[151.1075,-34.0831,53.2074],[151.1001,-34.0838,6.2133],[151.0993,-34.0896,55.1845],[151.0975,-34.0875,0.0],[151.0926,-34.0883,29.8387],[151.0897,-34.0868,9.4817],[151.0868,-34.0896,36.0101],[151.0835,-34.0877,20.4127],[151.0786,-34.0893,30.2783],[151.0791,-34.0886,30.2783],[151.0834,-34.0873,20.4127],[151.0871,-34.0883,3.5397],[151.0893,-34.0861,47.4101],[151.0981,-34.086,0.0],[151.0981,-34.0826,17.3711],[151.1056,-34.0795,0.0],[151.1033,-34.077,6.3136],[151.1034,-34.0749,5.6328],[151.1062,-34.0718,0.0],[151.1032,-34.0691,0.0],[151.1011,-34.0693,24.8194],[151.102,-34.0654,2.4723],[151.0981,-34.065,24.0663],[151.1004,-34.0633,1.6885],[151.0958,-34.058,17.3552],[151.0932,-34.0633,46.5319],[151.0903,-34.0646,4.0105],[151.0915,-34.0671,30.8659],[151.0884,-34.0696,41.8289],[151.0879,-34.0678,0.0],[151.0845,-34.0674,16.321],[151.078,-34.0633,19.4798],[151.063,-34.0647,24.012],[151.0595,-34.068,16.1797],[151.0618,-34.0707,6.3819],[151.0575,-34.0736,9.8324],[151.0568,-34.073,9.8324],[151.0608,-34.0706,6.3819],[151.0589,-34.0685,16.1797],[151.0611,-34.0643,47.64],[151.0822,-34.0625,1.3455],[151.0796,-34.0613,3.2964],[151.0823,-34.0605,15.1109],[151.0855,-34.0651,2.9653],[151.0889,-34.0655,4.0105],[151.0888,-34.064,0.0],[151.0857,-34.0638,10.7918],[151.0865,-34.062,30.8016],[151.0903,-34.0614,0.0],[151.0891,-34.0582,0.0],[151.0856,-34.056,0.5],[151.0834,-34.0579,3.4689],[151.0803,-34.0556,8.8978],[151.0786,-34.0564,34.7459],[151.077,-34.0539,12.1387],[151.0784,-34.0556,11.9491],[151.0802,-34.055,8.8978],[151.0836,-34.0559,12.1719],[151.0858,-34.0539,18.2214],[151.0922,-34.0577,19.5929],[151.0951,-34.052,2.1176],[151.092,-34.0491,28.4571],[151.0978,-34.049,15.2986],[151.097,-34.0471,46.1531],[151.1013,-34.0516,34.0983],[151.1008,-34.0545,0.0],[151.0987,-34.0558,3.4064],[151.1018,-34.059,5.269],[151.1036,-34.0558,20.7966],[151.1065,-34.0543,0.0],[151.1086,-34.0467,1.6272],[151.1052,-34.0421,26.1556],[151.1092,-34.0447,0.0],[151.1121,-34.0432,13.0917],[151.109,-34.0508,0.0],[151.1093,-34.0525,0.0],[151.1116,-34.0529,22.6703],[151.106,-34.0594,5.5432],[151.1068,-34.0617,2.2533],[151.1109,-34.0619,3.271],[151.1144,-34.0595,19.4675],[151.1136,-34.0632,4.767],[151.116,-34.0658,42.311],[151.1122,-34.0662,0.0],[151.1116,-34.0725,6.9277],[151.1189,-34.0708,4.5152],[151.1193,-34.0678,34.7505],[151.1219,-34.0705,3.9069],[151.1297,-34.0693,23.5264],[151.1301,-34.0667,0.0],[151.1263,-34.064,2.0788],[151.1279,-34.0614,15.8494],[151.1292,-34.0641,4.0952],[151.1321,-34.0636,0.0],[151.133,-34.0585,1.8674],[151.135,-34.0581,0.0],[151.1339,-34.0555,16.1306],[151.1383,-34.0562,13.4153],[151.1344,-34.0719,24.1036],[151.1403,-34.0738,3.9977],[151.1412,-34.0671,9.434],[151.1392,-34.0648,12.3554],[151.1435,-34.0598,0.0],[151.1423,-34.0574,5.2373],[151.1488,-34.0546,0.0],[151.1506,-34.0577,17.5678],[151.1467,-34.0621,6.2785],[151.1474,-34.0734,0.0],[151.1534,-34.0732,0.0],[151.1565,-34.0715,4.6342],[151.1584,-34.0669,9.4225],[151.1555,-34.0642,4.6213],[151.1584,-34.0584,15.2108],[151.155,-34.0556,1.5919],[151.1559,-34.0518,7.0107],[151.1655,-34.0407,5.0813],[151.1758,-34.0362,4.4227],[151.1859,-34.0346,0.0],[151.1942,-34.0366,1.0668],[151.1988,-34.0417,0.0],[151.2008,-34.0407,0.2427],[151.2011,-34.0379,7.9597],[151.2032,-34.0402,0.0],[151.2145,-34.0419,0.0],[151.2154,-34.0404,7.0388],[151.2212,-34.0389,0.0],[151.2303,-34.0264,0.0],[151.2286,-34.0246,29.1484],[151.2304,-34.0218,0.0],[151.2299,-34.0189,2.6461],[151.2319,-34.0167,3.4645],[151.2315,-34.0117,0.0],[151.2296,-34.0103,1.3863],[151.2302,-34.0078,0.0],[151.2284,-34.0043,10.6433],[151.2219,-34.0012,0.0],[151.2114,-34.0079,0.0],[151.1868,-34.0075,0.0],[151.1871,-34.0085,0.0],[151.1989,-34.0102,2.581],[151.2001,-34.0118,3.659],[151.1981,-34.0139,1.7056],[151.1998,-34.015,1.385],[151.2016,-34.0149,2.0029],[151.2001,-34.0139,3.7414],[151.2064,-34.014,5.5882],[151.2035,-34.0178,3.3221],[151.1999,-34.018,2.823],[151.1964,-34.0212,1.4894],[151.1931,-34.0208,3.1395],[151.1924,-34.0191,2.3847],[151.19,-34.0206,3.622],[151.1896,-34.0183,1.5674],[151.1858,-34.0196,0.4384],[151.1851,-34.0218,0.0],[151.1794,-34.0261,1.9581],[151.1743,-34.0235,9.2398],[151.1723,-34.0196,11.9002],[151.169,-34.0235,8.7748],[151.1624,-34.0238,1.882],[151.1605,-34.022,1.3447],[151.1595,-34.0232,1.014],[151.1555,-34.0163,1.3952],[151.1582,-34.0146,1.173],[151.1681,-34.013,2.366],[151.1703,-34.0158,1.6749],[151.1754,-34.0151,1.5466],[151.1786,-34.0128,2.7704],[151.1767,-34.0112,3.5611],[151.1724,-34.0114,3.6624],[151.1743,-34.0083,4.2922],[151.1735,-34.0071,2.1093],[151.1621,-34.0,1.2003],[151.1611,-34.0023,4.7265],[151.1556,-34.0058,0.0],[151.1655,-34.003,5.1589],[151.1575,-34.0131,5.1826],[151.1507,-34.0139,2.4863],[151.1493,-34.0162,1.7429],[151.1491,-34.0136,3.1579],[151.1418,-34.0146,0.0],[151.1457,-34.0193,1.7515],[151.1515,-34.0214,1.103],[151.1609,-34.0278,3.3179],[151.1599,-34.0322,3.7998],[151.1549,-34.0354,0.9909],[151.1528,-34.034,3.6284],[151.1546,-34.0358,2.0329],[151.1521,-34.0383,2.2275],[151.1473,-34.0388,3.0476],[151.1476,-34.0368,1.9508],[151.1471,-34.0387,3.0476],[151.1377,-34.0371,2.8923],[151.1336,-34.033,3.6358],[151.132,-34.0279,0.0],[151.1316,-34.0261,5.2817],[151.1339,-34.023,1.5106],[151.1302,-34.0222,2.0749],[151.1257,-34.0176,3.6519],[151.1254,-34.0151,1.3817],[151.128,-34.0119,0.0],[151.127,-34.0099,3.0259],[151.1218,-34.0118,4.844],[151.1202,-34.0158,2.1187],[151.1181,-34.0144,0.0],[151.1173,-34.0164,3.103],[151.1162,-34.0167,3.103],[151.1171,-34.0152,0.8431],[151.1141,-34.0165,0.0],[151.116,-34.0168,3.103],[151.1138,-34.0188,0.5997],[151.1155,-34.0217,3.7406],[151.1131,-34.0201,1.1167],[151.1108,-34.0236,2.4627],[151.1108,-34.0218,1.214],[151.1095,-34.0227,1.214],[151.1097,-34.0214,1.214],[151.112,-34.0199,1.1167],[151.1097,-34.0182,2.7051],[151.113,-34.0178,1.4477],[151.1108,-34.0178,1.559],[151.1128,-34.0168,1.4477],[151.1113,-34.016,1.4056],[151.1095,-34.0178,1.559],[151.11,-34.0158,1.4056],[151.1079,-34.0144,3.5645],[151.1109,-34.0155,1.4056],[151.1128,-34.0134,2.2144],[151.1122,-34.0147,0.0],[151.116,-34.0145,0.6944],[151.1141,-34.0133,2.6067],[151.1174,-34.0137,0.6944],[151.1143,-34.0098,6.5032],[151.1158,-34.0073,0.0],[151.1127,-34.0054,4.0904],[151.1176,-33.9966,0.0],[151.1167,-33.9932,1.9331],[151.1183,-33.9905,3.26],[151.121,-33.9911,4.9451],[151.1219,-33.9877,7.0181],[151.1307,-33.9839,1.7746],[151.1302,-33.9886,7.5844],[151.1231,-33.9963,0.0],[151.1227,-34.0005,0.0],[151.1283,-34.006,4.1306],[151.1398,-34.0033,0.4651],[151.1419,-33.9973,4.3359],[151.1462,-33.9968,1.36],[151.1495,-33.9942,1.3463],[151.1483,-33.9851,4.762],[151.1514,-33.9735,0.3721],[151.1582,-33.9587,9.1889],[151.1621,-33.9534,1.0545],[151.1673,-33.9499,0.0],[151.1757,-33.955,0.5207],[151.1786,-33.9659,1.74],[151.1817,-33.9679,3.3194],[151.1851,-33.9672,4.7832],[151.1868,-33.9645,0.0],[151.1862,-33.9622,0.0],[151.1822,-33.9613,2.6283],[151.1808,-33.9555,1.8264],[151.1823,-33.9523,2.2599],[151.1861,-33.9524,2.4885],[151.1927,-33.9739,0.5862],[151.1956,-33.9727,1.1583],[151.1914,-33.9578,4.0545],[151.1924,-33.9542,1.8857],[151.2063,-33.9611,3.7929],[151.2088,-33.9644,0.0],[151.2109,-33.9621,2.3858],[151.2123,-33.9633,3.4644],[151.2081,-33.9649,2.5868],[151.2058,-33.9645,1.2146],[151.2075,-33.9698,0.4833],[151.2201,-33.9672,3.1152],[151.2209,-33.969,4.0794],[151.2115,-33.972,0.0],[151.2106,-33.9798,1.8525],[151.2089,-33.9822,0.0],[151.2128,-33.9847,0.0],[151.2191,-33.9779,5.1787],[151.2231,-33.9762,8.1984],[151.226,-33.9767,0.0],[151.2287,-33.9787,11.3557],[151.2279,-33.9822,0.0],[151.2311,-33.9852,8.2571],[151.2312,-33.9874,7.28],[151.2286,-33.9889,0.0],[151.2319,-33.9908,4.8663],[151.2308,-33.9925,2.027],[151.2355,-33.9894,4.8092],[151.2383,-33.9916,31.066],[151.237,-33.9933,40.5993],[151.2384,-33.9957,25.5467],[151.2377,-33.9984,7.3609],[151.241,-33.9984,2.7953],[151.2424,-34.0001,0.0],[151.2458,-33.9976,9.4816],[151.2482,-33.9985,3.5391],[151.2478,-34.0011,6.8566],[151.2492,-34.0018,0.9457],[151.2492,-33.9985,3.5391],[151.2531,-33.9913,16.828],[151.252,-33.9865,5.2458],[151.2541,-33.9833,5.8831],[151.2535,-33.9806,1.2884],[151.2512,-33.979,16.1955],[151.259,-33.9758,11.0992],[151.2575,-33.9716,0.0],[151.2519,-33.9647,5.9833],[151.2565,-33.9649,6.0956],[151.2604,-33.9678,25.2666],[151.266,-33.968,0.0],[151.263,-33.9612,30.0549],[151.2657,-33.9588,5.4685],[151.2571,-33.9523,0.8819],[151.2586,-33.9457,5.6202],[151.2617,-33.945,0.96],[151.2657,-33.9415,2.7761],[151.2595,-33.9373,31.0461],[151.2618,-33.9352,0.0],[151.2598,-33.9296,0.0],[151.2614,-33.9275,10.912],[151.2576,-33.9225,0.0],[151.2629,-33.9177,18.0711],[151.2614,-33.9149,29.9761],[151.267,-33.9163,0.0],[151.2682,-33.9151,0.2096],[151.2669,-33.9136,7.8146],[151.2714,-33.9142,16.8062],[151.2684,-33.9036,1.1352],[151.2704,-33.9005,6.8184],[151.2764,-33.8986,0.0],[151.2744,-33.8969,2.5024],[151.2743,-33.8936,0.0],[151.2798,-33.8908,4.7773],[151.2822,-33.891,23.066],[151.2836,-33.8937,4.5364],[151.2857,-33.892,9.801],[151.2858,-33.886,8.5387],[151.2827,-33.8776,0.0],[151.2846,-33.8736,0.0],[151.2828,-33.8626,0.0],[151.2863,-33.8577,26.5003],[151.2863,-33.8525,63.1764],[151.2878,-33.8502,24.0824],[151.281,-33.8328,0.0],[151.2783,-33.8365,13.1397],[151.2792,-33.8393,2.6148],[151.2763,-33.8409,3.4897],[151.2809,-33.8419,2.3416],[151.2816,-33.8435,0.0],[151.2809,-33.8465,9.2208],[151.2776,-33.847,0.0],[151.2776,-33.8511,6.1513],[151.2746,-33.8486,1.3565],[151.2728,-33.8527,7.4502],[151.2701,-33.8497,4.5351],[151.27,-33.8474,0.0],[151.2644,-33.8509,2.5799],[151.2655,-33.8549,0.0],[151.269,-33.8581,6.8812],[151.2683,-33.8624,11.8274],[151.2706,-33.8659,10.3434],[151.267,-33.8707,2.5434],[151.2628,-33.8703,0.4928],[151.2613,-33.8723,1.6893],[151.2547,-33.8708,9.2013],[151.2536,-33.8683,1.4459],[151.2567,-33.8643,0.0],[151.2536,-33.865,10.2386],[151.2523,-33.8637,5.0782],[151.249,-33.865,0.0],[151.2499,-33.8699,17.3791],[151.2461,-33.8734,2.7913],[151.2411,-33.8727,0.0],[151.2419,-33.8686,1.5265],[151.2401,-33.8664,7.6779],[151.235,-33.8678,0.6485],[151.235,-33.8723,4.1361],[151.2318,-33.8748,6.8889],[151.2301,-33.8731,2.0146],[151.2318,-33.8712,0.0],[151.2275,-33.8685,10.9759],[151.2289,-33.8611,0.7056],[151.2309,-33.8592,0.0],[151.2299,-33.8583,3.8451],[151.2276,-33.859,0.0],[151.2276,-33.8632,1.8645],[151.2255,-33.862,0.7051],[151.2206,-33.8691,5.2992],[151.2225,-33.8659,0.0],[151.2199,-33.8687,7.9669],[151.2199,-33.866,17.3264],[151.2229,-33.8625,0.0],[151.2227,-33.8593,0.0],[151.2179,-33.8632,5.224],[151.216,-33.8566,3.0536],[151.2146,-33.8561,0.0],[151.2125,-33.861,20.2173],[151.2097,-33.861,11.3888],[151.2104,-33.8569,1.2078],[151.2092,-33.8561,15.4696],[151.2106,-33.8555,3.126],[151.208,-33.8535,0.0],[151.2073,-33.8553,4.6572],[151.2062,-33.8538,0.0],[151.2063,-33.8558,4.6572],[151.2052,-33.8543,0.0],[151.2054,-33.8565,13.9834],[151.2041,-33.8548,0.0],[151.2049,-33.8567,13.9834],[151.2035,-33.8551,0.0],[151.2035,-33.8566,12.6997],[151.2002,-33.8554,0.65],[151.2012,-33.8698,0.0],[151.2024,-33.8704,26.9272],[151.2015,-33.8732,3.6852],[151.1995,-33.8722,9.9239],[151.199,-33.8656,0.6118],[151.1961,-33.8675,0.917],[151.1977,-33.8635,1.5679],[151.1944,-33.8654,5.767],[151.1961,-33.8626,0.0],[151.1936,-33.8644,6.4308],[151.194,-33.8624,0.0],[151.186,-33.8684,2.0647],[151.1923,-33.8739,5.1398],[151.1893,-33.8758,3.4418],[151.1848,-33.8709,0.0],[151.1772,-33.8727,1.9327],[151.1735,-33.8712,2.9209],[151.1854,-33.8682,2.4366],[151.1875,-33.8637,0.1606],[151.1795,-33.8665,6.3802],[151.1851,-33.8621,2.1508],[151.1924,-33.8606,0.1492],[151.1914,-33.8601,4.3387],[151.1904,-33.8602,4.3387],[151.1907,-33.8588,9.0062],[151.1965,-33.8597,0.0],[151.1936,-33.8543,0.0],[151.1889,-33.8567,9.1472],[151.1845,-33.8536,8.2181],[151.1905,-33.8524,0.8496],[151.1824,-33.8492,5.3217],[151.1869,-33.847,0.0],[151.1855,-33.846,0.0],[151.1808,-33.8477,0.0],[151.1749,-33.8531,16.4141],[151.1713,-33.8528,0.0],[151.171,-33.8549,13.7725],[151.1687,-33.855,4.7752],[151.1691,-33.858,29.871],[151.153,-33.8663,10.8215],[151.1509,-33.8723,5.4547],[151.1474,-33.87,7.7757],[151.1412,-33.8699,3.1135],[151.1418,-33.8683,3.5687],[151.1496,-33.8661,1.3203],[151.1454,-33.8649,5.0932],[151.1445,-33.8631,0.0],[151.1496,-33.8621,6.4003],[151.1535,-33.859,11.0392],[151.1566,-33.8594,15.2379],[151.1568,-33.8574,11.0118],[151.1608,-33.8583,0.0],[151.1649,-33.8552,8.0103],[151.1567,-33.8476,1.0545],[151.1573,-33.8459,1.0197],[151.1532,-33.845,4.3075],[151.1541,-33.8421,0.0],[151.1464,-33.8445,0.0],[151.1444,-33.8435,1.4411],[151.1458,-33.8459,3.9883],[151.1495,-33.847,0.5625],[151.1477,-33.8503,0.5966],[151.1423,-33.8534,3.9092],[151.1404,-33.8523,1.0809],[151.1438,-33.849,1.6212],[151.1422,-33.8459,0.0],[151.1331,-33.8495,0.0],[151.1302,-33.8438,1.4639],[151.1274,-33.844,1.3895],[151.1222,-33.8489,1.0514],[151.1258,-33.8507,2.9217],[151.1284,-33.861,2.1482],[151.1191,-33.8647,4.2258],[151.1159,-33.8609,1.1816],[151.1207,-33.8593,7.3059],[151.1223,-33.857,0.8379],[151.1171,-33.8571,3.1018],[151.1138,-33.854,1.9317],[151.1197,-33.8529,0.0],[151.1188,-33.8509,0.0],[151.1159,-33.8511,0.0],[151.1151,-33.8497,8.1231],[151.1208,-33.8418,1.6413],[151.1166,-33.8413,11.3002],[151.1141,-33.8434,8.5547],[151.1117,-33.8378,0.0],[151.1073,-33.8384,3.1366],[151.1041,-33.8344,0.0],[151.1047,-33.8408,0.0],[151.1026,-33.8441,1.5061],[151.0998,-33.8443,0.0],[151.0993,-33.8426,2.1032],[151.1022,-33.8381,6.1702],[151.0988,-33.838,9.4716],[151.0953,-33.8405,5.7343],[151.0936,-33.8398,4.7684],[151.0989,-33.8358,3.9303],[151.0989,-33.8316,4.6225],[151.0967,-33.8308,0.0],[151.0928,-33.8351,7.5008],[151.0899,-33.8332,9.0244],[151.0909,-33.8324,0.0],[151.0898,-33.8301,0.0],[151.0932,-33.8285,0.0],[151.0944,-33.8256,4.9333],[151.0923,-33.8236,3.4426],[151.0872,-33.823,6.9702],[151.0832,-33.8279,1.8349],[151.0838,-33.8346,9.0276],[151.082,-33.8396,6.074],[151.08,-33.8394,0.0],[151.0804,-33.835,1.7681],[151.0768,-33.8351,3.612],[151.0753,-33.8327,4.9238],[151.084,-33.8221,0.3395],[151.0786,-33.8224,1.6084],[151.0735,-33.8204,2.4889],[151.0646,-33.8249,2.5565],[151.0511,-33.8242,3.0855],[151.0645,-33.824,1.0074],[151.0737,-33.8184,2.6179],[151.0762,-33.8196,1.0524],[151.0844,-33.8187,4.1925],[151.0889,-33.821,6.9748],[151.0928,-33.8196,0.0],[151.0943,-33.8222,0.0],[151.0999,-33.8246,6.4132],[151.1015,-33.8309,1.1237],[151.108,-33.831,13.516],[151.1087,-33.8356,2.8974],[151.1119,-33.8345,2.392],[151.1108,-33.8299,5.7971],[151.1129,-33.8297,0.0],[151.1162,-33.8339,16.813],[151.1152,-33.837,0.0],[151.1172,-33.8369,2.9362],[151.1197,-33.8327,11.2363],[151.1212,-33.8351,5.3232],[151.1199,-33.838,0.8943],[151.1224,-33.8385,1.6486],[151.1252,-33.8418,0.0],[151.1263,-33.8386,16.9908],[151.1283,-33.8417,0.0],[151.133,-33.8407,26.1455],[151.1338,-33.8448,0.0],[151.138,-33.8447,0.0],[151.1374,-33.8422,11.8939],[151.1417,-33.8421,4.1567],[151.1437,-33.8401,4.8717],[151.1465,-33.8412,5.8574],[151.1488,-33.8394,2.274],[151.1359,-33.8365,13.8911],[151.1431,-33.8356,14.8271],[151.1487,-33.8374,15.1138],[151.1533,-33.8365,11.4513],[151.1536,-33.8383,1.8289],[151.157,-33.8393,18.4172],[151.1612,-33.8448,0.0],[151.1622,-33.842,4.5985],[151.168,-33.8436,1.2197],[151.1743,-33.8431,0.0],[151.1736,-33.8388,5.4957],[151.1768,-33.8386,2.1945],[151.1803,-33.8362,0.0],[151.1774,-33.8352,6.381],[151.1693,-33.8393,3.1918],[151.1622,-33.8376,2.5033],[151.1606,-33.836,10.057],[151.1618,-33.8341,0.0],[151.1585,-33.834,20.9041],[151.153,-33.8308,0.0],[151.149,-33.8319,1.7651],[151.1438,-33.8291,5.6121],[151.1425,-33.827,0.0],[151.1434,-33.8253,13.7369],[151.1449,-33.8264,0.375],[151.1471,-33.8253,5.2931],[151.1469,-33.82,3.4244],[151.1437,-33.818,21.8482],[151.1394,-33.8185,19.7283],[151.1388,-33.816,14.3075],[151.1369,-33.8152,9.83],[151.1392,-33.8155,14.3075],[151.1405,-33.8172,12.963],[151.1437,-33.8168,1.9394],[151.1408,-33.8142,16.5313],[151.1391,-33.8093,13.8109],[151.1417,-33.8099,7.6568],[151.141,-33.8068,23.1915],[151.1435,-33.8056,4.7611],[151.1443,-33.803,6.6359],[151.1447,-33.8063,12.6073],[151.1423,-33.8082,21.1897],[151.1431,-33.8128,25.3537],[151.1452,-33.8153,14.6095],[151.1447,-33.8169,13.9011],[151.1486,-33.8189,18.0598],[151.1496,-33.8244,0.5],[151.1459,-33.829,1.9494],[151.1522,-33.8285,3.3537],[151.1506,-33.8235,4.1051],[151.152,-33.8218,4.3669],[151.1539,-33.8285,0.0],[151.1557,-33.8297,0.0],[151.1594,-33.8303,0.0],[151.1598,-33.8271,11.7299],[151.164,-33.8284,6.3595],[151.166,-33.8274,21.6405],[151.161,-33.8314,10.4384],[151.169,-33.8361,12.3478],[151.1736,-33.8336,1.795],[151.1705,-33.8309,13.4156],[151.1732,-33.8281,0.0],[151.1794,-33.8326,2.0195],[151.1816,-33.8295,17.9039],[151.1819,-33.8334,5.6202],[151.1844,-33.836,0.0],[151.1794,-33.84,22.0783],[151.1811,-33.8423,2.4657],[151.1827,-33.8413,4.0582],[151.1876,-33.8432,0.0],[151.185,-33.8389,24.1082],[151.189,-33.8336,15.3898],[151.1877,-33.8403,9.8738],[151.1896,-33.8409,0.0],[151.1904,-33.8377,23.7806],[151.1945,-33.8386,32.1277],[151.1931,-33.8477,0.0],[151.1982,-33.8472,0.0],[151.1947,-33.8445,7.6811],[151.1975,-33.8437,6.5799],[151.199,-33.8412,16.0342],[151.2036,-33.8505,0.0],[151.2062,-33.8489,0.0],[151.2063,-33.8458,1.7371],[151.2082,-33.8442,20.9451],[151.2119,-33.8508,0.0],[151.2137,-33.8496,0.0],[151.2187,-33.8527,10.0875],[151.2204,-33.8492,20.8646],[151.2152,-33.8451,7.3888],[151.2186,-33.845,0.8578],[151.2152,-33.8411,10.112],[151.2215,-33.8425,22.1278],[151.2231,-33.8461,22.348],[151.2247,-33.8466,0.0],[151.2249,-33.8393,33.7775],[151.2273,-33.8447,0.0],[151.233,-33.8487,0.0],[151.2312,-33.847,1.9313],[151.229,-33.8379,33.2745],[151.2325,-33.8363,11.6057],[151.233,-33.8379,29.1454],[151.2314,-33.8397,14.6629],[151.2332,-33.8442,10.5101],[151.2374,-33.8396,28.7744],[151.2369,-33.8449,0.0],[151.2438,-33.8468,5.3828],[151.2449,-33.8525,0.0],[151.2467,-33.8534,1.3162],[151.2481,-33.8463,0.0],[151.2462,-33.8427,57.2815],[151.2543,-33.844,5.437],[151.253,-33.8392,7.3652],[151.2612,-33.838,0.0],[151.2607,-33.83,14.4541],[151.2639,-33.8301,0.0],[151.2688,-33.8269,8.5308],[151.2663,-33.8236,3.0623],[151.2632,-33.8259,0.0],[151.2566,-33.8265,11.2992],[151.2554,-33.8283,6.4121],[151.2524,-33.8271,4.4882],[151.2514,-33.8242,1.939],[151.253,-33.823,1.939],[151.2514,-33.8213,0.0],[151.2533,-33.8197,0.0],[151.2531,-33.8169,32.7503],[151.2472,-33.8126,57.3907],[151.2487,-33.8079,0.0],[151.2459,-33.8034,0.6484],[151.2442,-33.8098,22.7279],[151.2378,-33.8081,23.9559],[151.2352,-33.8116,3.2973],[151.2392,-33.8155,35.8609],[151.239,-33.817,29.7951],[151.2317,-33.816,0.0],[151.229,-33.8174,4.4767],[151.2259,-33.8224,3.8188],[151.224,-33.8215,5.2332],[151.2258,-33.8186,4.4518],[151.2194,-33.8189,16.5883],[151.2244,-33.8164,5.9637],[151.2235,-33.814,21.5866],[151.2271,-33.8155,9.1485],[151.2321,-33.8137,2.1229],[151.2303,-33.8123,10.9168],[151.2323,-33.8074,11.4378],[151.2306,-33.8055,6.641],[151.2256,-33.8049,21.0783],[151.2225,-33.8068,23.4626],[151.2173,-33.8054,34.7236],[151.2227,-33.8048,0.0],[151.2218,-33.8029,29.6226],[151.224,-33.8012,40.2382],[151.2258,-33.8027,19.0366],[151.2305,-33.8024,8.5788],[151.2296,-33.7975,0.0],[151.2309,-33.7956,0.0],[151.2294,-33.7944,0.0],[151.2269,-33.7967,32.5455],[151.2177,-33.7973,20.9416],[151.2187,-33.7967,15.7558],[151.2214,-33.7966,5.3676],[151.2228,-33.7943,0.0],[151.2194,-33.792,4.8585],[151.2168,-33.7928,6.3159],[151.2147,-33.7899,19.9529],[151.2168,-33.7917,6.3159],[151.2192,-33.7905,16.8833],[151.2254,-33.7933,0.0],[151.2257,-33.7916,19.644],[151.2327,-33.7907,21.2514],[151.2325,-33.7875,7.524],[151.2301,-33.7851,5.329],[151.2226,-33.7863,63.0265],[151.2134,-33.7843,1.0],[151.2117,-33.779,21.8816],[151.2072,-33.7788,22.2438],[151.2073,-33.7764,9.6199],[151.2029,-33.7735,11.3496],[151.2044,-33.7725,42.9347],[151.2121,-33.7765,1.5],[151.2152,-33.7806,30.2195],[151.2144,-33.7822,5.5776],[151.2247,-33.7838,3.1902],[151.2294,-33.7825,0.5],[151.2307,-33.7775,8.0952],[151.2291,-33.7745,0.5],[151.2308,-33.7727,47.3261],[151.2331,-33.7768,37.4092],[151.2322,-33.7828,9.36],[151.2366,-33.7892,0.0],[151.2349,-33.7941,7.9872],[151.2389,-33.7984,13.2787],[151.2351,-33.8016,22.5286],[151.2351,-33.8034,9.8392],[151.242,-33.8041,9.7938],[151.2445,-33.8017,16.7784],[151.2505,-33.8003,15.9183],[151.2499,-33.8031,0.0],[151.2528,-33.8029,19.9207],[151.253,-33.8055,0.0],[151.2512,-33.8073,0.0],[151.2534,-33.8105,3.9142],[151.2597,-33.8123,31.8284],[151.2611,-33.8179,0.0],[151.2692,-33.8111,44.0409],[151.2731,-33.8126,7.6665],[151.2751,-33.81,0.0],[151.2753,-33.8078,0.0],[151.2706,-33.8044,4.3539],[151.2688,-33.8004,6.5605],[151.2654,-33.7998,19.4398],[151.2658,-33.7984,0.0],[151.2688,-33.7978,24.7386],[151.2735,-33.8011,4.8275],[151.2818,-33.7987,18.6492],[151.2838,-33.7994,7.2996],[151.2836,-33.8007,1.1126],[151.2846,-33.800509523809524,4.6506],[151.2846,-33.8005,4.6506],[151.28461379310346,-33.800506896551724,4.6506],[151.2857,-33.8003,4.6506],[151.2866,-33.802,11.1179],[151.2832,-33.8053,7.0691],[151.2826,-33.8092,3.8186],[151.2859,-33.8064,4.0491],[151.2873,-33.8069,5.616],[151.2872,-33.8094,2.6645],[151.2911,-33.8081,16.9974],[151.2895,-33.8121,0.0],[151.287,-33.8125,0.0],[151.2864,-33.8153,14.6292],[151.2835,-33.815,1.1052],[151.2856,-33.8189,3.355],[151.2878,-33.8209,7.8019],[151.2911,-33.8204,23.9909],[151.3015,-33.8234,0.0],[151.3011,-33.8185,0.0],[151.3033,-33.8167,0.0],[151.3035,-33.8127,16.2815],[151.3062,-33.8117,0.0],[151.3074,-33.8071,7.8475],[151.3036,-33.8064,31.9777],[151.2986,-33.7994,1.1233],[151.2972,-33.7993,1.1233],[151.2973,-33.8009,2.819],[151.2941,-33.8009,2.7103],[151.2903,-33.7991,8.2018],[151.2879,-33.7919,4.397],[151.2888,-33.7869,0.0],[151.2913,-33.7858,0.0],[151.29,-33.7822,17.9735],[151.2926,-33.7807,18.0075],[151.2959,-33.7818,1.2495],[151.2932,-33.7732,0.0],[151.2987,-33.7674,5.8981],[151.3025,-33.7681,0.0],[151.3018,-33.7601,0.0],[151.2974,-33.7536,3.7948],[151.3032,-33.7468,0.1993],[151.2996,-33.7474,2.4997],[151.2967,-33.751,2.2549],[151.2917,-33.7472,7.2097],[151.2975,-33.7453,3.2949],[151.3042,-33.7465,0.1993],[151.3111,-33.7431,0.0],[151.3177,-33.742,0.0],[151.3132,-33.7386,5.2429],[151.3069,-33.7382,3.8236],[151.3002,-33.727,1.6132],[151.3007,-33.7163,1.134],[151.3079,-33.7035,0.0],[151.3,-33.705,2.9077],[151.2994,-33.7093,8.232],[151.2968,-33.712,1.9479],[151.2953,-33.719,3.0584],[151.2932,-33.7214,8.7596],[151.2843,-33.7167,4.9257],[151.2825,-33.7136,0.0],[151.2747,-33.7237,8.4303],[151.2715,-33.7202,20.4503],[151.2738,-33.7181,0.0],[151.2707,-33.7177,0.8525],[151.2697,-33.7149,28.9541],[151.2812,-33.7087,10.1797],[151.2919,-33.7113,0.6423],[151.2919,-33.7146,3.5872],[151.2937,-33.7145,3.0594],[151.2955,-33.7109,3.5273],[151.2968,-33.7114,1.9479],[151.2978,-33.7036,4.3099],[151.3021,-33.7026,2.8664],[151.3051,-33.7036,2.1776],[151.307,-33.7023,10.1174],[151.3101,-33.704,0.0998],[151.3088,-33.7007,14.9311],[151.3107,-33.6978,18.2747],[151.3152,-33.6963,0.0],[151.3089,-33.692,29.3958],[151.3098,-33.6864,0.0],[151.3134,-33.68,0.0],[151.3175,-33.6787,0.0],[151.3159,-33.6779,3.6709],[151.3163,-33.6758,8.1341],[151.3204,-33.6749,0.0],[151.3181,-33.6713,0.0],[151.3191,-33.6678,13.802],[151.326,-33.6626,0.0],[151.3235,-33.6575,1.7108],[151.3235,-33.6535,0.8314],[151.3255,-33.6498,0.0],[151.3281,-33.6491,0.0],[151.3275,-33.6467,0.0],[151.3297,-33.6438,11.1123],[151.3343,-33.6438,0.0],[151.3319,-33.6364,3.2412],[151.3348,-33.6335,0.9625],[151.3401,-33.6333,1.4427],[151.3403,-33.6261,62.5584],[151.3429,-33.6249,22.0989],[151.3391,-33.6173,3.8828],[151.3336,-33.6163,57.8162],[151.3318,-33.6128,0.0],[151.3326,-33.6083,3.1404],[151.3364,-33.6066,0.0],[151.3361,-33.6046,0.0],[151.3311,-33.6018,41.347],[151.3301,-33.5993,0.0],[151.327,-33.6,8.1234],[151.3253,-33.597,11.8751],[151.3264,-33.5887,0.0],[151.3287,-33.5841,1.173],[151.3305,-33.5822,14.1733],[151.3353,-33.5823,0.0],[151.3294,-33.5782,50.3681],[151.3228,-33.5794,0.0],[151.3258,-33.5816,16.2093],[151.3259,-33.5838,9.0355],[151.3187,-33.5935,2.7994],[151.3198,-33.5963,16.7631],[151.3159,-33.6018,0.0],[151.3234,-33.609,20.3365],[151.3257,-33.6093,49.7105],[151.3268,-33.618,1.2238],[151.3281,-33.62,4.6644],[151.3305,-33.6202,3.7585],[151.3322,-33.6234,6.8215],[151.3213,-33.6211,0.0],[151.3161,-33.6142,0.0],[151.3158,-33.622,0.0],[151.317,-33.6239,0.0],[151.3149,-33.6311,0.0],[151.3111,-33.6348,20.3846],[151.3047,-33.6353,0.0],[151.3053,-33.638,0.0],[151.3094,-33.6392,43.8285],[151.3051,-33.644,7.0518],[151.3071,-33.6456,18.7349],[151.3069,-33.6476,20.6387],[151.3023,-33.6483,6.2199],[151.302,-33.652,0.9066],[151.304,-33.652,6.4263],[151.3049,-33.6571,0.8832],[151.3066,-33.6552,8.039],[151.3085,-33.6556,3.509],[151.3089,-33.6567,1.9756],[151.3068,-33.6582,0.0],[151.3083,-33.661,0.0],[151.3123,-33.6625,13.7725],[151.3097,-33.6634,12.828],[151.312,-33.6667,12.3776],[151.3101,-33.6669,6.6347],[151.3067,-33.6625,0.0],[151.3048,-33.6655,1.2884],[151.3011,-33.6672,2.6264],[151.3046,-33.6605,1.0304],[151.2973,-33.6591,4.4466],[151.2955,-33.6557,2.0251],[151.2892,-33.6534,14.1016],[151.2897,-33.6515,6.3951],[151.2869,-33.6499,10.2096],[151.2874,-33.648,5.4248],[151.2849,-33.6443,0.0],[151.2784,-33.6477,6.2985],[151.2778,-33.6498,0.0],[151.2804,-33.653,39.6055],[151.2767,-33.6518,8.3902],[151.2725,-33.659,39.2876],[151.2732,-33.6565,3.6655],[151.2698,-33.6562,38.3184],[151.2699,-33.6556,19.8986],[151.2738,-33.6554,2.8082],[151.2746,-33.6511,0.0],[151.2733,-33.6492,18.9932],[151.2755,-33.6464,7.1764],[151.2746,-33.6451,4.2306],[151.2811,-33.642,14.2834],[151.2768,-33.6381,6.3009],[151.2819,-33.6381,0.0],[151.2827,-33.6366,0.0],[151.2778,-33.637,28.2257],[151.2705,-33.6315,49.954],[151.2784,-33.6334,0.0],[151.2841,-33.6317,2.1752],[151.2837,-33.6294,44.2503],[151.2878,-33.6302,5.9067],[151.2905,-33.6285,0.0],[151.2832,-33.6241,3.3378],[151.2829,-33.6218,6.6885],[151.2873,-33.6228,38.7567],[151.2905,-33.6197,55.6285],[151.2945,-33.6229,40.5402],[151.3029,-33.6205,0.0],[151.3003,-33.6152,12.7856],[151.3032,-33.6123,0.0],[151.3017,-33.6102,4.4147],[151.3044,-33.6065,10.95],[151.3044,-33.6032,40.6096],[151.3018,-33.6026,0.0],[151.2955,-33.6059,2.6289],[151.2926,-33.6053,0.0],[151.3002,-33.595,0.6561],[151.3031,-33.5947,0.0],[151.3009,-33.5909,0.0],[151.3015,-33.5887,0.0],[151.3069,-33.5868,0.0],[151.3108,-33.5796,0.0],[151.308,-33.5755,5.9218],[151.306,-33.576,13.2573],[151.3018,-33.5733,34.389],[151.2929,-33.5719,20.1361],[151.2896,-33.5736,28.0927],[151.2836,-33.573,33.5866],[151.2812,-33.58,22.8238],[151.2764,-33.5829,7.0894],[151.2723,-33.583,83.7453],[151.273,-33.5889,43.2024],[151.2685,-33.5861,0.0],[151.2608,-33.59,42.8323],[151.2501,-33.588,37.5794],[151.249,-33.5901,0.0],[151.2508,-33.5937,4.7388],[151.2587,-33.5933,18.386],[151.2587,-33.5953,10.1342],[151.2626,-33.5977,24.5977],[151.2609,-33.5995,9.476],[151.2563,-33.5968,21.942],[151.252,-33.5981,18.5639],[151.2526,-33.6015,0.0],[151.2567,-33.6054,27.3633],[151.2543,-33.6037,24.0087],[151.2468,-33.6026,67.1728],[151.2464,-33.5963,55.5601],[151.2435,-33.5944,0.0],[151.2425,-33.5996,22.4006],[151.2391,-33.5997,18.0113],[151.2368,-33.6026,10.8815],[151.234,-33.602,7.0988],[151.2316,-33.6036,27.1269],[151.2272,-33.5986,16.461],[151.2246,-33.6002,47.1904],[151.2231,-33.6038,25.9188],[151.2194,-33.5997,8.5433],[151.2183,-33.6015,0.5],[151.221,-33.6059,61.5541],[151.2261,-33.6076,5.765],[151.2236,-33.6088,7.7005],[151.2249,-33.6144,27.2954],[151.2289,-33.6182,39.7423],[151.2236,-33.617,20.5775],[151.2227,-33.6126,0.5],[151.2185,-33.6091,4.7566],[151.2155,-33.6128,4.9937],[151.2046,-33.6156,13.0578],[151.2006,-33.6184,10.5556],[151.2001,-33.6205,31.2164],[151.1983,-33.6199,25.1771],[151.1962,-33.6222,46.5247],[151.1856,-33.6223,27.2816],[151.1822,-33.6281,43.8222],[151.1799,-33.6259,1.0],[151.1758,-33.6272,12.6697],[151.1732,-33.6264,27.6946],[151.1734,-33.632,48.9764],[151.1704,-33.6336,13.619],[151.1692,-33.637,64.4305],[151.1722,-33.6403,33.2259],[151.1669,-33.6378,1.0],[151.1652,-33.6389,11.6546],[151.1647,-33.6482,1.5],[151.1668,-33.6509,20.1542],[151.1631,-33.6494,1.5],[151.1609,-33.6506,37.2079],[151.1613,-33.6542,42.2415],[151.1639,-33.6559,32.5612],[151.1641,-33.6579,6.283],[151.1597,-33.6605,1.5],[151.1617,-33.6577,1.5],[151.1589,-33.6524,1.5],[151.1553,-33.6518,8.0504],[151.1496,-33.6553,47.4924],[151.1531,-33.6525,26.991],[151.1586,-33.6505,23.937],[151.1629,-33.6466,1.5],[151.1594,-33.6452,28.213],[151.162,-33.644,12.3031],[151.1623,-33.642,10.9635],[151.1585,-33.6411,80.2751],[151.1616,-33.6401,1.0],[151.1638,-33.6368,5.3849],[151.1623,-33.6359,45.474],[151.1665,-33.6346,5.5669],[151.1704,-33.6291,6.709],[151.1698,-33.6276,1.0],[151.1655,-33.6275,8.3958],[151.164,-33.6259,47.5996],[151.1666,-33.6266,8.3958],[151.1753,-33.6229,26.9802],[151.1756,-33.6202,21.8952],[151.1804,-33.6224,24.5422],[151.1872,-33.6179,86.3954],[151.1943,-33.6187,1.0],[151.1987,-33.6149,1.0],[151.1949,-33.6122,17.0614],[151.2014,-33.6123,31.8765],[151.2056,-33.6091,37.2379],[151.2084,-33.6105,12.0572],[151.2132,-33.6078,3.2318],[151.2131,-33.6017,0.5],[151.2079,-33.5997,30.1634],[151.2113,-33.5994,48.3541],[151.2139,-33.5969,9.2915],[151.2093,-33.5941,8.4458],[151.2043,-33.5929,0.5],[151.2014,-33.5963,51.8047],[151.2017,-33.5921,6.8446],[151.199,-33.5927,3.1677],[151.1954,-33.5909,0.5],[151.1891,-33.5928,22.2414],[151.1864,-33.5921,29.727],[151.1918,-33.5917,3.8848],[151.1924,-33.5891,28.1797],[151.2091,-33.591,37.6778],[151.2113,-33.59,21.5805],[151.2134,-33.5925,32.2212],[151.2195,-33.5943,18.1308],[151.2206,-33.594,0.5],[151.2203,-33.5916,47.2146],[151.2245,-33.5938,3.6057],[151.2252,-33.5918,17.3623],[151.2328,-33.594,19.9307],[151.2334,-33.59,0.0],[151.2354,-33.5897,0.0],[151.2375,-33.5859,22.5439],[151.2421,-33.5848,0.0],[151.244,-33.5828,17.4784],[151.2433,-33.5811,22.7699],[151.2471,-33.5791,36.7482],[151.2432,-33.5735,0.0],[151.2403,-33.5726,1.3078],[151.2403,-33.5704,17.292],[151.242,-33.5699,0.0],[151.2344,-33.5656,52.5702],[151.231,-33.5614,6.3414],[151.2256,-33.5674,0.0],[151.2264,-33.5705,8.384],[151.2235,-33.5722,16.9381],[151.2241,-33.575,37.493],[151.2219,-33.5759,14.3655],[151.2211,-33.5735,2.4453],[151.2153,-33.5717,24.4612],[151.2129,-33.5726,22.3579],[151.2141,-33.5692,14.3027],[151.2113,-33.5672,9.6816],[151.2139,-33.5666,6.021],[151.2203,-33.5703,0.0],[151.222,-33.5694,14.0609],[151.2187,-33.5649,23.0785],[151.2238,-33.5619,7.9992],[151.2256,-33.5589,23.9595],[151.2231,-33.5557,30.2672],[151.2284,-33.5544,73.9771],[151.229,-33.5513,0.0],[151.2314,-33.5508,0.0],[151.2303,-33.5478,10.1261],[151.2331,-33.5475,0.0],[151.2273,-33.5464,9.0207],[151.2314,-33.539,0.0],[151.2282,-33.5378,0.0],[151.2188,-33.542,11.0907],[151.2036,-33.5421,11.2823],[151.2022,-33.5441,45.9262],[151.2037,-33.5454,9.0832],[151.2092,-33.5451,5.2954],[151.229,-33.5415,0.0],[151.2258,-33.547,2.6558],[151.2192,-33.5455,1.1471],[151.1986,-33.55,11.9338],[151.1997,-33.5468,13.6561],[151.1983,-33.5438,2.7615],[151.1999,-33.5418,0.0],[151.1861,-33.5368,43.6236],[151.1851,-33.5293,21.4391],[151.1801,-33.5264,16.8706],[151.1812,-33.5254,11.7347],[151.177,-33.5148,47.4846],[151.1751,-33.5142,0.0],[151.1726,-33.5241,3.7528],[151.1642,-33.5291,0.0],[151.1637,-33.5324,12.8967],[151.1654,-33.5355,15.382],[151.17,-33.5387,20.1956],[151.1685,-33.5391,5.2994],[151.1606,-33.5342,0.0],[151.1549,-33.5337,5.5015],[151.1489,-33.5368,9.9899],[151.1486,-33.5398,0.0],[151.1549,-33.5429,63.9241],[151.1551,-33.5461,36.1439],[151.1585,-33.5491,0.0],[151.1653,-33.5517,17.1078],[151.1696,-33.5585,38.6414],[151.1666,-33.557,68.342],[151.1618,-33.5518,20.5579],[151.158,-33.5525,26.15],[151.1534,-33.5498,31.4878],[151.1517,-33.5515,27.8367],[151.1521,-33.5577,19.4396],[151.1598,-33.5621,44.0951],[151.1551,-33.5648,4.1663],[151.1592,-33.5682,60.0292],[151.1554,-33.5687,4.1115],[151.1554,-33.5702,6.322],[151.1622,-33.5758,18.3058],[151.1571,-33.5744,7.9422],[151.1501,-33.5686,0.5],[151.1464,-33.5721,26.5834],[151.1425,-33.5715,30.6678],[151.1409,-33.5731,42.9453],[151.1395,-33.571,1.0],[151.1337,-33.571,1.0],[151.1332,-33.5752,22.8885],[151.1369,-33.5793,44.4964],[151.1362,-33.581,18.502],[151.1416,-33.5835,4.6719],[151.1458,-33.5827,47.0404],[151.1438,-33.5836,8.1767],[151.1443,-33.587,48.9857],[151.1433,-33.5838,8.1767],[151.1348,-33.5841,14.2061],[151.1321,-33.5814,7.6704],[151.1303,-33.584,13.2592],[151.1261,-33.5848,61.8597],[151.1266,-33.5886,50.9256],[151.1235,-33.5858,1.5],[151.1216,-33.5889,10.2543],[151.1189,-33.5889,4.7579],[151.1194,-33.5918,2.0],[151.1245,-33.5949,55.5982],[151.1257,-33.6003,21.6],[151.1202,-33.5993,7.4788],[151.1227,-33.5965,31.942],[151.117,-33.5926,7.9671],[151.1161,-33.5875,1.5],[151.1097,-33.5901,57.6871],[151.1086,-33.5876,5.295],[151.1029,-33.5877,55.6706],[151.1075,-33.5862,28.0369],[151.1201,-33.586,14.6291],[151.1315,-33.5783,11.7652],[151.1296,-33.5773,49.7227],[151.1304,-33.573,11.3662],[151.1285,-33.5719,19.4665],[151.131,-33.5679,70.5155],[151.137,-33.5678,42.7196],[151.1415,-33.566,40.0521],[151.1443,-33.5677,6.5892],[151.1443,-33.5652,24.3044],[151.1422,-33.5647,40.0521],[151.1447,-33.5637,34.9399],[151.1476,-33.5656,19.0652],[151.1515,-33.562,0.5],[151.1465,-33.5579,0.0],[151.1484,-33.548,39.7941],[151.1471,-33.5468,19.6507],[151.1477,-33.544,15.4931],[151.1449,-33.5421,6.7196],[151.1407,-33.5448,0.0],[151.141,-33.5477,0.0],[151.1388,-33.5505,10.9296],[151.1324,-33.5502,23.0545],[151.1313,-33.5492,51.4595],[151.1376,-33.5464,9.036],[151.1283,-33.5416,19.2171],[151.1208,-33.5432,21.8365],[151.1195,-33.5457,7.758],[151.1169,-33.5462,12.4923],[151.1188,-33.5426,41.7782],[151.1216,-33.5405,54.1555],[151.1237,-33.5409,22.269],[151.127,-33.5376,28.6857],[151.1376,-33.542,13.014099999999999],[151.1405,-33.5388,16.606],[151.1411,-33.5321,43.8264],[151.1434,-33.5298,0.0],[151.1375,-33.5279,11.618],[151.1358,-33.5223,3.3778],[151.1264,-33.5311,11.54],[151.1315,-33.5227,52.8987],[151.1313,-33.5193,0.0],[151.1218,-33.5216,32.8054],[151.1225,-33.5188,26.1847],[151.1194,-33.513,38.6693],[151.1153,-33.5097,42.396],[151.1118,-33.5089,10.5374],[151.1115,-33.507,2.5671],[151.117,-33.5047,7.5745],[151.1302,-33.5051,16.4024],[151.1213,-33.5106,2.3843],[151.1255,-33.5178,22.4585],[151.1278,-33.5172,26.9498],[151.1293,-33.5133,19.6692],[151.1338,-33.5134,2.6213],[151.1362,-33.5147,52.5288],[151.1355,-33.5178,4.4146],[151.1391,-33.5197,3.8723],[151.1408,-33.5244,16.034],[151.1451,-33.5222,29.3573],[151.1485,-33.523,0.0],[151.1504,-33.5208,87.4663],[151.1539,-33.5239,6.5117],[151.1533,-33.521,5.9296],[151.1545,-33.5197,5.9296],[151.1522,-33.5174,14.4763],[151.1533,-33.5147,0.0],[151.1525,-33.5088,32.8445],[151.1553,-33.499,0.0],[151.1461,-33.4958,5.8972],[151.1425,-33.4966,12.8776],[151.1352,-33.4921,11.1507],[151.1321,-33.4928,14.2273],[151.1313,-33.4913,7.7676],[151.1345,-33.4881,4.042],[151.1384,-33.4907,32.3764],[151.1433,-33.491,16.8325],[151.1481,-33.4826,76.6741],[151.1503,-33.4745,34.9298],[151.1527,-33.4735,4.2003],[151.1555,-33.4671,1.1578],[151.1538,-33.4651,6.8188],[151.1463,-33.473,22.0763],[151.1384,-33.4754,16.9274],[151.1309,-33.4721,2.3127],[151.1262,-33.4667,1.1544],[151.1224,-33.4666,2.6832],[151.1209,-33.4682,3.6938],[151.1235,-33.4694,5.5027],[151.1143,-33.4725,4.0555],[151.1132,-33.4748,15.9456],[151.1087,-33.4774,6.9823],[151.1051,-33.4833,2.7969],[151.0976,-33.4835,13.5162],[151.09,-33.4806,11.0462],[151.0847,-33.4738,1.5021],[151.0799,-33.455,17.4249],[151.0798,-33.4488,8.4538],[151.0766,-33.4495,4.4886],[151.0786,-33.4581,18.2563],[151.0771,-33.4608,1.7131],[151.0719,-33.463,5.0714],[151.0719,-33.4614,0.0],[151.0685,-33.4601,0.0],[151.0691,-33.4569,10.1041],[151.0734,-33.4602,2.5026],[151.0756,-33.4582,2.6452],[151.073,-33.4525,5.3811],[151.0735,-33.4476,3.7151],[151.0786,-33.4451,9.1929],[151.0812,-33.4471,81.4159],[151.086,-33.4554,0.0],[151.0911,-33.4761,2.4999],[151.0934,-33.479,2.9321],[151.1016,-33.4807,3.5612],[151.1049,-33.4786,2.8111],[151.1074,-33.4709,1.8112],[151.1148,-33.4638,2.1492],[151.1227,-33.4625,8.9188],[151.1359,-33.4693,27.0683],[151.1403,-33.469,2.6967],[151.1432,-33.4602,3.4388],[151.1482,-33.4612,2.9592],[151.1455,-33.4546,16.0789],[151.1457,-33.4479,8.2703],[151.1522,-33.4481,5.4116],[151.1589,-33.4367,2.7588],[151.1619,-33.4369,1.7535],[151.1642,-33.4342,10.5266],[151.1654,-33.4302,1.3878],[151.1637,-33.4271,1.9318],[151.1664,-33.4267,0.0],[151.1709,-33.4312,12.9784],[151.1701,-33.4351,6.9481],[151.1729,-33.4381,9.643],[151.1689,-33.4394,0.0],[151.1671,-33.4423,42.345],[151.163,-33.4417,9.1437],[151.1595,-33.4506,35.1198],[151.1535,-33.455,8.0801],[151.1643,-33.4634,0.0],[151.1661,-33.4665,1.6621],[151.172,-33.4695,23.332],[151.1708,-33.4704,23.3673],[151.165,-33.4681,9.0454],[151.1622,-33.4706,7.3013],[151.1535,-33.4867,19.6912],[151.1537,-33.4886,3.4616],[151.16,-33.4885,10.665],[151.1626,-33.4933,4.9629],[151.1628,-33.4992,4.517],[151.1602,-33.5038,6.3745],[151.1598,-33.511,15.7764],[151.1644,-33.5153,3.5889],[151.1704,-33.5021,26.4487],[151.1745,-33.5005,21.5987],[151.1819,-33.5008,61.1279],[151.1897,-33.5115,41.846],[151.1926,-33.5235,0.0],[151.1951,-33.5244,38.3828],[151.197,-33.5275,11.2913],[151.1946,-33.5288,0.0],[151.1932,-33.5278,0.0],[151.1932,-33.5289,0.0],[151.195,-33.531,0.6834],[151.1948,-33.5291,0.0],[151.197,-33.5284,1.4142],[151.1981,-33.5304,3.6797],[151.1965,-33.5326,5.6795],[151.1994,-33.5361,1.29],[151.2036,-33.5291,1.391],[151.2021,-33.526,0.7878],[151.2045,-33.5249,0.0],[151.2047,-33.5206,0.0],[151.2032,-33.5196,18.8631],[151.2021,-33.5222,21.7644],[151.1993,-33.522,7.0711],[151.1984,-33.5155,4.3875],[151.1936,-33.512,55.2972],[151.1938,-33.5109,2.1829],[151.1959,-33.5122,0.0],[151.1945,-33.5077,15.5106],[151.1973,-33.5065,0.5],[151.1951,-33.5051,22.7453],[151.1936,-33.4953,95.7355],[151.1946,-33.4918,0.5],[151.1919,-33.4888,32.1929],[151.1957,-33.4889,26.0792],[151.2023,-33.4825,0.625],[151.2023,-33.4776,49.9236],[151.2059,-33.4776,38.2352],[151.2083,-33.4756,5.8533],[151.2102,-33.4768,2.6008],[151.2147,-33.4705,37.8141],[151.2153,-33.474,11.839],[151.2209,-33.4728,62.5092],[151.2212,-33.4761,41.9834],[151.2262,-33.4755,15.7014],[151.2286,-33.4727,74.0717],[151.232,-33.4731,1.25],[151.2317,-33.4687,1.5],[151.2285,-33.4663,74.7271],[151.2313,-33.4627,1.5],[151.2299,-33.4552,9.4914],[151.2375,-33.4538,31.5025],[151.2336,-33.4578,6.5543],[151.234,-33.4629,9.9055],[151.2327,-33.4653,1.5],[151.2371,-33.4685,44.2599],[151.2345,-33.4695,1.5],[151.235,-33.4737,20.1549],[151.2375,-33.4757,37.7285],[151.2302,-33.4765,7.8604],[151.2324,-33.4799,20.6026],[151.225,-33.4782,27.9913],[151.2223,-33.4806,18.7223],[151.2173,-33.4767,21.1016],[151.2143,-33.4764,43.753],[151.2122,-33.4801,1.0],[151.2127,-33.4862,72.7636],[151.2067,-33.4812,1.0],[151.1981,-33.4914,46.0113],[151.1976,-33.4952,0.5],[151.2002,-33.4985,11.8486],[151.1993,-33.5025,0.5],[151.2032,-33.5047,36.2129],[151.2015,-33.5089,0.25],[151.2062,-33.509,66.7768],[151.2076,-33.5136,0.0],[151.2104,-33.5133,28.8477],[151.2103,-33.5212,12.696],[151.2186,-33.5224,7.6439],[151.2194,-33.5205,18.1389],[151.2227,-33.5204,27.1948],[151.2267,-33.5219,14.4395],[151.2276,-33.5247,5.243],[151.2253,-33.5292,18.3255],[151.2269,-33.5305,21.8746],[151.2292,-33.5296,0.0],[151.2314,-33.5232,0.0],[151.2329,-33.5143,0.0],[151.2314,-33.5074,1.0786],[151.2397,-33.5043,3.3194],[151.2425,-33.4977,14.3706],[151.2471,-33.4966,15.7356],[151.2495,-33.4942,11.1746],[151.2558,-33.4938,0.0],[151.2657,-33.4849,21.794],[151.262,-33.49,14.7935],[151.2629,-33.4918,17.3388],[151.2575,-33.4963,49.932],[151.2591,-33.4991,19.045],[151.2542,-33.4966,16.6344],[151.2456,-33.4998,31.1826],[151.2443,-33.5056,0.0],[151.2471,-33.5083,27.3611],[151.2403,-33.5087,14.3009],[151.2373,-33.5109,41.2072],[151.2397,-33.5155,38.6722],[151.2376,-33.5195,77.0174],[151.241,-33.523,4.5597],[151.238,-33.5249,48.9029],[151.2368,-33.5281,0.0],[151.2511,-33.5291,46.5258],[151.255,-33.5353,0.0],[151.2533,-33.5432,0.0],[151.2459,-33.5556,0.0],[151.2512,-33.5587,6.0234],[151.2587,-33.5706,0.0],[151.2632,-33.5637,10.7852],[151.2658,-33.5632,37.4286],[151.2679,-33.565,0.0],[151.269,-33.5617,19.3992],[151.2711,-33.5613,0.0],[151.2675,-33.5567,30.6092],[151.2739,-33.5509,4.4169],[151.2776,-33.5512,16.2959],[151.2788,-33.5536,4.5504],[151.2856,-33.5532,0.0],[151.3019,-33.5569,0.0],[151.3098,-33.5546,0.0],[151.3086,-33.5509,69.9971],[151.3111,-33.5454,0.0],[151.3085,-33.5456,6.5937],[151.3078,-33.5433,4.8664],[151.3149,-33.5354,29.3473],[151.3117,-33.5342,0.0],[151.3125,-33.5301,1.8189],[151.319,-33.5261,4.9664],[151.3306,-33.5244,1.5259],[151.3364,-33.5152,0.0],[151.3438,-33.5176,0.9146],[151.3503,-33.5159,0.5495],[151.3487,-33.5115,1.8554],[151.345,-33.5105,1.0648],[151.3476,-33.5064,0.0],[151.352,-33.5069,0.0],[151.3526,-33.5114,0.0],[151.359,-33.5111,22.7986],[151.3585,-33.5164,9.9564],[151.3604,-33.5204,11.5446],[151.3634,-33.5209,6.4582],[151.362,-33.5231,10.8015],[151.3567,-33.5254,8.2521],[151.3546,-33.5212,0.0],[151.353,-33.5213,20.4889],[151.3502,-33.5255,5.6417],[151.3467,-33.5273,1.4486],[151.3446,-33.526,0.0],[151.3417,-33.5195,0.0],[151.3359,-33.5223,13.9482],[151.3396,-33.526,3.6451],[151.3411,-33.5303,0.0],[151.3382,-33.5329,11.0198],[151.337,-33.537,3.94],[151.3426,-33.5394,35.566],[151.3424,-33.543,0.0],[151.3454,-33.5472,5.7181],[151.3485,-33.5399,0.777],[151.3592,-33.5349,3.6272],[151.3597,-33.5329,18.2304],[151.3643,-33.5307,3.4349],[151.3726,-33.5289,0.0],[151.3746,-33.53,0.4312],[151.3736,-33.5315,0.0],[151.3784,-33.531,25.263],[151.3806,-33.5333,0.0],[151.3848,-33.5303,8.3152],[151.3869,-33.5246,30.8884],[151.3916,-33.5231,0.0],[151.396,-33.5249,30.5999],[151.394,-33.5281,0.0],[151.3971,-33.5265,0.0],[151.4048,-33.5287,0.0],[151.4064,-33.5281,0.0],[151.4069,-33.5252,5.7244],[151.4099,-33.5248,0.0],[151.4104,-33.5224,25.0242],[151.4171,-33.5233,0.0],[151.4215,-33.5184,0.0],[151.419,-33.5108,13.01],[151.4227,-33.5111,0.0],[151.4229,-33.5092,23.3977],[151.4292,-33.5052,15.3596],[151.4292,-33.5032,35.4365],[151.4252,-33.5001,2.923],[151.4279,-33.4946,3.6042],[151.4333,-33.4911,4.6056],[151.4387,-33.4923,20.5742],[151.4438,-33.4911,18.3075],[151.445,-33.487,32.8535],[151.4469,-33.4865,0.0],[151.4426,-33.4817,15.9451],[151.4436,-33.4793,0.0],[151.4415,-33.4767,0.0],[151.4407,-33.4713,0.0],[151.4366,-33.4701,2.5841],[151.4355,-33.468,1.0816],[151.4402,-33.4583,0.0],[151.4443,-33.4566,9.8718],[151.4495,-33.4512,8.3829],[151.4526,-33.4511,0.0],[151.4521,-33.4472,2.6417],[151.4501,-33.4462,0.0],[151.4496,-33.4479,3.614],[151.4467,-33.4478,1.7512],[151.4444,-33.4446,6.0787],[151.4435,-33.4413,0.0],[151.445,-33.4354,0.0],[151.4492,-33.4297,0.0],[151.4535,-33.4268,0.0],[151.4545,-33.4239,7.869],[151.4627,-33.4185,8.4007],[151.463,-33.4153,19.515],[151.4682,-33.4103,0.0],[151.4764,-33.4075,0.0],[151.4792,-33.4025,50.5188],[151.485,-33.3986,0.0],[151.4845,-33.3946,0.0],[151.4866,-33.3942,0.3277],[151.4872,-33.3909,0.4878],[151.4834,-33.3846,35.3458],[151.4887,-33.3818,0.1579],[151.4862,-33.3796,0.6743],[151.4874,-33.3745,6.3857],[151.4916,-33.3695,18.5845],[151.4995,-33.3649,0.0],[151.5003,-33.3626,19.2686],[151.503,-33.3635,0.0],[151.5044,-33.3625,0.0],[151.5032,-33.3612,0.0],[151.5017,-33.3623,0.0],[151.5002,-33.3604,21.0593],[151.5021,-33.3547,0.0],[151.5049,-33.3541,0.0],[151.5032,-33.3489,0.0],[151.5043,-33.3454,0.0],[151.5022,-33.3455,4.6928],[151.4989,-33.339,1.5046],[151.494,-33.3365,2.1509],[151.4903,-33.3385,1.2186],[151.4905,-33.3432,3.2328],[151.4849,-33.3547,5.5206],[151.4742,-33.3657,5.327],[151.4737,-33.3646,5.327],[151.4693,-33.3654,1.5957],[151.4635,-33.3632,2.8313],[151.4488,-33.3546,4.3985],[151.442,-33.3473,1.2737],[151.439,-33.3414,0.0],[151.4418,-33.3299,0.4428],[151.447,-33.3265,0.0],[151.4533,-33.3253,2.2148],[151.4654,-33.3276,1.5447],[151.4665,-33.3297,0.0],[151.4686,-33.3285,0.0],[151.449,-33.3199,0.2815],[151.445,-33.3122,1.2155],[151.445,-33.3089,0.0],[151.443,-33.3076,0.0],[151.4443,-33.3097,4.1193],[151.4421,-33.3095,0.0],[151.4416,-33.3071,2.2677],[151.4525,-33.2986,2.6099],[151.4605,-33.2983,0.5011],[151.465,-33.3019,0.0],[151.4679,-33.2995,0.0],[151.4652,-33.2979,2.4175],[151.4659,-33.2951,0.0],[151.4723,-33.2948,0.0],[151.4719,-33.2908,2.4058],[151.4736,-33.2898,0.0],[151.4735,-33.2852,3.5862],[151.4753,-33.2823,2.0978],[151.4862,-33.282,0.0],[151.4881,-33.2806,0.0],[151.4891,-33.277,6.4887],[151.4914,-33.2758,12.7008],[151.4913,-33.2687,15.8683],[151.4946,-33.2638,3.2588],[151.4999,-33.2624,6.1875],[151.5068,-33.2635,0.0],[151.5093,-33.26,0.9084],[151.5191,-33.2616,0.0],[151.5144,-33.2493,6.1255],[151.5161,-33.2425,5.3101],[151.507,-33.2321,2.5712],[151.507,-33.225,1.9029],[151.5086,-33.2227,6.5444],[151.5197,-33.2194,5.7608],[151.5264,-33.2201,2.4189],[151.5251,-33.2225,0.0],[151.5273,-33.2203,9.6963],[151.5269,-33.2253,0.0],[151.53,-33.2277,10.1161],[151.5285,-33.2319,3.6307],[151.5347,-33.2394,3.0686],[151.5382,-33.2357,6.6817],[151.5439,-33.236,1.5978],[151.5443,-33.2338,4.4776],[151.5476,-33.2331,0.0],[151.5609,-33.2398,0.0],[151.5622,-33.2373,3.6785],[151.5642,-33.2433,3.413],[151.5575,-33.25,0.0],[151.5579,-33.252,2.9385],[151.5563,-33.2508,0.0],[151.557,-33.2453,0.4832],[151.5532,-33.2442,0.0],[151.5533,-33.2461,2.6745],[151.5392,-33.2615,5.2969],[151.5204,-33.2627,0.0],[151.522,-33.2648,0.0],[151.5235,-33.2631,0.0],[151.529,-33.2632,0.0],[151.5373,-33.267,1.173],[151.5439,-33.2723,2.0768],[151.5456,-33.2777,13.094],[151.543,-33.2821,0.0],[151.522,-33.3012,1.228],[151.5154,-33.318,5.9127],[151.5104,-33.3255,0.0],[151.5028,-33.3269,1.8773],[151.5019,-33.3438,0.0],[151.5031,-33.3439,0.4897],[151.5091,-33.3314,2.0915],[151.5253,-33.315,0.8869],[151.5503,-33.2998,0.0],[151.5579,-33.2966,0.5749],[151.564,-33.2966,0.0834],[151.5626,-33.2944,0.0],[151.5642,-33.2918,0.0],[151.5703,-33.2895,0.0],[151.5717,-33.2857,1.1973],[151.579,-33.2822,0.3602],[151.5765,-33.2794,0.0],[151.574,-33.2807,4.8315],[151.5722,-33.2787,0.0],[151.5675,-33.2785,12.5345],[151.5674,-33.2762,1.2063],[151.5636,-33.2717,10.4855],[151.5618,-33.2621,4.4516],[151.5658,-33.2457,3.1181],[151.5739,-33.2339,4.2187],[151.5997,-33.2107,0.9555],[151.6121,-33.2021,2.1438],[151.6164,-33.2024,0.9648],[151.6203,-33.198,6.8044],[151.6251,-33.198,0.0],[151.6222,-33.1954,27.6888],[151.6241,-33.194,0.0],[151.6219,-33.1906,7.6111],[151.6228,-33.188,0.7178],[151.6293,-33.1871,7.8253],[151.6282,-33.1856,11.5279],[151.6301,-33.185,0.0],[151.6283,-33.1791,9.3402],[151.6309,-33.1768,0.0],[151.6387,-33.1758,0.3556],[151.6345,-33.1743,0.0],[151.6355,-33.1718,0.2337],[151.6316,-33.1703,18.1521],[151.6318,-33.1672,5.9827],[151.6364,-33.1658,0.0],[151.6367,-33.1645,0.0],[151.6344,-33.1627,4.0956],[151.6361,-33.1615,4.0956],[151.6339,-33.1612,0.6564],[151.6349,-33.1595,0.0],[151.6327,-33.1608,0.6564],[151.6301,-33.1586,3.7517],[151.63,-33.1542,0.0],[151.6339,-33.148,0.0],[151.6363,-33.1461,3.1845],[151.6387,-33.1468,0.0],[151.6387,-33.144,11.5153],[151.643,-33.1406,0.0],[151.6431,-33.1368,5.1036],[151.6446,-33.1373,0.0],[151.6428,-33.1347,6.516],[151.6447,-33.1325,0.0],[151.6427,-33.1307,0.0],[151.6443,-33.1286,3.9715],[151.647,-33.1287,0.6705],[151.6475,-33.1211,11.2144],[151.6535,-33.1207,0.0],[151.6516,-33.1193,0.0],[151.6479,-33.1197,11.2144],[151.6461,-33.1158,12.2996],[151.647,-33.1116,1.9214],[151.6523,-33.1026,3.6803],[151.6589,-33.0967,0.0],[151.6609,-33.0967,0.0],[151.6614,-33.0934,0.252],[151.6654,-33.0903,0.602],[151.6658,-33.0869,0.2297],[151.6607,-33.0885,2.1166],[151.6579,-33.0922,4.1973],[151.6521,-33.0907,0.8946],[151.6492,-33.0876,0.0],[151.642,-33.0872,0.3645],[151.6444,-33.0903,0.9382],[151.6425,-33.0902,0.8335],[151.6414,-33.0924,0.6497],[151.643,-33.0953,0.8691],[151.6456,-33.0942,0.7399],[151.6465,-33.0906,0.8397],[151.6493,-33.0902,0.6773],[151.6507,-33.0903,0.8946],[151.6496,-33.0913,0.3871],[151.6511,-33.0929,1.2673],[151.6534,-33.0935,3.3092],[151.6504,-33.0933,0.4461],[151.6494,-33.0957,0.9243],[151.6547,-33.0939,8.5276],[151.6492,-33.097,2.847],[151.6406,-33.0959,0.2629],[151.6386,-33.0919,1.3291],[151.6415,-33.0871,0.3645],[151.6373,-33.0842,1.49],[151.6382,-33.0725,0.0],[151.6361,-33.0693,0.0],[151.6337,-33.0708,0.345],[151.6286,-33.0796,0.9148],[151.6294,-33.0843,0.0],[151.6275,-33.0936,1.8667],[151.6241,-33.0959,6.9249],[151.6235,-33.0935,0.0],[151.6249,-33.0926,0.0],[151.6235,-33.0926,0.0],[151.6227,-33.0928,0.0],[151.6223,-33.0953,2.0014],[151.6174,-33.1008,0.0],[151.616,-33.111,27.4],[151.611,-33.1178,0.0],[151.6132,-33.1193,1.8376],[151.615,-33.1245,0.0],[151.6033,-33.1319,7.3987],[151.6023,-33.1369,0.0],[151.6044,-33.1395,1.1996],[151.6031,-33.1427,0.0],[151.6048,-33.1472,0.0],[151.6019,-33.1483,17.7035],[151.5979,-33.1468,11.4261],[151.5974,-33.1515,15.308],[151.601,-33.1573,1.9392],[151.5972,-33.1616,15.2625],[151.5953,-33.1618,7.5654],[151.5949,-33.1573,14.5105],[151.5879,-33.1499,17.0836],[151.5913,-33.1414,0.0],[151.5873,-33.1375,4.2583],[151.5912,-33.1318,0.0],[151.5871,-33.1309,1.0599],[151.5844,-33.1265,14.3686],[151.5891,-33.1236,0.0],[151.5905,-33.1202,1.847],[151.5888,-33.1186,0.0],[151.5894,-33.1156,0.0],[151.5805,-33.1053,0.0],[151.5814,-33.1027,0.0],[151.5792,-33.1041,0.0],[151.583,-33.1102,12.3212],[151.5851,-33.1192,9.2268],[151.5839,-33.1229,0.0],[151.5796,-33.1248,0.0],[151.5775,-33.1289,3.4469],[151.5727,-33.1323,7.3104],[151.5667,-33.1303,0.0],[151.5685,-33.1341,4.3261],[151.5667,-33.1363,4.8834],[151.5572,-33.1316,2.1669],[151.556,-33.1409,16.0361],[151.5528,-33.1457,0.0],[151.5673,-33.1506,6.318],[151.5719,-33.1548,3.9441],[151.5719,-33.1574,6.0892],[151.5647,-33.1676,2.9877],[151.5676,-33.1672,4.4054],[151.5689,-33.1686,3.9701],[151.5679,-33.1753,0.0],[151.5594,-33.1715,13.4741],[151.5535,-33.1629,8.4141],[151.5537,-33.1598,14.2313],[151.5482,-33.1572,1.9248],[151.5449,-33.1574,6.2533],[151.5442,-33.1508,1.4711],[151.5411,-33.1482,4.3202],[151.5412,-33.1438,4.2666],[151.5359,-33.1433,1.0995],[151.5377,-33.1454,9.4532],[151.5352,-33.1482,0.0],[151.535,-33.1521,0.0],[151.5302,-33.1608,3.2892],[151.5278,-33.1589,0.0],[151.5291,-33.1578,0.0],[151.5275,-33.1569,0.0],[151.5285,-33.1559,0.0],[151.5264,-33.1561,3.6747],[151.5276,-33.1558,0.0],[151.5261,-33.1527,12.4514],[151.5276,-33.1513,0.0],[151.5229,-33.1472,7.4715],[151.5273,-33.1391,0.0],[151.5222,-33.1386,2.4714],[151.5198,-33.1417,3.9566],[151.5098,-33.1377,7.8103],[151.5107,-33.1362,21.722],[151.5151,-33.1362,20.2743],[151.5133,-33.1372,0.0],[151.5146,-33.1375,0.0],[151.5178,-33.1355,13.4307],[151.5195,-33.1267,0.0],[151.5221,-33.1241,7.1277],[151.5236,-33.1244,19.486],[151.524,-33.129,0.0],[151.5259,-33.1307,3.959],[151.531,-33.1263,0.0],[151.5365,-33.1274,6.9276],[151.5418,-33.1261,2.5694],[151.5414,-33.1228,0.6516],[151.5394,-33.1221,0.0],[151.5401,-33.1234,3.2026],[151.5382,-33.1233,2.9276],[151.5362,-33.1162,1.2521],[151.5381,-33.1147,0.0],[151.5434,-33.1151,0.0],[151.5471,-33.1196,0.0],[151.5525,-33.1209,3.9205],[151.5524,-33.1188,3.2481],[151.5491,-33.1163,8.554],[151.5503,-33.1146,0.0],[151.5561,-33.1155,17.8333],[151.5581,-33.1179,16.7299],[151.5618,-33.1187,2.8877],[151.5651,-33.1178,1.2809],[151.5644,-33.1149,0.0],[151.5687,-33.1143,0.0],[151.5687,-33.1141,0.0],[151.5654,-33.1123,2.1442],[151.5642,-33.1106,0.0],[151.5651,-33.1006,0.0],[151.5598,-33.1,8.5907],[151.5591,-33.0936,2.5624],[151.5504,-33.0937,3.2756],[151.5484,-33.0886,0.0],[151.5484,-33.0914,6.1383],[151.5436,-33.0955,4.2362],[151.5378,-33.1046,5.9173],[151.5242,-33.1075,1.2852],[151.5204,-33.1053,3.8663],[151.5185,-33.1001,1.8215],[151.5138,-33.1052,2.8016],[151.5095,-33.1025,6.3781],[151.5136,-33.0964,0.0],[151.5099,-33.0948,10.7385],[151.5107,-33.0923,2.6194],[151.513,-33.0928,0.0],[151.5125,-33.09,4.7375],[151.515,-33.0931,0.0],[151.5173,-33.0906,2.6387],[151.5257,-33.091,4.3447],[151.5276,-33.0866,0.0],[151.534,-33.0855,2.0739],[151.536,-33.0802,0.0],[151.5416,-33.073,0.0],[151.5453,-33.0718,3.8226],[151.5504,-33.0737,2.4237],[151.5458,-33.0655,0.0],[151.5492,-33.0625,4.7932],[151.5539,-33.0609,24.7697],[151.559,-33.0623,10.2267],[151.5618,-33.0655,0.0],[151.5701,-33.0697,0.0],[151.5717,-33.0751,0.0],[151.5762,-33.0736,5.653],[151.5836,-33.0739,6.3592],[151.5859,-33.0717,2.9012],[151.5941,-33.0717,1.3412],[151.6059,-33.0796,20.8919],[151.6079,-33.0834,11.2134],[151.6072,-33.0852,0.0],[151.6138,-33.0821,4.5971],[151.6099,-33.0776,5.9907],[151.612,-33.075,0.0],[151.6101,-33.0738,2.8907],[151.6112,-33.0721,4.9341],[151.5991,-33.0716,13.654],[151.5915,-33.0675,0.0],[151.5839,-33.0708,2.1094],[151.5808,-33.0685,0.0],[151.581,-33.0651,0.0],[151.5871,-33.0638,2.8268],[151.5885,-33.06,11.0061],[151.582,-33.0566,5.9508],[151.5861,-33.0547,2.509],[151.5859,-33.0472,3.9508],[151.5945,-33.0568,0.0],[151.6001,-33.0593,0.0],[151.5981,-33.0539,0.6416],[151.599,-33.0519,7.0494],[151.5952,-33.0472,3.9045],[151.5947,-33.0433,8.4075],[151.6,-33.0411,0.0],[151.5932,-33.0382,5.3392],[151.5921,-33.0329,0.0],[151.5909,-33.0346,7.2464],[151.5872,-33.0348,8.045],[151.5773,-33.033,8.1555],[151.5817,-33.0323,0.3044],[151.5822,-33.0304,0.0],[151.5809,-33.0301,0.0],[151.5826,-33.0303,0.0],[151.5827,-33.0287,4.0335],[151.5851,-33.0305,1.7173],[151.5936,-33.0267,1.2467],[151.6048,-33.0325,2.0227],[151.6138,-33.0505,1.2769],[151.6154,-33.051,1.2769],[151.6157,-33.0494,5.9779],[151.6197,-33.048,0.0],[151.6148,-33.0417,19.7618],[151.6137,-33.0339,2.0673],[151.6102,-33.0312,1.9261],[151.6066,-33.0243,0.0],[151.6075,-33.0212,0.0],[151.5958,-33.0106,4.8157],[151.5997,-33.005,0.0],[151.5975,-33.0018,0.0],[151.5977,-32.9972,0.0],[151.5939,-32.9974,0.1258],[151.5899,-33.0045,0.0],[151.5887,-33.0026,3.6973],[151.5871,-33.003,5.1132],[151.5875,-33.0016,3.6973],[151.5926,-32.9982,1.1138],[151.5858,-32.9986,4.9406],[151.5841,-32.9961,3.9054],[151.5873,-32.9897,4.6519],[151.5891,-32.9893,3.3098],[151.5915,-32.9917,2.7325],[151.5911,-32.9939,0.8073],[151.5914,-32.9929,2.7325],[151.5987,-32.9963,0.0],[151.6012,-32.9944,20.8538],[151.608,-32.9966,6.4306],[151.6093,-32.9993,0.0],[151.6065,-33.0017,2.8236],[151.6102,-33.0069,4.5171],[151.6167,-33.0057,3.1325],[151.6149,-32.9964,27.3454],[151.6154,-32.9892,49.4852],[151.6186,-32.9865,0.0],[151.6184,-32.9827,1.5684],[151.621,-32.9762,0.0],[151.6172,-32.9789,5.1373],[151.6169,-32.9727,0.0],[151.6128,-32.9726,2.6931],[151.6093,-32.9682,2.3336],[151.6074,-32.9691,2.3336],[151.6081,-32.9661,1.9442],[151.6166,-32.9626,4.2254],[151.6264,-32.9667,8.6419],[151.6272,-32.9708,4.8068],[151.6306,-32.9736,1.2366],[151.6375,-32.971,7.0578],[151.6439,-32.9748,0.7988],[151.6451,-32.9805,2.7764],[151.6433,-32.9842,2.3584],[151.6295,-32.994,0.0],[151.6297,-32.9959,0.0],[151.639,-32.9993,4.4747],[151.6406,-33.004,4.6216],[151.6282,-33.011,0.9315],[151.6283,-33.0155,13.9113],[151.6335,-33.0285,2.0063],[151.6422,-33.0312,5.7799],[151.6497,-33.0302,4.9626],[151.6544,-33.0321,0.5164],[151.6575,-33.0361,1.1531],[151.6567,-33.0397,0.0],[151.6551,-33.0395,0.0],[151.6568,-33.0406,4.2296],[151.6545,-33.0432,0.0],[151.6544,-33.0485,0.3021],[151.6492,-33.05,0.0],[151.6526,-33.0511,1.8027],[151.6519,-33.0534,1.9951],[151.6487,-33.055,1.6249],[151.6439,-33.0538,1.9466],[151.6389,-33.0551,0.0],[151.6402,-33.0566,0.0],[151.6457,-33.0569,0.4316],[151.6496,-33.0628,4.3226],[151.6452,-33.062,1.487],[151.6412,-33.0645,1.0972],[151.6412,-33.0726,0.9962],[151.6452,-33.0759,4.8983],[151.6422,-33.0747,0.7709],[151.6427,-33.08,5.5923],[151.6418,-33.0775,0.8814],[151.6403,-33.085,0.1346],[151.6481,-33.0825,1.6388],[151.6611,-33.0838,0.0],[151.6577,-33.0789,2.7466],[151.6582,-33.0707,4.261],[151.6613,-33.0624,0.0],[151.6689,-33.0519,0.8205],[151.6818,-33.0399,0.0],[151.6981,-33.028,0.0],[151.7218,-33.014,23.0454],[151.7258,-33.0142,9.4479],[151.7287,-33.0107,27.2316],[151.7309,-33.0059,0.0],[151.73,-33.002,0.0],[151.7315,-32.9973,0.0],[151.7303,-32.9918,0.0],[151.732,-32.9897,0.0],[151.7283,-32.9856,38.7589],[151.7289,-32.9823,0.0],[151.7269,-32.9782,1.3347],[151.7316,-32.9721,0.0],[151.7377,-32.9681,0.0],[151.7379,-32.9629,3.9929],[151.7459,-32.9566,1.0287],[151.7538,-32.953,3.3476],[151.7576,-32.948,0.0],[151.7663,-32.9423,2.0185],[151.7699,-32.9419,0.0],[151.7716,-32.9392,29.4287],[151.7794,-32.9372,6.792],[151.7874,-32.9296,0.0],[151.791,-32.9301,0.0],[151.7912,-32.9276,3.4171],[151.7942,-32.9267,0.0],[151.7922,-32.9247,16.2748],[151.793,-32.9228,1.4984],[151.803,-32.9162,0.0],[151.803,-32.9159,0.0],[151.7975,-32.9181,6.6858],[151.7935,-32.9216,1.4984],[151.7912,-32.9214,2.7413],[151.7898,-32.9239,1.0443],[151.7855,-32.9255,1.5819],[151.7635,-32.9245,0.0],[151.7592,-32.9153,1.9562],[151.761,-32.9098,3.1403],[151.7598,-32.9083,0.9116],[151.7615,-32.9077,3.2477],[151.7634,-32.9079,3.4841],[151.7607,-32.913,0.0],[151.7629,-32.9139,2.2054],[151.7605,-32.9157,0.0],[151.7643,-32.9221,0.9899],[151.7685,-32.9214,0.0],[151.7686,-32.9168,0.9625],[151.7702,-32.9163,1.3537],[151.7742,-32.9229,3.4585],[151.777,-32.9236,0.3898],[151.7717,-32.9137,1.9487],[151.768,-32.8949,0.4809],[151.7468,-32.8814,5.9441],[151.7419,-32.8797,6.7322],[151.7336,-32.8797,6.8485],[151.7339,-32.8776,2.4505],[151.7444,-32.8766,0.6974],[151.7619,-32.8858,3.0821],[151.7746,-32.8896,3.4255],[151.7733,-32.8944,3.2485],[151.7749,-32.9023,1.2402],[151.7774,-32.9021,1.1255],[151.7829,-32.8941,0.0],[151.7838,-32.8849,2.1384],[151.7893,-32.8859,0.3773],[151.7939,-32.8829,2.1265],[151.7865,-32.8993,3.6799],[151.7776,-32.9114,0.0],[151.7806,-32.9187,0.2929],[151.7866,-32.9199,0.0],[151.7906,-32.9177,0.0],[151.7914,-32.9155,0.0],[151.7882,-32.9085,5.3826],[151.7889,-32.9018,2.4088],[151.7934,-32.8933,0.0],[151.8014,-32.8849,0.0],[151.8353,-32.8628,2.4424],[151.8854,-32.8382,0.0],[151.9259,-32.822,0.0],[151.9764,-32.8049,0.0],[152.0175,-32.793,0.0],[152.0531,-32.7853,2.6525],[152.0737,-32.7835,1.8027],[152.0798,-32.7891,0.0],[152.0837,-32.7877,6.114],[152.0849,-32.7901,0.0],[152.0858,-32.788,1.411],[152.0877,-32.788,0.0],[152.091,-32.7913,0.0],[152.0927,-32.7889,9.1117],[152.0951,-32.7903,0.9519],[152.0997,-32.788,3.2128],[152.1009,-32.7904,0.0],[152.1005,-32.7891,3.2128],[152.1041,-32.7877,6.9651],[152.1064,-32.7887,10.6597],[152.1055,-32.7899,0.7316],[152.1079,-32.7903,7.9445],[152.1086,-32.7935,0.0],[152.1098,-32.7911,7.8204],[152.1156,-32.7929,0.0],[152.1157,-32.7905,0.0],[152.1116,-32.7892,0.4369],[152.1117,-32.788,0.4369],[152.114,-32.7885,0.0],[152.1143,-32.7868,8.5573],[152.1207,-32.789,1.3142],[152.12,-32.7855,6.3911],[152.1233,-32.7848,3.3544],[152.1191,-32.7818,35.1273],[152.1217,-32.7811,12.8995],[152.1212,-32.78,12.8995],[152.1169,-32.7798,30.6706],[152.1162,-32.7774,0.0],[152.1169,-32.7742,2.753],[152.1216,-32.7692,22.8401],[152.1324,-32.7642,19.7788],[152.1341,-32.7663,0.0],[152.1359,-32.7653,5.0286],[152.1365,-32.7664,0.0],[152.1399,-32.7641,21.2965],[152.1399,-32.7658,1.9313],[152.1432,-32.7666,4.2243],[152.1447,-32.7656,0.0],[152.1436,-32.7642,8.176],[152.1483,-32.7659,0.5662],[152.149,-32.7637,10.3603],[152.1517,-32.7653,1.4107],[152.1525,-32.7639,13.8148],[152.1535,-32.7643,17.2726],[152.1538,-32.7655,1.0656],[152.1557,-32.7653,0.7293],[152.1561,-32.7637,6.3979],[152.1584,-32.7649,0.0],[152.1601,-32.7639,0.0],[152.1607,-32.7597,10.3186],[152.1636,-32.7606,1.3044],[152.1638,-32.7588,8.945],[152.1683,-32.762,0.0],[152.1695,-32.7598,0.9057],[152.1726,-32.7617,0.0],[152.1693,-32.7575,4.7795],[152.173,-32.7571,0.5441],[152.1721,-32.7565,0.5441],[152.176,-32.7548,0.0],[152.1729,-32.7521,21.1921],[152.1748,-32.7492,9.654],[152.1715,-32.7478,0.0],[152.171,-32.7444,4.7151],[152.1761,-32.7404,0.0],[152.1868,-32.7411,0.0],[152.1833,-32.7364,5.5258],[152.183,-32.7343,36.6927],[152.1844,-32.7338,2.6301],[152.183,-32.7303,5.6018],[152.1857,-32.7188,0.0],[152.1893,-32.7179,12.6676],[152.1881,-32.7144,23.5327],[152.189,-32.7131,23.5327],[152.1875,-32.7116,33.4766],[152.1857,-32.7111,0.0],[152.1826,-32.7143,0.0],[152.1823,-32.7183,10.3148],[152.1762,-32.7198,7.2349],[152.1682,-32.7172,0.0],[152.1619,-32.7096,7.4235],[152.1592,-32.7102,11.9698],[152.1573,-32.7137,8.913],[152.151,-32.7145,0.0],[152.1485,-32.7181,2.4498],[152.147,-32.7168,0.0],[152.1348,-32.7197,16.3466],[152.1291,-32.7201,8.3298],[152.1129,-32.7163,3.7177],[152.1071,-32.7181,4.6393],[152.1042,-32.7165,3.9582],[152.1059,-32.718,4.6393],[152.1036,-32.7162,0.0],[152.1012,-32.7194,16.709],[152.1044,-32.7226,0.6354],[152.1021,-32.7269,1.9468],[152.0911,-32.7282,3.7461],[152.084,-32.7249,8.9826],[152.0805,-32.7196,15.9184],[152.0766,-32.7195,0.0],[152.072,-32.707,0.0],[152.0684,-32.7066,4.3342],[152.0655,-32.6992,2.1058],[152.0638,-32.6985,6.6127],[152.062,-32.6993,0.0],[152.0623,-32.7009,13.42],[152.0609,-32.7006,0.0],[152.0629,-32.7025,6.4974],[152.0627,-32.7072,7.7086],[152.0595,-32.7103,0.0],[152.0634,-32.7123,5.0279],[152.0623,-32.7142,1.7035],[152.0652,-32.7146,8.3017],[152.0672,-32.7205,5.9177],[152.0665,-32.7242,7.258],[152.0719,-32.7267,2.1843],[152.0728,-32.7315,0.9518],[152.0696,-32.736,0.487],[152.06,-32.7359,1.4327],[152.0628,-32.7349,0.0],[152.0615,-32.7299,0.7963],[152.0624,-32.7257,0.0],[152.0587,-32.7251,0.7776],[152.0599,-32.7178,2.2543],[152.0586,-32.7162,0.0],[152.056,-32.7188,2.0389],[152.055,-32.7273,1.8207],[152.0485,-32.7287,0.8111],[152.0443,-32.7273,0.2922],[152.0402,-32.7297,0.3354],[152.0322,-32.7241,1.4742],[152.0215,-32.7204,5.1535],[152.0109,-32.7221,7.6833],[152.0126,-32.7242,2.527],[152.0098,-32.7269,5.4446],[151.9981,-32.7275,1.084],[151.9941,-32.7241,2.1518],[151.9944,-32.7223,2.9292],[151.9968,-32.722,0.6042],[151.9964,-32.7207,0.0],[151.9881,-32.7192,0.0],[151.9889,-32.7206,4.0886],[151.9873,-32.7258,0.4047],[151.9803,-32.7269,1.2547],[151.9774,-32.7288,0.357],[151.9735,-32.7274,0.0],[151.9685,-32.7314,8.9825],[151.9633,-32.7315,1.7499],[151.9592,-32.7346,10.1841],[151.9525,-32.7334,0.3653],[151.9447,-32.7392,2.5429],[151.9398,-32.7368,0.5879],[151.9364,-32.7369,0.4866],[151.9364,-32.7356,0.5402],[151.9411,-32.7334,0.2936],[151.9464,-32.734,0.2646],[151.9435,-32.7305,0.4007],[151.9419,-32.7226,0.1687],[151.9445,-32.717,0.241],[151.9482,-32.7152,0.3349],[151.963,-32.7127,0.4767],[151.9673,-32.7126,0.5521],[151.9693,-32.7147,0.0],[151.9718,-32.7082,0.124],[151.9782,-32.7058,0.6457],[151.9776,-32.6877,0.0],[151.9762,-32.6924,0.7911],[151.974,-32.6931,0.5945],[151.971,-32.6904,0.8621],[151.9637,-32.6919,0.652],[151.9633,-32.6952,0.577],[151.9601,-32.6974,0.8859],[151.9594,-32.6955,0.4454],[151.9614,-32.696,0.577],[151.9625,-32.6928,0.5333],[151.9568,-32.6923,1.5409],[151.9529,-32.6867,6.12],[151.9526,-32.6818,1.8411],[151.9549,-32.6774,1.8728],[151.9511,-32.6763,0.8195],[151.9494,-32.6767,0.6581],[151.9493,-32.6783,1.1149],[151.9486,-32.6769,0.3239],[151.9446,-32.6768,0.6753],[151.9459,-32.6747,0.3896],[151.9499,-32.6738,0.6744],[151.9495,-32.6714,6.6356],[151.9536,-32.6753,5.5141],[151.9563,-32.675,8.6519],[151.9593,-32.6682,0.674],[151.9578,-32.6668,0.9017],[151.9606,-32.6687,0.674],[151.9602,-32.6722,0.8132],[151.9635,-32.6714,0.7428],[151.9674,-32.6662,0.5668],[151.9656,-32.6617,0.0],[151.9684,-32.6544,0.0],[151.9699,-32.6538,4.7605],[151.9727,-32.6587,0.3366],[151.9808,-32.6617,0.3734],[151.9842,-32.6648,0.0],[151.9877,-32.6596,0.7102],[151.9916,-32.6596,1.1057],[151.9901,-32.6639,15.5642],[151.994,-32.6689,8.047],[152.0035,-32.67,0.0],[152.0064,-32.6675,4.594],[152.0122,-32.6678,0.8553],[152.0125,-32.6665,0.8553],[152.0131,-32.6691,1.1598],[152.0166,-32.6676,5.687],[152.0239,-32.6691,9.8696],[152.0256,-32.666,17.0073],[152.0298,-32.664,1.5303],[152.0297,-32.6663,1.6184],[152.0335,-32.6678,25.2467],[152.0319,-32.6694,1.9984],[152.0353,-32.6705,0.0],[152.033,-32.6736,0.0],[152.0353,-32.6745,5.502],[152.0346,-32.6768,0.0],[152.0401,-32.677,12.6886],[152.0424,-32.6797,0.0],[152.0466,-32.6748,0.0],[152.0438,-32.6604,0.0],[152.0477,-32.6568,0.0],[152.0485,-32.6537,7.2813],[152.0539,-32.6499,0.0],[152.0615,-32.65,1.1814],[152.0632,-32.6541,1.7536],[152.0603,-32.6593,8.8008],[152.0624,-32.661,18.0147],[152.0586,-32.6645,2.2654],[152.0616,-32.6661,6.6419],[152.0614,-32.6696,2.2483],[152.0594,-32.672,2.7508],[152.0535,-32.6737,0.0],[152.0504,-32.6765,5.0105],[152.0563,-32.6829,17.2156],[152.0631,-32.683,0.0],[152.0615,-32.6816,11.954],[152.0626,-32.6804,0.6914],[152.0658,-32.6815,8.9646],[152.0653,-32.6854,20.8383],[152.0606,-32.6846,16.7537],[152.0585,-32.686,4.1017],[152.0614,-32.6881,0.0],[152.0688,-32.6896,0.0],[152.0757,-32.6872,8.7588],[152.0822,-32.6879,10.3753],[152.088,-32.6836,1.6214],[152.0987,-32.6856,0.9982],[152.1075,-32.6807,2.0431],[152.1144,-32.6811,1.812],[152.1136,-32.6717,0.6086],[152.1206,-32.6628,2.0345],[152.12,-32.659,0.366],[152.1219,-32.6578,0.3585],[152.1277,-32.6663,0.0],[152.1367,-32.6686,1.3137],[152.1377,-32.671,0.0],[152.1274,-32.6765,0.0],[152.1283,-32.682,2.0136],[152.1292,-32.6831,0.0],[152.1288,-32.6808,2.6778],[152.1298,-32.6837,0.0],[152.1318,-32.6847,0.0],[152.1295,-32.6857,0.0],[152.1366,-32.6839,2.9326],[152.1399,-32.6858,0.0],[152.1386,-32.6847,0.0],[152.1414,-32.684,0.0],[152.1399,-32.6828,4.5354],[152.142,-32.6793,2.0937],[152.1455,-32.6774,0.0],[152.1465,-32.6789,1.5761],[152.1541,-32.6796,0.0],[152.1581,-32.6826,0.0],[152.1671,-32.6789,0.7455],[152.1731,-32.6783,0.0],[152.1817,-32.6831,0.7601],[152.1846,-32.6905,0.0],[152.1897,-32.6944,4.2777],[152.1918,-32.7005,9.2337],[152.1958,-32.7019,0.0],[152.2027,-32.7,32.2384],[152.205,-32.7012,14.4738],[152.2064,-32.7,0.0],[152.2055,-32.699,62.4727],[152.2086,-32.6977,5.0734],[152.2087,-32.6956,4.1039],[152.2018,-32.6937,1.758],[152.1919,-32.6943,0.0],[152.1867,-32.6854,0.0],[152.1862,-32.6761,0.0],[152.1877,-32.6661,0.0],[152.1957,-32.6479,7.5563],[152.2144,-32.6276,0.0],[152.2317,-32.6156,0.0],[152.2447,-32.6089,2.1396],[152.2637,-32.6021,2.2674],[152.2679,-32.6015,5.2199],[152.2693,-32.6038,2.7521],[152.2707,-32.6028,2.338],[152.2692,-32.6004,2.9012],[152.2708,-32.5987,1.2995],[152.285,-32.5948,0.0],[152.2894,-32.5884,0.5375],[152.3028,-32.5594,11.303],[152.3174,-32.5427,0.0],[152.3355,-32.5271,1.3046],[152.3642,-32.5087,4.8298],[152.407,-32.4902,0.0],[152.419,-32.4825,4.3184],[152.4483,-32.4708,4.1092],[152.4791,-32.4609,4.912],[152.4938,-32.4572,2.6156],[152.4995,-32.4576,18.5497],[152.515,-32.4521,0.9705],[152.5181,-32.4523,0.0],[152.5197,-32.455,0.0],[152.5196,-32.4483,0.0],[152.521,-32.4472,0.0],[152.5333,-32.443,0.0],[152.5399,-32.4435,0.0],[152.5375,-32.4336,0.0],[152.5296,-32.4346,10.2949],[152.5262,-32.4301,1.1427],[152.5231,-32.4315,3.5474],[152.5195,-32.4283,0.0],[152.5165,-32.4164,57.5603],[152.5181,-32.4129,7.6512],[152.5163,-32.4085,11.8581],[152.5194,-32.4021,0.0],[152.5183,-32.3997,10.9942],[152.5227,-32.3881,1.3008],[152.5277,-32.3808,0.0],[152.5302,-32.3793,10.0424],[152.5337,-32.3798,0.0],[152.5321,-32.3786,8.4893],[152.533,-32.3724,5.1849],[152.5299,-32.3707,10.0051],[152.5342,-32.3614,12.7307],[152.5345,-32.3556,9.2101],[152.5402,-32.3492,21.6092],[152.5445,-32.3489,0.0],[152.5411,-32.3463,27.8625],[152.5416,-32.3431,0.0],[152.5458,-32.3371,0.0],[152.5481,-32.3356,19.8741],[152.5508,-32.3366,0.0],[152.5517,-32.3346,12.0332],[152.5462,-32.3274,0.0],[152.5406,-32.3303,5.1169],[152.5364,-32.329,0.0],[152.5337,-32.323,10.732],[152.5293,-32.3192,0.0],[152.5308,-32.3168,1.7226],[152.5235,-32.3118,1.9358],[152.5237,-32.2944,0.0],[152.5268,-32.28,5.6035],[152.5367,-32.2593,0.0],[152.5511,-32.2399,1.705],[152.5581,-32.2333,0.0],[152.5619,-32.2334,0.0],[152.5619,-32.2314,20.7695],[152.5664,-32.2295,0.0],[152.5657,-32.2264,33.9617],[152.5674,-32.2244,3.9459],[152.5652,-32.2223,13.8922],[152.568,-32.2166,65.5563],[152.5709,-32.2156,0.0],[152.5675,-32.2115,16.5338],[152.5611,-32.2095,11.0309],[152.5606,-32.207,10.2538],[152.5432,-32.2016,20.6647],[152.5436,-32.1983,0.0],[152.5414,-32.1952,5.4369],[152.5379,-32.1941,0.0],[152.5365,-32.1869,0.0],[152.5379,-32.1846,0.0],[152.5362,-32.1828,0.0],[152.5307,-32.1804,5.3464],[152.5139,-32.1785,4.026],[152.5114,-32.1738,0.0],[152.509,-32.1726,0.0],[152.5062,-32.1647,5.4835],[152.5057,-32.145,2.3849],[152.5128,-32.117,0.0],[152.5189,-32.1045,0.0],[152.5264,-32.0938,7.0703],[152.5373,-32.0833,0.0],[152.544,-32.0801,0.0],[152.5479,-32.0736,0.0],[152.5478,-32.0708,0.0],[152.5441,-32.0699,5.7315],[152.5435,-32.0668,11.5502],[152.5482,-32.0581,0.0],[152.5426,-32.0504,4.3784],[152.5416,-32.0464,0.0],[152.5427,-32.0389,5.0122],[152.5477,-32.0286,5.006],[152.5615,-32.0125,11.5621],[152.5663,-32.0097,0.0],[152.5696,-32.0099,2.7324],[152.5655,-32.0066,6.742],[152.5659,-32.0039,6.3783],[152.5732,-31.9966,0.0],[152.5729,-31.9934,0.0],[152.5798,-31.9835,0.0],[152.5964,-31.9676,7.1316],[152.6088,-31.9471,0.0],[152.6447,-31.9129,1.5246],[152.6854,-31.8836,0.0],[152.691,-31.8777,0.0],[152.7009,-31.8758,0.4454],[152.7145,-31.8639,0.9009],[152.7449,-31.846,7.6197],[152.7546,-31.845,1.7735],[152.7546,-31.841,3.5799],[152.7512,-31.8384,0.0],[152.7504,-31.84,4.2978],[152.749,-31.8393,0.0],[152.7434,-31.8424,1.7322],[152.7366,-31.8365,9.2602],[152.7332,-31.8244,0.0],[152.7361,-31.8111,6.952],[152.7449,-31.7934,4.8492],[152.7639,-31.7688,0.0],[152.7977,-31.7336,0.0],[152.8019,-31.7329,1.3426],[152.8015,-31.7313,1.3426],[152.8036,-31.7298,6.5755],[152.8056,-31.7303,0.0],[152.8033,-31.7276,3.4326],[152.8033,-31.7257,16.3344],[152.8051,-31.7256,0.0],[152.804,-31.7226,0.0],[152.8001,-31.7205,10.5782],[152.8011,-31.7197,0.0],[152.7996,-31.7181,0.2358],[152.8011,-31.7182,0.0],[152.795,-31.7169,0.7367],[152.7928,-31.7108,0.0],[152.7963,-31.6976,7.8431],[152.8048,-31.682,8.821],[152.8157,-31.6683,1.6719],[152.8339,-31.6501,0.0],[152.8404,-31.6483,0.0],[152.8422,-31.6448,0.0],[152.8436,-31.6454,0.0],[152.8495,-31.6413,9.6201],[152.8481,-31.6401,1.9054],[152.8422,-31.6421,14.4279],[152.838,-31.6392,0.0],[152.8381,-31.6362,0.0],[152.8348,-31.6347,0.0],[152.834,-31.6289,0.0],[152.8398,-31.6101,2.0289],[152.8429,-31.6043,6.7643],[152.8483,-31.6016,0.0],[152.8479,-31.5982,10.4211],[152.8401,-31.5894,0.0],[152.8412,-31.5828,4.0096],[152.8453,-31.5729,2.0906],[152.8598,-31.5496,0.0],[152.8769,-31.5296,2.7668],[152.9257,-31.4826,3.3371],[152.9333,-31.4763,0.0],[152.9378,-31.4761,13.5362],[152.9381,-31.472,24.8181],[152.9342,-31.4673,6.2704],[152.9355,-31.46,12.7443],[152.9368,-31.4593,1.4541],[152.9332,-31.4581,7.8488],[152.9312,-31.4526,0.0],[152.9334,-31.4477,1.5156],[152.9268,-31.4432,3.3669],[152.9239,-31.4301,2.751],[152.9194,-31.429,1.5299],[152.9147,-31.4237,0.0],[152.9149,-31.4103,0.0],[152.9221,-31.3884,7.0425],[152.9377,-31.3608,6.1667],[152.9598,-31.3311,2.2277],[152.9678,-31.3231,0.0],[152.9721,-31.3226,7.1293],[152.9714,-31.3203,9.4404],[152.9739,-31.3149,0.5695],[152.9764,-31.3141,0.0],[152.9736,-31.3113,7.7458],[152.9705,-31.3127,0.0],[152.9683,-31.3119,1.2076],[152.9645,-31.3063,8.8451],[152.9654,-31.2914,9.2867],[152.968,-31.2845,18.5618],[152.9726,-31.2799,9.3881],[152.9714,-31.2784,23.9236],[152.9683,-31.2787,5.7893],[152.9667,-31.2746,0.0],[152.9706,-31.2611,0.0],[152.9687,-31.2539,0.0],[152.9712,-31.2526,1.9028],[152.9621,-31.2497,4.9585],[152.9602,-31.242,0.0],[152.9613,-31.2285,6.6042],[152.9665,-31.213,0.0],[152.9744,-31.1978,0.0],[152.9791,-31.1961,35.7105],[152.9793,-31.1944,74.1206],[152.9825,-31.1925,0.0],[152.9822,-31.1878,2.8433],[152.9842,-31.1867,0.0],[152.9785,-31.1871,1.5764],[152.9764,-31.184,0.0],[152.9755,-31.1794,2.2458],[152.9774,-31.1714,0.0],[152.9892,-31.1469,3.6134],[153.0066,-31.1234,0.0],[153.0423,-31.0851,1.3564],[153.0493,-31.0792,33.5548],[153.0553,-31.0794,6.9666],[153.0556,-31.0771,1.8854],[153.0535,-31.0757,42.7979],[153.055,-31.0747,0.0],[153.0542,-31.0741,0.0],[153.0548,-31.0729,0.0],[153.0536,-31.0699,34.0828],[153.0565,-31.0685,0.0],[153.0561,-31.0652,0.0],[153.0599,-31.0631,1.9184],[153.06,-31.0596,26.292],[153.0647,-31.0566,0.0],[153.0639,-31.0511,28.1141],[153.0646,-31.049,6.7979],[153.066,-31.0492,6.7979],[153.0658,-31.047,4.5537],[153.0544,-31.0537,0.0],[153.046,-31.0484,0.0],[153.041,-31.0414,7.5963],[153.0376,-31.0273,0.0],[153.039,-31.0032,0.8942],[153.0455,-30.982,0.8275],[153.0566,-30.9595,0.6748],[153.0798,-30.9309,0.0],[153.0851,-30.9257,5.1249],[153.0892,-30.9241,0.0],[153.0892,-30.9211,0.0],[153.0905,-30.9221,2.1454],[153.0862,-30.9176,13.3423],[153.0868,-30.9133,24.6432],[153.0886,-30.9132,4.7766],[153.0883,-30.9117,31.0408],[153.0887,-30.9113,31.0408],[153.0844,-30.9091,22.9894],[153.0851,-30.9068,0.0],[153.0817,-30.9061,0.0],[153.082,-30.9,0.0],[153.0842,-30.8975,6.2214],[153.0831,-30.8934,0.0],[153.0804,-30.8931,37.7427],[153.0765,-30.8891,22.0779],[153.0775,-30.8804,10.8516],[153.076,-30.8782,25.3398],[153.0664,-30.8751,0.3767],[153.069,-30.8818,2.052],[153.0658,-30.8848,5.3116],[153.0603,-30.8867,3.7958],[153.0517,-30.8861,0.0],[153.0443,-30.8824,0.0],[153.0372,-30.8825,0.0],[153.0288,-30.8725,0.0],[153.0225,-30.8728,1.0739],[153.0115,-30.8564,0.0],[153.005,-30.8383,0.0],[153.0019,-30.821,0.0],[153.0009,-30.8011,0.0],[153.0033,-30.794,0.0],[152.9991,-30.7931,8.5686],[152.9973,-30.7861,0.0],[152.9985,-30.7622,0.0],[153.0009,-30.7581,0.0],[153.0,-30.7556,14.8512],[153.0016,-30.7542,1.0919],[153.0004,-30.7512,0.0],[153.0017,-30.7486,0.0],[152.9986,-30.7464,0.0],[152.9977,-30.7431,6.7998],[152.9957,-30.7446,3.7218],[152.9926,-30.7434,0.0],[152.9895,-30.737,3.8739],[152.9883,-30.7271,0.0],[152.9899,-30.7075,4.1061],[152.9936,-30.6907,0.0],[153.0002,-30.6728,0.0],[153.0121,-30.6515,0.0],[153.0192,-30.6494,0.0],[153.0204,-30.6476,0.2679],[153.0169,-30.6437,0.0],[153.0176,-30.6406,0.0],[153.0152,-30.6371,0.0],[153.0101,-30.6155,0.0],[153.0116,-30.6009,0.0],[153.0145,-30.5958,6.0027],[153.0124,-30.5816,4.5529],[153.0171,-30.5641,0.0],[153.0226,-30.5535,4.4112],[153.0296,-30.547,0.0],[153.0261,-30.5429,7.3247],[153.025,-30.5336,10.1865],[153.0324,-30.503,1.9097],[153.0317,-30.499,0.0],[153.036,-30.4857,0.0],[153.0492,-30.4624,6.5797],[153.0679,-30.4396,2.1593],[153.0763,-30.4319,0.0],[153.0721,-30.425,3.4595],[153.0758,-30.4106,2.6109],[153.0806,-30.4009,3.143],[153.0903,-30.3872,0.8808],[153.1002,-30.376,0.0],[153.1045,-30.377,5.3158],[153.1036,-30.3666,0.0],[153.1098,-30.3561,0.0],[153.1063,-30.3544,0.0],[153.1134,-30.3406,7.176],[153.1248,-30.3262,1.2711],[153.1361,-30.3159,6.1765],[153.1429,-30.3122,4.5414],[153.1488,-30.3138,0.0],[153.1529,-30.3095,0.0],[153.1528,-30.309,0.0],[153.15,-30.3115,0.0],[153.1481,-30.3118,11.4208],[153.1401,-30.3099,13.9053],[153.1401,-30.3065,5.9177],[153.1425,-30.3031,0.0],[153.1502,-30.3065,0.0],[153.1546,-30.3051,10.3936],[153.1527,-30.3037,3.7564],[153.1487,-30.305,28.8585],[153.146,-30.3024,0.7188],[153.141,-30.3016,2.3527],[153.1398,-30.2994,9.4672],[153.1409,-30.2843,0.0],[153.1478,-30.2776,6.2387],[153.1442,-30.2767,9.5655],[153.1428,-30.2746,0.0],[153.1439,-30.2706,11.0098],[153.1474,-30.2709,2.333],[153.1475,-30.2697,2.333],[153.1452,-30.2677,0.0],[153.1415,-30.2681,30.0381],[153.1397,-30.2667,10.4821],[153.1404,-30.2643,0.0],[153.1383,-30.2626,0.0],[153.14,-30.2578,18.6707],[153.1414,-30.2578,0.0],[153.1402,-30.2559,11.8755],[153.1438,-30.2477,5.0863],[153.1552,-30.2339,0.0],[153.1538,-30.2323,4.337],[153.1545,-30.2281,5.5735],[153.1612,-30.2156,0.0],[153.1639,-30.2145,4.4294],[153.1617,-30.2118,0.0],[153.1618,-30.209,0.0],[153.167,-30.198,12.0366],[153.1847,-30.1778,6.8107],[153.1906,-30.1787,4.8028],[153.1933,-30.1771,1.064],[153.1896,-30.1762,7.0171],[153.1899,-30.1737,3.8108],[153.192,-30.1722,1.7663],[153.1898,-30.17,0.0],[153.192,-30.1661,4.9774],[153.1949,-30.1646,0.0],[153.1949,-30.1625,2.4163],[153.2009,-30.1577,9.1377],[153.2067,-30.157,1.2798],[153.2023,-30.156,0.0],[153.2008,-30.1539,3.0702],[153.2011,-30.1474,7.8485],[153.2038,-30.1462,0.0],[153.2004,-30.1449,5.6834],[153.1996,-30.1411,10.3107],[153.2011,-30.1345,6.5006],[153.205,-30.1294,0.0],[153.2044,-30.1243,0.0],[153.207,-30.1165,0.0],[153.209,-30.113,0.0],[153.2131,-30.1132,0.0],[153.2123,-30.1118,3.38],[153.2137,-30.1097,0.0],[153.2051,-30.108,3.976],[153.2028,-30.1091,1.0246],[153.1998,-30.1046,8.4645],[153.1994,-30.0991,2.4293],[153.2017,-30.0945,0.0],[153.2008,-30.0865,3.2688],[153.2034,-30.0783,0.0],[153.206,-30.0775,2.7169],[153.2036,-30.0757,0.8785],[153.2033,-30.0729,0.0],[153.2048,-30.0699,0.0],[153.2079,-30.0685,6.009],[153.2026,-30.0654,0.0],[153.2034,-30.0606,0.0],[153.2063,-30.0583,0.0],[153.2007,-30.0595,0.0],[153.1963,-30.0549,0.0],[153.1956,-30.0485,0.0],[153.1968,-30.0415,0.0],[153.2184,-30.0031,6.6296],[153.2319,-29.9837,0.0],[153.2345,-29.9821,2.8126],[153.2334,-29.9798,0.0],[153.2539,-29.9525,0.6735],[153.2581,-29.9503,0.1184],[153.2601,-29.9519,0.0],[153.2613,-29.9474,0.3774],[153.2583,-29.9472,0.7815],[153.2577,-29.9441,0.0],[153.2589,-29.9412,6.3263],[153.2618,-29.9399,0.0],[153.263,-29.9348,5.706],[153.2611,-29.9306,22.3629],[153.2727,-29.9172,0.0],[153.2713,-29.9132,19.5821],[153.2727,-29.9088,0.0],[153.2719,-29.9036,33.7582],[153.2746,-29.8947,0.0],[153.2769,-29.8933,0.0],[153.2741,-29.8916,0.0],[153.2718,-29.8924,9.9521],[153.2675,-29.8857,0.862],[153.2666,-29.8787,0.0],[153.2677,-29.8649,3.8292],[153.2743,-29.8482,0.0],[153.2825,-29.8338,0.0],[153.2863,-29.8304,3.3682],[153.2887,-29.8308,1.7915],[153.2903,-29.8264,25.5819],[153.2944,-29.8251,3.8968],[153.2873,-29.8056,0.0],[153.288,-29.7983,10.327],[153.295,-29.7851,0.0],[153.2993,-29.7806,1.9327],[153.3016,-29.7808,0.0],[153.3029,-29.7792,0.0],[153.3039,-29.7745,0.0],[153.3011,-29.7744,0.0],[153.2973,-29.7702,4.2214],[153.2961,-29.7661,15.6454],[153.2982,-29.7646,0.0],[153.2958,-29.7625,5.7766],[153.2977,-29.7606,0.0],[153.2953,-29.7608,0.0],[153.292,-29.7559,3.3592],[153.296,-29.7368,4.4554],[153.3052,-29.7154,0.0],[153.3194,-29.6941,0.0],[153.3266,-29.6868,0.0],[153.3299,-29.6862,2.4813],[153.33,-29.6828,8.1561],[153.3316,-29.6817,8.1561],[153.3303,-29.6803,3.4573],[153.334,-29.6746,0.0],[153.331,-29.6731,0.0],[153.3307,-29.6706,0.0],[153.3281,-29.6732,0.0],[153.3229,-29.6705,4.0972],[153.3207,-29.6631,1.2433],[153.3211,-29.6535,3.7443],[153.323,-29.644,3.8075],[153.33,-29.6258,0.0],[153.3362,-29.6161,2.669],[153.3412,-29.6127,13.7024],[153.3428,-29.6083,0.0],[153.341,-29.61,7.1407],[153.3359,-29.6065,0.0],[153.3318,-29.5961,0.0],[153.3324,-29.5866,2.4048],[153.3374,-29.5736,8.7094],[153.3385,-29.5644,1.3887],[153.3472,-29.5502,0.0],[153.3472,-29.5452,1.6581],[153.3511,-29.5369,0.0],[153.3566,-29.5298,0.0],[153.3607,-29.5303,0.0],[153.3598,-29.528,21.0257],[153.3626,-29.5254,0.0],[153.3587,-29.5241,0.0],[153.3576,-29.521,7.895],[153.3584,-29.5167,15.8293],[153.3607,-29.5148,0.0],[153.3599,-29.5101,42.8508],[153.3632,-29.5044,0.0],[153.3587,-29.4961,2.595],[153.3638,-29.4857,0.0],[153.3658,-29.4838,1.3147],[153.3688,-29.4841,0.0],[153.365,-29.482,0.0],[153.364,-29.4779,0.0],[153.3606,-29.4772,0.0],[153.3617,-29.4726,0.0],[153.3592,-29.4716,13.6077],[153.3584,-29.4658,14.8883],[153.3659,-29.4453,1.8075],[153.3701,-29.4401,0.0],[153.3728,-29.4403,0.5714],[153.3724,-29.4377,0.0],[153.3682,-29.4384,9.7622],[153.365,-29.4356,0.0],[153.366,-29.4321,3.1977],[153.364,-29.4302,0.0],[153.3648,-29.4282,0.0],[153.3716,-29.4286,0.0],[153.3728,-29.4251,0.0],[153.3633,-29.4216,0.0],[153.367,-29.4047,0.0],[153.3699,-29.3993,4.7457],[153.3723,-29.3992,2.3222],[153.374,-29.3963,0.0],[153.3729,-29.3943,0.0],[153.3692,-29.3935,0.0],[153.3682,-29.3898,10.072],[153.3702,-29.3852,0.0],[153.3727,-29.3851,0.0],[153.3705,-29.3844,1.2757],[153.3728,-29.3812,0.6975],[153.3703,-29.38,1.5966],[153.3701,-29.3767,0.0],[153.3717,-29.372,0.0],[153.3744,-29.3711,0.2722],[153.3767,-29.3656,0.0],[153.3755,-29.3666,0.2422],[153.374,-29.3628,0.0],[153.3736,-29.3644,0.0],[153.3673,-29.364,0.0],[153.3633,-29.3599,0.0],[153.3644,-29.3574,0.0],[153.3629,-29.3554,0.0],[153.3606,-29.3596,7.3092],[153.3539,-29.3577,0.0],[153.3444,-29.3444,0.0],[153.341,-29.3326,4.833],[153.3403,-29.3204,0.0],[153.3443,-29.2966,0.0],[153.3589,-29.265,1.9761],[153.3734,-29.2424,1.4209],[153.3866,-29.2264,1.9826],[153.392,-29.2143,0.0],[153.4005,-29.2014,1.0934],[153.4188,-29.1777,3.5171],[153.4465,-29.1525,4.583],[153.4533,-29.1419,0.0],[153.4567,-29.1402,3.3212],[153.4571,-29.1381,7.7333],[153.4528,-29.1388,5.242],[153.4486,-29.1334,1.4891],[153.4514,-29.1189,0.0],[153.4476,-29.1158,0.0],[153.4437,-29.1163,33.5072],[153.4373,-29.1141,0.0],[153.4379,-29.1127,0.0],[153.4353,-29.1131,2.0581],[153.4328,-29.1008,0.0],[153.4351,-29.0858,0.0],[153.4415,-29.0653,0.0],[153.4519,-29.0413,0.0],[153.464,-29.0187,3.0665],[153.498,-28.9715,3.653],[153.5395,-28.9231,1.7158],[153.5795,-28.8817,0.0],[153.5864,-28.8763,0.9716],[153.5901,-28.8776,0.0],[153.5844,-28.8754,2.2401],[153.5822,-28.875,2.8015],[153.5769,-28.8777,1.1999],[153.5742,-28.8767,0.0],[153.5729,-28.8769,0.0],[153.5719,-28.878,0.0],[153.574,-28.8771,0.0],[153.5746,-28.8782,3.5229],[153.5707,-28.8851,8.9696],[153.5598,-28.8814,4.1376],[153.5551,-28.878,3.1904],[153.547,-28.8767,4.0404],[153.5414,-28.8783,2.1617],[153.5361,-28.8766,5.6827],[153.5302,-28.8779,8.1506],[153.5269,-28.8729,1.5375],[153.5291,-28.8711,1.3762],[153.5458,-28.8669,1.6598],[153.5545,-28.8689,2.5229],[153.5637,-28.8735,0.6566],[153.5707,-28.8728,1.5132],[153.5717,-28.874,0.0],[153.571,-28.8727,1.5132],[153.5768,-28.8698,0.0],[153.5705,-28.864,0.0],[153.5711,-28.8493,0.0],[153.5703,-28.8505,1.329],[153.5691,-28.8475,0.5954],[153.5647,-28.8485,1.4573],[153.5634,-28.8471,3.0184],[153.5663,-28.8435,5.8872],[153.5672,-28.8448,1.0584],[153.5749,-28.8402,0.6842],[153.5766,-28.8412,0.6481],[153.5725,-28.8425,0.7812],[153.5721,-28.8445,0.404],[153.5746,-28.8465,4.1045],[153.5717,-28.8459,1.2745],[153.5712,-28.8477,2.6211],[153.5747,-28.8502,11.905],[153.5742,-28.8541,0.0],[153.5785,-28.8604,1.8698],[153.577,-28.8684,0.0],[153.5811,-28.8681,0.375],[153.5835,-28.8712,0.9278],[153.592,-28.8756,0.0],[153.5897,-28.8734,0.0],[153.5944,-28.866,2.5489],[153.5942,-28.8639,3.3909],[153.5988,-28.8595,2.7048],[153.5985,-28.8551,0.0],[153.6056,-28.844,0.0],[153.6088,-28.8432,0.0],[153.6054,-28.8416,0.0],[153.6046,-28.839,3.8719],[153.6058,-28.8319,0.0],[153.6079,-28.8304,0.0],[153.6064,-28.8235,3.1855],[153.6079,-28.8221,0.0],[153.6049,-28.8209,5.1739],[153.6039,-28.8177,1.7783],[153.6062,-28.8086,0.0],[153.5965,-28.8011,4.3364],[153.5951,-28.7971,0.0],[153.5958,-28.7753,2.7926],[153.61,-28.7341,0.0],[153.6134,-28.7279,28.5336],[153.6158,-28.727,0.0],[153.6164,-28.7231,0.0],[153.6189,-28.7222,6.547],[153.6158,-28.7177,0.0],[153.6179,-28.7155,0.0],[153.617,-28.7104,4.1769],[153.6191,-28.7058,1.8874],[153.6153,-28.7049,11.9962],[153.6135,-28.7011,10.6486],[153.6176,-28.6782,5.2089],[153.6298,-28.6495,12.4235],[153.6346,-28.6426,17.9584],[153.6372,-28.6427,13.4156],[153.6386,-28.6335,0.0],[153.6334,-28.6365,13.3777],[153.6284,-28.6361,0.0],[153.6228,-28.6421,3.6763],[153.6114,-28.6402,4.9129],[153.6008,-28.634,1.1962],[153.5907,-28.6248,0.0],[153.5806,-28.6108,1.0576],[153.5706,-28.5945,0.0],[153.5632,-28.5737,0.0],[153.5584,-28.5517,0.0],[153.5572,-28.5408,0.0],[153.5583,-28.5382,0.0],[153.5547,-28.5356,0.0],[153.5535,-28.5319,4.2348],[153.552,-28.5088,0.0],[153.5525,-28.4777,3.3872],[153.5584,-28.4349,0.0],[153.5746,-28.3719,0.0],[153.5781,-28.3643,10.2093],[153.5807,-28.363,0.0],[153.5789,-28.3596,0.0],[153.5768,-28.3598,0.8566],[153.575,-28.3524,0.0],[153.5759,-28.3395,3.3148],[153.5782,-28.3358,3.2139],[153.5726,-28.3333,1.2813],[153.5714,-28.3271,0.0],[153.5761,-28.2954,4.3369],[153.5863,-28.258,0.0],[153.5755,-28.2528,0.0],[153.57,-28.2431,7.4046],[153.5672,-28.2316,2.2638],[153.567,-28.2189,0.0],[153.5687,-28.2057,0.0],[153.5714,-28.1994,0.0],[153.5669,-28.1959,0.0],[153.5619,-28.1877,1.1657],[153.5564,-28.17,0.0],[153.5501,-28.1713,2.7879],[153.5486,-28.1755,0.0],[153.5645,-28.1997,5.8558],[153.5652,-28.205,3.8138],[153.5614,-28.218,0.0],[153.5539,-28.2281,0.0],[153.5557,-28.233,1.8644],[153.5531,-28.2377,0.0],[153.5413,-28.2434,2.3472],[153.5373,-28.2404,0.0],[153.5439,-28.238,0.0],[153.5411,-28.2384,0.0],[153.5386,-28.239,1.4969],[153.5411,-28.2376,1.2758],[153.5388,-28.237,5.1772],[153.5398,-28.236,4.0669],[153.5427,-28.2377,1.2066],[153.5409,-28.2356,4.0669],[153.544,-28.236,0.8637],[153.5458,-28.2326,3.0248],[153.547,-28.233,0.0],[153.5445,-28.2363,4.6917],[153.54461459459461,-28.237274054054055,4.6917],[153.5482,-28.2309,0.0],[153.5475,-28.2306,3.3884],[153.5417,-28.2344,16.9367],[153.5479,-28.2257,6.0249],[153.5545,-28.2248,0.0],[153.5567,-28.218,2.7174],[153.5545,-28.2205,4.679],[153.5544,-28.2177,14.4651],[153.5585,-28.2178,7.426],[153.5596,-28.2161,5.9141],[153.5573,-28.216,11.9443],[153.5547,-28.2093,1.0125],[153.5573,-28.2078,7.4159],[153.5583,-28.21,0.0],[153.5618,-28.2085,5.1076],[153.5618,-28.2071,4.381],[153.5592,-28.1995,1.1279],[153.5544,-28.1929,0.0],[153.5501,-28.1953,4.3601],[153.5429,-28.1944,2.0771],[153.5415,-28.1882,3.3922],[153.5379,-28.1838,0.0],[153.5362,-28.1881,1.8],[153.5383,-28.1889,4.2583],[153.5353,-28.1916,1.5487],[153.5167,-28.1939,0.6143],[153.5139,-28.2088,13.5335],[153.5098,-28.2128,3.3944],[153.5098,-28.2176,7.1684],[153.5174,-28.2166,5.2702],[153.5204,-28.2193,6.2544],[153.5201,-28.2211,7.171],[153.5053,-28.2244,0.0],[153.5019,-28.2197,2.0495],[153.4946,-28.2201,4.3792],[153.493,-28.2164,2.5937],[153.5005,-28.2146,0.0],[153.4979,-28.2117,26.0073],[153.4976,-28.2087,27.3744],[153.5001,-28.206,0.0],[153.4938,-28.2071,10.3276],[153.4991,-28.2001,8.001],[153.5033,-28.1981,0.0],[153.5082,-28.1997,0.0],[153.508,-28.1942,3.8578],[153.5088,-28.1998,4.6367],[153.507,-28.2029,0.8848],[153.5098,-28.2031,0.0],[153.5122,-28.2004,1.7195],[153.511,-28.196,0.4274],[153.5124,-28.1936,1.5335],[153.5104,-28.1913,2.2431],[153.5083,-28.1934,3.8578],[153.5088,-28.19,0.0],[153.5226,-28.1883,0.6399],[153.5244,-28.1893,1.8864],[153.5205,-28.1901,1.0029],[153.5281,-28.1908,1.63],[153.5362,-28.1832,0.0],[153.5423,-28.1806,3.7081],[153.5424,-28.178,1.6224],[153.5432,-28.1815,0.7861],[153.5455,-28.1834,3.1631],[153.5414,-28.1829,4.189],[153.5422,-28.1813,0.7861],[153.5391,-28.1833,0.0],[153.5425,-28.1854,3.6258],[153.5477,-28.1837,2.4718],[153.5475,-28.171,0.0],[153.5444,-28.1697,1.7909],[153.5457,-28.1684,1.1221],[153.5561,-28.1686,0.0],[153.5528,-28.1684,1.1372],[153.5522,-28.1644,1.2112],[153.5415,-28.169,9.6112],[153.5346,-28.1776,40.2276],[153.4859,-28.157,83.1857],[153.4826,-28.1584,58.179],[153.4769,-28.157,39.2017],[153.4725,-28.162,41.4126],[153.4685,-28.1625,60.0402],[153.4667,-28.1646,82.0691],[153.4587,-28.1752,111.9688],[153.4592,-28.1781,101.1324],[153.4571,-28.1805,73.0368],[153.4356,-28.1872,142.5822],[153.4249,-28.1975,174.4771],[153.4192,-28.1997,138.3569],[153.4145,-28.2081,93.9872],[153.4066,-28.2104,140.6064],[153.3904,-28.2289,436.4649],[153.3895,-28.2349,396.3392],[153.3823,-28.2375,372.9304],[153.3697,-28.2452,454.6649],[153.3568,-28.2496,290.4456],[153.3462,-28.2482,455.0756],[153.3396,-28.2503,520.4647],[153.3352,-28.2484,487.9244],[153.3317,-28.2454,475.4033],[153.3302,-28.2371,609.2289],[153.3242,-28.2365,534.6821],[153.3167,-28.2387,550.7887],[153.3118,-28.2375,448.891],[153.3042,-28.2397,536.748],[153.2958,-28.2339,859.4949],[153.2866,-28.2352,934.36],[153.2789,-28.2336,936.5386],[153.2744,-28.2381,779.5201],[153.2691,-28.2386,999.1312],[153.2641,-28.2435,940.402],[153.2496,-28.2477,717.8446],[153.2439,-28.2475,765.0154],[153.2371,-28.2544,395.4897],[153.2345,-28.2629,447.6153],[153.2316,-28.2652,486.2336],[153.217,-28.2621,894.9691],[153.2076,-28.2534,1140.3802],[153.1981,-28.2563,960.6691],[153.1864,-28.2468,1135.1799],[153.1781,-28.2475,1118.9474],[153.1717,-28.2605,1167.6318],[153.1749,-28.2748,1044.9535],[153.1611,-28.2798,1116.9897],[153.1656,-28.2847,1082.8364],[153.1654,-28.2888,1011.2845],[153.1688,-28.2926,1048.8495],[153.1685,-28.2942,1095.9421],[153.1641,-28.2977,1074.5806],[153.1548,-28.2957,1131.1658],[153.1523,-28.3019,923.5951],[153.1427,-28.3053,987.9554],[153.1434,-28.312,1016.3422],[153.1355,-28.312,1035.9397],[153.1333,-28.3168,978.0992],[153.1247,-28.3186,1043.6517],[153.1241,-28.3227,1027.7148],[153.1299,-28.3307,968.3051],[153.1242,-28.3398,920.4733],[153.1169,-28.343,923.5385],[153.1129,-28.3538,940.997],[153.1088,-28.3575,1021.0436],[153.1013,-28.3578,999.5109],[153.0896,-28.3535,953.5758],[153.0805,-28.3542,935.5283],[153.0746,-28.3523,961.6316],[153.0653,-28.3442,861.5563],[153.0537,-28.3431,809.0859],[153.0514,-28.3412,811.456],[153.049,-28.3421,836.608],[153.0461,-28.3395,807.4302],[153.0385,-28.3432,786.8698],[153.0211,-28.3386,757.4727],[153.0082,-28.3417,766.5802],[152.9962,-28.34,750.0835],[152.9892,-28.3367,787.6206],[152.9837,-28.3382,670.4963],[152.9784,-28.3338,438.4932],[152.9726,-28.3319,381.0667],[152.9635,-28.3319,418.9197],[152.9454,-28.3356,656.5018],[152.9413,-28.3345,685.0657],[152.9339,-28.3383,693.9539],[152.9236,-28.3318,544.1237],[152.9152,-28.3302,600.3451],[152.909,-28.3266,550.8247],[152.8995,-28.3252,599.9063],[152.8934,-28.3178,585.8569],[152.8825,-28.3125,695.2199],[152.88,-28.3096,691.8738],[152.8759,-28.3122,688.7855],[152.8663,-28.313,682.3829],[152.8496,-28.3112,696.5125],[152.8476,-28.3158,742.2746],[152.8417,-28.321,704.2219],[152.839,-28.3221,721.0216],[152.8345,-28.32,764.5884],[152.8311,-28.3203,766.0141],[152.8242,-28.3288,764.8316],[152.8234,-28.3353,756.7401],[152.8175,-28.336,716.9279],[152.8089,-28.3428,604.8254],[152.8078,-28.345,631.3408],[152.8085,-28.3502,783.092],[152.8042,-28.3536,755.0381],[152.7935,-28.354,656.4299],[152.7874,-28.3516,669.6169],[152.7825,-28.3475,677.2416],[152.7755,-28.3466,661.9044],[152.7603,-28.3522,512.2563],[152.7588,-28.3546,510.4816],[152.7625,-28.3577,639.7476],[152.7617,-28.3597,730.1948],[152.7581,-28.3629,763.3565],[152.7511,-28.3639,536.175],[152.7475,-28.3611,492.3124],[152.741,-28.3601,499.0343],[152.7368,-28.3548,508.5256],[152.7304,-28.3525,568.6175],[152.7229,-28.3441,1047.4722],[152.7201,-28.3451,917.9996],[152.7127,-28.3415,719.8926],[152.7074,-28.3437,509.9554],[152.7048,-28.3391,477.926],[152.6993,-28.3355,492.8964],[152.6924,-28.3367,483.2176],[152.6886,-28.3347,562.8274],[152.6864,-28.3291,674.8516],[152.6793,-28.3304,668.868],[152.6736,-28.326,753.9274],[152.6734,-28.3178,856.5882],[152.6672,-28.3118,903.391],[152.6561,-28.3097,988.069],[152.6481,-28.3133,965.2491],[152.6383,-28.311,877.4496],[152.6344,-28.3062,885.1598],[152.6279,-28.303,856.6738],[152.6245,-28.2982,950.3427],[152.6228,-28.2944,1020.9556],[152.623,-28.2874,1133.5146],[152.621,-28.2842,1175.3303],[152.6176,-28.283,1257.8779],[152.6177,-28.2776,1186.5685],[152.6145,-28.2696,1275.8654],[152.6003,-28.2838,874.6858],[152.598,-28.292,816.7993],[152.6017,-28.3074,821.6086],[152.5972,-28.3131,654.3396],[152.5968,-28.318,681.3591],[152.5939,-28.3201,690.4359],[152.5923,-28.3242,668.0125],[152.5851,-28.3292,686.8875],[152.583,-28.3346,664.7143],[152.5792,-28.339,698.3148],[152.5744,-28.3334,684.0724],[152.5725,-28.3262,609.8234],[152.5686,-28.3236,619.0765],[152.5564,-28.3234,640.5784],[152.5553,-28.3168,656.8867],[152.5516,-28.3204,641.6903],[152.5481,-28.321,650.374],[152.5435,-28.3185,669.9272],[152.5414,-28.3133,759.3092],[152.5391,-28.3116,806.5661],[152.5259,-28.3062,1120.6514],[152.5252,-28.3019,1043.6188],[152.5292,-28.2977,752.1582],[152.5292,-28.2862,651.1445],[152.5332,-28.2792,665.2557],[152.5329,-28.2724,718.3862],[152.5368,-28.2664,653.8273],[152.5342,-28.2626,684.2568],[152.5221,-28.261,774.0318],[152.5187,-28.2568,798.8884],[152.5161,-28.2568,792.7562],[152.5157,-28.2518,750.4744],[152.5085,-28.2492,778.663],[152.4977,-28.2538,811.4016],[152.488,-28.2537,1134.7999],[152.4819,-28.258,884.6345],[152.4715,-28.257,796.6918],[152.4636,-28.2594,745.2346],[152.46,-28.2645,735.5149],[152.4615,-28.2696,738.7953],[152.4579,-28.2724,748.1012],[152.455,-28.2778,779.8947],[152.4481,-28.2812,870.1405],[152.4429,-28.2904,863.3204],[152.4448,-28.2988,1059.9303],[152.428,-28.2977,1035.8101],[152.4243,-28.2994,1052.9189],[152.4172,-28.2968,1112.0073],[152.4146,-28.2981,1079.1948],[152.4128,-28.3019,1056.249],[152.4135,-28.3074,999.9723],[152.4107,-28.3102,980.822],[152.4095,-28.3157,1002.5626],[152.4112,-28.3211,956.4922],[152.4172,-28.3301,1071.8198],[152.4173,-28.3331,1061.1077],[152.4095,-28.3417,1081.353],[152.4001,-28.3476,1023.9344],[152.3931,-28.3605,972.5491],[152.3862,-28.3686,981.8303],[152.3774,-28.3658,956.5312],[152.3648,-28.3661,945.342],[152.3559,-28.3612,893.441],[152.3416,-28.3679,882.2802],[152.3361,-28.3664,890.6222],[152.3313,-28.3681,727.7758],[152.3269,-28.3666,660.1541],[152.3208,-28.3672,640.3613],[152.3135,-28.3631,677.9393],[152.3097,-28.3632,715.071],[152.3049,-28.372,750.3314],[152.3021,-28.3727,796.2153],[152.3001,-28.3743,816.9918],[152.3022,-28.3746,748.874],[152.2907,-28.3825,736.51],[152.2884,-28.3932,765.9025],[152.2771,-28.393,632.7006],[152.2676,-28.39,660.769],[152.2607,-28.4004,639.1778],[152.2525,-28.4074,612.1534],[152.2522,-28.4104,609.4629],[152.2393,-28.4176,617.6085],[152.2379,-28.4234,582.3897],[152.2306,-28.4298,581.4384],[152.2285,-28.437,610.8344],[152.2256,-28.4372,616.073],[152.222,-28.442,596.3786],[152.2217,-28.4449,588.2562],[152.2172,-28.4492,607.9314],[152.2139,-28.4461,604.8835],[152.2073,-28.4454,614.6328],[152.2047,-28.4382,589.7148],[152.1903,-28.4339,579.6259],[152.1845,-28.4389,588.6092],[152.1747,-28.4348,557.7241],[152.1683,-28.4344,559.7245],[152.1649,-28.4326,575.1434],[152.1605,-28.4331,570.029],[152.1567,-28.4344,560.9823],[152.1546,-28.4379,562.5075],[152.1466,-28.4391,567.3073],[152.142,-28.4422,571.7395],[152.1352,-28.4521,648.1095],[152.1279,-28.4537,679.3038],[152.1211,-28.4627,710.331],[152.1115,-28.4639,830.0691],[152.1028,-28.463,865.5491],[152.1015,-28.4648,860.2551],[152.0962,-28.4659,898.5537],[152.0941,-28.469,880.4996],[152.0877,-28.4694,938.2932],[152.0847,-28.4676,945.3934],[152.0796,-28.4702,953.8103],[152.0761,-28.4696,957.2145],[152.0747,-28.4677,925.9736],[152.0727,-28.4689,945.8821],[152.0702,-28.468,933.6161],[152.0669,-28.4793,926.0944],[152.067,-28.4856,925.2046],[152.0596,-28.4907,916.7182],[152.0554,-28.49,925.4377],[152.0457,-28.495,927.9532],[152.0359,-28.5073,882.5654],[152.027,-28.5129,893.108],[152.0243,-28.5131,905.7542],[152.019,-28.5178,914.5718],[152.0201,-28.521,903.1367],[152.0169,-28.5253,896.9938],[151.9995,-28.5285,881.0264],[151.9996,-28.5272,884.0613],[151.9951,-28.5268,912.2546],[151.9921,-28.5247,934.4492],[151.989,-28.5256,941.0188],[151.9844,-28.5165,930.2482],[151.9859,-28.5098,950.3414],[151.9829,-28.5034,939.887],[151.9785,-28.5032,937.4539],[151.9736,-28.5053,930.2261],[151.9731,-28.5076,944.9082],[151.9648,-28.5145,934.2262],[151.9583,-28.5162,932.7004],[151.9556,-28.5189,927.7643],[151.9569,-28.5254,925.8118],[151.9587,-28.5272,930.2007],[151.9554,-28.5325,928.7063],[151.9539,-28.5399,921.7783],[151.9571,-28.5438,921.3459],[151.9547,-28.5516,939.4435],[151.9585,-28.5568,930.2411],[151.9577,-28.5634,929.5222],[151.9608,-28.5666,937.0474],[151.965,-28.5674,934.1364],[151.9678,-28.5718,927.1349],[151.9764,-28.573,924.4199],[151.986,-28.5815,920.9911],[151.9884,-28.5918,909.1326],[151.9918,-28.5947,910.7049],[151.9891,-28.6038,919.0898],[151.9939,-28.6113,909.3629],[151.9908,-28.6244,900.5861],[152.0018,-28.6399,920.2706],[152.002,-28.6501,962.5888],[152.0058,-28.6513,951.396],[152.0114,-28.6618,976.8803],[152.0102,-28.665,973.0159],[152.0139,-28.6658,980.1837],[152.0205,-28.6638,972.2981],[152.0315,-28.6662,965.1692],[152.0392,-28.6644,970.6227],[152.045,-28.6682,1000.1708],[152.0458,-28.6706,996.5509],[152.0445,-28.6729,1008.4135],[152.0526,-28.6819,1016.1265],[152.062,-28.6791,1017.9985],[152.0664,-28.681,1009.9255],[152.068,-28.6849,1064.6279],[152.0646,-28.6906,1078.6476],[152.0661,-28.6975,1011.7882],[152.076,-28.7082,1025.802],[152.0712,-28.7149,1004.6088],[152.0621,-28.7182,1004.5176],[152.0539,-28.7254,975.848],[152.0427,-28.7316,1003.8662],[152.0463,-28.7342,998.552],[152.0477,-28.7403,988.8706],[152.0438,-28.7461,996.808],[152.0416,-28.7463,1012.1551],[152.041,-28.7537,1021.3391],[152.0363,-28.757,1009.286],[152.0387,-28.7648,1016.6953],[152.0369,-28.7761,1021.3507],[152.0417,-28.7786,1026.2068],[152.0398,-28.785,1034.1345],[152.0347,-28.7907,1056.1382],[152.0383,-28.797,1052.4846],[152.0355,-28.8071,1073.546],[152.0365,-28.8129,1090.3616],[152.0355,-28.8162,1110.7094],[152.0373,-28.8192,1117.4619],[152.0327,-28.829,1086.0123],[152.028,-28.8324,1097.9324],[152.0232,-28.8316,1103.3535],[152.0201,-28.8379,1105.0234],[152.0171,-28.8385,1097.951],[152.0183,-28.8458,1113.8953],[152.0151,-28.8506,1128.7249],[152.0155,-28.852,1140.0363],[152.0229,-28.8547,1099.2417],[152.026,-28.8583,1158.7013],[152.0295,-28.8546,1156.2214],[152.0369,-28.8518,1191.3687],[152.0396,-28.8546,1202.2722],[152.0359,-28.8587,1170.5745],[152.0381,-28.8647,1201.0698],[152.0342,-28.866,1202.4692],[152.0309,-28.8695,1169.9772],[152.0315,-28.8742,1152.1021],[152.0284,-28.8768,1162.9482],[152.024,-28.8868,1156.2855],[152.0245,-28.8899,1166.4061],[152.0167,-28.8925,1217.6191],[152.0163,-28.8971,1199.6321],[152.0125,-28.9009,1202.342],[152.0097,-28.9077,1181.198],[152.004,-28.9101,1175.5542],[152.0011,-28.9097,1181.4668],[152.0009,-28.8993,1200.9369],[151.9976,-28.8955,1218.9799],[151.9969,-28.898,1183.2595],[151.9818,-28.9089,1138.7261],[151.9741,-28.9091,1130.7715],[151.9682,-28.9166,1086.6958],[151.9613,-28.9188,982.9191],[151.9562,-28.9168,929.8209],[151.9518,-28.9192,913.6568],[151.9274,-28.9254,891.464],[151.9224,-28.9284,901.8964],[151.916,-28.9293,918.4528],[151.9167,-28.9251,910.0647],[151.9134,-28.9206,886.0212],[151.9004,-28.915,847.8636],[151.8971,-28.9152,849.0171],[151.8958,-28.9137,849.488],[151.8926,-28.9158,854.1848],[151.8816,-28.9119,882.2651],[151.878,-28.915,893.927],[151.8713,-28.9145,940.4588],[151.8683,-28.9139,964.5972],[151.8651,-28.9097,971.8998],[151.8591,-28.9072,1036.8241],[151.8494,-28.9079,1075.276],[151.8414,-28.9116,1239.0762],[151.8379,-28.9165,1167.7543],[151.8361,-28.9309,1104.4539],[151.8348,-28.9323,1125.2627],[151.8364,-28.9368,1121.0706],[151.8394,-28.9397,1163.2118],[151.8396,-28.9427,1180.395],[151.8357,-28.9486,1297.7358],[151.8342,-28.9572,1262.8811],[151.8322,-28.9598,1243.4692],[151.8256,-28.9633,1290.3571],[151.8138,-28.9594,1212.2726],[151.8126,-28.9561,1203.8362],[151.8155,-28.9541,1203.2727],[151.815,-28.9508,1182.0615],[151.8095,-28.9498,1168.2114],[151.8101,-28.9479,1161.087],[151.8083,-28.945,1164.6846],[151.8064,-28.9446,1173.6014],[151.7938,-28.9497,1181.9941],[151.7899,-28.9537,1170.896],[151.7836,-28.9545,1074.856],[151.7783,-28.958,1081.2977],[151.7778,-28.9599,1073.703],[151.7702,-28.9558,1143.3318],[151.7732,-28.9474,1125.3999],[151.7727,-28.9383,1144.7189],[151.7624,-28.9341,924.3508],[151.758,-28.9299,945.4484],[151.7594,-28.9264,947.4774],[151.7554,-28.925,922.4321],[151.7546,-28.9223,941.1658],[151.7505,-28.9227,968.8802],[151.7435,-28.9186,948.494],[151.7453,-28.9177,937.107],[151.7463,-28.9138,942.4327],[151.7401,-28.9022,969.3099],[151.7409,-28.8975,991.4041],[151.737,-28.8957,1001.3479],[151.7318,-28.8827,1062.9615],[151.7338,-28.8784,1067.52],[151.7339,-28.8716,1078.5341],[151.7266,-28.8669,1072.9692],[151.7229,-28.8685,1067.9922],[151.7226,-28.8703,1077.7277],[151.7168,-28.8749,1024.4132],[151.7136,-28.8754,1062.8081],[151.7113,-28.8713,1002.6222],[151.7065,-28.8718,1019.1756],[151.7021,-28.8823,998.1171],[151.6955,-28.8844,964.0797],[151.6957,-28.8884,934.5461],[151.6884,-28.8869,994.9318],[151.6861,-28.8889,958.8074],[151.6851,-28.893,1014.7867],[151.6777,-28.9002,1024.4663],[151.6774,-28.9039,1008.054],[151.6748,-28.9076,1023.1646],[151.6663,-28.9054,983.8492],[151.6514,-28.917,903.892],[151.6444,-28.9168,840.1868],[151.6367,-28.9221,824.5167],[151.6347,-28.9292,858.2545],[151.6331,-28.9297,842.799],[151.6258,-28.9237,836.7979],[151.6168,-28.9261,738.4022],[151.6096,-28.9233,689.6497],[151.6051,-28.9251,646.8502],[151.6034,-28.9274,635.9792],[151.5884,-28.9319,573.4302],[151.584,-28.9392,532.6265],[151.5771,-28.945,575.8197],[151.5751,-28.9435,565.6969],[151.5705,-28.9441,485.7914],[151.5668,-28.9417,458.1327],[151.5493,-28.9523,373.9513],[151.5456,-28.953,374.3253],[151.5447,-28.9612,370.215],[151.5376,-28.9737,367.7687],[151.5361,-28.9806,370.2144],[151.5247,-28.9888,360.2714],[151.522,-28.9961,360.734],[151.5157,-28.9982,362.6736],[151.5047,-29.0111,356.0551],[151.5023,-29.0166,356.2867],[151.4997,-29.0174,355.1677],[151.4982,-29.0201,353.8558],[151.4953,-29.0349,351.5903],[151.4971,-29.0422,355.4219],[151.4915,-29.0562,350.199],[151.4971,-29.0629,347.4738],[151.5025,-29.0661,357.9955],[151.5023,-29.0708,347.7173],[151.4958,-29.0731,349.2047],[151.4914,-29.0776,347.3273],[151.4861,-29.0888,346.5574],[151.4759,-29.0918,342.9789],[151.463,-29.0989,341.0073],[151.4576,-29.1171,338.9131],[151.4518,-29.1269,334.8726],[151.4338,-29.1395,333.7838],[151.4283,-29.1475,335.9425],[151.4165,-29.1494,333.4243],[151.4106,-29.1526,336.8329],[151.4028,-29.1661,333.5001],[151.4017,-29.171,327.7931],[151.3938,-29.1779,330.4023],[151.3766,-29.1768,328.2736],[151.36,-29.1728,324.7472],[151.3474,-29.177,322.196],[151.3393,-29.1773,322.7622],[151.3204,-29.1666,320.4858],[151.3148,-29.1655,319.6187],[151.312,-29.1614,318.7027],[151.3088,-29.1475,319.9596],[151.3099,-29.1442,317.925],[151.3161,-29.1383,314.6639],[151.3155,-29.1345,316.2914],[151.3047,-29.1221,313.8084],[151.303,-29.116,313.5074],[151.2972,-29.1128,314.7812],[151.2897,-29.1113,313.0185],[151.2817,-29.1044,311.0289],[151.2796,-29.1008,309.7951],[151.2778,-29.0937,310.1984],[151.2795,-29.0895,306.3342],[151.2755,-29.0778,306.1541],[151.2843,-29.0655,303.8979],[151.2843,-29.0591,304.1596],[151.2889,-29.0503,307.1647],[151.2849,-29.0374,303.7694],[151.2758,-29.0353,301.649],[151.2711,-29.0303,304.6292],[151.2744,-29.0241,300.2839],[151.2819,-29.0191,301.8661],[151.284,-29.0055,295.9899],[151.2781,-28.9954,296.8382],[151.2764,-28.987,296.4436],[151.2768,-28.9847,296.3917],[151.2807,-28.9837,298.1602],[151.2826,-28.9806,296.735],[151.2721,-28.9732,298.5622],[151.2804,-28.961,296.1104],[151.2823,-28.9543,294.2971],[151.2816,-28.9489,293.7803],[151.2748,-28.9389,290.8338],[151.2678,-28.9364,293.7554],[151.2652,-28.9331,289.5145],[151.2587,-28.9321,288.0506],[151.2439,-28.9243,288.1896],[151.2408,-28.9199,288.9753],[151.2385,-28.9089,285.1009],[151.2347,-28.9047,291.3815],[151.2312,-28.9079,291.4659],[151.228,-28.9085,291.4243],[151.2088,-28.9015,287.9954],[151.2066,-28.8923,282.8571],[151.2002,-28.8843,286.5314],[151.1851,-28.8787,278.8314],[151.174,-28.88,280.3148],[151.1644,-28.8708,277.583],[151.1613,-28.8655,278.5451],[151.1515,-28.8651,279.4035],[151.1447,-28.861,278.6014],[151.1393,-28.8617,277.2588],[151.133,-28.8602,277.3064],[151.1247,-28.8513,276.1277],[151.1156,-28.8504,275.6269],[151.1086,-28.8428,276.9967],[151.1044,-28.8443,273.9559],[151.1028,-28.8364,272.8118],[151.0968,-28.8381,273.0806],[151.0883,-28.8344,273.1027],[151.0832,-28.8344,272.042],[151.0677,-28.8447,269.5858],[151.0599,-28.8459,269.9928],[151.0548,-28.8494,270.5443],[151.0524,-28.8486,270.61],[151.0533,-28.8455,269.7532],[151.0521,-28.8439,270.836],[151.0453,-28.8445,268.0748],[151.0443,-28.8405,269.8181],[151.0392,-28.8386,268.451],[151.0429,-28.8344,268.3525],[151.0414,-28.8305,268.0632],[151.0374,-28.8278,268.1886],[151.0376,-28.8191,266.5708],[151.0421,-28.815,265.4005],[151.0419,-28.7992,264.5344],[151.0337,-28.7939,264.7657],[151.0248,-28.7931,263.9616],[151.0264,-28.7864,263.1353],[151.0251,-28.7788,265.3737],[151.0193,-28.772,263.6224],[151.029,-28.7705,260.8154],[151.0282,-28.7612,261.837],[151.0253,-28.7536,259.4906],[151.0132,-28.7452,261.062],[151.0107,-28.7408,265.3748],[150.9835,-28.7356,256.0097],[150.9802,-28.7323,258.7747],[150.9704,-28.7316,255.2923],[150.963,-28.7372,249.951],[150.9608,-28.7351,255.3519],[150.9545,-28.7364,255.2315],[150.9484,-28.7344,254.4178],[150.9452,-28.7287,254.7039],[150.9382,-28.7309,253.0543],[150.9377,-28.7254,252.8407],[150.9321,-28.7221,250.5234],[150.9309,-28.7055,253.8155],[150.9241,-28.6985,250.766],[150.9197,-28.7002,250.0589],[150.9145,-28.6975,252.3038],[150.9064,-28.6877,251.8492],[150.8996,-28.687,249.6966],[150.894,-28.6882,247.8154],[150.8914,-28.6909,247.9641],[150.8906,-28.6946,248.27],[150.8889,-28.6952,248.8407],[150.8852,-28.6954,247.79],[150.8844,-28.6905,248.5179],[150.8806,-28.6886,248.5101],[150.8765,-28.6934,248.342],[150.874,-28.6938,247.7591],[150.8703,-28.6861,249.4393],[150.8685,-28.6854,251.4846],[150.8632,-28.6874,247.6441],[150.8528,-28.6803,247.2769],[150.8521,-28.6771,246.4711],[150.8484,-28.6731,245.2608],[150.8396,-28.6722,245.6497],[150.8299,-28.667,244.3309],[150.8193,-28.6666,248.8321],[150.8164,-28.6631,248.0922],[150.819,-28.6598,245.2012],[150.8188,-28.6573,246.7743],[150.8043,-28.6532,244.4457],[150.7958,-28.6552,243.7498],[150.7814,-28.6441,243.3614],[150.7736,-28.6441,241.9714],[150.766,-28.6376,242.5262],[150.7574,-28.639,242.0903],[150.7548,-28.6344,242.0751],[150.7523,-28.6335,242.1874],[150.7461,-28.6347,239.1867],[150.7444,-28.6337,240.5872],[150.7283,-28.6345,241.582],[150.7256,-28.6361,240.505],[150.7242,-28.6398,237.6306],[150.7105,-28.6446,234.5718],[150.7086,-28.6474,236.1542],[150.7086,-28.652,235.8259],[150.701,-28.6548,236.0906],[150.6924,-28.6534,235.4952],[150.6817,-28.6614,239.2173],[150.6791,-28.6603,235.6362],[150.676,-28.6551,235.1066],[150.6765,-28.6523,232.7273],[150.6734,-28.6502,235.6791],[150.6648,-28.6562,238.6794],[150.6412,-28.6651,231.3809],[150.6325,-28.6766,233.8045],[150.627,-28.6725,226.8917],[150.6258,-28.669,236.2039],[150.6205,-28.6686,232.1056],[150.6176,-28.6735,231.4182],[150.6062,-28.6706,232.8161],[150.6002,-28.6708,227.8846],[150.6002,-28.6651,230.1776],[150.5806,-28.6555,231.6924],[150.5694,-28.6591,227.8633],[150.5655,-28.6619,231.8709],[150.5614,-28.6618,227.1521],[150.5567,-28.6545,230.6021],[150.5541,-28.6531,228.8185],[150.5515,-28.654,231.8524],[150.5482,-28.6585,225.0358],[150.5528,-28.6634,230.4121],[150.5523,-28.668,228.8508],[150.5506,-28.6701,229.3552],[150.5441,-28.6715,226.212],[150.5351,-28.672,228.6052],[150.527,-28.6689,230.8727],[150.5257,-28.6655,228.2621],[150.5323,-28.662,230.4715],[150.5381,-28.6621,230.5998],[150.5392,-28.6605,224.6992],[150.5374,-28.6571,230.8437],[150.525,-28.6543,227.6247],[150.5209,-28.6555,224.4322],[150.5185,-28.6604,229.2656],[150.5148,-28.6618,225.0631],[150.4931,-28.6594,222.7444],[150.4871,-28.6574,225.5008],[150.4817,-28.6638,222.7637],[150.4728,-28.6601,223.7213],[150.4708,-28.6629,223.0961],[150.4601,-28.6689,223.8183],[150.4566,-28.6637,220.921],[150.4535,-28.6656,218.8519],[150.4456,-28.6651,218.1173],[150.4377,-28.6616,221.9928],[150.4293,-28.6511,226.9854],[150.4152,-28.6508,217.5502],[150.4141,-28.6492,225.2964],[150.416,-28.6466,224.6019],[150.4163,-28.6359,224.1931],[150.414,-28.6339,223.2803],[150.4088,-28.6339,217.2988],[150.4018,-28.6273,224.5922],[150.3976,-28.6286,221.516],[150.3909,-28.6341,216.0704],[150.3879,-28.6339,214.6223],[150.3854,-28.6315,216.2228],[150.3877,-28.628,224.9654],[150.3875,-28.6254,222.0212],[150.3801,-28.6271,217.6392],[150.3759,-28.6224,218.8398],[150.37,-28.6206,220.165],[150.3688,-28.6141,215.785],[150.3698,-28.6117,214.4269],[150.3638,-28.6076,214.2221],[150.3697,-28.5985,214.47559999999999],[150.3631,-28.5959,218.5771],[150.3633,-28.5895,218.912],[150.3564,-28.5898,218.2545],[150.3525,-28.5878,220.227],[150.3493,-28.5814,215.2279],[150.3513,-28.5753,214.1911],[150.3427,-28.5753,216.2285],[150.3276,-28.571,218.6994],[150.3227,-28.5656,215.3015],[150.3206,-28.5572,213.9179],[150.3131,-28.5554,216.3672],[150.3091,-28.5506,217.4758],[150.3005,-28.5485,214.1343],[150.296,-28.5397,213.5907],[150.2896,-28.5372,212.8218],[150.2817,-28.5429,213.0883],[150.2722,-28.5393,216.4241],[150.2695,-28.5398,212.29],[150.2622,-28.5449,215.3699],[150.2531,-28.547,212.444],[150.249,-28.5522,210.8977],[150.2447,-28.5546,214.36],[150.2432,-28.5524,216.7588],[150.2361,-28.5538,213.7899],[150.2352,-28.5562,213.2526],[150.2382,-28.5573,215.7903],[150.2388,-28.5597,212.3437],[150.2304,-28.5557,213.3468],[150.2289,-28.5586,212.2932],[150.2335,-28.5611,212.1549],[150.2291,-28.5677,214.036],[150.2262,-28.5688,211.747],[150.22,-28.5667,212.2715],[150.2185,-28.5683,213.2472],[150.2132,-28.5675,210.7729],[150.2123,-28.5694,214.0408],[150.2137,-28.5729,212.2392],[150.2123,-28.5742,211.3647],[150.2076,-28.5727,211.1146],[150.2042,-28.5734,211.3747],[150.2012,-28.5688,211.4398],[150.1925,-28.5667,215.0655],[150.1898,-28.5675,214.6577],[150.1898,-28.5702,213.0107],[150.1867,-28.5728,215.0432],[150.182,-28.5694,212.5658],[150.1875,-28.5691,209.3885],[150.1866,-28.5652,211.5617],[150.1779,-28.5635,214.6981],[150.1841,-28.5586,212.5311],[150.1827,-28.5563,219.2878],[150.1769,-28.559,215.0944],[150.1736,-28.5583,216.9277],[150.1719,-28.56,213.3402],[150.1716,-28.5639,210.8553],[150.1698,-28.5572,215.3408],[150.1678,-28.5555,212.1208],[150.1702,-28.5546,213.0394],[150.1692,-28.5506,210.0102],[150.1666,-28.5511,209.6772],[150.1634,-28.5557,216.1189],[150.1551,-28.5548,211.4078],[150.1541,-28.5572,211.5538],[150.1523,-28.5555,213.6381],[150.1547,-28.5534,210.4688],[150.1541,-28.551,209.4145],[150.1523,-28.5502,212.2919],[150.1478,-28.5527,208.592],[150.1482,-28.5583,209.32],[150.1437,-28.5575,210.3287],[150.1432,-28.5618,210.4661],[150.1413,-28.5599,213.139],[150.1387,-28.5605,213.0764],[150.1385,-28.5653,208.1379],[150.1369,-28.5642,215.0051],[150.1368,-28.5601,216.2468],[150.1331,-28.5617,219.3284],[150.1316,-28.5635,218.0903],[150.1339,-28.5644,215.6962],[150.1314,-28.5653,213.9572],[150.1307,-28.5627,211.1338],[150.128,-28.5624,210.6437],[150.1264,-28.5649,209.2465],[150.1244,-28.5612,207.8373],[150.1215,-28.5597,211.3482],[150.1209,-28.5624,212.5128],[150.117,-28.5617,207.2929],[150.1168,-28.564,207.8123],[150.1129,-28.563,209.3074],[150.1155,-28.5679,207.2097],[150.1118,-28.5681,206.3026],[150.1109,-28.5703,206.7139],[150.1057,-28.5677,207.5805],[150.1052,-28.5653,208.5176],[150.1016,-28.5659,211.2064],[150.0972,-28.5634,208.3107],[150.0919,-28.5642,208.2988],[150.091,-28.5687,210.7445],[150.0936,-28.574,205.7234],[150.0929,-28.5786,206.585],[150.0904,-28.5788,204.6268],[150.0904,-28.5755,205.6576],[150.0852,-28.5758,208.8552],[150.0881,-28.5776,208.6111],[150.0874,-28.5807,206.031],[150.0845,-28.5804,206.997],[150.0816,-28.5775,204.9574],[150.0798,-28.5816,208.3037],[150.0826,-28.5827,205.7523],[150.0799,-28.5844,205.7918],[150.0758,-28.5821,205.8748],[150.0751,-28.5802,206.7201],[150.0726,-28.5801,206.9359],[150.0733,-28.5766,204.8394],[150.0705,-28.5772,205.3802],[150.0698,-28.581,210.5201],[150.0679,-28.5778,205.4157],[150.0594,-28.5785,206.5025],[150.0573,-28.58,208.1378],[150.0576,-28.5834,202.776],[150.0556,-28.5846,201.8489],[150.0565,-28.5864,206.8922],[150.0513,-28.5854,202.325],[150.0487,-28.5892,202.9064],[150.0452,-28.5868,203.3766],[150.0458,-28.5824,204.6822],[150.0437,-28.582,204.6],[150.0405,-28.5861,202.5059],[150.0401,-28.5831,203.474],[150.0363,-28.5858,201.0315],[150.0344,-28.5835,202.3802],[150.031,-28.5837,205.9106],[150.0313,-28.581,207.0468],[150.0267,-28.5792,202.3051],[150.0228,-28.5829,206.7375],[150.0161,-28.5807,202.7015],[150.0173,-28.5834,202.1878],[150.0132,-28.5832,198.4326],[150.015,-28.5855,203.5688],[150.0116,-28.5855,201.7174],[150.0092,-28.5909,202.6032],[150.0073,-28.5905,200.9826],[150.0057,-28.587,200.095],[150.0014,-28.5906,203.3622],[150.0031,-28.5927,202.3054],[149.9989,-28.5912,204.2343],[149.9986,-28.5949,202.3634],[149.9945,-28.5939,203.747],[149.993,-28.6003,202.8216],[149.985,-28.6025,201.6346],[149.987,-28.6046,200.8393],[149.9821,-28.6052,201.8283],[149.977,-28.6108,203.4742],[149.977,-28.6135,200.6044],[149.9716,-28.6077,199.6381],[149.9701,-28.6098,199.5927],[149.9644,-28.6081,205.4715],[149.9644,-28.6107,202.6323],[149.9616,-28.6085,204.3757],[149.9622,-28.6121,201.2309],[149.9575,-28.6101,202.0921],[149.9577,-28.6076,201.9991],[149.953,-28.6095,201.2631],[149.9506,-28.608,200.809],[149.948,-28.6109,202.1233],[149.9491,-28.6127,203.4771],[149.9428,-28.6139,198.802],[149.9419,-28.6179,203.7807],[149.9372,-28.6146,201.0795],[149.9363,-28.6101,199.6359],[149.9342,-28.6104,199.3867],[149.9332,-28.6126,200.8958],[149.9301,-28.6119,199.5895],[149.9297,-28.6131,198.8029],[149.9274,-28.6105,201.5009],[149.9255,-28.611,201.2897],[149.9253,-28.6089,201.1464],[149.921,-28.6103,200.4324],[149.9174,-28.6081,200.9189],[149.9084,-28.6103,201.4733],[149.9091,-28.6124,199.9944],[149.9075,-28.6147,197.5435],[149.9055,-28.6133,198.6025],[149.903,-28.6155,198.1999],[149.9052,-28.6188,200.4221],[149.8991,-28.6197,200.6423],[149.8991,-28.6219,199.5972],[149.894,-28.6159,199.9039],[149.8898,-28.6188,199.7013],[149.8871,-28.6156,199.0541],[149.8913,-28.6147,199.4484],[149.8909,-28.6127,198.2647],[149.8864,-28.6123,199.037],[149.8864,-28.6142,199.7596],[149.8844,-28.6122,199.7246],[149.8824,-28.6133,197.3321],[149.8829,-28.6094,196.2295],[149.8775,-28.6116,196.6083],[149.8782,-28.6094,199.8498],[149.8759,-28.6078,197.8074],[149.8743,-28.6034,202.9166],[149.8722,-28.6043,197.6372],[149.872,-28.607,197.5184],[149.8709,-28.6052,201.2133],[149.8683,-28.6073,200.4739],[149.8671,-28.6041,198.6489],[149.8625,-28.6022,199.3417],[149.8613,-28.6028,198.5858],[149.8627,-28.6049,196.9598],[149.8604,-28.6045,199.993],[149.8603,-28.6069,196.6727],[149.8546,-28.6043,197.7882],[149.8537,-28.606,198.4497],[149.8508,-28.6056,195.727],[149.8495,-28.6088,197.3835],[149.8448,-28.6105,194.6284],[149.8396,-28.6037,195.1773],[149.8304,-28.6037,194.6767],[149.8294,-28.6062,196.4441],[149.8266,-28.6069,196.8345],[149.8265,-28.6088,196.8759],[149.8219,-28.609,196.0317],[149.8193,-28.6158,195.0157],[149.8149,-28.6083,199.2406],[149.8131,-28.6083,199.2406],[149.8114,-28.6058,196.6032],[149.8098,-28.6074,197.6014],[149.8036,-28.6073,195.0375],[149.8017,-28.6095,195.0899],[149.8006,-28.6079,194.2495],[149.7977,-28.6102,193.5181],[149.7867,-28.6112,194.2107],[149.7861,-28.6136,195.6267],[149.784,-28.6141,192.821],[149.7838,-28.6121,195.9692],[149.7813,-28.6123,194.0863],[149.7797,-28.6098,192.9405],[149.7759,-28.6131,192.9455],[149.7754,-28.6101,193.6527],[149.7725,-28.6089,191.7678],[149.7711,-28.6104,191.4079],[149.7733,-28.6117,196.3362],[149.7724,-28.6142,195.0221],[149.7675,-28.611,192.0852],[149.7678,-28.6141,193.074],[149.7649,-28.6127,191.5945],[149.76,-28.615,194.8924],[149.7549,-28.6094,190.5625],[149.7533,-28.6107,193.0573],[149.7538,-28.6128,196.6503],[149.7511,-28.6108,190.1715],[149.7503,-28.6121,196.5911],[149.7461,-28.612,192.6115],[149.7437,-28.6154,192.6],[149.7457,-28.6164,191.2244],[149.745,-28.6184,190.152],[149.7419,-28.6154,192.4416],[149.7416,-28.6131,192.5287],[149.7388,-28.6146,192.4183],[149.739,-28.6172,191.316],[149.7369,-28.6158,192.4183],[149.7353,-28.6174,192.3872],[149.733,-28.6143,189.6574],[149.731,-28.6167,191.8111],[149.7298,-28.6152,191.9816],[149.7263,-28.6155,191.8098],[149.7263,-28.6137,192.1079],[149.7282,-28.6131,195.1877],[149.7272,-28.6119,196.8204],[149.7296,-28.6109,190.7375],[149.7212,-28.6092,190.0114],[149.7202,-28.6109,190.9615],[149.7233,-28.6128,193.1002],[149.7188,-28.6114,193.6976],[149.7138,-28.6163,190.1599],[149.7129,-28.6148,190.8896],[149.7145,-28.6126,189.274],[149.7132,-28.6119,190.7101],[149.7109,-28.6142,192.6585],[149.7089,-28.6131,190.1316],[149.7059,-28.6178,190.9537],[149.7039,-28.6165,188.4139],[149.7031,-28.6193,188.1694],[149.7056,-28.622,191.4963],[149.7099,-28.6203,192.8579],[149.7071,-28.6227,192.9505],[149.7054,-28.6228,191.4963],[149.7061,-28.6256,189.3818],[149.7035,-28.6254,190.5848],[149.7046,-28.6279,193.1246],[149.7066,-28.6272,192.9785],[149.7049,-28.6295,192.5724],[149.7065,-28.6303,190.1139],[149.7031,-28.6337,190.4494],[149.7005,-28.6327,191.4496],[149.7014,-28.631,190.9126],[149.7002,-28.63,190.9126],[149.6982,-28.6327,189.8816],[149.6963,-28.6308,188.4256],[149.6944,-28.633,188.4557],[149.6931,-28.6318,190.0278],[149.6913,-28.6336,188.4186],[149.6898,-28.6282,189.6618],[149.6878,-28.6292,190.627],[149.688,-28.6323,188.4765],[149.6823,-28.6314,189.2297],[149.6809,-28.6339,191.3982],[149.6786,-28.6327,189.1061],[149.6781,-28.6345,191.3319],[149.6764,-28.6312,189.3339],[149.6724,-28.6334,188.0586],[149.6724,-28.6303,189.6224],[149.6703,-28.6325,189.6813],[149.6667,-28.6319,187.1181],[149.6718,-28.6292,189.1573],[149.674,-28.6242,188.0253],[149.6706,-28.6235,190.351],[149.6697,-28.6223,190.7212],[149.6712,-28.6211,187.014],[149.6685,-28.6194,189.8704],[149.6645,-28.6184,188.0153],[149.6643,-28.6124,188.6484],[149.6607,-28.6093,186.4306],[149.6573,-28.6114,187.9943],[149.6583,-28.6132,190.0117],[149.656,-28.6155,188.7278],[149.6536,-28.6131,189.0917],[149.6479,-28.6121,186.9856],[149.6483,-28.6106,188.9226],[149.6462,-28.61,186.4497],[149.645,-28.6073,188.8574],[149.6463,-28.6062,186.3506],[149.6456,-28.6038,187.5187],[149.6423,-28.5992,185.1173],[149.639,-28.598,189.2316],[149.6364,-28.5996,187.1388],[149.6346,-28.5954,187.1517],[149.6313,-28.5979,189.7368],[149.631,-28.5952,188.5968],[149.6274,-28.596,188.8021],[149.6255,-28.5933,187.6182],[149.6239,-28.5953,190.9625],[149.6194,-28.5961,185.0154],[149.6184,-28.5986,188.0025],[149.6107,-28.6009,187.6952],[149.6105,-28.5974,187.997],[149.6051,-28.5979,186.1658],[149.6067,-28.594,186.0216],[149.6035,-28.5889,189.6571],[149.6061,-28.5878,184.9882],[149.6031,-28.5854,185.4573],[149.6021,-28.5875,188.2253],[149.5977,-28.5888,189.5847],[149.597,-28.5846,189.5953],[149.5993,-28.5836,185.7043],[149.5996,-28.5817,187.6303],[149.5983,-28.5793,184.8609],[149.5901,-28.5757,186.1884],[149.5882,-28.5729,182.7352],[149.5842,-28.5744,185.9838],[149.5805,-28.5725,182.9685],[149.5775,-28.5734,186.1495],[149.5767,-28.5721,184.562],[149.5743,-28.574,186.6922],[149.5725,-28.5717,183.3624],[149.5686,-28.5711,184.9845],[149.5671,-28.5736,186.8914],[149.5651,-28.5725,183.7931],[149.5639,-28.575,185.973],[149.5618,-28.5739,182.6111],[149.5573,-28.5767,186.2826],[149.5578,-28.5797,184.3743],[149.5536,-28.5774,183.7542],[149.5526,-28.5801,186.844],[149.5506,-28.5768,185.4771],[149.5445,-28.5754,183.2285],[149.5435,-28.5767,185.5743],[149.5422,-28.575,186.9131],[149.5385,-28.5748,186.8017],[149.5368,-28.5764,184.3317],[149.5358,-28.5744,182.529],[149.532,-28.5768,184.6297],[149.5289,-28.5742,181.9691],[149.5264,-28.5751,180.9094],[149.527,-28.5774,187.1198],[149.5248,-28.5794,182.5602],[149.5217,-28.5791,182.3739],[149.5194,-28.5811,183.3037],[149.5182,-28.579,183.503],[149.5154,-28.5793,182.4327],[149.5139,-28.5817,185.0952],[149.5122,-28.5761,180.6603],[149.5098,-28.5771,184.8884],[149.503,-28.5744,181.8235],[149.5027,-28.5804,182.3984],[149.499,-28.578,184.4907],[149.4971,-28.5807,184.6035],[149.4963,-28.5785,188.3011],[149.4924,-28.5809,183.9441],[149.4902,-28.5845,185.5897],[149.4855,-28.5825,182.834],[149.4814,-28.5829,182.6683],[149.4825,-28.5862,183.5229],[149.4808,-28.5898,184.9061],[149.4794,-28.5912,185.1535],[149.4773,-28.5879,183.0639],[149.4749,-28.5939,185.2233],[149.4716,-28.5927,186.7129],[149.4698,-28.5943,187.1418],[149.4684,-28.592,184.8857],[149.4672,-28.5964,181.8636],[149.4616,-28.5916,185.5325],[149.4588,-28.5941,184.0],[149.4557,-28.593,185.9764],[149.4557,-28.596,184.8252],[149.4525,-28.5949,184.9096],[149.4537,-28.5992,182.3673],[149.4517,-28.6043,182.1487],[149.4442,-28.6065,184.1039],[149.4443,-28.609,184.2009],[149.4395,-28.6121,182.1397],[149.4391,-28.6159,182.5765],[149.4414,-28.6165,185.6329],[149.4403,-28.6189,178.464],[149.443,-28.6203,181.4958],[149.4325,-28.628,181.6483],[149.4302,-28.6263,182.5539],[149.4283,-28.6292,183.7887],[149.429,-28.6322,181.7959],[149.4329,-28.635,184.7558],[149.4312,-28.6364,185.8159],[149.4322,-28.6381,184.847],[149.43,-28.6377,177.6672],[149.4306,-28.64,182.9368],[149.4292,-28.6405,180.9782],[149.4306,-28.6429,182.5545],[149.4281,-28.6443,182.4747],[149.428,-28.647,185.0195],[149.4259,-28.6471,179.7252],[149.4261,-28.6501,185.9646],[149.417,-28.6514,182.791],[149.4191,-28.6541,182.8318],[149.423,-28.6538,181.6351],[149.423,-28.6553,182.7952],[149.417,-28.6551,182.6322],[149.4171,-28.661,185.5388],[149.4157,-28.6628,182.2133],[149.4106,-28.6637,181.7032],[149.4107,-28.6674,182.9359],[149.4137,-28.6653,182.0644],[149.4143,-28.6668,180.1011],[149.4047,-28.6733,179.4493],[149.4054,-28.6753,180.6827],[149.402,-28.6761,179.6077],[149.3992,-28.6749,178.3413],[149.3967,-28.6774,177.6048],[149.3939,-28.6773,179.061],[149.3942,-28.6857,178.1436],[149.3913,-28.6919,178.3151],[149.3874,-28.6958,179.1354],[149.3855,-28.6948,180.7139],[149.385,-28.6915,179.8524],[149.3793,-28.6906,180.0354],[149.3786,-28.6891,178.8616],[149.3779,-28.6917,180.4356],[149.3759,-28.6926,180.4167],[149.3691,-28.6879,178.2463],[149.3679,-28.6889,179.1237],[149.3687,-28.6919,180.3948],[149.3669,-28.6923,181.7196],[149.3635,-28.6899,178.4652],[149.362,-28.6851,177.9572],[149.359,-28.6843,177.7195],[149.3525,-28.6886,179.2304],[149.3514,-28.6927,179.9562],[149.3477,-28.6912,175.9633],[149.3459,-28.6944,178.4138],[149.3467,-28.6967,176.5489],[149.3401,-28.6954,178.2028],[149.3361,-28.6983,176.3595],[149.3299,-28.6982,177.9196],[149.3292,-28.6994,176.0133],[149.3318,-28.7029,177.3111],[149.3286,-28.7045,176.677],[149.328,-28.7075,178.2597],[149.323,-28.7078,177.9852],[149.3201,-28.7062,177.5013],[149.3197,-28.7087,178.4267],[149.3226,-28.7096,176.1288],[149.3189,-28.7116,178.2744],[149.318,-28.7141,176.8252],[149.3159,-28.7103,177.1096],[149.3143,-28.712,177.0331],[149.3112,-28.7111,175.9329],[149.3102,-28.7121,177.2454],[149.3025,-28.7091,175.9489],[149.2971,-28.7099,175.1578],[149.2935,-28.712,176.1619],[149.2908,-28.7188,173.9781],[149.2871,-28.7214,175.7281],[149.2874,-28.7263,174.5092],[149.2849,-28.7259,176.0211],[149.2828,-28.728,174.2888],[149.2853,-28.7319,174.5943],[149.2831,-28.7331,174.5796],[149.2804,-28.731,175.5168],[149.2791,-28.7335,175.2276],[149.2772,-28.732,175.6516],[149.2713,-28.7339,173.7035],[149.2715,-28.7367,173.5778],[149.2738,-28.7371,175.8875],[149.2692,-28.7435,174.522],[149.2664,-28.7428,174.6449],[149.2636,-28.7397,175.9583],[149.2654,-28.7357,175.6222],[149.2623,-28.7343,174.2673],[149.2575,-28.7371,174.1087],[149.257,-28.7395,176.563],[149.2545,-28.7389,174.1734],[149.2538,-28.7422,174.0966],[149.2517,-28.74,175.2202],[149.2492,-28.7416,174.0378],[149.247,-28.7389,174.2785],[149.2412,-28.7455,175.7268],[149.243,-28.7471,172.4572],[149.2402,-28.7467,176.4894],[149.237,-28.7489,175.6739],[149.2368,-28.7506,174.0781],[149.2332,-28.7493,174.4577],[149.2324,-28.7516,173.9491],[149.2305,-28.7512,172.5151],[149.2319,-28.7559,173.2047],[149.2287,-28.7552,176.1268],[149.2302,-28.7584,172.9347],[149.228,-28.7593,172.5153],[149.2285,-28.7619,173.7275],[149.2263,-28.7611,172.2437],[149.2258,-28.7629,174.4769],[149.2242,-28.7626,172.7354],[149.225,-28.7645,173.004],[149.2227,-28.7642,173.9458],[149.2212,-28.766,173.0565],[149.2193,-28.7631,172.8681],[149.214,-28.7637,172.9583],[149.2139,-28.7656,173.7034],[149.2121,-28.7652,170.4543],[149.2104,-28.7682,171.933],[149.2073,-28.7659,170.7409],[149.2074,-28.7695,172.582],[149.1949,-28.771,170.0675],[149.1938,-28.7739,168.6174],[149.1887,-28.7752,170.2062],[149.1924,-28.7805,170.8549],[149.1865,-28.782,170.4665],[149.1867,-28.7867,170.5523],[149.1841,-28.7901,171.1444],[149.187,-28.794,171.2846],[149.1835,-28.7946,171.9834],[149.1837,-28.7969,171.6862],[149.1799,-28.7987,172.6418],[149.1792,-28.803,168.5615],[149.1759,-28.8027,169.868],[149.1667,-28.8087,172.5597],[149.1625,-28.8059,169.2983],[149.1608,-28.8071,171.7723],[149.1604,-28.8107,170.071],[149.1512,-28.8078,168.9026],[149.1487,-28.8086,170.3962],[149.1479,-28.806,168.3623],[149.1458,-28.8095,170.7921],[149.1429,-28.8079,172.0121],[149.1445,-28.8071,170.9686],[149.1439,-28.8061,168.0895],[149.1398,-28.8072,168.616],[149.1399,-28.8119,169.0266],[149.1366,-28.8125,167.7514],[149.1405,-28.8137,169.0572],[149.1398,-28.8159,168.1393],[149.1425,-28.8155,168.1438],[149.1424,-28.8189,169.3121],[149.1446,-28.8191,168.4639],[149.1405,-28.822,168.5066],[149.1434,-28.8222,167.6445],[149.139,-28.8255,168.2915],[149.1388,-28.8279,168.5077],[149.1311,-28.8296,168.2267],[149.1315,-28.8321,168.3784],[149.128,-28.8316,169.0548],[149.1282,-28.8353,167.8627],[149.1247,-28.8333,167.9633],[149.1224,-28.8346,166.8365],[149.1221,-28.8318,168.2231],[149.1182,-28.833,167.6117],[149.1193,-28.8294,166.9405],[149.1155,-28.8309,167.3599],[149.1124,-28.8296,169.638],[149.111,-28.8308,166.3445],[149.1133,-28.8317,167.2898],[149.1122,-28.8341,167.0355],[149.1089,-28.8334,165.849],[149.1032,-28.8381,166.5607],[149.1028,-28.8334,167.92],[149.0991,-28.8342,166.7091],[149.0971,-28.8317,168.1506],[149.0964,-28.8343,166.062],[149.0932,-28.8338,166.4906],[149.0905,-28.8373,165.9905],[149.0872,-28.8381,165.5162],[149.0863,-28.8425,165.5098],[149.0807,-28.8419,165.8948],[149.0801,-28.8584,165.4425],[149.0757,-28.8594,164.4113],[149.0725,-28.864,164.1778],[149.0701,-28.8719,164.4233],[149.0664,-28.8734,163.8837],[149.0634,-28.8783,163.3504],[149.0592,-28.8796,164.0271],[149.0554,-28.8839,164.402],[149.0553,-28.8869,163.911],[149.0595,-28.8862,164.2607],[149.064,-28.8886,164.0819],[149.059,-28.8919,163.3636],[149.0581,-28.8936,163.3743],[149.0603,-28.8948,164.1432],[149.056,-28.9007,164.4024],[149.0587,-28.9104,164.4002],[149.0549,-28.9121,164.9549],[149.0511,-28.9176,164.3748],[149.0483,-28.917,163.8283],[149.0473,-28.9248,164.2782],[149.0431,-28.9271,162.3568],[149.043,-28.9313,162.5405],[149.0453,-28.9315,163.245],[149.0453,-28.9345,162.8137],[149.0439,-28.9349,163.6059],[149.0429,-28.9393,163.7282],[149.0389,-28.9391,162.2923],[149.0399,-28.9424,163.4576],[149.0349,-28.946,162.6487],[149.0361,-28.9489,162.9826],[149.0328,-28.9559,162.9098],[149.0308,-28.9571,162.0461],[149.0278,-28.9545,160.6291],[149.021,-28.9573,163.1145],[149.0199,-28.9593,162.4375],[149.0175,-28.9568,161.7663],[149.0146,-28.9577,161.6084],[149.0123,-28.9556,161.397],[149.0092,-28.9569,162.3794],[149.0085,-28.9583,162.4655],[149.0114,-28.9585,162.809],[149.0113,-28.9601,162.309],[149.005,-28.9607,163.1032],[149.0042,-28.9677,161.5035],[149.0003,-28.9695,160.8585],[148.9982,-28.9727,161.7174],[148.9913,-28.9717,160.0816],[148.9909,-28.9762,163.4216],[148.9869,-28.9743,160.6735],[148.9843,-28.9767,162.0694],[148.9813,-28.9756,159.9337],[148.9763,-28.9764,161.4169],[148.9718,-28.9808,160.0264],[148.9711,-28.9853,160.4697],[148.9667,-28.986,159.5331],[148.9694,-28.9879,160.2537],[148.9673,-28.991,160.3572],[148.9642,-28.9914,161.0488],[148.9659,-28.9934,160.4538],[148.9583,-28.9991,160.2163],[142.6026,-28.999,80.7467],[142.3639,-28.9978,78.0],[142.2006,-28.999,97.5161],[140.9995,-28.9991,118.5077],[141.003,-34.0225,21.6462],[141.0124,-34.0247,23.6305],[141.0038,-34.0276,19.3031],[141.0027,-34.0301,22.6139],[141.0037,-34.0333,22.4672],[141.0017,-34.0378,25.7129],[141.0028,-34.0406,22.8023],[141.01,-34.0453,20.3672],[141.017,-34.0473,20.3241],[141.0186,-34.0563,22.4932],[141.0243,-34.0599,25.1545],[141.0275,-34.0572,20.8691],[141.0236,-34.0533,19.042],[141.0237,-34.0512,18.7834],[141.0323,-34.047,21.4545],[141.0311,-34.042,21.0155],[141.0323,-34.0374,18.8099],[141.0332,-34.036,18.8793],[141.0361,-34.036,19.2219],[141.0415,-34.0396,19.0023],[141.0436,-34.0432,20.2134],[141.0394,-34.0514,18.5],[141.0408,-34.0591,22.1818],[141.0425,-34.0611,20.2299],[141.049,-34.0611,18.5],[141.0529,-34.0575,19.8634],[141.0617,-34.055,24.1693],[141.0656,-34.0501,18.5],[141.0685,-34.0595,18.5],[141.0719,-34.0629,19.563],[141.0767,-34.0637,21.1451],[141.0816,-34.0612,21.0861],[141.0849,-34.0623,19.1286],[141.086,-34.065,21.6049],[141.0828,-34.0709,22.8845],[141.0853,-34.075,23.4858],[141.0892,-34.0767,24.5988],[141.0949,-34.0748,26.4971],[141.0976,-34.07,20.0109],[141.0956,-34.0607,26.386],[141.0879,-34.0593,19.3553],[141.0872,-34.0572,20.9083],[141.0876,-34.055,20.0873],[141.0942,-34.0507,19.6361],[141.1011,-34.0512,21.8217],[141.104,-34.0582,25.4038],[141.1069,-34.0611,19.9519],[141.1203,-34.0649,26.1459],[141.1282,-34.0634,24.4336],[141.1373,-34.0576,20.3665],[141.1376,-34.0616,21.081],[141.143,-34.0635,22.5559],[141.145,-34.0564,21.9138],[141.1531,-34.0545,26.7052],[141.1511,-34.0597,24.3826],[141.1534,-34.0642,22.0781],[141.1448,-34.0663,21.5696],[141.1438,-34.0678,21.5696],[141.1461,-34.0696,21.3816],[141.1512,-34.0679,23.4456],[141.1532,-34.0689,21.2573],[141.1537,-34.0821,22.4742],[141.1589,-34.0846,28.9938],[141.1658,-34.0832,24.5099],[141.169,-34.0806,21.4611],[141.1712,-34.0744,22.2615],[141.1746,-34.0733,22.1162],[141.1749,-34.0813,23.1917],[141.1784,-34.0882,25.1575],[141.185,-34.0919,23.8706],[141.1909,-34.0914,25.2608],[141.1935,-34.0896,26.6045],[141.1936,-34.0842,24.6234],[141.1875,-34.0793,21.0],[141.1924,-34.0783,21.3801],[141.1931,-34.0742,21.9568],[141.1998,-34.0721,26.2926],[141.2019,-34.0655,22.9637],[141.2059,-34.0617,24.2852],[141.2109,-34.0612,21.3597],[141.2155,-34.0654,23.9725],[141.2197,-34.0616,21.0],[141.2221,-34.0617,21.8686],[141.2222,-34.0689,23.0928],[141.2285,-34.0737,24.728],[141.2365,-34.0704,24.0395],[141.2375,-34.0639,22.2821],[141.2418,-34.0613,23.1097],[141.2443,-34.0638,24.2466],[141.2447,-34.069,22.2345],[141.2472,-34.0732,30.3983],[141.2417,-34.082,22.2098],[141.2425,-34.0873,22.4285],[141.2474,-34.0881,28.2821],[141.2495,-34.0861,28.0363],[141.2519,-34.079,23.176],[141.2554,-34.0775,22.4064],[141.2596,-34.0781,26.1289],[141.263,-34.0813,28.1593],[141.2682,-34.0917,23.2768],[141.275,-34.0979,25.3813],[141.2798,-34.0991,22.336],[141.2837,-34.1039,21.5],[141.2985,-34.107,23.5557],[141.298,-34.1116,27.9353],[141.3008,-34.1137,27.2296],[141.3138,-34.1117,24.6193],[141.3174,-34.1124,23.8803],[141.3184,-34.1163,29.4408],[141.3135,-34.1249,23.9337],[141.3168,-34.1273,23.9545],[141.3226,-34.1255,23.1141],[141.3259,-34.1269,25.4587],[141.3262,-34.1298,25.6722],[141.3231,-34.1332,22.0],[141.3232,-34.1376,22.0],[141.3249,-34.1388,24.2273],[141.3281,-34.1386,24.0326],[141.3314,-34.136,24.532],[141.3329,-34.1307,22.0],[141.3414,-34.128,27.1528],[141.3464,-34.1243,25.2462],[141.347,-34.1151,23.8599],[141.3485,-34.1123,23.1564],[141.359,-34.1107,25.947],[141.3627,-34.1129,24.9165],[141.3644,-34.1211,23.4243],[141.3688,-34.1271,25.7285],[141.3718,-34.1264,23.7543],[141.3697,-34.1202,23.7278],[141.3816,-34.1221,24.7375],[141.3846,-34.125,22.5],[141.3855,-34.1319,27.0227],[141.3881,-34.1347,29.5371],[141.3926,-34.1342,22.5],[141.4034,-34.1272,25.7279],[141.4082,-34.1279,23.0],[141.4103,-34.1322,24.5353],[141.4061,-34.142,30.5798],[141.4074,-34.1464,24.8018],[141.4119,-34.15,26.6843],[141.4172,-34.1508,25.2977],[141.4302,-34.1456,25.0495],[141.434,-34.146,23.5],[141.4348,-34.1478,23.5],[141.4321,-34.1545,25.7943],[141.4328,-34.1599,29.2587],[141.4445,-34.168,30.4742],[141.4488,-34.1675,25.7253],[141.4485,-34.1627,25.5807],[141.4502,-34.1611,26.9555],[141.4659,-34.1658,26.3858],[141.4697,-34.1634,28.9273],[141.4712,-34.1592,24.6938],[141.4828,-34.1634,28.2957],[141.486,-34.1614,30.0357],[141.4857,-34.1571,27.7542],[141.4874,-34.1549,28.4903],[141.4918,-34.1541,26.4903],[141.4968,-34.1555,25.9175],[141.5013,-34.16,35.0578],[141.5047,-34.1692,24.0],[141.5108,-34.1777,25.6257],[141.5187,-34.1809,25.0163],[141.5173,-34.1839,25.8925],[141.5107,-34.1858,29.7389],[141.5067,-34.1906,25.0747],[141.5077,-34.1942,27.31],[141.5146,-34.1982,26.6547],[141.5186,-34.2032,24.0],[141.5172,-34.2068,25.6512],[141.5085,-34.2084,25.0668],[141.5061,-34.2105,24.8574],[141.5061,-34.2138,25.4305],[141.5101,-34.2165,29.8167],[141.5339,-34.2107,25.5332],[141.5364,-34.2049,24.5],[141.5308,-34.1956,29.7983],[141.5335,-34.1914,27.7854],[141.538,-34.1927,27.1487],[141.5445,-34.2002,30.2498],[141.5477,-34.2008,26.8587],[141.5565,-34.1973,28.4548],[141.5582,-34.1919,26.093],[141.5605,-34.1909,24.5],[141.5672,-34.1915,35.1794],[141.5731,-34.196,27.138],[141.5839,-34.1988,26.43],[141.5881,-34.196,24.5],[141.5882,-34.1884,25.5283],[141.5897,-34.1869,24.5],[141.5958,-34.1918,29.3493],[141.6033,-34.1912,24.8692],[141.6059,-34.188,27.0543],[141.6049,-34.1839,29.3101],[141.6013,-34.1819,26.6651],[141.5926,-34.1818,25.6403],[141.5894,-34.1774,23.0],[141.5932,-34.1728,25.1281],[141.6027,-34.1687,32.7556],[141.6038,-34.1655,27.0878],[141.603,-34.1623,32.1908],[141.5993,-34.1561,33.1867],[141.5963,-34.1553,26.1056],[141.5878,-34.1576,29.3773],[141.5844,-34.1554,31.0076],[141.5839,-34.152,24.9335],[141.5873,-34.1507,24.888],[141.5953,-34.1548,26.1056],[141.6046,-34.1491,23.0],[141.6083,-34.1508,34.0781],[141.6125,-34.1568,32.7962],[141.6185,-34.1563,31.577],[141.621,-34.1543,23.0],[141.621,-34.1493,25.8589],[141.6118,-34.139,24.9444],[141.6153,-34.139,25.6539],[141.6182,-34.1435,26.5512],[141.6213,-34.1452,27.1878],[141.6284,-34.1452,30.1477],[141.6321,-34.1401,29.1446],[141.6301,-34.1297,30.1805],[141.6327,-34.1215,27.3172],[141.6547,-34.1167,30.6465],[141.6774,-34.1012,26.4089],[141.6886,-34.1023,26.2334],[141.6947,-34.0985,24.7456],[141.7049,-34.0957,23.0],[141.7083,-34.0964,30.8336],[141.7106,-34.0986,25.1285],[141.7128,-34.1123,30.9598],[141.7153,-34.1146,33.7391],[141.719,-34.1149,33.4985],[141.7235,-34.1127,25.3988],[141.7299,-34.1056,23.0],[141.7255,-34.094,23.0],[141.7273,-34.0915,24.2785],[141.7315,-34.091,23.0],[141.7463,-34.1034,32.2713],[141.7526,-34.1024,26.2673],[141.7583,-34.0968,32.3728],[141.7618,-34.0975,25.0],[141.7614,-34.1006,25.0],[141.754,-34.104,33.0966],[141.7526,-34.1062,33.3464],[141.7533,-34.1101,30.3088],[141.7569,-34.1121,29.2366],[141.7627,-34.1113,32.328],[141.771,-34.1047,28.087],[141.7779,-34.1018,26.8957],[141.7793,-34.1043,34.7637],[141.7747,-34.1139,36.2271],[141.7769,-34.1169,31.601],[141.7804,-34.1166,31.2454],[141.7841,-34.1123,29.3569],[141.7864,-34.1117,31.8272],[141.7907,-34.1152,33.9146],[141.8013,-34.1155,31.8891],[141.8065,-34.1203,30.9589],[141.8147,-34.1211,26.0],[141.8254,-34.1277,27.351],[141.8414,-34.1325,29.4938],[141.8446,-34.1314,30.7802],[141.8507,-34.1243,27.493],[141.8527,-34.1257,33.01],[141.8515,-34.1299,35.5794],[141.8533,-34.1312,31.4308],[141.8633,-34.1282,30.3529],[141.8678,-34.1287,34.6312],[141.8725,-34.1315,27.1664],[141.8766,-34.1374,28.7224],[141.8809,-34.1306,33.992],[141.8888,-34.1244,35.7438],[141.8887,-34.1215,35.791],[141.8852,-34.1179,31.8628],[141.8848,-34.115,30.5208],[141.9035,-34.1111,28.0139],[141.9082,-34.1144,27.5177],[141.9133,-34.1155,31.4669],[141.9226,-34.1146,38.5892],[141.9298,-34.1258,26.0],[141.9256,-34.1346,33.4506],[141.9341,-34.1383,33.5881],[141.9388,-34.135,28.9994],[141.938,-34.1289,28.5065],[141.9398,-34.1223,27.3163],[141.945,-34.1195,26.0],[141.948,-34.1205,42.7415],[141.954,-34.129,33.309],[141.9624,-34.136,28.6968],[141.9704,-34.1361,26.0],[141.9723,-34.1331,29.1285],[141.969,-34.1257,33.4326],[141.9697,-34.1199,34.4431],[141.9727,-34.115,29.0028],[141.9776,-34.1127,28.4027],[141.9849,-34.1129,28.4386],[141.993,-34.1213,48.009],[141.9985,-34.1185,26.0],[142.0133,-34.1253,32.833],[142.0222,-34.125,32.7726],[142.0242,-34.1234,27.0],[142.024,-34.1212,32.9863],[142.0165,-34.1173,31.0051],[142.0129,-34.1052,33.9449],[142.0155,-34.1041,27.0],[142.0211,-34.1065,35.9816],[142.026,-34.1065,34.29],[142.0375,-34.0994,27.0],[142.042,-34.1031,34.6839],[142.0423,-34.1053,31.4471],[142.0343,-34.1109,39.7706],[142.0294,-34.1182,30.2577],[142.0238,-34.1151,37.1914],[142.0285,-34.1189,39.1363],[142.0287,-34.1227,30.6922],[142.0276,-34.123,32.8684],[142.032,-34.1281,34.2787],[142.0361,-34.1295,27.0],[142.0488,-34.1254,31.9427],[142.0618,-34.1258,29.1086],[142.0756,-34.1314,34.1111],[142.0777,-34.1356,34.9589],[142.0772,-34.1387,30.3071],[142.0739,-34.1423,28.0],[142.0666,-34.1447,28.0],[142.0653,-34.1506,34.8726],[142.0676,-34.1536,34.1361],[142.0775,-34.1573,32.2451],[142.0828,-34.1735,33.5822],[142.0931,-34.1719,32.3652],[142.1054,-34.1775,32.2889],[142.1124,-34.1751,32.1247],[142.1196,-34.1749,37.2343],[142.1216,-34.1724,34.0593],[142.1185,-34.1615,32.3943],[142.1201,-34.1569,32.384],[142.1238,-34.1565,36.5882],[142.1327,-34.1606,33.8148],[142.138,-34.1601,35.5683],[142.1403,-34.1583,35.3232],[142.1433,-34.1514,30.0],[142.1483,-34.1487,33.3967],[142.1666,-34.1531,31.5],[142.1593,-34.1715,39.3068],[142.1665,-34.1714,32.5],[142.1634,-34.1764,34.952],[142.1673,-34.1835,37.1126],[142.1783,-34.1837,33.6851],[142.1814,-34.1764,39.6128],[142.1836,-34.1757,34.6369],[142.1903,-34.1805,36.1011],[142.1982,-34.1834,36.1362],[142.2063,-34.1837,35.9438],[142.2168,-34.1808,33.3989],[142.2207,-34.182,35.5996],[142.2253,-34.1891,33.447],[142.2293,-34.2077,38.2664],[142.2331,-34.2144,39.3329],[142.2337,-34.2133,39.3329],[142.2323,-34.2111,38.6967],[142.233,-34.21,38.6967],[142.2318,-34.2089,34.4532],[142.2386,-34.2065,37.462],[142.2347,-34.2053,33.6364],[142.2365,-34.2038,33.3306],[142.2434,-34.2092,33.0],[142.2442,-34.2115,35.6974],[142.2438,-34.2165,34.372],[142.2418,-34.216,36.7655],[142.2353,-34.2237,36.9746],[142.2414,-34.2284,34.2764],[142.244,-34.2325,36.4136],[142.245,-34.2379,33.0],[142.2436,-34.2458,36.1259],[142.2415,-34.2481,33.6902],[142.2348,-34.2494,39.3697],[142.2323,-34.255,34.4171],[142.234,-34.2571,35.5385],[142.2419,-34.2581,36.3447],[142.249,-34.2651,35.437],[142.2494,-34.2676,33.0],[142.2447,-34.2769,33.0],[142.2488,-34.285,35.706],[142.2437,-34.2919,34.4438],[142.2325,-34.2967,33.0],[142.2319,-34.3022,59.1469],[142.2359,-34.307,42.557],[142.2531,-34.3061,33.0],[142.2673,-34.2953,33.8745],[142.2693,-34.2961,33.4584],[142.2708,-34.3016,39.0295],[142.2737,-34.304,36.1815],[142.2775,-34.3032,38.1057],[142.2861,-34.2965,35.1606],[142.2915,-34.302,43.0157],[142.2989,-34.3057,35.1323],[142.2968,-34.3074,35.5517],[142.2883,-34.3064,34.3152],[142.2841,-34.3106,33.0],[142.2806,-34.3159,37.3501],[142.28,-34.3198,33.9695],[142.2839,-34.3266,37.0567],[142.2907,-34.326,34.1761],[142.2944,-34.3235,33.9685],[142.3017,-34.3291,36.7309],[142.3163,-34.3301,37.2848],[142.3216,-34.3369,36.7339],[142.3309,-34.3394,33.5],[142.3472,-34.3372,35.7024],[142.3619,-34.3281,37.634],[142.3678,-34.3269,36.1001],[142.3732,-34.3315,39.4691],[142.3796,-34.3309,33.9876],[142.3962,-34.3372,38.0118],[142.3976,-34.3405,38.3455],[142.397,-34.3438,36.1734],[142.3883,-34.3431,35.3883],[142.3845,-34.3469,41.007],[142.3863,-34.3553,36.9438],[142.3915,-34.3601,34.0],[142.3904,-34.3623,38.6441],[142.3852,-34.3638,37.4066],[142.3799,-34.3604,34.9366],[142.3713,-34.3578,40.3786],[142.3635,-34.3622,40.8164],[142.3661,-34.3651,42.3971],[142.3748,-34.3624,35.0],[142.3783,-34.3647,38.0837],[142.3772,-34.3673,35.224],[142.3681,-34.3707,36.1175],[142.3703,-34.3746,35.0],[142.3707,-34.3833,45.9724],[142.3739,-34.3881,35.0811],[142.368,-34.3855,37.4585],[142.3639,-34.3857,44.903],[142.351,-34.3966,37.3287],[142.3517,-34.3992,35.4459],[142.3565,-34.4004,35.0],[142.3524,-34.4045,39.85],[142.3526,-34.4079,37.6757],[142.3596,-34.41,36.2329],[142.3607,-34.4118,35.0],[142.3526,-34.4191,39.11],[142.3518,-34.4223,36.1645],[142.3545,-34.4241,36.6051],[142.3645,-34.4227,40.1645],[142.3639,-34.4277,41.2401],[142.3599,-34.4319,35.9014],[142.3679,-34.4354,35.9335],[142.3609,-34.4404,39.4652],[142.3607,-34.442,39.5825],[142.3651,-34.4474,35.0],[142.3607,-34.4595,48.1144],[142.3539,-34.4645,36.8431],[142.3533,-34.4696,42.8759],[142.3563,-34.4723,38.6538],[142.3644,-34.4693,35.0],[142.3723,-34.4717,44.4805],[142.3793,-34.4667,37.0165],[142.3842,-34.4781,35.0],[142.383,-34.4793,35.0],[142.3782,-34.4765,36.3402],[142.3747,-34.477,39.1895],[142.3725,-34.4807,38.3302],[142.3643,-34.4847,35.7373],[142.3598,-34.4912,43.075],[142.3596,-34.4988,42.6092],[142.3697,-34.5038,39.9896],[142.3724,-34.4957,39.4101],[142.3777,-34.4914,37.8531],[142.3911,-34.492,35.9644],[142.3947,-34.4935,38.5216],[142.3868,-34.499,38.6977],[142.3847,-34.5053,35.0],[142.3761,-34.5122,41.185],[142.3749,-34.5153,36.8003],[142.3772,-34.5183,42.7072],[142.3807,-34.5195,35.0],[142.3928,-34.5159,37.4896],[142.4006,-34.5227,36.4226],[142.3985,-34.5242,38.9546],[142.3829,-34.524,41.5337],[142.3703,-34.5263,36.4741],[142.3684,-34.5271,40.9795],[142.3677,-34.5304,45.2259],[142.3715,-34.5349,43.1302],[142.3782,-34.5321,38.6553],[142.3758,-34.5383,42.2535],[142.3767,-34.541,36.0907],[142.3866,-34.5451,37.581],[142.3902,-34.5491,38.8759],[142.3998,-34.547,41.7317],[142.4033,-34.542,37.4714],[142.4056,-34.5415,36.5371],[142.4067,-34.5478,46.2871],[142.4107,-34.5537,36.1434],[142.4066,-34.5619,44.8376],[142.4076,-34.5679,40.0288],[142.412,-34.5692,36.7237],[142.4261,-34.5623,35.5],[142.4294,-34.5666,46.3484],[142.4286,-34.5726,39.4949],[142.4302,-34.5748,44.529],[142.4348,-34.5761,36.0],[142.4449,-34.5755,37.369],[142.4516,-34.5843,36.0],[142.4575,-34.5842,38.9403],[142.4587,-34.5813,45.5705],[142.4516,-34.5727,46.4079],[142.4489,-34.5595,37.7728],[142.4548,-34.5576,36.0],[142.468,-34.5643,43.3246],[142.4727,-34.5767,42.8435],[142.4662,-34.583,41.3874],[142.4587,-34.5852,39.81],[142.4584,-34.5876,44.9471],[142.46,-34.5894,36.0],[142.4674,-34.5894,37.1404],[142.4712,-34.5926,36.8189],[142.4692,-34.5967,37.2009],[142.4691,-34.6016,36.0],[142.463,-34.6039,36.7686],[142.4613,-34.6066,36.5],[142.4618,-34.6085,40.7448],[142.4683,-34.6129,43.3585],[142.4593,-34.6161,36.5],[142.4584,-34.6192,46.1984],[142.463,-34.6232,36.5],[142.464,-34.6267,40.0172],[142.4597,-34.6293,53.4048],[142.4538,-34.6302,39.4696],[142.4523,-34.6335,41.8944],[142.4565,-34.6363,48.3976],[142.4653,-34.6342,37.0],[142.4671,-34.6381,55.9071],[142.4711,-34.6401,42.9287],[142.4803,-34.6354,40.4953],[142.4836,-34.6364,41.8763],[142.4838,-34.6384,38.297],[142.4761,-34.6427,45.4955],[142.4716,-34.6519,39.9522],[142.4713,-34.6659,37.0],[142.4756,-34.6726,39.0891],[142.4803,-34.6736,43.4372],[142.4931,-34.6722,38.9604],[142.4958,-34.6673,51.4577],[142.4886,-34.6672,45.4293],[142.4866,-34.6662,46.2094],[142.4869,-34.6635,43.7572],[142.4893,-34.6625,37.25],[142.4998,-34.6648,49.1139],[142.5022,-34.6631,48.6187],[142.5038,-34.6579,47.8208],[142.5071,-34.6564,42.7934],[142.5097,-34.6568,41.7892],[142.5171,-34.6626,44.6598],[142.5136,-34.6658,43.9928],[142.5038,-34.6675,49.079],[142.4974,-34.6743,48.3351],[142.4994,-34.6819,46.2317],[142.5009,-34.6827,40.7957],[142.5064,-34.6802,38.8561],[142.5144,-34.6922,42.4389],[142.5132,-34.695,39.2863],[142.5094,-34.6971,40.2718],[142.4998,-34.6989,39.808],[142.4997,-34.7031,50.5879],[142.5047,-34.7038,39.5333],[142.5118,-34.7002,38.6016],[142.5179,-34.7013,45.727],[142.5189,-34.7037,42.5853],[142.5094,-34.7136,48.798],[142.5128,-34.7195,37.0],[142.5124,-34.7232,37.0],[142.5018,-34.7326,47.8329],[142.4996,-34.7391,47.7586],[142.502,-34.7409,40.293],[142.5117,-34.7409,39.9349],[142.5127,-34.7431,41.4708],[142.5083,-34.7459,42.3431],[142.5074,-34.7488,46.4399],[142.5244,-34.7595,39.4742],[142.5285,-34.7593,38.86],[142.5336,-34.7531,42.1779],[142.5388,-34.7629,49.168],[142.5501,-34.7627,38.278],[142.5503,-34.7689,42.1515],[142.5567,-34.7754,43.4046],[142.5608,-34.7743,37.0],[142.5632,-34.7692,37.7318],[142.5672,-34.7669,40.358],[142.5756,-34.7714,50.6521],[142.5858,-34.7704,38.9493],[142.5948,-34.7724,37.0],[142.6073,-34.7812,37.0],[142.6168,-34.7855,43.0797],[142.6314,-34.7844,39.1217],[142.6394,-34.7802,40.4246],[142.6445,-34.7753,54.9976],[142.6464,-34.7633,49.75],[142.6429,-34.7589,40.1171],[142.6396,-34.7575,43.8738],[142.6263,-34.7606,39.6129],[142.6205,-34.7571,37.4144],[142.6192,-34.7542,52.3851],[142.6195,-34.7445,52.2743],[142.6163,-34.7364,37.0],[142.6183,-34.7288,37.733],[142.6235,-34.7275,37.4563],[142.6321,-34.7338,44.388],[142.6373,-34.735,44.4096],[142.6426,-34.7317,44.5726],[142.6522,-34.7295,45.7974],[142.6614,-34.7217,43.0726],[142.6637,-34.7233,42.9772],[142.6642,-34.7303,47.6114],[142.6674,-34.7359,41.8085],[142.679,-34.7392,38.8041],[142.6847,-34.7366,41.7704],[142.6867,-34.7339,37.4308],[142.6766,-34.729,37.0],[142.6759,-34.7268,37.0],[142.6786,-34.7223,46.0578],[142.6818,-34.7218,44.2737],[142.6909,-34.7267,48.8361],[142.6995,-34.7242,42.2715],[142.6977,-34.7207,51.8929],[142.6888,-34.7175,38.2598],[142.6845,-34.7141,37.0],[142.6854,-34.7096,49.7205],[142.6905,-34.7047,49.5901],[142.6911,-34.7017,37.0],[142.6822,-34.6908,37.9521],[142.6789,-34.6808,49.3279],[142.6805,-34.6729,38.7357],[142.6841,-34.6709,37.0],[142.6884,-34.6714,50.8094],[142.7059,-34.6795,37.8349],[142.7082,-34.6791,50.8863],[142.7107,-34.676,40.8555],[142.7109,-34.6679,42.0769],[142.7086,-34.6622,53.5161],[142.7016,-34.6594,50.2882],[142.6954,-34.66,38.7111],[142.6892,-34.6525,45.9381],[142.6974,-34.641,62.4758],[142.695,-34.6359,43.7525],[142.6991,-34.6313,44.8027],[142.7008,-34.6245,38.8722],[142.7088,-34.6227,43.7726],[142.7076,-34.618899999999996,52.4469],[142.6924,-34.6196,45.1473],[142.6895,-34.6183,38.5076],[142.6905,-34.6157,39.5775],[142.7005,-34.6158,38.7463],[142.704,-34.6135,42.9224],[142.6995,-34.6029,50.1617],[142.7,-34.5994,40.809],[142.7043,-34.5976,37.0],[142.7148,-34.6004,44.6746],[142.7178,-34.5988,39.479],[142.7198,-34.5939,37.0],[142.7236,-34.5923,39.8386],[142.7312,-34.5992,44.1195],[142.7432,-34.6028,38.8156],[142.7531,-34.6026,45.796],[142.7592,-34.6001,65.264],[142.7635,-34.5967,50.903],[142.7634,-34.5904,51.6246],[142.7604,-34.5884,42.9856],[142.7501,-34.5891,50.7248],[142.7469,-34.5878,64.878],[142.7453,-34.5842,51.8377],[142.7483,-34.5768,40.079],[142.7502,-34.5763,57.288],[142.7585,-34.5798,55.492],[142.7693,-34.5782,50.8718],[142.7841,-34.5804,52.8927],[142.7839,-34.5775,55.57],[142.7719,-34.5718,40.7044],[142.77,-34.5689,55.1295],[142.7716,-34.566,37.0],[142.778,-34.5674,44.2714],[142.7825,-34.5649,48.8245],[142.7827,-34.5616,37.0],[142.7887,-34.5574,41.0817],[142.788,-34.5512,43.8244],[142.7894,-34.5471,37.0],[142.7914,-34.5464,50.6596],[142.7942,-34.5513,48.9981],[142.8054,-34.5539,40.0584],[142.8101,-34.5609,45.6404],[142.8027,-34.5647,37.6763],[142.7964,-34.5719,40.1485],[142.7966,-34.574,40.4019],[142.8001,-34.576,42.5889],[142.8014,-34.579,46.6202],[142.7866,-34.5843,37.0],[142.7877,-34.5902,48.7754],[142.7953,-34.5971,44.7032],[142.7979,-34.5976,39.5442],[142.7996,-34.5975,39.333],[142.8031,-34.5889,40.2659],[142.8103,-34.5891,42.2069],[142.8114,-34.5914,37.0],[142.8097,-34.595,53.5077],[142.8029,-34.6017,37.0],[142.803,-34.6062,37.2944],[142.805,-34.6084,44.6769],[142.8185,-34.6124,45.3453],[142.8202,-34.6099,46.3313],[142.8185,-34.6031,42.6424],[142.8206,-34.6006,38.6769],[142.8231,-34.6003,40.7424],[142.8252,-34.6019,37.9247],[142.8247,-34.6085,55.4689],[142.8382,-34.613,38.2012],[142.8407,-34.6258,42.9614],[142.8451,-34.6265,54.0944],[142.8476,-34.6201,46.7642],[142.8525,-34.6192,40.1903],[142.8554,-34.6203,47.0211],[142.8611,-34.6281,54.1004],[142.8683,-34.6275,39.5573],[142.8554,-34.6387,40.4112],[142.8564,-34.643,41.0416],[142.8588,-34.645,50.8518],[142.8605,-34.6442,43.679],[142.8602,-34.6396,46.8461],[142.8635,-34.6391,38.8037],[142.8645,-34.6442,37.4602],[142.8719,-34.6503,53.4527],[142.8696,-34.6572,49.9896],[142.8613,-34.6624,50.1956],[142.8605,-34.6652,44.0462],[142.8642,-34.6671,45.0583],[142.8693,-34.6641,39.6064],[142.8721,-34.6641,42.8891],[142.8727,-34.6704,42.3503],[142.8759,-34.6749,53.3268],[142.8865,-34.6721,44.191],[142.8872,-34.6734,39.4714],[142.8852,-34.6772,39.4984],[142.8868,-34.6798,49.4813],[142.8939,-34.6788,47.5262],[142.8939,-34.6768,42.3843],[142.8908,-34.6739,48.644],[142.8914,-34.6718,42.8955],[142.8964,-34.6733,45.4602],[142.9002,-34.6715,43.7394],[142.8994,-34.6688,46.1688],[142.8943,-34.6674,39.129],[142.8933,-34.6657,44.9211],[142.9004,-34.6627,44.7463],[142.9015,-34.655,47.2823],[142.9097,-34.6512,37.0],[142.9183,-34.6506,44.9757],[142.9238,-34.6479,45.8265],[142.9247,-34.6496,39.9817],[142.9212,-34.6545,55.8293],[142.9223,-34.6565,51.0333],[142.9326,-34.6555,42.8975],[142.9352,-34.6608,38.3497],[142.9437,-34.662,40.4199],[142.9452,-34.6665,41.8408],[142.9489,-34.6697,57.9961],[142.9524,-34.6694,37.7616],[142.9593,-34.665,40.8595],[142.9581,-34.6711,54.1791],[142.963,-34.6758,39.2506],[142.9678,-34.6919,54.471],[142.9727,-34.6952,52.1335],[142.9773,-34.6933,54.0253],[142.9825,-34.6821,43.597],[142.9814,-34.6775,54.5397],[142.9753,-34.6709,40.538],[142.9861,-34.6684,56.7443],[142.9893,-34.6626,40.3832],[142.9946,-34.6739,42.1893],[142.9965,-34.674,47.4987],[142.999,-34.6703,47.4422],[143.0011,-34.6697,47.4283],[143.0133,-34.6711,46.166],[143.0173,-34.6737,42.7034],[143.0169,-34.6766,40.5911],[143.008,-34.6859,58.928],[143.008,-34.6908,54.5328],[143.0102,-34.6937,45.5565],[143.0154,-34.6948,53.1436],[143.0218,-34.6929,41.3062],[143.0242,-34.6829,45.3487],[143.0268,-34.6818,44.2623],[143.0325,-34.6829,46.7671],[143.0298,-34.6874,37.0],[143.0294,-34.6919,43.5568],[143.0395,-34.7026,44.8438],[143.0444,-34.6993,37.0],[143.0375,-34.6917,39.8605],[143.0377,-34.6885,37.0],[143.0404,-34.6859,39.9528],[143.0434,-34.6866,39.2072],[143.0438,-34.6921,46.2365],[143.047,-34.6971,55.0597],[143.0509,-34.6993,43.0379],[143.0548,-34.6989,43.2657],[143.0584,-34.6971,48.6686],[143.0651,-34.689,47.1987],[143.0668,-34.6796,48.0361],[143.0708,-34.6784,52.2258],[143.0718,-34.6894,39.9499],[143.0762,-34.696,40.165],[143.0928,-34.7013,55.3931],[143.0973,-34.6962,41.945],[143.1065,-34.6923,40.6466],[143.111,-34.6812,42.5708],[143.1125,-34.6808,42.5708],[143.1213,-34.6874,37.0],[143.1156,-34.6857,48.0826],[143.1116,-34.6871,42.1458],[143.1066,-34.6995,57.3301],[143.1072,-34.7015,58.8382],[143.1098,-34.7016,60.3926],[143.1221,-34.6936,45.0703],[143.1278,-34.6927,49.2643],[143.1277,-34.6945,37.0],[143.1181,-34.6983,40.4268],[143.1178,-34.7031,51.1949],[143.1206,-34.7037,48.0949],[143.1258,-34.7011,37.0],[143.1335,-34.7006,56.5795],[143.1349,-34.7078,51.9861],[143.1474,-34.7148,57.4059],[143.1487,-34.7139,44.4343],[143.1479,-34.7088,37.0],[143.1537,-34.7053,52.4935],[143.1564,-34.6993,45.1496],[143.1617,-34.6979,47.2751],[143.1658,-34.702,60.9064],[143.1659,-34.7075,58.9702],[143.1637,-34.7153,48.6575],[143.1654,-34.7181,57.5426],[143.1732,-34.7197,56.4097],[143.1756,-34.7132,37.6746],[143.181,-34.7095,47.3534],[143.1813,-34.7117,41.5033],[143.1779,-34.7151,49.5645],[143.1793,-34.7173,44.6952],[143.1918,-34.7128,47.0233],[143.1992,-34.717,68.7861],[143.1958,-34.7208,46.1207],[143.1965,-34.7286,53.8044],[143.2,-34.7334,57.8493],[143.2056,-34.7344,46.7085],[143.2136,-34.7302,45.2669],[143.2188,-34.7295,38.6496],[143.2225,-34.7324,51.1975],[143.2149,-34.7354,46.7144],[143.2139,-34.7385,42.1829],[143.2214,-34.7431,57.1462],[143.2191,-34.7526,49.6355],[143.22,-34.7552,42.0144],[143.2244,-34.7587,47.5357],[143.2289,-34.7578,39.6712],[143.2274,-34.7507,37.0],[143.2288,-34.7478,41.3942],[143.2379,-34.7473,44.0849],[143.2407,-34.7455,48.1651],[143.2434,-34.7479,40.9842],[143.2442,-34.7549,58.0802],[143.2489,-34.7579,44.2448],[143.2623,-34.7518,46.4037],[143.2653,-34.7486,42.459],[143.274,-34.7527,41.8139],[143.2686,-34.753,37.0],[143.2677,-34.756,40.4211],[143.2716,-34.7595,40.9299],[143.265,-34.764,55.8941],[143.2543,-34.7666,42.6553],[143.2521,-34.7728,46.6192],[143.2577,-34.7785,48.3811],[143.262,-34.7771,45.0188],[143.2627,-34.7736,37.0],[143.273,-34.7764,51.0044],[143.2718,-34.7796,46.0647],[143.2762,-34.7823,48.6703],[143.2736,-34.7891,40.1652],[143.2767,-34.7923,38.7624],[143.2837,-34.7952,59.1565],[143.2869,-34.795,57.6219],[143.2843,-34.7852,46.7323],[143.2875,-34.785,49.9059],[143.294,-34.7909,46.2729],[143.297,-34.7854,41.5979],[143.3088,-34.7799,47.9847],[143.3127,-34.7808,53.379],[143.3134,-34.7875,39.0],[143.3183,-34.7908,46.867],[143.3217,-34.7909,43.7055],[143.3291,-34.7864,43.5201],[143.333,-34.7932,62.51],[143.3451,-34.7907,52.9195],[143.3479,-34.7916,42.8476],[143.3517,-34.7955,41.8554],[143.3474,-34.8039,54.3175],[143.3476,-34.8073,44.4508],[143.352,-34.8107,43.1416],[143.357,-34.8121,47.1387],[143.3596,-34.8169,53.1519],[143.3516,-34.8232,63.6283],[143.3542,-34.8302,51.3955],[143.3506,-34.8342,52.9896],[143.3515,-34.8385,53.7037],[143.3412,-34.8463,61.8434],[143.3433,-34.8482,60.5645],[143.3474,-34.8464,48.9437],[143.3549,-34.846,54.9329],[143.3552,-34.8474,43.5937],[143.3487,-34.8478,47.5929],[143.3452,-34.8535,58.3472],[143.3474,-34.8561,46.8451],[143.3526,-34.8582,47.8021],[143.3479,-34.8621,51.1373],[143.3486,-34.8648,52.0119],[143.3435,-34.8659,56.9177],[143.3384,-34.8703,50.7512],[143.3373,-34.8748,48.1561],[143.3424,-34.8758,51.3272],[143.3408,-34.8778,61.2441],[143.3429,-34.8788,50.0782],[143.3417,-34.8811,52.347],[143.3389,-34.8814,54.2208],[143.3367,-34.8792,62.0359],[143.336,-34.8832,51.3097],[143.3341,-34.8846,49.4562],[143.3357,-34.886,49.2848],[143.3322,-34.8884,51.0529],[143.3336,-34.8855,49.4562],[143.3273,-34.8823,59.5804],[143.3266,-34.8839,55.1918],[143.3237,-34.8838,55.8358],[143.3214,-34.8885,50.0898],[143.3227,-34.8918,58.054],[143.3281,-34.895,54.355],[143.3262,-34.8982,61.6022],[143.3324,-34.9045,59.2447],[143.3299,-34.9064,55.0139],[143.332,-34.9075,54.4747],[143.3334,-34.9113,57.5341],[143.3362,-34.9134,58.9002],[143.3405,-34.9137,56.0668],[143.3419,-34.919,56.6907],[143.3389,-34.9259,59.781],[143.3428,-34.9325,57.3252],[143.3409,-34.9354,59.1146],[143.3376,-34.9366,55.2619],[143.3375,-34.9402,54.5136],[143.3414,-34.9403,58.8717],[143.3395,-34.9436,61.2399],[143.3366,-34.9448,60.0674],[143.3334,-34.9385,58.8586],[143.3318,-34.9411,55.1534],[143.3295,-34.9399,57.4884],[143.3273,-34.9424,58.703],[143.322,-34.9423,61.8858],[143.3225,-34.9462,56.1507],[143.3199,-34.9477,57.0206],[143.3227,-34.9509,58.8532],[143.3177,-34.9526,60.5555],[143.3198,-34.956,60.6016],[143.3196,-34.9687,60.4937],[143.323,-34.9702,61.7337],[143.3213,-34.9738,58.8338],[143.3237,-34.9791,59.0164],[143.3232,-34.9815,60.2179],[143.3178,-34.9864,62.9442],[143.3188,-34.9929,63.2403],[143.3235,-34.9945,60.5166],[143.3263,-34.9931,62.3534],[143.3297,-34.9957,61.901],[143.3358,-35.003,61.2064],[143.3381,-35.0109,61.4066],[143.3341,-35.0151,64.3913],[143.3333,-35.0182,62.2226],[143.3351,-35.0206,63.9672],[143.3319,-35.0238,61.3707],[143.3349,-35.0263,61.9075],[143.3329,-35.0279,66.0043],[143.3352,-35.0294,61.869],[143.3345,-35.0329,62.0962],[143.336,-35.0374,64.9534],[143.3305,-35.0374,60.923],[143.3277,-35.0339,64.2236],[143.3221,-35.0367,61.2096],[143.3278,-35.0379,61.6288],[143.3244,-35.042,62.9821],[143.3296,-35.0416,61.8212],[143.3278,-35.0442,67.4372],[143.3287,-35.0459,61.9948],[143.3365,-35.0432,78.8295],[143.3335,-35.0459,60.403],[143.3305,-35.0539,61.6447],[143.3342,-35.0545,61.9432],[143.3343,-35.0493,61.0017],[143.3373,-35.0486,62.1482],[143.3399,-35.055,62.6419],[143.3368,-35.0597,63.5537],[143.3377,-35.0613,60.7136],[143.3416,-35.0624,64.4286],[143.3408,-35.0593,61.8001],[143.342,-35.0587,72.1331],[143.3508,-35.0647,73.6083],[143.3497,-35.0699,61.2465],[143.347,-35.0683,64.1416],[143.3468,-35.0658,65.4646],[143.3419,-35.0645,64.3216],[143.3391,-35.0682,61.8631],[143.339,-35.0704,66.0401],[143.3455,-35.0741,64.7101],[143.3428,-35.0767,63.3054],[143.343,-35.0791,65.0124],[143.3374,-35.0804,60.2543],[143.3437,-35.0825,61.5025],[143.3416,-35.0851,69.6154],[143.345,-35.0868,72.7773],[143.3409,-35.0885,66.9291],[143.3459,-35.0938,72.8075],[143.3409,-35.0957,62.7383],[143.3446,-35.0964,63.2164],[143.3444,-35.0995,62.2781],[143.3481,-35.1054,62.8615],[143.3501,-35.1044,63.553],[143.3486,-35.1008,61.302],[143.3529,-35.103,67.0198],[143.3529,-35.0996,60.7039],[143.3608,-35.103,66.0247],[143.3577,-35.1049,66.9841],[143.3597,-35.109,69.7837],[143.359,-35.1113,70.1657],[143.3621,-35.1144,63.0824],[143.362,-35.1169,61.7184],[143.366,-35.1203,67.8872],[143.3688,-35.1198,65.988],[143.3739,-35.1226,62.5226],[143.3766,-35.129,61.8638],[143.387,-35.1376,64.7827],[143.3867,-35.1432,66.1354],[143.3905,-35.1448,66.3854],[143.3911,-35.1472,63.3063],[143.3895,-35.1502,64.6849],[143.3846,-35.1528,63.6161],[143.3823,-35.1561,65.3759],[143.3869,-35.1598,62.4591],[143.3834,-35.1608,63.409],[143.3826,-35.1628,60.1469],[143.3875,-35.1623,60.0735],[143.3819,-35.1729,67.3888],[143.3843,-35.1741,62.0321],[143.3847,-35.1714,62.0091],[143.3877,-35.1725,63.4709],[143.3898,-35.1711,70.5429],[143.3918,-35.1726,66.4689],[143.3937,-35.1781,63.0703],[143.387,-35.1835,70.8464],[143.3888,-35.1863,86.3742],[143.3911,-35.1848,71.0293],[143.3931,-35.1855,62.9692],[143.391,-35.1887,61.669],[143.3947,-35.1924,80.2126],[143.3967,-35.1931,84.1327],[143.4005,-35.1899,74.4021],[143.4042,-35.1937,76.1442],[143.4122,-35.1933,71.5133],[143.4175,-35.1949,80.4872],[143.4258,-35.1894,66.2698],[143.4285,-35.1937,63.0168],[143.4316,-35.195,64.1326],[143.4339,-35.1935,65.4737],[143.4338,-35.1907,63.1847],[143.4495,-35.1891,65.1246],[143.4502,-35.1939,67.5771],[143.456,-35.1964,65.3438],[143.4582,-35.1988,64.8824],[143.4592,-35.2034,65.9113],[143.4647,-35.2026,63.6664],[143.4661,-35.2147,68.263],[143.4715,-35.2193,67.4869],[143.4841,-35.2184,64.8436],[143.494,-35.22,67.9832],[143.5014,-35.2179,64.9454],[143.5049,-35.2139,66.3391],[143.5183,-35.2116,67.8048],[143.5228,-35.2183,64.6245],[143.5292,-35.2199,68.7715],[143.5483,-35.2138,66.5925],[143.5496,-35.2112,66.0862],[143.5465,-35.2076,66.3782],[143.547,-35.2062,67.7919],[143.5634,-35.2025,67.5332],[143.5708,-35.2069,69.9629],[143.58,-35.2143,70.7758],[143.581,-35.22,65.724],[143.5759,-35.2264,64.9347],[143.5762,-35.2303,66.6466],[143.5781,-35.2317,65.0731],[143.573,-35.2352,66.5697],[143.5645,-35.2361,66.4977],[143.5642,-35.238,68.9329],[143.5667,-35.2402,65.594],[143.5637,-35.2435,68.0049],[143.5699,-35.2464,64.7779],[143.5701,-35.2507,65.6217],[143.5741,-35.2565,68.9061],[143.571,-35.2655,65.8745],[143.5717,-35.268,65.2385],[143.5738,-35.2692,65.0561],[143.5752,-35.2685,72.3671],[143.5751,-35.2654,68.4974],[143.5784,-35.2674,67.9207],[143.5835,-35.265,64.0984],[143.5808,-35.2691,67.801],[143.5824,-35.2728,66.9401],[143.5897,-35.2722,66.8026],[143.5908,-35.2738,67.1858],[143.5877,-35.2769,65.5915],[143.5853,-35.2768,67.1829],[143.5845,-35.2793,66.2327],[143.5903,-35.2804,67.4233],[143.5909,-35.2817,69.7773],[143.5867,-35.2846,64.5],[143.5867,-35.2865,68.8396],[143.5821,-35.2878,66.7395],[143.5797,-35.2956,66.6825],[143.5823,-35.2981,68.4175],[143.5771,-35.2984,65.5095],[143.5779,-35.3032,67.8856],[143.5741,-35.3034,69.1359],[143.5711,-35.3013,66.3935],[143.569,-35.3024,69.2549],[143.5725,-35.306,67.0468],[143.5677,-35.3083,67.6958],[143.5665,-35.3139,65.0],[143.5636,-35.3164,69.5599],[143.5637,-35.3224,69.1727],[143.5617,-35.3253,65.7346],[143.5643,-35.3285,71.002],[143.5618,-35.3372,66.3781],[143.5668,-35.3436,72.2329],[143.5704,-35.3427,70.8376],[143.5727,-35.3374,66.9026],[143.575,-35.3408,70.0914],[143.58,-35.3397,70.5217],[143.5845,-35.346,67.6967],[143.5894,-35.3471,67.0133],[143.5903,-35.3503,67.8984],[143.5962,-35.3505,70.6388],[143.5984,-35.3521,68.9689],[143.5975,-35.3552,69.9444],[143.6038,-35.3621,67.4695],[143.603,-35.3654,68.0497],[143.6085,-35.3666,68.8747],[143.6098,-35.37,69.2223],[143.6136,-35.3677,67.4419],[143.616,-35.3689,70.861],[143.6165,-35.3722,70.1016],[143.6133,-35.377,68.7684],[143.619,-35.3821,67.6138],[143.6187,-35.3853,66.8122],[143.6204,-35.3877,67.7803],[143.6247,-35.3879,68.0008],[143.6242,-35.3831,67.7522],[143.6263,-35.381,68.4981],[143.6299,-35.3848,70.5569],[143.633,-35.3835,71.9117],[143.6346,-35.3866,69.9447],[143.6294,-35.3924,68.8229],[143.6312,-35.3955,69.3296],[143.6376,-35.3961,69.415],[143.64,-35.4009,69.6885],[143.6423,-35.401,68.766],[143.6473,-35.3987,69.4755],[143.649,-35.3954,69.033],[143.6539,-35.3949,69.7121],[143.6524,-35.3915,72.9491],[143.6558,-35.3907,69.0547],[143.6571,-35.385,71.9277],[143.6681,-35.3857,70.5834],[143.6658,-35.3822,69.5373],[143.6667,-35.3791,70.9097],[143.6642,-35.3777,72.2475],[143.6666,-35.3764,71.9386],[143.6679,-35.3716,69.2097],[143.6766,-35.3707,70.9208],[143.679,-35.3735,75.1449],[143.6826,-35.3741,74.2898],[143.6833,-35.369,70.559],[143.6845,-35.3684,70.559],[143.6884,-35.3707,72.3251],[143.6893,-35.3773,72.5577],[143.6929,-35.3779,72.8399],[143.6931,-35.3839,71.1759],[143.697,-35.3838,70.8204],[143.7023,-35.3779,70.5215],[143.704,-35.3798,71.0536],[143.7013,-35.387,70.3342],[143.7034,-35.3894,72.4345],[143.7056,-35.389,74.1528],[143.7092,-35.384,71.781],[143.7117,-35.3847,76.594],[143.7118,-35.3866,74.7366],[143.7092,-35.3886,74.5203],[143.7092,-35.3925,71.8756],[143.715,-35.3929,74.264],[143.7269,-35.3902,74.2083],[143.7304,-35.3905,76.7378],[143.732,-35.3941,72.4592],[143.735,-35.3929,71.1445],[143.7396,-35.3936,71.3069],[143.7443,-35.3904,73.2901],[143.7449,-35.3865,68.8923],[143.7459,-35.3887,70.692],[143.751,-35.3878,77.631],[143.7516,-35.3925,71.7294],[143.7572,-35.3945,72.6829],[143.7624,-35.3921,70.6888],[143.7644,-35.3926,71.9672],[143.7629,-35.4006,75.4775],[143.7688,-35.4018,72.0448],[143.767,-35.404,70.5349],[143.7686,-35.4084,70.5163],[143.7616,-35.4103,70.7702],[143.7588,-35.4154,70.1502],[143.7602,-35.4175,73.446],[143.766,-35.4159,71.1837],[143.7625,-35.4214,70.5965],[143.7628,-35.4231,72.9241],[143.7689,-35.4218,72.0989],[143.772,-35.424,71.2514],[143.7767,-35.4241,71.2004],[143.7901,-35.4225,70.63],[143.7937,-35.4294,70.9262],[143.7969,-35.4297,73.5287],[143.8002,-35.4334,75.3747],[143.8038,-35.4345,72.3145],[143.8086,-35.4333,74.4012],[143.818,-35.4375,77.074],[143.8189,-35.4399,81.0673],[143.813,-35.4434,73.6332],[143.813,-35.4463,73.5767],[143.8221,-35.4459,75.7402],[143.8218,-35.4493,70.3472],[143.827,-35.4551,71.5001],[143.84,-35.4577,71.4913],[143.846,-35.4633,71.6996],[143.8554,-35.4618,71.833],[143.8561,-35.4643,71.798],[143.8539,-35.4688,74.8286],[143.8604,-35.4745,71.2224],[143.8582,-35.4775,70.6167],[143.8588,-35.48,72.1708],[143.8611,-35.4801,71.9998],[143.8639,-35.4772,70.8883],[143.8697,-35.4817,72.6626],[143.8698,-35.4787,72.6874],[143.8714,-35.4778,71.4876],[143.8766,-35.4862,73.8905],[143.8806,-35.4873,71.4262],[143.8875,-35.4853,74.2928],[143.8994,-35.4953,72.2799],[143.9077,-35.4942,73.0112],[143.9039,-35.4953,74.4151],[143.9062,-35.5,73.8758],[143.9088,-35.4985,71.5595],[143.9124,-35.4993,71.1002],[143.9122,-35.4949,72.6032],[143.9173,-35.497,70.6545],[143.9165,-35.499,70.7126],[143.9183,-35.5008,71.7098],[143.922,-35.4996,71.7771],[143.9241,-35.5016,73.4397],[143.9299,-35.5016,74.4128],[143.935,-35.4993,71.9383],[143.9357,-35.501,71.5525],[143.9323,-35.5022,71.7594],[143.9333,-35.5066,73.9121],[143.9359,-35.5059,70.3986],[143.9368,-35.5029,72.4655],[143.9419,-35.5017,71.7161],[143.9488,-35.5008,70.9309],[143.9531,-35.5038,71.131],[143.959,-35.5045,71.8871],[143.961,-35.5034,74.3832],[143.961,-35.499,73.5799],[143.9669,-35.5029,72.2449],[143.9683,-35.5023,73.3767],[143.9675,-35.5005,70.4883],[143.9701,-35.5001,71.1667],[143.9687,-35.5053,71.6436],[143.9725,-35.5093,73.3293],[143.9686,-35.5103,70.8351],[143.967,-35.5083,73.5603],[143.9648,-35.5084,74.3748],[143.9624,-35.514,72.2474],[143.9709,-35.52,74.1751],[143.9693,-35.5231,75.2402],[143.9715,-35.5247,74.0225],[143.9747,-35.5326,72.8878],[143.9893,-35.5354,74.4912],[143.992,-35.534,74.5765],[143.9967,-35.5359,73.7062],[143.9956,-35.5422,73.0227],[143.9992,-35.5454,74.7692],[143.9964,-35.5493,73.6789],[143.9904,-35.5522,73.9315],[143.9899,-35.5547,74.4561],[143.993,-35.556399999999996,75.286],[143.9967,-35.556,74.6485],[144.0031,-35.5608,72.4808],[144.0096,-35.5633,74.6341],[144.0123,-35.5623,74.7003],[144.0094,-35.5581,74.5468],[144.0127,-35.5541,73.6126],[144.0152,-35.5547,75.6853],[144.0189,-35.5529,75.5793],[144.0294,-35.5563,75.5272],[144.0318,-35.5538,72.8428],[144.0341,-35.556,73.0569],[144.0392,-35.5493,72.9363],[144.0388,-35.5534,75.5683],[144.0415,-35.5558,73.7479],[144.0431,-35.5555,76.382],[144.044,-35.5526,72.9477],[144.0461,-35.5526,73.3493],[144.0479,-35.5563,73.7152],[144.0468,-35.5631,78.6204],[144.064,-35.5705,74.4033],[144.0623,-35.5768,75.3242],[144.0661,-35.5777,74.7811],[144.0685,-35.5802,74.4189],[144.0719,-35.5783,72.8586],[144.0726,-35.5806,75.4995],[144.0759,-35.581,73.3617],[144.0796,-35.5843,72.4674],[144.0858,-35.5843,72.2233],[144.092,-35.5875,73.1809],[144.0963,-35.5871,72.7928],[144.1004,-35.5887,72.0714],[144.102,-35.5916,74.5584],[144.105,-35.5908,70.803],[144.1062,-35.5954,73.0893],[144.1033,-35.5981,76.3456],[144.1098,-35.5984,71.0231],[144.1111,-35.5989,74.3258],[144.1089,-35.6002,74.0303],[144.1097,-35.6021,72.8745],[144.1135,-35.6022,72.4951],[144.1142,-35.6053,72.9945],[144.111,-35.6074,72.4561],[144.1159,-35.6129,72.8398],[144.1136,-35.6167,73.4544],[144.1148,-35.6197,78.1421],[144.1199,-35.621,73.9939],[144.1176,-35.6259,76.6972],[144.1264,-35.6316,72.0065],[144.1278,-35.6346,78.7479],[144.1315,-35.6335,73.8262],[144.1305,-35.6356,74.706],[144.1315,-35.6408,77.7343],[144.1375,-35.6405,74.089],[144.1407,-35.6466,78.4517],[144.1429,-35.6473,74.2097],[144.1474,-35.6472,72.3639],[144.1481,-35.6455,74.0432],[144.1467,-35.6444,73.3483],[144.1526,-35.6427,76.8609],[144.1496,-35.646,74.0432],[144.1535,-35.6462,74.266],[144.157,-35.6511,71.8575],[144.154,-35.6501,72.3705],[144.1515,-35.6534,77.7158],[144.1544,-35.6575,74.2402],[144.1584,-35.6582,72.5831],[144.1583,-35.6614,76.6441],[144.1626,-35.668,76.239],[144.1624,-35.6715,78.0215],[144.1718,-35.6718,72.0256],[144.1744,-35.6746,77.9063],[144.1768,-35.6724,74.8065],[144.1802,-35.6735,74.4043],[144.1868,-35.6704,72.8151],[144.1867,-35.6729,76.7988],[144.1899,-35.6739,74.6794],[144.1864,-35.6752,77.6897],[144.1897,-35.6768,75.951],[144.1883,-35.6805,73.0482],[144.1915,-35.6808,76.3114],[144.1951,-35.6859,77.0024],[144.1994,-35.6865,76.6204],[144.2028,-35.6844,75.6489],[144.2039,-35.6878,73.4387],[144.2066,-35.6858,75.2955],[144.2083,-35.6874,74.1712],[144.2135,-35.6867,74.9034],[144.2151,-35.6921,75.2808],[144.2216,-35.694,76.237],[144.2162,-35.6963,72.0],[144.2197,-35.6989,76.9422],[144.2157,-35.7012,77.4057],[144.216,-35.7065,75.631],[144.2256,-35.7103,73.2843],[144.2306,-35.7155,75.9116],[144.2482,-35.721,75.6382],[144.2476,-35.7294,78.2887],[144.2495,-35.7306,76.0683],[144.2533,-35.7299,75.4955],[144.2516,-35.7326,73.3877],[144.2547,-35.7353,82.0796],[144.2539,-35.7384,77.6863],[144.2589,-35.7418,75.4213],[144.262,-35.746,76.426],[144.2612,-35.7488,75.0832],[144.2645,-35.7514,80.4699],[144.2705,-35.754,74.7414],[144.2743,-35.7465,75.1622],[144.2784,-35.7442,77.3326],[144.2778,-35.7408,76.4595],[144.2823,-35.7399,78.4097],[144.2855,-35.737,75.0845],[144.2894,-35.7386,78.5578],[144.2961,-35.7371,76.7079],[144.3013,-35.743,77.6917],[144.2945,-35.7507,75.5893],[144.2953,-35.7544,76.4939],[144.3,-35.7518,75.8346],[144.3034,-35.7562,75.895],[144.3068,-35.7572,79.2273],[144.3099,-35.7503,78.3653],[144.3117,-35.7494,77.8538],[144.3139,-35.7503,76.0254],[144.3128,-35.7545,77.0732],[144.3148,-35.757,78.7185],[144.3165,-35.7565,78.7185],[144.3178,-35.7521,76.5224],[144.3278,-35.7526,77.7076],[144.3291,-35.7539,79.6602],[144.328,-35.7557,78.1075],[144.3216,-35.7579,79.9381],[144.3226,-35.7634,78.5551],[144.3188,-35.7648,78.9732],[144.3186,-35.7666,82.1699],[144.3245,-35.7686,80.0529],[144.3276,-35.7655,79.4526],[144.331,-35.765,84.4541],[144.3364,-35.7704,82.3746],[144.3393,-35.765,77.0834],[144.3415,-35.7639,77.592],[144.3406,-35.7699,82.0331],[144.3429,-35.7715,83.579],[144.3489,-35.767,80.588],[144.3495,-35.7715,83.2214],[144.3468,-35.7746,80.494],[144.348,-35.776,76.9595],[144.3533,-35.7757,81.4821],[144.3515,-35.7851,86.4584],[144.3545,-35.7872,79.8676],[144.3603,-35.7848,77.8992],[144.3553,-35.7885,83.64],[144.3618,-35.7921,87.3225],[144.3623,-35.7958,78.6026],[144.3651,-35.7959,79.6302],[144.3702,-35.7904,81.5287],[144.3743,-35.7907,85.5919],[144.3768,-35.793,82.311],[144.3768,-35.7956,79.5549],[144.373,-35.7984,80.6237],[144.3757,-35.8021,82.1558],[144.3724,-35.8055,82.078],[144.3722,-35.8084,80.7772],[144.3673,-35.8099,80.9522],[144.3667,-35.8115,83.2055],[144.3775,-35.8111,81.4403],[144.3775,-35.8143,82.9715],[144.3731,-35.8127,79.6506],[144.3689,-35.8132,81.3672],[144.3664,-35.8156,80.7453],[144.3648,-35.8209,80.6097],[144.3666,-35.8242,80.608],[144.3687,-35.8248,86.4065],[144.372,-35.823,82.9986],[144.371,-35.8186,87.7588],[144.3724,-35.8167,79.8491],[144.3752,-35.8206,81.9798],[144.3815,-35.8186,84.6903],[144.3841,-35.8196,88.8146],[144.3835,-35.8218,81.2353],[144.379,-35.8216,80.0039],[144.3748,-35.8253,79.4021],[144.375,-35.8281,83.1243],[144.3794,-35.8294,79.8659],[144.374,-35.8297,82.2074],[144.3722,-35.832,81.6713],[144.3749,-35.8346,80.9664],[144.3786,-35.8325,81.298],[144.382,-35.8332,80.5968],[144.3816,-35.837,82.7784],[144.3752,-35.8354,80.9664],[144.3729,-35.8382,80.3143],[144.3763,-35.8411,82.4617],[144.3843,-35.8419,80.3529],[144.3806,-35.8435,80.9116],[144.3845,-35.8466,88.5873],[144.3814,-35.8524,82.4656],[144.387,-35.8551,84.6983],[144.3886,-35.8509,84.042],[144.3903,-35.8506,82.4536],[144.3889,-35.8585,82.2762],[144.3946,-35.8607,85.2479],[144.3972,-35.8594,81.6398],[144.3986,-35.8627,81.8135],[144.4008,-35.8604,81.3607],[144.4071,-35.8585,81.7255],[144.4114,-35.859,82.2111],[144.4107,-35.8605,82.7088],[144.4052,-35.8603,85.556],[144.4081,-35.8657,82.6546],[144.4019,-35.8681,83.8757],[144.4037,-35.8708,84.686],[144.409,-35.8699,89.597],[144.4109,-35.8712,82.9414],[144.4041,-35.8742,89.2966],[144.4042,-35.8762,81.5],[144.4086,-35.8752,81.699],[144.4036,-35.8807,81.5],[144.405,-35.8822,93.5083],[144.4115,-35.8811,91.2044],[144.4069,-35.8838,100.5174],[144.4122,-35.8866,87.5819],[144.4135,-35.8924,83.5375],[144.4182,-35.8932,81.8405],[144.4146,-35.895,91.5428],[144.4172,-35.8967,83.9033],[144.4165,-35.8981,84.5051],[144.4122,-35.8967,86.3671],[144.4084,-35.8987,83.1606],[144.4079,-35.9039,83.4635],[144.4146,-35.9049,90.3593],[144.4189,-35.9002,82.6388],[144.4245,-35.9003,84.8799],[144.4249,-35.9024,84.129],[144.421,-35.9027,82.8954],[144.4169,-35.9057,85.3811],[144.4157,-35.9087,84.971],[144.417,-35.9105,85.4333],[144.4208,-35.9108,82.8357],[144.4203,-35.9063,84.5167],[144.4234,-35.906,86.6236],[144.4229,-35.9116,96.7927],[144.4268,-35.9135,82.5],[144.4265,-35.9187,84.6041],[144.4327,-35.92,84.1935],[144.4357,-35.9249,90.472],[144.4393,-35.9247,101.4337],[144.4391,-35.9312,87.7537],[144.4424,-35.9329,85.2885],[144.4456,-35.9311,83.0],[144.447,-35.9355,90.0941],[144.4533,-35.9372,89.5924],[144.4576,-35.9357,85.7137],[144.4586,-35.9389,93.7267],[144.4606,-35.9396,99.4184],[144.4618,-35.9344,85.9452],[144.4666,-35.9336,93.6323],[144.4676,-35.9352,86.9511],[144.4636,-35.9385,83.9527],[144.4641,-35.9409,86.102],[144.4702,-35.9395,87.9958],[144.4722,-35.9407,84.7086],[144.4675,-35.9433,95.2157],[144.4667,-35.9459,92.0404],[144.4718,-35.9458,86.2721],[144.475,-35.9479,85.2527],[144.4762,-35.9464,84.5237],[144.4787,-35.9468,96.8432],[144.4764,-35.9457,85.4113],[144.4794,-35.9453,84.2861],[144.4809,-35.9474,91.8959],[144.4777,-35.9514,83.9626],[144.4798,-35.9533,89.3384],[144.483,-35.9495,87.1796],[144.4876,-35.9495,88.9863],[144.4879,-35.9512,83.5],[144.4824,-35.9518,83.8996],[144.4818,-35.9536,87.9179],[144.4836,-35.9549,84.4914],[144.4812,-35.9586,92.4052],[144.4834,-35.96,92.6825],[144.4885,-35.9571,86.0436],[144.4875,-35.9642,88.1202],[144.4916,-35.9652,83.5],[144.494,-35.9686,85.0218],[144.4973,-35.9685,87.1133],[144.5019,-35.958,85.399],[144.5025,-35.963,89.2982],[144.4992,-35.9678,86.6457],[144.5011,-35.9706,90.05],[144.5073,-35.9709,85.355],[144.513,-35.9652,90.5639],[144.5147,-35.9667,85.2717],[144.5111,-35.9692,90.6185],[144.5099,-35.9739,88.866],[144.5132,-35.9749,92.1366],[144.5165,-35.9701,95.0573],[144.5211,-35.9703,86.8096],[144.5217,-35.9732,85.851],[144.5165,-35.9791,85.5055],[144.5168,-35.986,84.1167],[144.512,-35.9889,90.2429],[144.5149,-35.9913,83.5],[144.5161,-35.9954,87.983],[144.5283,-35.993899999999996,87.9354],[144.5397,-36.0013,90.8559],[144.5475,-36.0006,90.1206],[144.5472,-36.005,89.3861],[144.5537,-36.003,92.4642],[144.5576,-36.0141,87.8857],[144.561,-36.0131,90.5578],[144.5612,-36.008,88.8659],[144.5634,-36.0078,88.4592],[144.5652,-36.0106,87.3492],[144.5642,-36.017,89.2478],[144.5664,-36.0183,95.286],[144.5705,-36.0171,87.7753],[144.5711,-36.0241,93.9717],[144.5731,-36.0246,91.8503],[144.5793,-36.021,89.1792],[144.5864,-36.0272,87.135],[144.5858,-36.029,92.0804],[144.5813,-36.0299,91.4084],[144.5834,-36.033,86.0],[144.5825,-36.0381,90.4014],[144.5847,-36.0393,88.8798],[144.5888,-36.0384,90.6214],[144.591,-36.0433,92.2177],[144.5989,-36.0374,90.6868],[144.6039,-36.0425,90.303],[144.6088,-36.0418,88.5466],[144.6101,-36.0393,97.8203],[144.606,-36.0365,86.0],[144.6155,-36.0316,90.1038],[144.6154,-36.0357,90.366],[144.6189,-36.0391,89.9249],[144.613,-36.0427,95.9528],[144.617,-36.0448,101.396],[144.6176,-36.0469,91.3246],[144.6137,-36.0511,91.2426],[144.6084,-36.0636,94.2686],[144.6115,-36.0664,93.1621],[144.6158,-36.0666,87.7934],[144.6104,-36.0715,93.1058],[144.6177,-36.0772,90.3129],[144.6221,-36.0763,97.3489],[144.621,-36.071,88.8037],[144.6282,-36.0653,94.9104],[144.6251,-36.0633,93.097],[144.6197,-36.0632,90.0653],[144.6183,-36.0597,95.07],[144.6263,-36.0618,99.9318],[144.6275,-36.0586,97.8728],[144.625,-36.0521,90.0974],[144.6294,-36.051,89.9662],[144.6328,-36.0481,93.5393],[144.6375,-36.0474,87.5099],[144.6413,-36.0554,93.2542],[144.6439,-36.0567,95.6068],[144.6464,-36.0561,92.782],[144.6469,-36.051,90.4109],[144.6532,-36.0532,87.071],[144.6522,-36.0631,91.8306],[144.6541,-36.067,89.8899],[144.6528,-36.0736,88.0936],[144.655,-36.0753,91.4794],[144.658,-36.0704,88.5423],[144.6605,-36.0755,90.2782],[144.6646,-36.077,94.5165],[144.6679,-36.0686,86.0],[144.6686,-36.0717,94.4148],[144.6712,-36.0713,95.398],[144.6741,-36.068,87.4967],[144.6785,-36.0693,87.9823],[144.6786,-36.0625,92.2462],[144.689,-36.0614,92.1273],[144.6879,-36.0664,87.4341],[144.6924,-36.0698,88.5903],[144.6915,-36.0731,91.7701],[144.6863,-36.0754,91.4333],[144.6858,-36.0814,90.2967],[144.6824,-36.084,92.6242],[144.6848,-36.0903,96.6382],[144.6839,-36.0951,92.5281],[144.6883,-36.0959,90.3401],[144.6929,-36.0912,92.9954],[144.6975,-36.094,89.2578],[144.6989,-36.0873,87.4358],[144.7065,-36.0929,90.5488],[144.712,-36.0911,87.602],[144.7154,-36.0862,91.5492],[144.7195,-36.0862,88.6832],[144.7205,-36.0909,88.3506],[144.7257,-36.0894,90.8857],[144.7233,-36.0946,86.0],[144.7254,-36.0988,87.5854],[144.7191,-36.1007,92.1375],[144.7197,-36.1062,92.6931],[144.7174,-36.1121,90.2744],[144.7211,-36.1146,95.4447],[144.7255,-36.1124,86.0],[144.7264,-36.1178,87.6419],[144.7347,-36.1165,97.521],[144.7352,-36.1154,92.8446],[144.7313,-36.112,91.0295],[144.7406,-36.1076,90.0978],[144.7435,-36.109,86.7137],[144.7448,-36.1164,89.5864],[144.7486,-36.1218,96.5945],[144.7542,-36.1223,89.9496],[144.7569,-36.1188,91.0733],[144.7641,-36.1196,97.7886],[144.7684,-36.1159,89.1697],[144.7719,-36.1161,91.0275],[144.7711,-36.1192,94.7596],[144.7736,-36.1209,89.5047],[144.7735,-36.1254,95.7017],[144.7771,-36.1298,94.987799999999993],[144.7869,-36.1277,87.9767],[144.7881,-36.125,93.3685],[144.7853,-36.1223,86.7956],[144.788,-36.1213,94.5194],[144.7917,-36.1228,88.1315],[144.7948,-36.1173,86.0],[144.7968,-36.12,94.7654],[144.8013,-36.1199,92.0703],[144.804,-36.123,96.7452],[144.8079,-36.1236,90.9128],[144.8098,-36.1182,91.7898],[144.8134,-36.1142,94.171],[144.8121,-36.1127,96.9574],[144.8071,-36.1134,88.6719],[144.8079,-36.1103,90.0997],[144.8064,-36.1075,91.7106],[144.8134,-36.1106,90.1677],[144.8163,-36.1099,90.8725],[144.8099,-36.1024,92.5309],[144.8172,-36.105,91.4209],[144.8199,-36.1079,87.3024],[144.8238,-36.1026,87.4215],[144.8304,-36.1027,89.4477],[144.8355,-36.0985,93.2588],[144.8403,-36.1005,92.8685],[144.8424,-36.0999,92.2205],[144.843,-36.0962,90.9796],[144.8398,-36.0944,89.171],[144.8439,-36.0923,90.6918],[144.8417,-36.0874,90.9231],[144.842,-36.083,88.6758],[144.8449,-36.0831,92.9208],[144.8465,-36.081,94.4772],[144.8506,-36.0813,94.5523],[144.8498,-36.0767,90.7663],[144.8471,-36.073,86.5989],[144.8496,-36.0712,95.0753],[144.8526,-36.074,91.0851],[144.8565,-36.0736,94.3787],[144.8539,-36.0695,100.7209],[144.8563,-36.0656,87.546],[144.8605,-36.0665,89.733],[144.8576,-36.069,93.8985],[144.8596,-36.0718,98.2665],[144.8615,-36.0717,92.1768],[144.8606,-36.0692,88.885],[144.8636,-36.0686,94.499],[144.8643,-36.0655,99.8165],[144.8634,-36.0591,93.8781],[144.875,-36.0576,92.816],[144.8891,-36.0636,91.6884],[144.898,-36.0624,93.3464],[144.9016,-36.0636,94.5525],[144.9039,-36.0609,94.6516],[144.9085,-36.064,89.7994],[144.9135,-36.063,96.2492],[144.9326,-36.0671,96.4604],[144.934,-36.0691,92.2515],[144.9377,-36.07,95.1826],[144.9382,-36.0729,89.8758],[144.9365,-36.0758,86.4402],[144.9483,-36.0829,89.8387],[144.9518,-36.0825,90.7238],[144.9542,-36.0792,90.6437],[144.9652,-36.0792,90.1888],[144.9819,-36.0723,91.3858],[144.987,-36.0639,92.4572],[144.9859,-36.0565,102.9447],[144.9821,-36.0483,90.539],[144.9718,-36.0451,89.2691],[144.9678,-36.0421,90.0719],[144.9655,-36.0375,89.9557],[144.9665,-36.0298,102.2841],[144.9623,-36.0269,93.3887],[144.9618,-36.0182,94.2448],[144.9577,-36.0198,95.5329],[144.9546,-36.0188,90.249],[144.954,-36.0164,89.3293],[144.9455,-36.0122,90.4056],[144.9472,-36.008,92.8154],[144.9458,-36.0043,93.5607],[144.9362,-35.9995,93.7735],[144.9297,-35.9906,93.0139],[144.9236,-35.9888,95.824],[144.9259,-35.9747,100.4934],[144.931,-35.9685,91.0317],[144.9367,-35.9662,91.9171],[144.9415,-35.9668,96.8792],[144.9449,-35.9633,99.2175],[144.955,-35.9625,90.1133],[144.9574,-35.961,89.0],[144.9575,-35.9578,90.7144],[144.954,-35.9524,92.4771],[144.9553,-35.9465,91.0426],[144.9505,-35.942,94.4901],[144.9515,-35.9352,93.7082],[144.9489,-35.9316,91.4247],[144.9529,-35.9212,94.4709],[144.9528,-35.9166,95.109],[144.9586,-35.9116,95.0233],[144.9619,-35.9115,96.4822],[144.965,-35.9056,91.5824],[144.967,-35.9052,102.8529],[144.9673,-35.9011,100.2744],[144.9648,-35.8958,96.6457],[144.9727,-35.8883,93.2891],[144.975,-35.8836,97.2504],[144.9697,-35.8786,91.6367],[144.9724,-35.8735,91.7347],[144.9689,-35.8711,92.3771],[144.9697,-35.8679,96.1586],[144.9682,-35.8655,92.614],[144.9709,-35.8634,93.3118],[144.9708,-35.861,94.3509],[144.9755,-35.8608,92.6111],[144.9791,-35.8584,93.228],[144.982,-35.8599,97.9719],[144.985,-35.8575,96.0406],[144.9914,-35.859,91.1778],[144.9897,-35.8548,93.7534],[144.9913,-35.8564,93.7125],[144.9934,-35.8559,99.9399],[144.9923,-35.8523,94.3411],[144.9997,-35.8549,95.0549],[145.0007,-35.8493,94.6124],[145.007,-35.8562,91.5712],[145.0132,-35.8577,93.9171],[145.019,-35.8566,98.5609],[145.0228,-35.8534,101.3707],[145.0246,-35.8471,93.001],[145.0299,-35.8496,96.0751],[145.0362,-35.847,93.0826],[145.0378,-35.8454,96.5709],[145.037,-35.842,98.8478],[145.0388,-35.8384,93.1622],[145.0394,-35.8411,92.2177],[145.041,-35.8417,95.1386],[145.0496,-35.8337,94.2387],[145.0516,-35.8341,92.713],[145.0494,-35.837,93.6313],[145.0509,-35.8387,94.918],[145.0544,-35.8377,91.1995],[145.0538,-35.8352,91.7315],[145.0614,-35.8372,93.1039],[145.0718,-35.8332,91.9845],[145.0741,-35.8267,91.5932],[145.0755,-35.8273,91.5932],[145.0752,-35.8308,92.2276],[145.0765,-35.8318,98.7757],[145.0779,-35.8307,91.0252],[145.0774,-35.8274,91.1912],[145.0845,-35.828,94.2623],[145.09,-35.8255,93.7253],[145.0934,-35.8279,92.2617],[145.0894,-35.8309,92.794],[145.0919,-35.836,91.0142],[145.0995,-35.8258,93.113],[145.104,-35.8286,95.0635],[145.1141,-35.8205,92.347],[145.1155,-35.8211,92.7896],[145.1139,-35.8243,96.5774],[145.1153,-35.826,91.062],[145.1223,-35.8208,94.9011],[145.123,-35.8281,99.6217],[145.1266,-35.8296,99.0041],[145.1262,-35.8218,95.1173],[145.1277,-35.8207,94.4707],[145.1286,-35.8269,95.4098],[145.1306,-35.8282,99.7105],[145.134,-35.8274,96.8028],[145.1343,-35.832,95.1146],[145.1362,-35.8341,93.5682],[145.1387,-35.8331,97.8748],[145.1396,-35.8285,93.8299],[145.1475,-35.8335,98.2552],[145.1549,-35.8302,101.7784],[145.1592,-35.8311,95.5795],[145.1575,-35.8381,95.46],[145.1529,-35.8412,97.1216],[145.1535,-35.843,101.8284],[145.1681,-35.8425,96.0902],[145.1718,-35.8387,96.7897],[145.181,-35.842,102.5411],[145.1823,-35.8409,96.131],[145.1826,-35.8353,95.8594],[145.1898,-35.8343,95.4613],[145.1934,-35.8376,94.5472],[145.1978,-35.8348,105.5984],[145.2074,-35.838,106.4764],[145.2123,-35.8358,96.2824],[145.2152,-35.8362,102.4768],[145.2171,-35.8376,95.3696],[145.2159,-35.8414,105.3671],[145.2228,-35.8424,98.3937],[145.2244,-35.8396,103.7603],[145.2201,-35.8367,94.7698],[145.223,-35.8358,102.3481],[145.225,-35.8322,96.7681],[145.2291,-35.8333,98.2197],[145.2353,-35.8297,98.1677],[145.2369,-35.8324,96.0414],[145.2405,-35.8337,98.749],[145.2462,-35.8303,96.5564],[145.253,-35.835,104.3924],[145.2608,-35.8355,96.5451],[145.2596,-35.8394,96.1934],[145.2642,-35.8422,98.0878],[145.258,-35.848,96.3919],[145.2583,-35.8506,98.2603],[145.262,-35.8499,98.6684],[145.2671,-35.8524,98.89],[145.2706,-35.8459,96.3588],[145.2727,-35.8452,100.037],[145.2772,-35.8492,96.6513],[145.2786,-35.8533,101.5636],[145.285,-35.8507,97.694],[145.2831,-35.8548,102.1247],[145.284,-35.8565,106.2853],[145.2927,-35.8538,98.8482],[145.2931,-35.8586,96.7465],[145.2965,-35.8606,100.3949],[145.3017,-35.8585,101.2779],[145.309,-35.8605,108.635],[145.3123,-35.8556,98.1054],[145.3182,-35.855,102.6781],[145.3244,-35.8507,98.453],[145.3275,-35.8536,100.3123],[145.3334,-35.855,101.7833],[145.3415,-35.8624,97.5136],[145.3501,-35.8605,97.5129],[145.3525,-35.8659,97.4498],[145.3554,-35.8671,100.2815],[145.3588,-35.8654,97.8756],[145.3607,-35.8612,97.0],[145.3694,-35.8583,103.1604],[145.3774,-35.8588,97.7047],[145.3802,-35.8548,97.0],[145.3871,-35.8501,98.7799],[145.4048,-35.8509,98.9337],[145.4106,-35.8486,99.6628],[145.4119,-35.8464,103.2387],[145.4099,-35.8434,101.5192],[145.4111,-35.84,97.0],[145.4097,-35.8368,103.3535],[145.4126,-35.8344,97.7911],[145.4126,-35.8306,97.0],[145.4165,-35.8314,104.5945],[145.4199,-35.8282,105.3517],[145.425,-35.8287,98.5587],[145.4269,-35.8329,98.165],[145.4294,-35.8345,97.5],[145.4358,-35.8296,103.0828],[145.4399,-35.8355,108.9392],[145.4423,-35.8356,100.152],[145.4491,-35.8291,101.875],[145.448,-35.8267,100.3723],[145.4507,-35.8214,107.132],[145.4534,-35.8214,100.6324],[145.4569,-35.826,100.8393],[145.4606,-35.8273,105.493],[145.4634,-35.8263,109.7477],[145.464,-35.8219,98.0],[145.4691,-35.8182,110.8431],[145.4678,-35.8136,104.5673],[145.4715,-35.8113,110.2715],[145.4721,-35.8092,98.0],[145.4745,-35.8124,104.3968],[145.478,-35.8108,98.5],[145.4822,-35.8135,105.8337],[145.4877,-35.8125,102.1915],[145.492,-35.8151,106.2018],[145.4943,-35.814,111.8638],[145.4955,-35.809,98.5],[145.5003,-35.8103,107.0031],[145.5025,-35.8094,104.3689],[145.5068,-35.8121,106.7651],[145.512,-35.8121,100.3773],[145.5127,-35.8154,98.5],[145.5157,-35.8171,109.6106],[145.5225,-35.8185,107.6839],[145.5253,-35.817,114.2763],[145.5235,-35.8158,104.4104],[145.5237,-35.8138,101.8571],[145.5282,-35.8115,98.5],[145.5268,-35.8071,100.7062],[145.5354,-35.802,99.3848],[145.5339,-35.8058,102.2158],[145.5352,-35.8082,111.9188],[145.5419,-35.8089,99.5704],[145.5365,-35.8174,111.5755],[145.5367,-35.8199,115.8991],[145.5388,-35.8218,106.6739],[145.5424,-35.8217,105.6019],[145.5467,-35.8129,110.2765],[145.5542,-35.8147,111.718],[145.5628,-35.8134,110.3278],[145.5629,-35.8162,111.2355],[145.5571,-35.8189,103.5561],[145.5599,-35.8227,101.0986],[145.5572,-35.826,106.5087],[145.558,-35.8282,105.7399],[145.5611,-35.8283,104.1955],[145.5642,-35.8259,99.0],[145.5668,-35.8265,106.8514],[145.5672,-35.8285,102.7778],[145.5637,-35.8316,115.9503],[145.564,-35.8342,105.3434],[145.5685,-35.8339,99.7905],[145.571,-35.8371,108.2414],[145.5748,-35.8379,104.1435],[145.5816,-35.8483,111.8382],[145.5932,-35.8491,99.0],[145.5925,-35.8555,111.9252],[145.5882,-35.8577,117.8796],[145.5868,-35.8612,99.0],[145.5887,-35.8626,100.925],[145.598,-35.8615,106.7531],[145.5955,-35.8697,107.6062],[145.6011,-35.875,107.4289],[145.6065,-35.8749,108.0599],[145.6017,-35.8704,102.2384],[145.6017,-35.8679,99.9566],[145.6096,-35.8703,105.0286],[145.616,-35.8649,105.1533],[145.6263,-35.8628,101.7753],[145.6286,-35.8657,102.544],[145.6283,-35.8678,102.0797],[145.6191,-35.8691,104.6973],[145.6149,-35.8726,113.5414],[145.6171,-35.8755,108.8488],[145.623,-35.8731,101.6477],[145.6281,-35.8754,99.5],[145.6207,-35.8805,109.9759],[145.6203,-35.8839,106.7298],[145.6234,-35.8845,113.2859],[145.6273,-35.8799,111.1086],[145.6296,-35.8801,100.6034],[145.6317,-35.8881,114.4051],[145.6368,-35.8893,101.2724],[145.6397,-35.8942,114.7091],[145.6431,-35.8947,112.5798],[145.6473,-35.8931,104.7506],[145.6512,-35.8997,117.3219],[145.6575,-35.9007,101.5056],[145.6615,-35.9124,101.6571],[145.6686,-35.9129,99.5],[145.669,-35.9195,102.8481],[145.679,-35.9168,104.2028],[145.6788,-35.9194,111.3834],[145.6735,-35.9232,100.5],[145.674,-35.9259,102.6082],[145.6783,-35.9262,104.7917],[145.682,-35.9298,109.4047],[145.6859,-35.9306,102.4371],[145.6877,-35.9291,111.9847],[145.6862,-35.9256,103.5743],[145.6873,-35.9239,105.9924],[145.6951,-35.9206,102.6164],[145.6982,-35.921,107.7947],[145.7033,-35.9257,109.1635],[145.7021,-35.9268,102.0],[145.6977,-35.9247,102.7126],[145.6958,-35.9258,102.5],[145.6976,-35.9299,105.77],[145.6962,-35.9341,102.5],[145.6973,-35.9365,117.2892],[145.7003,-35.937,110.0955],[145.7067,-35.932,104.8436],[145.7144,-35.9374,105.9967],[145.7179,-35.9368,107.4861],[145.7203,-35.9344,111.1255],[145.7263,-35.9423,107.6662],[145.7265,-35.9464,108.7142],[145.7211,-35.9441,112.4359],[145.7173,-35.945,107.5767],[145.7157,-35.9478,113.1325],[145.7168,-35.9506,107.2213],[145.7215,-35.9515,110.8516],[145.7248,-35.9541,107.4853],[145.73,-35.9511,110.9806],[145.7341,-35.9513,112.8516],[145.7368,-35.9548,108.1373],[145.7317,-35.9562,116.3912],[145.7317,-35.9595,108.4654],[145.7443,-35.9591,110.2625],[145.7435,-35.9623,107.3826],[145.7461,-35.9642,109.9742],[145.7542,-35.9613,118.4729],[145.7579,-35.9581,113.4453],[145.763,-35.9614,118.9816],[145.7643,-35.9659,113.7463],[145.7661,-35.9667,122.3235],[145.7683,-35.9631,114.857],[145.7782,-35.9602,111.5759],[145.7814,-35.9638,119.4276],[145.777,-35.9726,111.3127],[145.7845,-35.972,110.8003],[145.788,-35.9753,116.1362],[145.7927,-35.9728,111.8986],[145.7934,-35.9828,110.8572],[145.808,-35.9838,114.5849],[145.8069,-35.9891,114.8172],[145.8117,-35.9918,116.575],[145.815,-35.991,112.4064],[145.8167,-35.9882,115.7625],[145.8114,-35.9855,117.142],[145.8114,-35.9841,112.7685],[145.8182,-35.9823,111.7297],[145.8246,-35.9847,116.7439],[145.8285,-35.9827,111.8367],[145.8286,-35.9798,113.1718],[145.8244,-35.9793,112.0],[145.8275,-35.9754,114.0342],[145.8358,-35.9768,113.1084],[145.8361,-35.9821,112.5],[145.84,-35.9832,117.8252],[145.8487,-35.9807,114.0682],[145.8486,-35.9786,113.7753],[145.8444,-35.975,116.0041],[145.8456,-35.9735,114.139],[145.8483,-35.973,120.521],[145.8538,-35.9766,116.904],[145.8586,-35.9748,115.4926],[145.8593,-35.9716,113.0],[145.848,-35.9687,116.3326],[145.8539,-35.9656,119.0316],[145.8526,-35.9615,115.7257],[145.854,-35.9599,117.3541],[145.8606,-35.9605,114.941],[145.8706,-35.9555,114.9893],[145.8764,-35.9553,118.6728],[145.8805,-35.9578,113.0],[145.8853,-35.9554,114.8838],[145.89,-35.9573,115.8053],[145.8944,-35.9532,116.212],[145.9027,-35.9525,114.7498],[145.9084,-35.9537,114.0011],[145.9103,-35.956,113.4536],[145.9088,-35.9584,114.3453],[145.9008,-35.9615,115.0844],[145.9001,-35.9645,114.1224],[145.9029,-35.9689,121.7019],[145.905,-35.969,116.0478],[145.9048,-35.9645,115.3348],[145.9061,-35.9633,115.4982],[145.9138,-35.9696,120.2522],[145.9151,-35.9688,113.0652],[145.9149,-35.9645,116.7979],[145.9258,-35.9646,119.988],[145.9282,-35.9676,113.9068],[145.925,-35.9716,116.4422],[145.928,-35.9739,114.5138],[145.9346,-35.9727,116.5722],[145.9357,-35.9696,114.0967],[145.9391,-35.9683,116.1204],[145.9462,-35.9613,117.9367],[145.9537,-35.9616,117.7596],[145.955,-35.9629,118.819],[145.9542,-35.9648,115.5254],[145.9473,-35.9649,119.61],[145.9442,-35.9669,114.3034],[145.9447,-35.9694,115.0946],[145.9492,-35.9721,115.0875],[145.9515,-35.9766,115.2238],[145.9504,-35.9787,116.1972],[145.9462,-35.9787,119.4292],[145.946,-35.9832,119.3045],[145.9483,-35.9852,119.2556],[145.9498,-35.9829,117.7164],[145.9516,-35.9829,117.7108],[145.9529,-35.9922,114.5],[145.965,-35.9967,115.0],[145.9579,-36.0034,133.2038],[145.9583,-36.007,124.4872],[145.9622,-36.0094,117.624],[145.9678,-36.0058,116.4715],[145.9713,-36.0057,116.0],[145.9735,-36.0084,116.5703],[145.9693,-36.013,116.4835],[145.9721,-36.0157,118.8464],[145.9747,-36.0146,116.6961],[145.9755,-36.0088,117.1268],[145.9846,-36.0127,120.0767],[145.9895,-36.013,125.6913],[146.0012,-36.0086,125.7467],[146.0061,-36.0026,124.0],[146.0159,-36.0054,124.0],[146.0232,-35.9984,125.1669],[146.0315,-35.9947,124.0],[146.0388,-36.0009,124.0],[146.0437,-35.9998,124.0],[146.05,-36.0029,124.0],[146.0527,-36.0006,124.0],[146.0514,-35.9963,124.0],[146.0524,-35.9955,124.0],[146.0566,-35.9993,124.0],[146.0596,-36.0143,124.0],[146.0712,-36.0151,124.0],[146.0732,-36.0137,124.0],[146.0718,-36.0099,124.0],[146.0732,-36.0095,124.0],[146.0757,-36.0178,124.0],[146.0811,-36.0176,124.0],[146.0936,-36.0211,124.0],[146.0961,-36.0202,124.0],[146.0968,-36.0176,124.0],[146.0908,-36.0122,124.0],[146.0922,-36.0097,124.0],[146.1014,-36.0132,124.0],[146.1065,-36.0079,124.0],[146.1109,-36.007,124.0],[146.1143,-36.0085,124.0],[146.1095,-36.0115,124.0],[146.1088,-36.0145,124.0],[146.1199,-36.0169,124.0],[146.1239,-36.014,124.0],[146.1256,-36.0106,124.0],[146.1303,-36.0088,124.0],[146.1317,-36.0044,124.0],[146.1343,-36.0031,124.0],[146.1381,-36.0049,124.0],[146.1405,-36.0088,124.0],[146.1319,-36.0102,124.0],[146.1326,-36.0149,128.3196],[146.1309,-36.0177,126.6896],[146.1322,-36.0205,127.1417],[146.1418,-36.0174,124.0],[146.1455,-36.0143,125.5985],[146.1461,-36.02,125.3251],[146.1537,-36.0249,130.444],[146.157,-36.0219,126.7281],[146.1632,-36.0245,125.4486],[146.1744,-36.0204,130.4274],[146.1784,-36.0285,124.0],[146.1772,-36.0334,124.3257],[146.1826,-36.0341,124.352],[146.1822,-36.0357,124.558],[146.1785,-36.0367,124.0],[146.1788,-36.0383,124.7692],[146.1854,-36.042,130.6269],[146.1893,-36.0411,128.9258],[146.1906,-36.0385,125.8458],[146.197,-36.0344,126.8904],[146.198,-36.0328,128.8324],[146.1943,-36.0355,127.4798],[146.1978,-36.0299,125.0516],[146.2004,-36.0334,125.3404],[146.1979,-36.0361,124.5069],[146.2054,-36.0391,126.2506],[146.211,-36.0345,132.4871],[146.2055,-36.0358,126.3004],[146.2127,-36.0285,127.1506],[146.2164,-36.0334,128.4208],[146.2121,-36.0338,127.3813],[146.2102,-36.0375,128.4734],[146.2112,-36.0386,131.4294],[146.2148,-36.0378,130.2986],[146.2153,-36.0364,130.2986],[146.2134,-36.0375,127.2863],[146.2143,-36.036,130.9481],[146.2207,-36.0366,127.1513],[146.2215,-36.0303,124.88],[146.2283,-36.029,130.9305],[146.2284,-36.0328,124.0],[146.2298,-36.0341,127.2352],[146.2321,-36.0332,131.7813],[146.2339,-36.0285,129.3486],[146.2431,-36.0289,126.4323],[146.2445,-36.0271,125.4981],[146.2417,-36.0236,125.7735],[146.2494,-36.0245,126.2392],[146.2512,-36.0227,128.4591],[146.2457,-36.0207,128.201],[146.2453,-36.0178,124.8905],[146.2482,-36.0172,125.9138],[146.2515,-36.0196,128.1349],[146.2533,-36.0156,126.6728],[146.2573,-36.0122,124.8572],[146.2603,-36.0174,127.4977],[146.2602,-36.0157,125.9784],[146.2619,-36.016,126.9614],[146.2607,-36.018,126.3772],[146.2614,-36.0215,125.3504],[146.2676,-36.0212,130.5065],[146.2681,-36.0252,124.923],[146.2735,-36.0266,126.2897],[146.2788,-36.0236,127.9629],[146.2787,-36.0196,129.7671],[146.2765,-36.0214,126.9697],[146.2746,-36.02,131.4939],[146.2771,-36.0172,129.4951],[146.2753,-36.0126,128.1987],[146.2829,-36.011,134.4618],[146.2785,-36.0137,123.7521],[146.2788,-36.0158,124.5831],[146.2814,-36.0166,131.2287],[146.2864,-36.0144,132.8384],[146.2914,-36.0201,125.3144],[146.2824,-36.023,125.158],[146.2823,-36.026,127.6741],[146.2857,-36.0278,128.116],[146.2921,-36.0247,128.4714],[146.2932,-36.029,128.7447],[146.2925,-36.0302,129.9372],[146.2864,-36.0303,128.843],[146.2867,-36.0336,128.0062],[146.2914,-36.0359,128.186],[146.2841,-36.0378,129.4042],[146.2827,-36.0408,130.8875],[146.2845,-36.0422,132.0098],[146.2912,-36.0389,133.6852],[146.2928,-36.0457,133.6374],[146.3002,-36.0477,134.8663],[146.3023,-36.0449,129.1229],[146.3004,-36.0438,136.2333],[146.2973,-36.0448,135.0761],[146.2974,-36.0398,130.3945],[146.301,-36.0367,129.7616],[146.3024,-36.0427,133.1822],[146.3054,-36.0433,133.3348],[146.3069,-36.0398,139.0469],[146.3088,-36.0394,131.8788],[146.3129,-36.0455,128.0744],[146.3156,-36.0448,129.8253],[146.315,-36.0405,133.9511],[146.3165,-36.0385,129.8397],[146.3195,-36.0423,129.0468],[146.323,-36.043,132.7843],[146.3217,-36.0424,129.9768],[146.3238,-36.0416,133.4101],[146.3293,-36.0433,130.9185],[146.3322,-36.0369,127.4891],[146.3258,-36.0337,132.6646],[146.3315,-36.0266,134.2944],[146.3346,-36.0278,128.3673],[146.3386,-36.0263,137.9206],[146.3459,-36.0292,132.8702],[146.3471,-36.0379,131.3755],[146.3504,-36.0418,135.2104],[146.3588,-36.0411,131.06],[146.3673,-36.0504,134.7339],[146.3695,-36.0511,132.2532],[146.3736,-36.0468,143.1148],[146.3802,-36.0446,133.8403],[146.376,-36.0385,128.0],[146.3833,-36.0392,129.5569],[146.3877,-36.0354,128.8591],[146.3792,-36.0269,137.9614],[146.3804,-36.0133,134.8924],[146.3884,-36.0071,131.749],[146.3991,-36.0072,132.3684],[146.4001,-36.0049,135.0272],[146.3979,-35.9994,140.0853],[146.3984,-35.9957,133.7158],[146.4028,-35.9888,133.3425],[146.4162,-35.9836,138.3589],[146.412,-35.9816,132.9365],[146.4148,-35.9796,141.9709],[146.4148,-35.975,132.7074],[146.419,-35.9784,131.3825],[146.4206,-35.9767,134.8972],[146.4194,-35.9732,135.2755],[146.4248,-35.9727,133.32],[146.4219,-35.9681,134.114],[146.4225,-35.9656,132.4015],[146.4272,-35.964,133.8752],[146.4367,-35.9669,135.0706],[146.4385,-35.9692,133.7726],[146.4386,-35.9728,132.3335],[146.443,-35.9758,134.074],[146.4459,-35.9729,131.0],[146.4474,-35.9656,136.0264],[146.4538,-35.9622,137.7358],[146.4565,-35.9665,133.2858],[146.4621,-35.9662,135.5369],[146.4626,-35.9707,131.9447],[146.4688,-35.9755,132.5836],[146.4685,-35.9775,134.2392],[146.4652,-35.9798,132.3586],[146.4674,-35.9842,132.3121],[146.4692,-35.9841,134.2451],[146.4698,-35.9812,135.2379],[146.4732,-35.9841,133.7966],[146.4767,-35.9833,132.9944],[146.4806,-35.987,134.0106],[146.4863,-35.9857,134.8471],[146.4879,-35.9901,140.5531],[146.4903,-35.9914,144.2614],[146.4983,-35.9914,143.8524],[146.5027,-35.9883,145.301],[146.5026,-35.9842,135.98],[146.4966,-35.9863,145.142],[146.4924,-35.9852,135.5671],[146.5012,-35.9791,136.9021],[146.4966,-35.9732,145.186],[146.5022,-35.9579,143.9781],[146.5126,-35.9641,141.0858],[146.5159,-35.9632,144.3745],[146.5179,-35.9601,138.2535],[146.5196,-35.9603,143.9232],[146.5217,-35.9636,133.9161],[146.5201,-35.9692,135.581],[146.5259,-35.9699,141.8019],[146.5324,-35.976,137.4582],[146.5317,-35.9836,140.1806],[146.5339,-35.9844,135.7579],[146.5379,-35.9821,134.8668],[146.5383,-35.9842,135.686],[146.5492,-35.9922,136.2433],[146.5559,-35.9888,139.8311],[146.5549,-35.9872,137.6425],[146.5508,-35.9879,135.0603],[146.5499,-35.9856,136.5609],[146.5548,-35.9841,138.0478],[146.5523,-35.9792,139.328],[146.5591,-35.9786,138.8235],[146.5602,-35.9764,141.1012],[146.559,-35.9715,140.5848],[146.562,-35.9687,138.4858],[146.5659,-35.9709,142.2577],[146.5624,-35.9731,148.0081],[146.5627,-35.9756,137.9046],[146.5674,-35.9752,143.1545],[146.5697,-35.979,138.2405],[146.5772,-35.9788,142.6908],[146.582,-35.9834,137.5072],[146.5868,-35.9818,137.333],[146.5837,-35.9751,143.9828],[146.5948,-35.9743,138.8724],[146.5989,-35.9707,137.2672],[146.601,-35.9757,139.2845],[146.6036,-35.9727,136.1762],[146.6075,-35.9741,139.368],[146.6114,-35.9721,136.4941],[146.617,-35.9738,140.1517],[146.6187,-35.9755,136.5125],[146.6109,-35.9793,139.6739],[146.6118,-35.9806,138.6814],[146.616,-35.9808,141.3109],[146.6163,-35.9821,138.2816],[146.6078,-35.9867,141.8925],[146.6092,-35.9892,144.4944],[146.6131,-35.9904,138.5317],[146.6136,-35.9959,137.8065],[146.6157,-35.9966,139.4162],[146.6175,-35.9936,141.1031],[146.6197,-35.9932,140.2941],[146.6222,-35.9953,139.6966],[146.6204,-35.9982,141.6644],[146.6212,-35.9992,141.6644],[146.6235,-35.9991,138.3793],[146.6258,-35.9961,139.0201],[146.6284,-35.9998,141.7443],[146.6335,-35.9997,147.5014],[146.6308,-36.0024,141.8018],[146.6315,-36.004,141.158],[146.6367,-36.0057,139.5098],[146.6404,-36.0093,140.5275],[146.6426,-36.0087,140.2938],[146.6419,-36.004,139.1906],[146.6451,-36.0077,142.7576],[146.6507,-36.0077,137.9048],[146.6493,-36.0102,145.9263],[146.6502,-36.0138,141.4737],[146.6585,-36.0144,139.5808],[146.6576,-36.0178,147.3078],[146.6504,-36.018,140.3549],[146.6515,-36.021,143.9881],[146.6582,-36.0219,142.8813],[146.655,-36.0245,143.3925],[146.6559,-36.0262,141.7062],[146.6617,-36.0261,139.7294],[146.665,-36.0291,142.5372],[146.6694,-36.0281,147.1552],[146.6654,-36.0208,142.9281],[146.666,-36.0187,141.9249],[146.6683,-36.0178,141.6721],[146.6685,-36.0216,149.5043],[146.6714,-36.0259,141.9855],[146.6741,-36.0219,140.7237],[146.6808,-36.0228,141.076],[146.6821,-36.0256,140.8123],[146.6766,-36.027,143.9131],[146.6753,-36.0287,141.2392],[146.6771,-36.0299,145.0594],[146.6825,-36.0295,142.4898],[146.6797,-36.0334,139.6436],[146.6835,-36.0394,141.0891],[146.6895,-36.0405,149.5597],[146.6947,-36.0348,140.2576],[146.6943,-36.0329,145.9516],[146.6892,-36.0317,140.2127],[146.6896,-36.0304,145.5193],[146.6964,-36.0314,142.0821],[146.6979,-36.0335,143.4936],[146.7074,-36.0359,142.9885],[146.71,-36.034,143.1658],[146.7064,-36.03,144.7733],[146.7125,-36.0292,143.6847],[146.7163,-36.0265,144.3915],[146.7225,-36.0286,146.5988],[146.7316,-36.0237,143.4851],[146.7328,-36.0266,143.9791],[146.7292,-36.0276,153.0002],[146.7284,-36.0296,144.2371],[146.7299,-36.0312,142.8355],[146.7324,-36.031,141.5],[146.7329,-36.0345,142.0173],[146.7351,-36.0367,143.4841],[146.7316,-36.0387,142.6925],[146.7301,-36.0447,143.9422],[146.7352,-36.0481,145.4962],[146.7398,-36.0451,146.8947],[146.7446,-36.0478,143.4621],[146.7493,-36.0423,151.1174],[146.7529,-36.0421,153.0018],[146.7506,-36.0506,142.8316],[146.7469,-36.0513,146.237],[146.7487,-36.0519,143.3355],[146.747,-36.0588,146.0168],[146.7498,-36.0613,153.8245],[146.7537,-36.0607,149.7007],[146.7558,-36.0584,146.1065],[146.7528,-36.0555,143.6371],[146.7581,-36.0562,144.8222],[146.7565,-36.0518,143.5471],[146.7623,-36.0517,149.1937],[146.7631,-36.0529,149.1937],[146.7596,-36.0572,145.4756],[146.7628,-36.0595,146.4447],[146.7647,-36.0597,147.9919],[146.7653,-36.0567,145.4971],[146.7672,-36.0557,143.9673],[146.7683,-36.059,146.7964],[146.7713,-36.058,146.0951],[146.7757,-36.0593,144.865],[146.7805,-36.0645,146.3119],[146.7835,-36.0632,147.4556],[146.7813,-36.0604,144.9022],[146.7878,-36.0593,145.5439],[146.7889,-36.0606,147.2083],[146.787,-36.0644,144.9508],[146.7917,-36.0636,147.5799],[146.7962,-36.0651,146.0234],[146.7986,-36.0625,146.9705],[146.7934,-36.0612,146.8427],[146.7946,-36.0585,148.4987],[146.7966,-36.0572,147.6814],[146.8008,-36.0584,149.3501],[146.8039,-36.0552,148.0576],[146.8062,-36.0608,147.6172],[146.8147,-36.0641,147.0172],[146.8132,-36.0679,147.7864],[146.8184,-36.0678,149.9833],[146.8145,-36.0709,148.3976],[146.8163,-36.0744,147.4117],[146.8229,-36.0698,148.6869],[146.8255,-36.0708,148.0417],[146.8236,-36.075,149.9974],[146.8275,-36.0775,153.4177],[146.8212,-36.0846,149.8669],[146.8216,-36.0869,148.9433],[146.825,-36.0887,148.7798],[146.8298,-36.0861,150.8382],[146.8341,-36.086,149.7525],[146.8367,-36.0821,151.2416],[146.8467,-36.0865,152.1656],[146.849,-36.0865,151.438],[146.8515,-36.0839,149.4318],[146.8572,-36.0849,150.1718],[146.8657,-36.0788,149.4964],[146.8645,-36.0731,158.2191],[146.873,-36.0737,154.2715],[146.8768,-36.0829,157.1114],[146.8806,-36.0875,150.3757],[146.8901,-36.0881,153.2094],[146.899,-36.0855,153.1544],[146.9011,-36.083,151.5648],[146.9069,-36.0849,150.957],[146.907,-36.0861,150.957],[146.903,-36.0869,153.8194],[146.9061,-36.0915,154.5146],[146.9034,-36.0982,155.2267],[146.9087,-36.0995,152.4344],[146.9096,-36.1027,151.1357],[146.9124,-36.1046,152.223],[146.9118,-36.1063,152.8894],[146.9055,-36.1071,151.6893],[146.9078,-36.1113,152.7072],[146.9146,-36.1127,153.6277],[146.9181,-36.1079,153.4633],[146.9241,-36.1083,159.4247],[146.9249,-36.1041,153.9489],[146.9215,-36.1009,153.4262],[146.9268,-36.0972,155.1448],[146.9299,-36.099,159.8959],[146.9275,-36.1025,152.9475],[146.9282,-36.1059,153.9279],[146.934,-36.1115,155.4032],[146.9437,-36.116,153.5922],[146.9525,-36.1108,153.1717],[146.9521,-36.1082,154.067],[146.9491,-36.1065,156.103],[146.9485,-36.1031,155.3976],[146.952,-36.0998,156.5033],[146.9508,-36.0935,156.5598],[146.9586,-36.0919,155.2151],[146.955,-36.0888,154.7653],[146.9591,-36.0845,157.6534],[146.956,-36.0792,155.026],[146.9568,-36.0781,155.026],[146.9611,-36.0821,156.2783],[146.9646,-36.0807,157.2783],[146.9666,-36.0837,160.0199],[146.9726,-36.0821,158.2195],[146.9765,-36.0852,157.0808],[146.9773,-36.0908,157.5007],[146.9813,-36.0949,158.8672],[146.9842,-36.0939,159.1304],[146.9904,-36.0861,157.2361],[146.9993,-36.0873,159.4041],[147.0028,-36.086,157.8839],[147.0036,-36.0839,159.4716],[147.0074,-36.0837,163.2605],[147.0083,-36.0855,156.6281],[147.0059,-36.0869,157.6945],[147.0064,-36.0891,158.1026],[147.0118,-36.0879,159.9138],[147.0163,-36.0898,162.0172],[147.0131,-36.0949,156.0],[147.0152,-36.0999,158.0973],[147.0135,-36.1047,160.4132],[147.0174,-36.1059,157.8962],[147.0191,-36.0991,156.5],[147.0228,-36.0999,160.6956],[147.0341,-36.1152,190.5],[147.0423,-36.1093,190.5],[147.0423,-36.1043,190.5],[147.0489,-36.1038,190.5],[147.0507,-36.108,190.5],[147.053,-36.1079,190.5],[147.0557,-36.1003,194.333],[147.0501,-36.0982,190.5],[147.0524,-36.0903,190.5],[147.0593,-36.0895,190.5],[147.0578,-36.0855,190.5],[147.063,-36.0825,190.5],[147.0595,-36.074,190.5],[147.0618,-36.0662,190.5],[147.0639,-36.0656,190.5],[147.0649,-36.0688,190.5],[147.0668,-36.0686,190.5],[147.0667,-36.0634,190.5],[147.0688,-36.0604,190.5],[147.0716,-36.0635,190.5],[147.0745,-36.0641,190.5],[147.0793,-36.0566,190.5],[147.0854,-36.0559,190.5],[147.0805,-36.0538,190.5],[147.0882,-36.0532,190.5],[147.0904,-36.0492,190.5],[147.093,-36.0529,190.5],[147.0954,-36.0527,190.5],[147.0957,-36.05,190.5],[147.0918,-36.0468,190.5],[147.0916,-36.0439,190.5],[147.0936,-36.0436,190.5],[147.0945,-36.0471,190.5],[147.097,-36.0468,190.5],[147.0992,-36.0426,190.5],[147.0964,-36.0386,190.5],[147.0998,-36.0389,190.5],[147.1002,-36.0359,190.5],[147.1037,-36.0331,190.5],[147.0921,-36.0276,190.5],[147.0936,-36.0263,190.5],[147.097,-36.0284,190.5],[147.0991,-36.0262,190.5],[147.0993,-36.0242,190.5],[147.0966,-36.0219,190.5],[147.0983,-36.019,190.5],[147.0977,-36.0158,190.5],[147.1,-36.0157,190.5],[147.101,-36.02,190.5],[147.1043,-36.0191,190.5],[147.1064,-36.0165,190.5],[147.1055,-36.0118,190.5],[147.0986,-36.0124,190.5],[147.0981,-36.0102,190.5],[147.1052,-36.0107,190.5],[147.1092,-36.0126,190.5],[147.1106,-36.0096,190.5],[147.1064,-36.0079,190.5],[147.1068,-36.0048,190.5],[147.1123,-36.0081,190.5],[147.1163,-36.0076,190.5],[147.1156,-36.0037,190.5],[147.1119,-36.0009,190.5],[147.1167,-35.9985,190.5],[147.1208,-36.0003,190.5],[147.1234,-35.9945,190.5],[147.125,-35.9947,190.5],[147.1231,-35.9973,190.5],[147.1256,-36.0001,190.5],[147.1229,-36.0037,190.5],[147.1272,-36.0055,190.5],[147.1251,-36.0084,190.5],[147.1284,-36.0117,190.5],[147.1274,-36.018,190.5],[147.1308,-36.02,190.5],[147.1313,-36.0244,190.5],[147.137,-36.0285,190.5],[147.1414,-36.0287,190.5],[147.1447,-36.0313,190.5],[147.1428,-36.036,190.5],[147.1444,-36.0378,190.5],[147.1467,-36.0369,190.5],[147.1493,-36.032,190.5],[147.1552,-36.036,190.5],[147.1614,-36.0311,191.3536],[147.1645,-36.0308,190.5],[147.1808,-36.0374,190.5],[147.1877,-36.0383,190.5],[147.1876,-36.0423,190.5],[147.1933,-36.0449,190.5],[147.1955,-36.0439,190.5],[147.2063,-36.0501,190.5],[147.2149,-36.0467,190.5],[147.2248,-36.0485,190.5],[147.2322,-36.0423,190.5],[147.2389,-36.0433,190.5],[147.2424,-36.0385,190.5],[147.2518,-36.0416,190.5],[147.2668,-36.0394,190.5],[147.28,-36.0433,190.5],[147.2852,-36.0394,190.5],[147.2874,-36.0435,190.5],[147.2907,-36.0428,190.5],[147.2965,-36.0447,190.5],[147.2977,-36.0467,190.5],[147.3,-36.045,190.5],[147.3015,-36.0477,190.5],[147.3048,-36.0474,190.5],[147.3023,-36.05,190.5],[147.3068,-36.0539,190.5],[147.3067,-36.0572,190.5],[147.3106,-36.061,190.5],[147.313,-36.0612,190.5],[147.3155,-36.0588,190.5],[147.3144,-36.0564,190.5],[147.3111,-36.0545,190.5],[147.313,-36.0528,190.5],[147.3181,-36.0549,190.5],[147.3179,-36.0601,190.5],[147.3198,-36.061,190.5],[147.3217,-36.0582,190.5],[147.3294,-36.0542,190.5],[147.3322,-36.0471,190.5],[147.3438,-36.0422,190.5],[147.3473,-36.0366,190.5],[147.3528,-36.0317,195.0052],[147.3518,-36.0287,190.5],[147.3462,-36.0245,190.5],[147.3457,-36.0188,190.5],[147.3489,-36.0129,190.5],[147.3553,-36.0098,202.4142],[147.3555,-36.0043,190.5],[147.3532,-36.0008,190.5],[147.3582,-35.9913,198.6732],[147.3709,-35.9824,190.5],[147.3749,-35.9823,190.5],[147.3743,-35.9797,190.5],[147.372,-35.9807,190.5],[147.3765,-35.9767,190.5],[147.3739,-35.9779,190.5],[147.3837,-35.9724,190.5],[147.3923,-35.9735,192.0179],[147.3915,-35.9719,190.5],[147.3931,-35.9702,190.5],[147.3889,-35.9663,190.5],[147.3882,-35.9635,195.5372],[147.393,-35.9623,190.5],[147.3941,-35.9605,190.5],[147.3927,-35.959,190.5],[147.3871,-35.959,190.5],[147.3926,-35.955,190.5],[147.3903,-35.9493,190.5],[147.3918,-35.9476,190.5],[147.3954,-35.9491,190.5],[147.4046,-35.9435,190.5],[147.4084,-35.9482,190.5],[147.4152,-35.947,190.5],[147.422,-35.9488,190.5],[147.431,-35.953,195.0384],[147.4352,-35.953,191.791],[147.4397,-35.956,193.513],[147.4431,-35.9556,192.1412],[147.445,-35.9586,193.6587],[147.4507,-35.9608,190.5],[147.4562,-35.9578,190.5],[147.4544,-35.9516,190.5],[147.4641,-35.9441,190.75],[147.4777,-35.9442,193.4261],[147.4763,-35.9434,194.2757],[147.4788,-35.9427,191.441],[147.4816,-35.9492,193.9252],[147.4885,-35.9487,201.3785],[147.4916,-35.9439,193.5371],[147.4941,-35.9436,194.245],[147.5049,-35.9527,194.4753],[147.5071,-35.9555,193.0278],[147.5071,-35.9583,201.4037],[147.5114,-35.9624,197.4337],[147.5161,-35.9589,193.5609],[147.5253,-35.9633,191.8808],[147.5253,-35.9653,193.31],[147.5213,-35.9671,192.3966],[147.5149,-35.9764,193.7592],[147.5201,-35.9797,193.3933],[147.5195,-35.9832,194.545],[147.5214,-35.9869,198.499],[147.5283,-35.9871,195.9349],[147.5375,-35.9942,202.0583],[147.5465,-35.9974,209.2118],[147.5484,-36.0029,196.2682],[147.5519,-36.0041,200.4621],[147.5568,-36.0023,197.7174],[147.5693,-35.9913,198.2079],[147.5796,-35.9885,198.5275],[147.584,-35.9846,196.3834],[147.5814,-35.978,201.253],[147.5654,-35.9786,196.3365],[147.5622,-35.9741,218.8589],[147.5589,-35.9725,220.5077],[147.5477,-35.9786,208.4905],[147.5476,-35.9746,201.9726],[147.5518,-35.971,201.8405],[147.5485,-35.9688,198.1151],[147.5491,-35.9646,199.4514],[147.5639,-35.9699,201.4572],[147.5716,-35.969,203.0982],[147.5765,-35.9711,201.8537],[147.5823,-35.9678,209.967],[147.5919,-35.9699,203.7064],[147.5968,-35.9765,206.7482],[147.6014,-35.9791,208.5989],[147.6205,-35.9676,210.3046],[147.6378,-35.9621,207.3918],[147.6424,-35.9497,207.6425],[147.6468,-35.946,207.2649],[147.6609,-35.9432,208.444],[147.6723,-35.9425,212.5447],[147.6748,-35.9446,221.7674],[147.6792,-35.9439,207.1609],[147.6868,-35.9385,207.6525],[147.7084,-35.9285,215.0667],[147.7113,-35.93,212.7662],[147.7178,-35.9386,211.4923],[147.7169,-35.9429,210.6506],[147.7187,-35.9455,211.3068],[147.7286,-35.9475,211.081],[147.7413,-35.9565,212.9635],[147.7495,-35.9575,214.0595],[147.7569,-35.9548,212.9187],[147.7634,-35.9588,212.7362],[147.7733,-35.9589,214.1374],[147.7734,-35.9601,213.4367],[147.768,-35.9612,214.6012],[147.7667,-35.9638,214.8559],[147.7684,-35.9654,214.5386],[147.773,-35.9649,214.7235],[147.7769,-35.9686,218.4336],[147.7803,-35.9659,217.7674],[147.789,-35.9671,214.6577],[147.7964,-35.9638,217.504],[147.8062,-35.9651,216.8725],[147.8112,-35.9673,223.5598],[147.8135,-35.9716,217.5542],[147.8158,-35.9718,217.8816],[147.8132,-35.976,216.9171],[147.8175,-35.9797,223.5084],[147.8218,-35.9787,218.5505],[147.8252,-35.9804,220.9394],[147.8295,-35.9782,221.9966],[147.8308,-35.9797,217.9887],[147.8348,-35.9797,219.811],[147.8426,-35.9863,220.2663],[147.8484,-35.9851,219.7798],[147.8496,-35.9897,223.9883],[147.8602,-35.9872,221.354],[147.862,-35.9923,222.1589],[147.8664,-35.9897,222.1053],[147.8701,-35.9936,223.3512],[147.8731,-35.991,222.3642],[147.8821,-35.9966,223.3375],[147.8815,-35.9997,222.5865],[147.8831,-36.0018,230.1865],[147.8862,-36.0008,222.8717],[147.8847,-35.9988,223.1145],[147.8859,-35.998,225.0604],[147.8975,-35.9999,224.5188],[147.8992,-35.9955,224.564],[147.8957,-35.993,224.6163],[147.9018,-35.9925,234.4112],[147.9064,-35.9959,225.6586],[147.9123,-35.9952,227.4868],[147.914,-35.998,226.2589],[147.9085,-36.0015,226.4484],[147.9115,-36.0029,227.2848],[147.9141,-36.0016,226.8285],[147.9165,-36.0048,226.4424],[147.914,-36.0091,227.8145],[147.9171,-36.0112,226.9548],[147.9128,-36.0181,235.8265],[147.9162,-36.02,227.5609],[147.9105,-36.0214,235.4137],[147.9151,-36.0231,227.534],[147.9115,-36.0266,230.7385],[147.9241,-36.0291,229.6391],[147.9316,-36.0353,233.8933],[147.931,-36.0364,232.9488],[147.9238,-36.0357,229.4244],[147.9246,-36.0375,233.2119],[147.9281,-36.0376,228.7609],[147.9239,-36.04,228.7897],[147.924,-36.0425,230.0491],[147.9303,-36.0442,229.9801],[147.9343,-36.0476,230.96],[147.9376,-36.0461,231.2841],[147.9377,-36.0424,231.9182],[147.943,-36.0438,233.2737],[147.9457,-36.0466,231.1814],[147.9493,-36.0461,233.3714],[147.9499,-36.0436,232.2457],[147.953,-36.044,232.9952],[147.959,-36.041,233.5093],[147.9599,-36.0422,232.4055],[147.9564,-36.044,235.6929],[147.9646,-36.0469,233.4576],[147.9667,-36.0459,233.8574],[147.9659,-36.0437,234.8765],[147.9684,-36.04,236.3865],[147.9715,-36.0396,232.6424],[147.9685,-36.0433,233.4701],[147.9704,-36.0434,234.3314],[147.9743,-36.0385,233.5276],[147.9732,-36.0463,234.6941],[147.9794,-36.0464,234.583],[147.9818,-36.0403,234.89],[147.9818,-36.0448,235.4639],[147.9842,-36.0429,235.8283],[147.9881,-36.0434,236.9324],[147.984,-36.0448,236.7126],[147.9872,-36.0464,234.9695],[147.9857,-36.0495,235.8874],[147.9865,-36.0517,236.2471],[147.9886,-36.0522,238.3841],[147.9892,-36.0492,235.6165],[147.9913,-36.0526,238.6175],[147.9921,-36.0487,237.4593],[147.9997,-36.0462,235.0],[147.9967,-36.0507,237.0643],[147.9971,-36.0564,239.8423],[147.9992,-36.0585,236.5],[147.9965,-36.0599,238.6653],[147.9974,-36.0614,238.4995],[147.9962,-36.0628,238.4995],[147.9947,-36.0611,239.4097],[147.9944,-36.0628,243.6087],[147.9913,-36.0641,238.4733],[147.9946,-36.0642,237.4672],[147.9945,-36.0656,237.916],[147.9906,-36.0664,238.1404],[147.9895,-36.0685,239.0048],[147.9895,-36.0704,238.0107],[147.992,-36.07,242.1925],[147.9902,-36.0728,240.0369],[147.9924,-36.0744,240.7618],[147.9886,-36.0755,238.8736],[147.9885,-36.0789,240.3147],[147.9929,-36.0811,242.5318],[147.988,-36.0823,243.4995],[147.9824,-36.0779,241.5026],[147.9815,-36.0801,242.2389],[147.9842,-36.0831,246.5381],[147.9802,-36.0865,241.2467],[147.9808,-36.0885,242.7509],[147.985,-36.0909,243.1393],[147.9892,-36.09,242.5674],[147.9869,-36.0915,243.4924],[147.9874,-36.0931,245.2586],[147.9938,-36.0927,243.815],[147.9911,-36.0956,244.3631],[147.9928,-36.0973,244.1243],[147.9934,-36.0949,243.9987],[147.9955,-36.0957,244.198],[147.996,-36.0977,243.9836],[147.994,-36.1004,246.2731],[147.9992,-36.0987,245.4139],[147.9958,-36.1026,245.9871],[147.9977,-36.1047,246.7026],[147.994,-36.1053,246.2144],[147.9957,-36.1088,248.4175],[147.9911,-36.1113,249.5144],[147.9957,-36.1107,250.0335],[147.9963,-36.1126,247.7921],[147.9933,-36.1119,248.4007],[147.9923,-36.1149,249.6223],[147.9982,-36.1159,249.9399],[147.9931,-36.1166,249.8851],[147.9954,-36.1187,250.2803],[147.9906,-36.1213,250.1845],[147.9975,-36.1248,262.9721],[148.0005,-36.1244,251.2914],[147.9994,-36.1284,251.8407],[148.0034,-36.1326,250.036],[148.0025,-36.1361,251.0142],[147.9997,-36.1375,252.786],[148.0024,-36.1401,253.4501],[148.0045,-36.1399,253.346],[148.0035,-36.1371,252.6259],[148.0051,-36.1358,251.7187],[148.0067,-36.1363,254.6194],[148.0053,-36.1398,253.346],[148.0078,-36.1407,255.2146],[148.01,-36.1359,252.706],[148.0105,-36.1393,252.674],[148.014,-36.1374,252.7478],[148.0204,-36.1417,255.1865],[148.0235,-36.1398,256.3498],[148.0291,-36.14,255.2141],[148.0329,-36.1429,254.6609],[148.0377,-36.1408,260.526],[148.034,-36.1487,260.0792],[148.0358,-36.1505,257.7979],[148.0353,-36.1525,257.866],[148.0315,-36.1495,259.3687],[148.0291,-36.1553,260.0927],[148.0229,-36.1536,261.8998],[148.0271,-36.1617,260.8704],[148.0311,-36.1613,260.4437],[148.0348,-36.163,261.4028],[148.0339,-36.1647,261.3498],[148.0303,-36.165,260.9704],[148.0291,-36.1687,261.7407],[148.0252,-36.1684,262.0933],[148.0237,-36.1708,263.0384],[148.0264,-36.1735,265.1794],[148.0262,-36.1759,263.3096],[148.0234,-36.1739,263.9232],[148.0218,-36.1765,264.7632],[148.0231,-36.1796,264.2331],[148.022,-36.1814,264.9061],[148.0256,-36.1856,267.1277],[148.0244,-36.1879,267.2854],[148.0292,-36.188,268.7636],[148.0322,-36.1935,269.1909],[148.035,-36.1927,269.614],[148.0366,-36.1947,271.2204],[148.035,-36.1959,269.9809],[148.0363,-36.1978,272.0182],[148.0391,-36.1979,271.2426],[148.0383,-36.2021,272.3948],[148.0406,-36.207,273.7455],[148.037,-36.2094,275.6152],[148.0388,-36.2131,277.6862],[148.0362,-36.2151,277.2592],[148.0372,-36.2173,276.7635],[148.0333,-36.2159,277.5282],[148.0301,-36.2227,278.6622],[148.0275,-36.2217,280.4827],[148.0261,-36.223,297.392],[148.0269,-36.226,284.3324],[148.0316,-36.229,283.0534],[148.032,-36.2328,291.5621],[148.0349,-36.2342,283.1877],[148.034,-36.2377,291.5569],[148.0354,-36.2406,286.0913],[148.0295,-36.2435,288.0936],[148.0288,-36.247,332.1362],[148.0343,-36.2506,289.0024],[148.0361,-36.2531,292.1285],[148.0344,-36.2555,291.1938],[148.0387,-36.2592,292.1527],[148.0388,-36.2621,292.5905],[148.0328,-36.2659,294.4848],[148.0352,-36.2727,321.8328],[148.0329,-36.2753,298.9567],[148.0377,-36.2804,301.2092],[148.0338,-36.2822,299.5556],[148.0361,-36.2849,301.6487],[148.0401,-36.2841,304.554],[148.0383,-36.2896,304.4778],[148.0401,-36.2926,304.681],[148.0352,-36.2923,304.7933],[148.0394,-36.2989,306.4391],[148.0439,-36.2995,308.0556],[148.0412,-36.3005,306.5879],[148.0425,-36.3044,307.1295],[148.0407,-36.3061,308.581],[148.0381,-36.3052,308.7216],[148.035,-36.3106,352.5851],[148.0385,-36.3146,312.0992],[148.0433,-36.3133,311.6838],[148.0465,-36.3152,332.3064],[148.0471,-36.3185,314.5722],[148.0503,-36.319,314.8173],[148.0549,-36.3167,321.3568],[148.0589,-36.32,319.774],[148.058,-36.3224,320.8888],[148.0512,-36.3246,322.0953],[148.0515,-36.3288,323.9904],[148.0556,-36.3344,324.9544],[148.0526,-36.3363,350.5352],[148.0538,-36.3413,360.9968],[148.0507,-36.3421,343.8173],[148.0478,-36.3465,342.0612],[148.0482,-36.3491,342.3743],[148.0453,-36.3517,405.7301],[148.0479,-36.353,345.3902],[148.049,-36.3556,339.4996],[148.0447,-36.3538,382.418],[148.0421,-36.3573,368.8506],[148.0423,-36.3604,344.7567],[148.0377,-36.3668,349.4402],[148.0411,-36.3675,357.9204],[148.0449,-36.3657,376.9736],[148.046,-36.3671,401.9239],[148.0433,-36.3677,356.5668],[148.0403,-36.3717,361.1189],[148.0437,-36.3748,362.1263],[148.0382,-36.3785,365.7362],[148.0452,-36.3812,367.2208],[148.0453,-36.3825,389.2955],[148.0383,-36.3877,392.2867],[148.0375,-36.3901,386.7312],[148.0426,-36.3921,380.5478],[148.0464,-36.3906,393.7545],[148.047,-36.3962,382.215],[148.0497,-36.3989,393.9617],[148.0582,-36.4008,406.1357],[148.0584,-36.4067,414.2847],[148.0546,-36.4087,395.4373],[148.06,-36.4155,410.4287],[148.0763,-36.418,409.6974],[148.0803,-36.4221,458.3192],[148.0793,-36.4252,448.123],[148.0815,-36.4264,423.2448],[148.083,-36.4308,435.3734],[148.0869,-36.432,428.5778],[148.0878,-36.435,437.5871],[148.0883,-36.4376,445.0284],[148.0863,-36.44,470.7081],[148.0877,-36.4421,438.5038],[148.0876,-36.4519,462.9087],[148.1017,-36.4571,478.5496],[148.1109,-36.4571,489.3718],[148.1237,-36.463,485.3609],[148.1247,-36.4649,481.5974],[148.1224,-36.471,501.8467],[148.124,-36.4726,504.6079],[148.1249,-36.4792,502.834],[148.1191,-36.4819,497.4715],[148.1264,-36.4853,492.8088],[148.1176,-36.4955,495.2016],[148.1249,-36.4987,501.1294],[148.1258,-36.5013,498.8797],[148.1284,-36.5026,513.7009],[148.1281,-36.5085,502.1728],[148.13,-36.5132,505.8778],[148.1398,-36.5254,509.3922],[148.1365,-36.5307,513.0439],[148.1369,-36.5328,518.9529],[148.1337,-36.5343,522.7522],[148.134,-36.5391,528.1478],[148.1287,-36.5416,523.4965],[148.1293,-36.5459,526.545],[148.1243,-36.5506,555.8029],[148.1334,-36.563,564.9805],[148.1334,-36.5669,583.3936],[148.1357,-36.5674,545.9829],[148.1375,-36.5656,548.5438],[148.147,-36.5633,556.912],[148.1505,-36.5583,559.1353],[148.1519,-36.5611,555.2305],[148.1588,-36.5656,563.3531],[148.1566,-36.5716,581.2151],[148.1626,-36.5728,577.3392],[148.1607,-36.5798,597.7192],[148.1651,-36.5782,597.269],[148.1659,-36.5744,611.9316],[148.1694,-36.5737,589.9753],[148.1713,-36.5781,600.7428],[148.1761,-36.5775,610.415],[148.1792,-36.58,612.4945],[148.1901,-36.5766,604.0386],[148.1912,-36.5779,604.0386],[148.1896,-36.5809,612.6824],[148.1903,-36.5849,621.7173],[148.197,-36.5856,609.7159],[148.2018,-36.5881,627.2502],[148.2035,-36.5864,623.95],[148.206,-36.5869,675.9847],[148.2036,-36.5888,627.2502],[148.2048,-36.5926,623.077],[148.2106,-36.593,635.4592],[148.2114,-36.5953,676.0433],[148.2175,-36.5982,632.9532],[148.2127,-36.6008,649.6168],[148.2159,-36.6045,644.0946],[148.2114,-36.6064,650.8051],[148.2098,-36.6104,645.2927],[148.2083,-36.6111,645.2927],[148.2083,-36.6087,669.7087],[148.2069,-36.6083,653.9424],[148.2028,-36.6119,668.4048],[148.2101,-36.6127,689.682],[148.2142,-36.6105,711.8018],[148.2135,-36.615,675.2691],[148.2164,-36.6166,710.7684],[148.2142,-36.62,672.465],[148.2186,-36.6186,673.5502],[148.2196,-36.6199,691.344],[148.2207,-36.6258,709.4875],[148.2164,-36.6286,685.3573],[148.2151,-36.6345,694.9212],[148.2119,-36.633,766.9303],[148.2134,-36.6373,695.0955],[148.2162,-36.6395,708.5247],[148.2122,-36.6398,717.8591],[148.2097,-36.645,735.7097],[148.2097,-36.6469,748.5134],[148.2116,-36.6479,695.2303],[148.2112,-36.6505,699.2059],[148.2084,-36.6511,713.8667],[148.2065,-36.6537,721.322],[148.2031,-36.6537,776.2145],[148.2039,-36.6565,771.9622],[148.2005,-36.6596,727.4592],[148.2035,-36.6623,716.6154],[148.1976,-36.6648,732.7752],[148.1962,-36.6678,725.7933],[148.1993,-36.6704,724.7762],[148.1993,-36.6722,728.0057],[148.1902,-36.675,736.6025],[148.1895,-36.679,758.2111],[148.184,-36.6832,734.1494],[148.185,-36.6854,765.375],[148.1876,-36.6861,837.8025],[148.1857,-36.688,756.9101],[148.1891,-36.6881,755.8734],[148.1849,-36.6924,767.7561],[148.1821,-36.6921,744.9993],[148.1809,-36.6972,758.4272],[148.1731,-36.7026,754.6726],[148.1702,-36.7128,761.6982],[148.1681,-36.7141,772.2355],[148.1657,-36.7113,765.7894],[148.1626,-36.7115,775.0638],[148.1618,-36.7155,780.3789],[148.1546,-36.7202,795.7603],[148.1491,-36.7197,780.1515],[148.1391,-36.7322,793.4204],[148.1343,-36.7318,803.2119],[148.1307,-36.7347,829.3987],[148.1367,-36.7384,817.9861],[148.1348,-36.7435,842.0105],[148.1319,-36.7449,810.504],[148.1332,-36.747,811.4242],[148.1327,-36.7508,811.6195],[148.1286,-36.7504,825.0892],[148.1285,-36.7527,816.7103],[148.1205,-36.7563,823.5536],[148.1202,-36.7594,821.1031],[148.1261,-36.7594,855.7833],[148.1221,-36.7622,826.8849],[148.1216,-36.7647,835.6434],[148.1161,-36.7657,841.0421],[148.1129,-36.7681,849.0873],[148.1108,-36.774,841.7197],[148.1047,-36.7805,890.1972],[148.1055,-36.7848,851.1297],[148.1037,-36.788,886.1098],[148.1016,-36.7889,861.5166],[148.098,-36.7872,888.4761],[148.1002,-36.7916,865.2482],[148.1047,-36.7898,869.0551],[148.1105,-36.7983,908.6443],[148.108,-36.7988,901.2803],[148.1089,-36.8009,905.5929],[148.1125,-36.8,915.1837],[148.1201,-36.8061,953.0392],[148.1225,-36.8011,999.205],[148.1263,-36.8014,1025.3302],[148.1268,-36.7965,997.9527],[148.1297,-36.7957,1005.0708],[148.1351,-36.7971,1020.041],[148.134,-36.7951,1021.7469],[148.1365,-36.7958,1033.394],[148.1368,-36.7945,1069.2595],[148.1464,-36.7954,1100.7478],[148.149,-36.7942,1097.1147],[148.1487,-36.7919,1095.2249],[148.1517,-36.7931,1132.4548],[148.1567,-36.79,1122.7318],[148.1585,-36.7932,1171.4375],[148.1638,-36.7924,1156.0809],[148.1639,-36.7948,1176.9351],[148.1682,-36.7925,1179.4207],[148.1761,-36.7967,1182.9261],[148.1795,-36.7963,1211.829],[148.1825,-36.8049,1252.4392],[148.1867,-36.8041,1262.1035],[148.1949,-36.7963,1309.2755],[148.8216,-37.05,860.024],[149.1663,-37.1879,775.1871],[149.6373,-37.3734,220.8661],[149.9773,-37.5046,0.0],[149.9782,-37.5021,0.0],[149.974,-37.4983,1.2973],[149.9749,-37.4947,3.2833],[149.9772,-37.4936,1.9672],[149.9744,-37.4884,18.6448],[149.9758,-37.4877,0.0],[149.9738,-37.4827,20.8489],[149.9754,-37.4817,20.8489],[149.9768,-37.474,0.0],[149.9763,-37.4713,0.0],[149.9725,-37.4671,0.0],[149.9738,-37.4594,11.4104],[149.977,-37.4569,0.0],[149.9751,-37.455,25.1146],[149.975,-37.4495,12.5256],[149.9736,-37.4478,6.2803],[149.9754,-37.4454,12.7678],[149.9722,-37.4434,17.0457],[149.9738,-37.4413,1.0366],[149.9696,-37.4419,12.1578],[149.967,-37.4399,2.7188],[149.967,-37.4353,3.1097],[149.9624,-37.433,38.007],[149.9639,-37.433,16.4823],[149.9636,-37.4306,0.0],[149.9609,-37.4285,27.4471],[149.9613,-37.4264,0.0],[149.9566,-37.4236,30.2149],[149.9565,-37.4161,12.0664],[149.9539,-37.4096,14.3927],[149.9556,-37.4046,4.2139],[149.9537,-37.3946,21.0115],[149.9552,-37.3876,0.0],[149.9518,-37.3763,0.0],[149.9498,-37.3747,9.6629],[149.9512,-37.3661,0.0],[149.9571,-37.3512,0.0],[149.9633,-37.3405,0.0],[149.9689,-37.3362,13.7027],[149.9692,-37.3296,2.2293],[149.9722,-37.3285,0.0],[149.9668,-37.3128,41.8004],[149.9689,-37.3129,9.4765],[149.9683,-37.3108,15.2292],[149.9697,-37.3097,0.0],[149.9675,-37.3091,2.8594],[149.9576,-37.2987,0.0],[149.9511,-37.2959,0.125],[149.9512,-37.2887,0.0],[149.9429,-37.2825,0.0],[149.944,-37.2777,0.6679],[149.9524,-37.2636,0.0],[149.9628,-37.2536,1.5604],[149.9666,-37.2521,0.0],[149.966,-37.2498,0.0],[149.9773,-37.2431,0.0],[149.9868,-37.2399,0.0],[149.9907,-37.2403,2.9616],[149.9934,-37.245,2.8344],[150.01,-37.2499,1.2102],[150.0101,-37.2525,0.0],[150.013,-37.2555,0.9562],[150.016,-37.2545,39.4762],[150.0206,-37.2557,28.2209],[150.0269,-37.2591,0.0],[150.0292,-37.2587,0.0],[150.0303,-37.256,34.5801],[150.0401,-37.2592,10.7734],[150.0442,-37.2587,7.6364],[150.0487,-37.2631,0.0],[150.0518,-37.2622,0.0],[150.0466,-37.2541,0.0],[150.0426,-37.252,22.5786],[150.0416,-37.248,0.0],[150.0375,-37.246,0.0],[150.0364,-37.243,16.1981],[150.0355,-37.2438,16.1981],[150.035,-37.2391,2.1556],[150.0308,-37.2379,10.3884],[150.0325,-37.2349,0.661],[150.0295,-37.2304,0.0],[150.0308,-37.2281,1.0236],[150.0277,-37.2225,0.0],[150.0212,-37.2189,0.4163],[150.0192,-37.215,0.0],[150.0152,-37.216,0.0],[150.0124,-37.2118,7.6175],[150.0108,-37.2118,7.6175],[150.012,-37.2112,34.7188],[150.013,-37.2113,15.127],[150.0151,-37.2143,12.6657],[150.0187,-37.2123,20.8617],[150.0234,-37.2126,0.0],[150.0214,-37.2087,0.0],[150.0226,-37.2069,3.1623],[150.0203,-37.2052,8.4657],[150.0208,-37.2024,0.0],[150.0155,-37.2011,5.1227],[150.0157,-37.1991,12.8872],[150.0195,-37.1971,0.0],[150.0176,-37.1909,26.9693],[150.02,-37.1902,0.0],[150.0209,-37.1854,0.0],[150.0193,-37.1831,0.0],[150.0119,-37.1805,3.3307],[150.0128,-37.1765,0.0],[150.0097,-37.1738,30.375],[150.01,-37.1715,17.0702],[150.0049,-37.1705,0.0],[150.003,-37.1685,0.0],[150.0026,-37.1639,3.8058],[150.0048,-37.1635,0.0],[150.0051,-37.1615,0.0],[150.0096,-37.1613,0.0],[150.0068,-37.1555,1.3867],[150.0072,-37.1489,2.3689],[150.0046,-37.1464,6.0078],[150.0043,-37.1433,21.7612],[150.0066,-37.1423,0.0],[150.0059,-37.1409,0.0],[150.0052,-37.1422,0.0],[149.9995,-37.1417,0.0],[149.9934,-37.1387,5.7933],[149.9941,-37.1372,0.0],[149.9923,-37.1363,0.0],[149.9924,-37.1392,5.7933],[149.9899,-37.139,0.0],[149.9876,-37.1411,13.0877],[149.9873,-37.1386,5.595],[149.9839,-37.1368,0.0],[149.9803,-37.1301,2.499],[149.9769,-37.131,3.2116],[149.9763,-37.1274,0.0],[149.9708,-37.1276,0.9697],[149.969,-37.1257,8.1733],[149.9713,-37.1178,2.5536],[149.9693,-37.1165,6.5392],[149.9669,-37.1182,27.3786],[149.9644,-37.1153,0.0],[149.9619,-37.1171,10.5698],[149.9617,-37.1145,0.0],[149.9599,-37.1148,14.8384],[149.9588,-37.1114,5.2524],[149.9548,-37.1084,17.8758],[149.9523,-37.1087,31.4281],[149.9538,-37.1009,0.0],[149.9487,-37.1043,9.0273],[149.9461,-37.1035,4.7047],[149.9432,-37.1054,25.5679],[149.9388,-37.101,3.0073],[149.9383,-37.0986,5.1818],[149.9326,-37.0992,0.0],[149.9283,-37.1022,8.9866],[149.9262,-37.1003,0.0],[149.925,-37.102,0.0],[149.9283,-37.1024,8.9866],[149.9299,-37.105,0.0],[149.9297,-37.1101,0.0],[149.9244,-37.1118,2.2673],[149.9228,-37.11,0.0],[149.9147,-37.1095,0.0],[149.913,-37.1102,0.0],[149.9134,-37.1117,0.0],[149.9114,-37.1118,0.0],[149.9001,-37.1055,0.9165],[149.8935,-37.0971,3.7671],[149.8865,-37.1037,9.5377],[149.8783,-37.101,4.9022],[149.8725,-37.0926,3.0865],[149.874,-37.0882,16.74],[149.8725,-37.0832,18.401],[149.8764,-37.0809,40.7451],[149.8787,-37.0768,3.27],[149.8842,-37.0765,0.0],[149.8837,-37.0786,0.0],[149.8852,-37.0784,0.0],[149.8865,-37.0764,3.0841],[149.8904,-37.0775,2.9253],[149.8908,-37.0746,1.4481],[149.894,-37.0732,0.0],[149.897,-37.0741,1.2859],[149.8971,-37.0723,2.0349],[149.9019,-37.0692,2.5885],[149.9046,-37.0714,0.0],[149.9093,-37.0714,0.0],[149.9063,-37.0754,0.0],[149.9096,-37.0741,1.025],[149.9103,-37.0756,8.6214],[149.9148,-37.0761,1.7369],[149.9173,-37.0728,2.6135],[149.913,-37.0697,0.0],[149.9107,-37.0709,7.9649],[149.9104,-37.0684,11.5086],[149.9129,-37.0669,6.861],[149.91,-37.0646,18.235],[149.9099,-37.0621,0.0],[149.9155,-37.0527,5.0747],[149.9236,-37.0462,6.2561],[149.9333,-37.0506,4.9829],[149.9373,-37.0501,2.8175],[149.9425,-37.056,0.0],[149.9441,-37.0556,3.8041],[149.9446,-37.049,10.4908],[149.9408,-37.0437,0.0],[149.9445,-37.0419,4.7181],[149.9394,-37.0389,22.2361],[149.9417,-37.0336,0.0],[149.9399,-37.0312,38.255],[149.9413,-37.03,0.0],[149.9407,-37.0267,0.0],[149.9439,-37.0242,4.0314],[149.9432,-37.0187,5.7428],[149.9472,-37.019,4.8637],[149.9477,-37.0176,6.4669],[149.94,-37.0167,36.2879],[149.9378,-37.0131,29.2379],[149.9395,-37.0119,7.4254],[149.9378,-37.0089,2.1699],[149.9345,-37.0102,23.5604],[149.9308,-37.0078,0.0],[149.9275,-37.0008,6.8958],[149.9267,-36.9917,0.0],[149.9279,-36.9772,12.1212],[149.9335,-36.9593,0.0],[149.9391,-36.9509,7.6469],[149.9462,-36.9493,0.4938],[149.933,-36.9466,17.0713],[149.9288,-36.9419,4.1083],[149.9235,-36.9433,9.7578],[149.9233,-36.9464,25.7794],[149.9204,-36.9477,0.0],[149.9134,-36.9446,20.9818],[149.9086,-36.9391,0.0],[149.9055,-36.9317,11.7065],[149.904,-36.923,4.1908],[149.9048,-36.9146,7.8362],[149.91,-36.9034,0.0],[149.9197,-36.8954,2.9876],[149.9263,-36.8975,24.6836],[149.9332,-36.903,0.0],[149.9381,-36.9025,6.6281],[149.9363,-36.8989,0.0],[149.9332,-36.8992,1.6139],[149.9296,-36.8947,28.3672],[149.93,-36.8891,41.8677],[149.9326,-36.8881,0.0],[149.9348,-36.884840740740763,0.0]],
[[150.0188,-37.1833,0.0],[150.0187,-37.1832,20.4166],[150.0186,-37.1831,20.4166],[150.0189,-37.1832,0.0],[150.0188,-37.1833,0.0]],
[[148.8015,-35.3293,1227.8196],[148.8009,-35.3217,1232.4817],[148.81,-35.3074,1397.8143],[149.091,-35.1423,850.201],[149.0933,-35.1387,776.5134],[149.1029,-35.1352,741.2408],[149.1043,-35.1323,746.8768],[149.1097,-35.1311,756.916],[149.1127,-35.1277,742.1873],[149.1209,-35.1245,729.2587],[149.1272,-35.1256,716.3138],[149.1317,-35.1291,708.8344],[149.1388,-35.1285,711.869],[149.14,-35.1308,718.3992],[149.1386,-35.1353,732.2654],[149.1405,-35.1363,736.5042],[149.145,-35.1346,716.6297],[149.1496,-35.1387,758.0487],[149.1493,-35.1421,785.5133],[149.1468,-35.1449,758.1414],[149.1558,-35.1446,725.6038],[149.1592,-35.1417,723.8101],[149.1643,-35.142,710.1848],[149.1632,-35.1469,697.6665],[149.1651,-35.1501,685.3025],[149.1626,-35.1538,689.6818],[149.1677,-35.1599,691.0323],[149.1764,-35.1583,672.2665],[149.1855,-35.1612,652.6751],[149.1891,-35.1657,674.9401],[149.1836,-35.1756,668.8541],[149.1858,-35.1778,663.5529],[149.1915,-35.1793,682.2017],[149.197,-35.1855,759.8632],[149.1964,-35.1909,759.4752],[149.1903,-35.1944,803.278],[149.1915,-35.1985,732.5938],[149.1895,-35.2033,742.7961],[149.1978,-35.2025,685.4213],[149.2059,-35.2116,737.8265],[149.2086,-35.2115,771.8813],[149.2025,-35.2246,728.3649],[149.2049,-35.2295,754.4904],[149.2104,-35.2263,727.4665],[149.2138,-35.2196,688.731],[149.22,-35.2207,682.1539],[149.2238,-35.219,698.6709],[149.2288,-35.2217,739.1995],[149.2387,-35.2222,782.0426],[149.2407,-35.225,803.7501],[149.2455,-35.2267,849.2562],[149.2468,-35.2291,850.9862],[149.2429,-35.2313,857.295],[149.2412,-35.2368,808.3866],[149.2345,-35.2405,825.6565],[149.2344,-35.2428,810.3284],[149.2419,-35.2464,751.0236],[149.2494,-35.2472,722.0593],[149.2507,-35.2522,713.7103],[149.253,-35.2522,713.2988],[149.2573,-35.2572,712.1844],[149.2613,-35.2569,722.0557],[149.2628,-35.2587,729.5157],[149.2676,-35.2596,758.563],[149.2732,-35.2592,827.3254],[149.2718,-35.2735,850.3795],[149.2754,-35.2751,865.6828],[149.277,-35.2713,846.21],[149.2796,-35.2707,830.0217],[149.2854,-35.2716,836.386],[149.2893,-35.2757,856.9611],[149.2985,-35.2722,906.1567],[149.3058,-35.274,903.5438],[149.3054,-35.2755,907.5756],[149.3091,-35.2762,879.6683],[149.3098,-35.2783,883.8369],[149.3153,-35.2763,854.5905],[149.3162,-35.2818,893.817],[149.3225,-35.2867,910.3131],[149.3246,-35.2864,890.9427],[149.3265,-35.2824,900.8464],[149.3348,-35.2863,859.2561],[149.3363,-35.2887,867.6362],[149.3377,-35.287,857.0907],[149.3415,-35.2867,863.9137],[149.3432,-35.292,902.8296],[149.3489,-35.2921,881.088],[149.3481,-35.2935,892.3741],[149.3505,-35.296,909.9681],[149.3506,-35.2994,911.6286],[149.3609,-35.3016,868.1128],[149.3619,-35.3043,853.5365],[149.3597,-35.3075,870.8683],[149.3617,-35.309,878.9931],[149.3702,-35.3082,858.5923],[149.3742,-35.3047,840.277],[149.3837,-35.3065,855.5295],[149.3842,-35.3043,845.5818],[149.3866,-35.3034,847.1942],[149.3948,-35.3032,888.6364],[149.3945,-35.3092,880.5106],[149.3973,-35.311,824.177],[149.3972,-35.3173,819.9907],[149.3993,-35.3191,833.1807],[149.3972,-35.3243,842.5045],[149.398,-35.3253,831.9679],[149.3902,-35.3311,809.3383],[149.3669,-35.34,764.511],[149.3651,-35.3422,764.8244],[149.3645,-35.3479,770.0842],[149.3564,-35.3507,775.9757],[149.3479,-35.3506,761.7914],[149.3365,-35.3399,726.9213],[149.314,-35.336,689.3465],[149.3051,-35.3359,701.0458],[149.3,-35.3331,720.0366],[149.2929,-35.3335,714.5302],[149.2816,-35.338,680.5433],[149.2684,-35.3351,658.8436],[149.2625,-35.3313,645.0906],[149.2586,-35.332,624.7175],[149.2547,-35.3301,607.9569],[149.2475,-35.3307,593.2222],[149.2432,-35.3356,577.082],[149.2305,-35.3428,582.262],[149.2192,-35.3413,588.1556],[149.2069,-35.3456,589.6455],[149.1844,-35.3783,595.8434],[149.1568,-35.4079,655.6387],[149.147,-35.4143,683.0268],[149.1445,-35.4237,737.8198],[149.1387,-35.4283,734.8414],[149.1406,-35.4341,751.4787],[149.1523,-35.4334,725.3112],[149.1551,-35.4358,733.3392],[149.1529,-35.4433,736.1573],[149.145,-35.4461,727.0675],[149.1431,-35.4506,742.5845],[149.1371,-35.452,735.9702],[149.1355,-35.4544,734.5287],[149.1388,-35.468,772.2948],[149.1445,-35.4754,802.4291],[149.1515,-35.4922,790.9151],[149.1509,-35.5084,789.1959],[149.1314,-35.5542,716.7706],[149.1425,-35.5926,723.231],[149.1303,-35.5908,734.1534],[149.13,-35.5922,713.4376],[149.126,-35.5916,671.5547],[149.1255,-35.5872,697.2767],[149.1131,-35.5858,605.6432],[149.1101,-35.5879,605.7437],[149.1081,-35.5864,604.3979],[149.1084,-35.584,600.9342],[149.0846,-35.5808,771.4816],[149.0829,-35.5846,760.2015],[149.0781,-35.5864,856.5864],[149.0792,-35.6077,872.7842],[149.0845,-35.6146,1037.6642],[149.0842,-35.6217,1090.2435],[149.0879,-35.6279,1073.3856],[149.0886,-35.6341,1024.1421],[149.0866,-35.6358,1036.0326],[149.0876,-35.6397,1012.1745],[149.0891,-35.641,983.0732],[149.0925,-35.6397,969.0363],[149.0957,-35.6403,1053.7456],[149.0975,-35.6473,1083.3071],[149.0954,-35.653,1070.5215],[149.0986,-35.6572,1110.8246],[149.0959,-35.6615,1168.1375],[149.0973,-35.6736,1184.7614],[149.095,-35.6768,1190.9879],[149.0954,-35.6793,1188.6306],[149.0995,-35.6838,1178.9639],[149.1044,-35.6849,1227.9856],[149.1038,-35.6908,1182.9982],[149.106,-35.6912,1167.531],[149.1095,-35.6966,1219.2565],[149.1075,-35.7024,1190.9265],[149.1022,-35.7075,1167.9044],[149.0995,-35.7148,1141.2471],[149.1041,-35.7252,1241.8651],[149.0991,-35.7293,1174.389],[149.1007,-35.7364,1016.5114],[149.0962,-35.7438,975.8149],[149.0956,-35.746,978.4587],[149.097,-35.7474,998.9351],[149.0951,-35.7503,1070.158],[149.0964,-35.7528,1133.3217],[149.0929,-35.7591,1169.4004],[149.0932,-35.7629,1216.3518],[149.0907,-35.7656,1194.6256],[149.0933,-35.7709,1118.7124],[149.0916,-35.7739,1178.0103],[149.0974,-35.7774,1184.7231],[149.0931,-35.7832,1205.6447],[149.0935,-35.7872,1209.2336],[149.0962,-35.7872,1197.345],[149.1006,-35.7915,1270.4478],[149.0967,-35.7983,1231.3257],[149.1015,-35.8037,1272.7778],[149.0982,-35.8079,1285.0933],[149.1005,-35.81,1315.0536],[149.1006,-35.8148,1328.8289],[149.0959,-35.8176,1382.5703],[149.0935,-35.8242,1318.6495],[149.0945,-35.8308,1233.3657],[149.092,-35.8354,1343.7283],[149.093,-35.8383,1333.7366],[149.0954,-35.8391,1319.5227],[149.0957,-35.8457,1281.3168],[149.0842,-35.8502,1038.5044],[149.0845,-35.8523,1049.4576],[149.0821,-35.8532,1072.0526],[149.0797,-35.8591,1160.132],[149.0768,-35.8606,1203.5416],[149.0743,-35.8658,1308.5251],[149.0644,-35.8749,1568.5925],[149.0615,-35.8801,1550.78],[149.0625,-35.8841,1531.5341],[149.0601,-35.8883,1482.8022],[149.0617,-35.8914,1488.7366],[149.0589,-35.896,1505.9867],[149.0518,-35.9023,1467.478],[149.0571,-35.9074,1466.3219],[149.0551,-35.9137,1453.6404],[149.0488,-35.9204,1434.6084],[149.0461,-35.9208,1397.9032],[149.0438,-35.9165,1368.0009],[149.0397,-35.9141,1368.7927],[149.0361,-35.9139,1377.6848],[149.0337,-35.9112,1395.4944],[149.0276,-35.9129,1457.2847],[149.0227,-35.9061,1425.3779],[149.0122,-35.8997,1287.9905],[148.9994,-35.9026,1282.5989],[148.9974,-35.901,1294.7454],[148.998,-35.8969,1273.7141],[148.9969,-35.8962,1258.0466],[148.9867,-35.8955,1226.4917],[148.9757,-35.8922,1211.4851],[148.9678,-35.894,1311.2961],[148.9663,-35.8973,1345.7295],[148.9616,-35.8968,1321.9766],[148.9591,-35.8955,1336.6469],[148.9584,-35.8918,1324.4277],[148.9446,-35.8814,1290.8269],[148.9406,-35.8758,1271.5452],[148.9327,-35.8736,1313.834],[148.9303,-35.8682,1298.5564],[148.9198,-35.8608,1296.1787],[148.9201,-35.8573,1288.8306],[148.9127,-35.8555,1337.6292],[148.9094,-35.8531,1334.5826],[148.9078,-35.8479,1356.7709],[148.9039,-35.8425,1455.1382],[148.9053,-35.8396,1465.5272],[148.9031,-35.8352,1570.583],[148.9066,-35.8321,1638.1619],[148.9071,-35.8296,1658.816],[148.9036,-35.8261,1702.1366],[148.8976,-35.8247,1660.2869],[148.8966,-35.8179,1636.8916],[148.8924,-35.8166,1570.4897],[148.8866,-35.8101,1466.3857],[148.893,-35.8015,1343.4607],[148.8931,-35.7993,1354.9849],[148.8978,-35.7947,1488.1113],[148.895,-35.7846,1441.1371],[148.8949,-35.7717,1366.1002],[148.9023,-35.7632,1512.1421],[148.9034,-35.7578,1582.4377],[148.8988,-35.7512,1702.0613],[148.8941,-35.7513,1668.8098],[148.8909,-35.7405,1648.7429],[148.8881,-35.737,1656.3312],[148.8884,-35.7337,1589.6323],[148.8925,-35.7305,1651.4465],[148.8923,-35.7284,1657.6572],[148.8866,-35.7191,1643.0785],[148.8777,-35.7149,1797.8406],[148.8725,-35.7214,1645.3202],[148.8686,-35.7311,1641.1139],[148.8658,-35.7316,1678.6094],[148.8641,-35.7339,1688.4058],[148.8675,-35.7387,1627.969],[148.8649,-35.7424,1612.3838],[148.8639,-35.7481,1669.3649],[148.8614,-35.7501,1661.912],[148.8607,-35.7529,1700.3076],[148.8625,-35.7575,1750.1738],[148.8575,-35.7614,1757.769],[148.8549,-35.7592,1772.1387],[148.8561,-35.7535,1745.1311],[148.854,-35.7511,1716.5046],[148.8471,-35.7505,1511.8047],[148.8357,-35.7419,1442.0991],[148.829,-35.7277,1316.4442],[148.8236,-35.7242,1335.0659],[148.8225,-35.721,1358.4895],[148.8188,-35.7187,1347.6368],[148.8127,-35.7198,1462.1788],[148.7966,-35.7094,1622.6224],[148.7884,-35.6977,1670.5393],[148.7914,-35.6932,1762.8523],[148.7914,-35.6896,1826.2773],[148.7976,-35.6803,1545.9565],[148.7984,-35.6665,1793.6929],[148.7906,-35.6592,1879.0256],[148.787,-35.6605,1892.6458],[148.7864,-35.6578,1865.0142],[148.7833,-35.6562,1819.3273],[148.7736,-35.6555,1686.1362],[148.7722,-35.6536,1719.5964],[148.7728,-35.6499,1730.444],[148.7699,-35.6497,1726.0317],[148.7675,-35.6473,1739.7305],[148.7714,-35.6457,1688.5765],[148.7708,-35.6399,1683.8796],[148.7804,-35.6329,1544.4623],[148.7835,-35.6283,1620.811],[148.7796,-35.6237,1664.2889],[148.7807,-35.6203,1618.3362],[148.779,-35.6148,1565.6896],[148.7724,-35.6091,1608.5693],[148.7685,-35.6032,1760.6371],[148.7721,-35.6013,1680.9603],[148.7744,-35.5979,1582.0378],[148.7832,-35.5953,1507.2562],[148.7888,-35.5882,1652.783],[148.786,-35.5824,1739.1161],[148.7825,-35.5813,1746.3174],[148.773,-35.5682,1834.4172],[148.7785,-35.5637,1641.0826],[148.7782,-35.5589,1698.8357],[148.7692,-35.5441,1628.9823],[148.7724,-35.5293,1757.423],[148.7681,-35.5244,1648.5028],[148.7663,-35.5104,1684.4426],[148.7686,-35.508,1682.2415],[148.7655,-35.5049,1582.3422],[148.7627,-35.4955,1506.1647],[148.7652,-35.4908,1499.9346],[148.7744,-35.486,1638.1665],[148.7708,-35.48,1468.2527],[148.7706,-35.4756,1420.7157],[148.7669,-35.4711,1469.8964],[148.7671,-35.4654,1481.0701],[148.7729,-35.4624,1461.2223],[148.7759,-35.4547,1383.7427],[148.773,-35.4493,1466.3306],[148.7748,-35.4417,1427.8369],[148.7775,-35.44,1415.7102],[148.7809,-35.4332,1418.5309],[148.7842,-35.4322,1415.0815],[148.7889,-35.4264,1450.8888],[148.7876,-35.423,1434.3351],[148.7901,-35.4155,1265.3933],[148.7863,-35.4127,1243.1511],[148.7858,-35.4087,1315.697],[148.7961,-35.4065,1275.0295],[148.7957,-35.3929,1268.7241],[148.8036,-35.3887,1332.4413],[148.8048,-35.385,1325.2905],[148.8087,-35.3824,1343.537],[148.8087,-35.3806,1342.6741],[148.8053,-35.3788,1309.6846],[148.8041,-35.3761,1278.592],[148.8056,-35.3654,1307.6401],[148.8014,-35.3628,1269.2827],[148.7995,-35.3592,1260.4253],[148.7964,-35.3586,1262.4784],[148.799,-35.3546,1274.7683],[148.7991,-35.3506,1255.8992],[148.7932,-35.3392,1321.4006],[148.8015,-35.3293,1227.8196]],
[[150.0809,-36.3755,0.0],[150.0809,-36.3756,0.0],[150.0807,-36.3759,0.0],[150.0807,-36.3757,0.0],[150.0809,-36.3755,0.0]],
[[153.054,-31.0713,0.0],[153.0542,-31.0715,0.0],[153.0536,-31.0713,48.0622],[153.0538,-31.0711,34.0828],[153.054,-31.0713,0.0]],
[[153.6372,-28.6407,22.508],[153.6371,-28.6407,22.508],[153.6371,-28.6406,22.508],[153.6372,-28.6407,22.508]]],
[[[151.28461379310346,-33.800506896551724,4.6506],[151.2846,-33.800509523809524,4.6506],[151.2846,-33.8008,4.6506],[151.2848,-33.8007,4.6506],[151.2848,-33.8006,4.6506],[151.28461379310346,-33.800506896551724,4.6506]]],
[[[149.969,-36.7862,4.1154],[149.9693,-36.787,0.0],[149.97,-36.7857,0.0],[149.9693,-36.7854,4.1154],[149.969,-36.7862,4.1154]]],
[[[149.973,-36.7781,2.8449],[149.9729,-36.7789,2.8449],[149.9731,-36.7792,2.8449],[149.9736,-36.7784,0.0],[149.973,-36.7781,2.8449]]],
[[[149.973,-36.7775,16.6791],[149.9736,-36.7778,0.0],[149.9737,-36.7775,0.0],[149.9735,-36.7773,0.0],[149.973,-36.7775,16.6791]]],
[[[149.9828,-36.7568,4.5608],[149.9825,-36.7566,4.5608],[149.9824,-36.7567,4.5608],[149.9827,-36.7571,4.5608],[149.9828,-36.7568,4.5608]]],
[[[149.9833,-36.7524,4.0367],[149.9828,-36.7526,4.0367],[149.9834,-36.7529,4.0367],[149.9834,-36.7526,4.0367],[149.9833,-36.7524,4.0367]]],
[[[149.9839,-36.7496,0.0],[149.9837,-36.7496,14.532],[149.9836,-36.75,14.532],[149.9837,-36.75,14.532],[149.9839,-36.7496,0.0]]],
[[[149.9831,-36.7491,9.1665],[149.983,-36.7494,9.1665],[149.9832,-36.7498,14.532],[149.9834,-36.7496,14.532],[149.9831,-36.7491,9.1665]]],
[[[149.9914,-36.7293,1.7858],[149.9912,-36.7293,1.7858],[149.991,-36.7295,1.7858],[149.9914,-36.7296,6.4827],[149.9914,-36.7293,1.7858]]],
[[[150.0152,-36.6454,0.2784],[150.0152,-36.6452,0.2784],[150.015,-36.6455,0.2784],[150.0152,-36.6456,0.2784],[150.0152,-36.6454,0.2784]]],
[[[150.0606,-36.4975,0.8498],[150.0608,-36.4975,0.8498],[150.0609,-36.4974,0.8498],[150.0608,-36.4974,0.8498],[150.0606,-36.4975,0.8498]]],
[[[150.0563,-36.4959,0.0],[150.0562,-36.4959,0.0],[150.0563,-36.496,0.0],[150.0563,-36.4959,0.0]]],
[[[150.0566,-36.4877,0.0],[150.0564,-36.4878,0.0],[150.0565,-36.4878,0.0],[150.0566,-36.4877,0.0]]],
[[[150.0571,-36.4874,0.0],[150.057,-36.4875,0.0],[150.0571,-36.4875,0.0],[150.0571,-36.4874,0.0]]],
[[[150.0573,-36.4874,0.0],[150.0574,-36.4873,0.0],[150.0575,-36.4871,0.0],[150.0571,-36.4873,0.0],[150.0573,-36.4874,0.0]]],
[[[150.0574,-36.4864,0.0],[150.0573,-36.4864,0.0],[150.0572,-36.4865,0.0],[150.0573,-36.4866,0.0],[150.0574,-36.4864,0.0]]],
[[[150.0723,-36.4654,0.0],[150.0723,-36.4652,0.0],[150.0721,-36.4653,0.0],[150.0721,-36.4654,0.0],[150.0723,-36.4654,0.0]]],
[[[150.0727,-36.4607,0.0],[150.0726,-36.4606,0.0],[150.0724,-36.4607,0.0],[150.0727,-36.4607,0.0]]],
[[[150.073,-36.454,0.0],[150.0731,-36.4539,0.0],[150.073,-36.4539,0.0],[150.073,-36.454,0.0]]],
[[[150.0725,-36.4534,0.0],[150.0724,-36.4534,0.0],[150.0724,-36.4535,0.0],[150.0725,-36.4534,0.0]]],
[[[150.0724,-36.4529,0.0],[150.0723,-36.453,0.0],[150.0724,-36.453,0.0],[150.0724,-36.4529,0.0]]],
[[[150.0726,-36.4528,0.0],[150.0726,-36.4527,0.0],[150.0725,-36.4527,0.0],[150.0726,-36.4528,0.0]]],
[[[150.0722,-36.4505,47.5658],[150.0723,-36.4505,0.0],[150.0722,-36.4504,47.5658],[150.0721,-36.4505,47.5658],[150.0722,-36.4505,47.5658]]],
[[[150.0728,-36.4658,0.0],[150.0728,-36.4659,0.0],[150.0729,-36.4658,0.0],[150.0728,-36.4657,0.0],[150.0728,-36.4658,0.0]]],
[[[150.0726,-36.4657,0.0],[150.0728,-36.4656,0.0],[150.0726,-36.4654,0.0],[150.0724,-36.4657,0.0],[150.0726,-36.4657,0.0]]],
[[[150.0722,-36.45,47.5658],[150.0723,-36.45,0.0],[150.0724,-36.4498,0.0],[150.0723,-36.4499,0.0],[150.0722,-36.45,47.5658]]],
[[[150.072,-36.4478,47.2625],[150.0719,-36.4477,47.2625],[150.0718,-36.4479,47.2625],[150.0719,-36.4479,47.2625],[150.072,-36.4478,47.2625]]],
[[[150.075,-36.4429,4.8977],[150.0751,-36.4428,4.8977],[150.075,-36.4426,4.8977],[150.0748,-36.4428,4.8977],[150.075,-36.4429,4.8977]]],
[[[150.082,-36.4225,0.0],[150.0821,-36.4226,0.0],[150.0821,-36.4225,0.0],[150.082,-36.4224,0.0],[150.082,-36.4225,0.0]]],
[[[150.0743,-36.4219,0.6916],[150.0742,-36.4218,2.0204],[150.0741,-36.422,2.0204],[150.0743,-36.4219,0.6916]]],
[[[150.075,-36.4216,0.6916],[150.0751,-36.4215,0.6916],[150.075,-36.4215,0.6916],[150.075,-36.4216,0.6916]]],
[[[150.0676,-36.4176,1.3415],[150.0677,-36.4176,1.3415],[150.0677,-36.4174,1.3415],[150.0676,-36.4174,1.3415],[150.0676,-36.4176,1.3415]]],
[[[150.0738,-36.4217,2.0204],[150.0739,-36.4216,2.0204],[150.0738,-36.4216,2.0204],[150.0737,-36.4218,2.0204],[150.0738,-36.4217,2.0204]]],
[[[150.0669,-36.4161,0.4285],[150.0669,-36.4158,0.4285],[150.0668,-36.4158,0.4285],[150.0668,-36.416,0.4285],[150.0669,-36.4161,0.4285]]],
[[[150.0668,-36.4138,0.0],[150.0667,-36.4139,0.0],[150.0668,-36.4141,0.0],[150.0669,-36.414,0.0],[150.0668,-36.4138,0.0]]],
[[[150.0802,-36.3791,0.0],[150.0802,-36.379,0.0],[150.08,-36.3789,0.0],[150.08,-36.3791,0.0],[150.0802,-36.3791,0.0]]],
[[[150.0792,-36.3789,0.0],[150.0794,-36.3789,0.0],[150.0795,-36.3787,0.0],[150.0792,-36.3788,0.0],[150.0792,-36.3789,0.0]]],
[[[150.0815,-36.3781,0.0],[150.0816,-36.3782,0.0],[150.0816,-36.3781,0.0],[150.0815,-36.378,0.0],[150.0815,-36.3781,0.0]]],
[[[150.0805,-36.3779,0.0],[150.0803,-36.378,0.0],[150.0804,-36.3781,0.0],[150.0805,-36.3779,0.0]]],
[[[150.0803,-36.3783,0.0],[150.0801,-36.3782,0.0],[150.0806,-36.3787,0.0],[150.0806,-36.3784,0.0],[150.0803,-36.3783,0.0]]],
[[[150.0511,-36.5859,0.0],[150.0514,-36.5857,0.0],[150.0507,-36.5855,0.0],[150.0509,-36.5858,0.0],[150.0511,-36.5859,0.0]]],
[[[150.0506,-36.5855,0.0],[150.0507,-36.5856,0.0],[150.0507,-36.5855,0.0],[150.0506,-36.5854,0.0],[150.0506,-36.5855,0.0]]],
[[[150.0818,-36.377,0.0],[150.0818,-36.3769,0.0],[150.0817,-36.3768,0.0],[150.0816,-36.377,0.0],[150.0818,-36.377,0.0]]],
[[[150.0813,-36.3767,0.0],[150.0811,-36.3766,0.0],[150.0812,-36.3768,0.0],[150.0813,-36.3767,0.0]]],
[[[150.0815,-36.3754,0.0],[150.0815,-36.3753,0.0],[150.0814,-36.3753,0.0],[150.0813,-36.3754,0.0],[150.0815,-36.3754,0.0]]],
[[[150.1377,-36.3055,1.6662],[150.1378,-36.3055,1.6662],[150.1378,-36.3054,1.6662],[150.1377,-36.3055,1.6662]]],
[[[150.1429,-36.2715,0.0],[150.1428,-36.2716,0.0],[150.1433,-36.2718,0.0],[150.1431,-36.2715,0.0],[150.1429,-36.2715,0.0]]],
[[[150.1442,-36.2704,2.5596],[150.1439,-36.2705,2.5596],[150.1438,-36.2706,2.5596],[150.1444,-36.2705,0.0],[150.1442,-36.2704,2.5596]]],
[[[150.1502,-36.2657,0.8721],[150.1501,-36.2655,0.8721],[150.1499,-36.2655,0.8721],[150.1501,-36.2659,0.8721],[150.1502,-36.2657,0.8721]]],
[[[150.1512,-36.2626,0.0],[150.1511,-36.2621,0.0],[150.1498,-36.2614,0.0],[150.1509,-36.2626,0.0],[150.1512,-36.2626,0.0]]],
[[[150.2295,-36.2463,1.3644],[150.2299,-36.2468,1.3644],[150.2304,-36.2465,1.3644],[150.2301,-36.2463,1.3644],[150.2295,-36.2463,1.3644]]],
[[[150.1474,-36.238,0.7734],[150.1475,-36.238,0.7734],[150.1472,-36.2375,1.9029],[150.1471,-36.2377,1.9029],[150.1474,-36.238,0.7734]]],
[[[150.2222,-36.2559,0.0],[150.2218,-36.2558,0.0],[150.2218,-36.2561,0.0],[150.2222,-36.2561,0.0],[150.2222,-36.2559,0.0]]],
[[[150.2229,-36.2552,6.206],[150.2234,-36.255,6.206],[150.2231,-36.2546,6.206],[150.2226,-36.2551,6.206],[150.2229,-36.2552,6.206]]],
[[[150.227,-36.243,13.1473],[150.2232,-36.2455,0.8629],[150.2259,-36.2483,7.673],[150.2233,-36.2513,5.1624],[150.2239,-36.2537,4.0281],[150.2235,-36.2556,6.206],[150.2228,-36.2562,6.206],[150.2275,-36.2596,0.0],[150.2293,-36.2586,0.0],[150.2297,-36.2556,0.0],[150.2285,-36.255,26.3543],[150.2299,-36.2542,0.5281],[150.2294,-36.251,2.1908],[150.2309,-36.2505,0.0],[150.227,-36.248,14.0665],[150.2296,-36.2471,1.3644],[150.2289,-36.2455,3.6087],[150.2306,-36.2436,4.9787],[150.227,-36.243,13.1473]]],
[[[150.1508,-36.2639,0.0],[150.1505,-36.2641,0.0],[150.1507,-36.2643,0.0],[150.1509,-36.2642,0.0],[150.1508,-36.2639,0.0]]],
[[[150.1497,-36.264,0.0],[150.1499,-36.2643,0.0],[150.1502,-36.2641,0.0],[150.1499,-36.2638,0.0],[150.1497,-36.264,0.0]]],
[[[150.1462,-36.2329,0.0],[150.1462,-36.2331,4.2474],[150.1468,-36.2332,0.0],[150.1467,-36.233,0.0],[150.1462,-36.2329,0.0]]],
[[[150.1425,-36.2194,0.0],[150.1423,-36.2192,0.0],[150.1422,-36.2193,28.2088],[150.1424,-36.2194,0.0],[150.1425,-36.2194,0.0]]],
[[[150.2045,-35.8326,0.0],[150.2032,-35.8324,0.0],[150.2042,-35.8339,0.0],[150.2041,-35.8331,0.0],[150.2045,-35.8326,0.0]]],
[[[150.2368,-35.8179,6.2363],[150.2362,-35.8164,6.2363],[150.2325,-35.8184,0.1549],[150.2351,-35.8189,3.0693],[150.2368,-35.8179,6.2363]]],
[[[150.2613,-35.7471,3.0858],[150.2603,-35.7466,3.0858],[150.2596,-35.7493,7.2583],[150.2608,-35.7513,0.0],[150.2618,-35.7502,0.0],[150.2607,-35.7491,7.2583],[150.2623,-35.7486,4.1065],[150.2613,-35.7471,3.0858]]],
[[[150.2141,-35.736,0.0],[150.2144,-35.7362,0.0],[150.2145,-35.7361,0.0],[150.2143,-35.7358,0.0],[150.2141,-35.736,0.0]]],
[[[150.2586,-35.7496,0.0],[150.2567,-35.749,0.0],[150.2554,-35.7521,18.7368],[150.2585,-35.7529,0.0],[150.2586,-35.7496,0.0]]],
[[[150.2131,-35.7252,0.0],[150.2125,-35.7248,0.0],[150.212,-35.7257,0.0],[150.2128,-35.7257,0.0],[150.2131,-35.7252,0.0]]],
[[[150.213,-35.7243,0.0],[150.2132,-35.7242,0.0],[150.2129,-35.7243,0.0],[150.213,-35.7243,0.0]]],
[[[150.2819,-35.7102,7.5144],[150.282,-35.7103,7.5144],[150.2823,-35.7101,0.0],[150.282,-35.7099,7.5144],[150.2819,-35.7102,7.5144]]],
[[[150.2986,-35.6913,0.0],[150.2983,-35.6913,18.8457],[150.2985,-35.6916,18.8457],[150.2986,-35.6915,0.0],[150.2986,-35.6913,0.0]]],
[[[150.311,-35.6679,0.7117],[150.3126,-35.6681,0.0],[150.3105,-35.6651,0.0],[150.3096,-35.6671,3.9312],[150.311,-35.6679,0.7117]]],
[[[150.3328,-35.6306,0.5788],[150.3308,-35.6304,0.0],[150.3352,-35.6331,0.0],[150.3343,-35.6311,0.0],[150.3328,-35.6306,0.5788]]],
[[[150.3551,-35.5866,0.0],[150.3543,-35.5861,0.0],[150.3529,-35.586,0.0],[150.3546,-35.5872,0.0],[150.3551,-35.5866,0.0]]],
[[[150.1479,-36.2338,0.0],[150.1482,-36.2337,0.0],[150.1482,-36.2336,0.0],[150.1478,-36.2336,0.0],[150.1479,-36.2338,0.0]]],
[[[150.1469,-36.2334,0.0],[150.1469,-36.2336,0.0],[150.1474,-36.2337,0.0],[150.1472,-36.2335,0.0],[150.1469,-36.2334,0.0]]],
[[[150.3589,-35.5862,0.0],[150.3592,-35.5867,0.0],[150.3598,-35.5864,0.0],[150.3596,-35.5861,0.0],[150.3589,-35.5862,0.0]]],
[[[150.3628,-35.577,0.7803],[150.3643,-35.5782,0.0],[150.3651,-35.5783,0.0],[150.3644,-35.5767,0.7803],[150.3628,-35.577,0.7803]]],
[[[150.3903,-35.5549,0.0],[150.392,-35.5544,0.0],[150.3885,-35.5528,0.0],[150.3887,-35.5534,0.0],[150.3903,-35.5549,0.0]]],
[[[150.4208,-35.5285,3.4648],[150.4209,-35.5262,0.0],[150.4183,-35.526,0.0],[150.4143,-35.5273,6.9227],[150.4113,-35.5305,0.0],[150.413,-35.5324,0.8092],[150.4148,-35.5308,10.0934],[150.4203,-35.5322,0.3533],[150.4208,-35.5285,3.4648]]],
[[[150.5146,-35.2727,0.0],[150.5162,-35.2736,0.0],[150.5177,-35.2727,0.0],[150.5146,-35.2707,0.0],[150.5146,-35.2727,0.0]]],
[[[150.8818,-34.5458,0.813],[150.8799,-34.5445,0.0],[150.8761,-34.5445,0.9825],[150.8791,-34.5468,2.3245],[150.8818,-34.5458,0.813]]],
[[[150.9386,-34.4948,0.0],[150.9387,-34.4938,1.4539],[150.9366,-34.4943,1.762],[150.937,-34.4951,1.0324],[150.9386,-34.4948,0.0]]],
[[[150.9463,-34.4643,0.0509],[150.9448,-34.464,0.0509],[150.9444,-34.4643,0.0],[150.9454,-34.4654,0.0642],[150.9463,-34.4643,0.0509]]],
[[[150.9307,-34.4568,0.0],[150.93,-34.4544,0.0],[150.9291,-34.4544,0.0],[150.9289,-34.4567,0.6209],[150.9307,-34.4568,0.0]]],
[[[151.2659,-33.926,0.0],[151.2656,-33.9253,0.114],[151.2651,-33.9259,0.114],[151.2658,-33.9264,0.0],[151.2659,-33.926,0.0]]],
[[[151.2573,-33.8587,1.6254],[151.2583,-33.8597,0.0],[151.2587,-33.8596,0.0],[151.2578,-33.8575,0.0],[151.2573,-33.8587,1.6254]]],
[[[151.226,-33.8546,0.0],[151.2256,-33.8547,0.0],[151.2251,-33.8552,0.0],[151.2258,-33.855,0.0],[151.226,-33.8546,0.0]]],
[[[151.1972,-33.8531,3.2671],[151.1989,-33.8509,0.0],[151.1964,-33.8511,0.0],[151.1947,-33.8533,4.3833],[151.1972,-33.8531,3.2671]]],
[[[150.9292,-34.4887,5.2702],[150.9272,-34.489,1.4878],[150.9272,-34.4927,4.097],[150.9295,-34.4928,7.4505],[150.9309,-34.4909,3.7862],[150.9339,-34.4936,2.1898],[150.9356,-34.4931,1.2223],[150.9323,-34.49,3.7862],[150.9303,-34.4905,15.102],[150.9292,-34.4887,5.2702]]],
[[[150.9242,-34.4904,0.0],[150.9241,-34.49,0.0],[150.9232,-34.49,0.0],[150.9234,-34.4906,0.0],[150.9242,-34.4904,0.0]]],
[[[151.2817,-33.8326,0.0],[151.2813,-33.8327,0.0],[151.2816,-33.8332,11.747],[151.2819,-33.8331,11.747],[151.2817,-33.8326,0.0]]],
[[[151.3287,-33.6602,0.0],[151.3276,-33.6599,0.0],[151.3304,-33.6609,0.0],[151.3297,-33.6602,0.0],[151.3287,-33.6602,0.0]]],
[[[151.2911,-33.6364,15.4651],[151.2871,-33.6375,3.8027],[151.2862,-33.6404,0.0],[151.2925,-33.6442,8.0569],[151.2949,-33.6428,5.867],[151.2957,-33.6397,20.0067],[151.294,-33.6364,17.1061],[151.2911,-33.6364,15.4651]]],
[[[151.2427,-33.5368,8.3617],[151.2367,-33.537,0.0],[151.2352,-33.5415,4.458],[151.2379,-33.5425,4.9477],[151.2393,-33.5402,0.0],[151.2428,-33.54,0.0],[151.244,-33.5373,4.5089],[151.2427,-33.5368,8.3617]]],
[[[151.1522,-33.5284,3.2093],[151.154,-33.5272,10.9475],[151.1533,-33.5252,2.3229],[151.1524,-33.5261,0.0],[151.1522,-33.5284,3.2093]]],
[[[151.1795,-33.509,0.0],[151.1773,-33.5073,0.0],[151.176,-33.5097,0.0],[151.1779,-33.5106,26.4772],[151.1789,-33.5175,1.0572],[151.183,-33.5193,8.4461],[151.1829,-33.5162,23.653],[151.1795,-33.509,0.0]]],
[[[151.5726,-33.2908,0.0],[151.572,-33.2895,0.0],[151.5706,-33.2899,0.1467],[151.5714,-33.2911,0.1467],[151.5726,-33.2908,0.0]]],
[[[151.6555,-33.1001,0.0],[151.6559,-33.1003,0.0],[151.6563,-33.1001,0.0],[151.656,-33.0999,0.0],[151.6555,-33.1001,0.0]]],
[[[151.6679,-33.0936,0.0],[151.6671,-33.0935,0.0],[151.6672,-33.094,0.0],[151.668,-33.0941,0.0],[151.6679,-33.0936,0.0]]],
[[[151.6741,-33.0867,1.765],[151.6722,-33.0866,0.6845],[151.6706,-33.0892,0.0],[151.6737,-33.0879,1.765],[151.6741,-33.0867,1.765]]],
[[[151.6396,-33.0579,0.0],[151.6403,-33.0576,0.0],[151.6394,-33.0576,0.0],[151.6391,-33.0581,0.0],[151.6411,-33.0621,0.5162],[151.6431,-33.0616,0.0],[151.6402,-33.0598,0.0],[151.6396,-33.0579,0.0]]],
[[[151.2158,-33.5285,16.9369],[151.2119,-33.5279,0.0],[151.2045,-33.5328,2.5869],[151.2151,-33.5329,34.0466],[151.2168,-33.53,0.0],[151.2158,-33.5285,16.9369]]],
[[[151.2707,-33.8473,0.0],[151.2704,-33.8476,0.0],[151.2704,-33.8479,0.0],[151.2709,-33.8474,0.0],[151.2707,-33.8473,0.0]]],
[[[151.1735,-33.8459,0.534],[151.1693,-33.8466,6.5553],[151.1689,-33.8485,0.0],[151.1745,-33.849,4.8551],[151.1735,-33.8459,0.534]]]]}
,"properties": {"GID_1": "AUS.5_1","GID_0": "AUS","country": "Australia","state": "NewSouthWales","VARNAME_1": "NA","NL_NAME_1": "NA","TYPE_1": "State","ENGTYPE_1": "State","CC_1": "1","HASC_1": "AU.NS","ISO_1": "AU-NSW","name": "NewSouthWales.state","area_km2": 801449.67,"hist_schema_id": "Elevation0-9000","hist_area_km2": {"0": 6667.47,"25": 9708.44,"50": 28887.69,"75": 92007.16,"100": 89648.15,"125": 87768.84,"150": 70498.55,"175": 52298.53,"200": 41506.6,"225": 34916.15,"250": 28374.75,"275": 23096.82,"300": 18770.5,"325": 14595.86,"350": 11975.18,"375": 10476.57,"400": 9710.95,"425": 9137.0,"450": 8638.5,"475": 8237.73,"500": 7953.56,"525": 7687.75,"550": 7298.99,"575": 7119.37,"600": 6947.72,"625": 6566.46,"650": 6373.24,"675": 6581.75,"700": 6088.45,"725": 5556.44,"750": 5185.35,"775": 4948.22,"800": 4756.44,"825": 4569.16,"850": 4413.19,"875": 4304.01,"900": 4225.78,"925": 3980.93,"950": 3861.07,"975": 3519.47,"1000": 3228.42,"1025": 3176.42,"1050": 3115.1,"1075": 2977.59,"1100": 2797.72,"1125": 2490.29,"1150": 2321.2,"1175": 1914.44,"1200": 1581.58,"1225": 1360.13,"1250": 1209.11,"1275": 1031.64,"1300": 912.68,"1325": 740.35,"1350": 626.33,"1375": 488.57,"1400": 364.83,"1425": 278.68,"1450": 240.09,"1475": 223.12,"1500": 195.82,"1525": 171.25,"1550": 149.62,"1575": 134.88,"1600": 112.26,"1625": 94.53,"1650": 78.87,"1675": 69.29,"1700": 60.05,"1725": 54.4,"1750": 53.82,"1775": 52.7,"1800": 49.54,"1825": 40.66,"1850": 35.97,"1875": 28.89,"1900": 26.02,"1925": 23.68,"1950": 20.81,"1975": 15.07,"2000": 12.15,"2025": 8.62}}}