{"type": "Feature","id": "2657","bbox": [138.00019,-29.17062,153.54884,-9.24017],"geometry": {"type": "MultiPolygon","coordinates": [[[[153.48732,-27.41522,0.0],[153.47731,-27.40846,0.0],[153.46909,-27.39918,0.0],[153.45851,-27.39088,0.0],[153.44239,-27.3873,0.0],[153.43409,-27.393,0.0],[153.43238,-27.40643,0.0],[153.43214,-27.43572,0.0],[153.42433,-27.45045,0.0],[153.40252,-27.4782,0.0],[153.39796,-27.4931,0.0],[153.40943,-27.53191,0.0],[153.41147,-27.54803,0.0],[153.40919,-27.56211,0.0],[153.39942,-27.59238,0.0],[153.39796,-27.60638,0.0],[153.40065,-27.615,0.0],[153.40968,-27.62835,0.0],[153.41147,-27.63714,1.413],[153.40943,-27.64511,0.0],[153.4048,-27.65057,0.5512],[153.40008,-27.65455,0.4497],[153.39796,-27.65789,1.396],[153.39226,-27.68776,18.7237],[153.39137,-27.70184,3.0815],[153.40333,-27.72625,0.0],[153.41131,-27.72763,3.7675],[153.42172,-27.72503,12.7361],[153.43556,-27.72308,0.3623],[153.45069,-27.72308,2.9884],[153.4559,-27.7208,0.0],[153.50856,-27.50408,9.2789],[153.52752,-27.45566,11.6013],[153.54884,-27.41522,0.0],[153.50115,-27.41766,0.0],[153.48732,-27.41522,0.0]]],
[[[153.42921,-27.35442,9.5968],[153.43165,-27.33904,12.3943],[153.43214,-27.32244,7.6699],[153.43019,-27.30869,0.9911],[153.42115,-27.28314,4.6927],[153.4183,-27.27125,2.5278],[153.41822,-27.22283,0.0],[153.42579,-27.18043,0.0],[153.46608,-27.06015,0.0],[153.469,-27.03704,0.0],[153.46274,-27.0206,0.0],[153.45135,-27.01702,0.0],[153.43963,-27.02256,0.0],[153.4183,-27.03786,0.4779],[153.38364,-27.04412,0.0],[153.36313,-27.05527,0.0],[153.36052,-27.06601,0.0],[153.36598,-27.0805,0.0],[153.36997,-27.10272,1.7507],[153.36378,-27.16334,0.0],[153.36948,-27.22552,0.0],[153.37648,-27.24782,0.0],[153.38738,-27.25758,43.3417],[153.39747,-27.26914,25.5853],[153.40659,-27.29502,15.3263],[153.41212,-27.32269,0.0],[153.41147,-27.33953,0.0],[153.42302,-27.35817,2.202],[153.42921,-27.35442,9.5968]]],
[[[153.00636,-25.32773,0.0],[152.99366,-25.30397,0.0],[152.96241,-25.26963,0.0],[152.95362,-25.2785,12.8744],[152.96372,-25.29909,18.9823],[152.99391,-25.33847,0.0],[153.00636,-25.32773,0.0]]],
[[[153.28614,-24.7365,0.0],[153.28126,-24.69354,0.0],[153.27247,-24.69988,0.0],[153.23341,-24.72145,16.8342],[153.20509,-24.74521,26.6759],[153.19557,-24.74871,19.1714],[153.13722,-24.81707,0.0],[153.16326,-24.81243,54.5164],[153.1941,-24.84075,10.956],[153.22234,-24.88152,16.6919],[153.23959,-24.91326,35.2891],[153.2492,-24.95485,2.776],[153.24252,-24.99326,71.4102],[153.22608,-25.02752,81.6517],[153.20558,-25.05731,70.3603],[153.17872,-25.0875,29.1349],[153.14796,-25.11419,27.0286],[153.03834,-25.18353,7.9207],[153.02133,-25.19817,10.8883],[153.01441,-25.21152,9.4004],[153.01441,-25.22161,9.5998],[153.01596,-25.22332,16.3608],[153.02182,-25.2234,3.0934],[153.04542,-25.23219,2.3869],[153.05445,-25.23349,12.3071],[153.06227,-25.23724,5.5125],[153.06886,-25.24847,15.3279],[153.05616,-25.27321,4.3849],[153.06853,-25.32903,19.0194],[153.05836,-25.35516,40.7713],[153.05006,-25.36639,68.1206],[153.03484,-25.39983,76.5548],[153.02752,-25.40683,52.1042],[153.01808,-25.41334,39.5867],[153.00856,-25.42164,3.141],[153.00074,-25.43401,2.2311],[152.99415,-25.4957,19.1205],[152.98585,-25.52508,22.4787],[152.96241,-25.53769,0.0],[152.94825,-25.55218,0.5691],[152.9463,-25.58294,2.2634],[152.95826,-25.61175,4.9826],[152.9865,-25.61956,88.0435],[152.98422,-25.64577,72.6099],[153.00221,-25.69305,38.9377],[152.99733,-25.71209,42.3097],[152.99936,-25.72861,5.8267],[153.01629,-25.754,59.5442],[153.05535,-25.79713,3.865],[153.08326,-25.78688,0.0],[153.09986,-25.75775,0.0],[153.10174,-25.72186,0.0],[153.0857,-25.69134,0.0],[153.08351,-25.66579,0.0],[153.16066,-25.46315,0.0],[153.26743,-25.25555,0.0],[153.34547,-25.08164,0.0],[153.34946,-25.06097,0.0],[153.35483,-25.04534,0.0],[153.36573,-25.02955,0.0],[153.37355,-25.01181,0.0],[153.36997,-24.98903,0.0],[153.3589,-24.97601,0.0],[153.3213,-24.94638,0.0],[153.31186,-24.94061,0.0],[153.30226,-24.92946,0.0],[153.28492,-24.87664,0.0],[153.28126,-24.85858,0.0],[153.28614,-24.7365,0.0]]],
[[[151.38836,-23.86443,30.0566],[151.38307,-23.8401,16.7371],[151.37233,-23.82025,12.0929],[151.35182,-23.79648,5.8879],[151.34474,-23.7824,0.0],[151.33953,-23.7514,0.0],[151.33326,-23.75018,0.0],[151.32635,-23.75726,0.0],[151.32106,-23.76873,0.0],[151.3226,-23.77191,0.0],[151.32862,-23.80291,0.0],[151.35206,-23.83245,0.0],[151.35963,-23.84783,0.0],[151.36264,-23.87176,0.0],[151.38307,-23.87957,0.0],[151.38836,-23.86443,30.0566]]],
[[[151.03688,-23.45086,0.0],[151.02752,-23.44451,0.0],[151.01815,-23.45325,3.2767],[151.02237,-23.46161,3.2391],[151.02238,-23.46933,9.915],[151.01607,-23.47448,7.5517],[150.97961,-23.48739,0.0],[150.99787,-23.50667,9.7651],[151.02107,-23.5356,3.0426],[151.05421,-23.57871,19.7619],[151.06788,-23.59808,2.7482],[151.07887,-23.60866,50.6146],[151.10524,-23.62802,37.7016],[151.14731,-23.67523,10.6431],[151.15919,-23.69362,55.2956],[151.16896,-23.72991,11.949],[151.18051,-23.74285,0.0],[151.19418,-23.75416,35.6658],[151.20509,-23.76873,48.3044],[151.21388,-23.77809,17.3619],[151.22185,-23.77947,18.6316],[151.22983,-23.77728,19.2084],[151.26336,-23.77516,0.0],[151.26645,-23.77614,1.8288],[151.27361,-23.77207,2.5675],[151.27589,-23.76898,2.5032],[151.27735,-23.76605,2.3402],[151.28142,-23.7619,2.4205],[151.28679,-23.754,2.5284],[151.29103,-23.74993,12.1658],[151.29762,-23.74822,2.2961],[151.29851,-23.73545,5.9383],[151.29615,-23.70729,0.0],[151.28777,-23.67913,0.0],[151.26987,-23.66627,17.1568],[151.25123,-23.657,6.4167],[151.2378,-23.63454,0.0],[151.22934,-23.60752,0.0],[151.2256,-23.58375,8.1875],[151.22706,-23.56146,0.0],[151.23878,-23.51629,0.0],[151.23911,-23.48886,0.0],[151.22495,-23.50156,9.1604],[151.2107,-23.52068,1.034],[151.19508,-23.53387,4.4677],[151.17701,-23.52907,2.086],[151.19142,-23.51385,3.1606],[151.18019,-23.50726,0.0],[151.16066,-23.50384,0.0],[151.1504,-23.49871,0.0],[151.14186,-23.48789,0.0],[151.09929,-23.47991,2.3353],[151.08155,-23.47454,0.0],[151.07887,-23.46836,7.4035],[151.07911,-23.45908,0.0],[151.07797,-23.45078,0.0],[151.0713,-23.4472,0.0],[151.06186,-23.44891,5.3743],[151.05226,-23.45184,2.2728],[151.04363,-23.45355,1.0928],[151.03688,-23.45086,0.0]]],
[[[150.97788,-23.17091,0.0],[150.97364,-23.16424,0.0],[150.97584,-23.15781,25.14],[150.97381,-23.15268,3.7905],[150.96844,-23.15276,0.0],[150.96404,-23.15537,0.0],[150.95973,-23.15927,8.3765],[150.95427,-23.17262,3.1506],[150.95118,-23.17091,0.0],[150.93832,-23.17083,25.7489],[150.93564,-23.174,0.0],[150.93417,-23.1784,5.5649],[150.93369,-23.18304,0.0],[150.93507,-23.18841,11.6082],[150.938,-23.19313,0.0],[150.93914,-23.19655,2.1926],[150.94329,-23.19573,0.0],[150.95086,-23.19109,0.0],[150.96217,-23.19028,17.5665],[150.96966,-23.18686,0.0],[150.97853,-23.18678,0.0],[150.98406,-23.18939,27.5875],[150.98878,-23.18597,0.0],[150.99147,-23.17905,47.966],[150.98707,-23.17555,0.0],[150.97788,-23.17091,0.0]]],
[[[150.90398,-23.07081,3.4075],[150.89739,-23.06292,42.5048],[150.89698,-23.05975,42.409],[150.89405,-23.05641,28.2153],[150.89007,-23.05763,0.0],[150.88478,-23.07147,0.0],[150.886,-23.07944,1.0022],[150.89169,-23.08131,7.9097],[150.89772,-23.07944,9.3133],[150.9061,-23.08384,22.0004],[150.91009,-23.0827,69.7588],[150.90398,-23.07081,3.4075]]],
[[[149.73121,-22.42816,6.2433],[149.75196,-22.39886,0.0],[149.75441,-22.3869,0.0],[149.75375,-22.37656,4.139],[149.75587,-22.36875,5.4796],[149.76629,-22.36468,0.0],[149.74676,-22.34686,0.0],[149.73618,-22.33904,0.0],[149.72779,-22.34051,0.0],[149.7225,-22.35076,0.0],[149.71705,-22.3742,4.4498],[149.7103,-22.38519,0.0],[149.71681,-22.3943,4.4648],[149.71811,-22.40447,4.3271],[149.71559,-22.41522,5.0918],[149.7103,-22.42555,4.4727],[149.71339,-22.42929,4.4412],[149.72478,-22.43987,12.3534],[149.73121,-22.42816,6.2433]]],
[[[150.5608,-22.29583,12.2801],[150.5586,-22.289,0.0],[150.5525,-22.28232,6.4742],[150.54428,-22.27744,0.0],[150.53663,-22.27532,0.0],[150.5298,-22.27174,55.6904],[150.5276,-22.26336,34.3023],[150.52638,-22.25311,30.9677],[150.52263,-22.24432,59.5052],[150.51596,-22.23414,113.8572],[150.5114,-22.22422,97.5177],[150.50457,-22.21673,52.1243],[150.49187,-22.21396,70.4674],[150.47836,-22.21624,19.5412],[150.47584,-22.22194,10.8567],[150.48048,-22.22959,10.9357],[150.48845,-22.23748,0.0],[150.49366,-22.25506,5.3382],[150.4826,-22.27459,4.087],[150.46656,-22.29372,10.8529],[150.45777,-22.31015,0.0],[150.46372,-22.30779,0.0],[150.46608,-22.30722,0.0],[150.46778,-22.30625,0.0],[150.47136,-22.30267,0.0],[150.47625,-22.30495,0.0],[150.49187,-22.31634,2.9186],[150.47934,-22.33196,1.7256],[150.48227,-22.34498,8.5923],[150.49537,-22.35084,0.0],[150.51295,-22.34433,0.0],[150.51979,-22.34051,0.0],[150.52638,-22.33506,0.0],[150.53142,-22.3283,0.0],[150.53346,-22.31976,0.1769],[150.53745,-22.31634,7.6267],[150.54656,-22.31243,0.0],[150.55584,-22.30633,0.0],[150.5608,-22.29583,12.2801]]],
[[[150.00815,-22.10231,0.0],[150.00229,-22.10654,4.9461],[150.00115,-22.11378,0.0],[149.99895,-22.11639,0.0],[149.97861,-22.12005,31.2307],[149.96013,-22.1338,7.8082],[149.95623,-22.1338,10.8673],[149.93694,-22.14804,5.6598],[149.93629,-22.15757,0.0],[149.94077,-22.16644,3.3696],[149.95191,-22.16806,3.2548],[149.97234,-22.15903,5.855],[150.01702,-22.12623,46.3754],[150.01848,-22.1207,11.6154],[150.01539,-22.11403,0.0],[150.01743,-22.11256,0.0],[150.03289,-22.11273,0.0],[150.03777,-22.11142,45.7642],[150.03549,-22.10866,27.1932],[150.03126,-22.10768,7.9317],[150.02784,-22.10866,0.0],[150.02386,-22.10923,0.0],[150.00815,-22.10231,0.0]]],
[[[149.9087,-22.2164,4.8504],[149.92156,-22.19069,1.7438],[149.92823,-22.16009,0.0],[149.93002,-22.13445,8.2037],[149.92701,-22.12103,0.0],[149.91285,-22.10133,1.6391],[149.90968,-22.0866,0.0],[149.91033,-22.07513,0.0],[149.91651,-22.04192,0.0],[149.90382,-22.04957,0.0],[149.89357,-22.06113,19.8165],[149.88966,-22.07317,13.5369],[149.89601,-22.08294,19.0313],[149.88282,-22.09694,1.5265],[149.87403,-22.11858,64.2505],[149.8694,-22.14227,0.0],[149.86801,-22.16237,5.5022],[149.86988,-22.17555,5.9533],[149.87403,-22.1819,9.2187],[149.87892,-22.18621,4.8577],[149.88233,-22.1928,4.8487],[149.88136,-22.20379,4.4849],[149.87745,-22.21258,4.881],[149.87761,-22.21998,4.572],[149.88852,-22.22682,14.681],[149.9087,-22.2164,4.8504]]],
[[[149.87957,-22.00034,0.0],[149.88266,-21.99717,0.0],[149.88624,-21.9944,0.0],[149.88274,-21.98984,0.0],[149.87696,-21.98968,0.0],[149.8698,-21.99391,3.5745],[149.86557,-21.99879,0.0],[149.865,-22.0014,9.4211],[149.85841,-22.00286,3.7025],[149.84775,-22.00221,37.523],[149.8471,-22.01198,0.0],[149.85678,-22.01279,0.0],[149.86345,-22.01458,0.0],[149.87892,-22.00408,0.0],[149.87957,-22.00034,0.0]]],
[[[150.15048,-21.97161,9.8535],[150.15138,-21.97829,0.7712],[150.16293,-21.98602,5.7233],[150.16513,-21.99285,0.0],[150.16594,-21.9957,0.0],[150.16489,-22.00099,0.0],[150.16603,-22.00408,0.0],[150.18133,-21.99562,0.0],[150.17807,-21.98911,0.0],[150.17937,-21.98691,0.368],[150.18165,-21.98292,0.0],[150.18466,-21.98073,29.1308],[150.18458,-21.97918,51.4532],[150.18157,-21.97234,3.8037],[150.17384,-21.97316,0.2997],[150.17001,-21.97291,0.0],[150.16432,-21.97601,0.0],[150.15919,-21.97666,2.3801],[150.15048,-21.97161,9.8535]]],
[[[150.36891,-21.72674,0.0],[150.34108,-21.7409,0.0],[150.3296,-21.73447,0.0],[150.31772,-21.73406,0.0],[150.29322,-21.7409,0.0],[150.29322,-21.74774,0.0],[150.3274,-21.76881,17.225],[150.34278,-21.77174,0.0],[150.35174,-21.76067,0.0],[150.3589,-21.74293,0.0],[150.36891,-21.72674,0.0]]],
[[[150.30535,-21.65976,0.0],[150.28842,-21.64853,15.6929],[150.26531,-21.63844,0.0],[150.25164,-21.62363,0.0],[150.2461,-21.62363,0.0],[150.24757,-21.63812,57.149],[150.24879,-21.64422,67.12],[150.25164,-21.65154,7.2904],[150.24537,-21.65716,47.2252],[150.24195,-21.66351,24.4943],[150.24195,-21.67067,0.0],[150.2461,-21.67889,0.0],[150.25099,-21.67108,0.0],[150.2575,-21.66839,54.8232],[150.26482,-21.67067,79.2112],[150.27272,-21.67889,3.9634],[150.28045,-21.68328,0.0],[150.28614,-21.68426,0.0],[150.29054,-21.68108,0.0],[150.29322,-21.67205,0.0],[150.29664,-21.67409,0.0],[150.29762,-21.67539,0.0],[150.29811,-21.67669,0.0],[150.30006,-21.67889,0.0],[150.30535,-21.65976,0.0]]],
[[[149.80445,-21.60874,0.9943],[149.81861,-21.60849,0.0],[149.81219,-21.59783,0.0],[149.81406,-21.59157,12.1181],[149.80348,-21.59344,28.7016],[149.80226,-21.59808,81.8815],[149.79794,-21.5984,5.3757],[149.79298,-21.5984,0.0],[149.78614,-21.60508,39.5286],[149.78891,-21.60939,0.0],[149.79184,-21.60874,59.3127],[149.7942,-21.61525,1.1814],[149.80445,-21.60874,0.9943]]],
[[[149.68702,-21.33139,6.2557],[149.69085,-21.3292,14.1457],[149.69207,-21.32781,41.4133],[149.69459,-21.32456,3.2388],[149.69321,-21.31968,56.0417],[149.68995,-21.31194,17.4396],[149.67905,-21.30942,22.1031],[149.67709,-21.30136,22.3017],[149.66839,-21.31382,2.6274],[149.67416,-21.31585,10.0785],[149.67954,-21.32423,41.119],[149.68393,-21.33245,0.0],[149.68702,-21.33139,6.2557]]],
[[[149.90838,-21.02264,0.0],[149.91204,-21.0206,0.0],[149.91057,-21.01043,12.3435],[149.90919,-21.00644,14.3205],[149.8969,-21.00612,17.2279],[149.89877,-21.01662,6.6312],[149.89877,-21.02353,0.0],[149.90838,-21.02264,0.0]]],
[[[149.43491,-20.94248,0.0],[149.44394,-20.94199,0.0],[149.44768,-20.93711,0.0],[149.45525,-20.9306,0.0],[149.46111,-20.9227,0.0],[149.4603,-20.91709,39.9041],[149.45729,-20.91164,0.0],[149.4524,-20.90748,56.2479],[149.44516,-20.90472,0.0],[149.43881,-20.90561,31.9992],[149.43116,-20.90903,62.2891],[149.42636,-20.91383,1.5811],[149.42945,-20.91798,0.0],[149.43238,-20.93035,0.0],[149.4323,-20.93361,50.8002],[149.42954,-20.94232,14.7736],[149.431,-20.94638,0.0],[149.43491,-20.94248,0.0]]],
[[[149.40683,-20.9004,11.235],[149.40268,-20.90049,23.0517],[149.39194,-20.90431,21.0936],[149.38754,-20.90927,16.8061],[149.38876,-20.91139,0.0],[149.39218,-20.91066,0.0],[149.39454,-20.91334,0.0],[149.39422,-20.91782,6.3186],[149.39617,-20.9192,2.0535],[149.40146,-20.92108,0.0],[149.40732,-20.92474,0.0],[149.4144,-20.92238,1.2794],[149.41822,-20.92718,32.3665],[149.41953,-20.92344,101.8416],[149.41538,-20.90342,10.3216],[149.41277,-20.90081,31.3382],[149.40911,-20.90154,2.0487],[149.40683,-20.9004,11.235]]],
[[[149.62509,-20.86631,99.7579],[149.62167,-20.8602,169.6158],[149.61313,-20.85296,132.7253],[149.60589,-20.85076,86.2086],[149.60288,-20.85402,11.7058],[149.6032,-20.86134,0.0],[149.60108,-20.86655,0.0],[149.59238,-20.86614,0.0],[149.58945,-20.86443,0.4396],[149.58383,-20.86858,127.8471],[149.5879,-20.88136,0.0],[149.60076,-20.88624,16.7795],[149.61012,-20.88624,0.0],[149.61972,-20.88291,0.0],[149.62493,-20.87298,0.0],[149.62509,-20.86631,99.7579]]],
[[[149.28468,-20.81569,5.7854],[149.28216,-20.80608,1.1059],[149.27678,-20.80153,3.1264],[149.27068,-20.80055,0.7552],[149.25701,-20.80429,3.2852],[149.25286,-20.80804,0.8339],[149.25538,-20.8117,0.0],[149.26287,-20.81235,0.0],[149.26588,-20.81471,0.0],[149.26482,-20.82301,0.0],[149.26482,-20.82855,0.0],[149.27011,-20.82513,0.0],[149.27508,-20.81968,0.0],[149.27792,-20.81797,0.0],[149.28468,-20.82667,0.0],[149.28468,-20.81569,5.7854]]],
[[[149.30234,-20.79868,41.9256],[149.29859,-20.79103,0.0],[149.29542,-20.7859,58.3201],[149.28745,-20.77719,70.7011],[149.27402,-20.78729,0.0],[149.27589,-20.79778,0.0],[149.27906,-20.79957,0.0],[149.28769,-20.80291,33.7666],[149.2951,-20.80055,0.0],[149.29973,-20.80608,0.0],[149.30234,-20.79868,41.9256]]],
[[[149.47592,-20.74887,0.0],[149.48341,-20.74619,1.5916],[149.47804,-20.73626,4.731],[149.47153,-20.73317,20.9288],[149.46819,-20.7304,0.0],[149.46738,-20.73952,9.899],[149.47348,-20.7501,0.0],[149.47592,-20.74887,0.0]]],
[[[149.16489,-20.67669,22.412],[149.15838,-20.66774,131.477],[149.15073,-20.66595,29.5087],[149.15195,-20.67156,0.0],[149.14796,-20.67571,60.8831],[149.14609,-20.68467,4.6663],[149.14511,-20.69077,50.7673],[149.13958,-20.68947,48.6786],[149.13738,-20.69386,0.0],[149.13705,-20.69899,0.0],[149.14886,-20.69215,23.0453],[149.15577,-20.68776,0.0],[149.1561,-20.68377,69.8057],[149.16025,-20.68458,0.0],[149.16489,-20.67669,22.412]]],
[[[149.09262,-20.4861,104.2281],[149.11508,-20.47967,0.0],[149.10499,-20.46551,0.0],[149.0984,-20.45322,0.0],[149.09498,-20.43873,0.0],[149.09409,-20.41823,0.0],[149.08815,-20.4376,0.0],[149.08595,-20.45501,69.6432],[149.0818,-20.47226,281.545],[149.07057,-20.48992,15.0216],[149.06178,-20.4944,0.0],[149.04518,-20.49424,0.0],[149.0394,-20.50075,0.0],[149.03932,-20.50945,0.0],[149.04314,-20.51751,0.0],[149.04868,-20.52418,27.1566],[149.05307,-20.52809,0.0],[149.07211,-20.51621,0.0],[149.0818,-20.50018,0.0],[149.09262,-20.4861,104.2281]]],
[[[148.87941,-20.39804,0.0],[148.88429,-20.39137,0.0],[148.88502,-20.38616,0.0],[148.88128,-20.379,0.0],[148.88071,-20.3768,0.0],[148.87314,-20.36679,0.0],[148.86744,-20.35833,0.0],[148.86061,-20.34726,0.0],[148.86435,-20.32757,0.0],[148.86524,-20.31976,0.0],[148.86093,-20.31829,0.0],[148.85564,-20.32073,37.1159],[148.85727,-20.33489,0.0],[148.85361,-20.33742,0.0],[148.85662,-20.34124,0.0],[148.85613,-20.34629,0.0],[148.85499,-20.3515,4.92],[148.85499,-20.35784,69.2402],[148.85784,-20.365,197.3531],[148.85751,-20.36997,121.0961],[148.86134,-20.37493,199.2561],[148.85939,-20.37941,210.1494],[148.86362,-20.38909,47.3559],[148.87062,-20.39227,80.2724],[148.87159,-20.39593,0.0],[148.87501,-20.39853,0.0],[148.87941,-20.39804,0.0]]],
[[[148.83383,-20.25498,0.0],[148.82993,-20.25929,60.2148],[148.83066,-20.26548,18.6906],[148.83123,-20.26849,20.9783],[148.82944,-20.27052,22.9807],[148.82814,-20.27427,92.8008],[148.83253,-20.28607,0.0],[148.8388,-20.2811,10.3116],[148.84596,-20.27337,0.0],[148.84864,-20.26653,0.0],[148.85027,-20.25587,0.0],[148.84026,-20.26173,15.4339],[148.83383,-20.25498,0.0]]],
[[[149.04623,-20.27418,0.0],[149.02963,-20.24505,0.0],[149.02955,-20.23943,0.0],[149.01075,-20.23691,0.0],[149.00408,-20.22926,0.0],[149.00522,-20.20224,0.0],[149.00213,-20.1902,0.0],[148.98805,-20.1653,0.0],[148.98487,-20.15146,0.0],[148.96949,-20.16448,217.2415],[148.96315,-20.18662,170.2195],[148.95883,-20.21152,113.9155],[148.95004,-20.23268,6.8704],[148.96892,-20.23773,0.8344],[148.96404,-20.25058,110.5357],[148.93328,-20.2776,137.951],[148.92701,-20.28729,0.0],[148.93116,-20.29217,68.6172],[148.93995,-20.29388,107.2223],[148.94703,-20.29412,55.417],[148.95346,-20.29241,11.7206],[148.9712,-20.28102,47.7697],[148.9712,-20.32147,134.1598],[148.98064,-20.32383,0.0],[148.99106,-20.31512,0.0],[149.00375,-20.31162,0.0],[149.01889,-20.32887,0.0],[149.02613,-20.31927,0.0],[149.0394,-20.28729,25.9678],[149.05226,-20.30348,0.0],[149.05909,-20.30967,0.0],[149.06739,-20.3152,0.0],[149.07342,-20.29998,14.5129],[149.06715,-20.28924,0.0],[149.04623,-20.27418,0.0]]],
[[[148.98024,-20.0569,0.0],[148.96372,-20.0416,0.0],[148.95883,-20.05202,0.0],[148.95444,-20.05885,0.0],[148.94801,-20.06373,0.0],[148.93702,-20.06878,0.0],[148.93067,-20.06797,0.0],[148.92612,-20.06292,0.0],[148.92018,-20.0608,0.0],[148.90903,-20.06878,0.0],[148.9065,-20.07537,30.2884],[148.90854,-20.08164,233.6246],[148.91277,-20.0866,34.5036],[148.91586,-20.08929,158.2167],[148.88795,-20.12184,128.1687],[148.88185,-20.13763,0.0],[148.88429,-20.14691,0.0],[148.88844,-20.15439,77.1828],[148.89438,-20.16025,13.4031],[148.90219,-20.16497,0.0],[148.90903,-20.15146,33.137],[148.91391,-20.15154,103.8506],[148.91489,-20.1535,120.3145],[148.91481,-20.15586,119.4912],[148.91586,-20.15748,53.212],[148.92213,-20.15276,0.0],[148.92514,-20.15146,0.0],[148.92709,-20.15789,0.0],[148.92335,-20.17864,0.0],[148.95297,-20.15049,0.0],[148.95753,-20.14381,0.0],[148.95607,-20.13421,0.0],[148.9463,-20.12029,0.0],[148.94386,-20.11346,0.0],[148.95346,-20.09686,81.4712],[148.9712,-20.07676,0.0],[148.98024,-20.0569,0.0]]],
[[[149.69207,-20.02736,0.0],[149.69011,-20.02825,0.0],[149.69117,-20.02972,0.0],[149.69125,-20.02972,0.0],[149.69166,-20.03021,0.0],[149.69288,-20.02964,0.0],[149.69256,-20.02785,0.0],[149.69223,-20.02809,0.0],[149.69207,-20.02736,0.0]]],
[[[148.47731,-20.02711,0.0],[148.48097,-20.00457,0.0],[148.47429,-19.98309,0.0],[148.45045,-19.96575,0.0],[148.44418,-19.98626,76.8977],[148.44939,-19.99619,292.9347],[148.45102,-20.01035,221.0376],[148.45045,-20.0416,17.1626],[148.45623,-20.04258,69.4409],[148.46095,-20.04241,263.6737],[148.46534,-20.04339,243.9453],[148.47023,-20.04762,151.1098],[148.47731,-20.02711,0.0]]],
[[[146.87281,-19.10735,0.0],[146.86866,-19.10231,0.0],[146.86394,-19.10516,16.1668],[146.8602,-19.11598,0.0],[146.84409,-19.11028,0.0],[146.83774,-19.10703,0.0],[146.83286,-19.10231,0.0],[146.82244,-19.11647,124.8062],[146.81088,-19.11842,91.0653],[146.79835,-19.11745,150.2896],[146.785,-19.12282,5.5886],[146.78028,-19.13201,0.0],[146.78549,-19.14072,0.0],[146.79371,-19.15065,0.0],[146.79868,-19.16383,0.0],[146.82008,-19.17506,0.0],[146.85646,-19.1513,130.4162],[146.86704,-19.16383,0.0],[146.87135,-19.15358,7.8244],[146.87371,-19.143,0.0],[146.87452,-19.1194,31.4071],[146.87281,-19.10735,0.0]]],
[[[146.63413,-18.7365,1.8712],[146.62233,-18.71592,80.3754],[146.61118,-18.70322,17.5676],[146.60133,-18.69842,0.0],[146.5923,-18.68971,22.5773],[146.58131,-18.68222,0.0],[146.57667,-18.68808,0.0],[146.58204,-18.70338,0.0],[146.58277,-18.71771,5.2472],[146.57057,-18.74521,0.0],[146.57016,-18.76084,33.2342],[146.58286,-18.76474,0.0],[146.60279,-18.7619,0.0],[146.61695,-18.7623,9.9592],[146.62501,-18.76344,0.0],[146.63754,-18.76816,20.381],[146.65447,-18.7702,156.6984],[146.6631,-18.76816,52.5004],[146.674,-18.76434,0.0],[146.68426,-18.75205,154.4887],[146.68344,-18.74358,114.5728],[146.65113,-18.74578,0.0],[146.63413,-18.7365,1.8712]]],
[[[146.23536,-18.22324,64.8986],[146.2295,-18.19801,66.5883],[146.21892,-18.22918,0.0],[146.2234,-18.26084,0.0],[146.21746,-18.27793,0.0],[146.17506,-18.26629,18.3743],[146.12184,-18.24554,122.1977],[146.09734,-18.24521,243.277],[146.09303,-18.26629,109.8059],[146.09889,-18.27809,13.0135],[146.10825,-18.28924,10.3088],[146.12037,-18.29925,5.705],[146.16261,-18.32529,2.6018],[146.17237,-18.33473,7.1209],[146.19923,-18.37526,3.9913],[146.20509,-18.39031,4.046],[146.21461,-18.44183,51.4988],[146.2234,-18.46551,3.7855],[146.23951,-18.47487,70.5259],[146.2754,-18.48317,5.9808],[146.29168,-18.49285,0.0],[146.3108,-18.47869,13.638],[146.32032,-18.46478,9.5035],[146.33326,-18.43141,50.458],[146.33872,-18.42799,85.3289],[146.34702,-18.4262,58.8255],[146.35328,-18.42164,0.0],[146.35304,-18.41033,0.0],[146.34742,-18.40439,0.0],[146.32594,-18.39137,0.0],[146.31902,-18.38299,5.5683],[146.32984,-18.38356,5.6056],[146.3379,-18.3803,7.6307],[146.34156,-18.37314,0.0],[146.33937,-18.36191,0.0],[146.33399,-18.3576,0.0],[146.31642,-18.35589,0.0],[146.30877,-18.35198,0.0],[146.28419,-18.32285,0.0],[146.27833,-18.30739,0.0],[146.27809,-18.28737,10.0824],[146.2859,-18.26824,9.7018],[146.2977,-18.25042,0.0],[146.30209,-18.23724,0.0],[146.28826,-18.23211,0.0],[146.24855,-18.2326,0.0],[146.23536,-18.22324,64.8986]]],
[[[146.17595,-18.17889,86.1787],[146.18678,-18.17173,33.227],[146.1823,-18.16253,68.906],[146.17156,-18.15569,37.2602],[146.16456,-18.15203,32.971],[146.15992,-18.1539,0.0],[146.15341,-18.16766,0.0],[146.15463,-18.17075,0.0],[146.15024,-18.1775,0.0],[146.16147,-18.1819,0.0],[146.17595,-18.17889,86.1787]]],
[[[146.17115,-17.96282,22.9541],[146.16887,-17.94834,152.5264],[146.15341,-17.93458,92.1304],[146.1447,-17.9271,6.1127],[146.13901,-17.93304,0.0],[146.13665,-17.94101,0.0],[146.14357,-17.94915,0.0],[146.14967,-17.95517,0.0],[146.16179,-17.95664,0.0],[146.17197,-17.97072,0.0],[146.17115,-17.96282,22.9541]]],
[[[139.56935,-17.10036,0.0],[139.57586,-17.08082,0.0],[139.57032,-17.0748,0.0],[139.55983,-17.06618,0.0],[139.55405,-17.05446,0.0],[139.56219,-17.03924,0.0],[139.54884,-17.02256,0.0],[139.50856,-16.99277,0.0],[139.49391,-16.98512,1.0455],[139.49464,-17.00107,0.0],[139.48951,-17.01043,0.0],[139.47283,-17.02557,1.1515],[139.44923,-17.06341,2.9194],[139.42742,-17.08034,2.0497],[139.40968,-17.08856,3.8186],[139.40398,-17.10068,0.9727],[139.41822,-17.12916,0.0],[139.42091,-17.13275,0.0],[139.42351,-17.13519,0.0],[139.42506,-17.13812,0.0],[139.42506,-17.14284,0.0],[139.43238,-17.14284,0.0],[139.43393,-17.12151,0.0],[139.44557,-17.10752,0.0],[139.46266,-17.10076,0.0],[139.48024,-17.10125,6.1043],[139.4817,-17.10442,6.3878],[139.48243,-17.11061,3.2597],[139.48536,-17.11728,2.4366],[139.49391,-17.12176,0.0],[139.50538,-17.12184,0.0],[139.51092,-17.11745,3.0588],[139.5145,-17.11191,1.2522],[139.52068,-17.10809,0.0],[139.55454,-17.10711,0.0],[139.56935,-17.10036,0.0]]],
[[[146.00188,-16.93564,39.1406],[146.00327,-16.92718,23.2725],[145.99586,-16.92441,26.752],[145.98707,-16.92978,0.0],[145.98089,-16.93434,0.0],[145.98902,-16.94549,0.0],[146.00188,-16.93564,39.1406]]],
[[[139.11394,-16.85735,0.0],[139.11647,-16.84466,0.0],[139.12192,-16.83636,0.0],[139.14845,-16.83465,0.0],[139.15805,-16.82757,0.0],[139.15504,-16.81292,0.0],[139.13331,-16.81292,0.8897],[139.1067,-16.82025,7.4419],[139.0892,-16.82757,0.0],[139.09547,-16.83001,1.5157],[139.09669,-16.83424,1.0765],[139.09604,-16.84026,5.685],[139.09669,-16.84808,0.0],[139.10108,-16.85947,0.0],[139.10768,-16.86248,0.0],[139.11394,-16.85735,0.0]]],
[[[139.69728,-16.44769,0.0],[139.69939,-16.44329,0.0],[139.66041,-16.44183,0.0],[139.64405,-16.43776,0.0],[139.63054,-16.42978,2.0347],[139.6198,-16.41668,0.0],[139.61329,-16.40586,0.0],[139.60377,-16.39837,0.0],[139.58269,-16.3956,0.0],[139.54607,-16.40228,6.115],[139.48756,-16.43353,18.7457],[139.37306,-16.4577,8.6039],[139.32944,-16.45761,0.0],[139.30828,-16.4612,0.0],[139.28785,-16.47064,0.0],[139.27849,-16.48024,0.0],[139.25831,-16.50693,16.7906],[139.25025,-16.5123,26.0232],[139.23943,-16.51377,0.0],[139.22934,-16.51824,0.0],[139.22185,-16.52557,0.0],[139.21892,-16.53582,3.9874],[139.21616,-16.55657,3.6102],[139.20875,-16.56911,0.0],[139.18483,-16.58733,0.0],[139.17262,-16.60036,6.3503],[139.16432,-16.61631,19.7298],[139.15952,-16.63567,16.8452],[139.15805,-16.65895,0.0],[139.15504,-16.6723,0.0],[139.14829,-16.68222,0.0],[139.14129,-16.6902,0.0],[139.13697,-16.6972,0.0],[139.13673,-16.70721,0.0],[139.14226,-16.72731,0.0],[139.14487,-16.75604,0.0],[139.15301,-16.75595,0.0],[139.16326,-16.74529,0.4346],[139.17115,-16.73138,1.3068],[139.18198,-16.73268,1.029],[139.18588,-16.7116,0.6132],[139.18426,-16.6832,6.2494],[139.17799,-16.66237,11.1007],[139.19011,-16.67164,0.0],[139.22023,-16.70989,4.3855],[139.22633,-16.72112,5.3207],[139.23756,-16.72487,10.0209],[139.30209,-16.72454,7.7732],[139.31861,-16.71754,8.3768],[139.34132,-16.70062,0.0],[139.35971,-16.6972,0.0],[139.37184,-16.68865,0.0],[139.38551,-16.65097,0.0],[139.39772,-16.64202,0.0],[139.40968,-16.64617,9.1741],[139.42506,-16.66546,10.6655],[139.43556,-16.66985,12.9227],[139.44467,-16.66465,6.5224],[139.45387,-16.65293,0.0],[139.45875,-16.64105,0.0],[139.45533,-16.63584,0.0],[139.45623,-16.63242,0.7403],[139.4686,-16.61541,10.2983],[139.47283,-16.60784,4.0882],[139.47267,-16.59791,0.2591],[139.46656,-16.56699,2.6517],[139.47364,-16.55739,9.685],[139.48292,-16.55364,9.3933],[139.49317,-16.5556,11.0606],[139.50408,-16.56357,9.5196],[139.51539,-16.56585,0.0],[139.52467,-16.5569,0.0],[139.52687,-16.54534,0.0],[139.51783,-16.53965,0.0],[139.50685,-16.53867,0.0],[139.4944,-16.53509,0.0],[139.48585,-16.52842,0.0],[139.48707,-16.51784,10.507],[139.49415,-16.51474,14.2215],[139.51905,-16.51377,10.8823],[139.52809,-16.5123,7.4266],[139.54566,-16.49212,0.0],[139.54851,-16.48773,1.2028],[139.5525,-16.48333,2.482],[139.56129,-16.48748,7.1544],[139.56983,-16.4944,10.478],[139.57276,-16.49798,3.673],[139.58033,-16.5053,6.0895],[139.60043,-16.54046,8.2025],[139.61052,-16.55316,0.0],[139.61997,-16.53786,7.2743],[139.63608,-16.52663,11.0368],[139.6565,-16.51995,0.0],[139.67823,-16.51784,7.658],[139.69728,-16.52451,1.2317],[139.70769,-16.52646,6.2723],[139.71225,-16.52191,0.0],[139.71022,-16.51198,0.0],[139.70729,-16.50384,0.0],[139.70867,-16.49538,0.0],[139.71909,-16.48431,17.6203],[139.72242,-16.48984,7.5497],[139.73097,-16.5001,5.4486],[139.73414,-16.50547,0.0],[139.73732,-16.49245,0.0],[139.74,-16.47332,0.0],[139.73951,-16.45469,0.0],[139.73414,-16.44329,0.0],[139.72316,-16.44451,0.0],[139.71795,-16.4577,11.4581],[139.71013,-16.46885,1.3445],[139.69191,-16.4638,0.0],[139.69386,-16.45941,0.0],[139.69728,-16.44769,0.0]]],
[[[145.46689,-14.68434,0.0],[145.46974,-14.67986,0.0],[145.47218,-14.67091,173.2621],[145.47014,-14.6622,34.5777],[145.45924,-14.65163,40.3761],[145.45248,-14.64853,53.9607],[145.44679,-14.64927,0.0],[145.44508,-14.65301,0.0],[145.44646,-14.6583,0.0],[145.44451,-14.66448,0.0],[145.44044,-14.67083,0.0],[145.44272,-14.67742,0.0],[145.44907,-14.68141,0.5266],[145.46209,-14.6841,0.0],[145.46534,-14.68589,0.0],[145.46689,-14.68434,0.0]]],
[[[144.96957,-14.4966,2.2373],[144.96298,-14.50001,3.7236],[144.96005,-14.49879,2.1254],[144.95574,-14.49887,0.6829],[144.95419,-14.50571,0.0],[144.96298,-14.50872,0.0],[144.97372,-14.51116,0.0],[144.97682,-14.51377,0.0],[144.98243,-14.51434,0.0],[144.96957,-14.4966,2.2373]]],
[[[144.27589,-14.19834,4.8523],[144.27744,-14.1924,33.3384],[144.27483,-14.17986,111.6529],[144.26555,-14.16644,80.2615],[144.25416,-14.16147,2.5246],[144.24716,-14.16367,0.0],[144.24269,-14.17181,0.0],[144.23243,-14.17824,32.7394],[144.23666,-14.18825,22.5433],[144.25359,-14.1959,0.0],[144.27231,-14.19931,0.0],[144.27589,-14.19834,4.8523]]],
[[[144.20688,-14.18222,0.0],[144.21534,-14.17116,21.9954],[144.22462,-14.16408,65.3809],[144.22926,-14.16237,43.9174],[144.23585,-14.15683,33.9384],[144.24659,-14.15081,57.1568],[144.2579,-14.15049,9.6632],[144.26067,-14.14731,138.6338],[144.25172,-14.14398,0.0],[144.24073,-14.14292,8.4868],[144.23552,-14.13966,3.825],[144.23243,-14.13559,46.6726],[144.22853,-14.13209,0.0],[144.22454,-14.13291,0.0],[144.22112,-14.13983,0.0],[144.2212,-14.15423,0.0],[144.20631,-14.17376,0.0],[144.20444,-14.17921,0.0],[144.20476,-14.18296,0.0],[144.20688,-14.18222,0.0]]],
[[[144.53199,-14.12225,3.4301],[144.52394,-14.11321,0.0],[144.50831,-14.12257,0.0],[144.52394,-14.1325,0.0],[144.53199,-14.12225,3.4301]]],
[[[143.40838,-12.28558,0.0],[143.40358,-12.28769,7.3646],[143.40333,-12.29404,0.0],[143.4096,-12.29437,0.0],[143.40838,-12.28558,0.0]]],
[[[143.27304,-11.99253,0.0],[143.26857,-11.98024,5.6552],[143.25888,-11.97698,0.0],[143.25978,-11.98414,0.0],[143.26262,-11.99009,0.0],[143.26694,-11.9935,0.0],[143.27304,-11.99253,0.0]]],
[[[143.47356,-11.92596,0.0],[143.47543,-11.92075,0.0],[143.47202,-11.91489,0.0],[143.46892,-11.91432,0.0],[143.46892,-11.92807,0.0],[143.47356,-11.92596,0.0]]],
[[[144.01694,-11.59767,0.0],[144.0158,-11.60093,0.0],[144.01946,-11.60166,0.0],[144.01694,-11.59767,0.0]]],
[[[143.85987,-11.58148,0.0],[143.85792,-11.58237,0.0],[143.85898,-11.58392,0.0],[143.85906,-11.58384,0.0],[143.85947,-11.58441,0.0],[143.86069,-11.58375,0.0],[143.86036,-11.58205,0.0],[143.85996,-11.58221,0.0],[143.85987,-11.58148,0.0]]],
[[[142.54957,-10.70818,0.0],[142.54835,-10.70322,0.0],[142.54957,-10.69638,0.0],[142.55006,-10.6902,0.0],[142.54615,-10.68768,0.0],[142.54029,-10.68873,0.0],[142.53728,-10.69109,0.0],[142.53533,-10.69345,14.7903],[142.53248,-10.69451,15.139],[142.52687,-10.69769,5.8654],[142.51059,-10.71185,2.4997],[142.50514,-10.71502,2.1858],[142.46323,-10.7112,0.0],[142.44858,-10.71453,0.0],[142.43409,-10.72812,12.2368],[142.42498,-10.74505,10.6009],[142.40895,-10.79176,7.4058],[142.4061,-10.8069,10.8888],[142.40113,-10.82041,11.2527],[142.36451,-10.85849,5.511],[142.34034,-10.89023,35.7443],[142.32342,-10.90163,5.8574],[142.29998,-10.90618,0.0],[142.27955,-10.9074,0.0],[142.25766,-10.91123,0.0],[142.23902,-10.91774,13.142],[142.22804,-10.92734,8.2164],[142.2212,-10.91985,0.0],[142.17457,-10.93011,1.8474],[142.15105,-10.95062,10.6987],[142.14536,-10.98309,8.4603],[142.15805,-11.06666,0.5],[142.15935,-11.15114,3.3062],[142.15235,-11.18743,2.6443],[142.13819,-11.22096,39.8019],[142.13347,-11.23675,12.0167],[142.13185,-11.2597,11.7708],[142.13413,-11.31561,22.2546],[142.13185,-11.33815,8.9327],[142.01051,-11.70517,2.823],[142.0066,-11.72926,9.5312],[142.01173,-11.74603,7.8308],[142.01002,-11.75799,0.0],[141.9673,-11.81121,6.9449],[141.9476,-11.89617,0.0],[141.94418,-11.94411,9.6518],[141.95297,-11.97568,8.3908],[141.9603,-11.9791,0.0],[141.969,-11.97829,10.0935],[141.97926,-11.97877,2.1221],[141.99155,-11.98594,2.3092],[141.99708,-11.99432,2.4418],[142.01173,-12.02353,2.2093],[142.03004,-12.02858,11.7358],[142.03297,-12.04119,0.0],[142.02198,-12.07187,10.5893],[141.97576,-12.04144,0.0],[141.96388,-12.03777,0.0],[141.95216,-12.04608,0.0],[141.91961,-12.10605,6.8963],[141.91969,-12.08554,0.0],[141.91635,-12.06609,0.0],[141.89894,-12.00742,0.0],[141.8982,-11.99098,0.0],[141.90309,-11.97536,0.0],[141.91334,-11.95452,0.0],[141.87135,-11.96624,5.2999],[141.83123,-12.00595,0.0],[141.80104,-12.05511,0.0],[141.78492,-12.11566,12.166],[141.76612,-12.15342,2.2169],[141.75514,-12.195,3.1519],[141.75343,-12.2081,8.0041],[141.75856,-12.21893,7.7411],[141.76629,-12.22096,10.1458],[141.77345,-12.216,9.3414],[141.77931,-12.2081,8.0558],[141.78297,-12.20159,7.4939],[141.78924,-12.20159,5.3525],[141.78875,-12.2138,2.0783],[141.79233,-12.22381,4.0653],[141.79957,-12.23122,11.2569],[141.80974,-12.23626,5.3739],[141.79908,-12.23895,0.5],[141.78924,-12.24261,0.125],[141.77076,-12.24326,10.117],[141.73243,-12.22918,2.359],[141.71713,-12.23284,0.0],[141.70826,-12.2483,0.0],[141.69361,-12.31146,3.4142],[141.59474,-12.52606,0.0],[141.59059,-12.54079,0.0],[141.59995,-12.56194,10.6747],[141.62184,-12.56211,18.1188],[141.6657,-12.5442,5.1462],[141.68873,-12.54681,10.9194],[141.69996,-12.54437,0.0],[141.69663,-12.53395,0.9906],[141.68686,-12.52907,0.0],[141.66358,-12.52825,2.223],[141.65895,-12.52711,0.5],[141.6609,-12.46592,0.0],[141.65895,-12.44793,6.1191],[141.66236,-12.44606,8.593],[141.66358,-12.44622,8.593],[141.66407,-12.44549,8.593],[141.6657,-12.44109,1.7114],[141.68377,-12.45428,3.4675],[141.69996,-12.4577,6.2777],[141.7448,-12.45477,13.0405],[141.75115,-12.46111,10.8387],[141.73422,-12.47552,0.0],[141.69361,-12.50319,0.0],[141.73634,-12.51605,3.2833],[141.74822,-12.5237,7.4659],[141.75782,-12.53558,3.7699],[141.77174,-12.56015,6.3312],[141.78297,-12.57147,3.4579],[141.79762,-12.58001,13.3758],[141.81137,-12.58408,4.9917],[141.83758,-12.58514,11.5315],[141.87029,-12.57969,9.7357],[141.88551,-12.57887,8.9144],[141.8991,-12.58514,8.9807],[141.91774,-12.56569,25.3469],[141.93092,-12.56561,0.5],[141.94703,-12.57529,0.0],[141.97413,-12.58514,9.9503],[141.95045,-12.58375,0.0],[141.938,-12.58465,0.0],[141.92945,-12.58856,0.0],[141.91896,-12.59645,0.0],[141.89763,-12.60345,0.0],[141.8742,-12.62005,0.0],[141.83692,-12.64007,0.0],[141.82325,-12.65407,0.0],[141.8318,-12.65781,4.0626],[141.88152,-12.6723,5.1582],[141.89145,-12.68288,13.1539],[141.90528,-12.70184,0.0],[141.9253,-12.71006,11.1134],[141.95265,-12.71502,22.4039],[141.98227,-12.71673,6.1185],[142.00831,-12.71494,7.0002],[141.98902,-12.73024,0.0],[141.90528,-12.75709,3.6691],[141.91391,-12.7706,9.2219],[141.9214,-12.81243,7.3835],[141.938,-12.84743,10.1488],[141.93922,-12.86932,1.7196],[141.938,-12.89088,3.472],[141.93873,-12.90846,3.5934],[141.91131,-12.85996,7.6751],[141.90211,-12.85272,5.3246],[141.89405,-12.84336,7.1512],[141.8921,-12.82147,0.0],[141.89283,-12.77752,16.3507],[141.88209,-12.71803,0.0],[141.86891,-12.70037,0.0],[141.85336,-12.68475,0.0],[141.83595,-12.67946,0.0],[141.82325,-12.70184,13.5287],[141.81715,-12.70184,1.0],[141.82203,-12.67799,7.6142],[141.82008,-12.66644,0.0],[141.80974,-12.66766,0.0],[141.80128,-12.67799,0.0],[141.79542,-12.69354,0.0],[141.78924,-12.72291,0.0],[141.76539,-12.78541,0.0],[141.76197,-12.8012,0.0],[141.75473,-12.81845,0.0],[141.73748,-12.84246,0.0],[141.71608,-12.86395,0.0],[141.6797,-12.88226,0.0],[141.66139,-12.89902,0.0],[141.64454,-12.90797,0.0],[141.63152,-12.89365,0.0],[141.6277,-12.9109,0.0],[141.61744,-12.92816,0.0],[141.60548,-12.94345,0.0],[141.58546,-12.97747,0.0],[141.58375,-12.98577,0.0],[141.58692,-12.99489,13.3575],[141.594,-13.00018,20.0574],[141.60092,-13.00351,20.9881],[141.60426,-13.00661,21.8719],[141.61573,-13.049,0.0],[141.62062,-13.11858,0.0],[141.62469,-13.13388,5.0303],[141.636,-13.16009,5.3523],[141.64332,-13.17156,0.0],[141.65211,-13.18157,16.58],[141.65553,-13.18727,12.3919],[141.65854,-13.19411,10.5813],[141.66245,-13.1998,15.7046],[141.67547,-13.20428,24.4354],[141.681,-13.20957,24.5233],[141.68507,-13.21526,24.1188],[141.68678,-13.2195,20.9579],[141.68816,-13.22942,19.0397],[141.69337,-13.24131,17.0545],[141.69361,-13.25058,3.8993],[141.69077,-13.25986,0.0],[141.68133,-13.27923,0.0],[141.67937,-13.28777,0.0],[141.674,-13.30169,0.0],[141.66456,-13.31439,0.0],[141.66098,-13.32838,0.0],[141.67311,-13.34612,2.5968],[141.66456,-13.35084,0.0],[141.65414,-13.35312,0.9508],[141.64291,-13.35174,0.0],[141.63152,-13.34612,0.0],[141.62566,-13.36924,0.0],[141.59962,-13.43857,0.0],[141.58985,-13.45469,0.0],[141.55983,-13.49196,0.0],[141.55584,-13.50066,3.2502],[141.55047,-13.52402,1.0],[141.52703,-13.57138,9.5434],[141.47413,-13.7763,0.0],[141.46778,-13.86549,0.0],[141.48504,-13.9485,7.1185],[141.53541,-14.01775,5.3689],[141.56227,-14.04453,4.6499],[141.58399,-14.0761,1.7993],[141.59848,-14.11452,2.9233],[141.60426,-14.16107,1.8398],[141.60108,-14.20428,5.1508],[141.59205,-14.24529,0.0],[141.53338,-14.40016,0.0],[141.5232,-14.44069,0.0],[141.52166,-14.48382,0.0],[141.52613,-14.50368,0.0],[141.53981,-14.53981,0.2725],[141.54282,-14.55584,0.0],[141.54591,-14.62005,0.0],[141.60426,-14.8777,5.7646],[141.61183,-14.8956,3.6817],[141.63722,-14.92718,5.8027],[141.63152,-14.93629,2.6149],[141.63152,-14.94256,1.9797],[141.64373,-14.95501,1.9045],[141.65406,-14.97112,3.6813],[141.66163,-14.99033,1.2353],[141.6657,-15.01141,2.6239],[141.66326,-15.03387,0.906],[141.65691,-15.05527,1.314],[141.65333,-15.07537,1.3496],[141.65895,-15.09393,4.8997],[141.636,-15.09368,0.0],[141.63258,-15.10654,5.0702],[141.63738,-15.12477,1.7128],[141.63901,-15.14121,1.7463],[141.6268,-15.157,0.0],[141.60939,-15.16872,0.0],[141.59799,-15.18231,0.0],[141.60426,-15.20322,0.8201],[141.5892,-15.20582,3.8517],[141.5809,-15.21868,2.7276],[141.57765,-15.2365,0.0],[141.57521,-15.27166,4.5122],[141.57057,-15.28729,0.9002],[141.48707,-15.47894,0.0],[141.43971,-15.64886,0.0],[141.4065,-15.85133,0.0],[141.40553,-15.89186,6.5892],[141.4017,-15.90358,5.3193],[141.3838,-15.91766,4.3733],[141.3777,-15.92938,0.0],[141.37875,-15.93792,0.0],[141.41293,-16.04176,0.0],[141.43116,-16.06178,3.6366],[141.42482,-16.08172,0.0],[141.36931,-16.17913,0.0],[141.36207,-16.20029,0.0],[141.35279,-16.21526,0.0],[141.34978,-16.2243,1.4249],[141.34978,-16.26523,2.1023],[141.34425,-16.28346,2.1104],[141.32732,-16.32366,2.7678],[141.32374,-16.34401,1.541],[141.31861,-16.36028,1.2267],[141.29566,-16.38877,0.0],[141.28956,-16.40244,1.0154],[141.28842,-16.42051,1.7102],[141.29127,-16.43157,0.0],[141.29949,-16.43646,1.9161],[141.30397,-16.44199,1.5907],[141.30226,-16.45428,0.0],[141.29623,-16.47438,0.0],[141.29265,-16.49554,0.0],[141.2837,-16.51873,0.1755],[141.26157,-16.56015,1.0175],[141.2448,-16.55608,0.0],[141.23422,-16.57301,0.0],[141.22413,-16.63926,0.4375],[141.20965,-16.67205,0.0],[141.20639,-16.68694,1.6037],[141.19947,-16.70306,5.8609],[141.14552,-16.75872,0.0],[141.12428,-16.78729,3.078],[141.11769,-16.79339,3.6241],[141.11004,-16.79534,3.9032],[141.09034,-16.79713,0.0],[141.08351,-16.80023,0.0],[141.05055,-16.88763,0.0],[140.95623,-17.00205,0.0],[140.94703,-17.01832,0.0],[140.94939,-17.0372,2.8139],[140.95607,-17.05657,2.3973],[140.95997,-17.07399,2.5084],[140.94899,-17.13885,0.3105],[140.94313,-17.15252,0.0],[140.93824,-17.16074,0.0],[140.93263,-17.19069,2.6501],[140.9109,-17.21526,0.0],[140.90463,-17.22479,0.0],[140.89454,-17.26214,0.0],[140.88307,-17.34645,0.0],[140.85629,-17.41985,1.8037],[140.84523,-17.44118,5.1048],[140.83326,-17.45078,3.9359],[140.813,-17.45306,0.0],[140.78932,-17.45924,0.0],[140.76832,-17.46803,0.0],[140.75514,-17.47812,0.0],[140.74708,-17.49505,0.0],[140.74334,-17.50799,2.2052],[140.73414,-17.51621,0.0],[140.68898,-17.52288,0.0],[140.67384,-17.53289,0.148],[140.6447,-17.56064,1.6421],[140.6159,-17.57724,0.0],[140.60743,-17.58457,0.0],[140.59791,-17.59026,0.0],[140.57537,-17.59344,0.0],[140.56617,-17.59783,0.0],[140.53858,-17.6207,1.1676],[140.5232,-17.6303,1.8632],[140.5075,-17.63633,1.5867],[140.46266,-17.63828,0.0],[140.44142,-17.64178,0.0],[140.43238,-17.65309,1.4511],[140.42408,-17.66058,1.2974],[140.40431,-17.6679,0.0],[140.24049,-17.70208,1.4239],[140.11744,-17.71559,0.0],[139.99952,-17.70615,0.0],[139.99049,-17.70086,0.0],[139.95444,-17.66863,0.0],[139.93336,-17.63201,1.9578],[139.9253,-17.62135,0.0],[139.83172,-17.58953,4.5619],[139.81967,-17.57838,1.0198],[139.8047,-17.56854,0.0],[139.78126,-17.56683,0.2301],[139.69654,-17.54315,0.0],[139.66863,-17.54013,0.0],[139.64096,-17.5324,0.6418],[139.61793,-17.51393,0.2009],[139.57586,-17.47129,0.0],[139.53159,-17.44085,2.6856],[139.51783,-17.42685,0.0],[139.5088,-17.42002,0.0],[139.47283,-17.40301,1.0196],[139.4489,-17.38177,0.0],[139.43865,-17.37566,0.0],[139.40162,-17.36639,0.0],[139.3143,-17.35914,0.0],[139.27418,-17.34832,1.3367],[139.23992,-17.32342,1.1993],[139.20948,-17.28607,0.0],[139.16432,-17.20371,3.1694],[139.15252,-17.16855,1.6252],[139.14161,-17.11688,3.3768],[139.14064,-17.06618,5.3698],[139.15805,-17.03297,0.0],[139.09344,-17.00221,0.0],[139.06219,-16.97763,1.6282],[139.03728,-16.91562,5.7781],[139.00831,-16.89544,0.0],[138.97136,-16.8847,0.0],[138.86964,-16.87802,1.0694],[138.84034,-16.87086,2.0724],[138.80445,-16.85101,4.3323],[138.75343,-16.84124,4.3493],[138.73829,-16.83424,6.1557],[138.71022,-16.81732,2.3416],[138.69508,-16.8139,3.3968],[138.68442,-16.80885,0.1804],[138.65724,-16.77972,0.0],[138.64796,-16.77801,3.287],[138.54469,-16.77899,0.0],[138.49269,-16.79437,3.2047],[138.44654,-16.77955,1.1242],[138.40309,-16.75726,0.0],[138.37322,-16.7457,1.1416],[138.31186,-16.74961,3.0942],[138.29412,-16.7457,5.1333],[138.28956,-16.74147,6.4019],[138.27768,-16.72763,2.6623],[138.27084,-16.72454,3.1551],[138.26205,-16.72373,4.9281],[138.23715,-16.71844,7.4335],[138.21998,-16.70989,5.9932],[138.18426,-16.6972,7.5183],[138.15349,-16.67685,7.7274],[138.10206,-16.63397,0.0],[138.06153,-16.61273,8.4706],[138.00082,-16.54209,0.0],[138.00019,-16.54161,0.0],[138.00019,-16.55444,9.7187],[138.00019,-16.84957,19.0429],[138.00019,-17.14479,109.1884],[138.00019,-17.43997,98.0874],[138.00019,-17.73514,168.8337],[138.00019,-18.03027,159.1219],[138.00019,-18.3255,242.0535],[138.00019,-18.62072,208.5862],[138.00019,-18.91585,252.3442],[138.00019,-19.21097,259.9371],[138.00019,-19.5062,262.4142],[138.00019,-19.80143,240.3498],[138.00019,-20.09655,229.8357],[138.00019,-20.39167,209.6748],[138.00019,-20.6868,204.6283],[138.00019,-20.98197,195.3036],[138.00019,-21.27715,190.6044],[138.00019,-21.57238,184.9587],[138.00019,-21.8675,235.9538],[138.00019,-22.16268,178.2895],[138.00019,-22.4578,188.0452],[138.00019,-22.75293,231.4571],[138.00019,-23.04815,253.6958],[138.00019,-23.34338,173.3956],[138.00019,-23.63851,154.0265],[138.00019,-23.93363,117.3573],[138.00019,-24.22886,104.7652],[138.00019,-24.52408,89.5641],[138.00019,-24.81921,79.094],[138.00019,-25.11433,62.3834],[138.00019,-25.40956,49.9469],[138.00019,-25.70479,39.0515],[138.00019,-25.99991,18.253],[138.37505,-25.99991,29.9907],[138.75006,-25.99991,41.8163],[139.12498,-25.99991,36.8042],[139.49994,-25.99991,40.5588],[139.8748,-25.99991,62.067],[140.24977,-25.99991,69.2761],[140.62473,-25.99991,101.0126],[140.99964,-25.99991,89.9974],[140.99975,-25.99991,89.8284],[140.9998,-25.99991,89.8284],[140.9999,-25.99991,89.8284],[140.99995,-25.99991,89.8284],[141.0,-25.99991,89.8284],[141.00011,-25.99991,89.8284],[141.00011,-26.37498,149.0326],[141.00011,-26.74994,84.1458],[141.00011,-27.12491,110.7653],[141.00011,-27.49997,103.545],[141.00011,-27.87494,77.6618],[141.00011,-28.2499,79.1001],[141.00011,-28.62497,102.0563],[141.00011,-28.99993,118.7589],[141.48587,-28.99993,139.2968],[141.97168,-28.99993,167.1535],[142.45743,-28.99993,78.0],[142.94319,-28.99993,80.0421],[143.4289,-28.99993,97.936],[143.91466,-28.99993,167.3526],[144.40052,-28.99993,127.7048],[144.88628,-28.99993,144.4392],[145.37204,-28.99993,142.7699],[145.8578,-28.99993,143.7665],[146.34355,-28.99993,139.8908],[146.82931,-28.99993,133.0796],[147.31507,-28.99993,138.2914],[147.80083,-28.99993,151.9267],[148.28659,-28.99993,156.8103],[148.7724,-28.99993,161.0873],[148.96634,-28.99993,159.725],[148.9714,-28.99973,160.6342],[148.99817,-28.97751,162.4496],[149.02442,-28.96805,161.6171],[149.04649,-28.9541,165.1459],[149.06339,-28.93632,162.8124],[149.07388,-28.91544,163.452],[149.08364,-28.86919,164.8207],[149.09357,-28.84842,165.2662],[149.11176,-28.83974,165.73],[149.1346,-28.83684,166.5192],[149.15739,-28.8292,167.0396],[149.17863,-28.81824,167.7936],[149.19682,-28.80558,169.0138],[149.20467,-28.79581,168.5462],[149.21067,-28.78455,169.3455],[149.21759,-28.77535,170.852],[149.23743,-28.76811,172.2958],[149.24994,-28.76005,171.8997],[149.26095,-28.75003,172.1433],[149.26565,-28.74073,173.3579],[149.27516,-28.73933,172.1885],[149.37717,-28.69179,180.4356],[149.39918,-28.68951,177.2243],[149.41634,-28.68073,177.063],[149.43236,-28.66104,179.4051],[149.46936,-28.595,180.7124],[149.48445,-28.58394,183.42],[149.57788,-28.57257,184.562],[149.59524,-28.56539,183.4413],[149.61018,-28.57774,185.0],[149.61488,-28.59386,185.5256],[149.62087,-28.60781,185.91],[149.63932,-28.61381,187.3812],[149.67534,-28.6106,187.2035],[149.69095,-28.61402,187.498],[149.70449,-28.62745,193.1246],[149.73012,-28.61381,191.3427],[149.74174,-28.60962,189.8767],[149.75916,-28.60699,190.1091],[149.87057,-28.60456,195.5203],[149.90768,-28.6089,197.5968],[149.95088,-28.60011,198.7369],[149.97181,-28.59918,199.2932],[150.00328,-28.60249,203.833],[150.01981,-28.60011,206.5],[150.05847,-28.58399,208.619],[150.10456,-28.57391,206.5991],[150.15851,-28.55459,214.5756],[150.17335,-28.55211,213.4337],[150.23613,-28.55609,213.2526],[150.25835,-28.55314,214.7123],[150.2768,-28.54239,214.1213],[150.29814,-28.53495,217.1655],[150.32243,-28.54363,218.471],[150.36181,-28.57283,219.4415],[150.41783,-28.62575,223.4699],[150.44956,-28.64647,223.8974],[150.49214,-28.65474,228.7698],[150.62112,-28.65892,234.8026],[150.66412,-28.65474,238.6794],[150.75259,-28.63598,239.391],[150.79351,-28.63505,246.4244],[150.8348,-28.64792,255.4551],[150.87134,-28.67003,251.4184],[150.89098,-28.67866,255.5135],[150.93356,-28.68714,262.8042],[150.94885,-28.69892,257.2889],[150.96301,-28.71272,258.4861],[150.97939,-28.72367,260.6391],[151.00053,-28.72708,267.3409],[151.02523,-28.72832,273.8],[151.0459,-28.73489,290.7012],[151.05448,-28.75437,306.8172],[151.05355,-28.78827,272.8269],[151.05562,-28.81064,284.761],[151.06213,-28.82801,278.2044],[151.07753,-28.83695,272.0474],[151.10078,-28.84087,273.6274],[151.14,-28.84165,276.6383],[151.16052,-28.84609,290.8915],[151.18176,-28.85695,301.2461],[151.21912,-28.88325,306.22],[151.28744,-28.92082,332.1489],[151.30186,-28.98433,312.0673],[151.30914,-28.99993,337.784],[151.30211,-29.01079,309.1157],[151.30284,-29.01833,309.1379],[151.30682,-29.02433,320.0616],[151.30914,-29.03068,321.4842],[151.30914,-29.06138,322.7702],[151.31534,-29.09926,387.8045],[151.31875,-29.10535,392.2774],[151.33576,-29.11502,419.787],[151.34263,-29.12282,411.6235],[151.34423,-29.13745,407.0769],[151.34346,-29.153,423.059],[151.3509,-29.16545,443.5844],[151.37611,-29.17062,329.223],[151.38438,-29.16856,333.4284],[151.40516,-29.15905,333.0642],[151.42268,-29.15455,333.15],[151.42536,-29.14892,335.2271],[151.4266,-29.14215,347.568],[151.43079,-29.13652,337.1381],[151.4526,-29.12634,334.8726],[151.46185,-29.1205,341.3942],[151.46758,-29.10789,343.1318],[151.48262,-29.08561,345.9245],[151.49228,-29.07812,348.6519],[151.51404,-29.06691,364.1193],[151.52019,-29.06138,365.6922],[151.52096,-29.05435,393.6075],[151.52019,-29.02727,536.2808],[151.52654,-29.00825,384.8156],[151.54933,-28.97001,376.2153],[151.55429,-28.95523,375.5107],[151.5574,-28.95456,376.0493],[151.56442,-28.95058,399.0531],[151.57295,-28.9481,484.2836],[151.58086,-28.94671,433.7236],[151.58752,-28.94619,392.7859],[151.59305,-28.94464,392.4238],[151.61021,-28.93374,472.511],[151.61672,-28.93172,632.3509],[151.62385,-28.93064,708.8414],[151.63749,-28.93002,796.235],[151.6437,-28.92888,776.144],[151.65439,-28.925,786.0051],[151.66437,-28.91994,916.094],[151.70044,-28.89612,868.1245],[151.71537,-28.88878,874.4326],[151.72038,-28.88713,893.5471],[151.72514,-28.88666,955.8646],[151.72917,-28.88899,933.5634],[151.76255,-28.94759,919.6086],[151.76627,-28.9512,1013.654],[151.77092,-28.95415,1111.1306],[151.77609,-28.95627,1090.1335],[151.7827,-28.95751,963.5986],[151.79609,-28.95797,1089.1091],[151.80229,-28.95896,1107.1311],[151.80679,-28.96169,1229.9475],[151.81454,-28.96867,1067.4214],[151.81903,-28.97156,995.3917],[151.82415,-28.97358,1174.1443],[151.82963,-28.97177,1191.3754],[151.83397,-28.96562,1063.3027],[151.84079,-28.93834,1163.4131],[151.84761,-28.92531,925.8736],[151.85273,-28.91958,901.6359],[151.85877,-28.91632,896.3884],[151.86451,-28.91477,891.5929],[151.87086,-28.91431,940.4588],[151.87691,-28.91462,893.927],[151.89753,-28.91834,845.1204],[151.92006,-28.92475,901.9733],[151.92425,-28.92547,893.0016],[151.92874,-28.92537,885.0297],[151.93386,-28.92428,880.923],[151.9644,-28.91038,982.6309],[151.97587,-28.90692,1132.3589],[151.98274,-28.9063,1148.1249],[151.99623,-28.9063,1185.2625],[152.00047,-28.90583,1178.4121],[152.0046,-28.90464,1152.0984],[152.00894,-28.90263,1182.1377],[152.01365,-28.89922,1191.5035],[152.01783,-28.89483,1192.2792],[152.02166,-28.88806,1159.8539],[152.02434,-28.88206,1125.1951],[152.02558,-28.8757,1128.212],[152.02558,-28.85059,1085.3364],[152.02698,-28.84522,1072.5177],[152.03861,-28.82046,1069.7441],[152.04248,-28.80961,1031.106],[152.04403,-28.79581,1026.7941],[152.04388,-28.77163,985.9595],[152.0462,-28.74641,987.5326],[152.04899,-28.73546,1001.0576],[152.05116,-28.73055,971.5801],[152.05401,-28.72589,975.848],[152.06393,-28.7137,979.045],[152.0662,-28.70905,965.2686],[152.06703,-28.70316,974.895],[152.06455,-28.69582,1008.866],[152.05845,-28.68626,1029.778],[152.0307,-28.65794,939.374],[152.0077,-28.63923,907.9833],[152.00326,-28.63365,898.9351],[151.9984,-28.62533,888.8466],[151.9953,-28.61396,901.5964],[151.99313,-28.59882,918.7371],[151.98522,-28.58549,915.6393],[151.9584,-28.56058,930.4723],[151.95949,-28.54926,920.8976],[151.96104,-28.54498,916.6705],[151.96399,-28.54007,893.1301],[151.96755,-28.53645,902.7859],[151.97313,-28.5335,899.9633],[151.98042,-28.53123,893.1486],[151.99168,-28.53045,892.1082],[152.00088,-28.52808,882.8653],[152.01039,-28.5241,871.6155],[152.0352,-28.50767,878.2183],[152.04078,-28.50183,891.9677],[152.05039,-28.48973,897.494],[152.16397,-28.43708,541.1179],[152.17235,-28.43506,559.126],[152.18728,-28.43423,573.1774],[152.21829,-28.4377,558.4966],[152.22516,-28.43723,616.073],[152.2327,-28.43496,552.6003],[152.2402,-28.43108,527.3842],[152.24981,-28.42307,524.5396],[152.26702,-28.40591,571.3528],[152.29172,-28.38633,691.5297],[152.30024,-28.38307,642.8856],[152.31311,-28.38033,598.0966],[152.35704,-28.37615,715.1819],[152.38696,-28.36576,946.5869],[152.40391,-28.35574,936.4084],[152.40856,-28.35196,947.0993],[152.41212,-28.34819,825.3978],[152.41491,-28.3438,998.881],[152.42902,-28.3085,836.6649],[152.43259,-28.30463,827.2914],[152.44799,-28.29755,869.8362],[152.47822,-28.26933,704.1055],[152.48716,-28.26339,782.6089],[152.49217,-28.26122,750.6047],[152.50049,-28.26169,666.7358],[152.51083,-28.26546,623.0348],[152.52833999999999,-28.27822,643.1982],[152.53486,-28.28716,726.0618],[152.53749,-28.29517,766.1328],[152.53677,-28.30716,796.3173],[152.5378,-28.31269,806.5661],[152.53997,-28.3177,691.6854],[152.54338,-28.32158,654.4014],[152.54741,-28.32494,630.5232],[152.55206,-28.32799,635.5529],[152.56416,-28.333,643.0569],[152.57428,-28.33377,684.0724],[152.58328,-28.3316,689.1836],[152.59402,-28.32447,655.8298],[152.59831,-28.31801,635.3043],[152.60017,-28.3115,664.0155],[152.60095,-28.30546,847.8596],[152.60312,-28.30065,752.8806],[152.60632,-28.29672,730.3758],[152.61025,-28.29336,885.6714],[152.61666,-28.29321,968.6797],[152.62224,-28.29357,1020.9556],[152.64704,-28.31672,879.7704],[152.65511,-28.32184,626.6421],[152.75102,-28.35801,469.4264],[152.75799,-28.35863,625.8015],[152.76693,-28.35863,644.8188],[152.78161,-28.35506,501.3453],[152.7982,-28.35382,631.7443],[152.82502,-28.34395,525.9865],[152.83091,-28.33982,526.0173],[152.84207,-28.32912,585.7859],[152.84631,-28.32582,736.091],[152.85437,-28.32365,523.3043],[152.86569,-28.32277,710.8734],[152.88786,-28.32447,725.9878],[152.90822,-28.32835,456.6983],[152.93426,-28.33982,654.6619],[152.94418,-28.34137,583.8094],[153.00036,-28.34411,526.8321],[153.00439,-28.34525,492.5091],[153.01002,-28.34633,600.0861],[153.06614,-28.34519,856.8693],[153.07565,-28.34649,848.0287],[153.08139,-28.34835,838.1422],[153.09193,-28.3532,957.8364],[153.09875,-28.35429,975.3074],[153.10665,-28.35388,960.6099],[153.11689,-28.35021,702.6566],[153.13177,-28.33889,648.9974],[153.15353,-28.30716,590.1001],[153.16267,-28.30385,774.4497],[153.1665,-28.30173,951.8163],[153.17084,-28.29646,810.2092],[153.17569,-28.28876,517.8458],[153.18004,-28.27693,633.6683],[153.19249,-28.25983,442.2625],[153.2176,-28.25858,692.5111],[153.23233,-28.26014,416.4854],[153.31274,-28.24288,235.3068],[153.32499,-28.242,372.7826],[153.35419,-28.25001,335.9534],[153.3825,-28.23755,372.9304],[153.47227,-28.17528,4.9924],[153.50652,-28.14927,0.0],[153.50652,-28.14927,0.0],[153.50522,-28.14772,0.0],[153.48227,-28.11053,0.0],[153.46274,-28.09246,0.0],[153.44947,-28.07317,0.0],[153.44508,-27.98089,0.0],[153.43898,-27.94899,0.0],[153.43019,-27.95721,6.8868],[153.42205,-27.96901,0.0],[153.41334,-27.97617,13.9087],[153.40406,-27.97015,14.5298],[153.39991,-27.9542,15.8822],[153.40219,-27.93499,4.4817],[153.40903,-27.9179,0.0],[153.4183,-27.90879,0.0],[153.43214,-27.93532,0.0],[153.43019,-27.87851,0.0],[153.43214,-27.86028,0.0],[153.44557,-27.81048,0.0],[153.44581,-27.79144,0.0],[153.43898,-27.79144,0.0],[153.42709,-27.81072,8.6052],[153.41147,-27.81561,0.0],[153.40187,-27.80918,11.599],[153.40789,-27.7951,1.8234],[153.40984,-27.78191,0.0],[153.39991,-27.76621,0.0],[153.37184,-27.73919,1.5556],[153.36695,-27.73642,2.6369],[153.36199,-27.73211,0.0],[153.35629,-27.72308,0.0],[153.35043,-27.70094,5.1253],[153.34946,-27.69891,3.516],[153.34547,-27.6867,0.0],[153.32447,-27.66692,0.0],[153.31544,-27.65488,0.0],[153.3108,-27.64031,8.2849],[153.30763,-27.57806,0.0],[153.30454,-27.57025,9.0407],[153.28549,-27.54656,0.0],[153.28395,-27.53973,0.0],[153.28354,-27.53281,2.3075],[153.28126,-27.52386,5.4426],[153.26832,-27.49627,0.0],[153.26026,-27.48406,0.8118],[153.2505,-27.47275,0.0],[153.23845,-27.46787,9.4074],[153.22381,-27.46819,0.0],[153.20777,-27.46502,0.0],[153.19174,-27.4494,0.0],[153.18409,-27.4284,0.0],[153.1775,-27.3825,5.5087],[153.16798,-27.3637,0.0],[153.15113,-27.35223,0.0],[153.10914,-27.34051,0.0],[153.08937,-27.33213,0.0],[153.07635,-27.32301,4.1159],[153.06495,-27.31048,4.9272],[153.06137,-27.29453,5.0788],[153.07203,-27.27467,0.0],[153.08912,-27.26165,0.0],[153.10385,-27.25416,14.1041],[153.11362,-27.24236,0.0],[153.11744,-27.19695,0.0],[153.1128,-27.19101,0.7867],[153.09938,-27.19891,0.0],[153.09108,-27.20257,0.0],[153.07993,-27.20338,2.6558],[153.05836,-27.20233,1.2629],[153.03826,-27.19345,0.0],[153.03842,-27.17344,0.0],[153.04786,-27.15228,0.0],[153.05535,-27.14031,0.0],[153.0822,-27.11045,0.0],[153.11655,-27.08994,0.0],[153.15455,-27.08424,0.0],[153.19174,-27.0993,0.0],[153.21022,-27.07724,0.0],[153.20623,-27.04608,0.0],[153.15252,-26.92498,0.0],[153.14617,-26.89178,0.0],[153.14405,-26.85231,0.0],[153.14405,-26.86045,0.0],[153.14381,-26.8445,0.0],[153.14649,-26.82391,0.0],[153.15211,-26.80592,0.0],[153.16114,-26.79827,0.0],[153.15512,-26.79355,0.0],[153.15008,-26.78183,0.0],[153.14405,-26.75058,0.0],[153.14422,-26.73284,0.0],[153.15089,-26.68475,0.0],[153.11988,-26.6749,0.0],[153.11704,-26.67116,0.0],[153.11402,-26.66277,0.0],[153.11004,-26.64691,0.0],[153.11345,-26.45745,0.0],[153.12241,-26.42327,0.0],[153.13722,-26.393,0.0],[153.12916,-26.37811,0.0],[153.1172,-26.37444,0.0],[153.10353,-26.37347,0.0],[153.08937,-26.36631,0.0],[153.07976,-26.35198,0.0],[153.07521,-26.33506,0.0],[153.07407,-26.31658,0.0],[153.07748,-26.28086,0.0],[153.10743,-26.17913,0.0],[153.11004,-26.16424,0.0],[153.12672,-26.11305,0.0],[153.13209,-26.10394,0.0],[153.14177,-26.06146,0.0],[153.14747,-26.04762,0.0],[153.1565,-26.03493,0.0],[153.17482,-25.99814,0.0],[153.18214,-25.97519,0.0],[153.20004,-25.94891,0.0],[153.20558,-25.93499,0.0],[153.18067,-25.94476,12.9534],[153.14894,-25.94354,0.0],[153.12159,-25.93377,6.394],[153.11004,-25.91717,0.0],[153.08937,-25.86541,0.0],[153.08399,-25.83603,0.0],[153.07716,-25.82529,0.0],[153.06153,-25.81756,0.0],[153.06577,-25.82269,0.0],[153.07521,-25.83807,0.0],[153.06422,-25.8528,13.0318],[153.06056,-25.87103,10.1326],[153.06153,-25.90358,2.3883],[153.05738,-25.91546,9.231],[153.02801,-25.96901,14.8912],[153.02125,-25.96901,0.0],[153.02003,-25.93743,6.6757],[153.02125,-25.92742,0.0],[153.02426,-25.91961,0.0],[153.03305,-25.90781,4.8771],[153.03484,-25.90358,0.0],[153.03419,-25.88535,0.0],[153.02784,-25.84482,0.0],[153.02125,-25.82513,0.0],[152.98341,-25.7636,0.0],[152.96266,-25.76092,18.5157],[152.94288,-25.75319,0.0],[152.92701,-25.74017,0.0],[152.91814,-25.7221,0.0],[152.92433,-25.72129,0.0],[152.93865,-25.71592,0.0],[152.90838,-25.69891,0.0],[152.89381,-25.68816,0.0],[152.88404,-25.67425,0.5865],[152.90797,-25.66961,0.0],[152.90952,-25.6443,0.0],[152.89772,-25.58489,7.8865],[152.90504,-25.56072,3.3754],[152.91879,-25.54372,0.0],[152.95574,-25.51312,0.0],[152.96616,-25.49725,0.0],[152.95899,-25.49098,0.0],[152.94581,-25.4865,9.2816],[152.93865,-25.47568,0.0],[152.94565,-25.47039,0.0],[152.95973,-25.46331,0.0],[152.96909,-25.45281,0.0],[152.96241,-25.43743,0.0],[152.94418,-25.43727,8.1183],[152.89039,-25.46852,4.3348],[152.87037,-25.47568,0.0],[152.87436,-25.46494,0.0],[152.88014,-25.45355,0.0],[152.88705,-25.44459,0.0],[152.92604,-25.42311,0.0],[152.93181,-25.41668,0.0],[152.91814,-25.32415,0.0],[152.91814,-25.2973,0.0],[152.91383,-25.28769,0.0],[152.90113,-25.28387,6.4215],[152.85328,-25.27646,0.0],[152.84254,-25.27093,0.0],[152.8357,-25.24725,0.0],[152.82879,-25.24228,0.0],[152.81772,-25.24749,20.7354],[152.81593,-25.25856,5.0374],[152.81707,-25.27191,6.1845],[152.81511,-25.28387,6.9052],[152.7964,-25.27353,3.4626],[152.77231,-25.26458,0.0],[152.74635,-25.25823,0.0],[152.69703,-25.25189,0.0],[152.67709,-25.24188,0.0],[152.66212,-25.22845,0.0],[152.65065,-25.21429,0.0],[152.63746,-25.20159,0.0],[152.61883,-25.19101,8.7395],[152.5962,-25.18353,0.0],[152.57154,-25.18084,1.7203],[152.56772,-25.17864,5.0188],[152.56788,-25.174,0.993],[152.57154,-25.16937,0.0],[152.57862,-25.16717,2.3776],[152.5853,-25.16839,11.7095],[152.59889,-25.17352,0.0],[152.60279,-25.17457,0.0],[152.6255,-25.17303,0.0],[152.63233,-25.16912,0.0],[152.63697,-25.16033,0.0],[152.63233,-25.14275,0.0],[152.59213,-25.12086,0.0],[152.58229,-25.10882,0.0],[152.57781,-25.09987,0.0],[152.50603,-24.99944,0.0],[152.49977,-24.97869,0.0],[152.49977,-24.89275,0.0],[152.49147,-24.84759,0.0],[152.46974,-24.8056,0.0],[152.43946,-24.77117,0.0],[152.4048,-24.74871,0.0],[152.34596,-24.73016,0.0],[152.32569,-24.72829,0.0],[152.30616,-24.72422,0.0],[152.1504,-24.61907,0.0],[152.12306,-24.59173,0.0],[152.08465,-24.53167,0.0],[152.0586,-24.51393,0.0],[152.00367,-24.41041,0.0],[151.94093,-24.23561,0.0],[151.93735,-24.21787,0.0],[151.93336,-24.21103,0.0],[151.91245,-24.19647,0.0],[151.90398,-24.18711,0.0],[151.90122,-24.17791,0.0],[151.90008,-24.15537,0.0],[151.89772,-24.14544,0.0],[151.88966,-24.14861,0.0],[151.88754,-24.15374,9.4035],[151.88697,-24.15984,38.7768],[151.88347,-24.16595,8.5892],[151.8777,-24.17164,0.0],[151.87672,-24.17344,0.1956],[151.87574,-24.17311,0.1956],[151.86988,-24.17344,2.3357],[151.85182,-24.17156,0.0],[151.83619,-24.16351,0.0],[151.81137,-24.14235,0.0],[151.79705,-24.12119,0.0],[151.78614,-24.08864,0.0],[151.78028,-24.05316,0.0],[151.78045,-24.02256,0.0],[151.74977,-24.04608,7.7677],[151.73943,-24.05047,12.6545],[151.73959,-24.06341,15.1565],[151.72104,-24.05869,0.0],[151.70997,-24.04274,0.0],[151.7326,-24.02256,0.0],[151.7326,-24.01637,0.0],[151.71306,-24.01214,0.0],[151.70069,-24.00262,0.0],[151.69068,-23.99131,0.0],[151.67799,-23.98162,0.0],[151.66188,-23.97772,0.0],[151.64137,-23.97829,5.3828],[151.62379,-23.98406,24.6257],[151.6159,-23.99586,108.748],[151.62143,-24.00604,40.0423],[151.65113,-24.02142,2.1829],[151.66375,-24.03004,2.703],[151.67612,-24.04664,2.2517],[151.68295,-24.06243,0.0],[151.69166,-24.09832,36.4615],[151.66668,-24.08538,0.0],[151.6447,-24.06504,0.0],[151.62224,-24.05088,0.0],[151.59547,-24.05674,37.569],[151.59254,-24.05299,22.0956],[151.58619,-24.04811,0.6251],[151.5818,-24.04372,0.0],[151.58058,-24.05755,13.6097],[151.57154,-24.07684,0.0],[151.57439,-24.08465,0.9602],[151.57252,-24.08847,1.8225],[151.57049,-24.091,1.7794],[151.56886,-24.09385,2.3508],[151.56813,-24.09832,2.5411],[151.55055,-24.0914,0.0],[151.54029,-24.08408,3.2463],[151.53533,-24.07285,0.0],[151.53403,-24.05364,0.0],[151.53647,-24.04925,0.0],[151.54176,-24.04608,0.0],[151.54656,-24.04241,0.0],[151.54762,-24.03631,0.0],[151.54347,-24.02695,0.0],[151.53728,-24.02174,0.0],[151.53004,-24.01816,0.0],[151.51197,-24.00311,0.0],[151.49733,-23.99456,0.0],[151.48097,-23.98895,0.0],[151.4651,-23.98846,0.0],[151.45802,-23.99407,0.0],[151.45314,-24.00302,12.4722],[151.44825,-24.00905,13.7621],[151.44093,-24.00555,14.7419],[151.43605,-23.99863,0.0],[151.42416,-23.97479,0.0],[151.40366,-23.94997,0.0],[151.34555,-23.89593,0.0],[151.33953,-23.8873,0.0],[151.33058,-23.86891,0.0],[151.32488,-23.8615,0.0],[151.31617,-23.85735,3.4794],[151.30567,-23.85638,0.0],[151.29737,-23.85703,0.0],[151.29444,-23.85809,2.5425],[151.28883,-23.85174,0.0],[151.28468,-23.84441,0.0],[151.28224,-23.83611,0.0],[151.28142,-23.82733,0.0],[151.27784,-23.82391,0.0],[151.26954,-23.8235,0.0],[151.26002,-23.82431,0.0],[151.25278,-23.82391,0.0],[151.21046,-23.81316,0.0],[151.18719,-23.80413,0.0],[151.17701,-23.79323,0.0],[151.17433,-23.79095,4.5935],[151.1609,-23.77077,0.0],[151.15659,-23.7619,0.0],[151.15406,-23.75237,1.4955],[151.1504,-23.72772,17.2655],[151.1434,-23.70941,0.0],[151.12599,-23.67539,0.0],[151.11469,-23.66548,4.8222],[151.10272,-23.65327,0.9788],[151.06983,-23.62396,22.6769],[151.04153,-23.6128,0.0],[151.02744,-23.58,2.8134],[151.01128,-23.5665,0.0],[150.98601,-23.56406,2.2388],[150.95729,-23.54469,0.0],[150.93686,-23.54274,0.0],[150.9297,-23.55055,3.133],[150.90821,-23.56536,2.5299],[150.88575,-23.57155,0.0],[150.8755,-23.5534,3.0619],[150.87037,-23.53297,0.0],[150.85662,-23.51995,0.0],[150.83692,-23.51263,0.0],[150.81398,-23.50921,0.0],[150.81398,-23.50254,33.5345],[150.85385,-23.504,4.2408],[150.87224,-23.50018,0.0],[150.88233,-23.48886,0.0],[150.87582,-23.47584,0.0],[150.84181,-23.43532,0.0],[150.81422,-23.41131,0.0],[150.78736,-23.30934,2.7565],[150.81178,-23.29925,0.0],[150.83253,-23.27597,0.0],[150.83904,-23.24896,0.0],[150.82146,-23.22747,0.0],[150.81959,-23.2326,0.0],[150.81609,-23.23675,37.1182],[150.81398,-23.24114,13.0644],[150.80177,-23.22715,1.9382],[150.79469,-23.21315,0.0],[150.79396,-23.19785,0.0],[150.80095,-23.17962,0.0],[150.76441,-23.15887,13.5499],[150.761,-23.12078,0.0],[150.7798,-23.03916,0.0],[150.77866,-23.01922,0.0],[150.77589,-23.01149,0.0],[150.77027,-23.00465,6.2835],[150.76596,-22.99554,5.2424],[150.7693,-22.9865,2.8294],[150.77394,-22.97698,7.5202],[150.77369,-22.96689,2.131],[150.76881,-22.96185,0.0],[150.75074,-22.95037,5.824],[150.74236,-22.94313,4.4784],[150.7365,-22.93288,7.965],[150.74147,-22.92913,0.0],[150.76564,-22.92555,0.0],[150.78175,-22.92799,0.0],[150.78736,-22.92645,34.9281],[150.78842,-22.92254,0.0],[150.78688,-22.91058,0.0],[150.78736,-22.90594,0.0],[150.78972,-22.89788,0.0],[150.79566,-22.84832,0.0],[150.80494,-22.81292,69.5498],[150.80991,-22.77174,0.0],[150.82325,-22.73358,0.0],[150.82765,-22.71356,0.0],[150.82643,-22.69793,5.7027],[150.81349,-22.67181,0.0],[150.80714,-22.65211,0.0],[150.78452,-22.65301,57.3216],[150.7798,-22.62656,0.0],[150.78736,-22.56959,0.0],[150.78297,-22.54274,0.0],[150.77345,-22.53021,51.4045],[150.76368,-22.53476,82.782],[150.75945,-22.55926,0.0],[150.75904,-22.58611,13.3355],[150.75717,-22.5993,4.0655],[150.75318,-22.61053,3.3654],[150.74334,-22.62265,1.1172],[150.73194,-22.62811,0.0],[150.72267,-22.62379,8.0244],[150.719,-22.60711,9.7769],[150.71925,-22.58025,12.5418],[150.71608,-22.56268,9.0917],[150.70387,-22.55633,9.1614],[150.6775,-22.56268,3.4975],[150.69109,-22.53541,0.0],[150.67164,-22.5206,0.0],[150.67628,-22.50652,0.0],[150.69011,-22.4992,0.0],[150.69793,-22.50465,2.9927],[150.70582,-22.52874,0.0],[150.7234,-22.51995,0.0],[150.74952,-22.48756,0.0],[150.75831,-22.48235,0.0],[150.75978,-22.47047,0.0],[150.7562,-22.45875,0.0],[150.74952,-22.45355,0.0],[150.73992,-22.45224,89.4343],[150.71315,-22.44443,59.0476],[150.70476,-22.43987,44.9173],[150.69451,-22.42506,0.0],[150.6858,-22.40374,0.0],[150.67986,-22.37982,64.5336],[150.6775,-22.35801,0.0],[150.66489,-22.36883,6.7727],[150.66066,-22.38421,3.1961],[150.66293,-22.40008,0.0],[150.67066,-22.41253,44.6109],[150.66383,-22.41937,22.0608],[150.6548,-22.40976,3.8453],[150.64487,-22.40179,159.5846],[150.63429,-22.39577,8.8068],[150.62281,-22.39202,1.6621],[150.6316,-22.38763,0.0],[150.63502,-22.38128,0.0],[150.6338,-22.37363,37.8218],[150.62908,-22.36468,20.1591],[150.64373,-22.35662,0.0],[150.63624,-22.34254,10.8583],[150.61842,-22.33441,4.5587],[150.60174,-22.34433,34.5801],[150.57594,-22.33025,22.8446],[150.56764,-22.32317,20.668],[150.54371,-22.36696,13.3677],[150.53452,-22.42702,0.0],[150.54526,-22.48138,0.0],[150.58123,-22.50807,0.0],[150.58123,-22.51434,0.0],[150.57488,-22.53037,5.2749],[150.58326,-22.55901,0.0],[150.59913,-22.58758,1.9043],[150.61541,-22.60369,4.9051],[150.60914,-22.61053,0.0],[150.53395,-22.54827,0.0],[150.51295,-22.53541,0.0],[150.46079,-22.52239,0.0],[150.4441,-22.51434,1.3825],[150.43092,-22.50335,0.0],[150.41245,-22.48203,0.0],[150.40309,-22.47389,0.0],[150.38705,-22.46575,0.517],[150.3558,-22.45403,12.0473],[150.34108,-22.44598,15.724],[150.31324,-22.42539,0.8779],[150.29982,-22.41823,5.9307],[150.21559,-22.39479,5.5406],[150.19402,-22.37868,11.2942],[150.17726,-22.35052,0.0],[150.19337,-22.3388,0.0],[150.18767,-22.32684,6.1214],[150.16342,-22.31015,15.0346],[150.15992,-22.30413,0.0],[150.15797,-22.29754,0.0],[150.15691,-22.28948,5.4419],[150.15659,-22.27874,1.7268],[150.15382,-22.26629,0.0],[150.14698,-22.26141,20.1046],[150.13803,-22.25905,5.3564],[150.12941,-22.25482,17.4112],[150.11964,-22.24489,16.8274],[150.11061,-22.23252,5.0408],[150.10222,-22.21746,0.0],[150.08318,-22.17108,5.5103],[150.08155,-22.16237,0.7348],[150.07732,-22.15732,11.3726],[150.05795,-22.14935,34.4743],[150.05356,-22.14153,11.0676],[150.01783,-22.15569,31.7859],[150.00221,-22.15862,4.0173],[149.99049,-22.16286,4.747],[149.9782,-22.17376,5.1537],[149.96827,-22.18816,9.3184],[149.96111,-22.22096,32.4061],[149.94313,-22.26474,6.987],[149.93344,-22.27874,7.2771],[149.92351,-22.29827,5.6023],[149.93067,-22.31373,7.5683],[149.94337,-22.3283,0.0],[149.95069,-22.34433,0.0],[149.92994,-22.33807,0.0],[149.92848,-22.35605,9.0141],[149.93719,-22.38006,7.0098],[149.95558,-22.40114,4.8682],[150.02247,-22.5534,11.3716],[150.04672,-22.64528,5.9534],[150.02524,-22.63397,0.0],[150.00066,-22.60866,6.0568],[149.98024,-22.57659,8.7607],[149.97169,-22.54567,0.0],[149.96404,-22.53362,0.0],[149.88087,-22.46738,0.0],[149.87615,-22.45664,0.0],[149.87086,-22.44036,0.0],[149.85816,-22.42108,0.0],[149.83082,-22.3886,0.0],[149.81275,-22.37811,0.0],[149.80152,-22.38877,0.0],[149.78614,-22.42555,0.0],[149.76539,-22.44525,4.8322],[149.73129,-22.46933,10.3102],[149.69402,-22.4887,0.0],[149.66326,-22.49383,0.0],[149.67384,-22.47422,5.0834],[149.68727,-22.46136,4.8978],[149.69923,-22.44695,10.1101],[149.70411,-22.42246,5.7183],[149.70509,-22.38388,4.9226],[149.7033,-22.36289,0.0],[149.69744,-22.34433,0.0],[149.67921,-22.35215,4.7609],[149.66879,-22.34336,0.0],[149.66163,-22.32733,0.0],[149.65309,-22.31316,0.0],[149.64479,-22.30608,0.0],[149.63941,-22.30299,-0.2106],[149.59213,-22.28558,-0.2533],[149.58758,-22.28216,9.2468],[149.58985,-22.2737,4.134],[149.60499,-22.25506,0.0],[149.60857,-22.24432,0.0],[149.58416,-22.21738,0.0],[149.58058,-22.21185,0.0],[149.57447,-22.1928,0.0],[149.5534,-22.18662,5.6066],[149.55421,-22.17791,64.9291],[149.55934,-22.17067,10.0544],[149.57447,-22.15862,0.0],[149.53582,-22.0958,0.0],[149.52866,-22.07594,0.0],[149.52491,-22.02874,0.108],[149.52149,-22.01263,0.0],[149.48316,-21.95135,0.0],[149.47438,-21.92938,0.0],[149.47088,-21.90846,0.0],[149.47218,-21.89674,0.0],[149.47755,-21.8733,0.0],[149.47828,-21.86443,0.0],[149.4756,-21.85125,0.0],[149.47169,-21.84531,0.0],[149.46583,-21.84026,2.9024],[149.4572,-21.82969,2.2084],[149.44508,-21.81064,0.0],[149.43539,-21.78973,0.0],[149.43247,-21.76922,4.052],[149.44011,-21.75156,0.0],[149.45297,-21.74228,0.0],[149.46323,-21.74049,0.0],[149.47169,-21.73797,1.8132],[149.47828,-21.72674,0.0],[149.47828,-21.71844,0.0],[149.47438,-21.7112,0.0],[149.46461,-21.69866,0.0],[149.44703,-21.66058,11.0009],[149.44191,-21.63738,0.0],[149.44728,-21.62029,0.0],[149.49879,-21.56959,0.0],[149.49171,-21.5451,0.0],[149.48715,-21.5359,0.0],[149.47828,-21.52801,0.0],[149.469,-21.53753,10.7788],[149.45867,-21.56552,4.4954],[149.45094,-21.57586,3.9138],[149.42937,-21.58375,3.8051],[149.41774,-21.57537,4.5723],[149.41326,-21.56219,4.3009],[149.41285,-21.55535,5.4534],[149.39747,-21.549,4.7548],[149.39283,-21.53427,0.0],[149.39519,-21.50384,0.0],[149.38795,-21.50123,30.6469],[149.37184,-21.5001,9.598],[149.35564,-21.49472,0.0],[149.34734,-21.47967,0.0],[149.30641,-21.50921,13.4878],[149.29217,-21.51067,9.8546],[149.28647,-21.48333,0.0],[149.29249,-21.46111,0.0],[149.30714,-21.44793,0.0],[149.32496,-21.43768,0.0],[149.34108,-21.42441,0.0],[149.32643,-21.41432,9.6793],[149.2964,-21.40927,0.0],[149.28647,-21.39772,0.0],[149.29737,-21.39528,17.7575],[149.30641,-21.39121,17.8798],[149.31398,-21.38535,4.6893],[149.32057,-21.37721,0.0],[149.30104,-21.34124,0.0],[149.29298,-21.31927,0.0],[149.29615,-21.3095,0.0],[149.30055,-21.30535,0.0],[149.299,-21.29583,0.0],[149.29274,-21.28167,10.395],[149.28989,-21.28102,6.3836],[149.27565,-21.28167,15.3583],[149.27182,-21.27996,10.3097],[149.27223,-21.2763,1.3774],[149.27329,-21.27174,0.0],[149.27223,-21.268,0.0],[149.26539,-21.25954,0.0],[149.26466,-21.25555,0.0],[149.26344,-21.25433,0.0],[149.25473,-21.25433,4.8799],[149.24977,-21.25856,8.6363],[149.2422,-21.27744,50.6705],[149.23439,-21.28167,17.0233],[149.22584,-21.27321,6.5374],[149.19654,-21.22015,0.0],[149.19614,-21.18092,0.0],[149.23121,-21.12607,0.0],[149.23121,-21.08978,0.0],[149.20216,-21.05462,0.0],[149.19996,-21.04827,0.0],[149.18686,-21.04534,32.3293],[149.17506,-21.03704,1.7474],[149.16651,-21.02435,0.0],[149.16293,-21.00791,0.0],[149.15065,-20.99619,0.0],[149.1102,-20.99277,0.0],[149.10157,-20.98333,0.0],[149.09498,-20.96982,0.0],[149.07936,-20.96998,0.0],[149.04623,-20.97991,0.0],[149.02662,-20.97625,0.0],[149.03053,-20.96592,0.0],[149.03981,-20.95135,0.0],[149.03631,-20.93524,0.0],[149.02638,-20.9192,173.2514],[149.03688,-20.91546,170.5748],[149.05641,-20.91904,0.0],[149.07358,-20.92474,0.0],[149.06951,-20.90602,0.0],[149.05633,-20.89853,0.0],[149.03972,-20.89739,0.0],[149.02573,-20.89804,0.0],[149.02068,-20.90114,0.0],[149.01808,-20.90651,0.0],[149.01319,-20.90846,0.0],[149.00164,-20.90114,0.0],[148.97804,-20.8803,0.0],[148.97145,-20.87054,0.0],[148.95655,-20.87038,0.0],[148.92644,-20.87689,0.0],[148.91082,-20.8733,0.0],[148.89942,-20.86452,0.0],[148.88885,-20.85329,0.2715],[148.87501,-20.84287,0.0],[148.8589,-20.87379,5.8727],[148.84539,-20.88747,0.0],[148.82716,-20.89056,6.3583],[148.83253,-20.88486,6.5286],[148.83668,-20.87835,3.1825],[148.83937,-20.87029,5.503],[148.84018,-20.85996,2.3712],[148.84246,-20.84922,5.8468],[148.84702,-20.84271,0.0],[148.85174,-20.83782,0.0],[148.85385,-20.83221,0.0],[148.84767,-20.78818,0.0],[148.84352,-20.77752,0.0],[148.83904,-20.76963,0.0],[148.83204,-20.76393,0.0],[148.81967,-20.76019,0.0],[148.81227,-20.7623,0.0],[148.80079,-20.76678,0.0],[148.79029,-20.76898,6.022],[148.78549,-20.76426,5.0163],[148.7824,-20.7553,0.0],[148.76726,-20.73154,0.0],[148.76173,-20.72674,0.0],[148.73976,-20.71893,2.9284],[148.72576,-20.68548,0.0],[148.70981,-20.67889,2.8495],[148.72576,-20.65667,0.0],[148.72828,-20.64642,0.3028],[148.72071,-20.63397,13.8578],[148.71616,-20.63275,0.0],[148.70265,-20.63356,0.0],[148.69614,-20.63055,0.0],[148.69418,-20.62656,0.0],[148.69117,-20.61419,0.0],[148.6893,-20.61004,0.0],[148.66871,-20.5862,0.0],[148.66017,-20.5722,6.3755],[148.65528,-20.55543,5.5195],[148.67693,-20.5569,7.406],[148.69858,-20.54323,0.0],[148.71608,-20.52207,0.0],[148.72413,-20.50075,0.0],[148.71705,-20.4804,0.0],[148.70387,-20.45534,11.5216],[148.70102,-20.43922,92.5637],[148.72413,-20.44557,387.4576],[148.73414,-20.45452,291.8426],[148.73797,-20.46299,87.0602],[148.74317,-20.4695,13.7309],[148.75831,-20.47283,6.817],[148.77467,-20.47096,0.0],[148.78159,-20.46453,67.4749],[148.78541,-20.45525,0.0],[148.79233,-20.44557,9.0458],[148.7907,-20.43825,10.6444],[148.79298,-20.43385,4.7524],[148.80258,-20.43182,6.0419],[148.80828,-20.43336,6.206],[148.82252,-20.4415,9.179],[148.82716,-20.44557,54.9079],[148.83277,-20.45631,23.8322],[148.83448,-20.46933,123.6793],[148.83253,-20.48219,29.0759],[148.82716,-20.49334,16.6622],[148.84059,-20.49635,30.4205],[148.85133,-20.50319,30.7942],[148.8602,-20.51377,8.2507],[148.86817,-20.52809,0.0],[148.87574,-20.52142,33.755],[148.886,-20.51995,98.6915],[148.89601,-20.52435,252.5984],[148.90219,-20.53493,45.0088],[148.91131,-20.53094,257.2901],[148.91969,-20.52955,88.6978],[148.92823,-20.53094,2.7184],[148.93702,-20.53493,0.0],[148.92482,-20.51621,0.0],[148.90528,-20.4944,0.0],[148.89812,-20.47731,2.302],[148.92335,-20.47283,0.0],[148.8711,-20.43987,0.0],[148.85084,-20.42108,0.0],[148.84018,-20.39088,0.0],[148.84213,-20.37526,0.0],[148.84767,-20.36273,2.8932],[148.84938,-20.34873,38.5163],[148.84018,-20.32887,0.0],[148.83326,-20.32497,0.0],[148.82447,-20.32431,0.0],[148.81674,-20.32147,55.8531],[148.81349,-20.31178,0.0],[148.81072,-20.30722,0.0],[148.79737,-20.29485,0.0],[148.79233,-20.28729,0.0],[148.80388,-20.2667,0.0],[148.78199,-20.24082,0.0],[148.75668,-20.22967,0.0],[148.75831,-20.25311,160.0352],[148.74073,-20.25115,0.0],[148.72169,-20.25726,0.0],[148.68312,-20.27418,0.0],[148.68214,-20.26344,0.0],[148.68287,-20.25368,0.0],[148.68531,-20.24538,0.0],[148.6893,-20.23943,0.0],[148.68312,-20.23707,78.3792],[148.66277,-20.2265,84.9937],[148.67213,-20.21819,0.0],[148.67937,-20.20867,0.0],[148.68312,-20.19769,0.0],[148.68312,-20.18548,0.0],[148.6753,-20.1902,5.7566],[148.65528,-20.1985,0.0],[148.66033,-20.18955,0.0],[148.66098,-20.18076,0.0],[148.6574,-20.17246,0.0],[148.64845,-20.16497,0.0],[148.64275,-20.17889,130.0267],[148.64161,-20.19183,117.8752],[148.63868,-20.20306,59.1775],[148.62794,-20.2116,0.0],[148.61085,-20.21364,0.0],[148.6045,-20.20501,7.6148],[148.60662,-20.1915,78.723],[148.61427,-20.17864,0.0],[148.58985,-20.17254,19.6166],[148.57521,-20.14723,0.0],[148.56821,-20.11541,0.0],[148.56666,-20.05999,0.0],[148.56007,-20.05267,0.0],[148.54282,-20.06536,0.0],[148.53028,-20.07822,0.0],[148.52166,-20.08318,0.0],[148.49513,-20.0831,0.0],[148.48113,-20.07708,9.929],[148.47023,-20.06512,5.2663],[148.45916,-20.05682,0.0],[148.44418,-20.06194,0.0],[148.43702,-20.07497,0.0],[148.43751,-20.09075,0.0],[148.44386,-20.10418,0.9376],[148.45346,-20.1098,3.2118],[148.46461,-20.11297,57.3103],[148.4734,-20.12103,0.0],[148.47641,-20.13201,8.9728],[148.47023,-20.14381,2.0],[148.45899,-20.14951,23.2358],[148.44606,-20.15016,128.9834],[148.43344,-20.15325,0.0],[148.42254,-20.16497,6.3694],[148.43946,-20.17067,2.3274],[148.45558,-20.17156,6.0278],[148.46559,-20.17409,4.2693],[148.46404,-20.18548,11.7982],[148.45379,-20.19394,5.9555],[148.4358,-20.19997,3.0],[148.41627,-20.20224,5.5007],[148.40203,-20.1985,3.3266],[148.4087,-20.18222,3.2408],[148.40211,-20.17392,1.8948],[148.37477,-20.16497,6.5509],[148.33774,-20.14129,1.94],[148.33033,-20.13763,0.0],[148.32748,-20.13258,0.0],[148.30152,-20.09938,0.0],[148.29005,-20.09319,0.0],[148.2649,-20.0831,4.1448],[148.27524,-20.07497,6.0334],[148.27882,-20.06536,0.0],[148.27524,-20.05584,0.0],[148.2649,-20.04762,0.0],[148.285,-20.039,6.9693],[148.30641,-20.03395,0.0],[148.27931,-20.00254,0.0],[148.27198,-19.98594,0.0],[148.27858,-19.96575,0.0],[148.25392,-19.96347,0.0],[148.19654,-19.94525,0.0],[148.13038,-19.93621,0.0],[148.12086,-19.92832,0.0],[148.11451,-19.91644,0.0],[148.08375,-19.88454,0.0],[148.07244,-19.87705,0.0],[148.05551,-19.88787,0.0],[148.04916,-19.89007,5.8591],[148.04396,-19.88909,0.0],[148.03468,-19.88486,0.0],[148.02858,-19.88388,0.0],[148.02215,-19.88812,0.0],[148.0197,-19.89756,0.0],[148.01808,-19.90691,0.0],[148.0149,-19.91123,0.0],[147.96909,-19.91155,0.0],[147.94947,-19.90781,0.0],[147.92905,-19.89756,0.0],[147.89796,-19.87623,0.0],[147.87428,-19.85442,0.0],[147.85922,-19.82488,0.0],[147.84596,-19.7348,93.1717],[147.8239,-19.71429,76.971],[147.75082,-19.6915,0.0],[147.75522,-19.75677,122.0599],[147.75424,-19.76719,168.6749],[147.7601,-19.77679,92.5015],[147.785,-19.83538,4.2239],[147.71941,-19.8331,0.0],[147.68426,-19.82806,0.0],[147.61378,-19.75351,0.0],[147.59205,-19.7221,0.0],[147.58033,-19.71209,4.67],[147.56528,-19.70517,6.2026],[147.59913,-19.70289,0.0],[147.59913,-19.6867,0.3707],[147.5892,-19.66253,1.5987],[147.59327,-19.63616,0.0],[147.57927,-19.61395,0.0],[147.56853,-19.58847,5.2849],[147.56153,-19.56211,3.7424],[147.55909,-19.53753,0.0],[147.55047,-19.52093,0.0],[147.49147,-19.45184,0.0],[147.44483,-19.34157,0.0],[147.42262,-19.31463,0.0],[147.40235,-19.30389,0.0],[147.39877,-19.31276,0.0],[147.40626,-19.32781,0.0],[147.42921,-19.34254,6.3627],[147.44166,-19.35882,3.9941],[147.45045,-19.37868,6.5303],[147.44988,-19.39658,0.0],[147.4214,-19.41277,0.0],[147.28598,-19.41082,0.0],[147.26271,-19.42278,0.0],[147.25441,-19.42449,0.0],[147.24464,-19.42246,0.0],[147.2225,-19.41302,0.0],[147.16725,-19.4,0.0],[147.14666,-19.39861,0.0],[147.13396,-19.41082,0.0],[147.08619,-19.35247,0.0],[147.08123,-19.34271,0.0],[147.0586,-19.31609,0.0],[147.05201,-19.30096,0.0],[147.05201,-19.29046,0.0],[147.05934,-19.25888,0.0],[147.06398,-19.25123,0.0],[147.06511,-19.24635,0.0],[147.063,-19.24212,0.0],[147.05397,-19.23398,0.0],[147.05201,-19.2291,0.0],[147.04786,-19.21103,0.0],[147.02882,-19.19232,0.0],[147.0241,-19.17742,0.0],[147.01783,-19.17742,0.0],[147.02231,-19.19769,71.9572],[147.02312,-19.21795,7.9919],[147.0193,-19.23675,173.472],[147.01043,-19.25262,389.4249],[146.9782,-19.28387,0.0],[146.9572,-19.29681,0.0],[146.94215,-19.29412,0.0],[146.90512,-19.30462,6.6543],[146.87501,-19.28834,0.0],[146.85035,-19.26474,0.0],[146.82944,-19.25262,2.7622],[146.81918,-19.24814,0.0],[146.80445,-19.2374,0.0],[146.77833,-19.21217,0.0],[146.76075,-19.18255,0.0],[146.74635,-19.17278,0.0],[146.69304,-19.19297,5.7575],[146.6548,-19.18255,3.6439],[146.5866,-19.14275,0.0],[146.57814,-19.14088,0.0],[146.56902,-19.1408,0.0],[146.5617,-19.13926,0.0],[146.55567,-19.12811,0.0],[146.53468,-19.10573,0.0],[146.51857,-19.09547,0.0],[146.47926,-19.08359,3.142],[146.46225,-19.07497,27.9567],[146.44654,-19.05975,0.0],[146.42579,-19.02728,0.0],[146.4109,-19.01019,0.0],[146.33326,-18.95908,11.6036],[146.32106,-18.9319,12.5055],[146.31568,-18.92278,8.2919],[146.30177,-18.91237,9.1136],[146.29851,-18.90716,9.9669],[146.29461,-18.89691,1.3671],[146.27662,-18.87428,3.2251],[146.27125,-18.86289,0.8705],[146.27076,-18.85166,7.3725],[146.27312,-18.84271,5.8087],[146.27613,-18.83538,0.0],[146.27809,-18.82871,0.0],[146.292,-18.71063,7.945],[146.32049,-18.64715,8.2311],[146.33107,-18.61256,7.5232],[146.33741,-18.57285,5.7292],[146.33937,-18.52703,2.1276],[146.30405,-18.51719,8.9307],[146.28883,-18.5158,7.8093],[146.27467,-18.52361,7.2732],[146.26824,-18.51873,7.4807],[146.25099,-18.51116,4.4486],[146.22926,-18.50709,5.1887],[146.20916,-18.51336,0.0],[146.21372,-18.49212,5.6888],[146.18922,-18.424,3.7627],[146.18686,-18.39422,3.6675],[146.18344,-18.38014,1.5451],[146.17506,-18.36932,0.0],[146.16358,-18.36582,0.0],[146.13217,-18.36443,0.0],[146.11964,-18.36191,2.5538],[146.10092,-18.34954,3.6708],[146.02377,-18.26312,8.3714],[146.0101,-18.2365,4.0596],[146.01734,-18.21168,0.0],[146.01051,-18.19899,0.0],[146.0062,-18.18597,6.3013],[146.00424,-18.17197,6.2634],[146.00367,-18.15643,6.9788],[146.00587,-18.14202,2.9994],[146.01515,-18.11663,0.0],[146.02149,-18.08587,3.7862],[146.06983,-17.99871,3.347],[146.09791,-17.93133,0.0],[146.09645,-17.91692,6.3487],[146.09938,-17.90944,0.0],[146.10475,-17.87656,5.5968],[146.11354,-17.86435,0.0],[146.10743,-17.85369,4.7432],[146.09303,-17.83489,72.6958],[146.0936,-17.82708,20.5242],[146.0962,-17.81569,12.6011],[146.0962,-17.80535,6.8803],[146.08937,-17.80088,2.4338],[146.08399,-17.79551,3.5],[146.09067,-17.78387,4.609],[146.10133,-17.77304,7.5327],[146.1067,-17.76946,4.4572],[146.10271,-17.70599,2.4646],[146.1067,-17.68418,6.8133],[146.11647,-17.66872,6.0604],[146.14243,-17.64739,9.9107],[146.14772,-17.63258,0.0],[146.1443,-17.61395,0.0],[146.13502,-17.60027,0.0],[146.1067,-17.57431,112.4264],[146.08009,-17.53932,102.5377],[146.06837,-17.51588,9.4802],[146.07537,-17.5053,0.0],[146.07244,-17.4459,0.0],[146.07521,-17.40252,0.0],[146.07106,-17.39202,0.0],[146.05974,-17.38616,22.0313],[146.04127,-17.37225,0.0],[146.02996,-17.35654,0.0],[146.00367,-17.29372,0.0],[145.96844,-17.24236,24.3856],[145.96339,-17.2282,3.779],[145.96258,-17.20501,13.7546],[145.95916,-17.18304,5.5705],[145.95248,-17.16229,122.66],[145.91179,-17.08896,89.717],[145.90406,-17.08082,48.5919],[145.88803,-17.0748,306.5328],[145.88185,-17.05967,90.3274],[145.88233,-17.03973,14.4468],[145.88697,-17.0193,11.965],[145.89161000000001,-17.00701,3.991],[145.90984,-16.97161,0.0],[145.91774,-16.96413,0.0],[145.92433,-16.96006,0.0],[145.93141,-16.95029,13.7707],[145.94166,-16.92995,0.0],[145.94166,-16.9249,0.0],[145.93393,-16.92099,0.0],[145.93483,-16.9157,5.6513],[145.93735,-16.91237,6.1537],[145.94728,-16.90252,195.5457],[145.94899,-16.9026,217.35],[145.95248,-16.89666,110.3867],[145.95729,-16.8847,0.0],[145.95509,-16.87314,0.0],[145.93824,-16.86785,0.0],[145.92482,-16.86858,105.3112],[145.91733,-16.87119,4.4384],[145.91163,-16.8764,0.0],[145.90406,-16.88535,0.0],[145.88038,-16.90586,0.0],[145.86769,-16.90455,0.0],[145.85694,-16.89284,50.4642],[145.83912,-16.88152,64.2743],[145.8309,-16.89219,123.6689],[145.80299,-16.91806,2.8881],[145.79477,-16.92311,2.3443],[145.78761,-16.92978,3.8408],[145.7859,-16.945,0.0],[145.78858,-16.96209,6.1947],[145.79835,-16.98317,4.1466],[145.79298,-16.98943,5.4061],[145.78346,-16.99163,9.906],[145.77426,-16.98838,7.7789],[145.77076,-16.98138,10.1001],[145.77247,-16.96478,2.2047],[145.77084,-16.95729,8.5351],[145.75945,-16.94345,4.699],[145.74757,-16.93255,4.9916],[145.74049,-16.92205,8.5182],[145.74366,-16.90944,10.0639],[145.75294,-16.9035,9.1027],[145.76433,-16.90203,6.6012],[145.77369,-16.89837,0.0],[145.77768,-16.88535,0.0],[145.77426,-16.87721,5.5786],[145.75856,-16.85898,0.0],[145.74342,-16.84832,4.9389],[145.7225,-16.80023,0.0],[145.71355,-16.79363,0.0],[145.69467,-16.78444,5.1323],[145.68531,-16.77606,0.0],[145.68002,-16.76572,0.0],[145.67595,-16.74334,0.0],[145.67123,-16.7348,0.0],[145.66147,-16.72796,0.0],[145.63771,-16.71852,128.4107],[145.62623,-16.71209,185.1503],[145.57911,-16.67197,0.0],[145.56609,-16.65651,10.0835],[145.55584,-16.64007,158.4739],[145.55177,-16.62558,0.0],[145.549,-16.62086,0.0],[145.53061,-16.60101,0.0],[145.5171,-16.56699,0.0],[145.48146,-16.53191,0.0],[145.47608,-16.52191,0.0],[145.47283,-16.50156,0.0],[145.46339,-16.48122,28.8145],[145.44809,-16.47039,0.0],[145.42758,-16.47812,5.9625],[145.41676,-16.47332,15.1381],[145.40903,-16.46543,14.2224],[145.40398,-16.45501,6.3386],[145.4004,-16.44329,4.7412],[145.41432,-16.40887,0.0],[145.41456,-16.33441,8.1485],[145.431,-16.30299,15.0195],[145.46241,-16.27321,5.0306],[145.4686,-16.26067,109.3153],[145.4686,-16.24481,271.2933],[145.46225,-16.22031,110.6703],[145.45899,-16.21404,190.495],[145.43784,-16.20192,5.1027],[145.43442,-16.20062,6.348],[145.44028,-16.16546,76.7669],[145.46241,-16.09873,17.9314],[145.46241,-16.06048,44.7154],[145.45053,-16.02711,20.5832],[145.43019,-15.99163,22.5882],[145.38673,-15.93621,153.9429],[145.36402,-15.91619,0.0],[145.3558,-15.90342,7.2322],[145.35255,-15.88486,12.8739],[145.35532,-15.87225,6.5539],[145.3685,-15.85215,14.4849],[145.37306,-15.84059,228.784],[145.37322,-15.83172,0.0],[145.37013,-15.82733,0.0],[145.36508,-15.82252,0.0],[145.35939,-15.81268,0.0],[145.35939,-15.79656,0.0],[145.36638,-15.74928,13.0884],[145.3628,-15.73455,11.6489],[145.35377,-15.72243,211.1202],[145.3152,-15.63812,0.0],[145.30934,-15.63397,306.723],[145.30738,-15.62859,193.2609],[145.32114,-15.60914,0.0],[145.32276,-15.59979,20.5841],[145.32146,-15.5901,9.0958],[145.31398,-15.56797,126.7421],[145.30991,-15.5626,90.7111],[145.27377,-15.53574,0.0],[145.27345,-15.53216,0.0],[145.2684,-15.52793,0.0],[145.2649,-15.51849,18.7054],[145.26393,-15.50905,25.4716],[145.26726,-15.50498,32.8928],[145.2798,-15.49586,75.6967],[145.27784,-15.47536,0.0],[145.26441,-15.43597,0.0],[145.25636,-15.43597,0.0],[145.24586,-15.44264,0.0],[145.24391,-15.4284,0.9316],[145.24806,-15.40602,167.7312],[145.25636,-15.38885,106.6472],[145.26205,-15.38494,44.8895],[145.27866,-15.37754,212.804],[145.2837,-15.37396,224.5735],[145.28712,-15.36338,0.0],[145.28663,-15.3532,62.4802],[145.28826,-15.34319,106.0608],[145.29786000000001,-15.33294,0.0],[145.28102,-15.31902,19.8234],[145.2859,-15.30047,14.2071],[145.30258,-15.2846,45.2707],[145.34376,-15.26946,16.456],[145.34946,-15.25042,0.0],[145.34197,-15.22967,30.7135],[145.32455,-15.21624,0.0],[145.31772,-15.24521,0.0],[145.31007,-15.25449,0.0],[145.2942,-15.25791,0.0],[145.28102,-15.25563,0.0],[145.26881,-15.24944,0.0],[145.25994,-15.23968,0.0],[145.25318,-15.21209,0.0],[145.23902,-15.18255,0.0],[145.23585,-15.16595,5.0987],[145.24733,-15.09498,46.5389],[145.25733,-15.07562,51.1132],[145.33229,-14.97047,36.1806],[145.34571,-14.94256,0.0],[145.31349,-14.94402,0.0],[145.29347,-14.94988,0.0],[145.27711,-14.94704,6.6952],[145.21998,-14.88095,3.8366],[145.21168,-14.85955,8.1185],[145.22283,-14.8327,0.0],[145.20786,-14.83261,0.0],[145.18247,-14.83896,0.0],[145.16822,-14.8401,7.8153],[145.1548,-14.8375,8.7771],[145.13608,-14.82838,0.0],[145.12289,-14.82643,11.2541],[145.09913,-14.8178,6.2917],[145.07732,-14.80145,3.2591],[145.05502,-14.79266,0.0],[145.03053,-14.80592,2.9359],[145.01385,-14.78411,4.9713],[144.95533,-14.74391,3.5631],[144.9441,-14.73333,42.3391],[144.94174,-14.72633,29.6864],[144.93686,-14.6762,17.3746],[144.938,-14.67156,19.5387],[144.9201,-14.65602,6.7899],[144.91432,-14.64764,9.8024],[144.91098,-14.63828,3.661],[144.91041,-14.62982,1.4032],[144.90846,-14.62217,1.796],[144.90073,-14.61419,4.171],[144.886,-14.60963,5.1053],[144.82154,-14.60735,2.8581],[144.79672,-14.60036,7.7596],[144.78207,-14.58424,0.0],[144.77101,-14.56609,17.1957],[144.7566,-14.55283,21.0959],[144.73976,-14.55218,0.0],[144.69752,-14.56194,1.3358],[144.67758,-14.55584,13.8023],[144.67058,-14.54681,10.0202],[144.65984,-14.52125,139.6421],[144.65358,-14.51116,22.0328],[144.62599,-14.49114,8.9493],[144.61948,-14.48382,3.104],[144.61598,-14.46771,2.7709],[144.61248,-14.41302,7.5639],[144.61647,-14.4013,13.4693],[144.62525,-14.39398,-0.2001],[144.63347,-14.37664,18.3374],[144.63746,-14.35622,0.0],[144.63315,-14.33994,0.0],[144.62094,-14.35467,0.0],[144.60011,-14.36541,3.8838],[144.58041,-14.36419,22.6522],[144.57179,-14.34319,28.7186],[144.57276,-14.30291,17.8737],[144.57651,-14.28118,13.1079],[144.58473,-14.26483,126.6923],[144.54371,-14.20428,0.0],[144.53386,-14.19525,14.1855],[144.52735,-14.19101,95.0697],[144.52247,-14.18182,92.2069],[144.5149,-14.17278,74.1273],[144.49977,-14.16855,92.5246],[144.48634,-14.16188,0.0],[144.47885,-14.15993,0.0],[144.4756,-14.16481,0.0],[144.47608,-14.17913,0.0],[144.47527,-14.18613,0.0],[144.47218,-14.18906,0.0],[144.46705,-14.19655,0.0],[144.44825,-14.24358,0.0],[144.44028,-14.25026,0.0],[144.30356,-14.3126,6.7903],[144.29217,-14.30348,144.6034],[144.28028,-14.30291,6.4671],[144.26808,-14.30364,48.9327],[144.25587,-14.29892,211.908],[144.25099,-14.29168,217.3831],[144.23536,-14.25726,0.0],[144.22853,-14.25726,0.0],[144.2256,-14.26214,0.0],[144.22291,-14.26426,51.6142],[144.21974,-14.26621,110.4265],[144.21485,-14.27093,28.973],[144.21144,-14.26523,16.4113],[144.20444,-14.25644,0.0],[144.20118,-14.25042,0.0],[144.18539,-14.26263,0.0],[144.1819,-14.28607,0.0],[144.18279,-14.31406,0.0],[144.18002,-14.33994,0.0],[144.17335,-14.35508,0.0],[144.16163,-14.37314,0.0],[144.14633,-14.38812,0.0],[144.12916,-14.39446,0.0],[144.11345,-14.40521,0.0],[144.06723,-14.45257,0.0],[144.03053,-14.46705,0.0],[143.98894,-14.49066,1.532],[143.9629,-14.49456,1.4835],[143.952,-14.49896,1.4355],[143.94117,-14.51116,0.0],[143.93507,-14.49326,0.6123],[143.92604,-14.4865,1.3935],[143.89275,-14.48382,0.0],[143.87428,-14.48024,0.7928],[143.85971,-14.47487,-0.1453],[143.8462,-14.46722,0.5503],[143.83131,-14.45648,0.398],[143.80494,-14.43157,3.0886],[143.78273,-14.40228,0.4348],[143.74871,-14.33994,1.8915],[143.70777,-14.20957,0.0],[143.70444,-14.11435,0.0],[143.6941,-14.09287,0.0],[143.69565,-14.07529,0.0],[143.68727,-14.01434,0.0],[143.6784,-14.00359,0.0],[143.61842,-13.95623,1.512],[143.61134,-13.94687,4.1984],[143.60564,-13.93694,5.6299],[143.60108,-13.92653,1.3387],[143.59791,-13.91522,4.1844],[143.59832,-13.88502,1.7867],[143.59449,-13.87713,1.4566],[143.56227,-13.83213,0.4191],[143.55763,-13.8222,5.4016],[143.55323,-13.80299,0.0],[143.53443,-13.76572,7.1243],[143.53012,-13.75018,6.4859],[143.53346,-13.73154,1.6882],[143.54762,-13.69199,0.0],[143.55567,-13.63291,0.0],[143.56446,-13.59938,0.0],[143.59116,-13.54355,0.0],[143.59791,-13.52418,0.0],[143.58326,-13.51678,0.0],[143.58172,-13.49871,0.0],[143.59457,-13.4358,2.373],[143.59441,-13.42718,13.7839],[143.59108,-13.41513,36.2588],[143.58546,-13.40521,3.8271],[143.57301,-13.38828,3.7305],[143.57057,-13.37713,1.1664],[143.53354,-13.34954,5.5913],[143.52996,-13.34197,5.5956],[143.52662,-13.32977,3.5367],[143.5276,-13.19842,0.0],[143.50294,-13.07513,12.5561],[143.51246,-12.997,0.0],[143.51149,-12.95436,0.0],[143.49545,-12.92156,9.5232],[143.54379,-12.83278,0.0],[143.52442,-12.84043,0.0],[143.51173,-12.84922,0.0],[143.49724,-12.85654,0.0],[143.47193,-12.85955,0.0],[143.45802,-12.85638,16.5575],[143.44842,-12.85133,40.1504],[143.43832,-12.85133,0.7817],[143.42368,-12.86321,3.5507],[143.41326,-12.8681,2.7907],[143.4004,-12.86582,0.0],[143.38819,-12.85955,0.0],[143.37941,-12.85272,0.0],[143.3589,-12.88055,0.0],[143.36427,-12.86175,0.0],[143.36508,-12.80486,0.0],[143.3777,-12.75066,15.8829],[143.37941,-12.73284,20.1525],[143.41188,-12.68255,30.846],[143.41,-12.67449,0.0],[143.40219,-12.66619,0.5947],[143.41114,-12.64772,8.8139],[143.43393,-12.61932,29.9676],[143.43393,-12.61305,2.028],[143.40724,-12.58831,0.0],[143.39112,-12.57659,0.0],[143.37623,-12.57147,0.0],[143.36207,-12.56951,0.0],[143.3235,-12.55779,0.0],[143.31039,-12.55096,0.0],[143.29493,-12.53484,25.4128],[143.28435,-12.51605,0.0],[143.27833,-12.49505,0.0],[143.27589,-12.43304,0.0],[143.27174,-12.4179,7.3534],[143.26205,-12.40081,16.282],[143.25636,-12.39275,28.2459],[143.25294,-12.38893,0.0],[143.21119,-12.35996,0.0],[143.20509,-12.35662,0.0],[143.18539,-12.34254,0.0],[143.17604,-12.33929,0.0],[143.13917,-12.34612,0.0],[143.10336,-12.34238,0.0],[143.08497,-12.33685,0.0],[143.07716,-12.32879,2.5341],[143.07846,-12.28704,21.2418],[143.08253,-12.26816,22.1972],[143.09067,-12.2501,0.0],[143.08627,-12.24635,0.0],[143.08172,-12.23984,41.5345],[143.07716,-12.23626,25.7196],[143.08481,-12.2282,26.2355],[143.08888,-12.21998,21.4422],[143.09034,-12.21038,5.3053],[143.09067,-12.19817,0.0],[143.08522,-12.17059,0.0],[143.08383,-12.16741,0.0],[143.08627,-12.14902,10.2713],[143.09099,-12.14267,8.4435],[143.10133,-12.14023,6.7917],[143.1058,-12.13543,7.6739],[143.20395,-11.98252,0.0],[143.22722,-11.98211,20.467],[143.23911,-11.97812,5.6694],[143.24903,-11.96819,0.0],[143.23951,-11.95631,0.0],[143.22804,-11.95485,0.0],[143.20053,-11.96201,0.0],[143.18385,-11.96356,0.0],[143.1753,-11.96233,0.0],[143.12338,-11.91058,3.6966],[143.10418,-11.90211,12.0616],[143.07716,-11.90683,0.0],[143.04021,-11.92506,0.0],[143.02068,-11.93157,0.0],[142.9922,-11.93401,2.4321],[142.97429,-11.92523,0.0],[142.9402,-11.89275,0.0],[142.9275,-11.89373,11.0253],[142.87289,-11.85068,0.0],[142.86232,-11.83685,0.0],[142.85792,-11.82171,0.0],[142.86549,-11.73602,0.0],[142.85792,-11.60508,0.0],[142.85418,-11.59401,0.0],[142.84181,-11.57448,8.2928],[142.83758,-11.56471,0.9813],[142.84083,-11.52068,0.0],[142.83961,-11.49863,0.0],[142.82765,-11.48903,38.8332],[142.82106,-11.47763,21.8137],[142.83009,-11.45224,0.0],[142.85182,-11.41326,0.0],[142.86354,-11.4,0.0],[142.86964,-11.39129,0.0],[142.87224,-11.3825,0.0],[142.86915,-11.372,0.0],[142.85499,-11.35117,1.8871],[142.85182,-11.34157,19.2616],[142.84864,-11.32692,0.0],[142.84059,-11.30804,0.0],[142.8296,-11.29461,0.0],[142.81764,-11.29656,35.7206],[142.80128,-11.27776,0.0],[142.7942,-11.2483,0.0],[142.79371,-11.21754,0.0],[142.79664,-11.19476,0.0],[142.80616,-11.17946,0.0],[142.81007,-11.17116,0.0],[142.80681,-11.16758,0.0],[142.79664,-11.14324,0.0],[142.79518,-11.11289,0.0],[142.78981,-11.08489,0.0],[142.77809,-11.05364,0.0],[142.76954,-11.039,0.0],[142.75896,-11.02663,0.0],[142.75229,-11.01531,0.0],[142.74627,-10.98577,0.0],[142.74195,-10.97503,0.0],[142.72511,-10.96771,0.0],[142.70094,-10.97015,0.0],[142.6784,-10.98219,25.6193],[142.66627,-11.00311,17.8658],[142.65952,-10.98349,0.0],[142.66822,-10.95127,3.1683],[142.65943,-10.93353,0.0],[142.64918,-10.92946,0.0],[142.64039,-10.9319,0.0],[142.63445,-10.93084,0.0],[142.62525,-10.88226,0.0],[142.61451,-10.86826,0.0],[142.59083,-10.86492,0.0],[142.56715,-10.87021,0.0],[142.55641,-10.88226,3.2714],[142.55201,-10.90423,6.3604],[142.54005,-10.92547,2.1319],[142.52272,-10.94158,4.8662],[142.50172,-10.94785,6.7284],[142.51482,-10.92352,0.0],[142.51385,-10.90016,8.1892],[142.51026,-10.87656,15.5325],[142.51539,-10.85166,6.4315],[142.52149,-10.84694,0.0],[142.54184,-10.84157,1.4933],[142.54957,-10.83799,0.0],[142.55519,-10.82903,0.0],[142.56398,-10.80641,5.5484],[142.57008,-10.79697,0.0],[142.57716,-10.79209,26.287],[142.59303,-10.78631,0.0],[142.60108,-10.77955,0.0],[142.60621,-10.77239,0.0],[142.61183,-10.76238,0.0],[142.6159,-10.75237,0.0],[142.615,-10.74538,4.8522],[142.60084,-10.73496,41.3133],[142.56373,-10.71705,0.0],[142.54957,-10.70818,0.0]]],
[[[142.65594,-10.65293,0.0],[142.65854,-10.6504,0.0],[142.66025,-10.64487,0.0],[142.66521,-10.64365,0.0],[142.66676,-10.63356,0.0],[142.66961,-10.63063,0.0],[142.66717,-10.62827,0.0],[142.65895,-10.62599,0.0],[142.65284,-10.62461,4.8294],[142.64869,-10.62444,1.3668],[142.64438,-10.62143,0.0],[142.64381,-10.61924,0.0],[142.63559,-10.62526,35.9561],[142.63502,-10.62892,0.0],[142.64129,-10.63291,14.7216],[142.64715,-10.64593,14.3985],[142.65154,-10.65675,0.0],[142.65594,-10.65293,0.0]]],
[[[142.28305,-10.71453,0.0],[142.28256,-10.70135,0.0],[142.27882,-10.69052,0.0],[142.25538,-10.66668,0.0],[142.22934,-10.61981,0.0],[142.21225,-10.59759,0.0],[142.19321,-10.59149,0.0],[142.1823,-10.60996,8.5737],[142.18019,-10.61541,4.958],[142.17701,-10.61631,7.7795],[142.15968,-10.62566,4.7232],[142.15235,-10.63201,17.5246],[142.14967,-10.63649,7.0193],[142.14576,-10.63909,2.7312],[142.12778,-10.6408,0.0],[142.12355,-10.64365,8.249],[142.12078,-10.64788,5.3326],[142.11817,-10.6535,0.0],[142.11232,-10.68434,0.0],[142.12192,-10.70957,96.5204],[142.13657,-10.73065,75.3442],[142.14552,-10.7492,0.0],[142.15317,-10.75563,82.3525],[142.18702,-10.76963,0.0],[142.19028,-10.75848,0.0],[142.19679,-10.74472,13.6453],[142.20607,-10.73309,0.0],[142.21778,-10.72812,0.0],[142.23032,-10.72601,66.735],[142.25294,-10.71722,0.0],[142.26344,-10.71624,25.8394],[142.27345,-10.71836,0.0],[142.28004,-10.71893,0.0],[142.28305,-10.71453,0.0]]],
[[[142.30307,-10.6325,54.5174],[142.32521,-10.6124,12.385],[142.31886,-10.58864,0.0],[142.29428,-10.57317,0.0],[142.26222,-10.57781,4.8511],[142.24733,-10.59979,7.1513],[142.25367,-10.62542,3.111],[142.27442,-10.6408,4.1313],[142.30307,-10.6325,54.5174]]],
[[[142.21852,-10.56683,0.0],[142.2282,-10.53729,5.8509],[142.22877,-10.52817,0.0],[142.22153,-10.52304,31.9894],[142.21225,-10.52842,97.9752],[142.20216,-10.54372,0.0],[142.18784,-10.54982,3.464],[142.18344,-10.55535,3.5397],[142.18295,-10.56414,16.605],[142.18881,-10.57147,0.0],[142.19532,-10.57513,2.0707],[142.19874,-10.57537,0.0],[142.21852,-10.56683,0.0]]],
[[[142.3226,-10.53525,2.367],[142.32016,-10.52125,0.0],[142.31446,-10.50791,10.7121],[142.30926,-10.50913,3.4336],[142.31023,-10.51287,0.3767],[142.29778,-10.52532,11.5165],[142.28696,-10.52589,0.0],[142.29086,-10.53623,0.0],[142.3034,-10.54331,0.0],[142.30649,-10.54461,0.0],[142.3226,-10.53525,2.367]]],
[[[142.31666,-10.21347,0.0],[142.33424,-10.20045,0.0],[142.34051,-10.19085,0.0],[142.33204,-10.16969,11.2133],[142.31446,-10.14861,108.1096],[142.29347,-10.13893,20.4656],[142.25416,-10.13795,11.6871],[142.2317,-10.14186,19.537],[142.21437,-10.15325,14.0461],[142.21323,-10.15765,8.5808],[142.21437,-10.17653,8.3392],[142.21111,-10.18304,26.1687],[142.20387,-10.18841,46.0194],[142.19321,-10.19362,4.1621],[142.19483,-10.20729,0.0],[142.20118,-10.22039,0.0],[142.21062,-10.23211,0.0],[142.2212,-10.24212,0.0],[142.23365,-10.23838,0.0],[142.24855,-10.24033,0.0],[142.26368,-10.24651,0.0],[142.27573,-10.25563,5.7371],[142.28981,-10.26019,0.0],[142.31666,-10.21347,0.0]]],
[[[142.167,-10.18206,0.0],[142.17595,-10.16082,0.0],[142.18295,-10.15325,0.0],[142.19011,-10.14373,0.0],[142.19776,-10.10215,0.0],[142.19752,-10.09246,0.0],[142.19011,-10.08099,0.0],[142.16961,-10.06015,0.0],[142.15724,-10.05299,0.0],[142.1421,-10.05039,0.0],[142.09702,-10.11858,38.3711],[142.09913,-10.13567,12.0706],[142.10987,-10.14756,35.9943],[142.12469,-10.1583,0.0],[142.13868,-10.17254,8.5736],[142.14291,-10.18564,0.0],[142.1548,-10.18808,0.0],[142.167,-10.18206,0.0]]],
[[[142.84946,-10.01955,3.0692],[142.83155,-10.0206,-0.7124],[142.83562,-10.0372,0.1023],[142.85393,-10.05438,-0.3321],[142.86345,-10.04445,13.2279],[142.86769,-10.03696,5.0651],[142.85955,-10.02516,7.897],[142.85768,-10.02158,8.5243],[142.85353,-10.02191,12.7595],[142.84946,-10.01955,3.0692]]],
[[[142.188,-9.9463,20.9128],[142.17945,-9.94402,7.2357],[142.16798,-9.9498,9.1448],[142.16326,-9.95289,0.0],[142.1701,-9.95924,0.0],[142.17872,-9.97527,0.0],[142.18328,-9.96502,4.8206],[142.19435,-9.95501,0.0],[142.19939,-9.95257,9.0612],[142.19882,-9.94883,45.8221],[142.19467,-9.94752,0.9432],[142.19052,-9.94752,8.2986],[142.188,-9.9463,20.9128]]],
[[[144.0586,-9.90927,31.7319],[144.0429,-9.91302,0.4374],[144.03696,-9.91798,0.0],[144.04298,-9.92856,0.0],[144.0586,-9.90927,31.7319]]],
[[[142.92978,-9.86395,0.0],[142.94549,-9.8589,0.0953],[142.93898,-9.85442,8.9577],[142.93377,-9.85296,10.3558],[142.93051,-9.84946,3.1827],[142.91554,-9.84564,2.0242],[142.89649,-9.85565,0.0],[142.89975,-9.86354,0.0],[142.90284,-9.86883,0.0],[142.91432,-9.8694,0.0],[142.92978,-9.86395,0.0]]],
[[[142.64788,-9.77296,0.0],[142.64584,-9.76238,37.2071],[142.63966,-9.76287,22.6547],[142.62412,-9.76596,2.6397],[142.62599,-9.77785,0.0],[142.64788,-9.77296,0.0]]],
[[[143.76645,-9.60141,0.0],[143.77394,-9.59946,0.0],[143.7802,-9.58929,1.1503],[143.78273,-9.58392,28.5041],[143.77744,-9.57293,26.308],[143.77019,-9.58286,53.0097],[143.75522,-9.58392,0.0],[143.76385,-9.60223,0.0],[143.76645,-9.60141,0.0]]],
[[[142.31113,-9.57122,17.7947],[142.31121,-9.56276,18.3838],[142.28696,-9.55478,18.12],[142.26254,-9.55307,17.0742],[142.26409,-9.56276,10.0192],[142.28167,-9.57122,0.0],[142.30152,-9.57537,0.0],[142.31113,-9.57122,17.7947]]],
[[[142.77101,-9.37371,5.7923],[142.75457,-9.36981,11.7455],[142.71949,-9.37762,8.5002],[142.69361,-9.37957,9.6285],[142.66481,-9.37428,14.1155],[142.63746,-9.37396,9.0049],[142.61232,-9.38323,2.115],[142.60125,-9.39951,9.664],[142.61215,-9.41627,0.0],[142.62859,-9.42498,0.0],[142.64161,-9.4284,0.0],[142.71388,-9.42864,0.0],[142.73178,-9.4249,0.0],[142.74195,-9.4192,8.3348],[142.75229,-9.40838,0.0],[142.76808,-9.39821,0.0],[142.78256,-9.38633,14.0911],[142.77101,-9.37371,5.7923]]],
[[[142.26059,-9.29022,0.0],[142.27914,-9.28704,2.9952],[142.28419,-9.27752,11.2793],[142.28012,-9.26165,2.0859],[142.20688,-9.24017,13.8376],[142.16424,-9.25075,0.0],[142.15089,-9.27142,11.6844],[142.18084,-9.28476,0.0],[142.22218,-9.29111,0.0],[142.26059,-9.29022,0.0]]]]}
,"properties": {"ISO3166-1-Alpha-3": "AUS","country": "Australia","fill": "#00F","name": "Queensland","area_km2": 1734740.5,"hist_schema_id": "Elevation0-9000","hist_area_km2": {"0": 49048.6,"25": 78970.0,"50": 86053.3,"75": 100974.1,"100": 106318.7,"125": 107344.6,"150": 127157.0,"175": 130947.7,"200": 128136.5,"225": 122328.8,"250": 108646.0,"275": 92165.9,"300": 78427.3,"325": 69028.7,"350": 59345.5,"375": 49263.5,"400": 40032.3,"425": 31253.3,"450": 24901.9,"475": 20685.8,"500": 17613.3,"525": 15443.1,"550": 13589.1,"575": 11535.0,"600": 9271.2,"625": 7997.1,"650": 7432.7,"675": 6529.3,"700": 6014.5,"725": 5217.6,"750": 4290.7,"775": 3387.5,"800": 2874.6,"825": 2432.4,"850": 2110.5,"875": 1941.1,"900": 1621.2,"925": 1142.8,"950": 751.7,"975": 516.8,"1000": 385.3,"1025": 314.8,"1050": 288.7,"1075": 245.4,"1100": 206.2,"1125": 152.5,"1150": 122.5,"1175": 85.2,"1200": 63.7,"1225": 48.6,"1250": 33.7,"1275": 22.4}}}