{"type":"Feature","properties":{"GID_1":"AUS.7_1","GID_0":"AUS","country":"Australia","state":"Queensland","VARNAME_1":"NA","NL_NAME_1":"NA","TYPE_1":"State","ENGTYPE_1":"State","CC_1":"3","HASC_1":"AU.QL","ISO_1":"AU-QLD","name":"Queensland.state"},
"geometry":{"type": "MultiPolygon","coordinates": [[[[151.0748,-23.4711,6.0602],[151.0807,-23.4682,0.0],[151.0809,-23.4666,0.0],[151.0754,-23.4607,0.0],[151.057,-23.4477,0.0],[151.0523,-23.4486,0.0],[151.0479,-23.4525,0.2645],[151.0521,-23.4513,2.2728],[151.0508,-23.4541,1.9498],[151.0526,-23.4544,2.2823],[151.0516,-23.4562,2.5544],[151.0431,-23.4563,3.0252],[151.0171,-23.4523,0.0],[151.0152,-23.4545,0.0],[151.0163,-23.462,0.0],[151.0121,-23.4692,1.8392],[151.0139,-23.4736,2.62],[151.01,-23.4765,2.0344],[150.9913,-23.4797,1.2079],[150.991,-23.4838,0.9672],[150.9836,-23.4862,0.0],[150.9787,-23.4897,4.2177],[150.9808,-23.4947,0.0],[150.9896,-23.4976,1.3113],[150.9897,-23.5039,0.0],[150.9941,-23.5093,0.0],[150.9947,-23.5172,2.8554],[151.0007,-23.527,3.6467],[151.0027,-23.5349,1.0153],[151.0049,-23.5368,2.6564],[151.0126,-23.5537,0.0],[151.015,-23.5559,2.9288],[151.0178,-23.5559,3.3475],[151.0183,-23.5588,0.0],[151.0325,-23.5704,0.8443],[151.0359,-23.5791,2.9773],[151.0366,-23.5933,1.503],[151.0439,-23.6087,1.9268],[151.0449,-23.6143,0.0],[151.0539,-23.6156,2.6284],[151.0522,-23.6216,3.1775],[151.0503,-23.6211,3.8447],[151.0497,-23.6162,1.8221],[151.0458,-23.6164,2.0867],[151.0464,-23.6212,2.2389],[151.0508,-23.6247,0.0],[151.0563,-23.626,2.4957],[151.0577,-23.6244,3.3131],[151.0579,-23.6248,5.3174],[151.0578,-23.6255,2.4957],[151.0568,-23.6263,0.655],[151.0615,-23.6286,1.3243],[151.0653,-23.6329,11.9278],[151.0797,-23.6392,2.8934],[151.0839,-23.6429,2.7702],[151.0901,-23.6456,1.2733],[151.092,-23.6448,2.5441],[151.0919,-23.6453,2.5441],[151.0907,-23.6457,1.2733],[151.093,-23.6479,2.692],[151.0967,-23.6573,0.0],[151.1025,-23.6582,0.0],[151.10171649484536,-23.65281340206187,2.312],[151.1024,-23.6541,0.9788],[151.1034,-23.6496,2.4474],[151.1042,-23.6581,0.0],[151.1074,-23.6589,1.5868],[151.1091,-23.6576,3.2142],[151.1092,-23.6579,3.2142],[151.1085,-23.6591,1.5868],[151.1109,-23.6598,0.0],[151.1121,-23.6579,3.4121],[151.1133,-23.6586,2.3848],[151.1127,-23.6605,0.5908],[151.1204,-23.6616,0.8619],[151.1268,-23.6682,0.6626],[151.1297,-23.6692,1.5026],[151.1315,-23.6741,0.0],[151.1366,-23.6778,1.4039],[151.1371,-23.6833,0.723],[151.142,-23.6892,0.0],[151.1421,-23.6934,0.0],[151.1441,-23.6942,3.8689],[151.1433,-23.6968,0.5904],[151.1487,-23.6995,7.652],[151.1549,-23.7131,0.6782],[151.1584,-23.7152,0.0],[151.1608,-23.7191,37.7018],[151.1628,-23.7286,0.0],[151.1722,-23.7452,0.0],[151.1887,-23.7645,5.1752],[151.1922,-23.7732,0.6295],[151.1973,-23.7769,1.7794],[151.1984,-23.7797,0.0],[151.2085,-23.7813,0.5633],[151.2123,-23.7844,3.3362],[151.2158,-23.7834,2.9931],[151.2114,-23.7889,0.0],[151.2145,-23.7944,3.9132],[151.2172,-23.7944,3.2865],[151.222,-23.7994,15.5014],[151.2252,-23.7989,0.8141],[151.225,-23.7928,2.3371],[151.2273,-23.7903,2.6402],[151.2318,-23.795,0.0],[151.2338,-23.7947,0.0],[151.2342,-23.7908,5.1704],[151.2365,-23.7898,1.7445],[151.24,-23.7924,0.0],[151.24,-23.7909,3.0799],[151.2418,-23.7905,7.6573],[151.2452,-23.7941,1.4546],[151.243,-23.7876,5.959],[151.2452,-23.7802,0.958],[151.2419,-23.7753,2.1162],[151.2451,-23.7729,2.5386],[151.2454,-23.7706,2.9039],[151.2473,-23.7714,3.0518],[151.2466,-23.7707,2.9039],[151.2462,-23.7689,2.8601],[151.2453,-23.7694,2.8601],[151.2446,-23.7689,2.3899],[151.2446,-23.7684,2.3899],[151.2458,-23.7675,2.3701],[151.2459,-23.7679,2.3701],[151.2448,-23.7687,2.3899],[151.2464,-23.7688,2.8601],[151.2471,-23.7697,2.9039],[151.2468,-23.7706,2.9039],[151.2475,-23.7713,3.0518],[151.2471,-23.7717,2.7199],[151.2467,-23.7717,2.7199],[151.2455,-23.7707,2.9039],[151.2453,-23.7729,2.7199],[151.244,-23.7742,2.557],[151.2422,-23.7752,2.1162],[151.2452,-23.7797,0.958],[151.2524,-23.7791,1.8075],[151.2502,-23.7765,2.9672],[151.2526,-23.7776,2.9874],[151.2547,-23.7796,0.0],[151.2568,-23.7793,0.7903],[151.2609,-23.7738,1.414],[151.2613,-23.7699,2.8829],[151.2564,-23.7696,3.0673],[151.2549,-23.7669,2.118],[151.2572,-23.7689,1.3439],[151.2563,-23.7656,2.2706],[151.2571,-23.7663,2.0315],[151.2575,-23.7683,1.0198],[151.261,-23.7688,1.3929],[151.2618,-23.7651,0.0],[151.2603,-23.7645,1.9569],[151.2617,-23.7638,0.0],[151.2598,-23.7619,1.5086],[151.2611,-23.7617,1.5086],[151.2606,-23.7586,1.0962],[151.2589,-23.7578,1.9423],[151.2602,-23.7571,0.0],[151.2581,-23.7547,1.7708],[151.2525,-23.7569,2.0378],[151.2528,-23.756,2.0368],[151.2553,-23.7556,1.9874],[151.2539,-23.7547,1.9874],[151.2557,-23.7555,2.5366],[151.2584,-23.7531,1.0643],[151.2595,-23.7544,1.0643],[151.2634,-23.7489,2.2331],[151.2634,-23.7519,1.429],[151.2608,-23.7542,0.9633],[151.261,-23.7558,0.3494],[151.2624,-23.7554,1.9827],[151.2622,-23.7574,0.5086],[151.2653,-23.7566,0.0],[151.2663,-23.7531,1.0136],[151.2684,-23.7537,0.9599],[151.2715,-23.7514,1.579],[151.2716,-23.7493,3.232],[151.2722,-23.7498,2.0369],[151.2718,-23.7509,2.4659],[151.2727,-23.7521,2.3686],[151.2746,-23.7525,2.5168],[151.2742,-23.7535,2.8401],[151.2705,-23.7524,1.579],[151.2705,-23.7563,2.6897],[151.2699,-23.7544,2.1064],[151.2676,-23.7551,0.5318],[151.2676,-23.7576,1.9393],[151.2659,-23.7573,1.9393],[151.2675,-23.7589,1.8911],[151.2659,-23.7607,2.4198],[151.2656,-23.7604,2.3229],[151.2658,-23.7597,2.4198],[151.2667,-23.7591,1.8911],[151.2654,-23.7578,0.0],[151.2626,-23.7587,0.2195],[151.2638,-23.7661,12.7325],[151.2626,-23.7746,0.0],[151.264,-23.7766,0.4722],[151.2653,-23.776,0.7138],[151.2679,-23.7722,1.3168],[151.2675,-23.7692,2.2486],[151.2691,-23.7696,0.0],[151.2682,-23.7674,1.3456],[151.2698,-23.768,0.7867],[151.2688,-23.7657,1.7608],[151.2702,-23.7664,0.9105],[151.2715,-23.7636,2.4387],[151.2735,-23.7627,2.2996],[151.272,-23.7652,2.4403],[151.2748,-23.7671,2.8349],[151.2755,-23.765,2.4994],[151.2763,-23.7647,2.3402],[151.2767,-23.7653,2.3402],[151.2766,-23.7655,2.3402],[151.2763,-23.7654,2.3402],[151.2762,-23.7648,2.3402],[151.2756,-23.7651,2.4994],[151.2764,-23.7657,2.3402],[151.2754,-23.7671,2.8349],[151.2746,-23.7673,2.8349],[151.2755,-23.769,2.5032],[151.275,-23.7704,2.2926],[151.2743,-23.7697,2.2926],[151.2745,-23.7688,2.5032],[151.2754,-23.7692,2.5032],[151.2748,-23.7687,2.5032],[151.2744,-23.7669,2.8349],[151.2709,-23.766,0.7841],[151.2714,-23.7681,1.7088],[151.27,-23.7695,1.7088],[151.2711,-23.7708,2.0536],[151.2698,-23.7702,0.0],[151.2679,-23.7739,2.2968],[151.2696,-23.774,2.2968],[151.2648,-23.7779,0.4722],[151.2789,-23.7914,0.0],[151.2805,-23.7909,5.2174],[151.2854,-23.7973,1.726],[151.2843,-23.7884,0.0],[151.2882,-23.784,4.698],[151.2904,-23.7845,0.2852],[151.2857,-23.7749,7.2547],[151.2876,-23.7714,2.1226],[151.2868,-23.7676,3.3738],[151.2923,-23.7625,0.0],[151.2904,-23.7621,7.4395],[151.2908,-23.7605,0.9902],[151.2943,-23.7605,0.2677],[151.2976,-23.758,0.2679],[151.2964,-23.754,3.0709],[151.2968,-23.754,3.2677],[151.297,-23.7542,3.2677],[151.2988,-23.7571,0.0],[151.3006,-23.7542,3.6811],[151.3036,-23.7585,2.0114],[151.3116,-23.7587,5.4679],[151.3139,-23.7608,4.2518],[151.3153,-23.7592,2.0789],[151.3144,-23.757,6.7454],[151.309,-23.7546,7.2835],[151.3037,-23.749,1.9164],[151.2985,-23.7375,5.7152],[151.2963,-23.7382,8.9386],[151.2974,-23.7372,5.7152],[151.2984,-23.7367,5.7152],[151.2949,-23.715699999999998,0.0],[151.2957,-23.7131,6.8675],[151.2893,-23.6988,24.892],[151.2866,-23.6841,0.0],[151.2789,-23.6801,22.86],[151.2768,-23.6692,0.8229],[151.2722,-23.6629,0.0],[151.269,-23.6633,19.7379],[151.2674,-23.6616,2.6997],[151.2667,-23.6703,7.7025],[151.2643,-23.6712,3.948],[151.265,-23.6692,3.0036],[151.2633,-23.6687,10.3337],[151.267,-23.6657,4.0502],[151.2631,-23.6665,6.9752],[151.2584,-23.6652,1.749],[151.2515,-23.6572,2.5185],[151.2484,-23.6569,5.1293],[151.2466,-23.653,8.6301],[151.2478,-23.6506,0.0],[151.2446,-23.6494,13.6925],[151.2464,-23.648,1.4579],[151.2455,-23.6459,0.0],[151.2439,-23.6459,6.782],[151.2432,-23.6431,0.0],[151.2413,-23.6446,21.371],[151.2394,-23.6431,2.075],[151.2391,-23.6413,0.0],[151.2408,-23.6402,0.0],[151.2375,-23.6366,4.5429],[151.2384,-23.6322,0.0],[151.2363,-23.629,25.5416],[151.2379,-23.627,0.0],[151.2367,-23.622,28.3282],[151.2345,-23.6186,17.7664],[151.2272,-23.614,10.895],[151.2273,-23.6109,1.0607],[151.2256,-23.6095,0.0],[151.2244,-23.5966,13.3667],[151.2267,-23.5875,0.8197],[151.2244,-23.5797,10.0167],[151.2254,-23.5662,0.0],[151.2356,-23.5309,0.0],[151.2351,-23.5103,4.6436],[151.2368,-23.5078,30.0562],[151.2352,-23.5038,7.3215],[151.2352,-23.4936,0.0],[151.2364,-23.4904,4.929],[151.2392,-23.49,0.0],[151.2392,-23.4881,0.0],[151.2352,-23.4837,6.5831],[151.2331,-23.4838,21.0547],[151.2296,-23.4902,0.0],[151.2323,-23.4924,9.3247],[151.2321,-23.4946,14.8948],[151.2251,-23.5008,0.0],[151.2186,-23.5035,2.0981],[151.2221,-23.5094,0.0],[151.2176,-23.5139,0.0],[151.2174,-23.5184,4.4607],[151.2025,-23.5307,3.248],[151.1942,-23.5333,4.4677],[151.192,-23.5391,2.6933],[151.1902,-23.5396,3.0733],[151.1907,-23.5371,3.6458],[151.1834,-23.5413,2.6727],[151.1906,-23.5352,1.925],[151.1931,-23.531,4.8525],[151.1865,-23.5319,3.6218],[151.1848,-23.5343,2.9237],[151.1837,-23.5313,3.5],[151.1887,-23.5309,3.3268],[151.1935,-23.5275,5.0645],[151.1843,-23.5257,3.7189],[151.1825,-23.5244,2.8491],[151.1826,-23.5209,3.3301],[151.1861,-23.5248,2.3657],[151.1915,-23.5243,3.865],[151.1904,-23.5204,4.0418],[151.1955,-23.5234,3.3413],[151.1915,-23.5187,4.207],[151.1993,-23.5201,3.9325],[151.2033,-23.5147,0.0],[151.2024,-23.5121,2.747],[151.1996,-23.5104,5.3672],[151.1902,-23.5093,2.0151],[151.1739,-23.5111,0.0],[151.1583,-23.5101,1.6012],[151.1552,-23.5113,2.3233],[151.1565,-23.5103,2.8584],[151.1561,-23.508,2.8353],[151.153,-23.5072,1.1949],[151.149,-23.5085,2.9196],[151.1478,-23.5063,2.7877],[151.1505,-23.5058,0.0],[151.1231,-23.4907,0.8082],[151.1215,-23.4918,0.0],[151.1257,-23.4989,1.3756],[151.1199,-23.494,1.2476],[151.1117,-23.4913,2.0689],[151.1069,-23.4858,2.8694],[151.1009,-23.4885,3.7823],[151.0868,-23.4799,2.6394],[151.0846,-23.4815,0.9162],[151.085,-23.4879,2.235],[151.0812,-23.4865,3.2531],[151.0754,-23.4888,2.4902],[151.0727,-23.4884,1.5941],[151.0779,-23.4828,4.6852],[151.0722,-23.4749,4.0891],[151.0748,-23.4711,6.0602]],
[[151.10171649484536,-23.65281340206187,2.312],[151.10164577464786,-23.652680281690142,2.312],[151.1017,-23.6527,2.312],[151.10171649484536,-23.65281340206187,2.312]],
[[151.10164577464786,-23.652680281690142,2.312],[151.0984,-23.6515,2.0241],[151.1007,-23.6509,3.3193],[151.10164577464786,-23.652680281690142,2.312]]],
[[[153.5457,-28.1672,6.4958],[153.5522,-28.1644,1.2112],[153.5499,-28.1612,0.0],[153.5481,-28.1641,7.7635],[153.5447,-28.1645,0.0],[153.5436,-28.1669,2.4587],[153.5366,-28.1651,0.0],[153.5295,-28.1672,3.0044],[153.5233,-28.1661,1.6491],[153.5104,-28.1576,0.9013],[153.4987,-28.1455,2.1397],[153.4864,-28.1257,0.0],[153.485,-28.1276,0.0],[153.48,-28.1268,1.1111],[153.4755,-28.1226,1.3498],[153.46,-28.0948,0.0],[153.46,-28.0909,0.0],[153.4544,-28.089,1.6825],[153.4505,-28.0838,3.0864],[153.4439,-28.0655,4.0488],[153.4378,-28.0407,7.5993],[153.4311,-27.9989,0.0],[153.4291,-27.9381,2.5613],[153.4296,-27.9358,0.0],[153.4346,-27.934,0.0],[153.4244,-27.9367,2.0562],[153.4213,-27.9409,0.0],[153.4216,-27.9492,0.0],[153.4222,-27.9412,0.0],[153.4253,-27.9422,2.5532],[153.4239,-27.9611,0.9219],[153.4261,-27.9659,0.0],[153.4234,-27.9663,0.0],[153.4233,-27.9677,0.0],[153.4254,-27.9678,3.6736],[153.423,-27.9683,0.0],[153.424,-27.9706,0.0],[153.4265,-27.9697,1.9437],[153.4275,-27.9714,1.0148],[153.4241,-27.9721,0.0],[153.4258,-27.9736,1.6367],[153.4216,-27.9785,0.0],[153.4245,-27.9832,5.3832],[153.4198,-27.9807,0.0],[153.4186,-27.9847,2.4607],[153.4218,-27.9918,0.6738],[153.4258,-27.9889,3.1859],[153.4281,-27.9897,5.2799],[153.4242,-27.9929,0.0],[153.426,-27.9986,0.0],[153.4213,-27.9937,2.7268],[153.4175,-27.9945,1.5644],[153.4203,-27.9929,0.6738],[153.4186,-27.991,0.0],[153.4149,-27.999,0.0],[153.4155,-27.9903,1.8813],[153.4175,-27.9881,1.0521],[153.4163,-27.9816,0.0],[153.4211,-27.9745,2.9322],[153.4186,-27.9663,0.5844],[153.4131,-27.9608,0.0],[153.4135,-27.9587,0.0],[153.4103,-27.955,1.7728],[153.4105,-27.9428,0.5859],[153.4075,-27.9378,3.9648],[153.4065,-27.9256,0.0],[153.405,-27.9256,0.8088],[153.4074,-27.9231,0.0],[153.4079,-27.9088,0.0],[153.4045,-27.8993,0.0],[153.3967,-27.8873,0.8538],[153.3963,-27.8844,0.0],[153.4006,-27.8723,0.4483],[153.3987,-27.8717,1.146],[153.395,-27.8758,0.0],[153.3906,-27.8775,0.9564],[153.3854,-27.8771,0.7887],[153.3792,-27.8739,0.2901],[153.3784,-27.8778,1.7134],[153.3837,-27.8823,1.8074],[153.3835,-27.8888,3.8225],[153.3819,-27.8914,6.7973],[153.3687,-27.8969,2.4104],[153.3585,-27.8933,1.4832],[153.3565,-27.8996,2.5056],[153.3584,-27.9048,0.0],[153.3576,-27.9124,0.8548],[153.3537,-27.9149,2.6061],[153.349,-27.9145,0.0],[153.3504,-27.9169,3.462],[153.3488,-27.9193,2.2798],[153.3433,-27.9105,0.6601],[153.3484,-27.9018,0.0],[153.3424,-27.8949,1.6224],[153.3461,-27.8961,2.8445],[153.3501,-27.9013,0.0],[153.3523,-27.9021,0.0],[153.3555,-27.8931,1.8764],[153.3577,-27.891,1.2902],[153.354,-27.8916,2.2058],[153.3511,-27.89,1.438],[153.3568,-27.8903,1.2902],[153.3718,-27.8937,0.4979],[153.3802,-27.8885,0.3731],[153.3796,-27.885,0.2577],[153.3811,-27.8832,0.0],[153.3783,-27.88,0.4859],[153.3783,-27.8812,0.4859],[153.377,-27.876,1.3795],[153.3814,-27.8671,0.0],[153.3813,-27.8593,1.1637],[153.3763,-27.8551,5.7444],[153.3682,-27.8537,8.9208],[153.3604,-27.8485,2.7162],[153.3762,-27.8494,1.95],[153.375,-27.8429,0.5727],[153.377,-27.8417,1.1924],[153.3803,-27.8426,1.5903],[153.3817,-27.8409,0.0],[153.3803,-27.8338,0.0],[153.3775,-27.8354,1.7209],[153.3774,-27.8384,1.8306],[153.377,-27.8363,1.6626],[153.3773,-27.8351,1.7209],[153.3822,-27.8306,2.0274],[153.3858,-27.8291,1.0499],[153.3841,-27.8287,4.1887],[153.3842,-27.8256,6.2975],[153.3804,-27.8213,7.0039],[153.3736,-27.8195,0.0],[153.3717,-27.8174,0.0],[153.3698,-27.8117,0.0],[153.3711,-27.8082,0.0],[153.3703,-27.8047,0.6611],[153.3661,-27.7994,0.5663],[153.3641,-27.7984,0.6593],[153.3618,-27.8004,1.3083],[153.3516,-27.8019,1.6366],[153.3499,-27.8002,3.5749],[153.3564,-27.7977,1.8054],[153.3667,-27.7962,2.6583],[153.3708,-27.7978,1.8031],[153.3688,-27.8001,1.1352],[153.3718,-27.799,2.1896],[153.3736,-27.7999,1.8867],[153.3754,-27.8024,1.6525],[153.3775,-27.7991,2.3083],[153.3815,-27.8013,1.6853],[153.3836,-27.7996,0.8989],[153.3836,-27.7957,1.1081],[153.3869,-27.7966,3.1154],[153.3916,-27.794,1.1631],[153.3821,-27.7864,0.5796],[153.3843,-27.7844,0.0],[153.4076,-27.7821,0.0],[153.4095,-27.7827,0.0],[153.4266,-27.7785,0.0],[153.4356,-27.7629,0.0],[153.4356,-27.7488,0.0],[153.4393,-27.7358,0.0],[153.4264,-27.7419,0.0],[153.4123,-27.7409,0.0],[153.4058,-27.7344,1.5146],[153.404,-27.7237,0.2242],[153.3925,-27.7078,0.0],[153.3913,-27.707,0.0],[153.3851,-27.7099,0.0],[153.3719,-27.7073,0.0],[153.3683,-27.7119,0.0],[153.3629,-27.7098,0.0],[153.3565,-27.7117,0.0],[153.3528,-27.6986,0.0],[153.3493,-27.6964,2.5675],[153.3464,-27.6974,2.512],[153.3479,-27.6965,2.512],[153.3487,-27.6963,2.5675],[153.3483,-27.6952,0.9139],[153.3405,-27.6982,2.727],[153.3286,-27.6967,2.6943],[153.3263,-27.6988,2.2295],[153.3212,-27.7102,0.6221],[153.3074,-27.7144,2.0244],[153.3037,-27.7145,4.5602],[153.3008,-27.713,2.7453],[153.2932,-27.7017,2.6556],[153.2921,-27.6928,0.0],[153.2932,-27.6917,6.3874],[153.2951,-27.6995,6.8717],[153.3015,-27.7068,2.0013],[153.3064,-27.7074,2.6755],[153.3125,-27.7058,4.3349],[153.323,-27.7003,2.2516],[153.3161,-27.6819,0.0],[153.3165,-27.6786,0.402],[153.3208,-27.6743,0.8386],[153.3117,-27.664,0.7864],[153.3082,-27.6564,0.5146],[153.3102,-27.6528,0.7024],[153.3088,-27.6468,6.1727],[153.3125,-27.6427,4.8325],[153.314,-27.6433,0.5259],[153.3151,-27.6394,0.0],[153.3127,-27.6389,5.9577],[153.3116,-27.6341,2.84],[153.3119,-27.6278,0.428],[153.3097,-27.6236,1.2915],[153.3118,-27.6213,0.0],[153.3096,-27.6152,0.0],[153.3032,-27.6095,0.0],[153.3039,-27.6051,4.3821],[153.3016,-27.6031,6.4264],[153.302,-27.5951,1.3107],[153.2981,-27.593,8.1912],[153.2973,-27.595,6.0544],[153.2974,-27.5937,8.1912],[153.298,-27.5928,8.0201],[153.3031,-27.5946,0.0],[153.3092,-27.5892,3.4761],[153.313,-27.5895,2.0772],[153.312,-27.5851,2.2949],[153.3179,-27.5815,0.0],[153.3152,-27.5793,0.0],[153.3122,-27.5817,4.4218],[153.3095,-27.581,0.0],[153.3053,-27.5749,2.9206],[153.3051,-27.5725,2.9372],[153.3087,-27.5689,1.3197],[153.3078,-27.565,0.7461],[153.2996,-27.5632,3.3162],[153.2903,-27.5652,3.0568],[153.29,-27.5586,3.2707],[153.286,-27.5578,2.9236],[153.2852,-27.5525,0.4085],[153.2825,-27.5521,1.0809],[153.2811,-27.5495,0.0],[153.2834,-27.5448,0.4276],[153.2779,-27.5405,2.455],[153.2848,-27.5349,0.0],[153.2836,-27.5296,1.9501],[153.2907,-27.511,0.0],[153.2888,-27.5095,0.0],[153.2887,-27.5133,0.7815],[153.2859,-27.5157,1.7618],[153.2616,-27.5162,13.2291],[153.2628,-27.5141,0.9499],[153.2605,-27.5126,7.7853],[153.2635,-27.5075,6.2931],[153.2616,-27.5042,12.3842],[153.2645,-27.4992,0.0],[153.2609,-27.4977,3.4341],[153.2606,-27.4939,1.9902],[153.2572,-27.4918,2.6434],[153.2613,-27.4884,2.2758],[153.2606,-27.4844,0.8118],[153.2585,-27.4818,1.9182],[153.2554,-27.4832,2.2061],[153.2416,-27.4807,0.5729],[153.2423,-27.4753,0.5377],[153.2398,-27.4731,3.1245],[153.241,-27.465,2.3075],[153.2376,-27.4673,9.4074],[153.2373,-27.4703,16.1341],[153.2389,-27.4724,5.2373],[153.2371,-27.4776,4.9964],[153.2315,-27.4818,4.7251],[153.2276,-27.4832,4.1085],[153.2188,-27.4829,0.9951],[153.218,-27.4813,5.1932],[153.2073,-27.4818,4.2015],[153.2032,-27.4792,1.0145],[153.2033,-27.4743,0.0],[153.201,-27.4728,0.0],[153.1985,-27.4738,0.4509],[153.1975,-27.4813,1.2267],[153.1884,-27.4842,2.8226],[153.1871,-27.4862,1.3343],[153.1877,-27.4907,5.1419],[153.1918,-27.4919,4.3618],[153.1927,-27.4951,1.2551],[153.19,-27.4943,2.8677],[153.1924,-27.495,1.2551],[153.1912,-27.4922,2.6077],[153.1873,-27.4913,2.9899],[153.1862,-27.4872,1.3937],[153.1876,-27.4841,4.7741],[153.1925,-27.4811,3.4083],[153.1919,-27.4791,2.0523],[153.1924,-27.479,2.0523],[153.193,-27.4811,3.4083],[153.1969,-27.4802,0.7006],[153.196,-27.4753,0.0],[153.1917,-27.4774,2.0011],[153.1886,-27.4758,1.925],[153.192,-27.4759,2.0837],[153.1944,-27.472,0.0],[153.1901,-27.462,9.8298],[153.1945,-27.459,0.0],[153.1947,-27.4564,0.0],[153.1938,-27.4524,0.0],[153.1923,-27.4522,0.0],[153.1931,-27.4576,0.0],[153.1908,-27.4561,0.0],[153.1905,-27.4596,2.9243],[153.1893,-27.4599,9.0166],[153.1888,-27.4534,0.9531],[153.1913,-27.4509,0.0],[153.1867,-27.4513,2.6628],[153.1872,-27.4465,3.9067],[153.1815,-27.4454,1.6674],[153.1754,-27.4404,0.0],[153.1715,-27.4319,1.4551],[153.1722,-27.4295,1.6769],[153.1691,-27.4246,10.096],[153.1708,-27.4221,4.982],[153.1699,-27.417,7.0184],[153.1738,-27.4157,3.8546],[153.1741,-27.4074,3.4938],[153.1704,-27.4017,3.4453],[153.1658,-27.4012,2.5551],[153.1654,-27.3983,2.315],[153.1684,-27.3938,0.7651],[153.1723,-27.3957,1.0438],[153.1789,-27.3958,4.9437],[153.1781,-27.3969,2.4172],[153.1884,-27.4026,2.1011],[153.1872,-27.3973,3.0018],[153.1838,-27.3934,5.0512],[153.1815,-27.3938,5.795],[153.1835,-27.3933,5.795],[153.1793,-27.3857,6.6523],[153.2022,-27.3529,0.0],[153.1888,-27.3455,0.0],[153.1787,-27.36,0.9791],[153.1777,-27.3595,0.0],[153.1719,-27.3658,0.0],[153.1739,-27.3669,0.6459],[153.1678,-27.3762,4.64],[153.1608,-27.3832,0.0],[153.1565,-27.3924,0.0],[153.1583,-27.3946,0.0],[153.1578,-27.3992,0.0],[153.1639,-27.3982,0.7502],[153.164,-27.4017,2.4099],[153.1547,-27.4018,0.0],[153.1559,-27.4033,1.9257],[153.1425,-27.4215,4.4322],[153.1225,-27.4323,0.6729],[153.1119,-27.4424,1.0189],[153.0989,-27.4482,5.4707],[153.0867,-27.4502,8.2295],[153.0791,-27.4492,2.2855],[153.0788,-27.448,2.2855],[153.0739,-27.4475,1.927],[153.0649,-27.4436,2.4924],[153.0535,-27.4423,0.0],[153.0507,-27.4449,0.0],[153.0535,-27.4543,0.0],[153.0538,-27.462,0.0],[153.0574,-27.4698,3.0975],[153.0532,-27.4748,4.3265],[153.0462,-27.4778,3.6447],[153.0429,-27.4775,9.9651],[153.0397,-27.4746,7.5465],[153.0371,-27.4661,2.0903],[153.0352,-27.4647,1.5812],[153.0339,-27.4663,3.9591],[153.0343,-27.4767,2.3135],[153.0317,-27.4819,23.0154],[153.0256,-27.4808,3.2489],[153.0162,-27.4695,0.0],[153.0053,-27.4761,1.8927],[152.9965,-27.4889,6.3709],[153.0154,-27.4909,25.0346],[153.021,-27.495,27.055],[153.0233,-27.5004,13.8663],[153.0203,-27.5045,1.649],[153.0056,-27.506,0.0],[153.0012,-27.5099,13.6379],[153.0003,-27.5145,5.1471],[153.0111,-27.5173,14.3469],[153.0115,-27.52,10.8622],[153.0097,-27.523,9.8202],[152.9949,-27.5237,3.3183],[152.9952,-27.5247,6.6444],[152.9725,-27.506,0.0],[152.9687,-27.5099,8.0619],[152.9678,-27.5151,16.1042],[152.9729,-27.5263,0.0],[152.9714,-27.5325,0.0],[152.9751,-27.5397,23.1896],[152.9742,-27.5446,31.539],[152.9646,-27.5444,7.1319],[152.9601,-27.5367,1.3389],[152.9534,-27.5308,1.2149],[152.9473,-27.5285,6.4949],[152.9406,-27.5281,13.707],[152.9288,-27.529,1.1172],[152.927,-27.5401,21.989],[152.9245,-27.5425,6.3485],[152.9043,-27.5449,15.3378],[152.9033,-27.5475,5.3815],[152.9072,-27.5556,7.7706],[152.905,-27.5577,2.8307],[152.8955,-27.5607,0.0],[152.9024,-27.5666,0.0],[152.8956,-27.5749,13.7754],[152.8946,-27.5792,0.0],[152.897,-27.586,1.5347],[152.9016,-27.5894,0.0],[152.9059,-27.5962,45.3448],[152.9061,-27.6019,20.6081],[152.901,-27.6033,8.7076],[152.8959,-27.6019,2.6547],[152.8888,-27.591,1.1925],[152.8743,-27.5796,15.9868],[152.8701,-27.5819,6.4421],[152.8622,-27.5982,17.7448],[152.8582,-27.5983,19.9887],[152.8557,-27.5956,4.3393],[152.8569,-27.5948,1.8269],[152.8585,-27.5973,3.8965],[152.862,-27.597,0.0],[152.8686,-27.5817,11.91],[152.8741,-27.5786,7.1326],[152.8893,-27.5897,9.8526],[152.8966,-27.6012,0.0],[152.9005,-27.6021,1.5906],[152.9053,-27.6007,2.1551],[152.9028,-27.5935,11.3278],[152.8957,-27.5859,1.5347],[152.8932,-27.5773,11.541],[152.901,-27.5669,4.3327],[152.8953,-27.5637,15.6299],[152.8943,-27.5603,13.5682],[152.9061,-27.5544,14.2322],[152.9019,-27.5481,7.2509],[152.9034,-27.5443,34.9534],[152.9249,-27.5408,1.7519],[152.9268,-27.5291,2.6355],[152.9386,-27.5254,11.7792],[152.95,-27.5273,8.7699],[152.9547,-27.5296,1.2149],[152.9622,-27.5359,9.192],[152.966,-27.5433,5.2983],[152.9733,-27.5427,14.3617],[152.9733,-27.5402,13.9025],[152.9698,-27.5349,2.7885],[152.9709,-27.5259,5.7361],[152.9667,-27.5191,1.9537],[152.9657,-27.5144,0.0],[152.9681,-27.5073,1.8185],[152.9706,-27.5046,0.0],[152.9769,-27.506,26.6032],[152.9865,-27.5126,12.5803],[152.9903,-27.518,1.1573],[152.9969,-27.5217,2.7804],[153.0084,-27.521,10.3705],[153.0096,-27.5194,0.0],[153.0089,-27.5175,2.0755],[153.001,-27.5168,5.1111],[152.9979,-27.5149,14.0493],[153.0004,-27.5067,9.1934],[153.0206,-27.5006,5.6313],[153.0188,-27.4959,7.9915],[153.0151,-27.4925,0.0],[152.9996,-27.4925,0.0],[152.9947,-27.49,4.2406],[152.9951,-27.4852,5.8085],[153.0036,-27.4748,2.43],[153.0114,-27.4688,4.2594],[153.0167,-27.4676,16.5329],[153.0226,-27.4718,3.2175],[153.0272,-27.4786,14.6842],[153.0301,-27.4794,11.6052],[153.0318,-27.4766,2.3451],[153.0306,-27.4689,13.087],[153.0315,-27.4652,1.0449],[153.0339,-27.4627,22.7682],[153.0369,-27.4624,26.4746],[153.0399,-27.4663,12.9561],[153.0429,-27.475,0.0],[153.0491,-27.4741,6.6166],[153.0547,-27.4688,0.0],[153.0508,-27.4623,6.5886],[153.0507,-27.4554,5.9435],[153.0462,-27.4462,0.0],[153.0472,-27.4416,2.8295],[153.0498,-27.4402,2.4849],[153.0626,-27.4398,1.4698],[153.0901,-27.4457,1.0292],[153.1097,-27.4389,1.8734],[153.1184,-27.4295,3.2928],[153.1358,-27.4205,2.1875],[153.1415,-27.4159,0.0],[153.1463,-27.4056,4.4989],[153.1451,-27.4052,4.4989],[153.1471,-27.3983,1.785],[153.1504,-27.3946,0.0],[153.1462,-27.3879,3.0027],[153.1528,-27.3846,0.0],[153.1605,-27.3774,0.0],[153.1571,-27.3745,2.272],[153.1556,-27.3629,0.0],[153.1502,-27.3609,2.0167],[153.1386,-27.3612,0.9658],[153.1224,-27.3524,0.0],[153.1093,-27.349,0.0],[153.1005,-27.343,2.7648],[153.0943,-27.343,1.7207],[153.0936,-27.3389,0.6886],[153.0826,-27.3338,0.0],[153.083,-27.3305,2.0125],[153.0882,-27.3288,10.5584],[153.0868,-27.3253,21.7645],[153.0837,-27.3222,2.5726],[153.0753,-27.3206,6.4079],[153.0696,-27.314,4.8292],[153.065,-27.3019,1.4447],[153.0649,-27.2856,0.6192],[153.0637,-27.2833,2.8262],[153.0779,-27.2644,0.0],[153.0708,-27.2597,0.0],[153.0667,-27.2468,0.0],[153.0616,-27.2371,0.0],[153.0559,-27.2347,3.5817],[153.0539,-27.2303,4.8299],[153.0586,-27.2287,4.0728],[153.0592,-27.2298,2.1802],[153.0677,-27.2291,2.8903],[153.0699,-27.2263,8.4699],[153.0757,-27.228,2.7166],[153.0764,-27.233,3.1208],[153.0703,-27.2414,1.4444],[153.0702,-27.2462,4.9822],[153.0684,-27.2471,4.3664],[153.0717,-27.257,4.5369],[153.0775,-27.2626,2.9499],[153.0795,-27.2632,1.0344],[153.0841,-27.2583,2.1211],[153.0929,-27.2559,4.1977],[153.1005,-27.2588,3.3736],[153.1037,-27.2634,0.6399],[153.1079,-27.2617,0.0],[153.1106,-27.255,2.5415],[153.1098,-27.253,0.0],[153.1124,-27.2428,4.9107],[153.1159,-27.2341,2.4628],[153.1179,-27.2336,0.0],[153.1152,-27.2274,2.9361],[153.1166,-27.2162,3.5323],[153.119,-27.2121,1.2164],[153.1163,-27.2093,0.0],[153.1168,-27.2042,1.0615],[153.1153,-27.2016,3.8004],[153.1166,-27.1983,0.5236],[153.1145,-27.1912,0.0],[153.1064,-27.1909,0.0],[153.1038,-27.1931,0.827],[153.1048,-27.1976,0.0],[153.1032,-27.1996,2.2361],[153.0891,-27.2048,2.7519],[153.0912,-27.2061,2.351],[153.0889,-27.2063,2.8235],[153.0842,-27.2053,3.7645],[153.0806,-27.202,0.9577],[153.071,-27.2011,0.0],[153.0482,-27.1941,0.0],[153.0375,-27.1966,4.5497],[153.033,-27.1909,4.3281],[153.0296,-27.1827,0.8818],[153.0304,-27.1757,5.4557],[153.0366,-27.1654,0.0],[153.0317,-27.1612,2.0058],[153.0306,-27.1585,1.6053],[153.0322,-27.1545,2.5449],[153.0333,-27.1556,1.2813],[153.0322,-27.1609,2.0058],[153.0427,-27.159,1.9621],[153.0434,-27.1562,1.8509],[153.0403,-27.1538,1.0542],[153.0364,-27.157,1.6651],[153.0368,-27.1538,0.8144],[153.0331,-27.154,2.5449],[153.0306,-27.1471,2.3254],[153.0315,-27.1431,0.9836],[153.0344,-27.1411,2.387],[153.0352,-27.1312,2.3042],[153.024,-27.1264,3.2546],[153.022,-27.1241,0.0],[153.0379,-27.1277,2.9898],[153.0402,-27.1382,4.3809],[153.0375,-27.141,3.2775],[153.0355,-27.1488,5.379],[153.0369,-27.1504,2.9986],[153.0434,-27.1494,8.9563],[153.0484,-27.1446,0.0],[153.0637,-27.1142,3.5762],[153.0668,-27.111,4.1817],[153.0682,-27.1116,0.4134],[153.0692,-27.1091,9.252],[153.0977,-27.0933,0.0],[153.0991,-27.0906,4.0174],[153.0989,-27.092,3.0157],[153.0985,-27.0926,3.0157],[153.1005,-27.0925,2.5116],[153.1093,-27.0881,2.7267],[153.1083,-27.0876,4.7226],[153.1182,-27.0849,3.0825],[153.1239,-27.0867,2.0906],[153.133,-27.0859,3.8222],[153.1427,-27.0808,0.0],[153.142,-27.0785,8.9259],[153.1442,-27.0754,5.4046],[153.1366,-27.07,1.1445],[153.1335,-27.0702,3.578],[153.1359,-27.0697,1.808],[153.1261,-27.0628,0.0],[153.119,-27.0629,0.0],[153.1083,-27.0662,2.4563],[153.0989,-27.064,4.0418],[153.1044,-27.0647,3.441],[153.11,-27.0622,3.3106],[153.102,-27.0589,2.665],[153.102,-27.06,2.226],[153.1011,-27.0605,1.7691],[153.1015,-27.0624,1.5937],[153.1002,-27.0625,1.3848],[153.0981,-27.0601,1.4737],[153.0998,-27.0606,1.7691],[153.1009,-27.0589,1.2173],[153.0951,-27.0552,1.1359],[153.0967,-27.0533,0.0],[153.0988,-27.0557,1.1182],[153.1073,-27.058,0.0],[153.1121,-27.056,1.8729],[153.112,-27.051,0.4841],[153.1051,-27.0433,2.3218],[153.1026,-27.0351,4.7673],[153.1004,-27.0327,0.4388],[153.089,-27.0259,0.0],[153.0832,-27.0284,1.5138],[153.0811,-27.0253,0.0],[153.0859,-27.0205,1.4006],[153.085,-27.0166,0.8367],[153.0827,-27.0151,1.4738],[153.0792,-27.0169,2.0036],[153.0782,-27.0192,0.2215],[153.0757,-27.0174,0.7702],[153.0779,-27.0141,1.4849],[153.0727,-27.0098,1.6358],[153.0713,-27.0002,0.0],[153.0665,-26.9988,3.8763],[153.0604,-26.9937,7.2352],[153.0602,-26.9888,2.455],[153.0562,-26.9886,7.0422],[153.0519,-26.9916,3.3103],[153.0475,-26.99,9.2528],[153.0438,-26.9919,6.7913],[153.0412,-26.9902,1.2623],[153.0374,-26.9924,2.9866],[153.0365,-26.9904,1.8018],[153.0303,-26.9919,7.0664],[153.028,-26.9908,1.7783],[153.0295,-26.9871,11.3886],[153.0246,-26.9881,15.3513],[153.0295,-26.987,11.3886],[153.0307,-26.9893,3.9182],[153.0318,-26.9871,7.6397],[153.0416,-26.9859,6.9692],[153.042,-26.9881,1.7125],[153.0453,-26.9859,4.6041],[153.0461,-26.9844,1.4893],[153.0442,-26.9812,0.9777],[153.0457,-26.9745,0.781],[153.0425,-26.9716,5.4751],[153.0434,-26.9694,5.6927],[153.0594,-26.9762,7.5586],[153.0606,-26.9785,3.2679],[153.065,-26.9763,3.2978],[153.0664,-26.9651,0.0],[153.0558,-26.9607,8.0733],[153.0431,-26.9462,12.6086],[153.0457,-26.9402,2.6312],[153.0513,-26.9339,1.0123],[153.0542,-26.9326,0.804],[153.0591,-26.9336,0.8832],[153.0619,-26.9286,0.8395],[153.0587,-26.9228,3.2232],[153.0608,-26.9222,3.7845],[153.0616,-26.9195,11.6001],[153.0592,-26.9173,12.1756],[153.0617,-26.918,11.6001],[153.0625,-26.916,2.3904],[153.0589,-26.9098,4.55],[153.0624,-26.906,4.0938],[153.06,-26.899,5.3049],[153.0628,-26.9002,0.0],[153.0607,-26.8964,8.0948],[153.0611,-26.8929,2.2013],[153.0632,-26.8928,12.5504],[153.0629,-26.8959,5.825],[153.066,-26.9031,0.0],[153.0687,-26.9045,6.2191],[153.0698,-26.908,0.0],[153.0749,-26.9048,0.3689],[153.0787,-26.8983,1.6786],[153.0832,-26.8945,7.0382],[153.0852,-26.896,6.5916],[153.0921,-26.8953,0.8545],[153.0938,-26.8904,4.5662],[153.1017,-26.884,3.6535],[153.0985,-26.8835,5.2531],[153.0948,-26.8787,4.8976],[153.097,-26.8791,7.5163],[153.0987,-26.8819,4.5274],[153.1025,-26.8814,3.1713],[153.1083,-26.876,0.6132],[153.1122,-26.8696,1.0171],[153.1119,-26.8664,5.6531],[153.1086,-26.8664,8.4218],[153.1113,-26.8636,8.8244],[153.1095,-26.858,2.4495],[153.1106,-26.8467,4.7153],[153.1091,-26.8417,0.7281],[153.1151,-26.8411,3.0013],[153.1194,-26.8333,1.6119],[153.1184,-26.8317,1.9838],[153.1209,-26.8298,0.9657],[153.1218,-26.8261,4.1864],[153.1215,-26.8161,5.2173],[153.1247,-26.8064,0.0],[153.1299,-26.8059,2.7473],[153.1347,-26.8094,0.0],[153.1425,-26.8032,0.0],[153.1514,-26.8022,0.0],[153.1485,-26.7967,12.5471],[153.1486,-26.7913,0.0],[153.1404,-26.7878,0.0],[153.1405,-26.7873,0.0],[153.1418,-26.788,1.6639],[153.1415,-26.7854,0.0],[153.1391,-26.7821,3.2739],[153.137,-26.7734,1.335],[153.1373,-26.758,5.0568],[153.1346,-26.729,0.0],[153.1367,-26.6874,3.7236],[153.1394,-26.6792,1.4755],[153.1327,-26.6789,0.0],[153.1333,-26.6825,0.0],[153.127,-26.6837,3.6475],[153.1088,-26.6707,2.2562],[153.1045,-26.6591,5.8465],[153.1033,-26.6477,0.0],[153.1009,-26.6471,0.0],[153.0987,-26.6426,2.755],[153.1013,-26.639,1.7861],[153.102,-26.6165,3.3997],[153.0979,-26.6003,0.0],[153.0978,-26.577,0.0],[153.1026,-26.5465,8.6569],[153.0963,-26.5392,18.6459],[153.096,-26.5359,6.299],[153.0927,-26.5318,11.6996],[153.0934,-26.5192,1.0999],[153.0919,-26.5177,4.8417],[153.0933,-26.5183,1.0999],[153.0938,-26.5171,3.2474],[153.1025,-26.4512,10.7929],[153.1145,-26.3981,0.0],[153.1155,-26.3956,18.3892],[153.1173,-26.3957,6.3335],[153.1168,-26.3926,27.1689],[153.1196,-26.3917,9.6993],[153.1155,-26.3893,8.1624],[153.1158,-26.3836,0.0],[153.1168,-26.3801,4.7401],[153.1199,-26.3792,0.0],[153.1158,-26.3764,9.7818],[153.1118,-26.3793,1.6338],[153.1077,-26.3769,3.2479],[153.1059,-26.3792,24.4491],[153.1007,-26.3793,0.0],[153.0929,-26.3864,7.886],[153.0794,-26.3805,0.0],[153.0714,-26.3681,0.0],[153.0661,-26.3552,7.5631],[153.0613,-26.3305,10.257],[153.0614,-26.3132,10.3074],[153.0663,-26.2721,1.6315],[153.0766,-26.2248,2.9463],[153.0907,-26.1729,31.1147],[153.1132,-26.1036,28.3127],[153.1349,-26.0466,0.7784],[153.1522,-26.0063,2.8501],[153.1854,-25.939,24.1565],[153.1876,-25.9362,40.8685],[153.1917,-25.937,18.9354],[153.1908,-25.9345,44.906],[153.1923,-25.9329,8.2549],[153.1913,-25.9304,21.2124],[153.1865,-25.9271,4.365],[153.1823,-25.9283,6.1969],[153.1816,-25.9369,21.0723],[153.1765,-25.9458,1.7835],[153.1714,-25.9483,13.3819],[153.162,-25.9498,18.0528],[153.1493,-25.9484,14.2659],[153.138,-25.9449,62.5395],[153.1198,-25.9335,6.394],[153.1031,-25.9155,41.7848],[153.0897,-25.8966,0.0],[153.0859,-25.8887,4.4232],[153.0768,-25.8547,0.0],[153.0723,-25.8118,0.0],[153.0626,-25.8086,0.0],[153.0464,-25.808,1.544],[153.045,-25.8086,0.0],[153.0487,-25.8085,3.7006],[153.0484,-25.8089,3.7006],[153.0466,-25.8095,1.544],[153.047,-25.8101,0.0],[153.0547,-25.8105,8.3336],[153.0577,-25.8131,0.0],[153.0674,-25.8161,6.0314],[153.0707,-25.8194,5.7522],[153.0716,-25.8227,8.231],[153.0711,-25.8262,4.3541],[153.068,-25.8265,14.2483],[153.0605,-25.8232,6.7445],[153.0543,-25.827,2.949],[153.0559,-25.8292,1.1227],[153.055,-25.8363,1.7323],[153.0517,-25.8411,0.0],[153.0522,-25.8436,1.6628],[153.0476,-25.8463,0.8256],[153.0464,-25.8494,8.3229],[153.0473,-25.8619,0.3067],[153.0512,-25.8653,1.1898],[153.0528,-25.8686,0.4858],[153.0591,-25.8718,1.4189],[153.0611,-25.8711,10.1326],[153.0593,-25.877,1.7208],[153.0659,-25.8822,1.0393],[153.0661,-25.8856,1.3219],[153.0636,-25.8872,0.9892],[153.0574,-25.8873,3.1178],[153.059,-25.8945,7.5999],[153.0572,-25.8982,0.0],[153.0583,-25.9021,3.4332],[153.0535,-25.9039,0.1897],[153.053,-25.9062,0.0],[153.0551,-25.9096,0.2732],[153.0594,-25.9122,0.2048],[153.0581,-25.9143,0.5249],[153.0573,-25.9138,0.9658],[153.0573,-25.9124,0.2334],[153.0503,-25.909,0.787],[153.0494,-25.9047,10.9895],[153.0513,-25.9036,4.9965],[153.0514,-25.8982,9.9002],[153.0421,-25.9064,12.6453],[153.0375,-25.9081,12.6058],[153.0374,-25.9123,2.0327],[153.0339,-25.9117,7.1886],[153.0327,-25.9088,1.8362],[153.0298,-25.9115,10.0094],[153.0294,-25.9098,5.3471],[153.0337,-25.9064,0.4051],[153.0336,-25.905,5.2267],[153.0269,-25.9079,0.0],[153.0265,-25.9098,5.2508],[153.0246,-25.9082,0.0],[153.0267,-25.9156,0.0],[153.0307,-25.9208,5.0482],[153.0305,-25.9222,6.9545],[153.0274,-25.9212,2.1617],[153.0276,-25.9223,6.1376],[153.0375,-25.927,5.7111],[153.0456,-25.9287,5.4619],[153.0553,-25.9283,1.7489],[153.0568,-25.9294,2.35],[153.0564,-25.9313,1.8934],[153.0462,-25.9316,14.0011],[153.0496,-25.9426,5.6764],[153.0464,-25.9393,0.0],[153.0467,-25.9437,3.9588],[153.046,-25.9437,3.9588],[153.044,-25.9422,1.6405],[153.0435,-25.9443,2.4722],[153.0406,-25.9424,4.0383],[153.0407,-25.936,0.0],[153.0366,-25.94,10.7549],[153.0342,-25.9446,2.7632],[153.0361,-25.9462,7.7527],[153.0336,-25.9481,7.2006],[153.0323,-25.9461,0.0],[153.0334,-25.949,7.2006],[153.036,-25.9506,2.0489],[153.0385,-25.9495,7.8953],[153.0423,-25.951,3.3056],[153.0371,-25.9548,0.7876],[153.0397,-25.957,7.1599],[153.0372,-25.9592,4.3352],[153.0421,-25.9619,5.6059],[153.0367,-25.9627,1.8093],[153.0393,-25.9681,4.0718],[153.0391,-25.9696,6.5891],[153.039,-25.968,4.0718],[153.0368,-25.968,5.8674],[153.0313,-25.9624,0.8933],[153.03,-25.9558,0.3451],[153.0272,-25.9544,0.1085],[153.0274,-25.9597,10.5308],[153.024,-25.959,0.7358],[153.0248,-25.9667,0.0],[153.0305,-25.9742,4.3337],[153.0311,-25.9781,4.9594],[153.0266,-25.9739,0.2815],[153.0248,-25.9753,4.5619],[153.0168,-25.9751,0.2842],[153.0145,-25.9773,0.0],[153.0214,-25.9804,7.1741],[153.0218,-25.9851,1.9078],[153.0266,-25.988,6.1198],[153.0228,-25.9885,6.3112],[153.0191,-25.9864,3.4938],[153.0168,-25.9892,1.0869],[153.0179,-25.9907,0.6134],[153.017,-25.9942,2.7635],[153.0168,-25.9941,5.625],[153.0172,-25.992,1.2803],[153.0178,-25.9908,0.6134],[153.0173,-25.9901,0.6134],[153.0161,-25.9914,11.1148],[153.0163,-25.9898,4.6203],[153.0141,-25.9882,3.1331],[153.0114,-25.9905,10.2926],[153.0163,-25.9827,4.6084],[153.0087,-25.9789,0.0],[153.0056,-25.9813,6.7144],[153.0084,-25.9777,10.1465],[153.0078,-25.9759,11.0213],[153.0088,-25.9761,0.0],[153.0061,-25.9697,11.7869],[153.0073,-25.9681,0.2639],[153.0011,-25.97,6.9946],[152.9998,-25.9696,1.4005],[152.9991,-25.969,1.4985],[152.9997,-25.9676,2.3269],[153.0036,-25.9676,2.4443],[153.0047,-25.964,1.1077],[153.0073,-25.9612,6.6573],[153.009,-25.9566,0.0],[153.0082,-25.9554,0.2554],[153.0076,-25.9596,6.6573],[153.0033,-25.9611,3.2781],[153.003,-25.9584,1.1671],[153.0015,-25.9586,2.4154],[153.0027,-25.9578,2.4416],[153.0038,-25.9582,1.1671],[153.0024,-25.9558,6.493],[153.0033,-25.9524,2.3424],[152.9995,-25.9527,0.8522],[153.0019,-25.9506,5.6633],[153.0054,-25.952,2.3119],[153.0135,-25.9453,3.4989],[153.0227,-25.942,7.1521],[153.0313,-25.934,0.2775],[153.0302,-25.9332,3.1238],[153.0264,-25.9356,6.5008],[153.0228,-25.9317,11.7209],[153.0179,-25.931,0.0],[153.0199,-25.9328,12.9069],[153.0195,-25.9355,7.2257999999999996],[153.0162,-25.9352,2.1223],[153.0149,-25.9393,7.9159],[153.0128,-25.9382,4.5022],[153.0118,-25.9394,3.6275],[153.0096,-25.9385,2.1121],[153.009,-25.9351,0.9359],[153.0019,-25.9353,8.0528],[153.0071,-25.9319,3.0278],[153.0115,-25.9332,0.1683],[153.0157,-25.9309,1.5703],[153.0117,-25.9237,1.396],[153.0089,-25.9213,1.0384],[153.0078,-25.922,4.4474],[153.0067,-25.9177,2.5685],[153.0107,-25.9052,0.0],[153.0164,-25.9038,2.3189],[153.0141,-25.9014,1.9189],[153.0087,-25.9059,4.9736],[153.0009,-25.9066,0.3545],[153.004,-25.9056,0.0],[153.0019,-25.9046,0.0],[153.0093,-25.9039,0.8847],[153.0042,-25.903,0.0],[153.0038,-25.9018,0.0],[153.0046,-25.9021,0.0],[153.0038,-25.8992,6.1413],[153.008,-25.9017,3.8584],[153.0123,-25.8972,8.4872],[153.018,-25.8952,1.9196],[153.0168,-25.893,7.038],[153.0199,-25.8913,4.3937],[153.0207,-25.8954,5.4202],[153.0195,-25.8971,3.1903],[153.0268,-25.8959,13.038],[153.03,-25.8888,1.0469],[153.031,-25.8763,5.4633],[153.0266,-25.8757,3.4023],[153.0219,-25.8663,10.1173],[153.0127,-25.8734,0.7699],[153.0118,-25.8779,0.9195],[153.0129,-25.8808,12.9141],[153.0091,-25.8855,3.5738],[153.0053,-25.8867,1.6298],[153.011,-25.8825,5.4929],[153.0103,-25.8774,1.48],[153.0093,-25.8804,1.3157],[153.0065,-25.8794,0.0],[153.002,-25.881,1.7407],[152.9936,-25.8811,2.5162],[152.995,-25.8787,1.2832],[153.0034,-25.8765,0.0],[153.0048,-25.8719,1.9663],[153.0143,-25.8677,1.3368],[153.0154,-25.8648,0.6487],[153.0166,-25.8655,0.6487],[153.0166,-25.8633,1.2377],[153.0146,-25.8633,1.161],[153.0125,-25.8601,1.2936],[153.015,-25.8538,1.2269],[153.0184,-25.8535,1.7295],[153.0223,-25.8555,1.5292],[153.0259,-25.8521,5.2929],[153.0256,-25.8481,2.6613],[153.0222,-25.8452,3.2895],[153.0228,-25.8395,5.8178],[153.0205,-25.8296,5.4918],[153.0157,-25.8234,4.2618],[153.0075,-25.8194,3.1465],[153.0044,-25.8154,4.4179],[153.0011,-25.8164,5.9287],[152.9872,-25.8034,3.7809],[152.9861,-25.8041,3.7809],[152.9882,-25.8047,7.8019],[152.9884,-25.8082,5.7396],[152.9847,-25.806,1.8684],[152.9818,-25.8099,1.377],[152.984,-25.8146,1.3749],[152.9866,-25.8139,9.7359],[152.9874,-25.8154,6.1954],[152.9854,-25.8164,4.1497],[152.9865,-25.8181,7.7449],[152.9831,-25.8204,8.2054],[152.9821,-25.8229,8.9319],[152.9832,-25.8246,6.0852],[152.9814,-25.8245,4.5515],[152.981,-25.8204,3.8224],[152.9788,-25.8192,6.0771],[152.9805,-25.8146,4.4072],[152.9765,-25.8147,8.6634],[152.9783,-25.8095,0.7179],[152.9603,-25.8136,3.9507],[152.9593,-25.8119,2.1181],[152.9474,-25.812,9.1002],[152.9443,-25.8105,1.6957],[152.9452,-25.8155,6.0419],[152.9492,-25.8184,13.1316],[152.9411,-25.8198,2.8649],[152.9398,-25.8151,1.9278],[152.9367,-25.815,3.525],[152.9404,-25.8087,4.9416],[152.9398,-25.7952,1.6814],[152.9416,-25.7945,8.1834],[152.941,-25.7973,2.5321],[152.9452,-25.7977,12.882],[152.9507,-25.8017,2.2243],[152.9555,-25.7995,15.1433],[152.9612,-25.7994,16.0482],[152.9648,-25.801,13.2134],[152.972,-25.7941,1.5898],[152.9704,-25.7887,5.675],[152.975,-25.7827,1.2701],[152.976,-25.7712,1.302],[152.9732,-25.7661,2.2438],[152.9691,-25.7631,13.6184],[152.9733,-25.7623,1.2938],[152.9719,-25.7618,1.2938],[152.9665,-25.7619,5.5286],[152.9567,-25.7575,0.0],[152.9467,-25.7586,1.791],[152.9422,-25.7613,4.5043],[152.9389,-25.7607,0.2292],[152.9412,-25.7624,4.5043],[152.9385,-25.7633,1.7297],[152.9362,-25.7598,4.3086],[152.9357,-25.7609,4.3086],[152.9359,-25.7614,8.1217],[152.9387,-25.7638,6.8825],[152.9379,-25.7652,1.755],[152.941,-25.7641,6.4755],[152.9419,-25.7653,4.3566],[152.9369,-25.7681,5.816],[152.9349,-25.76,4.3086],[152.9384,-25.7498,11.0152],[152.9375,-25.7444,0.3121],[152.9314,-25.7414,1.1876],[152.9194,-25.7413,13.5521],[152.9122,-25.7385,1.4231],[152.9124,-25.737,1.22],[152.9163,-25.7363,0.0],[152.9169,-25.7337,0.3055],[152.9131,-25.7284,1.1356],[152.9072,-25.728,15.0682],[152.9071,-25.7254,2.4944],[152.9151,-25.7215,0.0],[152.9223,-25.7119,0.0],[152.9202,-25.7063,2.696],[152.9185,-25.7073,3.8303],[152.9109,-25.7059,2.1625],[152.9107,-25.704,0.441],[152.909,-25.7047,1.9268],[152.9062,-25.6996,0.8563],[152.8978,-25.6956,0.8044],[152.8937,-25.6903,0.9172],[152.888,-25.689,1.0104],[152.8784,-25.6836,0.6394],[152.8788,-25.6776,2.2813],[152.8839,-25.6758,0.0],[152.8837,-25.6737,0.5865],[152.8917,-25.6747,0.0],[152.8946,-25.6727,1.576],[152.9032,-25.6753,1.3736],[152.9082,-25.6788,0.5051],[152.9078,-25.6755,3.1308],[152.9115,-25.6748,1.5015],[152.9087,-25.6723,1.0982],[152.9062,-25.6721,1.6762],[152.9035,-25.6625,1.7967],[152.8982,-25.6603,2.6514],[152.8984,-25.6586,1.1063],[152.9002,-25.6602,0.5547],[152.899,-25.657,0.7163],[152.8984,-25.6571,0.7163],[152.8982,-25.6582,1.1063],[152.897,-25.6588,1.5662],[152.8965,-25.6581,1.5662],[152.8962,-25.6538,1.345],[152.8982,-25.6516,3.287],[152.9008,-25.6541,0.7009],[152.9012,-25.6469,3.1549],[152.8981,-25.6358,0.0],[152.8967,-25.6356,0.9499],[152.897,-25.6291,0.7708],[152.8916,-25.624,0.4296],[152.8921,-25.618,2.9518],[152.8891,-25.6158,1.1419],[152.8861,-25.6178,1.8708],[152.8795,-25.6153,1.5698],[152.8752,-25.6097,1.5863],[152.8772,-25.6087,0.0],[152.8786,-25.6019,0.7409],[152.8779,-25.5938,0.0],[152.8769,-25.5934,1.9361],[152.8761,-25.591,2.9516],[152.8793,-25.5912,0.0],[152.8788,-25.5869,1.8078],[152.8779,-25.5898,4.4974],[152.879,-25.5839,1.6193],[152.8771,-25.5819,2.2829],[152.8762,-25.578,2.0687],[152.8764,-25.578,2.0687],[152.8767,-25.5783,2.0687],[152.8774,-25.5796,2.2343],[152.8778,-25.5796,2.2343],[152.8789,-25.5763,1.4777],[152.8748,-25.5723,2.4404],[152.8736,-25.5692,2.9213],[152.8742,-25.5675,2.3513],[152.8772,-25.564,1.4224],[152.8779,-25.5613,0.0],[152.8743,-25.5612,1.8804],[152.873,-25.5595,0.0],[152.8713,-25.5603,2.4834],[152.8721,-25.5594,2.4544],[152.8734,-25.5594,0.0],[152.8732,-25.5576,0.0],[152.8694,-25.5538,0.0],[152.8619,-25.5534,1.1352],[152.8648,-25.5514,0.0],[152.8708,-25.5516,6.713],[152.8753,-25.5564,0.0],[152.8857,-25.5495,3.471],[152.9029,-25.5411,3.0106],[152.904,-25.5387,0.0],[152.8974,-25.5366,3.4381],[152.8973,-25.5339,1.6654],[152.9083,-25.5341,0.9966],[152.9098,-25.5286,5.2417],[152.9047,-25.517,0.0],[152.9032,-25.501,0.0],[152.899,-25.5028,0.0],[152.8979,-25.505,2.0408],[152.8958,-25.5048,0.0],[152.895,-25.5023,1.7625],[152.8966,-25.4989,1.1544],[152.8999,-25.4949,0.4607],[152.9035,-25.4937,2.0596],[152.9179,-25.4817,2.2332],[152.9227,-25.4745,1.1362],[152.9251,-25.4733,0.0],[152.9264,-25.4697,0.0],[152.9372,-25.4675,3.0891],[152.9381,-25.465699999999998,4.8463],[152.9396,-25.4661,1.8094],[152.9466,-25.4612,1.4117],[152.9417,-25.4518,3.5624],[152.9484,-25.4518,1.5168],[152.9485,-25.449,0.9812],[152.9452,-25.4466,4.6052],[152.9505,-25.448,0.0],[152.9526,-25.4459,2.6477],[152.9522,-25.443,3.4241],[152.9547,-25.4427,2.7806],[152.9533,-25.4358,4.6767],[152.9546,-25.4365,1.7417],[152.953,-25.4351,4.7582],[152.9561,-25.4363,0.0],[152.9563,-25.4336,2.0521],[152.9483,-25.4324,0.0],[152.943,-25.4351,7.8276],[152.9408,-25.4305,0.0],[152.9342,-25.4319,0.5821],[152.93,-25.4377,0.0],[152.928,-25.4479,0.5498],[152.9196,-25.4532,3.5678],[152.9028,-25.454,0.0],[152.8853,-25.4619,1.9063],[152.8766,-25.4688,0.0],[152.8641,-25.4887,0.9355],[152.8485,-25.4983,4.3753],[152.8384,-25.4955,0.0],[152.8237,-25.494,0.0],[152.8257,-25.4909,7.1687],[152.8295,-25.4909,6.321],[152.8366,-25.4861,3.5821],[152.8507,-25.4849,1.6112],[152.8546,-25.4719,0.0],[152.8604,-25.4646,2.8453],[152.8593,-25.4637,1.676],[152.8659,-25.4605,2.1392],[152.8689,-25.447,2.7361],[152.8716,-25.4435,1.0197],[152.875,-25.4424,3.0289],[152.8817,-25.4432,0.0],[152.8965,-25.4337,2.342],[152.9082,-25.4293,1.1981],[152.9089,-25.4262,0.0],[152.9072,-25.4253,1.8763],[152.9009,-25.4265,2.7079],[152.8931,-25.4254,0.6086],[152.8899,-25.427,1.6606],[152.8911,-25.4228,2.9441],[152.897,-25.4198,0.0],[152.8965,-25.4189,0.0],[152.9094,-25.4188,2.4521],[152.9244,-25.4308,0.0],[152.9203,-25.423,4.4044],[152.9201,-25.4197,6.1125],[152.9214,-25.4193,1.7886],[152.9149,-25.407,0.0],[152.9164,-25.3953,0.0],[152.9133,-25.39,0.7269],[152.9108,-25.3772,1.6878],[152.9096,-25.3782,4.9126],[152.9131,-25.3686,1.5251],[152.9159,-25.3655,4.7598],[152.9155,-25.3671,1.055],[152.9175,-25.366,1.6084],[152.918,-25.3633,4.0594],[152.9153,-25.3611,3.0365],[152.9165,-25.3605,0.2986],[152.9145,-25.3583,0.3268],[152.915,-25.3541,0.0],[152.9119,-25.3478,12.0338],[152.9075,-25.343,10.5647],[152.9089,-25.338,1.0108],[152.9042,-25.3303,0.0],[152.9058,-25.3233,0.0],[152.9015,-25.314,2.0302],[152.9036,-25.3151,5.422],[152.9048,-25.3069,0.0],[152.9144,-25.2934,0.0],[152.9088,-25.2906,5.7387],[152.9085,-25.2878,0.0],[152.9049,-25.2837,1.5423],[152.8996,-25.2809,0.0],[152.8906,-25.2805,3.5862],[152.8773,-25.283,6.0165],[152.86,-25.2837,4.5929],[152.8512,-25.2825,3.1405],[152.8344,-25.2763,4.9642],[152.8261,-25.2606,0.2403],[152.8253,-25.2533,15.2883],[152.8279,-25.2478,0.1918],[152.8139,-25.2435,8.4888],[152.8117,-25.2461,3.7642],[152.8046,-25.2476,0.5685],[152.8087,-25.253,4.4998],[152.8076,-25.2575,5.1117],[152.8088,-25.2578,5.1117],[152.8071,-25.2582,5.7729],[152.8077,-25.2597,6.5409],[152.805,-25.2629,0.7295],[152.8081,-25.2624,4.0418],[152.8062,-25.2644,0.0],[152.802,-25.2621,0.8501],[152.7977,-25.266,0.0],[152.7774,-25.269,1.8962],[152.7297,-25.2669,3.7056],[152.7224,-25.2696,2.5634],[152.7217,-25.2672,8.2752],[152.7223,-25.2676,8.2752],[152.7227,-25.269,2.2389],[152.7261,-25.2677,2.1297],[152.726,-25.2663,2.1297],[152.6966,-25.2574,1.9118],[152.6765,-25.2455,0.0],[152.6712,-25.2446,8.2931],[152.6679,-25.2458,6.6198],[152.6635,-25.244,0.4354],[152.6623,-25.2405,2.9263],[152.651,-25.23,2.3046],[152.6494,-25.2295,1.8178],[152.6487,-25.2323,2.1816],[152.6471,-25.2326,2.1889],[152.64724285714286,-25.233528571428572,5.6086],[152.6469,-25.2325,2.1889],[152.6487,-25.2316,2.1816],[152.6484,-25.2302,1.8775],[152.6497,-25.2272,3.6334],[152.6396,-25.2161,4.6003],[152.6295,-25.1987,3.1821],[152.615,-25.1833,5.3847],[152.6048,-25.1843,0.0],[152.6073,-25.1846,6.8878],[152.5952,-25.1874,3.5648],[152.5783,-25.1855,2.4128],[152.5694,-25.1817,3.9731],[152.557,-25.1821,3.8711],[152.5483,-25.1883,7.9719],[152.5473,-25.1967,3.1003],[152.5487,-25.2051,4.1025],[152.547,-25.205,1.5244],[152.545,-25.1987,0.9547],[152.5404,-25.1934,1.6846],[152.5403,-25.19,0.8532],[152.5428,-25.1853,2.8091],[152.5538,-25.1766,4.7139],[152.5555,-25.1717,1.1683],[152.5586,-25.1724,1.5286],[152.567,-25.1681,0.0],[152.578,-25.1669,1.1587],[152.5884,-25.1715,0.0],[152.6009,-25.1696,0.0],[152.6095,-25.1734,0.0],[152.6177,-25.1733,0.0],[152.624,-25.1701,0.0],[152.633,-25.1546,0.0],[152.633,-25.1518,0.0],[152.6162,-25.1414,4.7856],[152.5943,-25.1309,1.9417],[152.5771,-25.119,1.7007],[152.5583,-25.0985,1.4791],[152.5462,-25.0738,0.0],[152.543,-25.0774,0.0648],[152.5444,-25.0789,2.6748],[152.5435,-25.0807,8.0783],[152.5445,-25.0803,2.3551],[152.5455,-25.081,2.3551],[152.5446,-25.0812,2.3551],[152.5445,-25.0805,2.3551],[152.5437,-25.0809,2.3551],[152.5433,-25.0806,8.0783],[152.5432,-25.0801,8.0783],[152.5441,-25.079,2.6748],[152.5425,-25.0774,0.0648],[152.5379,-25.0793,1.5355],[152.536,-25.083,1.7643],[152.5369,-25.0846,1.83],[152.5369,-25.0854,1.83],[152.5344,-25.0864,2.6281],[152.5339,-25.0878,2.6281],[152.5351,-25.0874,2.6281],[152.5352,-25.0875,2.6281],[152.5344,-25.0881,2.7393],[152.5337,-25.0878,2.6281],[152.5344,-25.0861,7.8005],[152.5352,-25.0852,7.8005],[152.5368,-25.0851,1.83],[152.5358,-25.0832,1.7643],[152.5361,-25.0811,1.6337],[152.531,-25.0808,6.5448],[152.5274,-25.0731,1.4709],[152.5253,-25.0728,1.4783],[152.5233,-25.0695,2.3971],[152.5208,-25.0729,2.3882],[152.5153,-25.0741,3.1621],[152.5138,-25.0721,4.9599],[152.5127,-25.0724,8.4154],[152.5135,-25.0744,3.976],[152.5115,-25.0748,4.9736],[152.5115,-25.0743,4.9086],[152.5118,-25.074,4.9086],[152.5134,-25.0742,3.976],[152.5125,-25.0726,8.4154],[152.5127,-25.0722,8.4154],[152.5137,-25.0718,4.9599],[152.5154,-25.0722,3.0177],[152.5154,-25.0738,3.1621],[152.5177,-25.0725,2.2793],[152.5202,-25.0728,2.3882],[152.5238,-25.0688,2.3971],[152.5295,-25.0739,2.946],[152.5315,-25.08,0.0],[152.5368,-25.0772,0.9999],[152.5421,-25.0693,2.0223],[152.5472,-25.0688,0.0],[152.5507,-25.0737,0.0],[152.5489,-25.0694,0.0],[152.5392,-25.0597,6.387],[152.5109,-25.0177,0.0],[152.4967,-24.9925,0.0],[152.4914,-24.9799,11.3023],[152.4899,-24.9722,3.9061],[152.488,-24.97,1.1883],[152.4861,-24.9706,1.1883],[152.4865,-24.9654,3.2204],[152.4888,-24.9664,1.2109],[152.4857,-24.9462,3.506],[152.4868,-24.9304,0.0],[152.4946,-24.9163,0.0],[152.4921,-24.9112,11.1502],[152.4905,-24.899,1.2312],[152.4877,-24.8923,5.1519],[152.4876,-24.8868,4.6281],[152.4897,-24.8826,0.7818],[152.4879,-24.8822,11.9228],[152.4827,-24.8712,6.6952],[152.4834,-24.8574,8.5858],[152.4776,-24.8475,2.2167],[152.4788,-24.8403,3.1492],[152.4737,-24.837,0.0],[152.4666,-24.8261,0.0],[152.4661,-24.8212,0.0],[152.4682,-24.8161,0.0],[152.4644,-24.8144,3.8615],[152.4608,-24.8079,0.8052],[152.4573,-24.8065,1.8507],[152.4559,-24.8026,0.9077],[152.4443,-24.7992,2.2686],[152.4342,-24.784,3.0768],[152.4212,-24.7753,7.8071],[152.4128,-24.7577,0.0],[152.4079,-24.7615,3.2573],[152.4016,-24.7607,3.2837],[152.4013,-24.7576,0.0],[152.3963,-24.7599,2.7055],[152.3907,-24.7587,1.7273],[152.3885,-24.76,1.0339],[152.3896,-24.76,4.3396],[152.3887,-24.7623,4.6285],[152.3844,-24.7631,1.7828],[152.3824,-24.7707,1.7924],[152.3868,-24.7779,0.0],[152.3869,-24.7806,0.0],[152.3844,-24.7914,0.344],[152.3855,-24.7924,7.0473],[152.3844,-24.7917,0.344],[152.3834,-24.7969,2.0883],[152.3813,-24.7966,0.0],[152.3817,-24.7831,0.0],[152.3776,-24.7683,0.0],[152.3836,-24.7561,5.2763],[152.3949,-24.7506,4.6499],[152.3912,-24.7477,3.8928],[152.3944,-24.7493,3.701],[152.3951,-24.7499,4.6499],[152.3956,-24.7534,1.8344],[152.3967,-24.7506,0.0],[152.3956,-24.7469,0.0],[152.3788,-24.732,0.0],[152.3663,-24.7305,0.0],[152.3466,-24.7325,0.0],[152.3438,-24.7352,0.0],[152.3493,-24.7328,0.0],[152.3601,-24.7331,0.0],[152.3628,-24.7318,0.0],[152.365,-24.7367,2.6518],[152.3534,-24.741,0.7747],[152.3455,-24.7397,1.6998],[152.3436,-24.7411,1.3192],[152.3385,-24.7395,0.6091],[152.3336,-24.7436,2.6668],[152.3332,-24.7428,3.0783],[152.3376,-24.7383,2.1024],[152.3398,-24.7387,0.6091],[152.3431,-24.7403,1.3192],[152.3445,-24.7378,0.0],[152.3477,-24.7381,0.0],[152.3037,-24.7267,1.7413],[152.2763,-24.7132,1.0899],[152.2499,-24.695,0.9362],[152.2292,-24.673,0.0],[152.2063,-24.6572,0.0],[152.1995,-24.6535,5.7868],[152.1934,-24.6537,0.0],[152.1781,-24.6475,1.2615],[152.1483,-24.6266,7.7082],[152.1114,-24.5844,0.0],[152.0987,-24.5737,5.3277],[152.0923,-24.5661,3.9787],[152.0775,-24.5449,9.4158],[152.0647,-24.5222,2.9817],[152.0604,-24.5205,0.0],[152.0586,-24.5178,0.0],[152.0555,-24.522,0.0],[152.049,-24.5264,0.0],[152.0466,-24.527,0.0],[152.044,-24.525,0.0],[152.0459,-24.5232,0.0],[152.0432,-24.5235,4.3361],[152.0513,-24.5191,2.1769],[152.0478,-24.5187,4.1728],[152.0461,-24.5206,4.509],[152.047,-24.5188,4.0212],[152.048,-24.5181,4.1728],[152.05,-24.5176,2.8654],[152.0542,-24.5173,0.0],[152.0576,-24.512,0.0],[152.0405,-24.4976,6.7408],[152.0059,-24.4337,0.0],[151.9835,-24.3741,12.282],[151.9786,-24.3531,0.0],[151.9747,-24.3453,0.0],[151.9677,-24.3198,0.0],[151.9615,-24.3102,1.372],[151.9565,-24.2923,14.9298],[151.9537,-24.2876,8.4611],[151.9496,-24.2712,3.516],[151.9486,-24.2579,26.9916],[151.9459,-24.2529,3.6816],[151.9434,-24.2401,0.5887],[151.9374,-24.2331,5.9799],[151.933,-24.233,1.1576],[151.9284,-24.2279,0.0],[151.9247,-24.2224,0.0],[151.9228,-24.2142,0.0],[151.9204,-24.2109,0.5845],[151.9172,-24.209,0.0],[151.9143,-24.2095,0.0],[151.911,-24.2069,0.654],[151.9084,-24.2088,9.2287],[151.9061,-24.208,3.285],[151.8999,-24.1966,1.817],[151.8952,-24.183,17.8486],[151.8918,-24.1641,0.0],[151.8863,-24.1494,6.6696],[151.8848,-24.1502,0.0],[151.8853,-24.1552,18.8415],[151.8826,-24.16,0.888],[151.8841,-24.1611,14.8142],[151.8836,-24.1656,8.5892],[151.8809,-24.1686,0.5422],[151.8827,-24.1703,0.4556],[151.8828,-24.1755,0.6489],[151.8775,-24.1811,1.21],[151.8704,-24.1855,1.9835],[151.869,-24.1896,2.6492],[151.8696,-24.1916,1.6017],[151.8777,-24.1922,2.6765],[151.879,-24.1937,16.1451],[151.8702,-24.1948,2.8356],[151.8674,-24.1995,3.6893],[151.8589,-24.2064,2.9107],[151.8567,-24.2106,2.4288],[151.8517,-24.2133,1.2454],[151.853,-24.2163,2.4288],[151.8491,-24.2185,3.3384],[151.8507,-24.2162,3.1384],[151.8486,-24.2155,2.3922],[151.8495,-24.2128,2.1792],[151.8516,-24.2114,1.0382],[151.8494,-24.2086,2.3296],[151.853,-24.2083,1.2559],[151.8631,-24.1941,0.0],[151.8634,-24.1862,2.6751],[151.8658,-24.1793,4.3386],[151.8695,-24.1779,1.5287],[151.8758,-24.1715,0.3797],[151.8741,-24.1702,0.0],[151.8695,-24.1718,1.0924],[151.8688,-24.17,0.0],[151.8607,-24.1738,3.1907],[151.846,-24.1725,0.0],[151.8447,-24.175,2.6871],[151.8399,-24.1777,2.2053],[151.8359,-24.1769,3.7958],[151.8234,-24.1703,2.2413],[151.8213,-24.1654,4.3838],[151.8277,-24.1675,11.3704],[151.8295,-24.171,0.0],[151.8329,-24.1713,0.7699],[151.8337,-24.1729,2.8002],[151.8406,-24.1707,0.0],[151.8244,-24.1623,1.617],[151.8047,-24.1458,12.1194],[151.7931,-24.1263,1.2564],[151.7847,-24.1219,0.6301],[151.7877,-24.1256,1.0986],[151.7851,-24.1294,2.0754],[151.7854,-24.1248,8.0912],[151.7842,-24.1243,1.3421],[151.7801,-24.1293,2.0646],[151.7733,-24.1271,2.6511],[151.7715,-24.1295,0.5407],[151.7717,-24.1247,0.0],[151.7793,-24.1284,2.0646],[151.7778,-24.1267,1.797],[151.7823,-24.1212,0.1757],[151.7846,-24.1212,0.151],[151.7841,-24.1191,0.0],[151.7867,-24.1177,0.0],[151.7742,-24.0833,0.0],[151.7679,-24.0602,3.006],[151.7669,-24.0403,0.0],[151.7625,-24.0342,0.0],[151.7634,-24.0314,0.0],[151.7659,-24.0321,1.1032],[151.7691,-24.0288,9.12],[151.7679,-24.0241,5.5099],[151.769,-24.0218,3.1448],[151.7658,-24.0188,4.3081],[151.7646,-24.0152,0.6316],[151.7622,-24.0147,0.6402],[151.7579,-24.019,6.509],[151.7534,-24.0184,10.911],[151.7475,-24.0133,0.0],[151.7427,-24.0015,8.9203],[151.7404,-24.0011,0.0],[151.7403,-24.0032,7.3906],[151.7384,-24.0033,0.0],[151.7406,-24.0176,0.0],[151.7451,-24.0233,0.0],[151.7449,-24.032,0.0],[151.743,-24.0362,0.0],[151.7349,-24.0419,1.8628],[151.7382,-24.0451,2.0699],[151.7377,-24.042,2.0727],[151.7414,-24.0423,2.6628],[151.7409,-24.0441,2.6235],[151.7386,-24.0432,2.137],[151.7398,-24.045,2.2532],[151.7383,-24.0468,10.21],[151.7349,-24.0481,3.1726],[151.7349,-24.0465,4.3066],[151.7311,-24.0444,2.4179],[151.7253,-24.0498,3.1919],[151.7268,-24.0548,2.1181],[151.7321,-24.0619,3.1456],[151.7249,-24.07,2.3653],[151.7247,-24.0735,2.2554],[151.7214,-24.0777,2.2314],[151.7223,-24.0809,2.0334],[151.7196,-24.0807,1.6672],[151.7175,-24.0825,1.1673],[151.7159,-24.0873,2.4656],[151.7155,-24.0815,0.0],[151.7208,-24.069,0.0],[151.7158,-24.0581,2.1479],[151.7049,-24.0579,1.8845],[151.7028,-24.0564,4.273],[151.7102,-24.0558,1.1858],[151.7115,-24.0524,4.8158],[151.7099,-24.0455,1.118],[151.706,-24.0463,3.0272],[151.7046,-24.0398,2.2578],[151.7112,-24.0398,2.161],[151.7199,-24.0354,6.1092],[151.7245,-24.0309,2.4801],[151.7244,-24.0289,2.623],[151.7259,-24.0298,2.0525],[151.7273,-24.0245,11.4691],[151.7303,-24.0225,0.0],[151.7256,-24.02,0.0],[151.7153,-24.0194,0.0],[151.6976,-24.0116,7.8544],[151.6888,-24.0058,1.3729],[151.6731,-23.9894,5.5566],[151.6668,-23.9868,0.0],[151.6616,-23.9873,4.5111],[151.656,-23.9836,12.8718],[151.6505,-23.9825,15.8343],[151.6443,-23.9774,2.3694],[151.6369,-23.9816,4.5017],[151.6314,-23.9799,13.3313],[151.6257,-23.9742,4.3684],[151.6235,-23.9748,0.0],[151.6234,-23.9775,0.0],[151.6211,-23.9794,0.0],[151.6106,-23.9793,0.0],[151.6057,-23.9884,12.5011],[151.6069,-23.9957,3.0775],[151.6035,-24.0021,0.4311],[151.603,-24.0066,0.0],[151.6044,-24.0088,0.9777],[151.617,-24.0074,4.7205],[151.6217,-24.01,2.0627],[151.6254,-24.0092,10.1637],[151.6284,-24.0132,0.0],[151.6302,-24.0131,0.942],[151.6336,-24.0052,1.3539],[151.6339,-23.999,2.1767],[151.637,-23.9989,3.1672],[151.6397,-24.0012,3.491],[151.6367,-23.9966,3.0342],[151.6382,-23.9969,3.1802],[151.6416,-24.0026,7.3922],[151.6391,-24.0031,2.2524],[151.6354,-23.9998,3.4706],[151.6367,-24.0043,3.0034],[151.6329,-24.0113,2.1178],[151.6368,-24.0127,2.8687],[151.6384,-24.011,1.9741],[151.6399,-24.0119,1.7295],[151.6413,-24.0146,2.6175],[151.6364,-24.0138,1.7778],[151.6357,-24.0164,2.4077],[151.6468,-24.0276,0.8835],[151.6382,-24.0292,2.4656],[151.6367,-24.0305,0.0],[151.6376,-24.0329,0.0],[151.652,-24.0322,1.1891],[151.6614,-24.038,2.4767],[151.6691,-24.0519,0.0],[151.6718,-24.0525,0.0],[151.6743,-24.0488,1.5204],[151.6775,-24.0496,2.3458],[151.6768,-24.0514,1.5547],[151.6806,-24.0558,0.7736],[151.6814,-24.0603,1.5589],[151.6857,-24.0673,2.3329],[151.6805,-24.0643,1.8034],[151.6755,-24.0662,1.9298],[151.676,-24.0621,0.3371],[151.6704,-24.0575,0.0],[151.6663,-24.0575,0.0],[151.6647,-24.0605,0.0],[151.6662,-24.066,0.0],[151.6696,-24.067,2.4529],[151.6675,-24.0694,2.8288],[151.6778,-24.0766,7.6963],[151.6753,-24.0801,4.5081],[151.6805,-24.0875,4.4393],[151.6841,-24.0889,0.0],[151.6825,-24.1041,1.557],[151.6783,-24.1103,0.0],[151.678,-24.1033,1.449],[151.6801,-24.0999,0.0],[151.6799,-24.097,0.0],[151.6789,-24.092,0.0],[151.6755,-24.0885,0.0],[151.6723,-24.0893,0.6291],[151.6712,-24.0986,2.1125],[151.6698,-24.0904,1.1744],[151.6653,-24.0847,0.0],[151.6603,-24.0848,0.6468],[151.6595,-24.087,3.6082],[151.6615,-24.0904,1.3362],[151.6573,-24.0905,2.6629],[151.6579,-24.0889,0.681],[151.6535,-24.0822,1.0482],[151.654,-24.0762,0.0],[151.6519,-24.0736,0.2748],[151.6489,-24.0752,0.65],[151.6491,-24.0821,1.119],[151.645,-24.0804,0.8173],[151.6432,-24.0778,1.045],[151.6433,-24.0745,0.0],[151.6353,-24.0647,0.0],[151.6375,-24.0641,11.8204],[151.6383,-24.0617,0.0],[151.6347,-24.0558,0.0],[151.621,-24.055,2.8119],[151.6182,-24.0496,0.0],[151.6104,-24.0425,0.6754],[151.6051,-24.0481,3.3065],[151.5997,-24.0476,1.0833],[151.5955,-24.0446,15.7512],[151.5933,-24.0488,4.1297],[151.5881,-24.0476,0.0],[151.5827,-24.0499,1.8725],[151.5778,-24.0462,1.1054],[151.5737,-24.0357,0.0],[151.5649,-24.0369,9.9918],[151.5661,-24.0457,0.2525],[151.5593,-24.0557,1.6381],[151.5598,-24.0578,1.4213],[151.5553,-24.07,8.0438],[151.557,-24.0717,6.3675],[151.5616,-24.0718,1.5163],[151.5759,-24.0776,0.0],[151.5791,-24.0822,0.0],[151.5801,-24.0871,1.7155],[151.5757,-24.0874,2.0856],[151.5738,-24.0814,2.826],[151.5717,-24.0811,0.0],[151.5678,-24.0767,3.6397],[151.5605,-24.0736,0.0],[151.5595,-24.0774,3.1103],[151.5628,-24.085,1.6462],[151.5636,-24.1114,0.0],[151.5621,-24.111,0.0],[151.5599,-24.0998,3.2927],[151.5582,-24.1086,2.8515],[151.5571,-24.1105,1.1035],[151.5551,-24.1091,0.7455],[151.5554,-24.0881,0.9859],[151.5528,-24.0817,0.8079],[151.5508,-24.0847,2.4565],[151.5518,-24.0952,1.3719],[151.5474,-24.1011,2.0989],[151.5483,-24.104,1.467],[151.552,-24.1068,0.9891],[151.5521,-24.1103,1.3387],[151.55,-24.1125,3.3186],[151.5454,-24.1133,1.342],[151.5502,-24.1086,0.8307],[151.5452,-24.1037,1.332],[151.5452,-24.1003,1.9766],[151.5482,-24.0951,0.8744],[151.5477,-24.0894,0.0],[151.546,-24.0874,1.4185],[151.5389,-24.0901,3.0812],[151.5247,-24.0889,1.4019],[151.5248,-24.0846,3.0642],[151.5185,-24.076,3.8849],[151.5173,-24.0703,1.7521],[151.5191,-24.0678,0.9372],[151.5274,-24.0638,0.0],[151.5268,-24.0603,2.8726],[151.5206,-24.0519,2.7938],[151.5156,-24.051,3.6863],[151.5109,-24.0471,0.0],[151.5011,-24.045,0.5266],[151.5011,-24.0398,0.3391],[151.5097,-24.0416,1.1923],[151.5089,-24.0397,2.8824],[151.5135,-24.0379,7.8202],[151.5154,-24.0397,1.6564],[151.5268,-24.0351,2.0178],[151.5444,-24.0375,4.7657],[151.5459,-24.0342,0.0],[151.5439,-24.0293,1.3496],[151.5077,-24.0172,1.3569],[151.4917,-24.0067,11.8542],[151.4676,-23.9947,6.6091],[151.4647,-23.998,8.6098],[151.4549,-23.9984,11.9114],[151.4405,-23.992,8.5857],[151.4377,-23.9939,0.0],[151.4375,-23.997,0.0],[151.4381,-24.0037,0.0],[151.4391,-24.0027,14.0775],[151.4386,-24.0087,13.2578],[151.4427,-24.0148,4.813],[151.4416,-24.0158,0.0],[151.4502,-24.0242,2.7272],[151.4592,-24.0274,2.9932],[151.4582,-24.028199999999998,1.089],[151.4659,-24.0349,0.896],[151.4682,-24.0326,2.3996],[151.4686,-24.0339,3.3957],[151.467,-24.0353,0.896],[151.4704,-24.0382,0.0],[151.4714,-24.0371,3.2914],[151.4699,-24.0358,1.5606],[151.4748,-24.0336,2.7522],[151.4749,-24.0345,2.7522],[151.4713,-24.0352,1.5606],[151.4721,-24.0364,2.7315],[151.4714,-24.0389,0.0],[151.4753,-24.0369,3.3185],[151.4724,-24.0399,0.0],[151.4776,-24.0448,0.0],[151.4785,-24.0497,0.6366],[151.4812,-24.0497,2.6315],[151.4787,-24.052,1.3777],[151.4812,-24.0534,2.3532],[151.4794,-24.0539,0.0],[151.4798,-24.0557,2.0164],[151.4827,-24.0571,3.0973],[151.4796,-24.0575,0.0],[151.4795,-24.0607,0.0],[151.4839,-24.0605,2.5586],[151.4838,-24.0611,1.5657],[151.4807,-24.0618,0.0],[151.487,-24.0632,3.1761],[151.4853,-24.0655,1.6382],[151.4874,-24.0675,1.5419],[151.4938,-24.067,2.1733],[151.4899,-24.0688,0.0],[151.4908,-24.07,2.7804],[151.4878,-24.0695,0.0],[151.488,-24.0725,1.5057],[151.4843,-24.0747,0.9141],[151.4845,-24.0711,0.0],[151.4805,-24.0645,0.0],[151.4764,-24.0639,1.6133],[151.4779,-24.0661,2.472],[151.4719,-24.0639,1.4611],[151.4703,-24.0663,0.9791],[151.4725,-24.0711,2.1884],[151.4718,-24.0728,2.1509],[151.4676,-24.0693,0.0],[151.4658,-24.072,2.3631],[151.4646,-24.0709,2.1303],[151.4672,-24.0678,0.5596],[151.466,-24.0669,0.5596],[151.4668,-24.0593,0.0],[151.4638,-24.0553,1.0016],[151.4619,-24.055,1.593],[151.4621,-24.0616,1.2124],[151.4636,-24.0637,2.7914],[151.4628,-24.0636,2.2502],[151.4619,-24.0624,1.2124],[151.4605,-24.065,2.9833],[151.4602,-24.0637,2.0815],[151.4611,-24.0626,0.3586],[151.458,-24.0607,0.5216],[151.4574,-24.0559,2.1418],[151.4554,-24.0568,1.1615],[151.4555,-24.0553,3.013],[151.4573,-24.0549,2.1418],[151.4562,-24.0473,0.8772],[151.4545,-24.0471,2.3129],[151.4577,-24.0427,0.0],[151.4573,-24.0374,0.0],[151.453,-24.0317,0.7761],[151.4507,-24.0318,2.7571],[151.4503,-24.0296,2.0108],[151.4435,-24.026,0.0],[151.4404,-24.0352,1.3135],[151.4444,-24.0462,0.5276],[151.4482,-24.0473,2.614],[151.4473,-24.0478,2.614],[151.4437,-24.046,0.5276],[151.4457,-24.0485,3.7164],[151.4443,-24.049,0.0],[151.4423,-24.0585,0.9981],[151.4434,-24.0619,1.5171],[151.448,-24.0624,3.269],[151.4456,-24.063,0.7898],[151.447,-24.0649,3.6995],[151.4464,-24.0667,1.5971],[151.4432,-24.0665,3.2872],[151.4436,-24.0727,1.8202],[151.4454,-24.0743,1.9253],[151.4433,-24.0748,2.4747],[151.443,-24.0773,2.6263],[151.4379,-24.0769,1.9635],[151.4402,-24.076,0.0],[151.4353,-24.0581,1.7627],[151.4246,-24.046,0.915],[151.4276,-24.0372,1.0898],[151.4264,-24.0368,1.0898],[151.4325,-24.0324,0.0],[151.4333,-24.0307,0.0],[151.4314,-24.0301,2.8088],[151.4335,-24.0301,0.0],[151.4354,-24.0264,0.8677],[151.4319,-24.0207,0.0],[151.4304,-24.0216,5.4406],[151.4302,-24.0228,3.2508],[151.4292,-24.0235,2.8892],[151.43,-24.0228,3.2508],[151.4302,-24.0216,3.2508],[151.4316,-24.0201,0.0],[151.4307,-24.0153,0.0],[151.4282,-24.0146,2.5539],[151.428,-24.0122,1.3877],[151.4297,-24.0117,2.9199],[151.4327,-24.0059,0.0],[151.4317,-23.9997,2.9221],[151.4266,-23.9872,0.9743],[151.4069,-23.9677,0.0],[151.3854,-23.956,1.2894],[151.3664,-23.9374,3.5941],[151.3575,-23.9374,0.953],[151.3548,-23.9358,0.0],[151.3477,-23.9211,1.147],[151.3413,-23.9163,5.8452],[151.3347,-23.9067,0.0],[151.3268,-23.888,2.3473],[151.3241,-23.875,3.6246],[151.3214,-23.875,0.0],[151.32,-23.8786,0.0],[151.3147,-23.884,0.5566],[151.3125,-23.8916,0.0],[151.3046,-23.9001,0.0],[151.3018,-23.8908,0.0],[151.3027,-23.8735,0.0],[151.3064,-23.8704,0.0],[151.3152,-23.8826,0.7864],[151.3154,-23.8776,4.0051],[151.3182,-23.874,0.0],[151.3171,-23.8733,5.5149],[151.3181,-23.8714,0.0],[151.3172,-23.8717,0.0],[151.3192,-23.8596,2.4956],[151.3179,-23.86,2.4956],[151.3184,-23.8625,2.3501],[151.3177,-23.8619,2.3501],[151.3171,-23.8583,8.6515],[151.3158,-23.8574,3.4794],[151.318,-23.8546,0.0],[151.3152,-23.8566,3.4794],[151.3118,-23.8524,0.0],[151.3081,-23.8563,0.478],[151.2976,-23.8604,3.4802],[151.2956,-23.8577,1.1983],[151.2962,-23.8538,0.4544],[151.2924,-23.8573,1.009],[151.2868,-23.8539,1.0579],[151.2852,-23.8539,0.839],[151.2847,-23.8559,2.7943],[151.278,-23.8544,1.1167],[151.276,-23.8493,4.6797],[151.2727,-23.8464,0.7173],[151.273,-23.8408,0.0],[151.2714,-23.8373,2.6314],[151.2596,-23.8327,0.321],[151.2609,-23.8326,0.321],[151.2556,-23.8315,2.034],[151.2529,-23.833,0.0],[151.2466,-23.828,0.0],[151.2466,-23.8284,0.0],[151.2505,-23.8312,1.4382],[151.2509,-23.8346,5.8522],[151.233,-23.8306,4.6282],[151.2321,-23.8268,6.0056],[151.2357,-23.8202,3.8603],[151.2449,-23.8269,1.3325],[151.2359,-23.8199,3.8603],[151.2366,-23.818,1.7189],[151.2356,-23.8197,3.8603],[151.2313,-23.8183,5.125],[151.2212,-23.8228,0.4174],[151.2153,-23.8237,0.589],[151.2081,-23.8212,0.0],[151.1955,-23.8268,4.0979],[151.19282334293948,-23.82699827089337,1.6004],[151.1921,-23.8317,2.9353],[151.1917,-23.827,1.6004],[151.1927,-23.8241,2.8406],[151.1914,-23.8214,4.8773],[151.1876,-23.8222,1.9838],[151.1797,-23.8199,3.8961],[151.1729,-23.8159,3.2852],[151.1696,-23.8078,2.8147],[151.1714,-23.8065,0.0],[151.171,-23.8049,1.8337],[151.1692,-23.804,0.0],[151.1635,-23.7925,4.1287],[151.16,-23.7886,1.7783],[151.1501,-23.783,8.0365],[151.1499,-23.7788,3.3396],[151.1442,-23.77,1.4806],[151.145,-23.765,0.6982],[151.1594,-23.7476,0.0],[151.1568,-23.7423,0.5226],[151.1522,-23.7379,1.3147],[151.1532,-23.7338,0.0],[151.1511,-23.7284,0.0],[151.1453,-23.7215,1.3829],[151.1349,-23.7165,0.3479],[151.1324,-23.7139,0.0],[151.134,-23.7092,1.1503],[151.1327,-23.7073,0.0],[151.1266,-23.7124,1.7191],[151.1238,-23.713,2.3231],[151.1243,-23.7123,1.7291],[151.1268,-23.7117,1.7191],[151.128,-23.71,2.0422],[151.1275,-23.7103,0.5427],[151.1265,-23.7117,1.7191],[151.1246,-23.7102,1.6304],[151.1218,-23.7125,2.1047],[151.1242,-23.7096,1.6304],[151.1227,-23.707,2.4749],[151.1241,-23.7043,0.0],[151.1223,-23.7063,2.4749],[151.1223,-23.7045,0.0],[151.1203,-23.7042,0.0],[151.1189,-23.7063,2.0743],[151.1184,-23.7031,1.3832],[151.1148,-23.7066,2.3764],[151.115,-23.7045,1.5816],[151.1096,-23.7041,1.8128],[151.1153,-23.7037,1.5816],[151.1169,-23.7021,0.0],[151.1145,-23.701,3.0557],[151.1171,-23.7015,0.0],[151.1177,-23.7003,0.0],[151.114,-23.6998,3.0557],[151.1111,-23.6964,2.5212],[151.1165,-23.6984,0.0],[151.1173,-23.6973,2.3878],[151.1228,-23.7015,0.0],[151.1278,-23.6999,0.9938],[151.1246,-23.6973,5.5448],[151.1255,-23.6974,5.5448],[151.1281,-23.6996,1.4033],[151.1284,-23.7004,1.4033],[151.1305,-23.7009,2.947],[151.1346,-23.6984,0.0],[151.1341,-23.6949,0.0],[151.1261,-23.6854,0.0],[151.1218,-23.6714,1.7129],[151.1095,-23.6614,3.0013],[151.1044,-23.6603,0.2896],[151.1016,-23.6629,0.845],[151.0996,-23.6618,1.7447],[151.1036,-23.6604,0.2896],[151.0982,-23.6592,0.2273],[151.0916,-23.6599,2.9732],[151.0909,-23.6586,1.6259],[151.0887,-23.6602,2.8449],[151.088,-23.6596,2.8449],[151.0907,-23.6581,1.9842],[151.0972,-23.6588,0.2273],[151.0927,-23.6546,2.3528],[151.0869,-23.6553,2.709],[151.0865,-23.6571,2.7584],[151.0867,-23.6549,2.9055],[151.0885,-23.6548,2.709],[151.088,-23.6538,2.9544],[151.0923,-23.6544,0.4981],[151.0898,-23.6505,0.5324],[151.0858,-23.6484,1.2609],[151.0837,-23.6498,2.0034],[151.0823,-23.654,2.4649],[151.0812,-23.6544,2.4649],[151.0797,-23.6536,3.1809],[151.08,-23.6533,3.1809],[151.0805,-23.6531,3.1809],[151.0815,-23.6542,2.4649],[151.0824,-23.6535,2.4649],[151.083,-23.6501,2.0034],[151.0847,-23.6474,0.0],[151.0806,-23.6444,0.0],[151.0775,-23.6448,2.3756],[151.0685,-23.6384,2.367],[151.0652,-23.6375,0.0],[151.0651,-23.6389,2.0574],[151.0643,-23.6374,0.0],[151.0584,-23.6364,1.0953],[151.0587,-23.6391,1.8171],[151.0478,-23.6299,0.5774],[151.0457,-23.6345,0.3074],[151.0403,-23.637,2.5011],[151.041,-23.6361,2.6672],[151.0458,-23.6339,0.3074],[151.0467,-23.6296,0.0],[151.0417,-23.6198,0.7945],[151.0398,-23.6234,1.7147],[151.038,-23.6236,1.0963],[151.0397,-23.6203,0.5272],[151.0396,-23.615,0.626],[151.0347,-23.6028,1.2077],[151.0323,-23.6023,1.7144],[151.0304,-23.5963,2.1505],[151.0286,-23.5956,2.6147],[151.0301,-23.5946,1.2817],[151.0304,-23.5814,1.4103],[151.0266,-23.572,3.1539],[151.017,-23.5657,0.4411],[151.0144,-23.5656,0.0],[151.0146,-23.5668,0.0],[151.009,-23.569,4.6117],[151.0069,-23.5667,4.742],[150.9754,-23.5554,0.0],[150.9738,-23.5569,0.0],[150.9725,-23.569,0.0],[150.9716,-23.5912,1.6777],[150.968,-23.6051,4.7137],[150.9605,-23.6108,0.0],[150.9395,-23.6146,4.1809],[150.9383,-23.6171,2.1882],[150.935,-23.6178,1.2889],[150.9301,-23.6232,0.0],[150.9253,-23.6228,0.0],[150.9246,-23.6183,0.0],[150.9325,-23.6097,0.0],[150.9542,-23.6043,1.2036],[150.9592,-23.5986,0.0],[150.9565,-23.5783,39.9741],[150.9584,-23.5632,0.0],[150.9568,-23.5599,0.5992],[150.959,-23.5577,0.9323],[150.9591,-23.5535,1.5074],[150.9544,-23.5484,1.9584],[150.9377,-23.5436,1.5423],[150.9346,-23.544,0.5663],[150.9238,-23.5523,0.9506],[150.9083,-23.5591,0.0],[150.8969,-23.5687,1.4052],[150.8904,-23.5722,2.2736],[150.8748,-23.5768,3.8835],[150.8668,-23.5882,2.2578],[150.863,-23.6167,2.9248],[150.8572,-23.6208,3.2534],[150.8545,-23.6154,1.6284],[150.858,-23.6119,2.8335],[150.86,-23.5929,2.7939],[150.8662,-23.5755,0.0],[150.8509,-23.567,1.9332],[150.8339,-23.5625,0.5973],[150.8342,-23.5538,0.0],[150.8512,-23.5563,0.0],[150.871,-23.5645,3.3552],[150.8765,-23.5653,0.0],[150.8799,-23.5622,0.0],[150.8781,-23.5523,0.0],[150.8698,-23.5483,1.6793],[150.8708,-23.5468,0.0],[150.8697,-23.5463,0.0],[150.8602,-23.5469,2.5285],[150.8477,-23.5421,0.0],[150.8247,-23.5307,1.1913],[150.7899,-23.5101,6.5248],[150.7912,-23.5023,3.6839],[150.7961,-23.5011,4.197],[150.8048,-23.5013,0.9951],[150.815,-23.5046,0.0],[150.8265,-23.504,0.9487],[150.85,-23.5069,0.6824],[150.8609,-23.502,0.0],[150.864,-23.496,1.8126],[150.8666,-23.4849,3.3956],[150.8698,-23.4816,0.0],[150.868,-23.4873,2.7127],[150.8714,-23.4806,0.0],[150.8676,-23.4752,5.8259],[150.8422,-23.4527,2.861],[150.819,-23.4224,3.0491],[150.8115,-23.4095,0.0],[150.8011,-23.3854,0.0],[150.7948,-23.363,3.2387],[150.7916,-23.3606,1.4197],[150.7916,-23.3418,0.0],[150.7934,-23.3363,0.9155],[150.7995,-23.3397,0.0],[150.7982,-23.3352,12.9799],[150.7937,-23.3339,3.7595],[150.7936,-23.3247,0.0],[150.7923,-23.3219,8.3434],[150.7896,-23.3237,3.8887],[150.7886,-23.3226,0.0],[150.7817,-23.3246,4.0629],[150.7765,-23.3223,2.8054],[150.7757,-23.3232,3.4811],[150.7697,-23.318,2.7832],[150.7683,-23.3111,1.8523],[150.7706,-23.3079,0.4673],[150.7677,-23.3028,0.473],[150.7635,-23.302,0.0],[150.7608,-23.3032,1.937],[150.7593,-23.3004,0.0],[150.76,-23.2969,1.4848],[150.7665,-23.2983,1.303],[150.7706,-23.3003,1.1019],[150.7769,-23.3079,2.4465],[150.7898,-23.3097,0.0],[150.8,-23.3002,0.0],[150.8084,-23.2881,0.9097],[150.8105,-23.287,1.3462],[150.8136,-23.2889,1.9147],[150.8205,-23.2791,7.607],[150.8225,-23.2784,3.0245],[150.825,-23.2802,0.8216],[150.8245,-23.2752,7.3227],[150.8259,-23.2746,0.0],[150.8265,-23.2695,13.9697],[150.8289,-23.2686,2.6408],[150.828,-23.2646,0.0],[150.8298,-23.2552,0.3993],[150.8251,-23.2529,10.2032],[150.8242,-23.2457,6.0318],[150.8284,-23.2362,0.0],[150.825,-23.2383,10.1081],[150.8215,-23.2361,0.0],[150.8192,-23.2293,11.7581],[150.8193,-23.2215,0.0],[150.817,-23.2214,0.0],[150.813,-23.2267,3.246],[150.8068,-23.2292,3.1333],[150.809,-23.229,5.2212],[150.8082,-23.2297,4.9501],[150.7987,-23.2278,0.6377],[150.7986,-23.2242,6.2053],[150.7891,-23.2085,6.8258],[150.7879,-23.2017,1.363],[150.7889,-23.1993,5.5449],[150.79,-23.1998,1.0278],[150.7909,-23.202,0.0],[150.7894,-23.2062,4.2294],[150.7922,-23.2046,0.0],[150.7916,-23.2086,0.0],[150.7929,-23.2059,0.0],[150.7936,-23.2007,0.0],[150.7923,-23.1939,3.9066],[150.7931,-23.1871,0.0],[150.7946,-23.1849,1.9332],[150.7972,-23.1851,3.5423],[150.7999,-23.1829,0.0],[150.7989,-23.1786,0.0],[150.7946,-23.1789,3.7026],[150.7923,-23.175,4.8903],[150.7913,-23.1662,0.0],[150.7926,-23.1642,35.3733],[150.7944,-23.1653,0.0],[150.7945,-23.163,35.3733],[150.7888,-23.1587,0.629],[150.7849,-23.1592,0.0],[150.7833,-23.1614,2.2049],[150.7831,-23.1667,23.3035],[150.7776,-23.1645,0.0],[150.7748,-23.1652,9.4229],[150.7671,-23.1551,5.2346],[150.7644,-23.1438,0.0],[150.7626,-23.1419,3.7518],[150.7604,-23.1423,1.7985],[150.759,-23.1388,5.7628],[150.7543,-23.1386,4.3435],[150.7518,-23.1358,0.0],[150.7512,-23.1367,4.1346],[150.7496,-23.1289,0.0],[150.7522,-23.1048,0.0],[150.7683,-23.0674,1.0835],[150.7715,-23.056,8.2008],[150.7723,-23.0211,6.0874],[150.7763,-22.992,0.0],[150.7773,-22.9619,0.0],[150.791,-22.9433,16.9131],[150.7944,-22.9445,4.2227],[150.7943,-22.9424,0.3617],[150.7924,-22.9413,8.9141],[150.7932,-22.9352,8.2161],[150.8,-22.9331,0.0],[150.7956,-22.9288,2.4435],[150.7935,-22.9293,4.0211],[150.7922,-22.9247,22.0897],[150.7887,-22.9258,2.261],[150.787,-22.9222,2.1248],[150.7868,-22.8928,3.2812],[150.7897,-22.8657,14.4201],[150.7969,-22.8253,6.2027],[150.8003,-22.819,5.5533],[150.8038,-22.8159,22.7031],[150.8093,-22.8186,4.5829],[150.8108,-22.8178,19.3505],[150.8068,-22.8045,53.3728],[150.8097,-22.7991,0.5541],[150.8126,-22.7977,0.5229],[150.8154,-22.7984,0.4691],[150.8136,-22.7969,6.3148],[150.8082,-22.7982,50.0741],[150.806,-22.7912,12.446],[150.8123,-22.7492,25.6823],[150.8145,-22.75,0.0],[150.8168,-22.7482,14.849],[150.8178,-22.7449,0.0],[150.8169,-22.7392,42.3374],[150.8191,-22.7327,25.6217],[150.825,-22.731,16.7345],[150.8209,-22.7246,28.0734],[150.8216,-22.7207,13.9966],[150.8238,-22.7199,4.8183],[150.8218,-22.7153,7.7325],[150.8256,-22.7073,5.932],[150.8308,-22.7036,8.5453],[150.8262,-22.698,5.7027],[150.8276,-22.6902,0.0],[150.8311,-22.6846,4.97],[150.8352,-22.6842,0.7012],[150.831,-22.6816,18.6538],[150.8272,-22.6827,3.8831],[150.8224,-22.6809,0.0],[150.818,-22.6813,30.9847],[150.8165,-22.6798,49.7978],[150.8168,-22.6769,3.9611],[150.8123,-22.6797,35.8865],[150.8044,-22.6715,20.7365],[150.8028,-22.6583,0.0],[150.8051,-22.6516,2.7781],[150.8037,-22.6468,0.0],[150.8031,-22.6476,0.0],[150.8013,-22.6454,2.6164],[150.7952,-22.6466,30.2148],[150.7935,-22.6456,0.9655],[150.7912,-22.6498,22.719],[150.7865,-22.65,7.3194],[150.7811,-22.6464,6.1772],[150.7781,-22.6402,0.0],[150.7749,-22.6154,2.7682],[150.7791,-22.5782,8.2136],[150.7829,-22.5656,1.053],[150.7821,-22.5637,21.8153],[150.7845,-22.5629,1.2424],[150.7857,-22.5603,8.965],[150.7843,-22.5557,30.0853],[150.7906,-22.555,0.0],[150.7884,-22.5541,16.4308],[150.7877,-22.5501,32.1942],[150.7859,-22.5492,0.0],[150.7843,-22.5506,33.8526],[150.7803,-22.5453,8.7195],[150.7826,-22.5439,0.0],[150.7804,-22.5393,11.7917],[150.7821,-22.5382,11.7917],[150.7864,-22.5389,3.8302],[150.7866,-22.5367,23.7727],[150.7893,-22.5368,9.9645],[150.7865,-22.5331,8.1738],[150.7846,-22.5342,13.2025],[150.7823,-22.5301,3.6803],[150.7839,-22.5292,2.2573],[150.7816,-22.5298,41.2012],[150.7818,-22.5279,0.0],[150.7801,-22.5289,56.4304],[150.7776,-22.5262,0.0],[150.7748,-22.5291,13.8314],[150.772,-22.5285,13.2912],[150.7696,-22.5218,1.6685],[150.7649,-22.5267,17.3989],[150.7585,-22.5249,11.1281],[150.7577,-22.5231,0.0],[150.7544,-22.5238,0.0],[150.7561,-22.5279,55.882],[150.7529,-22.5307,0.0],[150.7581,-22.5347,23.1427],[150.7562,-22.5394,6.1744],[150.7615,-22.5451,0.0],[150.7699,-22.5476,3.4736],[150.7742,-22.5468,5.1708],[150.771,-22.549,0.0],[150.7739,-22.5505,2.7262],[150.7742,-22.5522,4.6012],[150.7735,-22.5506,2.7262],[150.7719,-22.551,2.7262],[150.7688,-22.5492,0.0],[150.7672,-22.5512,1.5581],[150.7652,-22.55,2.3384],[150.7626,-22.5524,0.0],[150.759,-22.5703,1.8405],[150.7581,-22.5723,4.1748],[150.7554,-22.5712,0.0],[150.756,-22.5769,4.3137],[150.7519,-22.5757,1.0114],[150.7484,-22.5803,2.3895],[150.7536,-22.5895,2.7908],[150.7485,-22.5832,0.989],[150.7451,-22.5831,0.0],[150.7441,-22.5849,0.0],[150.7482,-22.5915,2.4644],[150.7429,-22.5878,0.0],[150.743,-22.5935,0.0],[150.746,-22.5988,3.2094],[150.7446,-22.599,2.8055],[150.7414,-22.5944,0.0],[150.741,-22.6006,0.5088],[150.7476,-22.6026,3.9014],[150.7484,-22.6055,3.3922],[150.753,-22.6046,1.7904],[150.7517,-22.6072,1.8171],[150.7491,-22.6076,0.5185],[150.7485,-22.6101,2.2874],[150.746,-22.604,1.6935],[150.7413,-22.6038,1.7551],[150.7434,-22.6148,0.9893],[150.7462,-22.6155,1.4978],[150.7437,-22.6173,2.0964],[150.7491,-22.6181,1.0515],[150.7516,-22.6216,2.317],[150.7477,-22.619,1.0515],[150.7453,-22.6193,0.8272],[150.7423,-22.625,3.5746],[150.7429,-22.6204,2.8559],[150.7416,-22.6185,1.1443],[150.7383,-22.6241,3.155],[150.7432,-22.6314,0.9215],[150.7487,-22.6336,1.6664],[150.7511,-22.6327,3.728],[150.7527,-22.6258,3.2868],[150.7589,-22.6267,1.9013],[150.7572,-22.6274,2.0083],[150.7534,-22.6262,1.5663],[150.7524,-22.6314,0.0],[150.7533,-22.6292,1.7897],[150.754,-22.6311,1.1003],[150.7484,-22.6359,1.2964],[150.7479,-22.6346,1.2964],[150.7433,-22.6347,0.7683],[150.7394,-22.6315,2.2499],[150.7361,-22.6236,0.0],[150.7338,-22.6276,0.7761],[150.7358,-22.63,2.2718],[150.7346,-22.6299,3.4733],[150.7332,-22.6285,1.644],[150.7283,-22.6331,0.7629],[150.7326,-22.6375,0.907],[150.7333,-22.6414,2.7399],[150.7326,-22.6412,1.5351],[150.7321,-22.6382,1.7955],[150.7278,-22.6345,0.7629],[150.7288,-22.6383,4.6947],[150.727,-22.638,1.4401],[150.7271,-22.6338,0.7629],[150.7229,-22.6369,3.9336],[150.7073,-22.6362,2.4636],[150.7078,-22.6353,2.4636],[150.7092,-22.6348,1.5215],[150.7048,-22.6297,2.2955],[150.7048,-22.6247,0.0],[150.702,-22.6223,0.0],[150.7001,-22.6159,0.0],[150.6941,-22.6064,2.178],[150.7027,-22.6082,3.7274],[150.6993,-22.6109,1.2763],[150.7095,-22.6241,0.9391],[150.7126,-22.6253,1.6842],[150.7153,-22.6234,2.4919],[150.7158,-22.6255,3.0616],[150.7106,-22.628,0.4613],[150.7119,-22.6314,0.0],[150.7146,-22.6334,1.1822],[150.7209,-22.6333,0.0],[150.724,-22.6319,1.107],[150.7229,-22.6307,3.3536],[150.7265,-22.6307,4.4114],[150.7299,-22.6278,0.589],[150.7284,-22.6281,4.9534],[150.7286,-22.626,3.7545],[150.729,-22.6278,0.589],[150.7322,-22.6234,0.7441],[150.7308,-22.6161,0.0],[150.727,-22.6133,1.5624],[150.7272,-22.6172,2.7839],[150.719,-22.6002,6.1333],[150.7204,-22.593,17.9544],[150.7265,-22.5801,7.0984],[150.7265,-22.5682,10.0804],[150.7248,-22.5632,0.0],[150.7211,-22.5564,0.0],[150.7172,-22.5536,0.0],[150.7115,-22.5542,3.2756],[150.7085,-22.5514,1.6728],[150.7058,-22.5514,0.9944],[150.6917,-22.5536,1.7046],[150.6916,-22.5583,4.0677],[150.6868,-22.5601,1.8398],[150.6861,-22.5634,2.9088],[150.6844,-22.5634,0.0],[150.6814,-22.5678,1.1002],[150.683,-22.5702,0.6401],[150.6872,-22.5713,0.0],[150.6857,-22.5777,3.6969],[150.6865,-22.5731,1.7957],[150.6796,-22.5735,4.4014],[150.6771,-22.5653,8.2871],[150.6826,-22.5549,3.4778],[150.6841,-22.555,0.6734],[150.6829,-22.5517,29.6345],[150.684,-22.5476,35.5115],[150.6889,-22.5447,4.5616],[150.6873,-22.5412,0.0],[150.6752,-22.5341,0.0],[150.6727,-22.5275,0.757],[150.6671,-22.5225,0.7554],[150.669,-22.5195,0.0],[150.6643,-22.5122,5.7509],[150.6659,-22.5106,2.4245],[150.665,-22.5089,12.1867],[150.6743,-22.5063,15.1355],[150.6738,-22.501,0.0],[150.6711,-22.4987,0.0],[150.6676,-22.499,0.0],[150.6535,-22.4862,2.9664],[150.6558,-22.4813,3.3706],[150.6511,-22.4784,2.2103],[150.6481,-22.4741,4.2363],[150.6443,-22.4743,2.4351],[150.6478,-22.4719,0.8824],[150.6527,-22.4779,2.9995],[150.6584,-22.4786,1.8426],[150.6593,-22.485,1.6723],[150.6662,-22.4876,0.4453],[150.6683,-22.4865,3.5036],[150.6697,-22.4914,0.8118],[150.6743,-22.4947,0.0],[150.6742,-22.4919,3.0687],[150.6784,-22.487,1.3083],[150.6737,-22.4823,2.6759],[150.6803,-22.4858,2.6481],[150.6814,-22.4848,0.0],[150.6778,-22.4786,1.374],[150.6791,-22.4747,3.7187],[150.6719,-22.4729,2.583],[150.6783,-22.4732,1.9663],[150.6801,-22.4747,1.6928],[150.6796,-22.4781,4.3037],[150.6834,-22.4808,2.4732],[150.6837,-22.4889,1.2056],[150.686,-22.4924,4.1923],[150.6928,-22.4923,3.2502],[150.6921,-22.4874,3.4835],[150.6935,-22.4897,3.8681],[150.6962,-22.4896,3.5808],[150.6946,-22.4915,2.0284],[150.696,-22.4931,3.2337],[150.6957,-22.4956,0.3992],[150.6998,-22.4987,0.0],[150.6961,-22.5031,2.737],[150.6975,-22.5061,1.6448],[150.7085,-22.5091,3.1315],[150.7082,-22.511,3.0097],[150.7034,-22.5104,1.8299],[150.7044,-22.5113,0.0],[150.7232,-22.5151,7.7144],[150.7241,-22.5167,0.6052],[150.7224,-22.5175,0.0],[150.7165,-22.5162,0.8024],[150.7189,-22.5182,0.0],[150.7239,-22.5186,0.0],[150.7267,-22.5142,3.8008],[150.7271,-22.4955,4.6538],[150.731,-22.4851,0.0],[150.7409,-22.4734,1.6049],[150.7446,-22.4732,0.0],[150.7456,-22.4761,7.8031],[150.7483,-22.4775,5.3645],[150.7495,-22.4749,0.0],[150.7543,-22.4755,1.827],[150.7539,-22.4712,16.177],[150.7566,-22.471,7.1959],[150.7585,-22.4689,0.0],[150.7513,-22.4602,3.6734],[150.7559,-22.4593,0.0],[150.752,-22.4578,5.1258],[150.7507,-22.4546,17.0023],[150.7485,-22.4547,16.2447],[150.7474,-22.453,0.0],[150.7503,-22.4516,0.0],[150.7494,-22.4482,0.0],[150.7546,-22.4492,8.0016],[150.7533,-22.4463,8.165],[150.7497,-22.4447,20.4502],[150.7468,-22.446,30.9987],[150.7419,-22.4452,35.4597],[150.7411,-22.4428,0.0],[150.7394,-22.4438,31.7641],[150.7375,-22.4412,0.0],[150.7363,-22.4435,0.0],[150.7375,-22.4464,63.1884],[150.7354,-22.4477,10.0693],[150.7305,-22.4472,16.382],[150.7218,-22.4433,37.6592],[150.7166,-22.4438,7.5719],[150.7088,-22.4393,3.7627],[150.7032,-22.4395,0.0],[150.6932,-22.4306,57.9782],[150.6875,-22.4135,10.8578],[150.6845,-22.3957,16.5387],[150.6837,-22.3871,7.5276],[150.6855,-22.3851,0.0],[150.6858,-22.3777,0.5989],[150.687,-22.3771,0.5989],[150.6785,-22.3747,14.5288],[150.6783,-22.3721,9.1476],[150.6805,-22.3705,10.2346],[150.6792,-22.3676,43.8658],[150.6809,-22.3663,4.7916],[150.677,-22.3617,81.0191],[150.676,-22.3565,30.2359],[150.6718,-22.3583,12.0265],[150.6696,-22.3568,0.0],[150.6708,-22.3536,25.3587],[150.6682,-22.3492,18.8485],[150.6698,-22.3482,0.0],[150.6671,-22.3465,16.5358],[150.6655,-22.3493,0.0],[150.6607,-22.3505,2.3474],[150.6594,-22.3523,11.6889],[150.6587,-22.358,18.7514],[150.6617,-22.3621,2.8423],[150.6594,-22.3626,1.6955],[150.6593,-22.3649,2.9911],[150.6583,-22.3624,0.0],[150.6572,-22.3635,2.3011],[150.6565,-22.367,3.6362],[150.6505,-22.369,4.0034],[150.6548,-22.3788,0.9181],[150.6663,-22.3919,0.0],[150.6695,-22.401,1.8288],[150.6723,-22.4025,2.2368],[150.6713,-22.4037,6.3944],[150.6678,-22.403,4.8971],[150.664,-22.4071,0.0],[150.6646,-22.412,0.0],[150.6614,-22.4195,2.3288],[150.6626,-22.4231,2.49],[150.661,-22.4251,4.0909],[150.6599,-22.4348,1.0213],[150.6616,-22.4384,1.5175],[150.6597,-22.4376,0.1329],[150.66,-22.4399,0.569],[150.6641,-22.4471,0.0],[150.6669,-22.4484,1.5907],[150.6641,-22.4492,0.2586],[150.6651,-22.4509,0.9127],[150.6642,-22.4523,0.6976],[150.6663,-22.4541,2.5655],[150.6597,-22.4486,2.6085],[150.6579,-22.4511,2.3034],[150.6578,-22.4465,10.2879],[150.6542,-22.4391,5.5627],[150.6503,-22.439,35.4373],[150.6515,-22.4307,1.6316],[150.6559,-22.4266,0.8761],[150.6553,-22.4221,1.4137],[150.6444,-22.4284,2.2167],[150.6453,-22.4303,2.6447],[150.6421,-22.4315,0.2863],[150.6411,-22.435,3.1408],[150.6348,-22.4352,2.1429],[150.6289,-22.4421,1.3938],[150.6273,-22.4417,3.9581],[150.6338,-22.4333,0.7575],[150.6393,-22.4322,0.4619],[150.6424,-22.4286,0.0],[150.6379,-22.4271,3.5615],[150.6429,-22.4271,0.2674],[150.6463,-22.424,2.6496],[150.6404,-22.4237,1.6458],[150.6418,-22.4219,1.9459],[150.6377,-22.4208,0.2199],[150.6344,-22.4256,1.5635],[150.6355,-22.4202,1.1632],[150.6294,-22.4217,0.9335],[150.6279,-22.4239,2.4204],[150.628,-22.421,1.3922],[150.6302,-22.4196,0.2534],[150.6397,-22.4189,13.9519],[150.6447,-22.4214,0.0],[150.6477,-22.4203,3.1193],[150.6502,-22.4215,0.0],[150.6553,-22.4191,0.7927],[150.6578,-22.4142,3.9724],[150.653,-22.4053,2.8802],[150.6508,-22.4078,3.3102],[150.6518,-22.4029,0.5462],[150.6439,-22.3913,40.083],[150.6386,-22.3935,24.6809],[150.6388,-22.3904,2.6222],[150.6343,-22.3915,4.2403],[150.6307,-22.3962,0.1462],[150.6307,-22.3994,3.9258],[150.628,-22.393,2.3598],[150.6233,-22.3936,2.1968],[150.6216,-22.3982,10.4458],[150.6214,-22.3929,1.455],[150.6189,-22.3928,0.5707],[150.6181,-22.3947,9.2865],[150.6157,-22.3939,1.6777],[150.6162,-22.3917,0.5167],[150.6109,-22.3889,3.2956],[150.6143,-22.3881,1.0138],[150.6166,-22.3904,1.3202],[150.6186,-22.3896,0.7265],[150.6179,-22.3873,1.4545],[150.612,-22.3855,2.1855],[150.6159,-22.3842,0.2975],[150.6152,-22.3818,10.7747],[150.6181,-22.3812,5.0486],[150.6176,-22.384,2.6495],[150.6234,-22.3884,1.8991],[150.6319,-22.3856,20.4947],[150.6318,-22.3807,20.7106],[150.6376,-22.3822,6.5865],[150.6425,-22.3796,0.0],[150.638,-22.377,45.7083],[150.6401,-22.374,42.5328],[150.6358,-22.3704,18.0123],[150.632,-22.3715,9.7084],[150.6333,-22.3707,2.427],[150.6319,-22.3677,8.9688],[150.6331,-22.3657,3.5055],[150.6299,-22.3658,1.1353],[150.6258,-22.3592,1.775],[150.6217,-22.3584,5.7185],[150.6172,-22.3498,4.921],[150.6175,-22.3477,3.8533],[150.6239,-22.3501,5.7447],[150.6279,-22.356,40.6604],[150.6401,-22.364,0.8154],[150.6458,-22.3455,8.2181],[150.6299,-22.3357,0.0],[150.626,-22.3319,0.0],[150.6259,-22.3277,1.3374],[150.6186,-22.3334,4.5587],[150.6139,-22.3326,8.292],[150.6119,-22.3302,10.4267],[150.6072,-22.33,0.0],[150.6041,-22.3351,7.7598],[150.5968,-22.3321,10.4941],[150.5987,-22.3316,11.0708],[150.5984,-22.3292,8.8899],[150.5944,-22.3268,2.503],[150.5889,-22.3261,0.7436],[150.5859,-22.3294,4.2249],[150.5809,-22.3261,0.0],[150.5758,-22.3252,15.4642],[150.5661,-22.3162,0.8524],[150.562,-22.3168,4.9679],[150.5627,-22.3204,7.7467],[150.5552,-22.324,0.4692],[150.5565,-22.3272,1.8985],[150.5532,-22.3297,0.0],[150.5565,-22.3306,10.1693],[150.554,-22.3352,3.7588],[150.5504,-22.3373,0.1572],[150.55,-22.3437,2.1586],[150.5436,-22.3449,0.8796],[150.5394,-22.3519,1.8303],[150.5402,-22.3631,1.6474],[150.5376,-22.3663,3.242],[150.5392,-22.3716,5.3896],[150.536,-22.3714,2.8826],[150.5371,-22.374,3.4023],[150.5342,-22.375,0.0],[150.5333,-22.3813,3.5807],[150.5338,-22.3827,3.5807],[150.5365,-22.3832,2.6588],[150.5345,-22.3853,0.2197],[150.5361,-22.3927,3.9584],[150.5332,-22.3961,1.5959],[150.5328,-22.4001,2.7504],[150.53,-22.4024,1.8209],[150.5347,-22.4038,0.0],[150.5354,-22.407,0.0],[150.5393,-22.4046,0.4202],[150.5407,-22.4088,0.3536],[150.5448,-22.4089,2.7961],[150.5449,-22.4104,0.7959],[150.5403,-22.4114,3.8509],[150.5388,-22.4134,1.1504],[150.5419,-22.4141,2.1164],[150.54,-22.4158,1.7252],[150.5406,-22.4211,1.3104],[150.5456,-22.42,2.6975],[150.5414,-22.4227,0.0],[150.544,-22.4256,0.5697],[150.5526,-22.4271,1.2588],[150.5522,-22.4286,0.3065],[150.5564,-22.4306,2.7399],[150.5536,-22.4319,3.8736],[150.551,-22.4296,2.5454],[150.546,-22.4288,0.7945],[150.5463,-22.4317,3.2634],[150.5399,-22.427,1.5119],[150.5401,-22.4314,2.533],[150.5377,-22.4322,3.0703],[150.5407,-22.4348,1.2702],[150.5409,-22.4385,0.6321],[150.543,-22.4397,3.4366],[150.5387,-22.441,0.9789],[150.5391,-22.443,0.0],[150.5491,-22.4466,0.0],[150.5559,-22.4456,2.2115],[150.5536,-22.4472,0.0],[150.5672,-22.4515,0.0],[150.5695,-22.4501,2.4378],[150.5701,-22.4521,0.0],[150.5755,-22.451,1.4525],[150.5742,-22.4525,0.7163],[150.5804,-22.4544,1.086],[150.58,-22.4561,0.0],[150.5838,-22.4577,1.3692],[150.59,-22.4641,2.2619],[150.5874,-22.4626,0.4297],[150.5854,-22.4656,2.3158],[150.583,-22.4614,0.8442],[150.583,-22.4643,0.8802],[150.5809,-22.4651,2.5716],[150.5794,-22.4598,2.864],[150.5724,-22.4558,0.0],[150.5606,-22.4524,1.5927],[150.559,-22.4535,3.019],[150.5461,-22.4505,3.1387],[150.5346,-22.4452,2.4466],[150.5322,-22.4461,0.6378],[150.5331,-22.45,0.5274],[150.5407,-22.4616,0.6713],[150.5477,-22.4672,3.1424],[150.5481,-22.4702,1.3958],[150.5563,-22.477,2.6206],[150.5769,-22.4795,3.3247],[150.5871,-22.4858,1.6912],[150.5889,-22.4847,0.247],[150.591,-22.4775,1.4158],[150.593,-22.4758,2.1521],[150.5907,-22.4845,0.6682],[150.6019,-22.4861,3.7949],[150.5874,-22.4875,0.5183],[150.5918,-22.4908,1.4958],[150.5952,-22.4908,2.1211],[150.5939,-22.4917,0.5591],[150.6052,-22.4977,2.1292],[150.6078,-22.5008,2.0937],[150.607,-22.5023,2.9861],[150.6051,-22.5018,3.6457],[150.603,-22.499,2.8732],[150.5742,-22.4821,2.815],[150.5555,-22.4816,2.7472],[150.5525,-22.484,1.3115],[150.5571,-22.4939,1.1548],[150.5689,-22.5047,0.5875],[150.5686,-22.5168,1.1786],[150.5663,-22.5195,2.5337],[150.5696,-22.5272,0.1198],[150.5744,-22.5321,1.6969],[150.5737,-22.5332,1.434],[150.5804,-22.5427,0.0878],[150.5875,-22.5442,4.1099],[150.5817,-22.5454,1.3349],[150.5839,-22.5503,0.0],[150.5863,-22.5509,5.8322],[150.584,-22.5523,0.0],[150.5853,-22.5552,1.2536],[150.5879,-22.5573,2.1492],[150.5976,-22.5594,2.397],[150.5919,-22.5589,0.5337],[150.5909,-22.561,1.0934],[150.5884,-22.5591,0.0],[150.5891,-22.5619,2.6402],[150.5923,-22.5648,1.6683],[150.5914,-22.5698,1.205],[150.5944,-22.5691,1.988],[150.5921,-22.5712,1.205],[150.5941,-22.5727,2.7775],[150.5918,-22.5748,0.9579],[150.573,-22.5773,0.7648],[150.5723,-22.5732,0.0],[150.569,-22.5719,3.3321],[150.5694,-22.5701,4.3481],[150.5666,-22.5672,0.6816],[150.5629,-22.5674,1.3148],[150.5624,-22.5643,0.0],[150.5573,-22.5627,0.6227],[150.5515,-22.5665,0.0],[150.5492,-22.5694,0.0],[150.5488,-22.5735,0.0],[150.5537,-22.5802,1.282],[150.5589,-22.5836,1.3645],[150.5547,-22.5825,0.244],[150.5558,-22.5851,0.8055],[150.554,-22.5911,1.5176],[150.5599,-22.6034,4.1825],[150.553,-22.5931,2.2182],[150.5535,-22.5842,3.0378],[150.5522,-22.5797,1.282],[150.5474,-22.576,0.0],[150.5374,-22.5902,2.3449],[150.5437,-22.6054,0.5699],[150.5462,-22.6076,5.5341],[150.5474,-22.6152,5.0921],[150.5506,-22.6171,4.1009],[150.5486,-22.6171,9.2203],[150.5466,-22.6162,5.0921],[150.5449,-22.6077,2.239],[150.5419,-22.6032,1.9648],[150.5405,-22.6025,0.2481],[150.5394,-22.6047,1.9973],[150.538,-22.5984,0.6482],[150.5358,-22.602,1.3684],[150.5298,-22.6023,3.5881],[150.5334,-22.6015,2.0727],[150.5355,-22.599,0.0],[150.5341,-22.5925,2.8964],[150.5348,-22.5884,4.0724],[150.5441,-22.5736,0.9749],[150.5409,-22.5742,0.0],[150.5393,-22.5785,1.2703],[150.5379,-22.5782,1.2703],[150.5392,-22.5746,1.3995],[150.5368,-22.5748,0.3557],[150.5366,-22.5773,0.4425],[150.5343,-22.5751,0.5037],[150.5329,-22.5807,1.4011],[150.5316,-22.58,1.4011],[150.5304,-22.5813,2.3473],[150.5297,-22.5796,1.0704],[150.5334,-22.5738,0.9429],[150.5325,-22.5731,4.7681],[150.5199,-22.5689,0.1801],[150.5174,-22.5701,0.6361],[150.5174,-22.5735,3.0873],[150.5158,-22.5724,4.7946],[150.5166,-22.5684,5.2615],[150.5188,-22.567,1.0921],[150.5225,-22.5675,0.0],[150.5186,-22.5649,4.015],[150.5188,-22.5621,0.0],[150.5148,-22.5574,2.74],[150.519,-22.5577,1.9068],[150.5213,-22.5641,1.2947],[150.5249,-22.5678,0.0],[150.5379,-22.5724,1.8933],[150.5435,-22.57,1.5168],[150.544,-22.5679,1.6216],[150.5417,-22.5667,2.0454],[150.545,-22.5658,6.7033],[150.5448,-22.5614,9.8998],[150.5354,-22.5539,0.0],[150.521,-22.5497,1.2886],[150.511,-22.5421,0.1675],[150.5021,-22.538,3.3677],[150.4959,-22.5304,1.4208],[150.4918,-22.5214,4.6714],[150.4862,-22.5214,2.845],[150.4887,-22.5292,2.7299],[150.5017,-22.5435,1.525],[150.5,-22.5578,0.6331],[150.4977,-22.5602,1.9352],[150.4912,-22.5506,4.1839],[150.4914,-22.5423,2.3633],[150.4902,-22.5402,0.6972],[150.4859,-22.5431,3.8369],[150.483,-22.543,2.82],[150.4882,-22.5403,1.1505],[150.4881,-22.5383,0.0],[150.4839,-22.5343,0.0],[150.48,-22.5335,1.7708],[150.4794,-22.5314,3.6556],[150.4736,-22.5313,1.7766],[150.4751,-22.5293,2.4268],[150.4718,-22.5262,0.0727],[150.4699,-22.5273,1.1484],[150.4678,-22.5257,0.2826],[150.4507,-22.5227,1.0186],[150.4479,-22.5267,0.0],[150.4497,-22.532,4.1119],[150.4487,-22.5347,3.9685],[150.4479,-22.5301,1.7697],[150.4459,-22.5298,1.8887],[150.4462,-22.5225,3.3115],[150.4393,-22.5124,0.4462],[150.4307,-22.5173,2.3718],[150.4359,-22.5126,3.2143],[150.4354,-22.5089,0.8853],[150.4243,-22.4989,0.0],[150.4195,-22.4985,3.5879],[150.4149,-22.4943,0.253],[150.4059,-22.4959,0.8635],[150.405,-22.4983,4.8706],[150.4019,-22.4946,3.8399],[150.4052,-22.4905,5.726],[150.4029,-22.4813,4.1769],[150.4005,-22.4809,6.3464],[150.4001,-22.4782,3.3912],[150.397,-22.4775,1.817],[150.396,-22.4757,0.6667],[150.3859,-22.4721,8.6184],[150.3839,-22.4654,5.9712],[150.3802,-22.4634,9.7541],[150.3686,-22.4628,1.5022],[150.356,-22.45,15.8682],[150.3497,-22.4495,3.496],[150.3412,-22.4418,6.9399],[150.3373,-22.4425,2.2364],[150.3319,-22.4403,5.8796],[150.3295,-22.4386,3.9136],[150.3304,-22.4334,4.4162],[150.3245,-22.4315,3.5203],[150.3252,-22.429,4.626],[150.3222,-22.4268,3.786],[150.3146,-22.4264,5.1184],[150.301,-22.4213,4.8133],[150.2997,-22.4177,3.3704],[150.3026,-22.4116,4.1576],[150.2998,-22.4107,3.7096],[150.2983,-22.4062,10.2874],[150.3005,-22.3977,2.2467],[150.2937,-22.4031,7.6593],[150.2879,-22.4023,7.9077],[150.2799,-22.3983,9.9879],[150.2749,-22.4013,5.3934],[150.2685,-22.4014,3.9672],[150.2653,-22.401,3.1528],[150.2635,-22.3966,3.9098],[150.2604,-22.398,11.6697],[150.2552,-22.3964,4.1444],[150.2462,-22.3975,4.7649],[150.2454,-22.395,2.1083],[150.2278,-22.3919,0.0],[150.2268,-22.3943,1.5686],[150.2236,-22.3928,5.8121],[150.2248,-22.3912,0.2328],[150.2219,-22.3902,2.4987],[150.2183,-22.3913,1.7245],[150.2171,-22.3939,3.5226],[150.2155,-22.3855,5.0972],[150.2129,-22.3854,5.2958],[150.2094,-22.3806,9.279],[150.2058,-22.3691,1.6566],[150.1993,-22.3706,5.4876],[150.1957,-22.3686,4.3703],[150.1964,-22.3675,0.6249],[150.1838,-22.3648,5.2055],[150.1774,-22.3605,0.0],[150.1781,-22.3584,2.2815],[150.1748,-22.3565,11.7807],[150.1749,-22.3521,6.4662],[150.1788,-22.3409,5.3463],[150.1874,-22.3358,5.2044],[150.1888,-22.3266,6.1214],[150.1919,-22.3265,0.0],[150.1922,-22.3252,2.59],[150.1787,-22.3149,12.1155],[150.1779,-22.3118,0.0],[150.1724,-22.3114,9.1066],[150.1662,-22.3067,3.2007],[150.1633,-22.3084,6.5633],[150.1574,-22.305,10.6645],[150.1549,-22.2978,6.286],[150.1591,-22.2941,0.0],[150.1567,-22.2901,3.3002],[150.1574,-22.2859,5.428],[150.1546,-22.2813,0.0],[150.155,-22.2781,1.7268],[150.1513,-22.2745,0.0],[150.1492,-22.2662,6.5247],[150.1497,-22.2625,8.7642],[150.1522,-22.2616,7.469],[150.1516,-22.2598,17.4905],[150.1424,-22.2522,0.0],[150.1405,-22.2525,0.0],[150.1401,-22.255,5.787],[150.136,-22.2535,8.176],[150.1326,-22.2491,0.6427],[150.1256,-22.2471,5.4144],[150.1212,-22.2374,7.4398],[150.1172,-22.2386,9.7045],[150.1134,-22.2363,18.8593],[150.1102,-22.233,8.5085],[150.1093,-22.2272,0.0732],[150.1049,-22.2229,3.8748],[150.1017,-22.2223,5.1357],[150.1,-22.2178,1.503],[150.0926,-22.2176,3.622],[150.0923,-22.2147,4.8365],[150.0937,-22.2169,2.6569],[150.0975,-22.2168,0.0],[150.0997,-22.2123,3.6158],[150.0967,-22.2027,14.7959],[150.0902,-22.1927,6.9423],[150.0871,-22.1837,12.9892],[150.0866,-22.1759,17.4406],[150.085,-22.1733,8.671],[150.0876,-22.1681,16.7777],[150.0843,-22.1688,7.6336],[150.0805,-22.1639,0.0],[150.0802,-22.1609,38.9169],[150.0831,-22.1583,2.2882],[150.0787,-22.1559,12.2329],[150.0808,-22.1519,3.2622],[150.0789,-22.1504,7.0533],[150.0756,-22.1509,0.481],[150.0742,-22.1564,7.7849],[150.0656,-22.1529,1.4822],[150.0629,-22.1489,5.3856],[150.063,-22.146,8.594],[150.0652,-22.1459,14.8466],[150.0656,-22.1441,7.1362],[150.0617,-22.1427,20.1849],[150.0616,-22.1382,14.6302],[150.0597,-22.1365,8.3905],[150.059,-22.1327,2.0249],[150.0573,-22.1358,2.5031],[150.0524,-22.1354,13.0881],[150.0467,-22.13,21.4978],[150.0435,-22.1294,16.7992],[150.043,-22.1261,0.0],[150.0354,-22.1292,0.0],[150.0342,-22.1343,1.1356],[150.0303,-22.1365,0.0],[150.0295,-22.1425,9.1784],[150.0355,-22.1464,3.7236],[150.0338,-22.1466,3.8444],[150.0308,-22.1442,1.3926],[150.0248,-22.147,3.6865],[150.0051,-22.143,12.0903],[150.0011,-22.1438,0.0],[149.9921,-22.1502,10.5893],[149.9904,-22.1574,0.7361],[149.9868,-22.1636,0.6176],[149.964,-22.1742,0.0],[149.9559,-22.1853,0.0],[149.9429,-22.2118,3.3032],[149.9421,-22.222,2.0824],[149.9439,-22.2293,0.0],[149.9397,-22.2327,2.2479],[149.9376,-22.2415,2.0276],[149.9328,-22.2509,4.0025],[149.9311,-22.2643,2.0006],[149.9259,-22.265,3.2028],[149.918,-22.2744,2.0389],[149.9185,-22.2849,0.6627],[149.9162,-22.2877,2.1511],[149.9158,-22.2952,0.0],[149.9224,-22.3051,0.0],[149.9206,-22.3116,0.9277],[149.9146,-22.316,2.9735],[149.9149,-22.3212,3.7848],[149.9173,-22.3231,2.1856],[149.9232,-22.322,3.3566],[149.9324,-22.3245,5.0006],[149.9564,-22.3247,0.0],[149.9625,-22.3288,0.0],[149.9719,-22.3298,0.0],[149.9693,-22.3316,3.3809],[149.9611,-22.3312,0.0],[149.9563,-22.3284,1.8523],[149.9518,-22.3296,6.521],[149.9455,-22.329,0.0],[149.9333,-22.3314,1.4549],[149.9321,-22.3336,0.0],[149.9342,-22.3372,0.0],[149.9403,-22.3405,1.4673],[149.9591,-22.3408,9.1206],[149.9619,-22.3438,0.0],[149.9553,-22.3425,0.0],[149.9364,-22.3442,0.9158],[149.932,-22.3427,0.0],[149.9302,-22.3438,0.6352],[149.9311,-22.3468,6.6625],[149.9297,-22.3473,5.2905],[149.9269,-22.3448,6.7691],[149.9155,-22.3418,3.5506],[149.9129,-22.3427,0.0],[149.9179,-22.3598,0.0],[149.9287,-22.3839,0.0],[149.94,-22.4003,0.0],[149.9567,-22.4358,1.1445],[149.9631,-22.456,0.0],[149.9735,-22.4663,1.8387],[149.9768,-22.4734,1.7236],[149.9812,-22.486,1.7994],[149.982,-22.4986,0.0],[149.9847,-22.507,0.0],[149.9946,-22.5226,12.3643],[150.0028,-22.5301,4.5293],[150.004,-22.5378,5.2946],[150.0021,-22.5465,0.0],[150.0048,-22.5523,2.7567],[150.0055,-22.5641,0.0],[150.008,-22.5727,0.0],[150.0107,-22.5753,3.6774],[150.0105,-22.582,0.0],[150.0178,-22.5896,2.5005],[150.0178,-22.5959,5.2338],[150.0201,-22.6031,0.0],[150.0306,-22.6187,0.0],[150.029,-22.6271,0.0],[150.0303,-22.6336,2.1319],[150.0333,-22.6356,5.7737],[150.0332,-22.6335,2.5764],[150.0381,-22.6339,5.6737],[150.0381,-22.6378,1.6758],[150.0358,-22.6422,0.8786],[150.0418,-22.6475,3.7613],[150.0422,-22.6559,4.7543],[150.0468,-22.6611,2.5],[150.0415,-22.6597,6.5829],[150.0358,-22.6553,6.5911],[150.0341,-22.6478,4.3663],[150.0272,-22.6412,0.0],[150.0246,-22.6415,6.4723],[150.0252,-22.64,2.7643],[150.0221,-22.6383,2.9726],[150.0205,-22.6403,6.1427],[150.0182,-22.6396,6.5784],[150.0199,-22.6378,0.0],[150.0166,-22.635,6.3479],[150.0067,-22.6192,5.785],[150.0081,-22.6168,6.0429],[150.0039,-22.6087,1.2872],[150.0009,-22.6051,0.8194],[149.9914,-22.6018,5.9797],[149.9883,-22.5966,0.0],[149.9917,-22.594,10.8407],[149.9913,-22.5867,0.0],[149.9858,-22.5788,1.4259],[149.9776,-22.5609,0.0],[149.9628,-22.5395,4.7481],[149.951,-22.5327,7.2062],[149.9444,-22.5266,7.5805],[149.9399,-22.5252,6.6489],[149.9357,-22.5259,1.8181],[149.9273,-22.5216,8.0777],[149.9254,-22.5181,5.8942],[149.926,-22.5138,0.0],[149.9222,-22.5089,0.0],[149.9156,-22.507,0.0],[149.9044,-22.4997,3.8983],[149.8883,-22.4928,0.0],[149.8777,-22.4754,4.5474],[149.8698,-22.4662,5.0072],[149.8649,-22.4567,1.279],[149.8591,-22.4447,3.9702],[149.8557,-22.4309,2.0462],[149.8518,-22.425,6.1126],[149.8499,-22.4162,3.3823],[149.8449,-22.4109,0.0],[149.8285,-22.4038,0.0],[149.8206,-22.396,3.5041],[149.8177,-22.3896,0.0],[149.8111,-22.3821,0.0],[149.7843,-22.3803,0.0],[149.7825,-22.3911,0.0],[149.7743,-22.4159,0.0],[149.7716,-22.4204,0.0],[149.7521,-22.4364,0.0],[149.7442,-22.4273,7.9487],[149.7436,-22.4214,0.0],[149.7467,-22.4129,6.9789],[149.7461,-22.4062,3.7626],[149.7481,-22.3926,0.0],[149.7469,-22.387,3.9493],[149.7541,-22.3774,4.139],[149.7648,-22.3744,7.2843],[149.7667,-22.3713,2.2998],[149.7498,-22.3614,5.6672],[149.7454,-22.3556,0.8826],[149.7417,-22.356,1.1518],[149.7364,-22.3537,1.158],[149.7311,-22.3478,0.0],[149.7133,-22.3566,2.8301],[149.7105,-22.3697,0.0],[149.7043,-22.3694,0.0],[149.6985,-22.3611,0.9191],[149.6933,-22.3482,0.0],[149.6842,-22.3451,1.9628],[149.6812,-22.3457,0.0],[149.6698,-22.3557,0.0],[149.6583,-22.3549,3.3262],[149.6563,-22.336,4.5848],[149.6525,-22.3296,0.198],[149.6448,-22.323,2.5416],[149.6423,-22.3172,0.2393],[149.6308,-22.3024,1.126],[149.6294,-22.2972,0.1575],[149.6247,-22.2965,0.1812],[149.5973,-22.2815,0.1268],[149.5984,-22.2751,5.7776],[149.6024,-22.2737,2.3152],[149.6032,-22.2716,0.3301],[149.5977,-22.2675,1.182],[149.5977,-22.2645,2.9055],[149.6008,-22.2611,6.9394],[149.5988,-22.2539,3.4649],[149.592,-22.2488,1.4927],[149.5876,-22.2484,2.0406],[149.5837,-22.2418,1.0442],[149.5773,-22.2376,1.229],[149.5741,-22.2332,0.9046],[149.5613,-22.1975,10.9364],[149.5623,-22.1915,0.0695],[149.556,-22.1905,0.4085],[149.5544,-22.1873,3.3322],[149.5576,-22.1831,0.9619],[149.5615,-22.1812,8.477],[149.5631,-22.1769,0.0],[149.5672,-22.1742,0.0],[149.5669,-22.1719,0.0],[149.5658,-22.1707,1.2403],[149.5615,-22.1714,7.5253],[149.5589,-22.1682,6.8265],[149.5565,-22.1516,0.4948],[149.5538,-22.1474,0.0],[149.5537,-22.1405,0.0],[149.5432,-22.1342,10.0732],[149.542,-22.128,1.3116],[149.5438,-22.1234,0.0677],[149.5378,-22.1192,0.0],[149.5251,-22.0975,0.0],[149.5235,-22.0879,0.7054],[149.5203,-22.084,1.1681],[149.5171,-22.0753,1.4371],[149.5179,-22.065,1.7334],[149.5166,-22.0541,10.1452],[149.5199,-22.0351,1.1857],[149.5236,-22.0299,0.4148],[149.5234,-22.0271,0.6309],[149.5155,-22.0189,4.4986],[149.5144,-22.0119,0.5081],[149.512,-22.0108,0.0],[149.5104,-22.0066,5.1443],[149.4983,-21.9984,0.0],[149.4901,-21.9895,0.0],[149.4865,-21.9785,0.0],[149.4841,-21.9766,0.0],[149.4853,-21.9585,0.0],[149.4802,-21.9573,0.0],[149.4808,-21.9554,0.0],[149.4738,-21.9435,0.0],[149.4697,-21.9302,0.0],[149.4663,-21.9281,0.0],[149.4654,-21.9257,3.8074],[149.4667,-21.9233,1.4809],[149.4655,-21.9085,0.0],[149.4607,-21.9083,2.2986],[149.4598,-21.904,3.2164],[149.4629,-21.9069,5.1048],[149.4657,-21.9025,2.2379],[149.4623,-21.8759,4.0878],[149.4646,-21.8592,7.3365],[149.4717,-21.8385,0.0],[149.4627,-21.839,0.4272],[149.4559,-21.8301,7.1106],[149.4595,-21.8284,0.7446],[149.4631,-21.8222,8.5314],[149.4584,-21.8175,0.0],[149.4525,-21.8169,0.0],[149.446,-21.8115,0.0],[149.4424,-21.8126,3.0638],[149.439,-21.8104,0.0],[149.4343,-21.8181,3.6117],[149.4377,-21.8092,0.0],[149.4322,-21.797,2.9361],[149.4337,-21.7938,1.2569],[149.4326,-21.7804,0.0],[149.4349,-21.752,0.0],[149.4308,-21.7459,0.0],[149.4295,-21.7465,4.3301],[149.4294,-21.7563,1.8056],[149.4269,-21.7581,2.1204],[149.4292,-21.7641,2.0198],[149.4255,-21.7671,3.8486],[149.4267,-21.7712,7.1082],[149.4257,-21.7723,4.2326],[149.4216,-21.7717,7.4645],[149.4247,-21.7703,3.4006],[149.4243,-21.7664,3.8486],[149.4273,-21.7639,5.1264],[149.4246,-21.7605,4.3555],[149.4285,-21.7535,1.358],[149.4252,-21.7434,4.6652],[149.4316,-21.7413,4.2651],[149.434,-21.7435,3.9292],[149.4397,-21.7435,12.389],[149.4565,-21.7299,4.6077],[149.4549,-21.7277,2.327],[149.4446,-21.7257,2.8308],[149.4425,-21.7236,2.496],[149.4395,-21.7267,3.9851],[149.4356,-21.7236,8.2081],[149.4368,-21.7265,5.1133],[149.4327,-21.727,6.3158],[149.4316,-21.7252,8.283],[149.4356,-21.7261,6.6472],[149.434,-21.724,6.8739],[149.4358,-21.7219,4.9278],[149.4391,-21.7252,5.7136],[149.442,-21.7222,4.1523],[149.4461,-21.7248,10.3416],[149.4555,-21.7263,4.3519],[149.4608,-21.7294,8.5153],[149.4628,-21.7324,5.7859],[149.4666,-21.7329,11.1338],[149.4736,-21.7372,6.9636],[149.4746,-21.7416,2.5243],[149.4767,-21.7435,10.4387],[149.4797,-21.7429,0.0],[149.4783,-21.7393,0.0],[149.4807,-21.7292,0.0],[149.478,-21.7279,0.0],[149.4745,-21.7292,0.0],[149.4727,-21.7261,0.0],[149.4718,-21.7209,0.0],[149.4733,-21.7111,0.0],[149.4706,-21.7084,0.0],[149.4551,-21.7139,4.0168],[149.451,-21.7138,2.9802],[149.4503,-21.7155,3.5587],[149.4493,-21.7132,2.6394],[149.4572,-21.7113,0.0],[149.4582,-21.708,0.0],[149.4527,-21.6883,0.125],[149.4466,-21.6906,4.7531],[149.4448,-21.6879,12.0568],[149.4455,-21.6871,12.0568],[149.4476,-21.6894,10.7009],[149.449,-21.6872,21.8406],[149.4531,-21.6863,1.9012],[149.4554,-21.6839,0.0],[149.4559,-21.6796,0.0],[149.452,-21.6707,0.0],[149.448,-21.6708,0.0],[149.4454,-21.6677,0.0],[149.4434,-21.6595,7.4356],[149.4484,-21.6604,11.0009],[149.4491,-21.6587,0.0],[149.4407,-21.6527,0.0],[149.4386,-21.64,1.3418],[149.4471,-21.6124,11.3752],[149.4535,-21.6029,13.8342],[149.4614,-21.5971,14.2191],[149.4685,-21.5942,17.6065],[149.4733,-21.5893,15.0678],[149.4735,-21.5785,2.6355],[149.4778,-21.5716,6.2484],[149.4807,-21.5701,13.627],[149.4844,-21.5719,8.7932],[149.4862,-21.5707,0.0],[149.4857,-21.5629,8.6668],[149.4879,-21.5513,0.0],[149.4864,-21.5477,0.0],[149.4874,-21.542,0.5526],[149.4846,-21.5317,0.0],[149.4828,-21.5312,0.0],[149.4771,-21.5347,0.5238],[149.4701,-21.5333,0.47],[149.4682,-21.5349,3.2015],[149.4681,-21.5387,5.97],[149.4652,-21.5406,0.0],[149.4649,-21.5461,0.0],[149.4577,-21.5531,3.3911],[149.468,-21.5556,3.8955],[149.4724,-21.5596,3.9796],[149.4636,-21.5551,2.712],[149.4574,-21.5558,1.1787],[149.4577,-21.5586,4.542],[149.465,-21.5612,3.8459],[149.458,-21.5601,2.5394],[149.4533,-21.5627,0.0],[149.4561,-21.5694,3.5403],[149.4524,-21.5652,1.5049],[149.4502,-21.5713,4.3123],[149.4533,-21.5817,1.6046],[149.4426,-21.5899,4.4749],[149.4434,-21.5934,5.3303],[149.4411,-21.5904,3.4812],[149.4498,-21.5832,3.8319],[149.4509,-21.5799,0.0],[149.4497,-21.5782,0.0],[149.4473,-21.577,0.0],[149.447,-21.5801,1.6375],[149.4397,-21.58,1.8366],[149.4323,-21.5843,4.3396],[149.4369,-21.5799,2.7902],[149.429,-21.5746,3.967],[149.422,-21.5751,4.2984],[149.4241,-21.5734,4.2704],[149.4274,-21.5733,4.2968],[149.4373,-21.5787,4.0295],[149.4442,-21.5776,0.9061],[149.4419,-21.567,0.0],[149.4361,-21.5599,3.4722],[149.4399,-21.5589,2.0531],[149.4378,-21.5538,0.0],[149.4157,-21.5496,5.5443],[149.4151,-21.5481,4.2426],[149.4276,-21.5495,0.0],[149.4226,-21.5469,0.0],[149.4142,-21.5463,1.0904],[149.4121,-21.5485,2.967],[149.4088,-21.5475,0.0],[149.401,-21.5498,0.9209],[149.4019,-21.5546,4.5781],[149.3997,-21.5574,5.6076],[149.4004,-21.559,7.0083],[149.4087,-21.5587,5.0578],[149.4004,-21.5604,4.0478],[149.3985,-21.5585,4.9582],[149.3986,-21.5527,0.0],[149.3951,-21.5495,3.444],[149.3928,-21.55,2.7318],[149.3946,-21.5478,3.409],[149.3978,-21.5483,4.7548],[149.4004,-21.5451,7.0592],[149.399,-21.5406,1.0965],[149.3944,-21.5381,3.5379],[149.3892,-21.5401,4.0355],[149.3855,-21.538,2.024],[149.385,-21.5417,3.1566],[149.3834,-21.5394,0.9029],[149.3814,-21.5398,3.6516],[149.3815,-21.5374,1.5192],[149.3795,-21.5353,0.0],[149.376,-21.534,3.585],[149.3736,-21.5351,4.2354],[149.374,-21.5336,3.7108],[149.38,-21.531,6.3102],[149.384,-21.5214,5.4225],[149.3828,-21.5183,14.9289],[149.3849,-21.5128,2.5228],[149.3846,-21.5073,5.2947],[149.3901,-21.506,2.6264],[149.3916,-21.4994,14.9369],[149.3965,-21.4943,0.0],[149.3958,-21.4931,0.0],[149.3728,-21.4977,0.0],[149.3699,-21.5008,0.0],[149.3616,-21.504,0.0],[149.3557,-21.503,1.7358],[149.3546,-21.5056,11.0],[149.3504,-21.5073,3.6353],[149.3501,-21.5094,4.7962],[149.3487,-21.5069,4.961],[149.3532,-21.5039,1.9788],[149.3571,-21.4962,0.0],[149.3547,-21.4924,0.0],[149.3551,-21.49,0.0],[149.3469,-21.4833,0.0],[149.345,-21.4767,0.0],[149.3396,-21.4746,11.3909],[149.3378,-21.4755,11.3909],[149.3379,-21.4807,3.0],[149.3347,-21.4865,0.6807],[149.3192,-21.4906,0.0],[149.3164,-21.4944,0.5892],[149.3092,-21.4967,0.8243],[149.3109,-21.4983,3.5062],[149.3226,-21.5004,5.2382],[149.3269,-21.5051,3.4298],[149.3222,-21.5013,2.6583],[149.3149,-21.4998,2.9757],[149.3019,-21.5006,0.0],[149.3002,-21.5038,0.0],[149.3005,-21.5111,0.0],[149.2972,-21.5113,4.8849],[149.2943,-21.5057,0.0],[149.2904,-21.5038,0.0],[149.2908,-21.4959,0.0],[149.2867,-21.4872,0.0],[149.2743,-21.4777,1.0189],[149.2776,-21.4734,3.7281],[149.2837,-21.4763,0.0],[149.2898,-21.4755,8.4448],[149.2984,-21.4708,1.042],[149.2982,-21.4687,0.0],[149.2949,-21.4663,0.0],[149.2914,-21.467,1.3517],[149.2891,-21.4631,0.0],[149.2901,-21.4593,5.8203],[149.2926,-21.4583,0.0],[149.2931,-21.4413,0.0],[149.2983,-21.4264,5.9517],[149.3095,-21.4273,15.0656],[149.3163,-21.4256,5.4469],[149.3148,-21.4229,8.6616],[149.3171,-21.4201,0.0],[149.322,-21.4183,8.4572],[149.3248,-21.4196,7.5801],[149.3264,-21.4234,19.425],[149.331,-21.4276,25.8239],[149.334,-21.4288,30.0288],[149.3355,-21.4324,5.5092],[149.3382,-21.4269,0.0],[149.3313,-21.4103,1.5301],[149.3286,-21.4105,11.1425],[149.3261,-21.4151,18.5421],[149.3153,-21.4105,0.0],[149.3023,-21.4116,0.0],[149.2977,-21.4157,0.0],[149.2954,-21.4157,0.0],[149.2822,-21.4096,0.0],[149.2839,-21.4069,4.5885],[149.2906,-21.4044,0.0],[149.2889,-21.4017,0.0],[149.2861,-21.4003,0.0],[149.2843,-21.4029,5.5228],[149.2809,-21.4008,0.0],[149.2777,-21.402,0.6257],[149.2764,-21.4007,0.0],[149.2766,-21.3987,2.9384],[149.282,-21.3969,5.1213],[149.2832,-21.3947,0.0],[149.2762,-21.3891,4.3833],[149.2823,-21.3904,2.3361],[149.2887,-21.3894,5.1542],[149.2919,-21.3921,5.8842],[149.2928,-21.3957,28.6778],[149.3022,-21.4,3.9148],[149.3064,-21.3914,1.9017],[149.3102,-21.3906,11.8272],[149.3116,-21.3917,5.3806],[149.3122,-21.3966,0.0],[149.3173,-21.3927,0.0],[149.315,-21.3906,0.0],[149.315,-21.3879,0.0],[149.3186,-21.3696,0.0],[149.3118,-21.3742,0.0],[149.3086,-21.3647,8.5079],[149.3107,-21.3579,27.6154],[149.3135,-21.3592,8.144],[149.3155,-21.3582,0.7795],[149.3151,-21.3545,0.0],[149.3106,-21.3527,0.0],[149.3098,-21.3495,0.0],[149.3058,-21.3456,0.8053],[149.3021,-21.3451,3.0609],[149.2972,-21.340699999999998,0.0],[149.2985,-21.3365,4.1479],[149.3015,-21.3351,0.0],[149.297,-21.3244,0.0],[149.2912,-21.318,0.0],[149.2954,-21.3172,0.0],[149.2955,-21.2855,0.0],[149.2987,-21.2733,0.2371],[149.294,-21.2715,5.9849],[149.2845,-21.2803,7.2778],[149.274,-21.2776,0.0],[149.2658,-21.2709,7.8664],[149.2645,-21.2657,0.0],[149.2605,-21.262,0.0],[149.2577,-21.2453,0.0],[149.2559,-21.2447,1.0493],[149.2537,-21.2486,5.5881],[149.2357,-21.2571,2.6798],[149.2325,-21.2624,5.8907],[149.2297,-21.2619,1.8256],[149.2249,-21.2637,6.0519],[149.2223,-21.2687,5.1854],[149.2169,-21.2719,7.0385],[149.2173,-21.2759,7.834],[149.2107,-21.2836,6.4959],[149.207,-21.2833,4.7884],[149.2035,-21.2869,0.0],[149.2019,-21.2934,5.6466],[149.1981,-21.2964,5.9044],[149.1932,-21.2979,0.0],[149.1891,-21.294,4.0629],[149.1909,-21.2938,2.2681],[149.2014,-21.2773,0.0],[149.1887,-21.277,0.7322],[149.1811,-21.2874,2.5552],[149.1792,-21.2847,0.5],[149.1817,-21.2744,0.5],[149.1898,-21.2709,7.7776],[149.194,-21.2715,0.0],[149.1993,-21.2681,0.0],[149.2018,-21.2632,2.3889],[149.2014,-21.259,3.8079],[149.2058,-21.2561,1.3656],[149.2095,-21.2477,2.7411],[149.2141,-21.2444,0.0],[149.2141,-21.2415,0.0],[149.2087,-21.2295,0.0],[149.2083,-21.2322,0.0],[149.2032,-21.2277,2.2317],[149.2008,-21.2286,4.7107],[149.2015,-21.2311,1.5912],[149.1991,-21.23,5.22],[149.1965,-21.2232,0.0],[149.1853,-21.2152,0.7328],[149.1843,-21.2106,3.2823],[149.1866,-21.2088,0.0],[149.185,-21.2035,1.9003],[149.1814,-21.2014,0.5],[149.1768,-21.2023,0.5],[149.1739,-21.1988,0.5],[149.1788,-21.1967,0.5],[149.1837,-21.1988,1.4469],[149.1896,-21.2038,3.4283],[149.1891,-21.2115,0.0],[149.1916,-21.2132,0.0],[149.196,-21.211,0.0],[149.1932,-21.1838,1.9983],[149.1957,-21.1812,0.0],[149.1982,-21.1671,0.0],[149.2008,-21.1608,2.2593],[149.1998,-21.1589,3.5462],[149.2023,-21.1584,0.0],[149.2077,-21.1502,1.1137],[149.2152,-21.1454,0.0],[149.2126,-21.1464,0.0],[149.2125,-21.1446,0.0],[149.2077,-21.1404,1.808],[149.1947,-21.1409,0.0],[149.183,-21.1362,0.5],[149.1726,-21.1341,0.5],[149.1616,-21.1356,1.2917],[149.159,-21.1401,5.1565],[149.1526,-21.1456,5.2872],[149.1528,-21.143,0.5],[149.1568,-21.1407,1.1891],[149.1635,-21.132,3.3862],[149.1706,-21.1334,0.5],[149.1778,-21.1314,0.5],[149.1897,-21.1379,0.0],[149.1992,-21.1376,3.8269],[149.2039,-21.1348,0.0],[149.204,-21.1328,0.0],[149.1927,-21.1322,1.6781],[149.1924,-21.1308,4.0077],[149.1956,-21.1316,2.3848],[149.1972,-21.1299,0.5],[149.196,-21.1257,5.1256],[149.2011,-21.1288,3.9294],[149.2055,-21.1288,7.2372],[149.2063,-21.1267,4.9866],[149.2067,-21.1292,6.5297],[149.2094,-21.13,2.7978],[149.2169,-21.1227,3.3551],[149.2126,-21.1301,5.5102],[149.2091,-21.1313,2.399],[149.2157,-21.1372,3.927],[149.2209,-21.1475,0.0],[149.2227,-21.1477,0.0],[149.2214,-21.1388,0.0],[149.2236,-21.1182,0.0],[149.2242,-21.1159,2.1779],[149.2259,-21.1163,0.0],[149.2311,-21.1097,0.0],[149.2257,-21.1095,2.2522],[149.2251,-21.1039,0.0],[149.2233,-21.1031,1.5703],[149.2261,-21.1011,0.0],[149.23,-21.0783,0.0],[149.2302,-21.0707,0.0],[149.227,-21.0628,0.0],[149.2238,-21.0643,2.2917],[149.2182,-21.0711,0.0],[149.2148,-21.0718,1.5677],[149.2141,-21.0742,2.9618],[149.2103,-21.077,1.5078],[149.2056,-21.0768,2.1279],[149.2081,-21.0745,0.0],[149.1954,-21.0566,0.0],[149.1867,-21.0341,0.0],[149.1847,-21.0334,3.9102],[149.1817,-21.0352,4.8483],[149.1774,-21.0321,0.0],[149.1747,-21.0327,0.0],[149.1732,-21.0381,4.0679],[149.1746,-21.0394,4.0679],[149.1718,-21.039,0.0],[149.1728,-21.0417,3.5016],[149.1705,-21.0422,3.3066],[149.1704,-21.037,0.0],[149.1619,-21.0277,0.0],[149.1575,-21.0162,5.1225],[149.1592,-21.0026,0.0],[149.1581,-21.0003,5.8833],[149.1483,-21.0016,0.0],[149.1391,-20.9984,0.0],[149.1382,-20.9959,0.0],[149.1346,-20.995,0.0],[149.133,-20.9961,0.0],[149.1314,-20.9984,1.1734],[149.1342,-21.0017,4.5845],[149.1314,-21.0009,5.1454],[149.1309,-21.0025,6.9656],[149.1345,-21.0085,5.5584],[149.1368,-21.0098,5.9206],[149.1341,-21.0117,8.5196],[149.1342,-21.019,6.0162],[149.1312,-21.0232,3.8666],[149.1318,-21.0315,5.6537],[149.1277,-21.0291,3.5953],[149.1227,-21.0333,4.7953],[149.1245,-21.0289,2.5823],[149.1226,-21.0261,7.3793],[149.1274,-21.0272,1.0],[149.1293,-21.0237,1.0],[149.1279,-21.0212,4.1327],[149.131,-21.0186,3.4229],[149.1286,-21.0066,0.375],[149.1258,-21.0071,3.0978],[149.1236,-21.0054,4.542],[149.1223,-21.001,0.0],[149.12,-21.0026,3.0487],[149.1155,-21.0024,1.1112],[149.1081,-20.9984,1.8587],[149.1061,-20.9958,6.4233],[149.1068,-20.9912,1.0145],[149.1052,-20.9891,0.0],[149.094,-20.9783,1.1074],[149.0889,-20.9759,0.0],[149.0649,-20.9749,0.0],[149.0653,-20.9789,3.6687],[149.0752,-20.9818,6.4979],[149.0858,-20.99,5.4553],[149.0748,-20.983,0.0],[149.068,-20.9841,0.0],[149.0698,-20.9872,1.5342],[149.0683,-20.9879,1.5342],[149.0698,-20.9929,3.2479],[149.0661,-20.9952,1.8798],[149.0672,-20.9911,5.1523],[149.0648,-20.9853,0.0],[149.056,-20.9837,0.0],[149.0501,-20.9788,0.0],[149.0446,-20.983,0.0],[149.0416,-20.9893,2.3062],[149.0318,-20.9888,2.9428],[149.0304,-20.9867,0.0],[149.0237,-20.9904,0.0],[149.0222,-20.9931,0.0],[149.0167,-20.9936,0.0],[149.0143,-20.9919,7.3128],[149.0196,-20.9802,6.4719],[149.0199,-20.9758,1.325],[149.0158,-20.9727,7.7018],[149.0152,-20.9673,6.1339],[149.0186,-20.9681,3.6751],[149.0216,-20.9626,7.8254],[149.0213,-20.9597,2.8601],[149.0159,-20.9544,4.5601],[149.019,-20.9569,6.0374],[149.0228,-20.9567,7.4053],[149.0294,-20.9595,33.4722],[149.0307,-20.9568,20.6466],[149.0248,-20.9438,0.0],[149.0175,-20.9416,7.8526],[149.0146,-20.9374,0.0],[149.0137,-20.9412,6.665],[149.0117,-20.9354,2.2738],[149.0196,-20.9269,8.4693],[149.0282,-20.9234,9.7815],[149.0395,-20.924,4.8869],[149.0433,-20.9301,0.0],[149.0503,-20.9305,62.3636],[149.059,-20.9287,59.7753],[149.0598,-20.9258,0.0],[149.0498,-20.9238,0.0],[149.0462,-20.92,0.0],[149.0437,-20.912,35.1296],[149.0456,-20.9075,47.7028],[149.0486,-20.9062,0.0],[149.0461,-20.903,2.6871],[149.0407,-20.9038,2.309],[149.035,-20.8988,2.4978],[149.029,-20.8977,0.0],[149.024,-20.9005,0.0],[149.0174,-20.9122,0.0],[149.0054,-20.9123,0.0],[148.995,-20.9018,5.8839],[148.9978,-20.8957,19.0966],[148.9954,-20.8922,0.0],[148.9922,-20.8946,33.7188],[148.9884,-20.8927,3.072],[148.9884,-20.8909,0.0],[148.9828,-20.892,0.0],[148.9813,-20.8974,0.0],[148.9829,-20.9003,0.0],[148.971,-20.9004,1.5615],[148.9657,-20.8977,0.0],[148.959,-20.8912,3.0527],[148.9562,-20.8847,9.6493],[148.9554,-20.8775,0.9956],[148.9527,-20.8775,3.1932],[148.9512,-20.8756,0.1826],[148.9494,-20.878,7.3724],[148.9459,-20.8786,0.9959],[148.941,-20.8858,6.1944],[148.9434,-20.8843,6.2195],[148.9439,-20.8852,9.0238],[148.9385,-20.8883,7.9961],[148.9362,-20.8872,2.4452],[148.9331,-20.8884,2.8408],[148.9279,-20.8838,0.0],[148.9237,-20.8909,2.1448],[148.9201,-20.8891,0.7951],[148.9182,-20.893,2.9667],[148.9151,-20.892,0.9733],[148.913,-20.8863,2.2542],[148.9049,-20.8859,0.0],[148.8902,-20.8779,6.2224],[148.8907,-20.8648,3.0092],[148.8882,-20.8614,5.6083],[148.8926,-20.8622,5.8327],[148.8857,-20.8574,1.8946],[148.8821,-20.8578,3.2338],[148.881,-20.856,5.192],[148.8865,-20.8533,5.8174],[148.8848,-20.8488,0.0],[148.879,-20.8516,3.1908],[148.8785,-20.8544,0.0],[148.8801,-20.8571,2.4505],[148.8749,-20.8625,1.1686],[148.8751,-20.867,2.5886],[148.8778,-20.8693,4.4784],[148.8777,-20.881,0.5],[148.8754,-20.883,0.5],[148.8757,-20.8796,6.013],[148.8662,-20.8676,0.0],[148.8586,-20.869,0.0],[148.8431,-20.876,0.0],[148.8421,-20.872,5.2489],[148.8442,-20.8701,0.0],[148.8471,-20.856,0.0],[148.8439,-20.8565,0.749],[148.8363,-20.8508,0.189],[148.8325,-20.8497,1.4873],[148.8371,-20.8475,5.8287],[148.8379,-20.8441,5.7445],[148.8398,-20.8456,4.1104],[148.8402,-20.8502,5.5367],[148.8494,-20.8466,30.1149],[148.8449,-20.8421,2.5263],[148.8382,-20.828,3.0331],[148.8389,-20.8245,0.0],[148.8302,-20.8213,6.4802],[148.8239,-20.8214,4.0194],[148.8221,-20.8234,3.4008],[148.8223,-20.8271,3.1469],[148.8254,-20.8301,3.8786],[148.8203,-20.832,2.6368],[148.8223,-20.8288,1.241],[148.82,-20.826,2.5756],[148.8183,-20.8179,0.0],[148.8112,-20.8142,0.0],[148.7989,-20.8125,0.0],[148.7964,-20.8137,0.0],[148.7934,-20.8187,3.0528],[148.7873,-20.8166,6.4581],[148.7943,-20.8133,4.7019],[148.8008,-20.8067,0.0],[148.7994,-20.8057,4.9646],[148.8004,-20.8031,1.849],[148.7985,-20.8044,1.849],[148.7955,-20.8037,0.5991],[148.7963,-20.797,3.2909],[148.7983,-20.7986,3.8522],[148.7964,-20.8024,3.7924],[148.7991,-20.8009,2.1861],[148.8085,-20.8041,5.3306],[148.8133,-20.8037,6.9661],[148.8183,-20.802,1.4993],[148.8204,-20.7996,2.5365],[148.8191,-20.7952,1.5115],[148.8132,-20.7921,4.2454],[148.8147,-20.791,4.3902],[148.8245,-20.7952,1.2314],[148.8259,-20.7948,0.0],[148.8242,-20.7922,5.8468],[148.8254,-20.7902,3.1815],[148.8321,-20.7889,5.2764],[148.8376,-20.7924,10.0078],[148.8408,-20.7911,1.4141],[148.8339,-20.7847,5.3372],[148.8297,-20.7766,1.7947],[148.8113,-20.7714,2.6853],[148.8075,-20.7756,1.3658],[148.8027,-20.7759,0.0],[148.7986,-20.7733,4.1824],[148.794,-20.7674,4.2452],[148.7901,-20.7691,8.703],[148.7914,-20.767,1.9412],[148.7877,-20.7628,0.0],[148.7808,-20.7625,3.2894],[148.7769,-20.7501,3.167],[148.7786,-20.7458,1.221],[148.7773,-20.7397,3.815],[148.7779,-20.7321,3.2011],[148.7668,-20.7344,0.0],[148.7627,-20.7315,7.2501],[148.7586,-20.7244,1.056],[148.7515,-20.7235,6.0873],[148.7455,-20.7199,8.1437],[148.7432,-20.7208,2.98],[148.7414,-20.7184,0.0],[148.7398,-20.7191,2.9284],[148.7402,-20.718,2.9284],[148.7389,-20.7194,2.9284],[148.7308,-20.7167,5.4824],[148.7301,-20.7002,5.4175],[148.7326,-20.6935,4.6033],[148.7326,-20.6885,8.4401],[148.7312,-20.6875,0.0],[148.7262,-20.6885,7.2607],[148.722,-20.6796,7.0778],[148.7164,-20.6793,0.9386],[148.7063,-20.6707,0.0],[148.7101,-20.6652,3.8887],[148.7129,-20.6658,2.3677],[148.7179,-20.6628,33.6508],[148.7176,-20.6588,3.8571],[148.7239,-20.6464,3.9108],[148.7309,-20.6446,0.0],[148.727,-20.6398,6.6659],[148.7272,-20.633,5.2655],[148.7215,-20.6326,2.9223],[148.7194,-20.6356,6.3291],[148.7206,-20.6358,14.0191],[148.7188,-20.6392,4.6043],[148.7196,-20.6414,5.2894],[148.7181,-20.6425,5.891],[148.7115,-20.6435,5.4116],[148.7101,-20.6429,4.9553],[148.7102,-20.6405,5.2807],[148.6999,-20.6397,8.8603],[148.6951,-20.6349,9.6419],[148.6915,-20.6265,0.6432],[148.6869,-20.6206,5.3796],[148.6861,-20.6164,1.3912],[148.6886,-20.6165,0.0],[148.6923,-20.612,0.0],[148.6905,-20.6081,0.0],[148.6882,-20.6068,0.0],[148.6873,-20.6028,0.0],[148.6903,-20.5991,0.0],[148.6879,-20.5976,0.0],[148.6861,-20.5998,0.0],[148.675,-20.5905,0.0],[148.6693,-20.5927,0.5154],[148.662,-20.5858,5.5378],[148.6617,-20.5839,6.6229],[148.6642,-20.5832,2.995],[148.6681,-20.5768,0.8074],[148.67,-20.5694,7.3097],[148.6717,-20.569,6.1415],[148.6767,-20.5601,1.1127],[148.6799,-20.5514,0.0],[148.6837,-20.5501,6.2905],[148.6913,-20.5414,5.4373],[148.7009,-20.5276,7.1715],[148.7032,-20.5235,6.8811],[148.7023,-20.5229,6.1144],[148.7051,-20.5205,0.0],[148.7096,-20.5105,7.0997],[148.7083,-20.5078,0.0],[148.7123,-20.5028,1.5998],[148.7151,-20.4948,3.1359],[148.7124,-20.4858,0.0],[148.7136,-20.4834,0.0],[148.7064,-20.4752,0.0],[148.6971,-20.4682,4.0094],[148.6903,-20.4575,3.3082],[148.6919,-20.446,5.4085],[148.6846,-20.4462,2.3091],[148.6796,-20.4425,2.5666],[148.6802,-20.4413,2.5666],[148.6836,-20.4396,0.5],[148.6843,-20.436,6.3518],[148.685,-20.437,7.8188],[148.6846,-20.4396,0.5],[148.6895,-20.4394,8.3903],[148.6928,-20.4413,0.5],[148.6981,-20.4466,4.0259],[148.7002,-20.4542,6.7905],[148.703,-20.455,7.3199],[148.7044,-20.4574,8.474],[148.7144,-20.461,14.1923],[148.7184,-20.4653,8.2336],[148.721,-20.4725,4.9991],[148.7245,-20.4732,9.8001],[148.7262,-20.4758,2.8293],[148.7299,-20.4762,22.521],[148.7365,-20.482,0.0],[148.7526,-20.4729,6.9394],[148.7595,-20.473,7.8248],[148.7636,-20.4797,0.0],[148.7632,-20.4773,10.9927],[148.7707,-20.4702,11.0996],[148.7759,-20.4691,0.3653],[148.7822,-20.4643,0.0],[148.7844,-20.4518,0.0],[148.7807,-20.4433,20.9425],[148.781,-20.4401,15.2859],[148.7761,-20.4323,6.1259],[148.7678,-20.4255,5.7216],[148.7638,-20.4273,14.863],[148.7585,-20.4263,17.3109],[148.7561,-20.4189,5.9407],[148.7587,-20.4208,3.4553],[148.7606,-20.4192,6.7735],[148.7619,-20.425,2.2931],[148.7685,-20.4234,1.9348],[148.7704,-20.4258,8.8422],[148.778,-20.4268,10.9007],[148.7859,-20.4304,13.4203],[148.7873,-20.4379,7.5413],[148.7841,-20.438,6.6029],[148.7938,-20.4485,6.7397],[148.7939,-20.4537,0.4936],[148.797,-20.4471,6.8476],[148.7945,-20.4476,5.9332],[148.7879,-20.4289,17.782],[148.7909,-20.4152,16.0486],[148.7937,-20.4175,6.5553],[148.7979,-20.4155,5.0852],[148.8007,-20.4237,3.0629],[148.8086,-20.4185,8.8568],[148.8113,-20.4215,3.3448],[148.8137,-20.4208,10.5987],[148.8152,-20.4308,20.506],[148.8134,-20.4399,6.2566],[148.8205,-20.4435,5.5721],[148.8226,-20.4401,20.8359],[148.8193,-20.4377,3.7517],[148.8188,-20.4345,13.9971],[148.8212,-20.4248,3.3977],[148.824,-20.4261,12.1853],[148.8275,-20.4312,18.4191],[148.8238,-20.4367,7.4015],[148.8283,-20.4409,13.2526],[148.8259,-20.4431,40.551],[148.8255,-20.447,31.01],[148.8275,-20.4487,6.1983],[148.8305,-20.4487,7.3678],[148.8318,-20.4508,11.6576],[148.8281,-20.4524,10.4519],[148.8256,-20.4497,13.6791],[148.8233,-20.4496,22.7265],[148.8237,-20.4571,9.8276],[148.8197,-20.4577,8.4543],[148.8191,-20.4555,5.4282],[148.8174,-20.4592,27.6099],[148.8264,-20.473,4.7157],[148.8248,-20.474,3.4273],[148.8291,-20.4729,16.4371],[148.8311,-20.475,20.7517],[148.8277,-20.4748,25.3363],[148.8288,-20.478,15.5188],[148.8274,-20.4791,15.5188],[148.824,-20.478,21.2603],[148.8246,-20.4767,6.7608],[148.8232,-20.4777,6.7608],[148.8234,-20.4818,12.6353],[148.827,-20.4857,13.4727],[148.8268,-20.4903,15.1348],[148.8257,-20.4955,25.3149],[148.8225,-20.4951,3.7329],[148.8215,-20.4968,2.8618],[148.827,-20.5023,6.5207],[148.834,-20.5022,2.5778],[148.8365,-20.4998,0.834],[148.845,-20.5032,4.7141],[148.8457,-20.5063,10.5218],[148.8429,-20.5086,0.0],[148.8456,-20.51,7.9875],[148.8447,-20.5121,9.6821],[148.8463,-20.5153,4.8956],[148.8488,-20.5151,0.0],[148.8488,-20.5108,2.2267],[148.8504,-20.5103,0.44],[148.8526,-20.511,8.5143],[148.8521,-20.516,3.4253],[148.855,-20.5145,4.0071],[148.8566,-20.5155,12.6716],[148.8564,-20.5197,38.6825],[148.8533,-20.5207,2.5343],[148.8532,-20.5223,4.5721],[148.8556,-20.5238,5.611],[148.8569,-20.5279,33.2781],[148.8651,-20.5293,8.4995],[148.8701,-20.5231,5.9618],[148.8742,-20.5259,12.7915],[148.8761,-20.5232,11.1918],[148.879,-20.525,0.0],[148.8794,-20.5232,3.727],[148.8848,-20.5232,0.0],[148.8887,-20.5276,3.8787],[148.8898,-20.5343,33.0939],[148.8938,-20.5428,19.5828],[148.899,-20.5452,3.9729],[148.8996,-20.5382,0.0],[148.906,-20.5355,1.4636],[148.9138,-20.5358,5.9957],[148.9199,-20.532,8.757],[148.9269,-20.5368,3.6821],[148.9301,-20.5338,107.0725],[148.9276,-20.5306,19.2446],[148.929,-20.5259,1.2497],[148.927,-20.5249,37.3069],[148.9197,-20.5136,57.5682],[148.9153,-20.5103,31.5453],[148.9081,-20.5081,9.3524],[148.9058,-20.5026,0.0],[148.9034,-20.5008,0.9091],[148.9001,-20.5021,14.2746],[148.8938,-20.4993,4.4938],[148.8923,-20.4956,7.9891],[148.8877,-20.494,0.0],[148.8841,-20.4881,8.8162],[148.8909,-20.477,6.039],[148.8973,-20.4765,2.302],[148.907,-20.4796,0.0],[148.9112,-20.4795,47.0063],[148.908,-20.478,50.8462],[148.9099,-20.477,57.1299],[148.9081,-20.4769,109.3676],[148.9028,-20.467,31.2774],[148.8993,-20.4643,5.0814],[148.8957,-20.465699999999998,4.2625],[148.8926,-20.4645,0.0],[148.8861,-20.4701,26.903],[148.8802,-20.4723,6.9433],[148.8747,-20.4679,2.2108],[148.8711,-20.4571,0.0],[148.8591,-20.45,14.7388],[148.8468,-20.4317,3.7789],[148.8387,-20.431,3.2431],[148.838,-20.4181,0.0],[148.8351,-20.4136,25.294],[148.8398,-20.4091,0.0],[148.8411,-20.4051,28.0801],[148.8396,-20.3916,81.951],[148.8366,-20.3882,45.6803],[148.8269,-20.3891,7.7237],[148.8237,-20.3868,23.4135],[148.8218,-20.3878,4.0534],[148.82,-20.3922,12.1094],[148.8203,-20.3861,4.2505],[148.8182,-20.3842,6.107],[148.8164,-20.3849,15.7969],[148.8183,-20.3823,17.714],[148.8214,-20.3842,0.7188],[148.8219,-20.3819,10.9368],[148.8283,-20.385,0.0],[148.8311,-20.3844,35.975],[148.8315,-20.3814,0.0],[148.8347,-20.3794,5.8958],[148.8332,-20.3788,62.2481],[148.833,-20.3726,21.8147],[148.8279,-20.3654,10.4875],[148.8322,-20.3667,0.0],[148.8336,-20.3644,19.0067],[148.8372,-20.3662,3.675],[148.8407,-20.3574,13.7921],[148.8407,-20.3519,7.5828],[148.8257,-20.3377,0.0],[148.8215,-20.3426,25.5541],[148.8232,-20.3466,30.7459],[148.8236,-20.352,13.3991],[148.8217,-20.3526,5.323],[148.8228,-20.3551,12.0357],[148.8184,-20.3545,5.8244],[148.8177,-20.3522,5.4594],[148.8202,-20.3487,5.6738],[148.8166,-20.3438,27.4138],[148.8124,-20.3422,8.2569],[148.8088,-20.344,26.718],[148.807,-20.3428,5.7522],[148.8099,-20.3363,4.7498],[148.8151,-20.3386,0.8393],[148.8177,-20.3341,4.8548],[148.82,-20.3344,7.4199],[148.8223,-20.3319,4.4724],[148.8222,-20.3293,6.5962],[148.8163,-20.3215,55.8531],[148.8107,-20.321,0.0],[148.806,-20.3186,0.0],[148.8056,-20.3202,11.9198],[148.8025,-20.3212,0.0],[148.7966,-20.3202,9.9117],[148.7919,-20.3213,15.4247],[148.7907,-20.3163,2.5444],[148.794,-20.316,15.2632],[148.793,-20.3137,0.0],[148.7896,-20.3134,28.3456],[148.7874,-20.3104,8.0868],[148.7691,-20.2997,32.9722],[148.7694,-20.2961,10.026],[148.7657,-20.291,0.0],[148.7664,-20.2869,4.6263],[148.7689,-20.2877,5.6024],[148.7689,-20.2862,21.3997],[148.7708,-20.2865,4.0289],[148.7725,-20.2844,15.1731],[148.7721,-20.2878,9.5871],[148.7755,-20.2908,7.1661],[148.7794,-20.2895,16.7049],[148.7823,-20.2916,0.0],[148.7841,-20.291,25.6455],[148.7855,-20.2931,0.0],[148.7883,-20.288,2.7199],[148.7935,-20.2912,13.77],[148.7941,-20.2887,7.2775],[148.7909,-20.2848,0.0],[148.7919,-20.2839,1.4187],[148.7905,-20.2824,0.0],[148.791,-20.2788,9.4008],[148.7948,-20.283,0.0],[148.7965,-20.28,12.1147],[148.8014,-20.2799,0.0],[148.8018,-20.278,0.0],[148.7978,-20.2785,34.6559],[148.794,-20.2756,1.7835],[148.7926,-20.2771,38.9255],[148.7888,-20.2767,17.4639],[148.7839,-20.2712,0.0],[148.78,-20.2745,3.9723],[148.7776,-20.2741,4.073],[148.775,-20.2609,2.6176],[148.7766,-20.2543,0.0],[148.7733,-20.2423,14.4449],[148.7707,-20.2401,10.0275],[148.7693,-20.236,3.1039],[148.7637,-20.2338,1.3328],[148.7523,-20.2357,4.3398],[148.7529,-20.2459,10.4053],[148.7515,-20.2496,17.8515],[148.7536,-20.2549,11.8328],[148.7527,-20.2622,2.4862],[148.7474,-20.2623,0.0],[148.741,-20.2586,0.0],[148.7399,-20.2536,9.7808],[148.7331,-20.2538,6.5259],[148.7333,-20.2559,8.1965],[148.7367,-20.2565,1.4865],[148.7325,-20.271,0.0],[148.7386,-20.2789,4.2274],[148.7386,-20.2818,6.9585],[148.7368,-20.2824,6.9585],[148.736,-20.2794,4.5428],[148.7343,-20.2801,7.0985],[148.7348,-20.2786,4.5428],[148.7325,-20.2787,7.8929],[148.7343,-20.2775,3.9372],[148.7296,-20.2787,6.1372],[148.7281,-20.2754,2.2525],[148.7255,-20.2765,15.5391],[148.7248,-20.2752,5.6201],[148.7278,-20.272,0.0],[148.7283,-20.2658,0.0],[148.7273,-20.2672,0.0],[148.7218,-20.2659,0.0],[148.7204,-20.2681,4.1716],[148.7166,-20.2667,4.9659],[148.7155,-20.2627,0.0],[148.7094,-20.2636,0.0],[148.7067,-20.2665,0.0],[148.7064,-20.2691,3.2832],[148.7042,-20.2709,8.6524],[148.7035,-20.27,0.0],[148.7028,-20.2734,5.2533],[148.6968,-20.2729,0.0],[148.6937,-20.2704,3.2394],[148.6906,-20.2725,0.0],[148.6893,-20.2789,6.4652],[148.6846,-20.2787,5.5085],[148.6788,-20.2834,6.5609],[148.6732,-20.2823,7.4061],[148.6726,-20.274,5.4377],[148.6775,-20.272,0.0],[148.6793,-20.2674,0.0],[148.6776,-20.2632,0.0],[148.6791,-20.2591,9.2054],[148.6767,-20.2546,13.6506],[148.6815,-20.2475,0.0],[148.6811,-20.2452,9.2828],[148.6851,-20.2414,14.0565],[148.6822,-20.2318,6.5788],[148.679,-20.231,0.0],[148.6716,-20.2388,23.0331],[148.671,-20.2441,6.935],[148.6689,-20.2472,9.3641],[148.6628,-20.2475,0.0],[148.6631,-20.2362,14.8337],[148.6663,-20.2355,4.2998],[148.6677,-20.2334,17.5405],[148.6654,-20.2261,0.0],[148.6609,-20.2199,0.0],[148.6606,-20.2167,3.9623],[148.6642,-20.2115,13.6488],[148.6651,-20.2043,10.0498],[148.6732,-20.1939,16.8949],[148.6768,-20.1917,22.0146],[148.6779,-20.1787,0.0],[148.6766,-20.1772,0.0],[148.6739,-20.18,3.8363],[148.6767,-20.1852,0.0],[148.6761,-20.1888,0.0],[148.6685,-20.193,3.4152],[148.6668,-20.1982,0.0],[148.6606,-20.2021,3.0814],[148.6614,-20.2058,24.7036],[148.66,-20.2085,26.4534],[148.653,-20.2161,4.6783],[148.6429,-20.2139,4.9181],[148.6442,-20.2125,1.5108],[148.6456,-20.2136,4.1224],[148.6481,-20.2013,28.0322],[148.6459,-20.1978,5.9658],[148.6463,-20.1782,0.0],[148.6458,-20.1739,9.9777],[148.6394,-20.1709,2.5991],[148.6366,-20.1731,31.8378],[148.6342,-20.1821,29.3236],[148.6314,-20.1845,0.0],[148.6286,-20.191,12.4735],[148.6295,-20.1986,0.0],[148.6336,-20.209,0.0],[148.6338,-20.2144,0.0],[148.6301,-20.2195,0.0],[148.6261,-20.2187,0.0],[148.6228,-20.2153,1.4676],[148.6181,-20.216,0.0],[148.6165,-20.2198,2.7284],[148.6146,-20.2204,1.241],[148.6104,-20.2159,0.8029],[148.605,-20.2143,2.897],[148.6012,-20.2109,0.0],[148.6021,-20.2069,5.0591],[148.6042,-20.2058,7.6148],[148.6036,-20.2014,2.0008],[148.6088,-20.1989,0.0],[148.614,-20.1925,7.2101],[148.62,-20.1805,0.0],[148.6199,-20.1767,0.0],[148.6134,-20.1828,3.7825],[148.6102,-20.1829,0.0],[148.6082,-20.1851,35.0181],[148.5992,-20.2013,36.0391],[148.5877,-20.198,3.556],[148.5858,-20.1961,0.0],[148.5826,-20.1976,3.2315],[148.5828,-20.1816,0.0],[148.5864,-20.1771,23.3312],[148.5929,-20.1757,4.2085],[148.598,-20.1663,4.4308],[148.5943,-20.1704,5.2806],[148.5911,-20.1715,35.2193],[148.5872,-20.1706,5.1876],[148.5848,-20.1681,1.2234],[148.585,-20.1647,4.5637],[148.5778,-20.1726,0.0],[148.5732,-20.1729,0.0],[148.5703,-20.1703,2.0656],[148.5718,-20.164,35.2111],[148.577,-20.1545,0.0],[148.5699,-20.1546,11.5787],[148.566,-20.1519,0.0],[148.566,-20.15,0.0],[148.5706,-20.1445,10.0697],[148.5771,-20.1421,1.9425],[148.5799,-20.1344,19.987],[148.5784,-20.1273,1.551],[148.5737,-20.1295,2.3216],[148.5729,-20.1334,21.0229],[148.567,-20.1327,3.8588],[148.5645,-20.1243,0.0],[148.5679,-20.1188,21.5467],[148.5651,-20.1161,0.0],[148.5576,-20.1173,1.1661],[148.5548,-20.1139,0.0],[148.5566,-20.1097,0.0],[148.5536,-20.1008,3.9383],[148.556,-20.1002,0.0],[148.5564,-20.0981,0.0],[148.5527,-20.0942,10.5839],[148.5593,-20.0912,19.329],[148.561,-20.0885,12.5115],[148.5603,-20.0849,3.548],[148.5661,-20.0822,0.0],[148.5641,-20.078,0.0],[148.5656,-20.0755,14.0417],[148.5612,-20.0713,32.9567],[148.5629,-20.0667,12.3081],[148.5555,-20.0664,9.1588],[148.5544,-20.0699,11.2316],[148.5567,-20.0713,4.6024],[148.555,-20.0745,1.8334],[148.5486,-20.0724,0.0],[148.5409,-20.0763,14.7517],[148.5383,-20.0812,2.7528],[148.539,-20.0866,0.9899],[148.5361,-20.0877,1.6956],[148.5337,-20.0864,14.6361],[148.5299,-20.0938,3.2293],[148.5213,-20.093,5.4793],[148.5197,-20.0907,0.0],[148.5133,-20.0933,4.6933],[148.5073,-20.0871,0.7317],[148.5033,-20.0904,1.2994],[148.495,-20.0885,4.1732],[148.4934,-20.0861,0.0],[148.494,-20.0794,0.0],[148.4918,-20.0789,0.0],[148.4911,-20.0818,5.1573],[148.4872,-20.0815,3.4915],[148.4745,-20.0646,0.7181],[148.4663,-20.0618,0.0],[148.4627,-20.064,0.0],[148.4568,-20.0633,7.9511],[148.4553,-20.0606,0.0],[148.452,-20.0594,0.0],[148.4442,-20.0663,1.7307],[148.4407,-20.0736,21.8124],[148.4422,-20.0871,2.4742],[148.4411,-20.1,4.4715],[148.4442,-20.1039,0.9376],[148.4434,-20.1106,4.1297],[148.4477,-20.1167,0.0],[148.4497,-20.112,0.9868],[148.4562,-20.111,11.5469],[148.4606,-20.1133,3.3194],[148.4612,-20.1159,18.8217],[148.4748,-20.1154,5.2344],[148.4788,-20.1166,3.9381],[148.4786,-20.1189,4.3752],[148.4755,-20.1219,1.8069],[148.4723,-20.1224,1.7031],[148.4681,-20.1261,6.7833],[148.4692,-20.1306,1.6512],[148.466,-20.1384,3.4288],[148.4604,-20.1438,3.404],[148.4531,-20.1453,6.3705],[148.4481,-20.1446,10.3419],[148.4417,-20.1494,7.5914],[148.4355,-20.1573,5.852],[148.4353,-20.162,7.1799],[148.4369,-20.1651,3.9357],[148.4349,-20.1685,2.9203],[148.429,-20.1667,2.2927],[148.4218,-20.1605,7.4459],[148.4173,-20.1645,2.9952],[148.4116,-20.1654,0.0],[148.4058,-20.164,0.0],[148.4015,-20.161,0.0],[148.3961,-20.1617,1.8279],[148.3934,-20.1635,5.247],[148.3934,-20.1655,4.7285],[148.3963,-20.1652,3.1149],[148.3961,-20.169,2.6812],[148.3913,-20.1637,3.2189],[148.3764,-20.1613,4.1476],[148.3694,-20.157,1.5056],[148.3653,-20.1584,3.9179],[148.3555,-20.1579,0.0],[148.3525,-20.1627,1.8785],[148.3516,-20.1616,2.1783],[148.3528,-20.1557,0.0],[148.3481,-20.1534,0.0],[148.342,-20.153,2.2053],[148.34,-20.1506,5.0437],[148.3385,-20.1469,0.0],[148.3398,-20.1433,0.0],[148.3387,-20.1396,0.7425],[148.3352,-20.1372,0.0],[148.3313,-20.1403,4.8512],[148.3208,-20.1361,0.0],[148.3062,-20.1196,5.047],[148.3034,-20.1107,0.0],[148.2825,-20.0999,0.0],[148.2777,-20.0996,5.2075],[148.2755,-20.0961,3.6044],[148.2762,-20.0915,0.0],[148.2742,-20.0866,0.0],[148.2791,-20.0809,2.4261],[148.2845,-20.0793,0.0],[148.2835,-20.0775,0.6855],[148.2802,-20.0793,2.2201],[148.2771,-20.0789,6.1162],[148.2781,-20.0739,0.3519],[148.2748,-20.0722,2.6217],[148.266,-20.0746,2.655],[148.2683,-20.0769,3.5247],[148.2666,-20.0783,3.0354],[148.2643,-20.0746,3.9375],[148.2706,-20.0719,0.5612],[148.2702,-20.0705,0.9672],[148.262,-20.0679,0.0],[148.2531,-20.0581,5.6079],[148.2437,-20.0541,0.0],[148.2369,-20.0544,1.7375],[148.2306,-20.0453,0.0],[148.2291,-20.0383,1.8996],[148.2313,-20.0358,0.0],[148.2286,-20.0366,2.6671],[148.228,-20.0355,4.3191],[148.2314,-20.034,0.0],[148.235,-20.0258,2.6209],[148.2397,-20.0216,0.5928],[148.2421,-20.0225,3.2108],[148.2486,-20.018,0.0],[148.2515,-20.0242,0.0],[148.2501,-20.0204,0.0],[148.2524,-20.0237,0.0],[148.2489,-20.0178,2.9151],[148.2532,-20.0166,1.4445],[148.2557,-20.019,0.6697],[148.2542,-20.0153,0.5918],[148.2569,-20.0162,0.7808],[148.2561,-20.0143,3.3294],[148.2592,-20.0125,2.5577],[148.2613,-20.0139,0.4379],[148.259,-20.0189,2.0108],[148.2642,-20.0242,0.9837],[148.2675,-20.0237,0.0],[148.269,-20.0142,2.075],[148.2659,-20.006,0.0],[148.2658,-19.9948,0.0],[148.2677,-19.9936,0.0],[148.2666,-19.9923,0.3632],[148.2668,-19.9848,0.0],[148.2639,-19.9837,6.4015],[148.2598,-19.9754,0.2886],[148.2558,-19.9858,2.4003],[148.2392,-19.9846,1.3887],[148.2307,-19.9759,0.0],[148.2244,-19.9648,0.0],[148.2237,-19.9604,0.0],[148.2201,-19.956,0.2975],[148.2183,-19.957,2.7275],[148.2128,-19.9526,0.0],[148.2071,-19.9509,0.0],[148.2052,-19.9514,0.4481],[148.2048,-19.9533,3.5763],[148.1949,-19.9511,0.0],[148.1933,-19.9473,0.0],[148.1928,-19.9487,0.0],[148.1862,-19.9441,0.0],[148.1846,-19.9444,0.0],[148.1859,-19.9457,0.0],[148.1838,-19.9484,3.6942],[148.1705,-19.9507,0.0],[148.17,-19.9528,0.0],[148.1652,-19.955,2.2129],[148.1645,-19.958,6.0401],[148.148,-19.9533,4.8407],[148.1455,-19.9499,1.4191],[148.1319,-19.9449,0.0],[148.121,-19.9428,0.0],[148.1206,-19.9442,0.8365],[148.123,-19.9446,4.2764],[148.1203,-19.9451,4.0332],[148.112,-19.9416,3.2713],[148.1018,-19.9333,5.0024],[148.0972,-19.9249,4.8342],[148.0832,-19.8868,0.0],[148.0801,-19.8819,18.2219],[148.0632,-19.8904,4.7184],[148.047,-19.8859,0.0],[148.0428,-19.8913,9.2619],[148.0262,-19.894,0.0],[148.0177,-19.9036,0.0],[148.0176,-19.9131,1.813],[148.0064,-19.9183,1.3378],[148.007,-19.9193,1.3378],[148.0011,-19.9245,2.2371],[147.994,-19.9251,3.816],[147.9922,-19.9276,3.6318],[147.9903,-19.9255,3.5759],[147.9857,-19.9258,1.0688],[147.9805,-19.9235,0.5084],[147.9647,-19.9226,0.0],[147.9503,-19.9158,0.5737],[147.9385,-19.9185,1.6515],[147.9234,-19.9122,0.5717],[147.9178,-19.9083,0.0],[147.8976,-19.8829,0.0],[147.8853,-19.8778,1.5902],[147.8843,-19.8752,1.2355],[147.8801,-19.8727,0.8701],[147.8713,-19.8621,0.0],[147.8648,-19.851,0.0],[147.8558,-19.8188,2.7549],[147.8504,-19.7853,2.5038],[147.8495,-19.7833,3.6205],[147.8484,-19.7846,5.8649],[147.8457,-19.7821,4.7048],[147.8497,-19.7772,44.2542],[147.8496,-19.768,6.4273],[147.8525,-19.769,0.0],[147.8506,-19.7673,12.0879],[147.8528,-19.7653,0.0],[147.8526,-19.7573,0.0],[147.8498,-19.7572,21.5646],[147.8484,-19.7539,4.7945],[147.8484,-19.7516,3.508],[147.8512,-19.7509,26.5726],[147.8512,-19.7469,31.7511],[147.8528,-19.7454,0.0],[147.8514,-19.7392,29.6702],[147.846,-19.7276,0.0],[147.8446,-19.7268,2.7791],[147.8431,-19.7304,9.1415],[147.8373,-19.7274,8.1246],[147.8339,-19.7226,7.6669],[147.8335,-19.7184,0.0],[147.8237,-19.7097,14.5185],[147.8191,-19.7086,2.3283],[147.8155,-19.7104,7.7396],[147.8073,-19.7081,17.7511],[147.7962,-19.7109,1.8031],[147.7864,-19.7109,5.2131],[147.7843,-19.7084,3.4141],[147.7772,-19.7111,2.3719],[147.7753,-19.708,8.5503],[147.7665,-19.7055,0.0],[147.7562,-19.7073,6.3726],[147.755,-19.7058,0.0],[147.7524,-19.7066,0.0],[147.7543,-19.7082,0.0],[147.761,-19.7274,0.0],[147.7559,-19.7361,0.0],[147.7567,-19.7387,0.0],[147.7529,-19.7425,0.0],[147.7544,-19.7449,1.4342],[147.7498,-19.7498,22.9144],[147.7485,-19.7556,6.0062],[147.7463,-19.7551,0.0],[147.7474,-19.7561,6.0062],[147.7452,-19.7653,9.2291],[147.7473,-19.7666,28.4313],[147.745,-19.7691,3.1831],[147.7535,-19.7777,19.9695],[147.7679,-19.7835,5.8665],[147.7678,-19.7859,2.987],[147.7695,-19.7886,3.0895],[147.7676,-19.7903,2.6681],[147.7702,-19.7892,3.4215],[147.769,-19.7869,3.0772],[147.7695,-19.7857,2.987],[147.7712,-19.7861,6.1416],[147.7692,-19.7867,3.0772],[147.7707,-19.7886,3.4215],[147.7697,-19.7917,3.9436],[147.7779,-19.789,3.8284],[147.7735,-19.7923,4.0944],[147.768,-19.7929,3.8733],[147.768,-19.7944,4.9517],[147.769,-19.7942,4.9517],[147.7697,-19.8006,6.4078],[147.7717,-19.8038,3.7853],[147.7714,-19.8024,4.6969],[147.773,-19.8036,3.7853],[147.7738,-19.8004,1.5828],[147.7735,-19.8029,5.1608],[147.7741,-19.8014,1.5486],[147.7751,-19.8041,2.9554],[147.7788,-19.8025,1.845],[147.7784,-19.8039,2.9381],[147.7818,-19.8033,2.3761],[147.7824,-19.8054,1.9906],[147.7791,-19.8079,3.0056],[147.7775,-19.8057,2.8817],[147.7763,-19.8071,1.5643],[147.778,-19.8094,2.814],[147.7764,-19.8106,1.6998],[147.7789,-19.8108,1.8263],[147.7806,-19.8144,2.0554],[147.7789,-19.8151,2.5563],[147.7807,-19.818,1.8331],[147.7714,-19.8122,4.6938],[147.7668,-19.8157,3.1082],[147.7732,-19.8266,0.0],[147.7643,-19.8374,2.5645],[147.7622,-19.8367,3.1549],[147.7594,-19.8381,1.7358],[147.7607,-19.8412,2.409],[147.7552,-19.8385,2.0288],[147.7484,-19.8394,3.2192],[147.7437,-19.8455,1.3751],[147.7427,-19.8447,1.5156],[147.7438,-19.844,1.449],[147.7394,-19.8431,2.2802],[147.7386,-19.845,3.9331],[147.74,-19.845,2.35],[147.7384,-19.8471,2.3193],[147.7338,-19.8445,3.415],[147.7085,-19.8412,4.0476],[147.7038,-19.8361,4.6546],[147.7044,-19.8386,3.4623],[147.7074,-19.8409,4.2148],[147.704,-19.8387,3.4623],[147.7027,-19.8359,2.7616],[147.7033,-19.8381,6.7885],[147.702,-19.8359,2.7616],[147.7027,-19.8381,6.7885],[147.6995,-19.8356,3.1506],[147.7014,-19.8342,1.6176],[147.7005,-19.8326,0.0],[147.7059,-19.832,0.0],[147.7001,-19.8322,0.0],[147.6979,-19.8337,0.692],[147.6938,-19.8334,3.2692],[147.6961,-19.833,3.4374],[147.6951,-19.8325,0.0],[147.6829,-19.832,1.7737],[147.6714,-19.8284,3.3722],[147.6667,-19.8237,5.8103],[147.6667,-19.8179,0.5114],[147.6646,-19.8194,3.7686],[147.6624,-19.8158,1.1208],[147.6629,-19.8094,0.0],[147.6305,-19.7882,3.6322],[147.6087,-19.7679,0.0],[147.6014,-19.7575,0.0],[147.5934,-19.7318,0.7423],[147.5868,-19.7251,9.8801],[147.5923,-19.7133,0.0],[147.5956,-19.7099,0.0],[147.6005,-19.696,2.3262],[147.6018,-19.6906,1.1035],[147.5997,-19.687,0.3707],[147.6153,-19.6876,0.0],[147.6171,-19.6859,0.0],[147.6181,-19.6817,0.0],[147.6154,-19.6731,0.0],[147.6043,-19.6503,2.4196],[147.601,-19.6464,0.0],[147.5979,-19.6449,0.0],[147.5854,-19.6485,5.7245],[147.5854,-19.6444,4.4119],[147.5812,-19.6355,0.0],[147.5741,-19.6293,1.771],[147.581,-19.6249,0.0],[147.5779,-19.6197,1.1091],[147.5754,-19.6086,0.0],[147.5711,-19.6058,0.0],[147.5734,-19.596,0.0],[147.5711,-19.5814,0.0],[147.5593,-19.5505,0.0],[147.5463,-19.5271,0.7971],[147.5378,-19.5268,0.0],[147.5302,-19.5167,0.0],[147.5299,-19.5141,0.0],[147.5189,-19.4991,0.0],[147.5182,-19.4922,0.0],[147.5135,-19.4891,0.0],[147.5077,-19.4763,0.0],[147.5002,-19.4696,0.0],[147.5087,-19.4806,0.0],[147.5102,-19.4848,0.7621],[147.5052,-19.4864,5.6915],[147.5011,-19.485,3.6421],[147.501,-19.4813,6.2662],[147.487,-19.4655,3.6385],[147.4806,-19.4501,2.1802],[147.4831,-19.4505,0.0],[147.4898,-19.4598,0.0],[147.4888,-19.4575,0.0],[147.4807,-19.4452,0.0],[147.4809,-19.4461,0.0],[147.4771,-19.4406,0.0],[147.4743,-19.4332,1.7234],[147.4682,-19.4028,0.0],[147.4572,-19.3743,0.0],[147.4359,-19.3375,1.1926],[147.4143,-19.3126,0.0],[147.4094,-19.3107,0.0],[147.4122,-19.3128,0.0],[147.4101,-19.3121,1.8527],[147.4073,-19.311,0.5241],[147.4087,-19.3103,0.0],[147.3891,-19.3027,0.0],[147.3846,-19.3025,0.0],[147.3846,-19.3041,0.0],[147.3886,-19.3036,0.0],[147.4022,-19.3083,0.0],[147.3983,-19.3077,0.0],[147.3965,-19.3067,0.0],[147.3979,-19.3082,0.0],[147.4008,-19.3086,0.0],[147.404,-19.3099,0.0],[147.4073,-19.3131,0.9791],[147.4071,-19.3132,0.9791],[147.4059,-19.3127,4.474],[147.4007,-19.3087,0.0],[147.401,-19.3094,0.0],[147.4044,-19.3117,0.0],[147.4065,-19.3139,0.9791],[147.4135,-19.3163,0.0],[147.4148,-19.3187,0.0],[147.4213,-19.3217,0.3463],[147.4162,-19.3268,4.0903],[147.4175,-19.3288,2.75],[147.4163,-19.3293,2.75],[147.4171,-19.3332,0.0],[147.4191,-19.3361,0.0],[147.4258,-19.3383,2.068],[147.4265,-19.3451,1.3916],[147.4337,-19.354,1.1546],[147.441,-19.3592,3.9941],[147.446,-19.3652,0.0],[147.4471,-19.3774,2.2502],[147.4533,-19.3849,3.4405],[147.4552,-19.3952,1.7801],[147.4523,-19.4057,0.6954],[147.441,-19.4212,3.296],[147.4216,-19.4259,0.7466],[147.4104,-19.426,1.0057],[147.3904,-19.4179,0.0],[147.3591,-19.4196,2.2584],[147.3531,-19.4175,0.0],[147.3517,-19.4184,4.6049],[147.3503,-19.417,1.1505],[147.3422,-19.4172,0.3973],[147.3282,-19.4141,0.0],[147.3255,-19.4153,0.6675],[147.3188,-19.4111,1.8657],[147.3176,-19.4086,0.0],[147.3131,-19.4083,1.6548],[147.3098,-19.411,1.535],[147.3042,-19.4076,0.0],[147.293,-19.4121,3.1359],[147.2914,-19.4159,0.0],[147.2883,-19.4159,0.0],[147.2838,-19.4204,0.2745],[147.2797,-19.4198,0.3506],[147.2747,-19.4229,0.285],[147.2663,-19.4242,1.0658],[147.2587,-19.429,0.0],[147.2588,-19.4308,1.1091],[147.2469,-19.4325,5.4559],[147.2417,-19.4303,1.9474],[147.2419,-19.4286,0.4835],[147.2346,-19.4186,0.7364],[147.2204,-19.4196,4.6662],[147.2128,-19.4239,1.7467],[147.2093,-19.421,0.0],[147.2004,-19.42,3.6353],[147.1959,-19.4156,0.0],[147.1839,-19.4116,1.533],[147.1715,-19.4103,0.0],[147.1693,-19.4135,1.8187],[147.1624,-19.41,0.6868],[147.1615,-19.4054,0.0],[147.1569,-19.4077,1.676],[147.1548,-19.4062,0.0],[147.1491,-19.4079,1.6634],[147.1351,-19.4068,0.7809],[147.1365,-19.4124,3.0136],[147.1358,-19.4176,0.0],[147.1303,-19.4219,0.0],[147.1261,-19.4225,1.4389],[147.1237,-19.4184,0.0],[147.1228,-19.4113,6.1315],[147.1177,-19.4126,0.0],[147.115,-19.4037,6.3896],[147.1102,-19.3971,1.6957],[147.1102,-19.3915,3.5328],[147.1138,-19.3876,0.0],[147.0867,-19.3643,0.0],[147.0691,-19.3445,1.7241],[147.065,-19.3422,0.0],[147.0651,-19.3375,0.0],[147.0554,-19.319,6.3553],[147.0479,-19.2993,0.0],[147.045,-19.2982,0.761],[147.0432,-19.3012,2.3206],[147.0414,-19.3008,2.3206],[147.0391,-19.297,3.2283],[147.044,-19.2883,0.0],[147.0451,-19.2808,5.6275],[147.0435,-19.2784,4.1384],[147.0456,-19.2774,0.0],[147.0466,-19.2745,3.7232],[147.051,-19.2725,9.1367],[147.0583,-19.2768,0.3881],[147.0614,-19.2767,4.5491],[147.0571,-19.2591,4.1618],[147.0578,-19.2565,0.0],[147.0606,-19.2563,1.3458],[147.0565,-19.2506,3.0341],[147.0565,-19.248,0.0],[147.0526,-19.2461,1.9029],[147.0504,-19.2402,15.203],[147.0471,-19.24,12.2106],[147.0449,-19.2373,8.5365],[147.043,-19.2303,10.1677],[147.0448,-19.2283,25.0679],[147.045,-19.2254,60.0907],[147.0432,-19.2225,46.7661],[147.0444,-19.2203,27.324],[147.042,-19.2174,9.8069],[147.04,-19.2069,4.5985],[147.0294,-19.201,0.0],[147.0285,-19.1984,39.5621],[147.0222,-19.1938,17.4462],[147.0205,-19.1874,13.6497],[147.0168,-19.1858,5.449],[147.0163,-19.1823,16.8681],[147.0132,-19.1822,6.9562],[147.015,-19.1842,33.4262],[147.0144,-19.1882,0.0],[147.0183,-19.1915,0.0],[147.0198,-19.1983,0.0],[147.0218,-19.1999,2.0121],[147.0209,-19.2023,7.0635],[147.0183,-19.2028,0.0],[147.0235,-19.209,2.4914],[147.0218,-19.2158,3.1224],[147.0183,-19.2198,1.0215],[147.0077,-19.2263,0.0],[147.0057,-19.2317,8.0842],[147.0024,-19.2346,44.3298],[147.0018,-19.2368,0.0],[147.0054,-19.241,11.2651],[147.002,-19.2453,0.0],[147.0018,-19.2494,0.0],[146.9981,-19.252,4.1983],[146.9888,-19.2675,4.575],[146.9811,-19.2764,3.5167],[146.9782,-19.2847,4.8774],[146.9769,-19.2837,2.8597],[146.9658,-19.2888,1.3311],[146.9605,-19.2933,1.8963],[146.9575,-19.3025,0.0],[146.958,-19.3088,0.0],[146.9554,-19.307,1.5179],[146.9546,-19.3005,6.7235],[146.9522,-19.2979,1.3059],[146.9425,-19.2954,2.5383],[146.9329,-19.2982,4.6253],[146.9284,-19.2979,0.0],[146.9232,-19.3015,4.5045],[146.9101,-19.3014,4.2036],[146.9037,-19.305,6.6543],[146.8887,-19.3053,3.4982],[146.8826,-19.3036,2.5779],[146.863,-19.2899,2.3006],[146.8518,-19.2761,3.8062],[146.8484,-19.2743,2.2007],[146.8502,-19.2768,5.1426],[146.8451,-19.2768,4.5913],[146.8443,-19.2762,5.7277],[146.8459,-19.2761,6.3246],[146.8429,-19.2741,6.1012],[146.8437,-19.2726,5.0336],[146.8488,-19.2741,2.2007],[146.8479,-19.2733,2.2007],[146.8452,-19.2723,5.0336],[146.8351,-19.2707,0.6004],[146.8374,-19.2595,3.6659],[146.8438,-19.259,0.0],[146.8468,-19.2555,0.0],[146.8358,-19.2429,0.0],[146.8372,-19.2452,1.1875],[146.8341,-19.253,4.6901],[146.8341,-19.2507,0.0],[146.8324,-19.253,6.1896],[146.8329,-19.2508,0.8969],[146.8313,-19.2527,1.9541],[146.8302,-19.2503,0.6957],[146.8277,-19.2552,6.8661],[146.8261,-19.2554,4.3164],[146.8332,-19.2436,0.0],[146.8292,-19.2499,1.5112],[146.8222,-19.2495,0.0],[146.8201,-19.2531,11.0318],[146.8127,-19.2473,7.9629],[146.8052,-19.2385,9.1495],[146.8003,-19.2391,0.0],[146.797,-19.2431,4.9969],[146.7909,-19.2405,4.0866],[146.7849,-19.2331,1.2734],[146.7791,-19.2214,4.915],[146.7753,-19.2051,1.9709],[146.7743,-19.1889,0.0],[146.7679,-19.1847,0.0],[146.7603,-19.1848,10.8335],[146.7511,-19.1809,0.0],[146.7371,-19.1803,1.7334],[146.7306,-19.1816,4.3898],[146.7505,-19.1814,4.2482],[146.7512,-19.1843,3.2278],[146.7433,-19.1825,3.5312],[146.729,-19.1829,2.0016],[146.7231,-19.1816,8.7422],[146.7202,-19.1873,10.8585],[146.7146,-19.1884,28.5513],[146.7134,-19.1907,16.3118],[146.7142,-19.1939,5.9971],[146.7132,-19.1921,6.783],[146.7117,-19.1925,3.4212],[146.7124,-19.194,3.6077],[146.7098,-19.1923,1.9211],[146.7046,-19.1939,3.1188],[146.7038,-19.1918,0.0],[146.7038,-19.1936,3.1188],[146.6975,-19.192,0.4734],[146.6966,-19.1898,0.0],[146.6957,-19.1926,0.4734],[146.6902,-19.1921,1.543],[146.6889,-19.1935,4.055],[146.6766,-19.1899,6.3042],[146.6549,-19.1797,3.0388],[146.6531,-19.1795,0.0],[146.6527,-19.181,2.1875],[146.6485,-19.1763,3.522],[146.6487,-19.1745,0.0],[146.6484,-19.1757,0.0],[146.6436,-19.1739,0.0],[146.6454,-19.1753,1.5567],[146.6413,-19.1748,7.1782],[146.619,-19.166,3.2328],[146.604,-19.1528,0.0],[146.6009,-19.1533,1.9797],[146.6015,-19.1521,0.0],[146.5994,-19.1496,0.7131],[146.5954,-19.1471,0.0],[146.5867,-19.145,2.4409],[146.5729,-19.1455,2.4064],[146.5622,-19.1425,1.3812],[146.5552,-19.1365,5.691],[146.5411,-19.1164,3.1846],[146.5334,-19.1133,0.0],[146.5373,-19.1156,0.0],[146.5337,-19.1157,3.0628],[146.5166,-19.0999,0.0],[146.5139,-19.0989,0.0],[146.5105,-19.1006,2.7029],[146.5053,-19.0982,2.5183],[146.5011,-19.0993,0.0],[146.4904,-19.0951,4.8736],[146.4729,-19.0765,2.4429],[146.4695,-19.0746,2.3503],[146.4566,-19.0751,5.8095],[146.4542,-19.0737,4.9262],[146.4411,-19.0595,0.0],[146.4206,-19.0312,3.1665],[146.4179,-19.0252,0.0],[146.4114,-19.0187,6.5541],[146.4053,-19.0076,0.0],[146.4042,-19.0067,0.0],[146.4027,-19.0078,0.0],[146.4004,-19.0058,1.5334],[146.4001,-19.0031,0.0],[146.3963,-18.9985,0.0],[146.3801,-18.9977,1.0547],[146.3702,-18.9881,6.6196],[146.3705,-18.9849,0.0],[146.3638,-18.968,0.5829],[146.3611,-18.968,3.4919],[146.3607,-18.9655,0.0],[146.3545,-18.9603,0.0],[146.3434,-18.9597,9.1259],[146.3358,-18.956,0.0],[146.332,-18.9485,2.9566],[146.331,-18.9397,2.9327],[146.3248,-18.9306,3.8896],[146.3214,-18.929,0.7691],[146.3213,-18.9237,0.0],[146.316,-18.917,2.2837],[146.3123,-18.916,0.0],[146.3046,-18.9064,0.0],[146.2985,-18.9023,0.9496],[146.2898,-18.8919,5.0686],[146.2838,-18.8805,5.4249],[146.2822,-18.8698,0.0],[146.2786,-18.8688,3.1068],[146.273,-18.8601,0.0],[146.2761,-18.8544,0.6477],[146.2754,-18.8242,0.0],[146.2772,-18.8091,0.0],[146.2754,-18.8125,2.19],[146.2733,-18.8116,3.7674],[146.2775,-18.8048,0.0],[146.2818,-18.7865,2.2604],[146.2797,-18.7868,3.9482],[146.2793,-18.7853,4.3305],[146.2826,-18.7806,0.903],[146.2854,-18.7688,0.0],[146.2855,-18.7666,0.0],[146.2835,-18.7663,1.9682],[146.2832,-18.764,3.2995],[146.2876,-18.7601,2.0174],[146.2893,-18.7499,0.5616],[146.2867,-18.7554,6.2322],[146.2864,-18.7533,5.8746],[146.2889,-18.7486,0.0],[146.2894,-18.7417,0.7399],[146.2907,-18.7421,1.4004],[146.3018,-18.7051,0.0],[146.3212,-18.6626,0.0],[146.3385,-18.6303,0.0],[146.3392,-18.6233,0.5498],[146.3367,-18.6261,0.9299],[146.3321,-18.641,2.713],[146.3246,-18.6469,6.627],[146.3194,-18.6461,4.0725],[146.3196,-18.6413,0.0],[146.3237,-18.6376,1.4964],[146.3271,-18.6291,6.247],[146.3359,-18.616,0.0],[146.3389,-18.6068,0.0],[146.3388,-18.603,0.7201],[146.3375,-18.6023,1.8375],[146.3381,-18.5932,0.0],[146.3424,-18.5777,0.0],[146.3416,-18.5702,0.0],[146.3392,-18.5645,0.0],[146.3289,-18.5766,6.1562],[146.3289,-18.5744,0.0],[146.3245,-18.5778,0.8666],[146.3223,-18.5777,1.0453],[146.3334,-18.5704,0.0],[146.3341,-18.5653,0.4523],[146.3316,-18.5583,0.0],[146.3264,-18.5557,2.3327],[146.3211,-18.5573,0.9669],[146.3269,-18.5542,4.6704],[146.3329,-18.5563,0.0],[146.335,-18.562,2.2668],[146.3454,-18.5593,0.0],[146.3449,-18.5542,0.0],[146.3359,-18.5331,0.0],[146.3379,-18.5266,2.1276],[146.3312,-18.5235,1.8179],[146.3239,-18.5226,0.0],[146.3184,-18.5186,0.0],[146.3135,-18.5219,0.0],[146.3024,-18.5153,1.1217],[146.2948,-18.5082,5.1816],[146.2907,-18.5068,3.4327],[146.2805,-18.5072,7.9812],[146.2679,-18.5052,4.2009],[146.2579,-18.4979,0.0],[146.2573,-18.4949,0.0],[146.2479,-18.4968,2.6468],[146.2465,-18.4989,1.9191],[146.2428,-18.4962,0.0],[146.24,-18.4968,6.0498],[146.2393,-18.4992,5.3633],[146.237,-18.4993,4.2922],[146.2336,-18.4966,1.6496],[146.2259,-18.4983,1.6314],[146.22,-18.4933,5.0531],[146.2203,-18.4872,0.0],[146.215,-18.48,0.0],[146.2131,-18.4728,0.0],[146.2089,-18.4722,2.0083],[146.2036,-18.4747,4.2944],[146.1894,-18.4738,3.4943],[146.1875,-18.4689,2.5176],[146.1885,-18.46,1.7746],[146.1994,-18.4554,4.3753],[146.2005,-18.4523,0.0],[146.1951,-18.4471,2.0894],[146.192,-18.4495,0.7313],[146.1927,-18.4448,3.949],[146.1907,-18.444,1.6857],[146.1849,-18.4467,0.5247],[146.1796,-18.4459,0.0],[146.1733,-18.4479,1.3159],[146.1707,-18.448,3.3975],[146.1675,-18.4453,3.6442],[146.1736,-18.4349,1.4725],[146.167,-18.4308,0.0],[146.1666,-18.424,2.6429],[146.1612,-18.4245,1.8313],[146.1656,-18.4216,2.5293],[146.1632,-18.4177,0.0],[146.1592,-18.3969,1.8416],[146.1536,-18.389,0.0],[146.1497,-18.389,2.6942],[146.1507,-18.3841,0.7211],[146.1453,-18.3763,1.5724],[146.1411,-18.3641,3.0944],[146.1371,-18.3625,0.9479],[146.1365,-18.368,2.5444],[146.1332,-18.3687,5.0648],[146.128,-18.3662,0.0],[146.1267,-18.3617,0.6212],[146.1133,-18.3569,0.5956],[146.106,-18.3517,4.2814],[146.0952,-18.3359,0.6363],[146.0891,-18.3303,1.0082],[146.0851,-18.3313,3.9524],[146.0865,-18.3274,0.0],[146.082,-18.3222,4.3391],[146.082,-18.3153,4.1859],[146.0693,-18.3042,1.4162],[146.0615,-18.2994,3.2706],[146.0576,-18.2911,0.0],[146.0495,-18.2824,0.0],[146.05,-18.2772,0.0],[146.0364,-18.2715,4.7469],[146.031,-18.2674,0.0],[146.0194,-18.2531,4.1998],[146.0162,-18.245,3.5933],[146.0182,-18.2293,2.4887],[146.0134,-18.214,0.0],[146.0076,-18.1794,2.7993],[146.008,-18.1644,2.1694],[146.0094,-18.1608,0.6206],[146.0061,-18.1336,1.4548],[146.008,-18.1205,3.8242],[146.0244,-18.0931,0.9821],[146.0273,-18.091,0.0],[146.0264,-18.0865,4.277],[146.0302,-18.0836,0.0],[146.0342,-18.0645,2.454],[146.041,-18.0437,2.6123],[146.0516,-18.0309,0.0],[146.0551,-18.0298,0.0],[146.0587,-18.0177,1.3524],[146.0659,-18.0041,0.0],[146.0724,-17.9948,0.0],[146.0755,-17.9931,0.0],[146.0739,-17.9899,2.7158],[146.0784,-17.9906,1.9277],[146.0863,-17.9804,6.872],[146.0943,-17.9738,4.6873],[146.098,-17.9731,0.0],[146.0993,-17.9764,17.3376],[146.1014,-17.9769,0.0],[146.1001,-17.9665,12.4013],[146.0956,-17.9679,0.9525],[146.0929,-17.9649,1.6343],[146.0915,-17.9551,0.0],[146.0914,-17.949,0.0],[146.0979,-17.927,3.002],[146.0979,-17.8969,5.5955],[146.1102,-17.8641,3.4837],[146.1196,-17.8558,0.621],[146.1172,-17.8536,0.0],[146.1146,-17.8573,1.4994],[146.1065,-17.852,16.6118],[146.1054,-17.8427,2.2668],[146.0997,-17.8332,0.0],[146.1058,-17.8156,21.3646],[146.1032,-17.8122,0.0],[146.0997,-17.8118,1.1852],[146.0973,-17.8057,1.782],[146.0934,-17.8071,4.6837],[146.0921,-17.8062,0.9],[146.0909,-17.8,0.0],[146.0922,-17.7937,0.25],[146.0956,-17.7879,4.6829],[146.1085,-17.7769,1.1058],[146.1118,-17.7716,1.1062],[146.1047,-17.7452,7.6106],[146.1045,-17.728,6.9662],[146.108,-17.7092,0.4546],[146.1134,-17.693,0.0],[146.1203,-17.6798,0.0],[146.1314,-17.664,4.9652],[146.1385,-17.6563,0.0],[146.149,-17.6486,19.985],[146.1406,-17.6397,2.3016],[146.1405,-17.6355,0.0],[146.143,-17.6298,0.0],[146.139,-17.6256,17.4722],[146.1392,-17.6232,0.0],[146.1365,-17.6223,0.0],[146.1376,-17.6125,6.7214],[146.1324,-17.6014,28.7884],[146.1261,-17.6015,17.0019],[146.1258,-17.6125,5.3885],[146.1127,-17.6089,4.126],[146.1157,-17.6095,9.1439],[146.118,-17.6056,0.0],[146.1158,-17.6013,2.8728],[146.1286,-17.5993,21.4211],[146.1279,-17.5925,0.0],[146.1178,-17.5803,0.0],[146.0921,-17.5616,17.9711],[146.0888,-17.5487,10.6064],[146.0793,-17.5359,26.3826],[146.0791,-17.53,31.7172],[146.0696,-17.5224,12.7289],[146.0696,-17.513,4.8861],[146.0682,-17.5104,0.0],[146.0652,-17.5096,4.5705],[146.0603,-17.5113,6.8131],[146.0591,-17.5169,0.5],[146.0616,-17.5194,1.5502],[146.0615,-17.5221,1.8241],[146.0586,-17.5249,2.6252],[146.0556,-17.5238,0.5],[146.0495,-17.5246,2.7247],[146.0443,-17.5287,2.8276],[146.0332,-17.5253,5.162],[146.0314,-17.528,4.2023],[146.0316,-17.5376,4.5599],[146.0278,-17.5503,3.9481],[146.0273,-17.5436,6.3225],[146.031,-17.5337,3.7391],[146.0303,-17.5276,2.9437],[146.0327,-17.5243,7.445],[146.0304,-17.5158,2.479],[146.0327,-17.5123,4.1588],[146.0341,-17.5124,1.0],[146.0324,-17.5188,2.3761],[146.0361,-17.5231,1.0],[146.0396,-17.5237,2.3181],[146.0442,-17.5217,5.8223],[146.0564,-17.5209,3.9081],[146.0581,-17.5198,0.5],[146.056,-17.5151,0.25],[146.0575,-17.5071,5.6261],[146.0506,-17.5096,4.4383],[146.0516,-17.5055,7.1533],[146.0648,-17.5076,1.2875],[146.0722,-17.5012,26.2582],[146.077,-17.5046,0.0],[146.0779,-17.4782,11.6988],[146.0711,-17.4734,1.9686],[146.0649,-17.4589,0.0],[146.0654,-17.4383,2.047],[146.0695,-17.4241,8.1845],[146.0732,-17.3947,0.0],[146.0679,-17.388,0.0],[146.0618,-17.3846,23.4972],[146.055,-17.3867,13.1696],[146.0509,-17.3845,0.0],[146.0434,-17.3751,0.0],[146.0357,-17.3596,3.1336],[146.0316,-17.3605,0.0],[146.0208,-17.3468,0.0],[146.0088,-17.323,2.6674],[146.0002,-17.2971,6.5582],[146.0005,-17.2908,2.9055],[145.9978,-17.2863,77.9331],[145.9957,-17.2733,7.2503],[145.9827,-17.2488,4.2336],[145.9797,-17.2472,0.0],[145.9751,-17.2478,13.0666],[145.9716,-17.242,1.6739],[145.9702,-17.2342,3.4092],[145.9714,-17.2246,0.0],[145.97,-17.2251,0.0],[145.9674,-17.2227,2.0975],[145.9707,-17.2183,1.7112],[145.9701,-17.2145,1.9368],[145.9644,-17.2029,12.2236],[145.9613,-17.1901,3.4653],[145.9613,-17.1785,2.7533],[145.9645,-17.1685,18.6845],[145.9571,-17.1639,8.3103],[145.9529,-17.1577,0.0],[145.9525,-17.1445,18.2656],[145.9492,-17.1307,14.259],[145.929,-17.1173,19.6497],[145.9223,-17.1075,2.9774],[145.916,-17.087,0.0],[145.9082,-17.082,9.0773],[145.8998,-17.0727,2.2495],[145.8973,-17.0672,0.0],[145.892,-17.0643,0.0],[145.8894,-17.0576,0.0],[145.8909,-17.0302,9.5516],[145.8965,-17.0135,9.7534],[145.9009,-17.0075,0.7058],[145.8967,-16.9968,57.0185],[145.8994,-16.9918,0.0],[145.8982,-16.9898,2.0712],[145.9007,-16.9817,8.4225],[145.9101,-16.9688,1.9227],[145.9274,-16.9504,2.6043],[145.9303,-16.9506,13.7707],[145.9339,-16.9482,3.8279],[145.9357,-16.9415,15.2343],[145.9329,-16.933,0.0],[145.9294,-16.9284,41.1266],[145.931,-16.923,3.4211],[145.9444,-16.9065,1.6346],[145.9494,-16.9074,7.3731],[145.9562,-16.9055,38.2113],[145.9569,-16.9035,8.4516],[145.9548,-16.8972,3.3571],[145.9577,-16.8966,7.3727],[145.9533,-16.8899,12.6872],[145.9513,-16.8899,27.2603],[145.9507,-16.8917,39.8013],[145.9478,-16.8911,10.4741],[145.9431,-16.8816,0.0],[145.9349,-16.8756,3.5878],[145.9282,-16.8659,0.0],[145.9239,-16.8664,37.1954],[145.9192,-16.8643,0.0],[145.9157,-16.8655,50.4566],[145.9191,-16.8736,9.6122],[145.9087,-16.8883,3.7361],[145.9065,-16.8972,15.2503],[145.8976,-16.8953,15.8992],[145.8946,-16.8998,11.8757],[145.8897,-16.9,11.246],[145.8849,-16.9068,7.3642],[145.8698,-16.9066,5.7297],[145.8624,-16.9037,1.3898],[145.8617,-16.8989,48.4376],[145.8645,-16.8963,0.0],[145.862,-16.8934,65.6943],[145.8632,-16.8912,0.0],[145.8534,-16.8801,51.7686],[145.8527,-16.8744,7.961],[145.8489,-16.8712,0.0],[145.8474,-16.8763,18.8011],[145.8394,-16.8784,4.6254],[145.8339,-16.885,24.7824],[145.8256,-16.8893,1.8255],[145.8228,-16.8987,1.945],[145.8199,-16.9015,7.5507],[145.8121,-16.9033,11.5903],[145.8118,-16.9076,28.5371],[145.81,-16.9094,3.8564],[145.8073,-16.9082,4.6004],[145.7989,-16.9107,7.7215],[145.7985,-16.9089,0.0],[145.7931,-16.9106,8.7614],[145.7906,-16.9166,1.8098],[145.7929,-16.9183,6.8913],[145.7927,-16.9204,3.4941],[145.7905,-16.9186,1.8723],[145.7858,-16.9249,1.1475],[145.7833,-16.9357,0.0],[145.785,-16.9411,6.3535],[145.7792,-16.9404,1.1561],[145.778,-16.9351,1.6241],[145.7834,-16.917,0.0],[145.7766,-16.9182,2.5729],[145.7649,-16.9073,6.0959],[145.7631,-16.9044,5.8871],[145.764,-16.903,4.1207],[145.7624,-16.8979,11.0497],[145.7645,-16.8878,14.793],[145.7711,-16.8843,5.5815],[145.7686,-16.8823,12.4379],[145.7736,-16.8829,5.3738],[145.777,-16.8804,0.0],[145.7759,-16.8754,0.0],[145.7682,-16.8725,9.5174],[145.7655,-16.8692,15.2473],[145.7699,-16.8723,8.6424],[145.774,-16.8722,0.0],[145.7741,-16.8741,0.0],[145.7749,-16.87,0.0],[145.77,-16.8655,1.3028],[145.76,-16.8613,0.7884],[145.7448,-16.8454,5.5782],[145.7376,-16.8332,7.1525],[145.7316,-16.8166,3.2205],[145.7244,-16.8056,1.2835],[145.7249,-16.8039,0.0],[145.7204,-16.8001,20.7393],[145.7182,-16.8014,15.3177],[145.7186,-16.8031,8.1413],[145.715,-16.8027,0.0],[145.7065,-16.7915,9.2964],[145.7021,-16.7889,1.9431],[145.6953,-16.7756,2.1134],[145.694,-16.7756,2.1134],[145.6928,-16.7797,4.3721],[145.691,-16.7804,3.5279],[145.6863,-16.7789,3.1591],[145.6827,-16.7756,2.9742],[145.6725,-16.7567,4.279],[145.671,-16.7374,0.0],[145.6664,-16.7345,0.0],[145.6637,-16.7363,25.3777],[145.6552,-16.73,6.9324],[145.6512,-16.7295,1.7563],[145.6291,-16.7053,10.8341],[145.6261,-16.7045,0.0],[145.6215,-16.6995,0.0],[145.6043,-16.694,3.5274],[145.5974,-16.694,5.7535],[145.5903,-16.6889,18.6867],[145.5819,-16.6872,13.1321],[145.5729,-16.6687,0.0],[145.565,-16.6432,5.3696],[145.5526,-16.6288,9.2667],[145.5491,-16.6275,6.3145],[145.5443,-16.6201,29.9383],[145.5309,-16.611,0.0],[145.5271,-16.6035,7.9614],[145.523,-16.601,0.0],[145.5221,-16.5863,1.3877],[145.5173,-16.5851,4.2488],[145.5162,-16.5863,22.6788],[145.5137,-16.5844,0.0],[145.5129,-16.5743,0.0],[145.5087,-16.5709,3.884],[145.5095,-16.5689,1.0941],[145.506,-16.5655,11.5272],[145.5,-16.5529,0.0],[145.4901,-16.5454,0.5],[145.4899,-16.5399,0.0],[145.485,-16.5369,12.7442],[145.47,-16.5144,0.0],[145.4677,-16.5034,0.0],[145.47,-16.4848,0.0],[145.4686,-16.4799,0.0],[145.465,-16.4771,0.0],[145.4614,-16.4787,4.4942],[145.4508,-16.4789,4.4462],[145.4422,-16.4724,0.0],[145.4327,-16.4732,13.0142],[145.4323,-16.4766,15.4807],[145.4269,-16.4745,0.0],[145.4225,-16.4708,0.0],[145.4173,-16.4698,2.9633],[145.4144,-16.4673,0.0],[145.4095,-16.4568,0.0],[145.4082,-16.4402,0.0],[145.4063,-16.4358,0.0],[145.4076,-16.4335,0.0],[145.4052,-16.4335,4.1433],[145.4074,-16.4316,0.0],[145.4118,-16.4082,0.0],[145.4199,-16.3879,0.0],[145.4178,-16.3814,0.0],[145.4149,-16.3801,0.0],[145.4121,-16.3762,0.0],[145.4167,-16.3588,0.0],[145.4157,-16.3484,0.0],[145.4182,-16.3383,0.0],[145.4259,-16.3257,2.3214],[145.4397,-16.31,0.0],[145.4462,-16.2985,0.0],[145.4476,-16.2896,2.3937],[145.4557,-16.2886,1.1369],[145.4596,-16.29,0.0],[145.4771,-16.2752,5.8007],[145.4823,-16.2754,58.0579],[145.4849,-16.2777,51.6873],[145.4889,-16.2767,0.0],[145.4847,-16.2744,0.0],[145.4789,-16.268,0.0],[145.4802,-16.2627,0.0],[145.4775,-16.2593,0.0],[145.4819,-16.2475,0.0],[145.4819,-16.2414,0.0],[145.4704,-16.2358,0.0],[145.4701,-16.2248,0.0],[145.4717,-16.2206,0.0],[145.4688,-16.2153,0.0],[145.4693,-16.2109,0.0],[145.4637,-16.2066,0.0],[145.4601,-16.207,0.0],[145.4553,-16.2014,0.0],[145.4491,-16.2027,0.0],[145.4449,-16.2009,0.0],[145.4413,-16.1746,0.0],[145.4455,-16.1676,0.0],[145.4457,-16.1535,0.0],[145.4505,-16.1428,1.6625],[145.4399,-16.1419,5.8235],[145.4488,-16.1409,15.1273],[145.4513,-16.1423,0.0],[145.452,-16.1412,0.0],[145.4535,-16.1355,0.0],[145.4597,-16.1263,0.0],[145.4588,-16.112,0.0],[145.4668,-16.1012,5.2097],[145.4675,-16.0875,0.0],[145.4709,-16.0822,0.0],[145.4748,-16.0807,3.0075],[145.4769,-16.0761,0.0],[145.4755,-16.0735,0.0],[145.4709,-16.0759,0.0],[145.4648,-16.0664,10.6256],[145.4636,-16.036,0.0],[145.4557,-16.0306,0.0],[145.4524,-16.0223,0.0],[145.4507,-16.0093,0.0],[145.4396,-16.0003,0.0],[145.4343,-15.9981,0.0],[145.4339,-15.9902,14.7038],[145.4312,-15.989,7.738],[145.4271,-15.9795,0.0],[145.4278,-15.9729,7.7866],[145.4144,-15.9568,42.4616],[145.4138,-15.951,3.0304],[145.4106,-15.9485,37.8093],[145.4088,-15.9444,0.0],[145.4054,-15.9434,0.0],[145.4043,-15.9403,4.541],[145.3935,-15.9398,12.8211],[145.3821,-15.9242,0.0],[145.3788,-15.9243,0.0],[145.3772,-15.9264,7.8779],[145.3704,-15.9246,13.1101],[145.3673,-15.9217,5.6627],[145.3626,-15.922,0.0],[145.3624,-15.918,0.0],[145.3573,-15.9105,5.3579],[145.3556,-15.903,7.2322],[145.3564,-15.8901,0.0],[145.3658,-15.8622,7.8352],[145.3768,-15.8431,0.0],[145.3767,-15.8389,6.1035],[145.3752,-15.8352,11.0618],[145.3717,-15.8323,0.0],[145.3628,-15.8329,0.0],[145.3583,-15.8304,3.7145],[145.356,-15.8216,0.0],[145.3561,-15.8121,0.0],[145.3518,-15.8067,0.0],[145.3562,-15.789,0.0],[145.3673,-15.769,37.9727],[145.3686,-15.7621,3.0611],[145.3657,-15.7577,19.9979],[145.3671,-15.7482,13.0884],[145.3657,-15.7362,1.8285],[145.3613,-15.7196,15.3252],[145.3521,-15.7028,0.0],[145.3509,-15.6973,0.0],[145.3444,-15.693,9.358],[145.3381,-15.6829,0.0],[145.3355,-15.6815,0.0],[145.3336,-15.6752,2.593],[145.3344,-15.6703,8.5561],[145.3321,-15.6663,8.0535],[145.3331,-15.6626,0.0],[145.3175,-15.6532,3.0867],[145.3127,-15.6468,0.0],[145.3122,-15.6421,8.4163],[145.3191,-15.6323,0.0],[145.3178,-15.6221,35.3846],[145.3145,-15.613,25.4179],[145.3164,-15.6054,7.9316],[145.32,-15.6058,5.2676],[145.3192,-15.6021,11.8839],[145.3242,-15.6029,11.0246],[145.3275,-15.6056,0.0],[145.327,-15.6028,10.0882],[145.3289,-15.601,0.0],[145.327,-15.5991,30.1935],[145.3295,-15.5955,0.0],[145.3287,-15.5921,4.0413],[145.3222,-15.5904,9.0958],[145.3194,-15.587,0.0],[145.3191,-15.583,0.0],[145.3215,-15.5816,4.968],[145.3218,-15.5796,9.707],[145.3185,-15.5779,37.2779],[145.3174,-15.5737,6.6456],[145.3228,-15.5703,2.5648],[145.3186,-15.5687,54.4463],[145.3177,-15.5656,3.1374],[145.3092,-15.5577,0.0],[145.3081,-15.5535,12.8959],[145.3042,-15.5514,2.5458],[145.3018,-15.5516,1.3617],[145.3009,-15.5551,6.366],[145.2959,-15.5588,0.0],[145.2873,-15.5591,1.4219],[145.2834,-15.5548,10.2619],[145.2795,-15.5445,0.0],[145.272,-15.5413,11.6857],[145.2696,-15.536,1.3079],[145.2694,-15.5305,0.0],[145.2719,-15.5276,0.8641],[145.2725,-15.5179,8.5988],[145.2755,-15.51,2.786],[145.2837,-15.4972,80.3085],[145.2819,-15.4936,2.9599],[145.2774,-15.4946,8.8516],[145.2751,-15.4927,3.0428],[145.2725,-15.4862,50.1352],[145.2717,-15.4737,4.1545],[145.2673,-15.4708,0.0],[145.2637,-15.472,0.0],[145.2616,-15.4596,3.0586],[145.2563,-15.4566,7.4556],[145.2517,-15.4575,0.0],[145.2488,-15.4593,0.0],[145.2477,-15.4643,0.0],[145.2408,-15.4662,0.0],[145.2339,-15.4652,5.0483],[145.2285,-15.462,6.1987],[145.2379,-15.458,0.0],[145.2406,-15.4601,5.4074],[145.2382,-15.443,16.7176],[145.2473,-15.4162,53.1934],[145.258,-15.4016,1.02],[145.2708,-15.3879,15.135],[145.2765,-15.3833,4.1989],[145.282,-15.3815,11.5392],[145.2873,-15.3753,33.7033],[145.2848,-15.3631,6.0357],[145.295,-15.3498,6.9751],[145.2971,-15.3433,20.9718],[145.297,-15.3413,19.8661],[145.289,-15.3366,17.7874],[145.2863,-15.3338,1.6156],[145.2857,-15.3301,7.3638],[145.283,-15.3283,13.8391],[145.2826,-15.3233,7.3852],[145.2856,-15.3162,5.4985],[145.2956,-15.3048,4.4576],[145.3115,-15.2906,5.1315],[145.3297,-15.2782,1.0096],[145.3394,-15.2741,4.7258],[145.3426,-15.2745,3.8042],[145.3439,-15.2767,4.9802],[145.35,-15.2754,34.4706],[145.3562,-15.2765,3.9723],[145.3568,-15.2737,8.1376],[145.3527,-15.2685,100.9673],[145.3536,-15.2629,57.7769],[145.352,-15.2573,9.663],[145.3433,-15.2471,13.3029],[145.3446,-15.2435,20.4461],[145.3443,-15.233,29.673],[145.343,-15.2294,8.0193],[145.3395,-15.2264,3.5392],[145.3328,-15.2282,0.0],[145.3312,-15.2307,2.0978],[145.3283,-15.248,6.674],[145.3242,-15.2539,0.0],[145.3148,-15.2588,0.0],[145.3105,-15.2601,0.0],[145.2712,-15.2581,43.1748],[145.2633,-15.2511,0.0],[145.2559,-15.2371,23.7277],[145.2546,-15.2287,6.8789],[145.2496,-15.2197,0.0],[145.2481,-15.2123,9.4959],[145.2411,-15.2031,0.3941],[145.2382,-15.1956,10.5733],[145.2393,-15.1795,0.0],[145.2364,-15.1754,8.6254],[145.2354,-15.1665,3.9575],[145.24,-15.1508,0.8417],[145.2338,-15.139,0.0],[145.2376,-15.1379,14.6227],[145.2456,-15.1154,7.2497],[145.2602,-15.0937,4.5185],[145.2652,-15.0809,23.3333],[145.2767,-15.0608,5.8251],[145.2894,-15.0424,7.7715],[145.3115,-15.0179,3.2948],[145.342,-14.9881,2.2899],[145.3497,-14.9823,17.2865],[145.3544,-14.9825,0.0],[145.3533,-14.9761,0.0],[145.3498,-14.9692,0.5637],[145.3521,-14.9592,0.0],[145.3518,-14.951,0.0],[145.3477,-14.9447,0.0],[145.3407,-14.9451,5.9212],[145.3328,-14.955,1.8212],[145.323,-14.9556,0.0],[145.3189,-14.9533,0.0],[145.3142,-14.9531,5.8158],[145.3086,-14.9615,9.5105],[145.2982,-14.9632,3.0384],[145.2914,-14.9622,5.3597],[145.2848,-14.9558,0.0],[145.2822,-14.9552,2.4391],[145.2737,-14.9405,0.0],[145.2736,-14.9379,0.0],[145.2655,-14.9301,0.0],[145.2647,-14.9268,4.6517],[145.2429,-14.9091,0.3831],[145.241,-14.9027,2.3071],[145.2386,-14.9005,4.2834],[145.2422,-14.901,0.0],[145.2373,-14.8992,1.1872],[145.2318,-14.8916,1.345],[145.22,-14.8828,2.0668],[145.2183,-14.8678,4.1447],[145.2272,-14.8401,6.2111],[145.2313,-14.8339,0.0],[145.2296,-14.8314,12.261],[145.2258,-14.8307,1.17],[145.2223,-14.8368,12.4107],[145.2052,-14.838,1.7055],[145.2,-14.8397,2.2457],[145.1963,-14.8374,1.0962],[145.1942,-14.8408,5.0822],[145.1883,-14.8393,7.4787],[145.1925,-14.8369,1.5452],[145.1886,-14.8374,0.0],[145.1869,-14.8396,1.8],[145.1906,-14.8409,5.2802],[145.1906,-14.8432,2.2947],[145.1869,-14.8409,1.8],[145.1783,-14.8432,9.4012],[145.168,-14.8397,7.8153],[145.1672,-14.8415,5.4997],[145.1646,-14.8405,5.4323],[145.1652,-14.8379,0.0],[145.1626,-14.8365,0.0],[145.1611,-14.8396,3.0579],[145.1568,-14.8395,2.1618],[145.1554,-14.8374,8.7771],[145.1576,-14.8361,4.9848],[145.1518,-14.8334,4.7054],[145.1487,-14.8355,8.7528],[145.1445,-14.8327,0.0],[145.1372,-14.8327,0.0],[145.1351,-14.835,7.4673],[145.1352,-14.8333,2.2663],[145.1309,-14.833,3.9098],[145.13,-14.8295,0.0],[145.1229,-14.8262,0.0],[145.1197,-14.8258,0.0],[145.1177,-14.8273,2.8636],[145.1168,-14.8256,0.0],[145.1139,-14.8256,0.0],[145.1125,-14.8225,0.0],[145.1058,-14.819,6.6804],[145.0983,-14.809,7.8112],[145.0959,-14.8098,7.4983],[145.0969,-14.8079,0.0],[145.0902,-14.8028,0.0],[145.0882,-14.8035,0.0],[145.0892,-14.805,10.9084],[145.0804,-14.8045,0.0],[145.0768,-14.8015,3.2591],[145.076,-14.8058,2.5084],[145.0747,-14.8055,2.5084],[145.075,-14.7992,0.0],[145.0735,-14.7985,1.4913],[145.0657,-14.7975,0.0],[145.065,-14.799,7.3093],[145.0585,-14.7995,0.0],[145.0467,-14.7986,0.0],[145.0372,-14.7957,0.0],[145.0241,-14.7951,1.3427],[145.0216,-14.79,0.0],[145.0226,-14.7862,0.0],[145.0216,-14.7827,0.0],[145.0076,-14.7759,0.0],[145.0047,-14.7724,0.0],[145.0025,-14.7671,0.0],[145.0022,-14.7603,11.1481],[145.0069,-14.7601,4.0888],[145.009,-14.757,0.0],[145.0043,-14.7517,0.0],[145.0021,-14.7511,0.0],[144.9971,-14.7534,2.1956],[144.9999,-14.7559,18.7185],[144.9949,-14.7582,8.3946],[144.9953,-14.763,6.0488],[144.994,-14.7636,6.0488],[144.9896,-14.7629,3.6557],[144.9921,-14.7616,5.6181],[144.9943,-14.7626,7.0045],[144.9938,-14.7575,10.9368],[144.9958,-14.7549,7.276],[144.9938,-14.752,0.0],[144.9836,-14.7507,0.0],[144.98,-14.7551,5.5669],[144.982,-14.7496,5.7652],[144.9733,-14.75,13.6855],[144.9727,-14.7481,7.4649],[144.9682,-14.7474,2.6887],[144.9611,-14.7389,0.0],[144.9595,-14.7438,5.5596],[144.9561,-14.7448,3.5098],[144.9594,-14.7425,8.6787],[144.9596,-14.7387,0.0],[144.9584,-14.7365,6.3204],[144.9532,-14.7361,2.1392],[144.9486,-14.71,6.613],[144.9481,-14.6958,19.8546],[144.9518,-14.686,3.8316],[144.9502,-14.6772,16.0444],[144.948,-14.6723,8.9167],[144.9443,-14.6693,7.676],[144.9427,-14.6637,0.0],[144.93,-14.6659,0.0],[144.9238,-14.6632,0.0],[144.9222,-14.6477,1.3154],[144.9239,-14.6388,0.0],[144.911,-14.6225,5.1071],[144.9123,-14.6206,1.0268],[144.9102,-14.6181,2.4183],[144.9102,-14.614,0.4142],[144.9013,-14.6109,0.5202],[144.8967,-14.6122,11.8191],[144.8969,-14.6105,5.5594],[144.8883,-14.6094,0.0],[144.8837,-14.6097,1.9356],[144.881,-14.6133,10.52],[144.8721,-14.6127,0.0],[144.8715,-14.6159,5.2594],[144.8729,-14.617,4.8261],[144.8701,-14.6164,2.6833],[144.87,-14.6114,7.1886],[144.8533,-14.6129,0.0],[144.8513,-14.6133,6.6697],[144.8512,-14.6151,13.0048],[144.8497,-14.6134,6.6697],[144.8388,-14.6143,0.0],[144.8321,-14.6127,1.257],[144.8302,-14.6073,4.4911],[144.8281,-14.6059,0.0],[144.82,-14.607,0.0],[144.8181,-14.6088,5.5777],[144.8163,-14.6081,12.2566],[144.8095,-14.5987,3.9283],[144.8061,-14.6001,7.8065],[144.7962,-14.5993,1.419],[144.7933,-14.5964,1.8012],[144.7827,-14.5936,4.4954],[144.778,-14.5833,2.2927],[144.7768,-14.5577,5.8263],[144.7781,-14.5565,0.0],[144.7751,-14.5551,15.3949],[144.7743,-14.5455,0.0],[144.7704,-14.5472,0.0],[144.7692,-14.5503,2.5325],[144.7628,-14.5523,0.0],[144.7565,-14.5504,19.1589],[144.7543,-14.5483,0.5938],[144.7493,-14.5538,5.6768],[144.7455,-14.5549,10.37],[144.7471,-14.553,3.6346],[144.7389,-14.5556,4.5173],[144.7272,-14.5567,5.2664],[144.7268,-14.559,11.6018],[144.7259,-14.5567,7.4127],[144.716,-14.5559,0.0],[144.7151,-14.561,1.7413],[144.7094,-14.5606,2.2198],[144.6952,-14.5554,1.4755],[144.6902,-14.5601,7.3285],[144.6932,-14.5639,6.3706],[144.693,-14.5671,7.6714],[144.6893,-14.5593,7.8366],[144.6916,-14.5584,4.1885],[144.6933,-14.5533,0.7091],[144.6844,-14.5528,1.716],[144.6793,-14.5467,0.0],[144.6717,-14.5256,0.0],[144.6681,-14.5215,18.5251],[144.6651,-14.511,0.0],[144.6635,-14.5122,4.3559],[144.6613,-14.5112,0.0],[144.6557,-14.5037,2.7661],[144.6443,-14.4993,0.0],[144.6359,-14.4918,0.2263],[144.6259,-14.4862,0.0],[144.623,-14.4824,7.4044],[144.6223,-14.4783,2.2709],[144.6188,-14.4754,5.7864],[144.6189,-14.4645,1.9834],[144.6174,-14.4629,4.1978],[144.6194,-14.4624,0.0],[144.6222,-14.4533,1.3543],[144.6219,-14.4458,1.2109],[144.6186,-14.4424,3.765],[144.6189,-14.4344,4.7463],[144.6147,-14.4307,2.4979],[144.6198,-14.4336,5.5429],[144.6192,-14.4376,4.0282],[144.6207,-14.4375,5.6294],[144.6219,-14.4349,1.237],[144.621,-14.4299,4.824],[144.6238,-14.4202,1.8377],[144.6257,-14.4186,0.0],[144.6403,-14.3809,2.8153],[144.6426,-14.3795,22.7814],[144.6456,-14.3724,6.1506],[144.6493,-14.3726,8.5005],[144.6499,-14.3655,32.2422],[144.6523,-14.3646,0.0],[144.6511,-14.3584,10.8006],[144.6474,-14.3553,9.2715],[144.6472,-14.3514,6.8611],[144.6442,-14.3483,0.0],[144.6384,-14.3561,4.6202],[144.6224,-14.362,0.7071],[144.6155,-14.3602,1.7478],[144.6123,-14.3577,0.0],[144.6086,-14.3584,0.0],[144.607,-14.3619,7.9542],[144.6042,-14.3635,2.3198],[144.5949,-14.3653,5.4243],[144.5889,-14.3632,4.9411],[144.587,-14.3607,2.0643],[144.5857,-14.3502,3.706],[144.5867,-14.3305,1.9278],[144.5884,-14.3286,0.0],[144.5837,-14.3273,5.5529],[144.5857,-14.3145,3.4789],[144.5819,-14.3124,23.0461],[144.5811,-14.3061,3.933],[144.5963,-14.2606,11.5661],[144.5914,-14.2588,0.0],[144.5824,-14.2477,0.0],[144.5765,-14.2474,0.0],[144.5775,-14.2351,1.5233],[144.5737,-14.2352,2.2023],[144.5716,-14.2319,17.151],[144.5654,-14.2287,4.1571],[144.5581,-14.2285,0.4814],[144.5548,-14.2228,4.8712],[144.5562,-14.2222,0.0],[144.5536,-14.2198,2.3755],[144.5529,-14.2155,1.0247],[144.5448,-14.2098,9.9473],[144.5417,-14.2034,0.0],[144.5387,-14.201,0.7653],[144.536,-14.1882,5.074],[144.5246,-14.1769,0.0],[144.5237,-14.1699,4.0631],[144.5162,-14.1666,13.3215],[144.5075,-14.1678,0.0],[144.4957,-14.1645,0.0],[144.4915,-14.166,0.0],[144.4856,-14.1904,29.2441],[144.4813,-14.1962,0.0],[144.4784,-14.2039,4.1763],[144.4702,-14.215,3.7366],[144.4654,-14.2277,3.1045],[144.4466,-14.2498,2.8488],[144.4392,-14.2542,0.0],[144.4361,-14.2586,1.4762],[144.4186,-14.2671,1.5207],[144.4069,-14.2702,0.0],[144.4072,-14.2734,2.0596],[144.3968,-14.2731,2.1119],[144.3887,-14.2788,0.0],[144.3808,-14.2878,8.0169],[144.3747,-14.2911,3.5821],[144.3598,-14.2911,0.0],[144.3602,-14.2931,22.4528],[144.355,-14.2981,2.332],[144.3398,-14.3063,3.2317],[144.343,-14.3079,3.6408],[144.339,-14.3075,0.8529],[144.3376,-14.305,0.0],[144.3282,-14.3082,6.5747],[144.3156,-14.3086,3.2859],[144.2978,-14.3016,7.5235],[144.2934,-14.298,6.9093],[144.2902,-14.2981,20.4506],[144.285,-14.3035,6.269],[144.2819,-14.3026,0.8145],[144.2721,-14.2964,27.46],[144.2675,-14.2957,0.8165],[144.2623,-14.2908,7.1273],[144.2525,-14.2707,2.3984],[144.2446,-14.2642,3.3063],[144.2403,-14.2624,0.0],[144.2383,-14.2639,0.0],[144.2371,-14.2683,8.3012],[144.2319,-14.2691,0.9772],[144.2231,-14.2615,5.0515],[144.2224,-14.2579,0.0],[144.2163,-14.2541,0.0],[144.2142,-14.2564,13.0916],[144.2119,-14.2562,0.0],[144.2089,-14.2625,1.6099],[144.2031,-14.2594,0.0],[144.1961,-14.261,0.0],[144.1936,-14.2653,2.2498],[144.1983,-14.2673,18.1618],[144.1965,-14.2739,15.6114],[144.2009,-14.2759,7.5157],[144.1971,-14.2917,3.139],[144.199,-14.2959,0.0],[144.2009,-14.2968,0.0],[144.2014,-14.3038,0.824],[144.1985,-14.3234,5.382],[144.1944,-14.335,0.0],[144.1944,-14.3374,0.0],[144.1967,-14.3394,5.0805],[144.1938,-14.3393,0.0],[144.1846,-14.3545,0.0],[144.1704,-14.3722,1.6212],[144.1682,-14.3766,0.0],[144.1683,-14.3814,8.3521],[144.1586,-14.3847,9.0576],[144.1511,-14.3897,2.4326],[144.1474,-14.3956,0.0],[144.1477,-14.4003,0.0],[144.1417,-14.405,9.914],[144.1372,-14.4012,0.0],[144.1308,-14.402,0.0],[144.1225,-14.4115,0.0],[144.1125,-14.4276,0.0],[144.0952,-14.4451,0.8068],[144.0608,-14.4653,0.0],[144.0374,-14.4741,0.0],[144.0293,-14.4813,0.0],[144.0177,-14.4812,0.0],[143.9847,-14.4884,7.702],[143.9603,-14.4849,0.0],[143.9483,-14.4956,0.0],[143.9417,-14.4943,4.0876],[143.939,-14.4885,0.0],[143.9323,-14.4835,0.0],[143.9191,-14.4827,0.0],[143.895,-14.4843,0.0],[143.8844,-14.4821,0.0],[143.872,-14.4777,0.0],[143.8569,-14.4693,0.0],[143.8191,-14.4418,0.0],[143.7984,-14.4228,0.0],[143.7811,-14.3992,0.0],[143.7661,-14.376,0.0],[143.7458,-14.3331,0.4451],[143.7345,-14.2859,0.0],[143.7324,-14.2846,0.7868],[143.7304,-14.2664,0.0],[143.7259,-14.2537,0.0],[143.7246,-14.2544,0.0],[143.7235,-14.253,1.4776],[143.7101,-14.2266,0.5161],[143.7038,-14.2086,0.0],[143.6985,-14.1801,0.3591],[143.7014,-14.1675,1.9335],[143.7027,-14.1513,1.3414],[143.701,-14.145,4.5706],[143.7025,-14.1379,0.0],[143.7018,-14.1322,0.1303],[143.7037,-14.1266,0.0],[143.7003,-14.1189,0.0],[143.6979,-14.1188,3.0123],[143.6993,-14.1129,0.0],[143.6965,-14.1104,0.0034],[143.6964,-14.0974,0.0],[143.6931,-14.0951,3.2279],[143.6918,-14.0913,2.0402],[143.6944,-14.0851,1.1139],[143.6934,-14.0674,0.0],[143.6903,-14.0624,0.0],[143.6852,-14.0463,0.5844],[143.6811,-14.0146,0.0],[143.6754,-14.0059,0.0],[143.6734,-14.0051,0.0],[143.6741,-14.0072,0.5065],[143.6727,-14.0075,0.5065],[143.6671,-14.0025,0.0],[143.6636,-14.0015,0.0],[143.6672,-14.0034,0.0],[143.6669,-14.0045,0.0],[143.6628,-14.0023,0.0],[143.6537,-13.9903,0.0],[143.6504,-13.9894,0.0],[143.6573,-13.9957,0.0],[143.648,-13.9883,1.389],[143.6364,-13.9819,1.3608],[143.6345,-13.9826,5.9837],[143.6315,-13.98,4.5927],[143.6318,-13.9778,0.0],[143.6268,-13.9686,0.0],[143.6224,-13.9675,6.8595],[143.6227,-13.9634,0.0],[143.618,-13.9533,0.0],[143.6125,-13.9314,0.0],[143.6126,-13.9392,3.226],[143.6083,-13.9189,0.9758],[143.6034,-13.9117,0.5554],[143.6016,-13.9142,7.2429],[143.6013,-13.9041,0.0],[143.5998,-13.9015,0.0317],[143.6006,-13.8828,0.0],[143.5999,-13.8817,0.0],[143.5981,-13.8973,8.3467],[143.5988,-13.8782,0.0],[143.5914,-13.8576,0.0],[143.5812,-13.8495,3.8455],[143.5772,-13.8366,0.0],[143.5722,-13.8286,0.494],[143.5642,-13.8221,0.0],[143.5594,-13.8204,7.2285],[143.5574,-13.8126,0.0],[143.5544,-13.811,0.0],[143.5585,-13.8179,0.1857],[143.553,-13.8121,2.2229],[143.5456,-13.8003,5.3946],[143.5421,-13.7911,2.3309],[143.5427,-13.7906,2.3309],[143.5464,-13.7992,1.988],[143.5465,-13.7983,1.988],[143.542,-13.7872,0.0],[143.5412,-13.7755,0.0],[143.5389,-13.7713,5.6429],[143.5393,-13.7765,2.7173],[143.5386,-13.775,9.8976],[143.5348,-13.7661,0.0],[143.5377,-13.7691,1.6858],[143.5317,-13.7546,0.0],[143.534,-13.7441,0.0],[143.5314,-13.7466,0.0],[143.5321,-13.7428,4.623],[143.5336,-13.7428,0.0],[143.543,-13.7194,2.3637],[143.5471,-13.6793,3.6778],[143.5465,-13.6545,3.7697],[143.5482,-13.6485,0.0],[143.5466,-13.6521,6.0862],[143.5465,-13.6478,7.378],[143.5502,-13.6312,0.0],[143.547,-13.6388,4.3089],[143.5435,-13.6389,6.1336],[143.5462,-13.6383,4.3089],[143.5494,-13.6304,0.0],[143.5601,-13.5868,0.1009],[143.5611,-13.5852,0.9037],[143.5623,-13.5863,0.0],[143.5672,-13.5744,0.9651],[143.574,-13.5648,0.0],[143.5696,-13.5638,3.4121],[143.5744,-13.5635,0.0],[143.5779,-13.5592,0.7415],[143.5801,-13.5588,0.0],[143.5868,-13.545,0.0],[143.5863,-13.5414,0.0],[143.5911,-13.5246,0.0],[143.5875,-13.5178,0.0],[143.5852,-13.5172,0.0],[143.5893,-13.5229,0.0],[143.5878,-13.5227,0.0],[143.5897,-13.5255,0.0],[143.5878,-13.5324,1.099],[143.5863,-13.5265,0.0],[143.5858,-13.5301,9.8606],[143.5829,-13.5265,12.5252],[143.5827,-13.5207,0.0],[143.5852,-13.5244,0.0],[143.5823,-13.5132,0.0],[143.5796,-13.5103,6.2416],[143.5803,-13.494,0.0],[143.5843,-13.4843,0.0],[143.5849,-13.4787,0.0],[143.5817,-13.4875,5.7558],[143.5799,-13.4857,8.4359],[143.5815,-13.4859,6.156],[143.596,-13.4442,1.0634],[143.5982,-13.4223,1.7649],[143.5954,-13.4187,1.7072],[143.5961,-13.4129,1.6677],[143.5915,-13.4094,0.0],[143.5884,-13.4045,0.0],[143.5831,-13.3753,0.311],[143.582,-13.3871,2.8053],[143.5814,-13.3855,3.5457],[143.5806,-13.3719,0.031],[143.5776,-13.3714,0.0],[143.5806,-13.3731,0.3916],[143.5751,-13.3733,3.4194],[143.5574,-13.3652,0.5813],[143.5389,-13.3504,3.892],[143.5357,-13.34,0.0],[143.5334,-13.3413,6.4768],[143.5344,-13.338,3.1511],[143.5264,-13.3224,2.7188],[143.5251,-13.3038,0.0],[143.522,-13.292,0.5708],[143.5229,-13.2753,0.0],[143.519,-13.2612,0.0],[143.5159,-13.2593,2.1908],[143.5183,-13.2341,0.0],[143.5169,-13.2191,0.0],[143.5187,-13.2065,0.0],[143.5182,-13.1931,1.0929],[143.5231,-13.1765,0.0],[143.5205,-13.1701,0.0],[143.5152,-13.1624,0.0],[143.5126,-13.1632,2.5298],[143.5127,-13.1597,0.0],[143.5074,-13.1529,1.6228],[143.5056,-13.1453,1.7013],[143.5056,-13.1292,0.0],[143.5049,-13.1359,0.0],[143.504,-13.1315,0.0],[143.5047,-13.1095,0.0],[143.5034,-13.1099,3.9502],[143.5066,-13.0817,0.0],[143.5136,-13.0587,0.0],[143.5113,-13.053,2.512],[143.5131,-13.0473,0.0],[143.5073,-13.0366,0.0],[143.5083,-13.032,0.0],[143.513,-13.0254,0.0],[143.5154,-13.0079,0.0],[143.5112,-12.999,0.6934],[143.5114,-12.9935,8.6149],[143.5081,-12.9927,0.0],[143.5043,-12.9865,0.0],[143.5105,-12.9744,0.517],[143.5129,-12.9625,0.0],[143.5093,-12.9598,21.9149],[143.5013,-12.9581,7.5064],[143.4986,-12.9496,0.0],[143.5006,-12.9425,0.0],[143.5009,-12.9312,0.7857],[143.5089,-12.9184,0.1745],[143.5123,-12.9036,0.0],[143.5328,-12.8697,0.0],[143.5304,-12.8665,6.9169],[143.5322,-12.8601,3.8063],[143.5441,-12.8428,0.0],[143.5336,-12.839,3.7319],[143.5307,-12.8435,42.8821],[143.5173,-12.8446,4.294],[143.5134,-12.8507,0.6832],[143.5025,-12.8586,2.3125],[143.4898,-12.8624,2.5103],[143.4755,-12.8641,0.0],[143.4631,-12.8609,0.0],[143.4495,-12.8488,1.7072],[143.4312,-12.8549,0.0],[143.4243,-12.8629,6.736],[143.4228,-12.8621,0.0],[143.4051,-12.8678,0.0],[143.4019,-12.8736,2.7482],[143.4011,-12.8814,7.3014],[143.3985,-12.8844,2.1588],[143.3983,-12.8868,7.8907],[143.4031,-12.8968,4.9927],[143.4014,-12.9002,1.4039],[143.395,-12.9,6.6382],[143.3919,-12.8968,1.2849],[143.3915,-12.8848,2.6807],[143.3844,-12.887,1.8021],[143.3819,-12.8942,7.6091],[143.3758,-12.8994,2.0643],[143.3681,-12.8923,5.4347],[143.3596,-12.8906,0.0],[143.3575,-12.8928,0.0],[143.3581,-12.8977,5.0493],[143.3573,-12.8985,0.0],[143.3561,-12.8966,0.0],[143.3513,-12.899,4.7173],[143.3548,-12.8933,0.0],[143.3506,-12.8884,1.5176],[143.3546,-12.8699,0.0],[143.3533,-12.8561,6.7708],[143.3581,-12.8447,0.0],[143.3571,-12.8378,0.2497],[143.3597,-12.8358,3.4584],[143.3571,-12.8154,4.0666],[143.3577,-12.7984,9.8541],[143.3614,-12.7926,5.2219],[143.3639,-12.7804,3.5903],[143.3707,-12.7638,6.1839],[143.3821,-12.75,3.2847],[143.3852,-12.7248,0.5772],[143.39,-12.7148,0.0],[143.3949,-12.7112,1.6091],[143.3995,-12.698,0.0],[143.4189,-12.6817,0.0],[143.4187,-12.676,0.0],[143.4154,-12.6782,3.4993],[143.4047,-12.6798,4.6684],[143.4029,-12.6786,4.3551],[143.4025,-12.6623,5.8235],[143.4258,-12.6332,0.0],[143.4339,-12.6245,4.4869],[143.4382,-12.6233,0.7797],[143.4384,-12.6118,1.7569],[143.4368,-12.6114,8.4917],[143.4351,-12.6136,9.0332],[143.4266,-12.6132,6.3748],[143.4188,-12.616,0.9048],[143.4174,-12.6106,3.5066],[143.4218,-12.6062,0.0],[143.4142,-12.5932,10.4189],[143.4059,-12.5976,0.0],[143.3934,-12.5956,1.0471],[143.3783,-12.5805,7.6669],[143.3592,-12.5705,5.3006],[143.3553,-12.5641,0.0],[143.3492,-12.5654,0.0],[143.348,-12.567,11.1497],[143.3367,-12.5661,0.0],[143.3281,-12.5571,0.0],[143.3159,-12.5566,0.0],[143.3106,-12.5549,0.0],[143.3055,-12.5507,0.0],[143.3004,-12.5422,0.0],[143.2985,-12.5307,0.0],[143.2934,-12.5316,5.3569],[143.2912,-12.5301,0.0],[143.2895,-12.5202,0.0],[143.2843,-12.516,0.0],[143.2774,-12.5135,0.0],[143.2748,-12.5088,0.0],[143.2759,-12.4964,0.0],[143.2719,-12.4975,0.0],[143.2711,-12.4964,5.2191],[143.274,-12.4933,0.7034],[143.2773,-12.483,0.0],[143.2756,-12.4803,0.0],[143.2761,-12.4746,0.0],[143.2741,-12.4729,0.0],[143.2724,-12.4671,0.0],[143.2776,-12.4525,0.0],[143.2776,-12.4404,0.0],[143.2762,-12.4379,0.0],[143.2712,-12.4378,0.0],[143.2701,-12.4331,0.0],[143.2721,-12.4283,0.0],[143.2725,-12.4112,3.3399],[143.2739,-12.4071,8.5524],[143.2719,-12.4047,22.7213],[143.2674,-12.4039,5.1911],[143.2656,-12.4003,0.0],[143.2661,-12.3944,0.0],[143.2554,-12.3906,0.0],[143.2514,-12.3917,15.6385],[143.2498,-12.3901,0.0],[143.2474,-12.3791,0.0],[143.2453,-12.3791,0.0],[143.2399,-12.3833,1.9987],[143.2301,-12.382,4.3342],[143.2205,-12.3722,0.0],[143.215,-12.3627,0.0],[143.2052,-12.3606,3.0094],[143.2024,-12.3572,0.0],[143.1952,-12.3531,4.4782],[143.1949,-12.3491,1.3135],[143.1932,-12.3504,6.8222],[143.1826,-12.3504,1.9687],[143.1806,-12.348,10.3172],[143.1817,-12.3446,0.0],[143.1803,-12.3431,5.6562],[143.1763,-12.3445,1.8971],[143.1725,-12.343,11.9632],[143.1718,-12.3455,5.0595],[143.1685,-12.3473,6.1083],[143.1654,-12.3454,6.7184],[143.1577,-12.3474,0.0],[143.138,-12.3451,0.0],[143.128,-12.3474,2.9479],[143.1216,-12.3439,0.0],[143.1182,-12.3449,3.7989],[143.1164,-12.3438,1.2756],[143.1156,-12.3387,2.9943],[143.1032,-12.3442,0.0],[143.091,-12.3431,10.8922],[143.0897,-12.3474,2.0346],[143.0881,-12.3461,1.9153],[143.0846,-12.3482,14.6013],[143.0786,-12.3375,0.4887],[143.0771,-12.3131,1.1132],[143.0813,-12.2889,7.8991],[143.0869,-12.2766,0.0],[143.0899,-12.2638,15.2236],[143.0927,-12.2597,0.0],[143.0949,-12.2591,0.0],[143.0943,-12.2537,18.9317],[143.0866,-12.2503,4.6702],[143.086,-12.2421,3.3151],[143.0916,-12.2256,0.4128],[143.097,-12.2183,0.0],[143.0957,-12.2134,8.3761],[143.0929,-12.2113,1.057],[143.093,-12.2051,0.0],[143.0951,-12.204,0.0],[143.0886,-12.2026,4.5469],[143.0875,-12.1999,4.0953],[143.0898,-12.1913,4.4298],[143.0937,-12.1859,0.0],[143.093,-12.1784,0.0],[143.0949,-12.1735,0.0],[143.0924,-12.1725,11.6503],[143.0884,-12.1749,5.0593],[143.0849,-12.1728,0.0],[143.0839,-12.1685,2.982],[143.0781,-12.1646,5.9231],[143.0787,-12.1592,0.0],[143.093,-12.1576,0.0],[143.1012,-12.1456,0.0],[143.112,-12.1219,2.6267],[143.1181,-12.1138,3.2836],[143.1211,-12.1138,3.4812],[143.1191,-12.1119,8.7704],[143.1194,-12.1096,0.0],[143.1365,-12.087,0.0],[143.1359,-12.0842,0.0],[143.1429,-12.0749,1.9703],[143.1496,-12.0623,7.9207],[143.1517,-12.0537,13.6178],[143.1619,-12.0436,0.0],[143.1664,-12.0301,8.9703],[143.1806,-12.0065,0.0],[143.1807,-12.0023,5.8971],[143.1856,-11.9908,7.7654],[143.2101,-11.9752,6.2856],[143.2166,-11.9748,7.5052],[143.2211,-11.9805,4.4204],[143.2217,-11.9838,0.3938],[143.2281,-11.9891,4.2138],[143.2285,-11.9867,1.3769],[143.2371,-11.9848,2.8284],[143.2366,-11.9822,0.6076],[143.2404,-11.977,16.5459],[143.2426,-11.9773,0.0],[143.2449,-11.9746,0.0],[143.2441,-11.9687,2.053],[143.2411,-11.9659,0.0],[143.2325,-11.9653,4.7292],[143.2319,-11.9599,0.9821],[143.2296,-11.9595,0.0],[143.2246,-11.9541,0.0],[143.2203,-11.9541,0.0],[143.2172,-11.9589,0.7807],[143.2138,-11.9575,0.0],[143.2132,-11.9544,0.0],[143.2098,-11.9622,10.3564],[143.18,-11.9713,4.5353],[143.1727,-11.9749,6.8088],[143.1692,-11.9725,0.0],[143.1675,-11.9733,6.2037],[143.1676,-11.9704,3.1235],[143.1634,-11.9643,0.0],[143.1616,-11.9583,0.0],[143.162,-11.9544,0.9977],[143.1526,-11.9467,0.0],[143.1495,-11.9489,6.7536],[143.1507,-11.9462,0.0],[143.1484,-11.9416,1.1112],[143.1475,-11.9194,0.0],[143.145,-11.9174,0.0],[143.141,-11.9185,5.9469],[143.1371,-11.911,0.0],[143.1356,-11.9101,0.0],[143.1318,-11.9116,5.5492],[143.1221,-11.9051,3.0891],[143.1177,-11.9068,3.233],[143.1133,-11.9034,3.9611],[143.1095,-11.9061,0.5435],[143.1061,-11.9012,5.772],[143.1059,-11.8971,1.484],[143.0983,-11.8922,3.2533],[143.097,-11.8933,6.7146],[143.0977,-11.8977,1.4089],[143.0932,-11.9041,2.0567],[143.0665,-11.9201,4.9016],[143.0648,-11.9235,8.4096],[143.0661,-11.9283,7.0748],[143.0609,-11.9237,2.0923],[143.0519,-11.9289,4.672],[143.0374,-11.9342,1.2559],[143.0221,-11.9355,0.0],[143.0154,-11.9376,0.0],[142.9973,-11.9362,2.1271],[142.9881,-11.9334,18.0296],[142.984,-11.9302,1.666],[142.9807,-11.9307,0.0],[142.9796,-11.9334,2.6032],[142.9746,-11.9329,6.6407],[142.9664,-11.9274,9.5534],[142.9648,-11.9227,0.0],[142.9601,-11.9223,4.076],[142.961,-11.9177,0.0],[142.9554,-11.9134,3.9846],[142.9539,-11.9087,4.9997],[142.9486,-11.9033,11.5836],[142.9472,-11.9031,4.799],[142.9477,-11.905,7.6766],[142.9455,-11.9039,5.3718],[142.9459,-11.9004,4.8236],[142.9288,-11.8927,2.8006],[142.9225,-11.8927,4.674],[142.9224,-11.8963,0.25],[142.9262,-11.8977,7.7515],[142.929,-11.9044,7.361],[142.9245,-11.8987,4.6799],[142.9215,-11.8984,7.842],[142.9093,-11.8901,2.0383],[142.9011,-11.8721,0.0],[142.889,-11.8741,5.2209],[142.8818,-11.8719,6.2963],[142.88,-11.8687,1.3661],[142.8761,-11.8678,3.284],[142.8731,-11.8638,1.1936],[142.8715,-11.8547,1.1375],[142.8564,-11.8455,3.7592],[142.8531,-11.8251,10.9283],[142.8475,-11.8239,7.1176],[142.8542,-11.8227,0.0],[142.8545,-11.8156,0.0],[142.8504,-11.8061,3.15],[142.8519,-11.805,0.0],[142.854,-11.7842,0.0],[142.8605,-11.767,1.7609],[142.8596,-11.7565,7.1037],[142.8574,-11.7541,9.5762],[142.8597,-11.7522,4.647],[142.8615,-11.753,0.0],[142.8624,-11.751,0.0],[142.858,-11.7165,0.0],[142.8586,-11.7123,2.9587],[142.8602,-11.7137,0.0],[142.861,-11.696,7.3579],[142.8613,-11.6745,7.7249],[142.8592,-11.6714,22.3099],[142.8588,-11.6668,2.6659],[142.86,-11.663,0.0],[142.86,-11.6507,0.0],[142.8584,-11.649,3.3658],[142.8595,-11.6359,8.505],[142.8564,-11.6326,0.0],[142.8564,-11.6278,0.0],[142.8523,-11.6204,16.3511],[142.8522,-11.5864,3.9291],[142.8496,-11.5836,0.0],[142.8496,-11.5807,0.0],[142.8445,-11.5781,28.6474],[142.8401,-11.5674,0.0],[142.8343,-11.5597,8.1686],[142.8372,-11.5337,10.9292],[142.8367,-11.5129,14.0955],[142.8403,-11.5056,0.0],[142.8397,-11.4926,0.0],[142.8342,-11.4898,2.2939],[142.8268,-11.479,10.7102],[142.8268,-11.4765,8.4784],[142.8284,-11.4552,2.9311],[142.833,-11.4335,6.115],[142.8372,-11.4254,8.6512],[142.8683,-11.3844,0.0],[142.8687,-11.3816,3.4658],[142.8646,-11.3791,0.0],[142.8618,-11.3708,11.9252],[142.8635,-11.3587,0.7755],[142.8566,-11.3538,0.0],[142.8548,-11.3428,0.0],[142.8512,-11.3367,10.3691],[142.8493,-11.3364,22.288],[142.8404,-11.3195,0.0],[142.8289,-11.3144,3.4538],[142.8198,-11.2918,1.623],[142.8171,-11.2912,0.0],[142.8115,-11.2945,1.4208],[142.8024,-11.2915,2.7225],[142.7987,-11.2871,0.0],[142.7965,-11.281,0.0],[142.7935,-11.2785,3.0488],[142.7946,-11.2582,0.0],[142.7932,-11.2498,0.0],[142.7913,-11.2465,3.9105],[142.7902,-11.2487,4.7841],[142.7884,-11.247,0.6517],[142.7871,-11.2263,2.0438],[142.7832,-11.2227,9.9282],[142.7884,-11.2158,0.0],[142.7886,-11.2108,1.1014],[142.7947,-11.1932,0.0],[142.7994,-11.1572,14.5109],[142.7986,-11.1535,0.0],[142.7952,-11.1508,0.0],[142.7953,-11.1453,2.2927],[142.7922,-11.1434,1.441],[142.7914,-11.1397,7.3459],[142.7928,-11.132,0.0],[142.7906,-11.1314,16.5566],[142.7903,-11.1287,1.8662],[142.7886,-11.1289,5.4995],[142.7877,-11.1268,3.1947],[142.79,-11.1154,0.0],[142.7885,-11.1069,1.3528],[142.7902,-11.1033,0.0],[142.7885,-11.1011,6.4404],[142.7894,-11.0974,1.7231],[142.7867,-11.0905,0.0],[142.7883,-11.0822,0.0],[142.7857,-11.0777,2.7021],[142.7861,-11.0742,0.0],[142.7829,-11.0728,18.1033],[142.7829,-11.07,12.4757],[142.7801,-11.069,0.0],[142.7797,-11.0626,0.0],[142.7757,-11.0657,10.7354],[142.7652,-11.0559,1.562],[142.7687,-11.0535,0.0],[142.7675,-11.0473,0.0],[142.7639,-11.0466,15.1846],[142.7619,-11.0434,0.7407],[142.7599,-11.0446,27.1461],[142.7564,-11.0421,8.4545],[142.7552,-11.0335,0.0],[142.7495,-11.0268,0.0],[142.7526,-11.0071,1.4789],[142.7501,-11.0067,12.9541],[142.7467,-11.0031,3.3048],[142.7456,-10.9935,8.2096],[142.7278,-10.982,20.884],[142.7265,-10.9737,5.646],[142.7244,-10.9716,5.4589],[142.7202,-10.9715,14.1994],[142.7163,-10.9611,0.0],[142.7138,-10.962,4.7165],[142.7135,-10.9665,0.0],[142.7114,-10.969,0.0],[142.7001,-10.9758,0.7571],[142.6969,-10.9751,1.4412],[142.7001,-10.9767,5.1532],[142.7029,-10.9761,3.7864],[142.6981,-10.9779,3.8134],[142.696,-10.9755,1.4412],[142.6869,-10.9751,10.019],[142.6807,-10.9716,2.5918],[142.6742,-10.9578,5.4801],[142.6745,-10.9535,5.2248],[142.6678,-10.9447,5.2803],[142.6498,-10.94,4.1446],[142.6469,-10.9406,1.9278],[142.6444,-10.9458,3.2742],[142.646,-10.9393,0.0],[142.638,-10.9372,0.0],[142.6304,-10.9398,0.0],[142.6299,-10.9452,5.65],[142.6285,-10.9416,2.717],[142.6172,-10.9438,3.1102],[142.6148,-10.9419,4.4094],[142.6093,-10.9339,6.2796],[142.6147,-10.9213,9.1486],[142.6163,-10.9197,8.576],[142.6136,-10.9264,3.9618],[142.619,-10.9211,8.4639],[142.6191,-10.9165,1.3957],[142.6155,-10.9182,2.0745],[142.6105,-10.9172,3.623],[142.6062,-10.9152,6.6316],[142.6043,-10.9121,4.5251],[142.6108,-10.9155,2.7058],[142.6167,-10.9151,7.8951],[142.6187,-10.9065,7.2075],[142.6165,-10.8923,3.6323],[142.603,-10.8779,0.0],[142.5892,-10.8682,9.6163],[142.5866,-10.8691,0.0],[142.5869,-10.8703,1.0921],[142.5929,-10.8752,10.7519],[142.5862,-10.8705,1.0921],[142.5854,-10.8749,1.3814],[142.5881,-10.8798,0.0],[142.5918,-10.8825,11.3495],[142.5954,-10.8895,3.3427],[142.5953,-10.8911,7.7553],[142.5924,-10.8914,3.7797],[142.5888,-10.8895,4.6722],[142.5834,-10.9013,4.9087],[142.588,-10.8886,6.4014],[142.5897,-10.888,4.6722],[142.5936,-10.8908,10.718],[142.5946,-10.8893,3.3427],[142.5766,-10.8766,5.5713],[142.5751,-10.8696,0.0],[142.569,-10.8723,0.0],[142.569,-10.8742,0.0],[142.5746,-10.8775,4.8582],[142.5764,-10.8834,2.2398],[142.5744,-10.887,5.9451],[142.573,-10.8863,10.6046],[142.575,-10.8838,9.9994],[142.5731,-10.8774,0.0],[142.5662,-10.8765,5.467],[142.5629,-10.8776,9.4447],[142.5602,-10.876,2.6966],[142.5585,-10.8771,3.8789],[142.5582,-10.8801,6.3132],[142.5572,-10.8757,0.0],[142.5591,-10.8739,0.6548],[142.5575,-10.8741,0.6548],[142.5564,-10.8757,0.0],[142.5566,-10.8816,3.2714],[142.547,-10.8903,0.0],[142.5462,-10.8959,0.4987],[142.5436,-10.897,0.0],[142.5426,-10.9022,0.0],[142.5446,-10.9061,0.0],[142.5511,-10.9063,6.8584],[142.5526,-10.9108,4.1984],[142.5558,-10.9134,3.6435],[142.5535,-10.913,7.7439],[142.5499,-10.907,6.8584],[142.5433,-10.9079,0.8207],[142.5252,-10.9283,0.0],[142.5237,-10.9327,1.1314],[142.5257,-10.9349,4.5491],[142.5214,-10.9328,0.0],[142.5124,-10.9397,6.8657],[142.5083,-10.9473,0.0],[142.5078,-10.9533,0.0],[142.4987,-10.9681,0.0],[142.4893,-10.9761,0.0],[142.4821,-10.9784,6.2187],[142.482,-10.9716,3.8499],[142.494,-10.9624,1.62],[142.5001,-10.9544,10.6734],[142.4987,-10.9512,6.7828],[142.4998,-10.9506,5.9204],[142.4997,-10.9429,7.7281],[142.4978,-10.9391,2.525],[142.4954,-10.9392,0.0],[142.4887,-10.9441,7.5514],[142.4939,-10.9401,6.5553],[142.4929,-10.9382,6.2529],[142.5004,-10.9352,4.9055],[142.5034,-10.9307,6.04],[142.5066,-10.9222,5.368],[142.5048,-10.9191,0.0],[142.5021,-10.9194,1.536],[142.5011,-10.9177,12.6042],[142.5063,-10.9133,7.9768],[142.5088,-10.9147,0.0],[142.5122,-10.9136,1.3142],[142.5161,-10.9094,6.8493],[142.5169,-10.9025,4.8782],[142.5154,-10.9013,5.4879],[142.5179,-10.8927,9.2094],[142.5152,-10.8894,11.7265],[142.5154,-10.8849,11.2038],[142.5125,-10.8829,2.7374],[142.5141,-10.8687,10.4495],[142.5131,-10.8625,1.4308],[142.5105,-10.8612,8.6573],[142.5132,-10.8603,7.3777],[142.5165,-10.8536,4.3987],[142.5185,-10.8482,7.2322],[142.5172,-10.8438,12.1696],[142.5185,-10.8416,2.665],[142.5228,-10.8398,4.3831],[142.5194,-10.8438,0.0],[142.5265,-10.8421,4.0369],[142.5321,-10.8434,2.5216],[142.5402,-10.8403,15.142],[142.5441,-10.8335,17.6237],[142.5493,-10.8318,15.0593],[142.5534,-10.823,16.883],[142.555,-10.8215,17.2743],[142.558,-10.8218,20.7326],[142.5582,-10.8162,20.6238],[142.5606,-10.8132,15.8902],[142.5626,-10.8036,17.6944],[142.5665,-10.7953,5.975],[142.5721,-10.7933,3.9388],[142.5786,-10.7958,4.5339],[142.5798,-10.7874,18.383],[142.5819,-10.7844,15.074],[142.5883,-10.7811,3.7874],[142.5856,-10.7777,12.5273],[142.5875,-10.7736,11.4739],[142.5901,-10.7701,20.9631],[142.5976,-10.7671,11.2741],[142.5997,-10.7644,8.2385],[142.5967,-10.7625,4.7275],[142.597,-10.7584,8.4006],[142.6016,-10.7529,12.5652],[142.6093,-10.749,0.0],[142.597,-10.7423,5.5986],[142.5937,-10.7421,2.2464],[142.591,-10.734,1.4915],[142.5832,-10.7338,1.0601],[142.5817,-10.7312,43.9204],[142.5826,-10.7262,0.0],[142.5811,-10.7248,1.0755],[142.574,-10.7328,1.4756],[142.5699,-10.7307,0.4866],[142.5702,-10.7246,18.1913],[142.567,-10.7221,3.1853],[142.5604,-10.7278,0.0],[142.5568,-10.7265,10.3574],[142.5519,-10.7141,5.6617],[142.5517,-10.7084,0.9503],[142.5483,-10.7129,0.0],[142.5463,-10.7131,11.8505],[142.5413,-10.7095,0.0],[142.5369,-10.701599999999999,11.8771],[142.5406,-10.6963,4.7479],[142.5358,-10.6936,14.7903],[142.5309,-10.6875,1.5449],[142.5293,-10.6931,0.0],[142.5155,-10.7012,0.0],[142.5159,-10.7029,1.0287],[142.5138,-10.7022,4.6619],[142.5138,-10.6989,0.0],[142.5111,-10.6996,0.0],[142.5092,-10.7028,0.0],[142.5095,-10.7092,0.0],[142.4998,-10.714,0.0],[142.4982,-10.7168,2.9267],[142.4982,-10.7157,0.0],[142.4924,-10.7146,2.6266],[142.4815,-10.7186,2.7813],[142.4594,-10.7203,3.0384],[142.4461,-10.7173,6.6357],[142.4424,-10.7106,0.0],[142.4383,-10.7082,22.0255],[142.4281,-10.7199,1.8122],[142.429,-10.723,2.0772],[142.4228,-10.7279,0.0],[142.4252,-10.7319,1.837],[142.4249,-10.7421,4.4904],[142.4144,-10.7589,0.0],[142.4103,-10.7723,0.0],[142.4118,-10.7747,0.8933],[142.4088,-10.7882,0.0],[142.4009,-10.8017,3.1799],[142.3971,-10.8033,0.0],[142.3943,-10.8174,0.0],[142.3904,-10.8264,0.0],[142.3776,-10.8397,1.9118],[142.3654,-10.8464,0.0],[142.3641,-10.8586,5.511],[142.36,-10.8607,0.0],[142.3556,-10.8769,0.0],[142.3511,-10.8833,4.4719],[142.341,-10.8868,0.0],[142.3367,-10.8909,2.9005],[142.3341,-10.8902,0.0],[142.3212,-10.9019,2.112],[142.3216,-10.905,4.3015],[142.3185,-10.9078,8.3269],[142.3151,-10.9151,3.6828],[142.3141,-10.9156,5.5295],[142.3187,-10.906,0.0],[142.3162,-10.9019,9.0963],[142.3132,-10.9011,0.4764],[142.3085,-10.9016,2.7042],[142.3013,-10.9074,8.6746],[142.2982,-10.9072,1.0206],[142.2912,-10.9142,0.0],[142.2845,-10.9178,0.0],[142.2722,-10.9145,6.2569],[142.2703,-10.9121,2.7263],[142.2599,-10.9156,4.9438],[142.2554,-10.911,0.0],[142.2517,-10.9113,20.6909],[142.2482,-10.9093,0.0],[142.2312,-10.9199,4.2248],[142.2218,-10.9222,2.768],[142.2149,-10.9218,0.0],[142.2055,-10.9141,0.0],[142.1936,-10.915,0.0],[142.1767,-10.9213,3.2976],[142.1636,-10.9281,1.4075],[142.1435,-10.9414,0.0],[142.1351,-10.9505,0.0],[142.1328,-10.9484,0.0],[142.1349,-10.9526,0.0],[142.1296,-10.9617,2.4194],[142.1295,-10.9748,4.4407],[142.1259,-10.9814,5.3467],[142.1321,-10.9928,3.1182],[142.1348,-11.0017,0.0],[142.1357,-11.0134,7.6059],[142.1447,-11.0391,9.5255],[142.1461,-11.0499,6.7758],[142.1449,-11.0638,8.875],[142.1515,-11.0836,0.193],[142.1529,-11.0939,0.9998],[142.148,-11.0939,0.0],[142.1474,-11.0987,0.0],[142.1538,-11.1105,6.3544],[142.1543,-11.1183,6.6005],[142.1573,-11.1218,1.4356],[142.1493,-11.1308,0.0],[142.1475,-11.1383,0.0],[142.1451,-11.1747,3.9689],[142.1377,-11.207,4.9374],[142.1336,-11.2144,0.0],[142.1307,-11.2153,0.5282],[142.1286,-11.2217,7.7018],[142.1234,-11.225,6.6434],[142.1203,-11.2254,2.0917],[142.1192,-11.2236,0.0],[142.1162,-11.2247,0.0],[142.1193,-11.2265,27.9419],[142.1182,-11.2357,6.772],[142.12,-11.2349,19.1005],[142.1234,-11.2375,13.9262],[142.1256,-11.2475,12.2659],[142.1268,-11.2684,7.1945],[142.1257,-11.3031,17.8391],[142.1268,-11.3058,15.9252],[142.1198,-11.3501,6.2281],[142.12,-11.3685,0.0],[142.1169,-11.3738,0.0],[142.0973,-11.445,0.0],[142.0982,-11.4528,3.9992],[142.1004,-11.4526,6.495],[142.1005,-11.4632,1.4179],[142.0906,-11.4627,0.0],[142.0886,-11.4647,3.4036],[142.0672,-11.5248,0.0],[142.0574,-11.5402,0.6957],[142.0513,-11.5548,2.9945],[142.0432,-11.5915,4.7027],[142.0247,-11.6515,4.3358],[142.0242,-11.659,1.8252],[142.026,-11.6623,4.5832],[142.0241,-11.6681,0.0],[142.0159,-11.6731,0.0],[142.0121,-11.6985,8.8877],[142.003,-11.7311,0.0],[142.0019,-11.7533,0.5975],[141.9981,-11.7603,5.5443],[141.9844,-11.7684,0.0],[141.9774,-11.777,1.4886],[141.962,-11.8208,0.0],[141.952,-11.8694,2.6106],[141.9478,-11.9143,1.0962],[141.9422,-11.9455,8.0792],[141.941,-11.967,0.0],[141.9428,-11.9765,4.2321],[141.9501,-11.98,0.0],[141.9601,-11.9755,6.2373],[141.9717,-11.9801,10.8898],[141.9886,-11.9969,8.5791],[141.9948,-12.0071,0.0],[142.0008,-12.0129,7.9387],[142.0052,-12.0237,4.0839],[142.0069,-12.0331,0.4405],[142.0122,-12.0391,6.2115],[141.9942,-12.0597,7.9351],[141.9892,-12.0562,0.0],[141.9831,-12.055,10.4283],[141.9669,-12.0424,0.0],[141.958,-12.0423,0.0],[141.9464,-12.0567,11.5641],[141.9323,-12.0709,0.0],[141.9285,-12.0923,0.0],[141.9289,-12.104,0.0],[141.9356,-12.1289,7.7492],[141.9461,-12.1418,0.0],[141.948,-12.1512,0.0],[141.9453,-12.156,9.8323],[141.9296,-12.1673,6.5267],[141.925,-12.1684,3.8152],[141.9153,-12.1651,3.3902],[141.9228,-12.1645,5.3805],[141.9298,-12.1615,0.5],[141.9444,-12.1487,0.0],[141.9427,-12.1451,16.312],[141.9314,-12.1342,8.2249],[141.9225,-12.1076,8.4062],[141.9221,-12.0948,0.0],[141.9184,-12.086,1.8432],[141.9159,-12.0626,0.0],[141.9156,-12.0572,0.0],[141.9183,-12.0486,0.0],[141.9142,-12.0323,9.095],[141.9084,-12.0233,3.9389],[141.9083,-12.0179,0.0],[141.9029,-12.0176,7.7751],[141.8954,-12.0066,7.2511],[141.8914,-11.999,1.1011],[141.8912,-11.9915,0.0],[141.8865,-11.985,9.2159],[141.8902,-11.9724,5.776],[141.8958,-11.9643,9.1821],[141.904,-11.9574,8.116],[141.909,-11.9555,2.5598],[141.9064,-11.9534,4.1096],[141.8948,-11.954,0.0],[141.8847,-11.9524,0.0],[141.88,-11.9544,0.0],[141.8504,-11.9845,0.0],[141.8353,-12.0154,1.1142],[141.8283,-12.0238,0.0],[141.8257,-12.0246,0.0],[141.8238,-12.0305,0.0],[141.8206,-12.0314,0.0],[141.8104,-12.0486,0.0],[141.7554,-12.1758,0.0],[141.7354,-12.2182,2.177],[141.7254,-12.2294,0.0],[141.7148,-12.2347,0.0],[141.7032,-12.2649,0.0],[141.7013,-12.2834,0.0],[141.6981,-12.2954,3.4755],[141.6734,-12.3695,1.0611],[141.6489,-12.4309,0.0],[141.6173,-12.4949,6.1357],[141.609,-12.515,7.8858],[141.6056,-12.529,1.3463],[141.5919,-12.559,0.0],[141.5918,-12.5639,2.1932],[141.5984,-12.5683,0.0],[141.6007,-12.5718,2.597],[141.6081,-12.5716,0.0],[141.6142,-12.5738,2.9655],[141.6257,-12.5833,0.7086],[141.6302,-12.5779,13.9273],[141.6432,-12.5776,9.651],[141.6428,-12.5742,16.7094],[141.6448,-12.5713,0.0],[141.6545,-12.5634,0.9871],[141.6647,-12.5609,5.7328],[141.6868,-12.5612,2.8816],[141.6948,-12.557,5.3654],[141.694,-12.5529,2.6597],[141.693,-12.5565,2.0],[141.6915,-12.5567,2.0],[141.6919,-12.5533,4.8238],[141.6981,-12.545,0.0],[141.6982,-12.5403,0.0],[141.6958,-12.5338,0.9906],[141.702,-12.5196,0.7352],[141.7062,-12.5203,0.9177],[141.7094,-12.519,8.5522],[141.7186,-12.5238,12.3578],[141.7339,-12.5284,5.544],[141.743,-12.5366,2.1931],[141.7549,-12.5362,7.4436],[141.76,-12.5391,5.4076],[141.7641,-12.5451,4.2251],[141.7616,-12.5489,2.9182],[141.7625,-12.5509,0.7695],[141.7648,-12.5526,1.3754],[141.7697,-12.5527,13.0969],[141.7686,-12.557,0.9022],[141.7661,-12.5587,0.0],[141.7684,-12.5657,3.7785],[141.7768,-12.5729,5.5996],[141.7911,-12.5769,2.3769],[141.7935,-12.5822,0.0],[141.8026,-12.5825,5.7631],[141.805,-12.5812,10.8443],[141.8115,-12.5842,4.9917],[141.8159,-12.5902,0.0],[141.816,-12.5974,0.0],[141.8199,-12.6015,0.4513],[141.8224,-12.6015,1.4958],[141.8272,-12.5957,10.6742],[141.8315,-12.5931,3.5281],[141.8429,-12.593,0.0],[141.8512,-12.5958,14.3656],[141.8623,-12.591,11.7126],[141.8698,-12.5894,7.2765],[141.8729,-12.5903,0.7854],[141.8792,-12.5839,3.3676],[141.8919,-12.5902,7.7804],[141.8937,-12.5935,0.0],[141.8931,-12.6057,2.2804],[141.8861,-12.6173,0.0],[141.8815,-12.6201,3.4939],[141.8768,-12.6192,0.0],[141.8737,-12.6268,2.0786],[141.8662,-12.6275,0.0],[141.8593,-12.6377,0.0],[141.8456,-12.6386,4.9324],[141.8412,-12.6438,0.4141],[141.8378,-12.6452,4.2569],[141.8316,-12.642,2.1571],[141.8273,-12.6485,4.2757],[141.8273,-12.6544,2.5745],[141.8303,-12.6552,1.3319],[141.8326,-12.6602,0.7404],[141.8399,-12.6666,1.3753],[141.8395,-12.6683,0.0],[141.8461,-12.665,0.6644],[141.8463,-12.6663,0.0],[141.8593,-12.6645,1.6404],[141.8651,-12.666,8.3514],[141.8689,-12.6709,5.4504],[141.8777,-12.6713,0.0],[141.8631,-12.6934,3.0481],[141.8545,-12.6862,0.0],[141.8467,-12.6897,6.3557],[141.8306,-12.6863,5.1412],[141.8236,-12.6895,0.5],[141.8175,-12.7001,4.1306],[141.8165,-12.698,11.0651],[141.8179,-12.69,6.8356],[141.8267,-12.6843,8.0232],[141.8273,-12.6768,5.3904],[141.8202,-12.6718,1.231],[141.8058,-12.6781,0.0],[141.8055,-12.6809,0.0],[141.8038,-12.6795,0.0],[141.8049,-12.6836,1.2932],[141.8023,-12.7046,3.4977],[141.7953,-12.7291,0.0],[141.7773,-12.7754,0.0],[141.772,-12.7845,0.0],[141.768,-12.8023,3.6172],[141.7625,-12.8166,0.0],[141.7584,-12.8246,2.5197],[141.7497,-12.835,3.5013],[141.7399,-12.8535,0.0],[141.7334,-12.8585,5.7813],[141.7278,-12.8586,0.0],[141.7231,-12.864,2.1604],[141.7207,-12.8641,0.0],[141.71,-12.879,2.208],[141.6954,-12.8831,12.6049],[141.6858,-12.8835,0.0],[141.6768,-12.8921,1.1184],[141.6703,-12.8941,0.0],[141.6654,-12.9044,2.6852],[141.6591,-12.9123,1.9453],[141.6528,-12.9168,9.8331],[141.6445,-12.9192,0.0],[141.641,-12.9184,8.9742],[141.6391,-12.9166,5.5365],[141.6392,-12.9127,0.5324],[141.636,-12.9088,0.0],[141.6335,-12.913,7.2517],[141.6287,-12.9161,1.9895],[141.6218,-12.9291,6.9725],[141.6098,-12.9465,11.1784],[141.6061,-12.9503,1.0174],[141.5997,-12.9521,0.0],[141.6008,-12.9543,9.3468],[141.5982,-12.9624,0.0],[141.5832,-12.9967,4.9968],[141.588,-13.004,0.0],[141.5887,-13.0172,0.9875],[141.5903,-13.0186,0.0],[141.5956,-13.0154,11.8482],[141.6045,-13.0204,3.4195],[141.6136,-13.0298,3.5363],[141.6178,-13.04,6.6257],[141.6188,-13.0461,0.0],[141.6173,-13.0562,0.0],[141.6191,-13.0621,4.3881],[141.6191,-13.0716,5.3685],[141.6168,-13.0847,0.0],[141.6139,-13.0919,0.0],[141.6217,-13.1113,0.0],[141.6232,-13.1318,8.2696],[141.6273,-13.1376,14.0054],[141.6294,-13.1451,5.7584],[141.6295,-13.1594,8.8495],[141.636,-13.1603,5.3523],[141.6451,-13.1689,2.1914],[141.6501,-13.1819,4.6917],[141.6504,-13.1892,1.6609],[141.6558,-13.1965,0.0],[141.6578,-13.2042,0.0],[141.6637,-13.2053,9.472],[141.6657,-13.2098,0.0],[141.6696,-13.2131,0.0],[141.6743,-13.2123,14.514],[141.6799,-13.2175,18.1797],[141.6865,-13.2331,0.0],[141.6908,-13.2366,1.3017],[141.696,-13.2623,0.0],[141.6954,-13.2701,0.0],[141.6897,-13.2885,2.3822],[141.6821,-13.3028,0.0],[141.6554,-13.3353,0.0],[141.6547,-13.3398,3.4021],[141.6254,-13.378,0.8597],[141.6169,-13.3985,0.0],[141.6077,-13.429,0.0],[141.5933,-13.4591,1.4782],[141.5699,-13.4859,2.3934],[141.5707,-13.4877,6.0124],[141.5659,-13.4901,2.6452],[141.5686,-13.4902,5.0065],[141.5629,-13.4977,0.0],[141.5576,-13.4973,0.6689],[141.5506,-13.5069,0.0],[141.5233,-13.5721,0.9626],[141.5112,-13.6165,0.0],[141.5032,-13.6577,0.0],[141.4994,-13.7127,0.0],[141.4897,-13.7713,6.583],[141.4795,-13.8045,4.5663],[141.4672,-13.8642,0.0],[141.4666,-13.8915,0.0],[141.4685,-13.9051,0.0],[141.4682,-13.9231,0.0],[141.4715,-13.9268,1.7269],[141.472,-13.9317,0.0],[141.4818,-13.9533,0.0],[141.4952,-13.9741,0.0],[141.5118,-13.9945,0.0],[141.5475,-14.0286,4.9143],[141.5686,-14.0512,4.5988],[141.5862,-14.0779,4.359],[141.5948,-14.1004,4.1777],[141.5963,-14.1023,2.7408],[141.599,-14.1017,7.7655],[141.597,-14.107,2.1342],[141.6,-14.114,2.9233],[141.6007,-14.1339,3.9973],[141.594,-14.1554,1.3277],[141.5944,-14.1624,1.0986],[141.5987,-14.1721,9.0594],[141.5962,-14.1761,4.6063],[141.5959,-14.1809,5.8814],[141.6017,-14.1986,7.4702],[141.6029,-14.2087,6.6039],[141.6033,-14.23,7.2427],[141.6016,-14.2424,7.555],[141.5941,-14.2737,3.9973],[141.5851,-14.298,3.0499],[141.5787,-14.3081,1.488],[141.5681,-14.3314,3.6483],[141.552,-14.3753,3.974],[141.5392,-14.4254,7.6547],[141.5341,-14.4398,0.863],[141.5256,-14.4871,0.0],[141.5372,-14.5302,0.0],[141.5394,-14.5338,5.257],[141.5451,-14.5637,0.3909],[141.5536,-14.5926,3.6579],[141.555,-14.6086,0.0],[141.5535,-14.6424,0.8378],[141.5621,-14.6802,1.8225],[141.5659,-14.707,5.6066],[141.5681,-14.7356,2.4536],[141.567,-14.7403,1.2739],[141.5721,-14.7654,1.8848],[141.5721,-14.7717,0.0],[141.5775,-14.7856,0.445],[141.5849,-14.8149,1.7178],[141.5892,-14.8516,0.0],[141.5911,-14.8526,3.8262],[141.5903,-14.8573,1.5316],[141.6166,-14.9156,0.2591],[141.621,-14.9191,0.0],[141.6208,-14.9234,0.0],[141.6289,-14.9449,0.0],[141.6348,-14.9497,2.1621],[141.6401,-14.9596,2.4217],[141.6514,-14.9736,4.302],[141.6644,-15.0058,1.1453],[141.6627,-14.9975,1.2934],[141.6526,-14.9737,1.9677],[141.6563,-14.9768,2.8961],[141.6596,-14.9831,1.1902],[141.6675,-15.0092,1.233],[141.6671,-15.0235,1.4954],[141.6602,-15.0547,2.1078],[141.6574,-15.0564,1.2709],[141.659,-15.0499,1.5684],[141.6555,-15.0552,1.1766],[141.6551,-15.0616,1.5062],[141.6418,-15.0751,0.0],[141.6349,-15.0919,0.0],[141.6366,-15.099,0.0],[141.6322,-15.1016,0.0],[141.6317,-15.1039,2.2728],[141.6387,-15.1131,2.1647],[141.6422,-15.1263,2.2937],[141.6403,-15.1423,1.9604],[141.6323,-15.1617,3.5476],[141.6257,-15.1626,1.9098],[141.6145,-15.1704,0.0],[141.596,-15.1875,0.0],[141.592,-15.1961,0.0],[141.5861,-15.1997,0.0],[141.5803,-15.1988,0.0],[141.5804,-15.2001,0.0],[141.586,-15.2017,0.7344],[141.5801,-15.2125,2.9702],[141.5787,-15.2075,0.564],[141.5756,-15.2054,0.0],[141.5803,-15.2224,2.9456],[141.5801,-15.2353,4.896],[141.5759,-15.2658,7.0038],[141.5671,-15.2987,0.6945],[141.5694,-15.2966,2.4917],[141.5603,-15.3142,7.1257],[141.5451,-15.3325,0.0],[141.5425,-15.3434,2.5623],[141.5487,-15.3509,5.4126],[141.547,-15.3535,0.0],[141.5412,-15.352,1.0122],[141.5417,-15.3546,0.9395],[141.5332,-15.3837,2.0393],[141.5051,-15.4551,3.1131],[141.4973,-15.4792,6.1388],[141.4878,-15.4922,7.772],[141.4863,-15.4987,3.44],[141.4811,-15.5019,0.0],[141.4825,-15.5002,0.0],[141.4795,-15.4988,0.0],[141.4617,-15.5598,3.622],[141.441,-15.6442,0.0],[141.4347,-15.6576,0.0],[141.4358,-15.6589,0.0],[141.4348,-15.669,1.2291],[141.4239,-15.7263,0.0],[141.4202,-15.7807,0.7948],[141.4213,-15.7833,0.0],[141.42,-15.7851,0.7398],[141.4157,-15.8378,4.0804],[141.4093,-15.8713,3.8684],[141.3965,-15.9002,0.244],[141.3976,-15.9096,2.192],[141.3928,-15.9132,2.6897],[141.3868,-15.9113,0.0],[141.3809,-15.9117,0.0],[141.3734,-15.9169,0.0],[141.3853,-15.9362,2.2465],[141.3909,-15.9505,3.3665],[141.3927,-15.9512,1.6194],[141.3951,-15.9602,2.4143],[141.3949,-15.9658,1.3626],[141.399,-15.9816,2.8928],[141.4003,-15.9815,2.8928],[141.3996,-15.9842,2.2421],[141.4039,-15.9964,2.8032],[141.4097,-16.0239,2.0282],[141.4126,-16.0273,0.0],[141.4139,-16.0321,2.7005],[141.4156,-16.0321,2.4062],[141.4174,-16.0398,3.3815],[141.4204,-16.0416,2.5737],[141.4233,-16.0494,3.1253],[141.4252,-16.049,3.5934],[141.4247,-16.0516,2.0519],[141.4275,-16.054,3.911],[141.4328,-16.0748,1.6776],[141.4301,-16.0857,5.3322],[141.4124,-16.1228,1.0081],[141.4004,-16.1437,3.7459],[141.3878,-16.1611,0.0],[141.3511,-16.2189,0.0],[141.3458,-16.2351,2.0315],[141.3478,-16.2484,0.5967],[141.3435,-16.2703,0.3161],[141.3362,-16.2895,0.0],[141.3368,-16.2946,0.0],[141.3352,-16.2949,0.0],[141.3333,-16.2987,0.0],[141.3339,-16.3008,0.466],[141.3278,-16.3169,0.0],[141.3208,-16.3425,0.7728],[141.3173,-16.3525,0.4673],[141.3013,-16.3828,0.0],[141.2965,-16.3972,0.476],[141.2938,-16.3984,0.5906],[141.2917,-16.3967,0.0],[141.2897,-16.398,0.0],[141.2889,-16.4004,0.269],[141.2908,-16.4028,3.0986],[141.2894,-16.406,3.1207],[141.2882,-16.4043,2.7405],[141.2861,-16.4082,0.9169],[141.2859,-16.4104,0.8614],[141.2882,-16.4093,2.5229],[141.2872,-16.4257,0.0],[141.2929,-16.4346,0.0],[141.3017,-16.4438,0.0],[141.3049,-16.4571,0.5119],[141.3037,-16.4741,0.0],[141.297,-16.4915,0.0],[141.2965,-16.4962,0.0],[141.2828,-16.5241,0.0],[141.2832,-16.5289,0.2138],[141.2806,-16.5305,0.0],[141.2739,-16.5427,0.0],[141.2744,-16.5503,0.0],[141.2707,-16.5578,0.0],[141.2671,-16.5567,2.5199],[141.2639,-16.5533,3.36],[141.2595,-16.553,2.9754],[141.2514,-16.5577,0.4195],[141.248,-16.5619,0.0],[141.2435,-16.5757,2.5604],[141.2379,-16.5795,0.0],[141.233,-16.588,0.0],[141.2322,-16.5937,0.0],[141.2335,-16.6012,0.6348],[141.2297,-16.612,0.0],[141.2306,-16.6174,1.0348],[141.2265,-16.6192,0.0],[141.225,-16.6396,0.4271],[141.2212,-16.6561,0.0],[141.2045,-16.692,0.5782],[141.2013,-16.6931,0.0],[141.1845,-16.7207,1.1586],[141.1615,-16.7477,0.0],[141.1288,-16.7798,2.1287],[141.1144,-16.7913,3.1653],[141.0939,-16.8038,0.0],[141.0823,-16.8032,0.0],[141.0779,-16.8176,0.0],[141.0771,-16.8286,1.461],[141.0792,-16.825,3.7475],[141.0787,-16.8363,3.8274],[141.0735,-16.8529,0.0],[141.0648,-16.8702,0.0],[141.0395,-16.9066,5.393],[141.0112,-16.9407,1.4277],[140.9836,-16.9634,1.7508],[140.9815,-16.9671,3.3955],[140.9736,-16.9698,0.0],[140.9689,-16.9774,0.0],[140.9703,-16.9815,1.3347],[140.9675,-16.9793,0.0],[140.958,-16.9981,0.0],[140.9531,-17.0128,1.5818],[140.9469,-17.0406,4.806],[140.9486,-17.0469,3.0143],[140.9507,-17.0481,2.2958],[140.9511,-17.0596,1.4253],[140.9546,-17.0678,1.9293],[140.9552,-17.0862,2.8046],[140.9613,-17.0905,1.7422],[140.9622,-17.0928,1.49],[140.9608,-17.0935,1.6304],[140.9569,-17.0911,4.3981],[140.9539,-17.0985,1.3871],[140.9532,-17.1221,2.4932],[140.9491,-17.1454,3.3137],[140.9504,-17.1508,3.7613],[140.9456,-17.1587,1.3096],[140.9385,-17.1773,1.8801],[140.9385,-17.182,0.0],[140.9404,-17.1846,2.3175],[140.9321,-17.1899,2.6501],[140.9255,-17.1986,0.0],[140.9243,-17.2027,0.4826],[140.9253,-17.2133,0.8642],[140.9219,-17.2147,0.7592],[140.9126,-17.2331,0.1218],[140.9089,-17.2532,0.2002],[140.9089,-17.267,1.1197],[140.906,-17.2683,0.0],[140.9087,-17.2688,1.4276],[140.9075,-17.2762,2.91],[140.9097,-17.2774,4.4661],[140.9052,-17.2794,0.5448],[140.9046,-17.2861,0.0],[140.9071,-17.2888,2.4451],[140.9043,-17.2962,0.9543],[140.8994,-17.3028,0.2593],[140.8992,-17.315,3.4416],[140.905,-17.3162,2.8811],[140.8996,-17.318,3.0651],[140.9003,-17.3235,2.3285],[140.8989,-17.3276,2.6035],[140.9003,-17.3288,5.336],[140.8973,-17.3298,0.2257],[140.8937,-17.3423,3.6669],[140.8943,-17.3468,0.5872],[140.9008,-17.3486,4.8173],[140.8934,-17.3494,0.9808],[140.884,-17.3741,0.0],[140.8874,-17.3823,1.6859],[140.8837,-17.3818,0.7704],[140.8797,-17.3853,0.0],[140.846,-17.4343,2.7828],[140.8454,-17.438,5.3601],[140.8288,-17.4552,0.0],[140.8273,-17.4585,2.422],[140.8284,-17.4653,0.0],[140.812,-17.4649,0.5166],[140.7863,-17.474,3.204],[140.7694,-17.4777,3.0895],[140.7467,-17.4958,0.0],[140.7355,-17.5122,0.9046],[140.7262,-17.515,6.6205],[140.7098,-17.5099,0.1308],[140.7023,-17.518,1.203],[140.6772,-17.5327,1.4955],[140.6746,-17.5329,0.5572],[140.6702,-17.538,1.2078],[140.6733,-17.5371,2.072],[140.6743,-17.5382,1.7888],[140.6625,-17.5476,1.5071],[140.6572,-17.5549,2.9258],[140.6529,-17.5554,2.738],[140.6443,-17.5647,2.8521],[140.6357,-17.571,3.255],[140.6041,-17.5908,0.2544],[140.5988,-17.5926,0.1486],[140.5936,-17.5978,0.0],[140.588,-17.597,2.8544],[140.5659,-17.6015,1.7524],[140.5449,-17.6152,1.8492],[140.5164,-17.6307,0.4246],[140.4792,-17.6449,1.5502],[140.468,-17.6448,2.4784],[140.4622,-17.6489,2.8387],[140.4543,-17.6462,2.2974],[140.4541,-17.6419,2.3119],[140.4479,-17.6417,0.301],[140.4386,-17.6461,0.0],[140.4137,-17.6641,2.0002],[140.3846,-17.6779,1.1931],[140.338,-17.6873,1.4553],[140.3088,-17.6889,0.076],[140.2968,-17.6928,1.3507],[140.2868,-17.6934,1.8181],[140.2838,-17.6959,1.4293],[140.2793,-17.6948,1.8844],[140.2684,-17.6965,1.728],[140.263,-17.6992,2.0043],[140.259,-17.6975,1.9095],[140.2473,-17.6985,2.4459],[140.2335,-17.7023,2.6896],[140.2315,-17.7043,1.8555],[140.2303,-17.7029,3.5198],[140.2249,-17.7042,2.7541],[140.2183,-17.7069,2.2665],[140.2167,-17.7092,2.0566],[140.2144,-17.7087,0.0],[140.2104,-17.7035,1.3529],[140.1999,-17.703,1.8689],[140.1885,-17.7054,3.6324],[140.1844,-17.7079,1.7929],[140.1719,-17.7083,2.3557],[140.1598,-17.7124,1.5715],[140.1521,-17.7117,2.5682],[140.141,-17.7136,3.1405],[140.1247,-17.7189,1.3697],[140.1066,-17.7198,3.115],[140.0934,-17.7225,3.0193],[140.0471,-17.7219,2.6031],[140.0191,-17.7182,1.7991],[140.0044,-17.7146,1.4072],[139.9829,-17.7048,0.909],[139.9653,-17.6909,0.237],[139.9488,-17.6738,0.5786],[139.9408,-17.6599,1.428],[139.939,-17.6531,2.7792],[139.9398,-17.6477,1.2924],[139.9364,-17.6444,0.6856],[139.9413,-17.6375,3.8495],[139.9377,-17.631,0.0],[139.9236,-17.6237,0.0],[139.8775,-17.6097,3.3414],[139.8472,-17.596,0.0],[139.8431,-17.5961,0.0],[139.8418,-17.6002,1.1209],[139.8451,-17.6047,2.0282],[139.8339,-17.6054,2.3597],[139.8325,-17.6024,1.6036],[139.8331,-17.5989,1.1107],[139.8381,-17.5933,1.7357],[139.8392,-17.5898,1.471],[139.8342,-17.5836,10.8291],[139.832,-17.5841,9.0868],[139.8262,-17.5738,8.7855],[139.8218,-17.5706,5.5856],[139.8165,-17.5706,0.0],[139.8114,-17.5742,1.8416],[139.8089,-17.5781,9.7115],[139.8069,-17.5772,4.2177],[139.8043,-17.5783,10.9003],[139.8022,-17.5748,5.8987],[139.7966,-17.5793,9.9525],[139.7921,-17.5794,1.3675],[139.7833,-17.5744,1.2159],[139.777,-17.5734,1.2577],[139.7573,-17.577,1.2512],[139.7527,-17.5759,0.0],[139.7546,-17.5665,1.0981],[139.7518,-17.5637,0.1608],[139.7481,-17.5625,0.0],[139.7475,-17.5663,0.1363],[139.7373,-17.5617,1.2864],[139.7325,-17.5552,0.0],[139.7296,-17.554,0.0],[139.7271,-17.5551,0.9466],[139.7273,-17.5534,0.7106],[139.7216,-17.5484,0.0],[139.718,-17.5479,0.0],[139.7123,-17.5535,1.7892],[139.7075,-17.5476,0.1326],[139.6983,-17.5469,0.0],[139.6988,-17.5493,0.0],[139.6963,-17.5497,1.3191],[139.6935,-17.5459,0.111],[139.689,-17.5448,0.2404],[139.6747,-17.5424,0.0],[139.6708,-17.5435,0.7804],[139.6522,-17.5372,0.2915],[139.6467,-17.5381,1.3983],[139.6385,-17.5294,0.3218],[139.6182,-17.5197,6.8717],[139.6086,-17.5045,0.0],[139.6033,-17.5054,0.6753],[139.5959,-17.4943,3.9394],[139.5934,-17.4873,0.2945],[139.5944,-17.4864,0.0],[139.591,-17.4824,0.6036],[139.5816,-17.478,1.6326],[139.5702,-17.4755,6.2541],[139.5658,-17.4723,5.0939],[139.5607,-17.4722,0.6961],[139.5503,-17.4689,0.7814],[139.5474,-17.4666,4.8956],[139.5486,-17.4628,4.6321],[139.5518,-17.4623,2.0589],[139.5524,-17.4605,1.0601],[139.5353,-17.4414,1.9078],[139.5232,-17.4343,4.9786],[139.5123,-17.4305,7.8962],[139.5117,-17.428,8.0306],[139.5077,-17.4271,1.7254],[139.4969,-17.4148,0.3657],[139.493,-17.414,0.5951],[139.4769,-17.4009,1.5406],[139.4561,-17.3944,0.7956],[139.4525,-17.3955,1.9538],[139.4452,-17.406,1.5184],[139.4432,-17.4172,1.2114],[139.4364,-17.4225,1.3751],[139.4422,-17.4166,1.2114],[139.4433,-17.4063,0.0],[139.4489,-17.3988,0.885],[139.4505,-17.3938,0.5629],[139.4174,-17.3746,5.0452],[139.4069,-17.3725,3.7906],[139.3935,-17.3724,5.1589],[139.3415,-17.3746,1.9464],[139.3237,-17.366,3.1678],[139.3093,-17.3627,5.2305],[139.3058,-17.3648,4.445],[139.306,-17.3626,3.6165],[139.3038,-17.3599,2.7364],[139.2847,-17.3511,1.7609],[139.2813,-17.3471,2.6774],[139.2652,-17.3386,2.0465],[139.2377,-17.3198,1.2232],[139.2213,-17.3029,0.671],[139.2078,-17.2821,0.0],[139.2033,-17.27,0.09],[139.2012,-17.2705,0.4612],[139.2013,-17.264,0.0],[139.1988,-17.2644,0.9643],[139.1976,-17.2624,0.4477],[139.1979,-17.2596,0.1356],[139.1914,-17.2487,0.0936],[139.1838,-17.2292,0.1157],[139.1716,-17.2096,2.045],[139.1716,-17.2035,0.0],[139.168,-17.2018,3.6246],[139.1684,-17.1976,0.2102],[139.1628,-17.1833,0.2146],[139.1619,-17.1848,5.4233],[139.1607,-17.1837,3.2652],[139.1598,-17.1805,6.5509],[139.1617,-17.1813,2.5919],[139.1618,-17.1801,1.8287],[139.1602,-17.1761,0.1403],[139.1588,-17.1763,5.5926],[139.155,-17.1639,2.7965],[139.1541,-17.1473,0.0],[139.1495,-17.1192,0.566],[139.1447,-17.1111,1.9521],[139.1462,-17.1103,0.4189],[139.148,-17.1152,0.4597],[139.1485,-17.1122,0.0],[139.1426,-17.0964,1.3447],[139.1406,-17.0787,2.1194],[139.1451,-17.0539,3.9445],[139.1514,-17.0432,3.8528],[139.1533,-17.0355,4.1716],[139.1542,-17.0349,0.0],[139.1543,-17.0365,0.0],[139.1579,-17.0292,0.0],[139.1504,-17.0255,0.7333],[139.1516,-17.0241,0.0],[139.133,-17.0194,0.0],[139.0956,-17.0029,0.0],[139.0916,-17.0028,0.7492],[139.0867,-16.9985,0.2708],[139.078,-16.9872,0.0],[139.0764,-16.981,0.3548],[139.0792,-16.9778,0.0],[139.0739,-16.975,0.0],[139.0721,-16.971,0.0],[139.0515,-16.9584,0.0],[139.0432,-16.9502,0.0],[139.0367,-16.9372,0.0],[139.0348,-16.928,0.0],[139.0346,-16.9255,0.0],[139.037,-16.9214,0.0],[139.0402,-16.9192,0.0],[139.0389,-16.9183,0.0],[139.0398,-16.9141,0.0],[139.0387,-16.9124,0.0],[139.0062,-16.8946,0.4128],[138.9792,-16.8873,0.0],[138.9695,-16.8884,1.2135],[138.9552,-16.8862,0.4772],[138.9467,-16.8874,2.3941],[138.9452,-16.8889,0.8137],[138.9404,-16.8852,3.2998],[138.9154,-16.8788,4.356],[138.9221,-16.8784,5.0496],[138.916,-16.876,6.188],[138.9113,-16.8769,3.6313],[138.908,-16.88,1.0298],[138.8972,-16.8842,0.9803],[138.8921,-16.8825,1.2396],[138.8931,-16.8808,1.6319],[138.8958,-16.8805,1.0115],[138.8919,-16.8786,1.52],[138.8877,-16.8832,0.9507],[138.8865,-16.8825,0.8548],[138.8838,-16.8848,1.1295],[138.8833,-16.8808,0.7306],[138.8806,-16.8773,1.8845],[138.8446,-16.868,2.7597],[138.8314,-16.861,2.6292],[138.8312,-16.8584,0.0],[138.8228,-16.8528,0.5246],[138.7859,-16.8436,0.6162],[138.761,-16.8329,0.1013],[138.7574,-16.8334,0.5079],[138.7536,-16.8273,0.2305],[138.7464,-16.8236,1.0399],[138.7331,-16.8186,0.487],[138.7321,-16.82,1.9005],[138.7247,-16.8153,1.6331],[138.6812,-16.8002,1.1692],[138.6629,-16.7895,0.3448],[138.6509,-16.7789,2.7117],[138.6525,-16.7783,1.0679],[138.656,-16.7803,0.0],[138.6586,-16.7842,1.7495],[138.6574,-16.7782,0.0],[138.629,-16.7679,0.0],[138.6216,-16.7714,2.1737],[138.6105,-16.7714,0.8336],[138.607,-16.7746,2.0635],[138.5888,-16.7772,1.4675],[138.5764,-16.7765,0.0],[138.5606,-16.7779,0.0],[138.54,-16.782,1.7552],[138.5095,-16.7815,3.7374],[138.4942,-16.7794,0.0],[138.488,-16.7806,2.3404],[138.4864,-16.7831,1.1933],[138.4833,-16.7823,0.4468],[138.4806,-16.7767,0.9326],[138.4767,-16.7776,0.5983],[138.4737,-16.775,0.1625],[138.4716,-16.7754,0.0103],[138.4729,-16.7789,1.8772],[138.4774,-16.7796,1.0115],[138.4795,-16.7836,0.4014],[138.46,-16.7778,0.9255],[138.4603,-16.7752,0.1034],[138.4564,-16.7764,1.645],[138.4506,-16.7732,1.1288],[138.4358,-16.7725,0.4271],[138.4308,-16.7742,0.3835],[138.4279,-16.7773,0.6822],[138.4198,-16.7711,0.4827],[138.4199,-16.7729,0.9874],[138.4156,-16.7706,1.8433],[138.4164,-16.7696,1.8433],[138.4027,-16.7594,1.0407],[138.3861,-16.7497,1.3226],[138.3621,-16.7403,1.1793],[138.3531,-16.7397,0.2849],[138.3456,-16.7424,0.8097],[138.3418,-16.741,0.7422],[138.3409,-16.7422,0.8029],[138.3384,-16.7405,1.1654],[138.3408,-16.7395,0.8255],[138.3392,-16.7376,0.3388],[138.3427,-16.7393,0.8246],[138.3392,-16.7362,0.0],[138.3379,-16.7381,1.2751],[138.3333,-16.7385,0.0],[138.3291,-16.7364,0.0],[138.3275,-16.7385,0.2203],[138.3315,-16.7379,0.0],[138.332,-16.7399,0.7707],[138.3296,-16.7407,0.5057],[138.3297,-16.7445,1.9904],[138.3246,-16.7456,0.2249],[138.325,-16.7501,0.5332],[138.3236,-16.7505,0.5553],[138.3148,-16.7432,0.3757],[138.3061,-16.741,0.1708],[138.2889,-16.7334,0.7761],[138.2729,-16.7194,0.0],[138.2143,-16.7038,0.0],[138.1951,-16.6963,1.0159],[138.1757,-16.6862,0.0],[138.1603,-16.6761,0.0],[138.1573,-16.6702,0.0],[138.1358,-16.6591,0.0],[138.1229,-16.6502,0.4358],[138.1167,-16.648,3.4043],[138.1127,-16.6428,0.0],[138.0822,-16.6166,0.4688],[138.08,-16.6126,0.0],[138.0602,-16.5978,0.0],[138.0472,-16.5783,1.2903],[138.042,-16.5738,0.0],[138.03,-16.5685,0.5866],[138.0281,-16.5629,0.0],[138.0215,-16.557,1.3197],[138.0012,-16.5445,0.9067],[138.0012,-18.6465,220.2761],[137.9966,-18.8682,249.6556],[137.996,-18.9985,246.8104],[137.9991,-25.9969,20.6883],[140.9994,-25.9964,89.5229],[140.9994,-26.734,95.8258],[140.9979,-26.7616,79.1524],[140.9975,-26.9092,73.5977],[140.9957,-28.0692,89.2489],[140.9991,-28.5386,97.3163],[140.9995,-28.9991,118.5077],[142.2006,-28.999,97.5161],[142.3639,-28.9978,78.0],[142.6026,-28.999,80.7467],[148.9583,-28.9991,160.2163],[148.9659,-28.9934,160.4538],[148.9642,-28.9914,161.0488],[148.9673,-28.991,160.3572],[148.9694,-28.9879,160.2537],[148.9667,-28.986,159.5331],[148.9711,-28.9853,160.4697],[148.9718,-28.9808,160.0264],[148.9763,-28.9764,161.4169],[148.9813,-28.9756,159.9337],[148.9843,-28.9767,162.0694],[148.9869,-28.9743,160.6735],[148.9909,-28.9762,163.4216],[148.9913,-28.9717,160.0816],[148.9982,-28.9727,161.7174],[149.0003,-28.9695,160.8585],[149.0042,-28.9677,161.5035],[149.005,-28.9607,163.1032],[149.0113,-28.9601,162.309],[149.0114,-28.9585,162.809],[149.0085,-28.9583,162.4655],[149.0092,-28.9569,162.3794],[149.0123,-28.9556,161.397],[149.0146,-28.9577,161.6084],[149.0175,-28.9568,161.7663],[149.0199,-28.9593,162.4375],[149.021,-28.9573,163.1145],[149.0278,-28.9545,160.6291],[149.0308,-28.9571,162.0461],[149.0328,-28.9559,162.9098],[149.0361,-28.9489,162.9826],[149.0349,-28.946,162.6487],[149.0399,-28.9424,163.4576],[149.0389,-28.9391,162.2923],[149.0429,-28.9393,163.7282],[149.0439,-28.9349,163.6059],[149.0453,-28.9345,162.8137],[149.0453,-28.9315,163.245],[149.043,-28.9313,162.5405],[149.0431,-28.9271,162.3568],[149.0473,-28.9248,164.2782],[149.0483,-28.917,163.8283],[149.0511,-28.9176,164.3748],[149.0549,-28.9121,164.9549],[149.0587,-28.9104,164.4002],[149.056,-28.9007,164.4024],[149.0603,-28.8948,164.1432],[149.0581,-28.8936,163.3743],[149.059,-28.8919,163.3636],[149.064,-28.8886,164.0819],[149.0595,-28.8862,164.2607],[149.0553,-28.8869,163.911],[149.0554,-28.8839,164.402],[149.0592,-28.8796,164.0271],[149.0634,-28.8783,163.3504],[149.0664,-28.8734,163.8837],[149.0701,-28.8719,164.4233],[149.0725,-28.864,164.1778],[149.0757,-28.8594,164.4113],[149.0801,-28.8584,165.4425],[149.0807,-28.8419,165.8948],[149.0863,-28.8425,165.5098],[149.0872,-28.8381,165.5162],[149.0905,-28.8373,165.9905],[149.0932,-28.8338,166.4906],[149.0964,-28.8343,166.062],[149.0971,-28.8317,168.1506],[149.0991,-28.8342,166.7091],[149.1028,-28.8334,167.92],[149.1032,-28.8381,166.5607],[149.1089,-28.8334,165.849],[149.1122,-28.8341,167.0355],[149.1133,-28.8317,167.2898],[149.111,-28.8308,166.3445],[149.1124,-28.8296,169.638],[149.1155,-28.8309,167.3599],[149.1193,-28.8294,166.9405],[149.1182,-28.833,167.6117],[149.1221,-28.8318,168.2231],[149.1224,-28.8346,166.8365],[149.1247,-28.8333,167.9633],[149.1282,-28.8353,167.8627],[149.128,-28.8316,169.0548],[149.1315,-28.8321,168.3784],[149.1311,-28.8296,168.2267],[149.1388,-28.8279,168.5077],[149.139,-28.8255,168.2915],[149.1434,-28.8222,167.6445],[149.1405,-28.822,168.5066],[149.1446,-28.8191,168.4639],[149.1424,-28.8189,169.3121],[149.1425,-28.8155,168.1438],[149.1398,-28.8159,168.1393],[149.1405,-28.8137,169.0572],[149.1366,-28.8125,167.7514],[149.1399,-28.8119,169.0266],[149.1398,-28.8072,168.616],[149.1439,-28.8061,168.0895],[149.1445,-28.8071,170.9686],[149.1429,-28.8079,172.0121],[149.1458,-28.8095,170.7921],[149.1479,-28.806,168.3623],[149.1487,-28.8086,170.3962],[149.1512,-28.8078,168.9026],[149.1604,-28.8107,170.071],[149.1608,-28.8071,171.7723],[149.1625,-28.8059,169.2983],[149.1667,-28.8087,172.5597],[149.1759,-28.8027,169.868],[149.1792,-28.803,168.5615],[149.1799,-28.7987,172.6418],[149.1837,-28.7969,171.6862],[149.1835,-28.7946,171.9834],[149.187,-28.794,171.2846],[149.1841,-28.7901,171.1444],[149.1867,-28.7867,170.5523],[149.1865,-28.782,170.4665],[149.1924,-28.7805,170.8549],[149.1887,-28.7752,170.2062],[149.1938,-28.7739,168.6174],[149.1949,-28.771,170.0675],[149.2074,-28.7695,172.582],[149.2073,-28.7659,170.7409],[149.2104,-28.7682,171.933],[149.2121,-28.7652,170.4543],[149.2139,-28.7656,173.7034],[149.214,-28.7637,172.9583],[149.2193,-28.7631,172.8681],[149.2212,-28.766,173.0565],[149.2227,-28.7642,173.9458],[149.225,-28.7645,173.004],[149.2242,-28.7626,172.7354],[149.2258,-28.7629,174.4769],[149.2263,-28.7611,172.2437],[149.2285,-28.7619,173.7275],[149.228,-28.7593,172.5153],[149.2302,-28.7584,172.9347],[149.2287,-28.7552,176.1268],[149.2319,-28.7559,173.2047],[149.2305,-28.7512,172.5151],[149.2324,-28.7516,173.9491],[149.2332,-28.7493,174.4577],[149.2368,-28.7506,174.0781],[149.237,-28.7489,175.6739],[149.2402,-28.7467,176.4894],[149.243,-28.7471,172.4572],[149.2412,-28.7455,175.7268],[149.247,-28.7389,174.2785],[149.2492,-28.7416,174.0378],[149.2517,-28.74,175.2202],[149.2538,-28.7422,174.0966],[149.2545,-28.7389,174.1734],[149.257,-28.7395,176.563],[149.2575,-28.7371,174.1087],[149.2623,-28.7343,174.2673],[149.2654,-28.7357,175.6222],[149.2636,-28.7397,175.9583],[149.2664,-28.7428,174.6449],[149.2692,-28.7435,174.522],[149.2738,-28.7371,175.8875],[149.2715,-28.7367,173.5778],[149.2713,-28.7339,173.7035],[149.2772,-28.732,175.6516],[149.2791,-28.7335,175.2276],[149.2804,-28.731,175.5168],[149.2831,-28.7331,174.5796],[149.2853,-28.7319,174.5943],[149.2828,-28.728,174.2888],[149.2849,-28.7259,176.0211],[149.2874,-28.7263,174.5092],[149.2871,-28.7214,175.7281],[149.2908,-28.7188,173.9781],[149.2935,-28.712,176.1619],[149.2971,-28.7099,175.1578],[149.3025,-28.7091,175.9489],[149.3102,-28.7121,177.2454],[149.3112,-28.7111,175.9329],[149.3143,-28.712,177.0331],[149.3159,-28.7103,177.1096],[149.318,-28.7141,176.8252],[149.3189,-28.7116,178.2744],[149.3226,-28.7096,176.1288],[149.3197,-28.7087,178.4267],[149.3201,-28.7062,177.5013],[149.323,-28.7078,177.9852],[149.328,-28.7075,178.2597],[149.3286,-28.7045,176.677],[149.3318,-28.7029,177.3111],[149.3292,-28.6994,176.0133],[149.3299,-28.6982,177.9196],[149.3361,-28.6983,176.3595],[149.3401,-28.6954,178.2028],[149.3467,-28.6967,176.5489],[149.3459,-28.6944,178.4138],[149.3477,-28.6912,175.9633],[149.3514,-28.6927,179.9562],[149.3525,-28.6886,179.2304],[149.359,-28.6843,177.7195],[149.362,-28.6851,177.9572],[149.3635,-28.6899,178.4652],[149.3669,-28.6923,181.7196],[149.3687,-28.6919,180.3948],[149.3679,-28.6889,179.1237],[149.3691,-28.6879,178.2463],[149.3759,-28.6926,180.4167],[149.3779,-28.6917,180.4356],[149.3786,-28.6891,178.8616],[149.3793,-28.6906,180.0354],[149.385,-28.6915,179.8524],[149.3855,-28.6948,180.7139],[149.3874,-28.6958,179.1354],[149.3913,-28.6919,178.3151],[149.3942,-28.6857,178.1436],[149.3939,-28.6773,179.061],[149.3967,-28.6774,177.6048],[149.3992,-28.6749,178.3413],[149.402,-28.6761,179.6077],[149.4054,-28.6753,180.6827],[149.4047,-28.6733,179.4493],[149.4143,-28.6668,180.1011],[149.4137,-28.6653,182.0644],[149.4107,-28.6674,182.9359],[149.4106,-28.6637,181.7032],[149.4157,-28.6628,182.2133],[149.4171,-28.661,185.5388],[149.417,-28.6551,182.6322],[149.423,-28.6553,182.7952],[149.423,-28.6538,181.6351],[149.4191,-28.6541,182.8318],[149.417,-28.6514,182.791],[149.4261,-28.6501,185.9646],[149.4259,-28.6471,179.7252],[149.428,-28.647,185.0195],[149.4281,-28.6443,182.4747],[149.4306,-28.6429,182.5545],[149.4292,-28.6405,180.9782],[149.4306,-28.64,182.9368],[149.43,-28.6377,177.6672],[149.4322,-28.6381,184.847],[149.4312,-28.6364,185.8159],[149.4329,-28.635,184.7558],[149.429,-28.6322,181.7959],[149.4283,-28.6292,183.7887],[149.4302,-28.6263,182.5539],[149.4325,-28.628,181.6483],[149.443,-28.6203,181.4958],[149.4403,-28.6189,178.464],[149.4414,-28.6165,185.6329],[149.4391,-28.6159,182.5765],[149.4395,-28.6121,182.1397],[149.4443,-28.609,184.2009],[149.4442,-28.6065,184.1039],[149.4517,-28.6043,182.1487],[149.4537,-28.5992,182.3673],[149.4525,-28.5949,184.9096],[149.4557,-28.596,184.8252],[149.4557,-28.593,185.9764],[149.4588,-28.5941,184.0],[149.4616,-28.5916,185.5325],[149.4672,-28.5964,181.8636],[149.4684,-28.592,184.8857],[149.4698,-28.5943,187.1418],[149.4716,-28.5927,186.7129],[149.4749,-28.5939,185.2233],[149.4773,-28.5879,183.0639],[149.4794,-28.5912,185.1535],[149.4808,-28.5898,184.9061],[149.4825,-28.5862,183.5229],[149.4814,-28.5829,182.6683],[149.4855,-28.5825,182.834],[149.4902,-28.5845,185.5897],[149.4924,-28.5809,183.9441],[149.4963,-28.5785,188.3011],[149.4971,-28.5807,184.6035],[149.499,-28.578,184.4907],[149.5027,-28.5804,182.3984],[149.503,-28.5744,181.8235],[149.5098,-28.5771,184.8884],[149.5122,-28.5761,180.6603],[149.5139,-28.5817,185.0952],[149.5154,-28.5793,182.4327],[149.5182,-28.579,183.503],[149.5194,-28.5811,183.3037],[149.5217,-28.5791,182.3739],[149.5248,-28.5794,182.5602],[149.527,-28.5774,187.1198],[149.5264,-28.5751,180.9094],[149.5289,-28.5742,181.9691],[149.532,-28.5768,184.6297],[149.5358,-28.5744,182.529],[149.5368,-28.5764,184.3317],[149.5385,-28.5748,186.8017],[149.5422,-28.575,186.9131],[149.5435,-28.5767,185.5743],[149.5445,-28.5754,183.2285],[149.5506,-28.5768,185.4771],[149.5526,-28.5801,186.844],[149.5536,-28.5774,183.7542],[149.5578,-28.5797,184.3743],[149.5573,-28.5767,186.2826],[149.5618,-28.5739,182.6111],[149.5639,-28.575,185.973],[149.5651,-28.5725,183.7931],[149.5671,-28.5736,186.8914],[149.5686,-28.5711,184.9845],[149.5725,-28.5717,183.3624],[149.5743,-28.574,186.6922],[149.5767,-28.5721,184.562],[149.5775,-28.5734,186.1495],[149.5805,-28.5725,182.9685],[149.5842,-28.5744,185.9838],[149.5882,-28.5729,182.7352],[149.5901,-28.5757,186.1884],[149.5983,-28.5793,184.8609],[149.5996,-28.5817,187.6303],[149.5993,-28.5836,185.7043],[149.597,-28.5846,189.5953],[149.5977,-28.5888,189.5847],[149.6021,-28.5875,188.2253],[149.6031,-28.5854,185.4573],[149.6061,-28.5878,184.9882],[149.6035,-28.5889,189.6571],[149.6067,-28.594,186.0216],[149.6051,-28.5979,186.1658],[149.6105,-28.5974,187.997],[149.6107,-28.6009,187.6952],[149.6184,-28.5986,188.0025],[149.6194,-28.5961,185.0154],[149.6239,-28.5953,190.9625],[149.6255,-28.5933,187.6182],[149.6274,-28.596,188.8021],[149.631,-28.5952,188.5968],[149.6313,-28.5979,189.7368],[149.6346,-28.5954,187.1517],[149.6364,-28.5996,187.1388],[149.639,-28.598,189.2316],[149.6423,-28.5992,185.1173],[149.6456,-28.6038,187.5187],[149.6463,-28.6062,186.3506],[149.645,-28.6073,188.8574],[149.6462,-28.61,186.4497],[149.6483,-28.6106,188.9226],[149.6479,-28.6121,186.9856],[149.6536,-28.6131,189.0917],[149.656,-28.6155,188.7278],[149.6583,-28.6132,190.0117],[149.6573,-28.6114,187.9943],[149.6607,-28.6093,186.4306],[149.6643,-28.6124,188.6484],[149.6645,-28.6184,188.0153],[149.6685,-28.6194,189.8704],[149.6712,-28.6211,187.014],[149.6697,-28.6223,190.7212],[149.6706,-28.6235,190.351],[149.674,-28.6242,188.0253],[149.6718,-28.6292,189.1573],[149.6667,-28.6319,187.1181],[149.6703,-28.6325,189.6813],[149.6724,-28.6303,189.6224],[149.6724,-28.6334,188.0586],[149.6764,-28.6312,189.3339],[149.6781,-28.6345,191.3319],[149.6786,-28.6327,189.1061],[149.6809,-28.6339,191.3982],[149.6823,-28.6314,189.2297],[149.688,-28.6323,188.4765],[149.6878,-28.6292,190.627],[149.6898,-28.6282,189.6618],[149.6913,-28.6336,188.4186],[149.6931,-28.6318,190.0278],[149.6944,-28.633,188.4557],[149.6963,-28.6308,188.4256],[149.6982,-28.6327,189.8816],[149.7002,-28.63,190.9126],[149.7014,-28.631,190.9126],[149.7005,-28.6327,191.4496],[149.7031,-28.6337,190.4494],[149.7065,-28.6303,190.1139],[149.7049,-28.6295,192.5724],[149.7066,-28.6272,192.9785],[149.7046,-28.6279,193.1246],[149.7035,-28.6254,190.5848],[149.7061,-28.6256,189.3818],[149.7054,-28.6228,191.4963],[149.7099,-28.6203,192.8579],[149.7056,-28.622,191.4963],[149.7031,-28.6193,188.1694],[149.7039,-28.6165,188.4139],[149.7059,-28.6178,190.9537],[149.7089,-28.6131,190.1316],[149.7109,-28.6142,192.6585],[149.7132,-28.6119,190.7101],[149.7145,-28.6126,189.274],[149.7129,-28.6148,190.8896],[149.7138,-28.6163,190.1599],[149.7188,-28.6114,193.6976],[149.7233,-28.6128,193.1002],[149.7202,-28.6109,190.9615],[149.7212,-28.6092,190.0114],[149.7296,-28.6109,190.7375],[149.7272,-28.6119,196.8204],[149.7282,-28.6131,195.1877],[149.7263,-28.6137,192.1079],[149.7263,-28.6155,191.8098],[149.7298,-28.6152,191.9816],[149.731,-28.6167,191.8111],[149.733,-28.6143,189.6574],[149.7353,-28.6174,192.3872],[149.7369,-28.6158,192.4183],[149.739,-28.6172,191.316],[149.7388,-28.6146,192.4183],[149.7416,-28.6131,192.5287],[149.7419,-28.6154,192.4416],[149.745,-28.6184,190.152],[149.7457,-28.6164,191.2244],[149.7437,-28.6154,192.6],[149.7461,-28.612,192.6115],[149.7503,-28.6121,196.5911],[149.7511,-28.6108,190.1715],[149.7538,-28.6128,196.6503],[149.7533,-28.6107,193.0573],[149.7549,-28.6094,190.5625],[149.76,-28.615,194.8924],[149.7649,-28.6127,191.5945],[149.7678,-28.6141,193.074],[149.7675,-28.611,192.0852],[149.7724,-28.6142,195.0221],[149.7733,-28.6117,196.3362],[149.7711,-28.6104,191.4079],[149.7725,-28.6089,191.7678],[149.7754,-28.6101,193.6527],[149.7759,-28.6131,192.9455],[149.7797,-28.6098,192.9405],[149.7813,-28.6123,194.0863],[149.7838,-28.6121,195.9692],[149.784,-28.6141,192.821],[149.7861,-28.6136,195.6267],[149.7867,-28.6112,194.2107],[149.7977,-28.6102,193.5181],[149.8006,-28.6079,194.2495],[149.8017,-28.6095,195.0899],[149.8036,-28.6073,195.0375],[149.8098,-28.6074,197.6014],[149.8114,-28.6058,196.6032],[149.8131,-28.6083,199.2406],[149.8149,-28.6083,199.2406],[149.8193,-28.6158,195.0157],[149.8219,-28.609,196.0317],[149.8265,-28.6088,196.8759],[149.8266,-28.6069,196.8345],[149.8294,-28.6062,196.4441],[149.8304,-28.6037,194.6767],[149.8396,-28.6037,195.1773],[149.8448,-28.6105,194.6284],[149.8495,-28.6088,197.3835],[149.8508,-28.6056,195.727],[149.8537,-28.606,198.4497],[149.8546,-28.6043,197.7882],[149.8603,-28.6069,196.6727],[149.8604,-28.6045,199.993],[149.8627,-28.6049,196.9598],[149.8613,-28.6028,198.5858],[149.8625,-28.6022,199.3417],[149.8671,-28.6041,198.6489],[149.8683,-28.6073,200.4739],[149.8709,-28.6052,201.2133],[149.872,-28.607,197.5184],[149.8722,-28.6043,197.6372],[149.8743,-28.6034,202.9166],[149.8759,-28.6078,197.8074],[149.8782,-28.6094,199.8498],[149.8775,-28.6116,196.6083],[149.8829,-28.6094,196.2295],[149.8824,-28.6133,197.3321],[149.8844,-28.6122,199.7246],[149.8864,-28.6142,199.7596],[149.8864,-28.6123,199.037],[149.8909,-28.6127,198.2647],[149.8913,-28.6147,199.4484],[149.8871,-28.6156,199.0541],[149.8898,-28.6188,199.7013],[149.894,-28.6159,199.9039],[149.8991,-28.6219,199.5972],[149.8991,-28.6197,200.6423],[149.9052,-28.6188,200.4221],[149.903,-28.6155,198.1999],[149.9055,-28.6133,198.6025],[149.9075,-28.6147,197.5435],[149.9091,-28.6124,199.9944],[149.9084,-28.6103,201.4733],[149.9174,-28.6081,200.9189],[149.921,-28.6103,200.4324],[149.9253,-28.6089,201.1464],[149.9255,-28.611,201.2897],[149.9274,-28.6105,201.5009],[149.9297,-28.6131,198.8029],[149.9301,-28.6119,199.5895],[149.9332,-28.6126,200.8958],[149.9342,-28.6104,199.3867],[149.9363,-28.6101,199.6359],[149.9372,-28.6146,201.0795],[149.9419,-28.6179,203.7807],[149.9428,-28.6139,198.802],[149.9491,-28.6127,203.4771],[149.948,-28.6109,202.1233],[149.9506,-28.608,200.809],[149.953,-28.6095,201.2631],[149.9577,-28.6076,201.9991],[149.9575,-28.6101,202.0921],[149.9622,-28.6121,201.2309],[149.9616,-28.6085,204.3757],[149.9644,-28.6107,202.6323],[149.9644,-28.6081,205.4715],[149.9701,-28.6098,199.5927],[149.9716,-28.6077,199.6381],[149.977,-28.6135,200.6044],[149.977,-28.6108,203.4742],[149.9821,-28.6052,201.8283],[149.987,-28.6046,200.8393],[149.985,-28.6025,201.6346],[149.993,-28.6003,202.8216],[149.9945,-28.5939,203.747],[149.9986,-28.5949,202.3634],[149.9989,-28.5912,204.2343],[150.0031,-28.5927,202.3054],[150.0014,-28.5906,203.3622],[150.0057,-28.587,200.095],[150.0073,-28.5905,200.9826],[150.0092,-28.5909,202.6032],[150.0116,-28.5855,201.7174],[150.015,-28.5855,203.5688],[150.0132,-28.5832,198.4326],[150.0173,-28.5834,202.1878],[150.0161,-28.5807,202.7015],[150.0228,-28.5829,206.7375],[150.0267,-28.5792,202.3051],[150.0313,-28.581,207.0468],[150.031,-28.5837,205.9106],[150.0344,-28.5835,202.3802],[150.0363,-28.5858,201.0315],[150.0401,-28.5831,203.474],[150.0405,-28.5861,202.5059],[150.0437,-28.582,204.6],[150.0458,-28.5824,204.6822],[150.0452,-28.5868,203.3766],[150.0487,-28.5892,202.9064],[150.0513,-28.5854,202.325],[150.0565,-28.5864,206.8922],[150.0556,-28.5846,201.8489],[150.0576,-28.5834,202.776],[150.0573,-28.58,208.1378],[150.0594,-28.5785,206.5025],[150.0679,-28.5778,205.4157],[150.0698,-28.581,210.5201],[150.0705,-28.5772,205.3802],[150.0733,-28.5766,204.8394],[150.0726,-28.5801,206.9359],[150.0751,-28.5802,206.7201],[150.0758,-28.5821,205.8748],[150.0799,-28.5844,205.7918],[150.0826,-28.5827,205.7523],[150.0798,-28.5816,208.3037],[150.0816,-28.5775,204.9574],[150.0845,-28.5804,206.997],[150.0874,-28.5807,206.031],[150.0881,-28.5776,208.6111],[150.0852,-28.5758,208.8552],[150.0904,-28.5755,205.6576],[150.0904,-28.5788,204.6268],[150.0929,-28.5786,206.585],[150.0936,-28.574,205.7234],[150.091,-28.5687,210.7445],[150.0919,-28.5642,208.2988],[150.0972,-28.5634,208.3107],[150.1016,-28.5659,211.2064],[150.1052,-28.5653,208.5176],[150.1057,-28.5677,207.5805],[150.1109,-28.5703,206.7139],[150.1118,-28.5681,206.3026],[150.1155,-28.5679,207.2097],[150.1129,-28.563,209.3074],[150.1168,-28.564,207.8123],[150.117,-28.5617,207.2929],[150.1209,-28.5624,212.5128],[150.1215,-28.5597,211.3482],[150.1244,-28.5612,207.8373],[150.1264,-28.5649,209.2465],[150.128,-28.5624,210.6437],[150.1307,-28.5627,211.1338],[150.1314,-28.5653,213.9572],[150.1339,-28.5644,215.6962],[150.1316,-28.5635,218.0903],[150.1331,-28.5617,219.3284],[150.1368,-28.5601,216.2468],[150.1369,-28.5642,215.0051],[150.1385,-28.5653,208.1379],[150.1387,-28.5605,213.0764],[150.1413,-28.5599,213.139],[150.1432,-28.5618,210.4661],[150.1437,-28.5575,210.3287],[150.1482,-28.5583,209.32],[150.1478,-28.5527,208.592],[150.1523,-28.5502,212.2919],[150.1541,-28.551,209.4145],[150.1547,-28.5534,210.4688],[150.1523,-28.5555,213.6381],[150.1541,-28.5572,211.5538],[150.1551,-28.5548,211.4078],[150.1634,-28.5557,216.1189],[150.1666,-28.5511,209.6772],[150.1692,-28.5506,210.0102],[150.1702,-28.5546,213.0394],[150.1678,-28.5555,212.1208],[150.1698,-28.5572,215.3408],[150.1716,-28.5639,210.8553],[150.1719,-28.56,213.3402],[150.1736,-28.5583,216.9277],[150.1769,-28.559,215.0944],[150.1827,-28.5563,219.2878],[150.1841,-28.5586,212.5311],[150.1779,-28.5635,214.6981],[150.1866,-28.5652,211.5617],[150.1875,-28.5691,209.3885],[150.182,-28.5694,212.5658],[150.1867,-28.5728,215.0432],[150.1898,-28.5702,213.0107],[150.1898,-28.5675,214.6577],[150.1925,-28.5667,215.0655],[150.2012,-28.5688,211.4398],[150.2042,-28.5734,211.3747],[150.2076,-28.5727,211.1146],[150.2123,-28.5742,211.3647],[150.2137,-28.5729,212.2392],[150.2123,-28.5694,214.0408],[150.2132,-28.5675,210.7729],[150.2185,-28.5683,213.2472],[150.22,-28.5667,212.2715],[150.2262,-28.5688,211.747],[150.2291,-28.5677,214.036],[150.2335,-28.5611,212.1549],[150.2289,-28.5586,212.2932],[150.2304,-28.5557,213.3468],[150.2388,-28.5597,212.3437],[150.2382,-28.5573,215.7903],[150.2352,-28.5562,213.2526],[150.2361,-28.5538,213.7899],[150.2432,-28.5524,216.7588],[150.2447,-28.5546,214.36],[150.249,-28.5522,210.8977],[150.2531,-28.547,212.444],[150.2622,-28.5449,215.3699],[150.2695,-28.5398,212.29],[150.2722,-28.5393,216.4241],[150.2817,-28.5429,213.0883],[150.2896,-28.5372,212.8218],[150.296,-28.5397,213.5907],[150.3005,-28.5485,214.1343],[150.3091,-28.5506,217.4758],[150.3131,-28.5554,216.3672],[150.3206,-28.5572,213.9179],[150.3227,-28.5656,215.3015],[150.3276,-28.571,218.6994],[150.3427,-28.5753,216.2285],[150.3513,-28.5753,214.1911],[150.3493,-28.5814,215.2279],[150.3525,-28.5878,220.227],[150.3564,-28.5898,218.2545],[150.3633,-28.5895,218.912],[150.3631,-28.5959,218.5771],[150.3697,-28.5985,214.47559999999999],[150.3638,-28.6076,214.2221],[150.3698,-28.6117,214.4269],[150.3688,-28.6141,215.785],[150.37,-28.6206,220.165],[150.3759,-28.6224,218.8398],[150.3801,-28.6271,217.6392],[150.3875,-28.6254,222.0212],[150.3877,-28.628,224.9654],[150.3854,-28.6315,216.2228],[150.3879,-28.6339,214.6223],[150.3909,-28.6341,216.0704],[150.3976,-28.6286,221.516],[150.4018,-28.6273,224.5922],[150.4088,-28.6339,217.2988],[150.414,-28.6339,223.2803],[150.4163,-28.6359,224.1931],[150.416,-28.6466,224.6019],[150.4141,-28.6492,225.2964],[150.4152,-28.6508,217.5502],[150.4293,-28.6511,226.9854],[150.4377,-28.6616,221.9928],[150.4456,-28.6651,218.1173],[150.4535,-28.6656,218.8519],[150.4566,-28.6637,220.921],[150.4601,-28.6689,223.8183],[150.4708,-28.6629,223.0961],[150.4728,-28.6601,223.7213],[150.4817,-28.6638,222.7637],[150.4871,-28.6574,225.5008],[150.4931,-28.6594,222.7444],[150.5148,-28.6618,225.0631],[150.5185,-28.6604,229.2656],[150.5209,-28.6555,224.4322],[150.525,-28.6543,227.6247],[150.5374,-28.6571,230.8437],[150.5392,-28.6605,224.6992],[150.5381,-28.6621,230.5998],[150.5323,-28.662,230.4715],[150.5257,-28.6655,228.2621],[150.527,-28.6689,230.8727],[150.5351,-28.672,228.6052],[150.5441,-28.6715,226.212],[150.5506,-28.6701,229.3552],[150.5523,-28.668,228.8508],[150.5528,-28.6634,230.4121],[150.5482,-28.6585,225.0358],[150.5515,-28.654,231.8524],[150.5541,-28.6531,228.8185],[150.5567,-28.6545,230.6021],[150.5614,-28.6618,227.1521],[150.5655,-28.6619,231.8709],[150.5694,-28.6591,227.8633],[150.5806,-28.6555,231.6924],[150.6002,-28.6651,230.1776],[150.6002,-28.6708,227.8846],[150.6062,-28.6706,232.8161],[150.6176,-28.6735,231.4182],[150.6205,-28.6686,232.1056],[150.6258,-28.669,236.2039],[150.627,-28.6725,226.8917],[150.6325,-28.6766,233.8045],[150.6412,-28.6651,231.3809],[150.6648,-28.6562,238.6794],[150.6734,-28.6502,235.6791],[150.6765,-28.6523,232.7273],[150.676,-28.6551,235.1066],[150.6791,-28.6603,235.6362],[150.6817,-28.6614,239.2173],[150.6924,-28.6534,235.4952],[150.701,-28.6548,236.0906],[150.7086,-28.652,235.8259],[150.7086,-28.6474,236.1542],[150.7105,-28.6446,234.5718],[150.7242,-28.6398,237.6306],[150.7256,-28.6361,240.505],[150.7283,-28.6345,241.582],[150.7444,-28.6337,240.5872],[150.7461,-28.6347,239.1867],[150.7523,-28.6335,242.1874],[150.7548,-28.6344,242.0751],[150.7574,-28.639,242.0903],[150.766,-28.6376,242.5262],[150.7736,-28.6441,241.9714],[150.7814,-28.6441,243.3614],[150.7958,-28.6552,243.7498],[150.8043,-28.6532,244.4457],[150.8188,-28.6573,246.7743],[150.819,-28.6598,245.2012],[150.8164,-28.6631,248.0922],[150.8193,-28.6666,248.8321],[150.8299,-28.667,244.3309],[150.8396,-28.6722,245.6497],[150.8484,-28.6731,245.2608],[150.8521,-28.6771,246.4711],[150.8528,-28.6803,247.2769],[150.8632,-28.6874,247.6441],[150.8685,-28.6854,251.4846],[150.8703,-28.6861,249.4393],[150.874,-28.6938,247.7591],[150.8765,-28.6934,248.342],[150.8806,-28.6886,248.5101],[150.8844,-28.6905,248.5179],[150.8852,-28.6954,247.79],[150.8889,-28.6952,248.8407],[150.8906,-28.6946,248.27],[150.8914,-28.6909,247.9641],[150.894,-28.6882,247.8154],[150.8996,-28.687,249.6966],[150.9064,-28.6877,251.8492],[150.9145,-28.6975,252.3038],[150.9197,-28.7002,250.0589],[150.9241,-28.6985,250.766],[150.9309,-28.7055,253.8155],[150.9321,-28.7221,250.5234],[150.9377,-28.7254,252.8407],[150.9382,-28.7309,253.0543],[150.9452,-28.7287,254.7039],[150.9484,-28.7344,254.4178],[150.9545,-28.7364,255.2315],[150.9608,-28.7351,255.3519],[150.963,-28.7372,249.951],[150.9704,-28.7316,255.2923],[150.9802,-28.7323,258.7747],[150.9835,-28.7356,256.0097],[151.0107,-28.7408,265.3748],[151.0132,-28.7452,261.062],[151.0253,-28.7536,259.4906],[151.0282,-28.7612,261.837],[151.029,-28.7705,260.8154],[151.0193,-28.772,263.6224],[151.0251,-28.7788,265.3737],[151.0264,-28.7864,263.1353],[151.0248,-28.7931,263.9616],[151.0337,-28.7939,264.7657],[151.0419,-28.7992,264.5344],[151.0421,-28.815,265.4005],[151.0376,-28.8191,266.5708],[151.0374,-28.8278,268.1886],[151.0414,-28.8305,268.0632],[151.0429,-28.8344,268.3525],[151.0392,-28.8386,268.451],[151.0443,-28.8405,269.8181],[151.0453,-28.8445,268.0748],[151.0521,-28.8439,270.836],[151.0533,-28.8455,269.7532],[151.0524,-28.8486,270.61],[151.0548,-28.8494,270.5443],[151.0599,-28.8459,269.9928],[151.0677,-28.8447,269.5858],[151.0832,-28.8344,272.042],[151.0883,-28.8344,273.1027],[151.0968,-28.8381,273.0806],[151.1028,-28.8364,272.8118],[151.1044,-28.8443,273.9559],[151.1086,-28.8428,276.9967],[151.1156,-28.8504,275.6269],[151.1247,-28.8513,276.1277],[151.133,-28.8602,277.3064],[151.1393,-28.8617,277.2588],[151.1447,-28.861,278.6014],[151.1515,-28.8651,279.4035],[151.1613,-28.8655,278.5451],[151.1644,-28.8708,277.583],[151.174,-28.88,280.3148],[151.1851,-28.8787,278.8314],[151.2002,-28.8843,286.5314],[151.2066,-28.8923,282.8571],[151.2088,-28.9015,287.9954],[151.228,-28.9085,291.4243],[151.2312,-28.9079,291.4659],[151.2347,-28.9047,291.3815],[151.2385,-28.9089,285.1009],[151.2408,-28.9199,288.9753],[151.2439,-28.9243,288.1896],[151.2587,-28.9321,288.0506],[151.2652,-28.9331,289.5145],[151.2678,-28.9364,293.7554],[151.2748,-28.9389,290.8338],[151.2816,-28.9489,293.7803],[151.2823,-28.9543,294.2971],[151.2804,-28.961,296.1104],[151.2721,-28.9732,298.5622],[151.2826,-28.9806,296.735],[151.2807,-28.9837,298.1602],[151.2768,-28.9847,296.3917],[151.2764,-28.987,296.4436],[151.2781,-28.9954,296.8382],[151.284,-29.0055,295.9899],[151.2819,-29.0191,301.8661],[151.2744,-29.0241,300.2839],[151.2711,-29.0303,304.6292],[151.2758,-29.0353,301.649],[151.2849,-29.0374,303.7694],[151.2889,-29.0503,307.1647],[151.2843,-29.0591,304.1596],[151.2843,-29.0655,303.8979],[151.2755,-29.0778,306.1541],[151.2795,-29.0895,306.3342],[151.2778,-29.0937,310.1984],[151.2796,-29.1008,309.7951],[151.2817,-29.1044,311.0289],[151.2897,-29.1113,313.0185],[151.2972,-29.1128,314.7812],[151.303,-29.116,313.5074],[151.3047,-29.1221,313.8084],[151.3155,-29.1345,316.2914],[151.3161,-29.1383,314.6639],[151.3099,-29.1442,317.925],[151.3088,-29.1475,319.9596],[151.312,-29.1614,318.7027],[151.3148,-29.1655,319.6187],[151.3204,-29.1666,320.4858],[151.3393,-29.1773,322.7622],[151.3474,-29.177,322.196],[151.36,-29.1728,324.7472],[151.3766,-29.1768,328.2736],[151.3938,-29.1779,330.4023],[151.4017,-29.171,327.7931],[151.4028,-29.1661,333.5001],[151.4106,-29.1526,336.8329],[151.4165,-29.1494,333.4243],[151.4283,-29.1475,335.9425],[151.4338,-29.1395,333.7838],[151.4518,-29.1269,334.8726],[151.4576,-29.1171,338.9131],[151.463,-29.0989,341.0073],[151.4759,-29.0918,342.9789],[151.4861,-29.0888,346.5574],[151.4914,-29.0776,347.3273],[151.4958,-29.0731,349.2047],[151.5023,-29.0708,347.7173],[151.5025,-29.0661,357.9955],[151.4971,-29.0629,347.4738],[151.4915,-29.0562,350.199],[151.4971,-29.0422,355.4219],[151.4953,-29.0349,351.5903],[151.4982,-29.0201,353.8558],[151.4997,-29.0174,355.1677],[151.5023,-29.0166,356.2867],[151.5047,-29.0111,356.0551],[151.5157,-28.9982,362.6736],[151.522,-28.9961,360.734],[151.5247,-28.9888,360.2714],[151.5361,-28.9806,370.2144],[151.5376,-28.9737,367.7687],[151.5447,-28.9612,370.215],[151.5456,-28.953,374.3253],[151.5493,-28.9523,373.9513],[151.5668,-28.9417,458.1327],[151.5705,-28.9441,485.7914],[151.5751,-28.9435,565.6969],[151.5771,-28.945,575.8197],[151.584,-28.9392,532.6265],[151.5884,-28.9319,573.4302],[151.6034,-28.9274,635.9792],[151.6051,-28.9251,646.8502],[151.6096,-28.9233,689.6497],[151.6168,-28.9261,738.4022],[151.6258,-28.9237,836.7979],[151.6331,-28.9297,842.799],[151.6347,-28.9292,858.2545],[151.6367,-28.9221,824.5167],[151.6444,-28.9168,840.1868],[151.6514,-28.917,903.892],[151.6663,-28.9054,983.8492],[151.6748,-28.9076,1023.1646],[151.6774,-28.9039,1008.054],[151.6777,-28.9002,1024.4663],[151.6851,-28.893,1014.7867],[151.6861,-28.8889,958.8074],[151.6884,-28.8869,994.9318],[151.6957,-28.8884,934.5461],[151.6955,-28.8844,964.0797],[151.7021,-28.8823,998.1171],[151.7065,-28.8718,1019.1756],[151.7113,-28.8713,1002.6222],[151.7136,-28.8754,1062.8081],[151.7168,-28.8749,1024.4132],[151.7226,-28.8703,1077.7277],[151.7229,-28.8685,1067.9922],[151.7266,-28.8669,1072.9692],[151.7339,-28.8716,1078.5341],[151.7338,-28.8784,1067.52],[151.7318,-28.8827,1062.9615],[151.737,-28.8957,1001.3479],[151.7409,-28.8975,991.4041],[151.7401,-28.9022,969.3099],[151.7463,-28.9138,942.4327],[151.7453,-28.9177,937.107],[151.7435,-28.9186,948.494],[151.7505,-28.9227,968.8802],[151.7546,-28.9223,941.1658],[151.7554,-28.925,922.4321],[151.7594,-28.9264,947.4774],[151.758,-28.9299,945.4484],[151.7624,-28.9341,924.3508],[151.7727,-28.9383,1144.7189],[151.7732,-28.9474,1125.3999],[151.7702,-28.9558,1143.3318],[151.7778,-28.9599,1073.703],[151.7783,-28.958,1081.2977],[151.7836,-28.9545,1074.856],[151.7899,-28.9537,1170.896],[151.7938,-28.9497,1181.9941],[151.8064,-28.9446,1173.6014],[151.8083,-28.945,1164.6846],[151.8101,-28.9479,1161.087],[151.8095,-28.9498,1168.2114],[151.815,-28.9508,1182.0615],[151.8155,-28.9541,1203.2727],[151.8126,-28.9561,1203.8362],[151.8138,-28.9594,1212.2726],[151.8256,-28.9633,1290.3571],[151.8322,-28.9598,1243.4692],[151.8342,-28.9572,1262.8811],[151.8357,-28.9486,1297.7358],[151.8396,-28.9427,1180.395],[151.8394,-28.9397,1163.2118],[151.8364,-28.9368,1121.0706],[151.8348,-28.9323,1125.2627],[151.8361,-28.9309,1104.4539],[151.8379,-28.9165,1167.7543],[151.8414,-28.9116,1239.0762],[151.8494,-28.9079,1075.276],[151.8591,-28.9072,1036.8241],[151.8651,-28.9097,971.8998],[151.8683,-28.9139,964.5972],[151.8713,-28.9145,940.4588],[151.878,-28.915,893.927],[151.8816,-28.9119,882.2651],[151.8926,-28.9158,854.1848],[151.8958,-28.9137,849.488],[151.8971,-28.9152,849.0171],[151.9004,-28.915,847.8636],[151.9134,-28.9206,886.0212],[151.9167,-28.9251,910.0647],[151.916,-28.9293,918.4528],[151.9224,-28.9284,901.8964],[151.9274,-28.9254,891.464],[151.9518,-28.9192,913.6568],[151.9562,-28.9168,929.8209],[151.9613,-28.9188,982.9191],[151.9682,-28.9166,1086.6958],[151.9741,-28.9091,1130.7715],[151.9818,-28.9089,1138.7261],[151.9969,-28.898,1183.2595],[151.9976,-28.8955,1218.9799],[152.0009,-28.8993,1200.9369],[152.0011,-28.9097,1181.4668],[152.004,-28.9101,1175.5542],[152.0097,-28.9077,1181.198],[152.0125,-28.9009,1202.342],[152.0163,-28.8971,1199.6321],[152.0167,-28.8925,1217.6191],[152.0245,-28.8899,1166.4061],[152.024,-28.8868,1156.2855],[152.0284,-28.8768,1162.9482],[152.0315,-28.8742,1152.1021],[152.0309,-28.8695,1169.9772],[152.0342,-28.866,1202.4692],[152.0381,-28.8647,1201.0698],[152.0359,-28.8587,1170.5745],[152.0396,-28.8546,1202.2722],[152.0369,-28.8518,1191.3687],[152.0295,-28.8546,1156.2214],[152.026,-28.8583,1158.7013],[152.0229,-28.8547,1099.2417],[152.0155,-28.852,1140.0363],[152.0151,-28.8506,1128.7249],[152.0183,-28.8458,1113.8953],[152.0171,-28.8385,1097.951],[152.0201,-28.8379,1105.0234],[152.0232,-28.8316,1103.3535],[152.028,-28.8324,1097.9324],[152.0327,-28.829,1086.0123],[152.0373,-28.8192,1117.4619],[152.0355,-28.8162,1110.7094],[152.0365,-28.8129,1090.3616],[152.0355,-28.8071,1073.546],[152.0383,-28.797,1052.4846],[152.0347,-28.7907,1056.1382],[152.0398,-28.785,1034.1345],[152.0417,-28.7786,1026.2068],[152.0369,-28.7761,1021.3507],[152.0387,-28.7648,1016.6953],[152.0363,-28.757,1009.286],[152.041,-28.7537,1021.3391],[152.0416,-28.7463,1012.1551],[152.0438,-28.7461,996.808],[152.0477,-28.7403,988.8706],[152.0463,-28.7342,998.552],[152.0427,-28.7316,1003.8662],[152.0539,-28.7254,975.848],[152.0621,-28.7182,1004.5176],[152.0712,-28.7149,1004.6088],[152.076,-28.7082,1025.802],[152.0661,-28.6975,1011.7882],[152.0646,-28.6906,1078.6476],[152.068,-28.6849,1064.6279],[152.0664,-28.681,1009.9255],[152.062,-28.6791,1017.9985],[152.0526,-28.6819,1016.1265],[152.0445,-28.6729,1008.4135],[152.0458,-28.6706,996.5509],[152.045,-28.6682,1000.1708],[152.0392,-28.6644,970.6227],[152.0315,-28.6662,965.1692],[152.0205,-28.6638,972.2981],[152.0139,-28.6658,980.1837],[152.0102,-28.665,973.0159],[152.0114,-28.6618,976.8803],[152.0058,-28.6513,951.396],[152.002,-28.6501,962.5888],[152.0018,-28.6399,920.2706],[151.9908,-28.6244,900.5861],[151.9939,-28.6113,909.3629],[151.9891,-28.6038,919.0898],[151.9918,-28.5947,910.7049],[151.9884,-28.5918,909.1326],[151.986,-28.5815,920.9911],[151.9764,-28.573,924.4199],[151.9678,-28.5718,927.1349],[151.965,-28.5674,934.1364],[151.9608,-28.5666,937.0474],[151.9577,-28.5634,929.5222],[151.9585,-28.5568,930.2411],[151.9547,-28.5516,939.4435],[151.9571,-28.5438,921.3459],[151.9539,-28.5399,921.7783],[151.9554,-28.5325,928.7063],[151.9587,-28.5272,930.2007],[151.9569,-28.5254,925.8118],[151.9556,-28.5189,927.7643],[151.9583,-28.5162,932.7004],[151.9648,-28.5145,934.2262],[151.9731,-28.5076,944.9082],[151.9736,-28.5053,930.2261],[151.9785,-28.5032,937.4539],[151.9829,-28.5034,939.887],[151.9859,-28.5098,950.3414],[151.9844,-28.5165,930.2482],[151.989,-28.5256,941.0188],[151.9921,-28.5247,934.4492],[151.9951,-28.5268,912.2546],[151.9996,-28.5272,884.0613],[151.9995,-28.5285,881.0264],[152.0169,-28.5253,896.9938],[152.0201,-28.521,903.1367],[152.019,-28.5178,914.5718],[152.0243,-28.5131,905.7542],[152.027,-28.5129,893.108],[152.0359,-28.5073,882.5654],[152.0457,-28.495,927.9532],[152.0554,-28.49,925.4377],[152.0596,-28.4907,916.7182],[152.067,-28.4856,925.2046],[152.0669,-28.4793,926.0944],[152.0702,-28.468,933.6161],[152.0727,-28.4689,945.8821],[152.0747,-28.4677,925.9736],[152.0761,-28.4696,957.2145],[152.0796,-28.4702,953.8103],[152.0847,-28.4676,945.3934],[152.0877,-28.4694,938.2932],[152.0941,-28.469,880.4996],[152.0962,-28.4659,898.5537],[152.1015,-28.4648,860.2551],[152.1028,-28.463,865.5491],[152.1115,-28.4639,830.0691],[152.1211,-28.4627,710.331],[152.1279,-28.4537,679.3038],[152.1352,-28.4521,648.1095],[152.142,-28.4422,571.7395],[152.1466,-28.4391,567.3073],[152.1546,-28.4379,562.5075],[152.1567,-28.4344,560.9823],[152.1605,-28.4331,570.029],[152.1649,-28.4326,575.1434],[152.1683,-28.4344,559.7245],[152.1747,-28.4348,557.7241],[152.1845,-28.4389,588.6092],[152.1903,-28.4339,579.6259],[152.2047,-28.4382,589.7148],[152.2073,-28.4454,614.6328],[152.2139,-28.4461,604.8835],[152.2172,-28.4492,607.9314],[152.2217,-28.4449,588.2562],[152.222,-28.442,596.3786],[152.2256,-28.4372,616.073],[152.2285,-28.437,610.8344],[152.2306,-28.4298,581.4384],[152.2379,-28.4234,582.3897],[152.2393,-28.4176,617.6085],[152.2522,-28.4104,609.4629],[152.2525,-28.4074,612.1534],[152.2607,-28.4004,639.1778],[152.2676,-28.39,660.769],[152.2771,-28.393,632.7006],[152.2884,-28.3932,765.9025],[152.2907,-28.3825,736.51],[152.3022,-28.3746,748.874],[152.3001,-28.3743,816.9918],[152.3021,-28.3727,796.2153],[152.3049,-28.372,750.3314],[152.3097,-28.3632,715.071],[152.3135,-28.3631,677.9393],[152.3208,-28.3672,640.3613],[152.3269,-28.3666,660.1541],[152.3313,-28.3681,727.7758],[152.3361,-28.3664,890.6222],[152.3416,-28.3679,882.2802],[152.3559,-28.3612,893.441],[152.3648,-28.3661,945.342],[152.3774,-28.3658,956.5312],[152.3862,-28.3686,981.8303],[152.3931,-28.3605,972.5491],[152.4001,-28.3476,1023.9344],[152.4095,-28.3417,1081.353],[152.4173,-28.3331,1061.1077],[152.4172,-28.3301,1071.8198],[152.4112,-28.3211,956.4922],[152.4095,-28.3157,1002.5626],[152.4107,-28.3102,980.822],[152.4135,-28.3074,999.9723],[152.4128,-28.3019,1056.249],[152.4146,-28.2981,1079.1948],[152.4172,-28.2968,1112.0073],[152.4243,-28.2994,1052.9189],[152.428,-28.2977,1035.8101],[152.4448,-28.2988,1059.9303],[152.4429,-28.2904,863.3204],[152.4481,-28.2812,870.1405],[152.455,-28.2778,779.8947],[152.4579,-28.2724,748.1012],[152.4615,-28.2696,738.7953],[152.46,-28.2645,735.5149],[152.4636,-28.2594,745.2346],[152.4715,-28.257,796.6918],[152.4819,-28.258,884.6345],[152.488,-28.2537,1134.7999],[152.4977,-28.2538,811.4016],[152.5085,-28.2492,778.663],[152.5157,-28.2518,750.4744],[152.5161,-28.2568,792.7562],[152.5187,-28.2568,798.8884],[152.5221,-28.261,774.0318],[152.5342,-28.2626,684.2568],[152.5368,-28.2664,653.8273],[152.5329,-28.2724,718.3862],[152.5332,-28.2792,665.2557],[152.5292,-28.2862,651.1445],[152.5292,-28.2977,752.1582],[152.5252,-28.3019,1043.6188],[152.5259,-28.3062,1120.6514],[152.5391,-28.3116,806.5661],[152.5414,-28.3133,759.3092],[152.5435,-28.3185,669.9272],[152.5481,-28.321,650.374],[152.5516,-28.3204,641.6903],[152.5553,-28.3168,656.8867],[152.5564,-28.3234,640.5784],[152.5686,-28.3236,619.0765],[152.5725,-28.3262,609.8234],[152.5744,-28.3334,684.0724],[152.5792,-28.339,698.3148],[152.583,-28.3346,664.7143],[152.5851,-28.3292,686.8875],[152.5923,-28.3242,668.0125],[152.5939,-28.3201,690.4359],[152.5968,-28.318,681.3591],[152.5972,-28.3131,654.3396],[152.6017,-28.3074,821.6086],[152.598,-28.292,816.7993],[152.6003,-28.2838,874.6858],[152.6145,-28.2696,1275.8654],[152.6177,-28.2776,1186.5685],[152.6176,-28.283,1257.8779],[152.621,-28.2842,1175.3303],[152.623,-28.2874,1133.5146],[152.6228,-28.2944,1020.9556],[152.6245,-28.2982,950.3427],[152.6279,-28.303,856.6738],[152.6344,-28.3062,885.1598],[152.6383,-28.311,877.4496],[152.6481,-28.3133,965.2491],[152.6561,-28.3097,988.069],[152.6672,-28.3118,903.391],[152.6734,-28.3178,856.5882],[152.6736,-28.326,753.9274],[152.6793,-28.3304,668.868],[152.6864,-28.3291,674.8516],[152.6886,-28.3347,562.8274],[152.6924,-28.3367,483.2176],[152.6993,-28.3355,492.8964],[152.7048,-28.3391,477.926],[152.7074,-28.3437,509.9554],[152.7127,-28.3415,719.8926],[152.7201,-28.3451,917.9996],[152.7229,-28.3441,1047.4722],[152.7304,-28.3525,568.6175],[152.7368,-28.3548,508.5256],[152.741,-28.3601,499.0343],[152.7475,-28.3611,492.3124],[152.7511,-28.3639,536.175],[152.7581,-28.3629,763.3565],[152.7617,-28.3597,730.1948],[152.7625,-28.3577,639.7476],[152.7588,-28.3546,510.4816],[152.7603,-28.3522,512.2563],[152.7755,-28.3466,661.9044],[152.7825,-28.3475,677.2416],[152.7874,-28.3516,669.6169],[152.7935,-28.354,656.4299],[152.8042,-28.3536,755.0381],[152.8085,-28.3502,783.092],[152.8078,-28.345,631.3408],[152.8089,-28.3428,604.8254],[152.8175,-28.336,716.9279],[152.8234,-28.3353,756.7401],[152.8242,-28.3288,764.8316],[152.8311,-28.3203,766.0141],[152.8345,-28.32,764.5884],[152.839,-28.3221,721.0216],[152.8417,-28.321,704.2219],[152.8476,-28.3158,742.2746],[152.8496,-28.3112,696.5125],[152.8663,-28.313,682.3829],[152.8759,-28.3122,688.7855],[152.88,-28.3096,691.8738],[152.8825,-28.3125,695.2199],[152.8934,-28.3178,585.8569],[152.8995,-28.3252,599.9063],[152.909,-28.3266,550.8247],[152.9152,-28.3302,600.3451],[152.9236,-28.3318,544.1237],[152.9339,-28.3383,693.9539],[152.9413,-28.3345,685.0657],[152.9454,-28.3356,656.5018],[152.9635,-28.3319,418.9197],[152.9726,-28.3319,381.0667],[152.9784,-28.3338,438.4932],[152.9837,-28.3382,670.4963],[152.9892,-28.3367,787.6206],[152.9962,-28.34,750.0835],[153.0082,-28.3417,766.5802],[153.0211,-28.3386,757.4727],[153.0385,-28.3432,786.8698],[153.0461,-28.3395,807.4302],[153.049,-28.3421,836.608],[153.0514,-28.3412,811.456],[153.0537,-28.3431,809.0859],[153.0653,-28.3442,861.5563],[153.0746,-28.3523,961.6316],[153.0805,-28.3542,935.5283],[153.0896,-28.3535,953.5758],[153.1013,-28.3578,999.5109],[153.1088,-28.3575,1021.0436],[153.1129,-28.3538,940.997],[153.1169,-28.343,923.5385],[153.1242,-28.3398,920.4733],[153.1299,-28.3307,968.3051],[153.1241,-28.3227,1027.7148],[153.1247,-28.3186,1043.6517],[153.1333,-28.3168,978.0992],[153.1355,-28.312,1035.9397],[153.1434,-28.312,1016.3422],[153.1427,-28.3053,987.9554],[153.1523,-28.3019,923.5951],[153.1548,-28.2957,1131.1658],[153.1641,-28.2977,1074.5806],[153.1685,-28.2942,1095.9421],[153.1688,-28.2926,1048.8495],[153.1654,-28.2888,1011.2845],[153.1656,-28.2847,1082.8364],[153.1611,-28.2798,1116.9897],[153.1749,-28.2748,1044.9535],[153.1717,-28.2605,1167.6318],[153.1781,-28.2475,1118.9474],[153.1864,-28.2468,1135.1799],[153.1981,-28.2563,960.6691],[153.2076,-28.2534,1140.3802],[153.217,-28.2621,894.9691],[153.2316,-28.2652,486.2336],[153.2345,-28.2629,447.6153],[153.2371,-28.2544,395.4897],[153.2439,-28.2475,765.0154],[153.2496,-28.2477,717.8446],[153.2641,-28.2435,940.402],[153.2691,-28.2386,999.1312],[153.2744,-28.2381,779.5201],[153.2789,-28.2336,936.5386],[153.2866,-28.2352,934.36],[153.2958,-28.2339,859.4949],[153.3042,-28.2397,536.748],[153.3118,-28.2375,448.891],[153.3167,-28.2387,550.7887],[153.3242,-28.2365,534.6821],[153.3302,-28.2371,609.2289],[153.3317,-28.2454,475.4033],[153.3352,-28.2484,487.9244],[153.3396,-28.2503,520.4647],[153.3462,-28.2482,455.0756],[153.3568,-28.2496,290.4456],[153.3697,-28.2452,454.6649],[153.3823,-28.2375,372.9304],[153.3895,-28.2349,396.3392],[153.3904,-28.2289,436.4649],[153.4066,-28.2104,140.6064],[153.4145,-28.2081,93.9872],[153.4192,-28.1997,138.3569],[153.4249,-28.1975,174.4771],[153.4356,-28.1872,142.5822],[153.4571,-28.1805,73.0368],[153.4592,-28.1781,101.1324],[153.4587,-28.1752,111.9688],[153.4667,-28.1646,82.0691],[153.4685,-28.1625,60.0402],[153.4725,-28.162,41.4126],[153.4769,-28.157,39.2017],[153.4826,-28.1584,58.179],[153.4859,-28.157,83.1857],[153.5346,-28.1776,40.2276],[153.5415,-28.169,9.6112],[153.5457,-28.1672,6.4958]],
[[152.5352,-25.0875,2.6281],[152.5355,-25.0878,2.1654],[152.535,-25.0886,2.7393],[152.5342,-25.0884,2.7393],[152.5337,-25.0896,3.4734],[152.5341,-25.0883,2.7393],[152.5353,-25.0881,2.7393],[152.5352,-25.0875,2.6281]],
[[152.64724285714286,-25.233528571428572,5.6086],[152.6473,-25.2337,5.6086],[152.64726712328766,-25.233686301369861,5.6086],[152.64724285714286,-25.233528571428572,5.6086]],
[[152.64726712328766,-25.233686301369861,5.6086],[152.6473,-25.2339,5.6086],[152.646,-25.2333,2.7372],[152.6455,-25.2319,2.0433],[152.6458,-25.2319,2.0433],[152.6462,-25.2323,2.0433],[152.6461,-25.2332,2.7372],[152.64726712328766,-25.233686301369861,5.6086]],
[[151.4682,-24.0326,2.3996],[151.4692,-24.0316,2.3996],[151.4695,-24.0321,3.0208],[151.4682,-24.0326,2.3996]]],
[[[148.3614,-19.9851,6.5816],[148.3697,-19.9843,8.7803],[148.3673,-19.9816,0.0],[148.364,-19.9814,0.0],[148.3603,-19.9823,0.0],[148.3614,-19.9851,6.5816]]],
[[[148.5603,-19.9902,16.6526],[148.5594,-19.9888,0.0],[148.5568,-19.9915,21.644],[148.5542,-19.9973,7.3761],[148.5573,-19.9948,15.2067],[148.5603,-19.9902,16.6526]]],
[[[148.2841,-20.0407,6.2439],[148.2896,-20.0391,9.1591],[148.291,-20.0367,0.8961],[148.294,-20.037,0.0],[148.2946,-20.0333,0.0],[148.2938,-20.0317,4.4215],[148.2902,-20.0337,3.2181],[148.2829,-20.0328,0.0],[148.2818,-20.03,3.5415],[148.2851,-20.0262,0.0],[148.279,-20.029,0.8267],[148.2775,-20.0368,0.0],[148.2777,-20.038,0.0],[148.2814,-20.0373,1.9567],[148.2841,-20.0407,6.2439]]],
[[[148.6259,-20.0189,10.039],[148.6271,-20.0194,10.039],[148.6267,-20.015,9.8875],[148.6248,-20.0143,0.0],[148.6248,-20.0154,18.0435],[148.6259,-20.0189,10.039]]],
[[[148.477,-19.9986,0.0],[148.4674,-19.9959,0.0],[148.4692,-19.9936,4.6949],[148.4661,-19.9926,9.0965],[148.4648,-19.9871,48.7645],[148.456,-19.9733,78.0626],[148.4514,-19.9718,22.2822],[148.4464,-19.973,3.6611],[148.4418,-19.9786,4.9215],[148.4399,-19.9836,0.0],[148.4397,-19.9952,0.0],[148.4441,-20.002,5.0482],[148.4444,-20.0069,3.4907],[148.4388,-20.0154,6.0915],[148.438,-20.0211,14.5116],[148.447,-20.0356,18.4674],[148.4473,-20.0394,14.1381],[148.4445,-20.0444,5.581],[148.4503,-20.0465,3.1515],[148.4573,-20.0518,0.0],[148.4594,-20.0505,18.9429],[148.4681,-20.052,0.0],[148.4747,-20.0497,7.068],[148.476,-20.0466,0.0],[148.4765,-20.0257,0.0],[148.4744,-20.0224,0.6147],[148.4755,-20.0141,4.5778],[148.4777,-20.0131,0.0],[148.4788,-20.0098,0.0],[148.4765,-20.0036,0.0],[148.4785,-20.0018,0.0],[148.477,-19.9986,0.0]]],
[[[148.297,-20.0824,0.0],[148.2994,-20.0819,0.0],[148.2997,-20.0807,0.0],[148.2985,-20.0803,0.0],[148.297,-20.0824,0.0]]],
[[[149.161,-20.2344,0.0],[149.16,-20.2356,11.8148],[149.1612,-20.2362,0.0],[149.1615,-20.236,0.0],[149.161,-20.2344,0.0]]],
[[[149.1421,-20.2317,0.0],[149.1418,-20.2338,0.0],[149.1424,-20.2341,0.0],[149.143,-20.2318,0.0],[149.1421,-20.2317,0.0]]],
[[[149.0419,-20.2332,5.9852],[149.0448,-20.2311,0.0],[149.0399,-20.2311,0.0],[149.0394,-20.2341,14.5949],[149.0419,-20.2332,5.9852]]],
[[[149.1429,-20.2261,0.0],[149.1417,-20.2265,0.0],[149.1428,-20.2276,4.8948],[149.1434,-20.2274,4.8948],[149.1429,-20.2261,0.0]]],
[[[149.1154,-20.1973,0.0],[149.116,-20.1968,0.0],[149.1158,-20.196,0.0],[149.1146,-20.1964,0.0],[149.1154,-20.1973,0.0]]],
[[[148.3177,-20.1027,0.0],[148.3146,-20.1004,0.9779],[148.3105,-20.1046,0.0],[148.3149,-20.1045,0.6085],[148.3177,-20.1027,0.0]]],
[[[148.7094,-20.111,2.5916],[148.7103,-20.1073,6.9608],[148.7099,-20.1049,0.0],[148.7079,-20.1071,0.0],[148.7094,-20.111,2.5916]]],
[[[148.5811,-20.1442,0.0],[148.5799,-20.1457,0.0],[148.5799,-20.1458,0.0],[148.5813,-20.1449,0.0],[148.5811,-20.1442,0.0]]],
[[[148.6008,-20.1479,0.0],[148.6006,-20.1529,8.0657],[148.6051,-20.148,1.1185],[148.6115,-20.1482,6.3264],[148.6138,-20.1516,2.9426],[148.6141,-20.1489,13.0923],[148.6118,-20.1454,11.1706],[148.6128,-20.1384,24.7521],[148.6114,-20.137,0.0],[148.6066,-20.138,2.9355],[148.6008,-20.1479,0.0]]],
[[[149.0101,-20.1715,0.0],[149.0052,-20.1737,4.4913],[149.0053,-20.1749,0.0],[149.0074,-20.1763,0.0],[149.0101,-20.1715,0.0]]],
[[[149.0741,-20.1593,14.5811],[149.0732,-20.1564,15.0078],[149.0707,-20.1571,0.0],[149.0739,-20.1615,0.0],[149.0741,-20.1593,14.5811]]],
[[[149.0398,-20.1748,21.5542],[149.0377,-20.1726,0.0],[149.0366,-20.1649,52.3199],[149.0384,-20.1634,18.5152],[149.0386,-20.1604,28.4373],[149.0417,-20.1599,0.0],[149.0442,-20.1559,22.568],[149.0412,-20.1516,45.4707],[149.0369,-20.1509,0.0],[149.0363,-20.1594,3.6222],[149.0324,-20.1582,28.6829],[149.0299,-20.1554,4.5609],[149.0218,-20.1562,0.0],[149.0207,-20.1628,9.225],[149.0257,-20.1622,14.8194],[149.0285,-20.1637,8.6237],[149.0285,-20.1661,0.0],[149.0361,-20.1744,3.2062],[149.0387,-20.1829,9.3911],[149.04,-20.1782,44.1108],[149.0427,-20.1768,31.6004],[149.0398,-20.1748,21.5542]]],
[[[148.9631,-20.0693,44.0138],[148.9682,-20.0702,9.5742],[148.9679,-20.0677,0.0],[148.9594,-20.0598,0.0],[148.9573,-20.0616,62.7472],[148.9537,-20.0619,19.0897],[148.9507,-20.0658,1.6436],[148.9473,-20.0662,2.7459],[148.9458,-20.0642,4.0032],[148.9427,-20.0638,27.1474],[148.9398,-20.0693,0.0],[148.9334,-20.0689,18.7232],[148.9298,-20.0764,10.7251],[148.928,-20.0752,5.7709],[148.9279,-20.073,6.5932],[148.9267,-20.0733,6.5932],[148.9264,-20.0817,33.9774],[148.9197,-20.0725,80.9018],[148.9227,-20.0621,0.0],[148.9179,-20.0649,67.4323],[148.9146,-20.0649,41.4132],[148.9113,-20.0692,1.2622],[148.9068,-20.0713,10.157],[148.9022,-20.0796,3.9418],[148.9068,-20.0876,15.6941],[148.9119,-20.0881,27.2898],[148.9107,-20.0937,8.2451],[148.9069,-20.0979,16.7308],[148.9116,-20.1004,2.4969],[148.9041,-20.1099,63.1305],[148.8988,-20.1072,9.4572],[148.8945,-20.1109,5.4061],[148.8893,-20.1114,56.1973],[148.8878,-20.1201,77.0381],[148.8843,-20.1227,2.2511],[148.8886,-20.129,14.5533],[148.8869,-20.1289,0.0],[148.8853,-20.131,11.4517],[148.8861,-20.1331,0.0],[148.8846,-20.1385,0.0],[148.886,-20.1422,0.0],[148.8817,-20.1616,2.2535],[148.8854,-20.1587,5.2782],[148.8872,-20.1619,39.1905],[148.8876,-20.1692,2.7124],[148.8915,-20.1649,0.0],[148.8923,-20.1613,12.1066],[148.8966,-20.1593,84.4897],[148.8999,-20.1524,4.8988],[148.8988,-20.1505,24.4077],[148.9007,-20.1512,10.7996],[148.9024,-20.1498,17.2902],[148.9,-20.1456,22.6913],[148.9001,-20.1395,25.9207],[148.9028,-20.138,4.9353],[148.9052,-20.1432,0.0],[148.908,-20.1398,3.5189],[148.9132,-20.1255,63.9527],[148.9156,-20.1234,14.516],[148.9152,-20.1372,12.2282],[148.9135,-20.1391,0.0],[148.9115,-20.1491,0.0],[148.9085,-20.1511,0.0],[148.9066,-20.1612,41.7727],[148.9038,-20.1626,0.0],[148.9022,-20.1661,0.0],[148.905,-20.1649,12.3868],[148.915,-20.1742,12.4506],[148.914,-20.169,9.1044],[148.9193,-20.1623,75.4489],[148.918,-20.1575,9.5235],[148.9205,-20.1552,26.6709],[148.9205,-20.1452,33.126],[148.9238,-20.139,20.4363],[148.93,-20.1328,21.077],[148.9316,-20.138,0.3343],[148.9295,-20.1423,0.0],[148.9317,-20.1469,0.0],[148.9295,-20.1487,0.0],[148.9298,-20.152,0.0],[148.9343,-20.1549,0.0],[148.9345,-20.1576,16.3085],[148.9321,-20.1612,0.0],[148.9283,-20.1618,30.1344],[148.9263,-20.1695,31.9591],[148.9315,-20.1783,0.0],[148.9427,-20.1649,1.3547],[148.9438,-20.1604,23.8516],[148.9459,-20.1581,4.2278],[148.9513,-20.1565,3.8347],[148.9504,-20.1548,29.4363],[148.9458,-20.1533,34.7867],[148.9456,-20.1465,20.8053],[148.9437,-20.1438,22.6117],[148.9463,-20.1393,39.9043],[148.944,-20.1266,54.0098],[148.9383,-20.1206,73.9544],[148.9423,-20.1134,24.8254],[148.9379,-20.111,31.1125],[148.9368,-20.1087,11.0044],[148.937,-20.1017,10.9761],[148.9424,-20.1034,15.9336],[148.9454,-20.0937,31.5911],[148.946,-20.0971,3.616],[148.9519,-20.1059,23.3923],[148.9573,-20.1063,0.0],[148.9554,-20.1015,1.2325],[148.9593,-20.0946,0.0],[148.9572,-20.0924,0.0],[148.955,-20.0942,19.9262],[148.95,-20.0925,0.0],[148.9507,-20.0879,0.0],[148.9485,-20.0835,84.0362],[148.9508,-20.0828,7.5925],[148.9515,-20.0803,33.1597],[148.9532,-20.0817,3.4519],[148.9577,-20.0787,0.0],[148.9585,-20.0723,0.0],[148.9573,-20.0706,5.3909],[148.9607,-20.0686,29.1275],[148.9631,-20.0693,44.0138]]],
[[[148.7162,-20.0999,7.0911],[148.7162,-20.104,25.5185],[148.7247,-20.1027,0.0],[148.724,-20.1015,11.3182],[148.7162,-20.0999,7.0911]]],
[[[148.5742,-20.0987,24.0939],[148.5732,-20.0957,0.0],[148.5712,-20.0964,3.0927],[148.5696,-20.1037,0.0],[148.5755,-20.1036,3.1862],[148.5761,-20.1016,27.224],[148.5742,-20.0987,24.0939]]],
[[[148.6549,-20.0935,0.0],[148.652,-20.0929,0.0],[148.6455,-20.1003,13.3588],[148.648,-20.1028,2.4485],[148.6478,-20.1054,1.543],[148.6531,-20.1059,3.0582],[148.6549,-20.0935,0.0]]],
[[[148.6036,-20.097,10.8125],[148.6044,-20.0992,6.4039],[148.6079,-20.0973,8.632],[148.61,-20.099,3.6566],[148.6126,-20.0942,12.4159],[148.6088,-20.0932,20.4104],[148.6036,-20.097,10.8125]]],
[[[148.8926,-20.083,4.7031],[148.8915,-20.0824,2.2263],[148.8922,-20.0849,0.3635],[148.8926,-20.0845,4.7031],[148.8926,-20.083,4.7031]]],
[[[148.5391,-20.0589,0.0],[148.5371,-20.0601,0.0],[148.5367,-20.066,1.1293],[148.538,-20.0644,23.7742],[148.5451,-20.0634,11.7327],[148.5422,-20.0601,14.5402],[148.5457,-20.0595,0.0],[148.5451,-20.0578,12.8235],[148.5418,-20.0565,16.6716],[148.5391,-20.0589,0.0]]],
[[[148.8712,-20.0792,15.5134],[148.8731,-20.0805,6.0235],[148.8745,-20.0804,6.0235],[148.8734,-20.0786,6.2792],[148.8712,-20.0792,15.5134]]],
[[[148.8745,-20.0596,7.253],[148.8736,-20.0585,7.8069],[148.8728,-20.0586,7.8069],[148.8731,-20.0606,7.253],[148.8745,-20.0596,7.253]]],
[[[148.8952,-20.062,12.3823],[148.898,-20.0523,0.0],[148.8964,-20.0471,50.1477],[148.8926,-20.0432,31.2415],[148.8884,-20.0432,18.8557],[148.886,-20.0379,3.7985],[148.881,-20.037,14.9497],[148.8824,-20.0415,0.0],[148.882,-20.0488,12.5654],[148.8787,-20.0494,0.0],[148.8784,-20.0532,0.0],[148.881,-20.0619,0.0],[148.8829,-20.0617,0.0],[148.883,-20.0591,11.6363],[148.8857,-20.0576,7.0234],[148.8952,-20.062,12.3823]]],
[[[147.9047,-19.8484,23.1101],[147.8994,-19.8497,6.1743],[147.898,-19.8528,0.2109],[147.8995,-19.8511,6.1743],[147.9028,-19.8519,3.0485],[147.9047,-19.8484,23.1101]]],
[[[148.3573,-19.725,27.5004],[148.357,-19.7294,1.8837],[148.3641,-19.7295,12.2319],[148.3597,-19.7268,35.0564],[148.3584,-19.7239,0.0],[148.3573,-19.725,27.5004]]],
[[[147.4896,-19.4606,0.0],[147.4894,-19.4607,0.0],[147.4895,-19.4608,0.0],[147.4896,-19.4606,0.0]]],
[[[147.3736,-19.3395,0.0],[147.3708,-19.348,0.0],[147.3688,-19.3509,0.0],[147.3711,-19.3491,0.0],[147.3736,-19.3395,0.0]]],
[[[147.0477,-19.2749,0.0],[147.0498,-19.2743,0.0],[147.0472,-19.2744,3.7232],[147.0467,-19.2754,0.0],[147.0477,-19.2749,0.0]]],
[[[147.0625,-19.2728,0.0],[147.0627,-19.2731,0.0],[147.0636,-19.2731,0.0],[147.0622,-19.2724,0.0],[147.0625,-19.2728,0.0]]],
[[[147.0609,-19.2698,0.0],[147.0608,-19.27,0.0],[147.061,-19.2701,0.0],[147.061,-19.2699,0.0],[147.0609,-19.2698,0.0]]],
[[[147.0714,-19.2576,0.0],[147.0724,-19.258,0.0],[147.0728,-19.2579,0.0],[147.0721,-19.2573,0.0],[147.0714,-19.2576,0.0]]],
[[[147.064,-19.2462,0.0],[147.0626,-19.2456,0.0],[147.0618,-19.2458,0.0],[147.0628,-19.2477,2.8437],[147.064,-19.2462,0.0]]],
[[[147.0616,-19.2458,0.0],[147.0615,-19.246,0.0],[147.0615,-19.2461,0.0],[147.0616,-19.2459,0.0],[147.0616,-19.2458,0.0]]],
[[[146.8643,-19.1035,14.1888],[146.8618,-19.1027,0.0],[146.8636,-19.1058,16.1668],[146.8623,-19.1084,29.0771],[146.8647,-19.1133,29.8353],[146.8642,-19.1155,1.814],[146.8623,-19.1175,35.1203],[146.8625,-19.1169,35.1203],[146.8641,-19.115,1.814],[146.8555,-19.1183,3.9083],[146.8449,-19.1166,1.9224],[146.8405,-19.1139,13.0835],[146.839,-19.1085,10.0378],[146.8325,-19.1048,3.289],[146.8318,-19.1069,33.5233],[146.8283,-19.1085,17.4976],[146.8299,-19.1103,28.5236],[146.827,-19.114,0.0],[146.8232,-19.1138,7.6112],[146.8191,-19.1166,69.0825],[146.816,-19.1157,1.3898],[146.8155,-19.1175,2.559],[146.8084,-19.1169,7.4313],[146.8058,-19.1183,15.0801],[146.7977,-19.1138,6.4044],[146.7914,-19.1159,5.077],[146.79,-19.1151,0.0],[146.7872,-19.1217,11.6184],[146.7813,-19.1238,0.0],[146.779,-19.1292,0.0],[146.7823,-19.134,3.7269],[146.7899,-19.1359,2.9788],[146.7926,-19.1388,5.2131],[146.7962,-19.149,0.0],[146.8012,-19.1519,3.596],[146.8004,-19.1527,0.0],[146.8042,-19.1613,0.0],[146.8235,-19.1706,3.9279],[146.8361,-19.1815,0.0],[146.8417,-19.1783,3.29],[146.8461,-19.1818,0.0],[146.8484,-19.1799,2.1592],[146.845,-19.1745,15.5155],[146.8508,-19.1601,5.7898],[146.8558,-19.1624,0.0],[146.8601,-19.155,63.7327],[146.866,-19.1506,4.2505],[146.8678,-19.1504,3.1967],[146.871,-19.1544,7.8244],[146.8728,-19.153,0.0],[146.8719,-19.15,5.3322],[146.869,-19.1484,11.551],[146.8738,-19.146,1.6874],[146.871,-19.1429,31.9957],[146.8743,-19.1411,38.4765],[146.874,-19.1346,31.5534],[146.8763,-19.1318,33.2005],[146.876,-19.1291,16.39],[146.8835,-19.1269,4.3411],[146.8775,-19.1231,11.6774],[146.8791,-19.1208,11.3029],[146.8834,-19.1214,0.0],[146.8797,-19.116,5.5032],[146.8835,-19.1143,5.1143],[146.883,-19.1116,2.1443],[146.8771,-19.1104,6.1382],[146.8769,-19.1125,22.1698],[146.875,-19.1131,6.2298],[146.8718,-19.1095,0.0],[146.8694,-19.111,13.7695],[146.8682,-19.1049,48.8846],[146.8643,-19.1035,14.1888]]],
[[[146.6325,-18.9629,0.0],[146.6361,-18.9652,0.0],[146.6413,-18.9645,24.1517],[146.6432,-18.9621,0.0],[146.6414,-18.9608,7.156],[146.6325,-18.9629,0.0]]],
[[[146.5352,-18.8328,2.5839],[146.5323,-18.8357,0.0],[146.5387,-18.8417,12.5187],[146.5499,-18.8485,0.0],[146.551,-18.8454,7.3733],[146.5501,-18.8392,0.0],[146.5433,-18.8376,1.4491],[146.5372,-18.8323,0.0],[146.5352,-18.8328,2.5839]]],
[[[146.5276,-18.829,0.0],[146.5271,-18.8268,4.6877],[146.5251,-18.8273,0.0],[146.525,-18.828,0.0],[146.5276,-18.829,0.0]]],
[[[146.6158,-19.0272,0.8343],[146.6148,-19.0252,0.603],[146.6138,-19.0286,15.6196],[146.6087,-19.0312,2.203],[146.6001,-19.0301,11.1274],[146.5981,-19.0353,0.0],[146.6006,-19.0354,0.7492],[146.6023,-19.0374,8.6446],[146.6091,-19.0348,10.5794],[146.6165,-19.037,2.4001],[146.6215,-19.0317,1.2094],[146.6204,-19.0284,5.511],[146.6171,-19.0289,13.3585],[146.6158,-19.0272,0.8343]]],
[[[146.6357,-19.0235,23.1318],[146.6324,-19.0229,0.0],[146.6336,-19.0266,0.0],[146.6292,-19.0332,0.0],[146.6431,-19.032,0.0],[146.6355,-19.0288,11.786],[146.6357,-19.0235,23.1318]]],
[[[146.5408,-18.7819,39.6393],[146.539,-18.7788,7.0178],[146.5358,-18.7782,2.0471],[146.5424,-18.7883,0.4722],[146.5484,-18.7885,0.0],[146.5421,-18.7838,20.0579],[146.5408,-18.7819,39.6393]]],
[[[146.5205,-18.7667,31.2547],[146.5174,-18.7652,4.4073],[146.5159,-18.7661,0.0],[146.5166,-18.7708,11.3921],[146.5202,-18.7736,1.8835],[146.5223,-18.7713,1.7544],[146.5205,-18.7667,31.2547]]],
[[[146.5548,-18.7728,24.9673],[146.5535,-18.7701,5.756],[146.549,-18.7688,0.4815],[146.5535,-18.7734,0.0],[146.5548,-18.7728,24.9673]]],
[[[146.5325,-18.766,1.2226],[146.5288,-18.7647,0.0],[146.531,-18.7691,36.5303],[146.5364,-18.7732,0.687],[146.5345,-18.7681,35.2111],[146.5325,-18.766,1.2226]]],
[[[146.6656,-18.7785,0.0],[146.6676,-18.7777,5.4794],[146.6684,-18.7757,0.0],[146.665,-18.7773,6.244],[146.6656,-18.7785,0.0]]],
[[[146.4904,-18.5533,10.0523],[146.489,-18.5578,16.3717],[146.4948,-18.5627,46.0578],[146.5004,-18.5633,0.0],[146.505,-18.5555,0.0],[146.5033,-18.5443,0.0],[146.4964,-18.5378,0.0],[146.4901,-18.5397,51.5911],[146.4885,-18.5461,13.8815],[146.4904,-18.5533,10.0523]]],
[[[146.5002,-18.6083,0.0],[146.5031,-18.6053,0.0],[146.5028,-18.6019,1.6544],[146.5045,-18.6006,0.0],[146.4974,-18.5916,10.1086],[146.4972,-18.5817,0.0],[146.4924,-18.5727,2.0292],[146.4843,-18.5674,6.0746],[146.4833,-18.5694,0.0],[146.4858,-18.5766,54.0911],[146.481,-18.5824,7.6045],[146.4813,-18.5854,0.0],[146.484,-18.5926,32.0762],[146.4882,-18.594,0.6218],[146.4909,-18.593,0.0],[146.4937,-18.5949,0.0],[146.4947,-18.5989,29.965699999999998],[146.4892,-18.6018,11.9946],[146.4912,-18.6102,2.3901],[146.4901,-18.6128,1.818],[146.4834,-18.6134,0.0],[146.486,-18.618,44.9588],[146.4897,-18.622,2.3371],[146.4922,-18.6225,18.8858],[146.4934,-18.6261,0.0],[146.498,-18.6295,64.9963],[146.5001,-18.6336,5.2491],[146.498,-18.6398,16.568],[146.4913,-18.6438,0.0],[146.4924,-18.6482,3.9217],[146.4903,-18.6507,3.5033],[146.487,-18.6501,11.5049],[146.4896,-18.6587,1.176],[146.4894,-18.6675,12.3204],[146.4931,-18.6661,20.9158],[146.4933,-18.663,12.9452],[146.4992,-18.6605,5.3689],[146.5041,-18.6539,6.4832],[146.503,-18.6512,0.0],[146.5049,-18.6442,0.0],[146.5041,-18.6398,8.3444],[146.5069,-18.6383,0.0],[146.5046,-18.6279,38.0581],[146.5079,-18.6263,11.5807],[146.5081,-18.6228,24.9904],[146.5002,-18.6123,0.4886],[146.5002,-18.6083,0.0]]],
[[[146.2363,-18.4969,3.9425],[146.2369,-18.4981,4.2922],[146.2381,-18.4986,4.2922],[146.2382,-18.4973,1.2528],[146.2363,-18.4969,3.9425]]],
[[[146.5935,-18.6889,4.6789],[146.5964,-18.6848,7.7496],[146.595,-18.6825,7.9621],[146.5932,-18.6816,26.2968],[146.5889,-18.6848,43.3632],[146.5833,-18.6849,24.7489],[146.5786,-18.6817,18.9052],[146.5772,-18.6772,4.9218],[146.5724,-18.6776,29.5757],[146.5717,-18.6818,0.0],[146.5796,-18.6904,0.0],[146.58,-18.6967,0.0],[146.5862,-18.7073,0.0],[146.5861,-18.7098,0.0],[146.5891,-18.712,1.7326],[146.5874,-18.7156,1.7087],[146.5836,-18.7169,5.2472],[146.5783,-18.7252,15.6368],[146.5752,-18.7415,5.4404],[146.577,-18.7499,5.1183],[146.5717,-18.7515,20.7425],[146.5669,-18.7505,13.0355],[146.57,-18.756,33.3243],[146.5683,-18.7601,20.667],[146.5695,-18.7641,3.8095],[146.5821,-18.7717,2.2719],[146.5798,-18.7653,13.5155],[146.585,-18.7621,0.8892],[146.5871,-18.7585,2.1647],[146.5948,-18.7579,25.4052],[146.6044,-18.7614,0.0],[146.6099,-18.758,0.0],[146.6168,-18.7649,0.0],[146.6182,-18.7616,0.0],[146.6222,-18.7605,4.3828],[146.6328,-18.7626,9.9723],[146.6371,-18.769,20.381],[146.6454,-18.7766,0.0],[146.6518,-18.7757,22.9758],[146.6586,-18.7727,28.7742],[146.6671,-18.7681,0.0],[146.67,-18.7639,8.2413],[146.6756,-18.7619,7.8543],[146.6785,-18.7657,22.3688],[146.6801,-18.7658,16.5381],[146.6829,-18.7645,52.3649],[146.6841,-18.76,29.9242],[146.6871,-18.7593,35.0609],[146.6879,-18.7572,0.0],[146.6903,-18.7569,2.851],[146.6907,-18.7612,20.3115],[146.6942,-18.7614,5.4556],[146.6937,-18.7557,1.7192],[146.6873,-18.7526,0.0],[146.6891,-18.748,12.8838],[146.6887,-18.7402,12.7497],[146.6853,-18.7382,83.8116],[146.6749,-18.741,0.0],[146.671,-18.7446,95.4367],[146.6608,-18.7483,86.7237],[146.6489,-18.7507,17.5845],[146.6419,-18.7497,41.8111],[146.6349,-18.7403,0.0],[146.635,-18.7285,2.8413],[146.6225,-18.7134,28.5533],[146.6196,-18.7077,0.0],[146.6162,-18.7046,12.5542],[146.5979,-18.6982,53.0032],[146.5939,-18.693,23.7645],[146.5935,-18.6889,4.6789]]],
[[[146.5529,-18.6782,0.0],[146.5523,-18.682,9.1278],[146.5547,-18.6838,0.0],[146.5552,-18.6873,0.0],[146.5578,-18.6876,3.5007],[146.5622,-18.6762,5.9301],[146.5668,-18.673,0.0],[146.5675,-18.6709,17.403199999999998],[146.5495,-18.653,4.9109],[146.5447,-18.6525,0.0],[146.5386,-18.6592,3.8034],[146.5446,-18.6614,0.0],[146.5526,-18.6741,3.1831],[146.5529,-18.6782,0.0]]],
[[[146.5269,-18.6734,7.2457],[146.5252,-18.6667,7.3561],[146.5206,-18.6608,0.0],[146.5156,-18.6601,21.0836],[146.5105,-18.6617,11.1818],[146.5074,-18.6592,0.4247],[146.5058,-18.6598,3.593],[146.512,-18.6655,2.8771],[146.5123,-18.6731,1.8247],[146.5185,-18.6843,0.5375],[146.5086,-18.6975,5.861],[146.5086,-18.7,3.9968],[146.5106,-18.7048,37.6423],[146.517,-18.7102,4.4873],[146.5198,-18.7148,0.0],[146.5222,-18.7136,2.7524],[146.5233,-18.7102,0.0],[146.5226,-18.7053,13.5403],[146.5244,-18.7035,7.9237],[146.5247,-18.6907,0.0],[146.5233,-18.6873,1.3507],[146.5264,-18.6818,41.2911],[146.5255,-18.6771,4.0772],[146.5269,-18.6734,7.2457]]],
[[[149.187,-20.5995,0.0],[149.1857,-20.5987,0.0],[149.1846,-20.5986,0.0],[149.1867,-20.6003,6.9498],[149.187,-20.5995,0.0]]],
[[[148.8821,-20.5942,8.8241],[148.8822,-20.5928,0.0],[148.8785,-20.5906,0.0],[148.8769,-20.5924,1.0643],[148.8777,-20.5961,1.8564],[148.8761,-20.5991,0.0],[148.8797,-20.6004,17.5035],[148.8813,-20.6058,23.4379],[148.8828,-20.6013,55.5076],[148.8807,-20.5961,8.2771],[148.8821,-20.5942,8.8241]]],
[[[148.8659,-20.582,4.8717],[148.862,-20.5786,19.4822],[148.8588,-20.5804,0.6562],[148.8631,-20.5835,0.0],[148.8659,-20.582,4.8717]]],
[[[149.1266,-20.5457,0.0],[149.1259,-20.5486,3.9435],[149.1262,-20.5488,3.9435],[149.1271,-20.5465,3.5862],[149.1266,-20.5457,0.0]]],
[[[149.0862,-20.5348,0.0],[149.088,-20.5337,22.1716],[149.0878,-20.5296,0.0],[149.0863,-20.5317,0.0],[149.0862,-20.5348,0.0]]],
[[[149.1163,-20.5518,1.4745],[149.1183,-20.5422,28.6539],[149.1201,-20.5423,14.614],[149.1221,-20.5458,3.9541],[149.1244,-20.544,0.0],[149.115,-20.5376,0.0],[149.1118,-20.5383,5.9842],[149.1105,-20.5433,2.6024],[149.1065,-20.5456,3.6445],[149.103,-20.5429,0.0],[149.1016,-20.5457,4.8957],[149.0979,-20.5448,1.2536],[149.096,-20.5472,0.0],[149.1001,-20.5501,32.9213],[149.1049,-20.5492,44.834],[149.1077,-20.5516,8.0896],[149.1101,-20.5489,38.5586],[149.1125,-20.5526,15.3774],[149.1163,-20.5518,1.4745]]],
[[[149.1094,-20.5893,31.2721],[149.113,-20.5916,20.4412],[149.1121,-20.5828,0.0],[149.1095,-20.5819,0.0],[149.109,-20.5823,0.0],[149.1094,-20.5893,31.2721]]],
[[[148.8214,-20.5056,0.0],[148.8214,-20.5036,2.217],[148.8173,-20.5035,16.1153],[148.818,-20.5054,1.5987],[148.8214,-20.5056,0.0]]],
[[[149.1328,-20.4816,0.0],[149.1308,-20.4752,60.5833],[149.1309,-20.4706,75.2844],[149.1328,-20.4671,20.1291],[149.1257,-20.4672,9.0968],[149.1246,-20.4642,1.8264],[149.1222,-20.4642,0.0],[149.1207,-20.4694,0.0],[149.1237,-20.4742,24.27],[149.1267,-20.4748,1.3776],[149.1328,-20.4816,0.0]]],
[[[149.0359,-20.472,21.3392],[149.0371,-20.4662,0.0],[149.034,-20.4666,0.0],[149.0319,-20.4735,0.0],[149.0359,-20.472,21.3392]]],
[[[149.1065,-20.4606,0.0],[149.1034,-20.4628,0.0],[149.105,-20.4658,0.0],[149.1099,-20.4621,20.5009],[149.1065,-20.4606,0.0]]],
[[[149.085,-20.5224,6.6023],[149.0875,-20.5256,9.701],[149.0902,-20.5244,22.4515],[149.0897,-20.5221,0.0],[149.0884,-20.5229,7.8645],[149.0835,-20.5201,24.605],[149.0809,-20.515,2.9168],[149.0792,-20.5158,0.0],[149.0808,-20.5256,22.1032],[149.085,-20.5224,6.6023]]],
[[[149.1114,-20.4895,6.5673],[149.1102,-20.486,0.0],[149.1102,-20.4915,0.0],[149.1122,-20.4926,6.0661],[149.1114,-20.4895,6.5673]]],
[[[149.0888,-20.5057,0.0],[149.0882,-20.5066,0.0],[149.0901,-20.5062,0.0],[149.0896,-20.5056,0.0],[149.0888,-20.5057,0.0]]],
[[[149.0892,-20.4177,0.0],[149.0854,-20.4206,1.4948],[149.0815,-20.4281,14.3189],[149.0826,-20.4327,4.9012],[149.0882,-20.4258,79.9022],[149.0912,-20.4258,11.9938],[149.0922,-20.4181,40.0439],[149.0892,-20.4177,0.0]]],
[[[148.8472,-20.4241,5.866],[148.8467,-20.4226,0.0],[148.8423,-20.4232,0.7709],[148.8437,-20.424,0.7709],[148.8472,-20.4241,5.866]]],
[[[148.8502,-20.4265,1.6544],[148.8494,-20.4262,0.0],[148.8489,-20.4265,0.0],[148.8501,-20.427,1.6544],[148.8502,-20.4265,1.6544]]],
[[[149.0276,-20.4259,55.9703],[149.0351,-20.4267,0.6438],[149.0369,-20.4257,16.8932],[149.0366,-20.4235,23.1949],[149.0295,-20.4233,18.6421],[149.0266,-20.4212,0.0],[149.0258,-20.4242,0.0],[149.0276,-20.4259,55.9703]]],
[[[149.0164,-20.4204,0.0],[149.0167,-20.4192,0.0],[149.0159,-20.4192,0.0],[149.0159,-20.4202,0.0],[149.0164,-20.4204,0.0]]],
[[[149.0045,-20.4239,1.3599],[149.0066,-20.4245,5.677],[149.0082,-20.4267,0.0],[149.0075,-20.4221,0.236],[149.0045,-20.4239,1.3599]]],
[[[149.1261,-20.3535,0.0],[149.1269,-20.348,0.0],[149.1254,-20.3462,0.0],[149.1214,-20.3451,0.0],[149.1199,-20.343,0.0],[149.1182,-20.3438,0.0],[149.1163,-20.3533,0.0],[149.1178,-20.3558,0.0],[149.123,-20.3576,0.0],[149.1261,-20.3535,0.0]]],
[[[149.0293,-20.3936,9.7739],[149.0264,-20.3928,0.0],[149.0234,-20.3963,15.8397],[149.0233,-20.3993,17.7069],[149.0243,-20.4013,0.0],[149.0341,-20.4038,6.3409],[149.0358,-20.4023,36.5038],[149.0363,-20.397,17.7157],[149.0293,-20.3936,9.7739]]],
[[[148.8883,-20.3691,2.845],[148.8828,-20.3689,6.9667],[148.8824,-20.3709,9.548],[148.8874,-20.3729,61.482],[148.8878,-20.3767,16.1014],[148.8913,-20.3805,53.5505],[148.8907,-20.3829,13.994],[148.8959,-20.3853,2.6239],[148.8965,-20.3824,15.0044],[148.8935,-20.3814,39.1871],[148.893,-20.3766,32.9015],[148.8883,-20.3691,2.845]]],
[[[148.9974,-20.3566,4.4027],[148.9963,-20.3598,14.3536],[148.9984,-20.3587,0.0],[148.9996,-20.3545,0.0],[148.9979,-20.3546,0.0],[148.9974,-20.3566,4.4027]]],
[[[148.9355,-20.3409,9.5573],[148.9354,-20.3397,9.5573],[148.9302,-20.3393,5.523],[148.9281,-20.3373,2.07],[148.9253,-20.3393,4.4346],[148.9275,-20.3412,17.6078],[148.9267,-20.3459,35.6889],[148.929,-20.3487,11.8268],[148.9264,-20.3534,22.7432],[148.9285,-20.359,22.4249],[148.9281,-20.3695,0.0],[148.9346,-20.3771,9.4069],[148.9373,-20.3775,28.3303],[148.9404,-20.3808,7.5348],[148.9417,-20.3761,0.0],[148.9362,-20.3661,35.6121],[148.9362,-20.3617,49.3229],[148.9381,-20.3581,19.4526],[148.9353,-20.35,15.274],[148.9355,-20.3409,9.5573]]],
[[[148.9945,-20.356,8.3251],[148.9959,-20.3525,0.0],[148.9907,-20.3496,0.0],[148.9891,-20.3566,8.2378],[148.9945,-20.356,8.3251]]],
[[[149.0887,-20.4517,0.0],[149.0893,-20.4488,4.5465],[149.0872,-20.4476,59.3404],[149.0883,-20.4453,85.2926],[149.0871,-20.4434,31.7299],[149.0799,-20.4435,0.0],[149.0818,-20.4416,14.6198],[149.0814,-20.4382,24.0595],[149.0834,-20.4368,14.6248],[149.0833,-20.435,9.5064],[149.0775,-20.439,0.0],[149.0788,-20.4439,0.0],[149.0747,-20.4476,3.5404],[149.0762,-20.452,2.6369],[149.0743,-20.4518,2.6369],[149.0782,-20.4561,0.0],[149.0821,-20.4567,0.0],[149.0823,-20.4598,0.7746],[149.0743,-20.4648,14.9249],[149.0756,-20.4815,17.3794],[149.0716,-20.4772,2.2491],[149.0687,-20.4774,0.0],[149.0699,-20.4867,1.8837],[149.068,-20.4874,0.0],[149.0678,-20.4978,0.0],[149.0654,-20.5021,0.3699],[149.0619,-20.5054,0.0],[149.0515,-20.5063,0.0],[149.0517,-20.5088,6.8702],[149.05,-20.5096,2.8458],[149.0367,-20.503,0.0],[149.0431,-20.5078,2.1216],[149.0429,-20.511,0.0],[149.0468,-20.5134,6.9087],[149.0461,-20.516,3.8751],[149.0431,-20.5169,0.0],[149.0436,-20.5222,5.7587],[149.0525,-20.5244,42.4457],[149.0553,-20.519,18.9918],[149.06,-20.5189,11.2134],[149.0619,-20.5167,5.7943],[149.0652,-20.5162,6.4045],[149.0653,-20.5224,5.0228],[149.0669,-20.526,30.8889],[149.0691,-20.523,30.8342],[149.0689,-20.5128,40.7605],[149.0706,-20.509,13.7438],[149.0691,-20.5072,32.7691],[149.0696,-20.5044,20.3053],[149.0773,-20.5026,15.1319],[149.0766,-20.4981,7.0134],[149.074,-20.4953,46.4137],[149.079,-20.4934,4.8144],[149.0787,-20.4898,9.9278],[149.081,-20.4896,6.5371],[149.0833,-20.4924,4.694],[149.082,-20.4843,31.5182],[149.0851,-20.4829,32.5035],[149.0983,-20.4907,2.1472],[149.0953,-20.4806,22.8561],[149.103,-20.484,1.6958],[149.1044,-20.4819,57.9412],[149.1006,-20.473,49.6107],[149.0963,-20.471,29.4765],[149.0903,-20.4631,27.8319],[149.0842,-20.4593,4.8402],[149.0887,-20.4517,0.0]]],
[[[149.1023,-20.4326,0.0],[149.101,-20.4359,5.4626],[149.1025,-20.4381,0.0],[149.103,-20.4365,9.7093],[149.1023,-20.4326,0.0]]],
[[[149.054,-20.4381,0.0],[149.053,-20.4363,44.7222],[149.0493,-20.4367,47.5242],[149.0474,-20.4341,0.0],[149.0429,-20.4384,2.4026],[149.0401,-20.4381,6.9056],[149.0379,-20.4317,6.3356],[149.0335,-20.4299,3.6432],[149.0316,-20.4387,2.1296],[149.029,-20.4381,14.9138],[149.0255,-20.4397,17.5271],[149.0241,-20.4429,0.0],[149.0272,-20.4424,26.103],[149.0304,-20.4449,2.5501],[149.0292,-20.4515,10.0719],[149.034,-20.4602,8.3964],[149.0455,-20.4579,10.7834],[149.0528,-20.4506,6.5809],[149.0562,-20.4503,11.5361],[149.059,-20.4538,4.7238],[149.0604,-20.4541,18.2729],[149.0617,-20.4515,35.275],[149.0643,-20.4534,1.3342],[149.0638,-20.4505,3.1723],[149.0604,-20.4501,20.3026],[149.0549,-20.4461,6.2531],[149.054,-20.4381,0.0]]],
[[[148.7906,-20.295,4.7073],[148.7899,-20.2966,0.0],[148.7916,-20.2968,0.6075],[148.7921,-20.2947,4.7073],[148.7906,-20.295,4.7073]]],
[[[148.7951,-20.2875,5.5179],[148.795,-20.2886,3.2652],[148.7964,-20.2888,3.2652],[148.7963,-20.2869,5.5179],[148.7951,-20.2875,5.5179]]],
[[[148.6965,-20.2652,0.0],[148.6953,-20.2654,0.0],[148.6955,-20.2671,0.0],[148.6962,-20.2663,0.0],[148.6965,-20.2652,0.0]]],
[[[149.1702,-20.2463,6.3798],[149.1727,-20.2508,56.0478],[149.178,-20.2504,2.5567],[149.1782,-20.2476,0.0],[149.1743,-20.2462,51.2607],[149.1736,-20.2411,0.0],[149.1702,-20.2463,6.3798]]],
[[[149.125,-20.2711,0.0],[149.1234,-20.2649,0.0],[149.1201,-20.2677,6.7481],[149.1192,-20.2716,4.346],[149.1235,-20.2725,30.9607],[149.125,-20.2711,0.0]]],
[[[148.8451,-20.2789,0.0],[148.8439,-20.2779,0.0],[148.8429,-20.2799,0.0],[148.844,-20.2804,0.0],[148.8451,-20.2789,0.0]]],
[[[149.116,-20.2791,0.0],[149.1161,-20.274,0.0],[149.1164,-20.273,0.0],[149.1132,-20.2746,2.093],[149.116,-20.2791,0.0]]],
[[[149.1047,-20.2767,3.2723],[149.109,-20.2756,57.4409],[149.1103,-20.2767,19.5375],[149.1098,-20.2864,18.7338],[149.111,-20.2878,18.7338],[149.1117,-20.2744,0.0],[149.107,-20.2653,0.0],[149.1032,-20.2685,36.8919],[149.1047,-20.2767,3.2723]]],
[[[148.8509,-20.2842,24.5552],[148.8509,-20.2819,12.5175],[148.8487,-20.2813,12.9382],[148.8498,-20.2849,0.0],[148.8513,-20.2853,4.8885],[148.8509,-20.2842,24.5552]]],
[[[148.8294,-20.2485,26.8843],[148.8308,-20.2514,0.0],[148.8318,-20.2521,3.1195],[148.8301,-20.2453,1.6564],[148.8294,-20.2485,26.8843]]],
[[[148.842,-20.2607,9.7118],[148.838,-20.2622,3.6785],[148.8353,-20.2609,62.4986],[148.8316,-20.255,2.6021],[148.8295,-20.2567,41.196],[148.8285,-20.2639,16.8054],[148.8311,-20.2671,3.6297],[148.83,-20.2702,22.9807],[148.8257,-20.2712,6.3759],[148.8295,-20.279,42.3918],[148.8268,-20.2852,0.709],[148.8309,-20.2847,0.0],[148.8324,-20.2812,35.0456],[148.8343,-20.2825,12.2096],[148.8397,-20.2805,0.0],[148.8426,-20.2774,11.9016],[148.845,-20.2712,17.4282],[148.8467,-20.2706,0.0],[148.8454,-20.2658,12.3432],[148.8481,-20.2648,0.0],[148.8505,-20.2612,2.1683],[148.8485,-20.2567,24.5014],[148.842,-20.2607,9.7118]]],
[[[148.8535,-20.2659,5.846],[148.8537,-20.2645,0.0],[148.8514,-20.2646,0.0],[148.8528,-20.2702,0.0],[148.8536,-20.2667,0.0],[148.8535,-20.2659,5.846]]],
[[[148.8138,-20.2606,1.6953],[148.8152,-20.261,0.0],[148.8145,-20.2544,19.7052],[148.8159,-20.2517,3.4747],[148.8144,-20.2511,0.0],[148.8127,-20.2539,0.0],[148.8138,-20.2606,1.6953]]],
[[[148.9227,-20.2533,0.0],[148.9156,-20.2521,3.8865],[148.91,-20.2575,17.4396],[148.9131,-20.2623,6.2127],[148.9101,-20.2667,50.2464],[148.9063,-20.268,57.5105],[148.9085,-20.2742,28.5632],[148.9107,-20.2732,17.5746],[148.9137,-20.2747,10.9904],[148.9158,-20.2709,53.4172],[148.9186,-20.2722,0.0],[148.92,-20.2696,5.005],[148.9213,-20.2712,5.005],[148.9209,-20.2678,32.6572],[148.9229,-20.2649,0.0],[148.9243,-20.2564,0.0],[148.9227,-20.2533,0.0]]],
[[[149.097,-20.306,11.6799],[149.0968,-20.3036,12.0188],[149.0944,-20.3028,0.0],[149.0943,-20.3068,14.8102],[149.096,-20.3074,27.0261],[149.097,-20.306,11.6799]]],
[[[149.0695,-20.3071,32.7103],[149.0701,-20.3094,3.5881],[149.0743,-20.3065,0.0],[149.0746,-20.3039,0.0],[149.0737,-20.3013,2.0521],[149.0694,-20.3025,0.0],[149.0683,-20.2997,0.0],[149.0659,-20.3038,0.0],[149.0672,-20.3064,15.9048],[149.0695,-20.3071,32.7103]]],
[[[148.8102,-20.3027,0.0],[148.8103,-20.3022,0.0],[148.8102,-20.3019,0.0],[148.81,-20.3029,0.0],[148.8102,-20.3027,0.0]]],
[[[148.7949,-20.3003,9.8456],[148.797,-20.2997,2.3863],[148.7975,-20.2974,2.7008],[148.7935,-20.2983,1.867],[148.7949,-20.3003,9.8456]]],
[[[148.8,-20.2971,0.0],[148.803,-20.3003,0.0],[148.8027,-20.2944,0.0],[148.8005,-20.2908,0.0],[148.7987,-20.293,2.3411],[148.8,-20.2971,0.0]]],
[[[149.0928,-20.277,0.0],[149.0947,-20.2719,15.4419],[149.1018,-20.2664,0.0],[149.1008,-20.2653,11.1886],[149.1032,-20.2605,0.0],[149.1033,-20.2505,0.0],[149.101,-20.2513,18.9501],[149.0999,-20.2589,24.3695],[149.0963,-20.261,0.0],[149.0967,-20.2684,1.5873],[149.0943,-20.2709,0.0],[149.0906,-20.2705,2.367],[149.0909,-20.2664,0.0],[149.0895,-20.2651,0.0],[149.0842,-20.2677,0.0],[149.0781,-20.2665,0.0],[149.0756,-20.2702,5.0009],[149.0771,-20.2719,31.9502],[149.0767,-20.2791,10.9102],[149.0711,-20.2846,1.8735],[149.0702,-20.2931,27.7151],[149.0709,-20.2949,14.3668],[149.0745,-20.2928,14.3342],[149.0771,-20.2933,9.383],[149.0744,-20.2987,42.9718],[149.0752,-20.3012,105.6623],[149.0772,-20.3021,9.9798],[149.0855,-20.2947,19.3278],[149.0864,-20.298,6.6227],[149.0837,-20.3034,18.3099],[149.0849,-20.3045,36.4463],[149.0867,-20.3042,0.0],[149.0888,-20.2998,17.3628],[149.0934,-20.3009,0.0],[149.0942,-20.287,1.1597],[149.0893,-20.289,22.9651],[149.0882,-20.2832,19.3836],[149.0883,-20.281,65.5515],[149.0928,-20.277,0.0]]],
[[[148.8521,-20.3369,0.0],[148.8565,-20.3333,0.0],[148.8558,-20.3172,9.2515],[148.8541,-20.316,0.0],[148.8487,-20.3185,10.4108],[148.8473,-20.3209,0.0],[148.8478,-20.325,0.0],[148.851,-20.3278,8.5917],[148.8506,-20.3332,11.482],[148.8481,-20.3353,15.1306],[148.8445,-20.3356,29.8679],[148.849,-20.3398,10.7725],[148.8469,-20.3408,2.4705],[148.8494,-20.3439,3.4245],[148.8473,-20.3453,7.5574],[148.848,-20.3481,38.5163],[148.8458,-20.3536,0.0],[148.8472,-20.3616,2.8932],[148.852,-20.3667,50.0986],[148.8495,-20.3685,0.0],[148.8494,-20.3711,0.0],[148.8543,-20.3735,28.589],[148.8518,-20.3768,0.0],[148.8517,-20.3816,0.0],[148.8556,-20.3882,0.0],[148.8618,-20.3883,16.5876],[148.8617,-20.3931,2.9829],[148.8643,-20.3956,0.0],[148.8675,-20.3966,0.0],[148.8742,-20.3947,0.0],[148.8754,-20.3937,10.9628],[148.8725,-20.389,21.6565],[148.8754,-20.3852,6.8613],[148.875,-20.383,15.5852],[148.8698,-20.3786,19.327],[148.8722,-20.3779,12.8471],[148.8722,-20.3757,14.7272],[148.8679,-20.3727,19.2849],[148.8625,-20.3606,0.0],[148.8576,-20.3571,18.2557],[148.8556,-20.3525,4.92],[148.8508,-20.3478,16.8195],[148.8503,-20.341,7.9031],[148.8521,-20.3369,0.0]]],
[[[148.9519,-20.3334,17.3688],[148.9497,-20.3316,8.6512],[148.9467,-20.333,10.6135],[148.9504,-20.3353,16.8156],[148.9484,-20.3373,0.0],[148.9491,-20.3404,48.9936],[148.9476,-20.3435,3.4539],[148.9461,-20.344,0.0],[148.9477,-20.3512,0.9706],[148.9457,-20.3514,0.0],[148.9476,-20.356,2.7293],[148.9447,-20.3621,23.3644],[148.9453,-20.3649,0.0],[148.947,-20.3602,4.757],[148.9527,-20.3617,7.7711],[148.9524,-20.368,23.6448],[148.9491,-20.3694,32.9237],[148.9531,-20.3768,4.2714],[148.9556,-20.3724,35.7831],[148.9549,-20.3647,7.4811],[148.9574,-20.364,0.0],[148.9567,-20.3625,4.2101],[148.9588,-20.3599,5.9655],[148.9614,-20.3607,4.4949],[148.9613,-20.3567,7.4544],[148.964,-20.3561,43.1149],[148.9678,-20.352,65.3914],[148.9666,-20.3656,0.3895],[148.9684,-20.3657,6.4722],[148.9687,-20.3627,34.3258],[148.97,-20.3624,54.3389],[148.9715,-20.3639,22.4421],[148.9731,-20.3626,75.1879],[148.9719,-20.366,21.9016],[148.974,-20.3639,32.7887],[148.9767,-20.3648,2.1873],[148.9769,-20.3608,4.5038],[148.9755,-20.3598,4.5038],[148.9779,-20.3568,0.0],[148.9775,-20.3537,43.6792],[148.9819,-20.3514,5.8181],[148.9822,-20.3482,17.198],[148.9761,-20.3445,0.0],[148.9708,-20.3481,40.5504],[148.9587,-20.3475,2.9965],[148.9555,-20.3445,11.5779],[148.957,-20.3387,0.0],[148.9519,-20.3334,17.3688]]],
[[[148.9593,-20.332,0.4153],[148.9618,-20.3314,0.0],[148.9613,-20.3297,0.0],[148.9604,-20.3299,9.8841],[148.9593,-20.332,0.4153]]],
[[[148.926,-20.3133,18.1064],[148.9238,-20.3113,7.3112],[148.927,-20.3183,14.6432],[148.9258,-20.3226,5.2638],[148.9277,-20.3256,13.4556],[148.929,-20.3248,4.773],[148.9288,-20.3146,7.4907],[148.926,-20.3133,18.1064]]],
[[[149.1569,-20.2377,0.0],[149.153,-20.2361,0.0],[149.1506,-20.2389,12.9849],[149.1548,-20.2432,10.5248],[149.1569,-20.2377,0.0]]],
[[[148.8104,-20.2182,14.4613],[148.8227,-20.2382,10.6637],[148.8259,-20.2412,11.1794],[148.8298,-20.2412,2.5852],[148.8298,-20.2358,0.0],[148.8253,-20.2246,0.0],[148.8107,-20.2139,10.1443],[148.8104,-20.2182,14.4613]]],
[[[148.9806,-20.183,14.7701],[148.9766,-20.1815,23.8462],[148.9732,-20.1744,108.5317],[148.9736,-20.1718,27.4963],[148.976,-20.1722,12.1985],[148.9786,-20.1687,24.6083],[148.978,-20.1615,6.5978],[148.9668,-20.1561,1.9421],[148.9616,-20.156,15.7553],[148.956,-20.158,0.0],[148.9594,-20.1697,43.7323],[148.9575,-20.1744,41.3832],[148.9594,-20.1765,32.8693],[148.9586,-20.1826,11.5045],[148.9603,-20.1873,16.4036],[148.9549,-20.1966,34.4351],[148.9538,-20.2031,0.0],[148.9558,-20.2068,14.1882],[148.9531,-20.2071,13.6288],[148.9521,-20.2194,4.6865],[148.9486,-20.2189,0.0],[148.9503,-20.221,13.4677],[148.9479,-20.2221,0.0],[148.9446,-20.2279,2.4822],[148.9399,-20.2259,0.0],[148.9379,-20.2396,0.0],[148.9394,-20.2425,4.6166],[148.9421,-20.2434,11.0231],[148.9525,-20.2284,11.9416],[148.954,-20.2298,2.9059],[148.9585,-20.2276,10.6657],[148.9587,-20.2309,0.0],[148.9548,-20.2395,0.0],[148.9562,-20.2414,0.0],[148.9626,-20.2407,29.592],[148.962,-20.2449,22.2693],[148.9581,-20.2497,35.6185],[148.9539,-20.2484,3.5709],[148.9528,-20.2522,8.9691],[148.9502,-20.2525,5.2239],[148.9487,-20.2549,0.0],[148.9498,-20.2576,39.0297],[148.9442,-20.2623,4.5463],[148.9428,-20.2682,70.002],[148.9388,-20.2696,43.0306],[148.9367,-20.2685,8.2165],[148.9365,-20.2651,0.0],[148.9381,-20.2628,0.0],[148.9363,-20.2637,0.0],[148.9338,-20.2691,14.0046],[148.9308,-20.2702,1.9115],[148.9313,-20.2728,0.0],[148.9283,-20.2738,19.9065],[148.9272,-20.2815,37.5116],[148.9193,-20.2834,22.340699999999998],[148.9167,-20.2801,11.0714],[148.9127,-20.2822,0.0],[148.9128,-20.2911,2.4443],[148.917,-20.2875,22.2031],[148.9187,-20.2876,32.8035],[148.9191,-20.2901,1.7357],[148.9214,-20.29,0.0],[148.9249,-20.2863,0.0],[148.9291,-20.2863,2.6392],[148.9294,-20.2878,2.6392],[148.9272,-20.2879,0.0],[148.926,-20.2924,2.6197],[148.9233,-20.2936,12.5617],[148.923,-20.2958,33.7463],[148.9285,-20.2962,14.1139],[148.9322,-20.2944,31.9044],[148.9326,-20.2996,69.5328],[148.9312,-20.3023,0.0],[148.9376,-20.3071,0.5274],[148.9386,-20.3012,10.5069],[148.9428,-20.3019,0.0],[148.9452,-20.2967,1.9214],[148.9531,-20.294,0.0],[148.9554,-20.2885,9.197],[148.9542,-20.2837,10.4649],[148.9573,-20.2808,14.5014],[148.9592,-20.288,0.0],[148.9644,-20.2806,62.7226],[148.9663,-20.2802,17.7194],[148.9706,-20.2713,2.7686],[148.9684,-20.2653,10.8392],[148.9697,-20.2668,50.0898],[148.9712,-20.271,4.5029],[148.9749,-20.2688,9.3776],[148.9688,-20.2778,0.0],[148.9675,-20.2843,16.2161],[148.9652,-20.2837,8.049],[148.9646,-20.2873,0.0],[148.9585,-20.2913,24.1314],[148.9573,-20.2968,43.1996],[148.9499,-20.303,31.9065],[148.9497,-20.3062,42.8143],[148.9516,-20.3078,22.1218],[148.9537,-20.3065,0.0],[148.9555,-20.3018,8.612],[148.9582,-20.3015,35.0625],[148.9582,-20.3038,6.7627],[148.9624,-20.3036,7.0356],[148.9604,-20.312,9.7654],[148.9612,-20.3138,42.1391],[148.9592,-20.3164,38.3891],[148.9606,-20.3221,12.3744],[148.9638,-20.3241,23.424],[148.9632,-20.3288,5.4802],[148.9676,-20.3279,0.0],[148.9683,-20.326,56.8548],[148.9728,-20.3272,8.7074],[148.9822,-20.3212,59.8523],[148.9866,-20.3225,2.9183],[148.987,-20.318,4.3679],[148.9801,-20.3165,11.6206],[148.9785,-20.3137,3.9206],[148.979,-20.3117,8.0522],[148.9841,-20.3126,3.7568],[148.9861,-20.308,0.0],[148.9847,-20.3041,9.1526],[148.9903,-20.3008,24.4947],[148.9931,-20.3028,63.4863],[148.9957,-20.3082,0.961],[148.9969,-20.305,18.29],[148.9997,-20.3052,35.4631],[148.9998,-20.3112,51.5828],[149.0024,-20.3114,0.0],[149.0052,-20.3062,52.6525],[149.0112,-20.3141,79.6309],[149.0142,-20.3143,47.8941],[149.0171,-20.3188,32.2972],[149.0221,-20.3214,1.5842],[149.0214,-20.3182,0.0],[149.0262,-20.3156,9.0742],[149.0252,-20.3108,19.635],[149.0278,-20.3064,1.5098],[149.0321,-20.305,0.0],[149.0329,-20.3005,34.5977],[149.0358,-20.3007,16.7944],[149.0346,-20.3087,0.0],[149.0359,-20.3092,22.3189],[149.0382,-20.3038,9.4596],[149.0434,-20.3022,19.4064],[149.0468,-20.3095,4.1431],[149.0499,-20.3017,7.6123],[149.0534,-20.298,24.1183],[149.0546,-20.2971,28.1149],[149.0579,-20.2996,2.1722],[149.0609,-20.2984,22.605],[149.0631,-20.2942,0.0],[149.0596,-20.2941,5.381],[149.0584,-20.2925,0.0],[149.0542,-20.2937,0.0],[149.0431,-20.2871,12.1375],[149.0286,-20.2648,3.9621],[149.0253,-20.2554,0.0],[149.0242,-20.2612,0.0],[149.0197,-20.2681,4.4657],[149.0202,-20.2698,10.0523],[149.0179,-20.2712,0.0],[149.015,-20.2697,5.3628],[149.0172,-20.2645,1.6875],[149.0171,-20.2595,4.4231],[149.0186,-20.2583,4.4231],[149.0162,-20.2528,33.7831],[149.0181,-20.2479,25.1622],[149.023,-20.2439,0.0],[149.0241,-20.2408,27.6473],[149.0256,-20.2408,9.5781],[149.0259,-20.2349,0.4944],[149.0216,-20.2365,23.0259],[149.0218,-20.2395,21.8586],[149.0136,-20.251,0.0],[149.0045,-20.2555,1.8572],[149.0029,-20.2556,0.6082],[149.0038,-20.2471,44.0098],[149.0087,-20.2436,4.6765],[149.0081,-20.2409,82.9612],[149.0108,-20.2329,0.0],[149.0038,-20.2359,0.0],[148.9916,-20.2504,16.5772],[148.9946,-20.242,0.0],[148.9959,-20.2283,26.2866],[148.9909,-20.2278,0.9088],[148.9893,-20.2239,23.3264],[148.9923,-20.215699999999998,62.0582],[148.9971,-20.2155,0.0],[148.9966,-20.2103,15.5197],[148.998,-20.2097,15.5197],[148.9961,-20.2032,6.4109],[148.9942,-20.2021,0.0],[148.9825,-20.203,12.1158],[148.9762,-20.2052,1.8059],[148.9753,-20.1981,88.9068],[148.9788,-20.191,51.7717],[148.9837,-20.186,0.0],[148.9836,-20.1848,0.0],[148.9795,-20.1853,46.3522],[148.9806,-20.183,14.7701]]],
[[[146.218,-18.4711,4.631],[146.2172,-18.4714,10.8599],[146.2176,-18.4727,10.8599],[146.2187,-18.472,0.0],[146.218,-18.4711,4.631]]],
[[[146.1967,-18.473,1.8818],[146.2067,-18.4713,0.0],[146.2083,-18.4681,0.0],[146.2088,-18.4607,0.0],[146.2057,-18.4573,0.6733],[146.1996,-18.4575,0.6794],[146.1988,-18.4599,2.5567],[146.1972,-18.4582,2.4146],[146.1911,-18.4612,0.0],[146.1894,-18.467,6.3064],[146.19,-18.4708,5.1766],[146.1967,-18.473,1.8818]]],
[[[146.1709,-18.4445,4.0945],[146.1725,-18.4465,2.3476],[146.186,-18.4432,1.0934],[146.1886,-18.44,0.5596],[146.1892,-18.436,1.0119],[146.1758,-18.4376,0.0],[146.1709,-18.4445,4.0945]]],
[[[146.2268,-18.2776,0.0],[146.2256,-18.2774,1.0347],[146.229,-18.2829,2.6604],[146.2298,-18.2877,0.0],[146.2368,-18.2925,4.4881],[146.2411,-18.2928,1.6016],[146.2379,-18.2823,4.0843],[146.2268,-18.2776,0.0]]],
[[[146.3311,-18.3552,4.7177],[146.3284,-18.3532,9.1202],[146.3266,-18.3552,0.0],[146.3296,-18.3568,0.0],[146.3311,-18.3552,4.7177]]],
[[[146.1844,-18.4273,3.1644],[146.1823,-18.4263,4.1809],[146.1799,-18.428,4.3992],[146.1775,-18.4335,4.5443],[146.1787,-18.4357,4.8933],[146.1871,-18.4331,4.4585],[146.187,-18.4304,4.7136],[146.1844,-18.4273,3.1644]]],
[[[146.1789,-18.4279,4.1686],[146.1811,-18.4239,0.0],[146.1808,-18.4197,3.0134],[146.1766,-18.4195,0.5547],[146.1706,-18.4235,2.0762],[146.1712,-18.4284,3.7711],[146.1764,-18.4324,2.859],[146.1789,-18.4279,4.1686]]],
[[[146.171,-18.4196,2.302],[146.1741,-18.4201,0.619],[146.1822,-18.4141,1.6595],[146.1813,-18.4109,0.8535],[146.1745,-18.4096,2.5983],[146.1715,-18.4071,1.0263],[146.1684,-18.4074,0.5323],[146.1676,-18.4144,1.6444],[146.171,-18.4196,2.302]]],
[[[146.1834,-18.4146,2.1525],[146.18,-18.4175,4.8155],[146.1831,-18.42,0.5775],[146.1831,-18.4236,0.0],[146.1891,-18.4285,2.1345],[146.1926,-18.4294,2.3415],[146.1954,-18.4258,2.3857],[146.1959,-18.4203,0.0],[146.1927,-18.4088,1.8904],[146.1938,-18.3959,0.0],[146.1887,-18.3907,0.0],[146.1789,-18.3731,0.6765],[146.1809,-18.3789,1.7864],[146.1786,-18.3921,3.2639],[146.1819,-18.4006,2.53],[146.1808,-18.4075,1.8216],[146.1845,-18.4119,1.8329],[146.1834,-18.4146,2.1525]]],
[[[146.1741,-18.3722,0.5635],[146.1711,-18.3656,0.0],[146.1669,-18.3653,2.7267],[146.1634,-18.369,0.8736],[146.1493,-18.3581,1.4292],[146.145,-18.3581,2.5451],[146.1557,-18.381,2.486],[146.1625,-18.3904,2.6292],[146.1658,-18.4029,1.5638],[146.1682,-18.4053,0.8759],[146.1728,-18.4061,3.0284],[146.1752,-18.409,2.9363],[146.1787,-18.4097,1.6105],[146.1804,-18.4085,0.0],[146.1793,-18.4059,0.6125],[146.1806,-18.402,1.4729],[146.1767,-18.3915,3.0409],[146.1791,-18.379,1.7864],[146.1741,-18.3722,0.5635]]],
[[[146.1458,-18.1856,9.3357],[146.1452,-18.1817,6.1683],[146.1421,-18.1848,13.8707],[146.1442,-18.1867,0.0],[146.1458,-18.1856,9.3357]]],
[[[146.1765,-18.1808,19.1773],[146.1787,-18.1774,10.0825],[146.1834,-18.1749,2.7779],[146.1921,-18.1664,0.0],[146.1895,-18.1665,12.4707],[146.1837,-18.1611,4.9174],[146.1828,-18.1577,12.7102],[146.1735,-18.1542,0.0],[146.172,-18.1512,0.0],[146.1605,-18.1522,11.3392],[146.1593,-18.1536,0.0],[146.161,-18.1564,64.5295],[146.1576,-18.161,0.0],[146.1581,-18.1715,0.0],[146.1524,-18.1754,0.6659],[146.1565,-18.1757,5.2256],[146.1642,-18.1804,15.5423],[146.1703,-18.1782,2.559],[146.1765,-18.1808,19.1773]]],
[[[146.3063,-18.1588,9.7419],[146.3055,-18.156,1.2624],[146.3025,-18.156,5.0138],[146.3044,-18.1586,2.5107],[146.3063,-18.1588,9.7419]]],
[[[146.2892,-18.1501,0.0],[146.2934,-18.151,0.0],[146.2938,-18.1501,0.0],[146.2887,-18.1483,5.7723],[146.2892,-18.1501,0.0]]],
[[[146.2872,-18.1463,4.0644],[146.287,-18.1471,4.0644],[146.2876,-18.1475,4.0644],[146.2876,-18.1463,4.0644],[146.2872,-18.1463,4.0644]]],
[[[146.2827,-18.1355,8.5356],[146.2771,-18.1388,0.7498],[146.2825,-18.1424,1.7069],[146.284,-18.1456,0.0],[146.2874,-18.1433,0.0],[146.2827,-18.1355,8.5356]]],
[[[146.1526,-17.9998,0.0],[146.1517,-17.9973,0.0],[146.1487,-17.9989,8.3329],[146.1469,-17.9979,0.0],[146.1468,-17.9999,29.6072],[146.1426,-18.0015,20.3726],[146.1415,-18.004,0.0],[146.1504,-18.0099,0.0],[146.1524,-18.008,8.2994],[146.1549,-18.0094,0.0],[146.1549,-18.0071,0.0],[146.1511,-18.0058,23.7765],[146.1504,-18.0011,23.4639],[146.1526,-17.9998,0.0]]],
[[[146.2282,-18.208,4.9386],[146.2289,-18.2016,8.3454],[146.2312,-18.1972,0.0],[146.229,-18.1953,3.9579],[146.2256,-18.1969,12.3559],[146.2235,-18.1942,0.0],[146.221,-18.2035,0.0],[146.2245,-18.2137,3.1537],[146.2218,-18.2232,7.3652],[146.2165,-18.2274,4.3532],[146.2212,-18.2282,0.777],[146.2278,-18.2344,1.7308],[146.2298,-18.239,1.7992],[146.2287,-18.2445,0.0],[146.227,-18.2455,2.3614],[146.2333,-18.2536,2.1184],[146.2325,-18.2575,3.6362],[146.2392,-18.2639,4.6934],[146.2442,-18.2662,4.1592],[146.2413,-18.2685,3.0053],[146.2326,-18.2655,2.3596],[146.2342,-18.2681,0.7326],[146.2304,-18.2699,0.0],[146.2305,-18.2723,4.7109],[146.2342,-18.2785,0.0],[146.2393,-18.2815,5.3495],[146.2419,-18.2917,1.6016],[146.247,-18.2959,1.7469],[146.2363,-18.2942,1.1122],[146.2316,-18.2917,2.9464],[146.2243,-18.2841,0.0],[146.2172,-18.281,0.0],[146.2111,-18.282,4.0649],[146.1963,-18.2779,0.0],[146.1916,-18.2708,0.0],[146.1821,-18.2646,12.3023],[146.167,-18.2626,0.6976],[146.162,-18.2573,0.0],[146.1541,-18.2537,6.8358],[146.1502,-18.246,0.4069],[146.1394,-18.2448,5.9304],[146.1378,-18.2408,0.2502],[146.131,-18.2397,12.5269],[146.1271,-18.2346,5.0216],[146.1118,-18.2363,27.1185],[146.1078,-18.2336,1.1727],[146.1038,-18.2344,0.5881],[146.0838,-18.2434,1.8479],[146.0706,-18.2475,1.8046],[146.0799,-18.2621,0.0],[146.0874,-18.2672,2.534],[146.101,-18.2859,4.2092],[146.1049,-18.2862,4.8788],[146.1116,-18.2898,3.7654],[146.1199,-18.2991,5.705],[146.1259,-18.3029,3.093],[146.1451,-18.3084,1.0982],[146.1517,-18.313,0.0],[146.1557,-18.3193,0.2867],[146.1613,-18.3235,2.4841],[146.1588,-18.3245,0.4983],[146.1723,-18.3474,0.5627],[146.1767,-18.3491,3.8691],[146.1773,-18.3554,2.0372],[146.1913,-18.3667,0.0],[146.1962,-18.3771,4.3594],[146.2016,-18.3827,0.0],[146.2043,-18.3932,3.3179],[146.207,-18.3978,0.0],[146.2069,-18.4063,2.6043],[146.2029,-18.4122,0.6297],[146.2009,-18.4374,4.3325],[146.2042,-18.445,23.4916],[146.2146,-18.4536,4.6882],[146.2133,-18.4554,3.6252],[146.2213,-18.4692,2.3883],[146.2218,-18.4768,0.0],[146.2479,-18.4889,5.89],[146.2565,-18.4873,13.8589],[146.2647,-18.4892,19.5623],[146.279,-18.4892,38.7022],[146.2897,-18.4874,4.6376],[146.296,-18.4923,18.5788],[146.3052,-18.4937,8.5453],[146.3284,-18.4835,0.0],[146.3298,-18.4729,0.0],[146.3263,-18.4615,3.7366],[146.3288,-18.4472,0.0],[146.3324,-18.447,11.6591],[146.3322,-18.444,7.5424],[146.3361,-18.4396,0.0],[146.336,-18.4339,0.0],[146.3376,-18.4309,15.3994],[146.3457,-18.4317,0.0],[146.3484,-18.4259,0.8581],[146.3519,-18.424,0.0],[146.3513,-18.4208,16.9367],[146.3571,-18.4209,8.9693],[146.3587,-18.4192,0.0],[146.3576,-18.4179,0.0],[146.3552,-18.4189,2.808],[146.3511,-18.4153,11.1058],[146.3474,-18.4161,0.5383],[146.3419,-18.4109,0.0],[146.3391,-18.4108,2.5916],[146.3355,-18.4012,0.0],[146.3296,-18.3996,16.4194],[146.3263,-18.4017,8.8945],[146.3233,-18.3987,0.0],[146.3234,-18.3923,0.0],[146.3273,-18.3815,5.8888],[146.3344,-18.3863,0.0],[146.3388,-18.3842,6.7458],[146.3396,-18.3807,0.0],[146.3372,-18.3753,4.6954],[146.3306,-18.3727,0.0],[146.3306,-18.3708,0.0],[146.3339,-18.3691,13.6348],[146.3314,-18.3623,0.0],[146.319,-18.3541,0.0],[146.3181,-18.352,0.0],[146.3178,-18.3548,1.531],[146.315,-18.3564,7.2491],[146.312,-18.3539,6.6423],[146.3095,-18.3561,22.8833],[146.3061,-18.3557,7.6434],[146.3014,-18.3483,0.0],[146.3012,-18.3399,0.0],[146.2929,-18.3372,0.0],[146.29,-18.3344,4.6555],[146.29,-18.3256,0.0],[146.2808,-18.3209,0.0],[146.2786,-18.3218,1.8852],[146.2756,-18.3175,0.0],[146.2754,-18.3047,0.0],[146.2816,-18.2828,10.0942],[146.2964,-18.2493,0.0],[146.3055,-18.242,5.9826],[146.3056,-18.2403,8.4993],[146.3021,-18.2395,0.0],[146.3017,-18.2352,8.4527],[146.299,-18.2336,5.2793],[146.2988,-18.2315,12.1127],[146.2905,-18.2368,5.3385],[146.2836,-18.2385,13.3462],[146.2801,-18.2375,0.0],[146.2745,-18.2399,27.1422],[146.2636,-18.2401,12.9751],[146.2541,-18.2368,13.4602],[146.2505,-18.2371,0.0],[146.2403,-18.2241,31.0206],[146.2328,-18.2211,0.0],[146.2282,-18.208,4.9386]]],
[[[146.325,-18.2354,0.0],[146.326,-18.2357,4.5684],[146.3268,-18.2351,4.5684],[146.3263,-18.2347,4.5684],[146.325,-18.2354,0.0]]],
[[[146.1333,-17.9822,0.0],[146.136,-17.9831,2.2988],[146.1385,-17.9812,0.0],[146.1333,-17.9796,0.0],[146.1333,-17.9822,0.0]]],
[[[146.1362,-17.9252,0.0],[146.1363,-17.9244,0.0],[146.1357,-17.9242,0.0],[146.1355,-17.9248,0.0],[146.1362,-17.9252,0.0]]],
[[[146.1425,-17.9536,0.0],[146.1409,-17.9536,2.2846],[146.1393,-17.956,0.0],[146.1419,-17.9559,19.3032],[146.1425,-17.9536,0.0]]],
[[[146.1731,-17.9676,29.6783],[146.1783,-17.9675,0.0],[146.1738,-17.9623,7.9139],[146.1733,-17.9552,2.744],[146.1752,-17.9516,11.6695],[146.1738,-17.947,9.6894],[146.1647,-17.9418,5.4752],[146.1631,-17.9383,6.2146],[146.1564,-17.9362,0.0],[146.1515,-17.9277,0.0],[146.1465,-17.9263,40.3815],[146.1422,-17.93,37.7709],[146.1432,-17.9339,7.8737],[146.1342,-17.9354,0.0],[146.1437,-17.9426,5.8835],[146.1457,-17.9472,0.5139],[146.1511,-17.9527,2.8252],[146.1633,-17.9538,5.5092],[146.1707,-17.9611,15.7645],[146.1703,-17.9637,1.9447],[146.1731,-17.9676,29.6783]]],
[[[146.1526,-17.7802,0.0],[146.1541,-17.7795,0.0],[146.1544,-17.7774,0.0],[146.1532,-17.7787,0.0],[146.1526,-17.7802,0.0]]],
[[[146.1595,-17.7463,0.0],[146.1605,-17.7454,1.8674],[146.1596,-17.7445,0.0],[146.1593,-17.7456,0.0],[146.1595,-17.7463,0.0]]],
[[[146.1633,-17.7396,0.0],[146.1628,-17.7368,0.0],[146.1577,-17.7368,2.2085],[146.1561,-17.7383,0.0],[146.157,-17.7392,2.5205],[146.1633,-17.7396,0.0]]],
[[[146.1791,-17.6746,63.3725],[146.1766,-17.676,0.0],[146.1815,-17.6776,5.0652],[146.181,-17.6747,63.3725],[146.1791,-17.6746,63.3725]]],
[[[146.1729,-17.6729,5.8602],[146.1732,-17.6736,12.7597],[146.1743,-17.6742,12.7597],[146.1738,-17.6718,5.8602],[146.1729,-17.6729,5.8602]]],
[[[146.1689,-17.6674,0.0],[146.1688,-17.6667,0.0],[146.1679,-17.6667,0.0],[146.1681,-17.6677,0.0],[146.1689,-17.6674,0.0]]],
[[[146.1599,-17.6555,4.8964],[146.1559,-17.6506,0.0],[146.1555,-17.6507,0.0],[146.1602,-17.6573,0.0],[146.1599,-17.6555,4.8964]]],
[[[146.0933,-17.2265,6.7055],[146.0931,-17.23,20.9188],[146.0952,-17.2303,4.267],[146.0962,-17.2269,8.556],[146.0936,-17.2266,6.7055],[146.0931,-17.2239,2.788],[146.0917,-17.2235,0.0],[146.0912,-17.2249,4.506],[146.0933,-17.2265,6.7055]]],
[[[146.095,-17.2225,0.0],[146.0939,-17.2213,0.0],[146.0932,-17.2222,0.0],[146.0939,-17.2233,2.788],[146.095,-17.2225,0.0]]],
[[[146.0796,-17.2105,2.0069],[146.0794,-17.209,2.0385],[146.0777,-17.2084,0.0],[146.0785,-17.2104,2.0069],[146.0796,-17.2105,2.0069]]],
[[[146.0784,-17.2052,0.0],[146.0777,-17.204,0.0],[146.0749,-17.205,4.4202],[146.0769,-17.2072,3.029],[146.0784,-17.2052,0.0]]],
[[[146.1675,-17.6722,0.0],[146.1677,-17.6745,6.6409],[146.1707,-17.6752,6.4672],[146.1704,-17.6736,15.0417],[146.1675,-17.6722,0.0]]],
[[[146.0105,-17.161,25.5261],[146.0118,-17.165,4.9063],[146.0125,-17.1606,0.0],[146.0168,-17.1554,0.0],[146.0103,-17.152,0.0],[146.0055,-17.1526,0.0],[146.0055,-17.1561,26.1836],[146.0105,-17.161,25.5261]]],
[[[139.6396,-17.0774,0.5019],[139.6358,-17.0676,0.0],[139.6294,-17.0627,0.0],[139.6255,-17.0621,0.2806],[139.6235,-17.0673,0.7816],[139.6253,-17.0725,0.2068],[139.6247,-17.0784,0.0],[139.6136,-17.0927,0.8245],[139.6151,-17.0996,1.6355],[139.614,-17.1063,1.2671],[139.6076,-17.1104,0.2898],[139.5951,-17.1122,0.1799],[139.597,-17.1141,1.984],[139.5979,-17.1205,0.0],[139.5981,-17.1294,0.0],[139.5965,-17.1329,1.9775],[139.6012,-17.1334,3.1038],[139.6038,-17.1383,0.5081],[139.6113,-17.1374,5.0803],[139.6145,-17.1395,4.3136],[139.6153,-17.1352,6.0346],[139.6138,-17.1335,7.6319],[139.6119,-17.1209,3.8615],[139.6286,-17.0909,3.892],[139.633,-17.087,1.1822],[139.6349,-17.0803,1.8932],[139.6396,-17.0774,0.5019]]],
[[[139.2271,-17.0202,2.4443],[139.228,-17.0195,0.0],[139.2245,-17.0154,0.0],[139.2195,-17.0137,2.3168],[139.2162,-17.0104,0.0],[139.2133,-17.0024,0.0],[139.2106,-17.0042,0.0],[139.2074,-17.0033,0.6701],[139.2056,-17.0072,4.9483],[139.2068,-17.017,1.2494],[139.2109,-17.0221,0.2114],[139.2147,-17.0364,0.0],[139.2162,-17.0328,3.3257],[139.2229,-17.0317,0.0],[139.2288,-17.0422,2.0769],[139.2332,-17.0461,6.1827],[139.2479,-17.0454,2.9718],[139.2511,-17.0501,7.7391],[139.2507,-17.0556,8.2588],[139.2549,-17.0562,5.5801],[139.256,-17.0543,7.9178],[139.2596,-17.0545,6.3854],[139.2623,-17.0581,2.541],[139.2658,-17.0582,1.201],[139.2643,-17.0569,5.8858],[139.2649,-17.0534,3.4053],[139.2536,-17.0464,5.0851],[139.2487,-17.0412,0.0],[139.2464,-17.0359,0.0],[139.2442,-17.0356,2.7471],[139.2447,-17.0327,0.0],[139.2431,-17.0295,0.0],[139.2406,-17.0303,1.0792],[139.2384,-17.0266,0.2819],[139.2333,-17.0258,1.4515],[139.232,-17.0224,0.0],[139.2271,-17.0202,2.4443]]],
[[[139.3816,-17.0273,0.0],[139.3787,-17.0304,0.0],[139.3812,-17.0299,0.0],[139.3829,-17.0247,0.0],[139.3816,-17.0273,0.0]]],
[[[139.3747,-17.0076,2.5796],[139.3753,-17.0053,1.7723],[139.3696,-17.0009,0.0],[139.3709,-17.0044,0.0],[139.3747,-17.0076,2.5796]]],
[[[139.3827,-17.075,2.5711],[139.391,-17.074,0.0],[139.3918,-17.0721,0.0],[139.3868,-17.0734,2.2108],[139.386,-17.0719,1.8972],[139.3833,-17.0724,1.261],[139.3749,-17.0692,1.288],[139.3653,-17.069,0.9874],[139.3683,-17.0722,6.3202],[139.3827,-17.075,2.5711]]],
[[[139.5547,-17.123,2.2487],[139.5607,-17.116,4.0844],[139.5598,-17.1139,0.0],[139.556,-17.1159,1.2076],[139.5536,-17.1137,0.7457],[139.5522,-17.1145,0.0],[139.5527,-17.119,0.0],[139.5489,-17.1241,0.0],[139.5495,-17.1292,2.47],[139.5538,-17.1291,1.1598],[139.5547,-17.123,2.2487]]],
[[[139.1977,-16.9923,1.1377],[139.1899,-16.9901,0.0],[139.2035,-16.995,0.0],[139.2004,-16.9922,0.0],[139.1977,-16.9923,1.1377]]],
[[[139.3648,-16.9558,0.0],[139.3636,-16.9527,0.0],[139.3619,-16.9533,4.4396],[139.362,-16.9557,5.2844],[139.3646,-16.957,0.0],[139.3648,-16.9558,0.0]]],
[[[146.0038,-16.9276,23.2725],[146.0051,-16.9242,0.0],[146.0033,-16.9231,26.703],[146.0002,-16.9223,0.0],[145.9925,-16.9239,0.0],[145.9888,-16.9312,2.0013],[145.983,-16.9349,0.0],[145.9828,-16.9376,0.0],[145.9855,-16.9422,0.0],[145.9876,-16.9435,2.9106],[145.9918,-16.9429,41.0351],[145.9967,-16.9397,0.0],[146.0008,-16.9361,39.1406],[146.0038,-16.9276,23.2725]]],
[[[146.0062,-16.9219,0.0],[146.0058,-16.9232,0.0],[146.0065,-16.9235,0.0],[146.007,-16.9219,0.0],[146.0062,-16.9219,0.0]]],
[[[139.0732,-16.8974,1.4429],[139.0717,-16.895,0.0],[139.0737,-16.8911,0.0],[139.0614,-16.8893,0.0],[139.0582,-16.885,0.4455],[139.0523,-16.8878,0.0],[139.0462,-16.8853,0.0],[139.0488,-16.8878,0.0],[139.0537,-16.8893,2.2136],[139.058,-16.8962,5.8242],[139.0659,-16.8988,5.5993],[139.0698,-16.904,5.6665],[139.0768,-16.9051,0.0],[139.0768,-16.9022,0.2715],[139.0732,-16.8974,1.4429]]],
[[[145.8944,-16.8848,0.0],[145.8947,-16.8863,0.0],[145.8958,-16.8874,3.2564],[145.8937,-16.8825,0.0],[145.8944,-16.8848,0.0]]],
[[[139.5484,-17.0341,1.7115],[139.5435,-17.0314,3.4778],[139.5371,-17.0234,2.8735],[139.5177,-17.0069,6.1036],[139.5081,-16.9937,0.0],[139.5049,-16.9854,0.0],[139.4991,-16.9836,2.3459],[139.4938,-16.9796,1.3541],[139.4928,-16.9809,0.6004],[139.4954,-16.9919,0.0],[139.4926,-16.9965,2.7669],[139.5004,-17.0023,1.5253],[139.4946,-17.001,0.0],[139.4906,-17.0158,0.0],[139.4866,-17.0204,0.0],[139.4821,-17.0224,0.0],[139.4791,-17.0187,0.0],[139.4774,-17.0195,0.0],[139.4738,-17.0304,1.4808],[139.4737,-17.0339,3.9229],[139.4754,-17.0358,1.9609],[139.487,-17.0347,0.373],[139.4901,-17.0446,0.4953],[139.4888,-17.0444,1.2114],[139.4861,-17.0362,0.373],[139.4778,-17.038,0.4779],[139.473,-17.0356,1.2933],[139.4697,-17.0239,0.0982],[139.4697,-17.0268,0.8813],[139.4641,-17.0251,0.1059],[139.4602,-17.026,0.0],[139.4606,-17.0274,0.8579],[139.4686,-17.0292,1.4564],[139.459,-17.0298,4.1677],[139.4567,-17.0313,2.2022],[139.4579,-17.0318,2.2022],[139.4556,-17.0383,1.6563],[139.4547,-17.0488,7.6805],[139.4504,-17.0553,0.4059],[139.4342,-17.0652,1.923],[139.4343,-17.068,1.7169],[139.4292,-17.0715,1.4287],[139.4318,-17.0664,0.5712],[139.4304,-17.0668,0.1065],[139.4239,-17.0754,0.1292],[139.4233,-17.0786,0.7034],[139.4197,-17.0786,0.4857],[139.4126,-17.0822,0.259],[139.3946,-17.0816,0.0],[139.3958,-17.0908,1.4294],[139.4012,-17.1,3.2219],[139.401,-17.106,6.8172],[139.4095,-17.1126,5.0553],[139.4112,-17.1222,6.8105],[139.4158,-17.127,0.664],[139.4226,-17.1271,1.2565],[139.4251,-17.1295,0.273],[139.4265,-17.1289,2.6302],[139.4309,-17.1313,0.2096],[139.4336,-17.139,0.0],[139.4399,-17.139,0.0],[139.4398,-17.1357,1.4235],[139.4364,-17.1301,0.1272],[139.4319,-17.1267,1.2727],[139.4277,-17.1259,0.0],[139.4255,-17.1235,0.0],[139.4263,-17.1148,0.146],[139.4301,-17.1098,1.1578],[139.4273,-17.1056,2.5292],[139.4299,-17.1043,2.6019],[139.4349,-17.1076,0.7702],[139.4368,-17.1052,0.6241],[139.4369,-17.1016,1.0815],[139.4634,-17.095,1.2133],[139.4691,-17.0973,0.0],[139.4714,-17.0939,1.7964],[139.4797,-17.0944,1.9487],[139.4844,-17.0916,1.0928],[139.4808,-17.0846,1.2353],[139.4858,-17.0888,2.0205],[139.4845,-17.0928,1.0928],[139.4809,-17.0953,0.7118],[139.4723,-17.0951,0.3909],[139.4765,-17.1008,0.3462],[139.475,-17.1067,2.424],[139.478,-17.1158,2.3556],[139.4857,-17.1208,0.9529],[139.488,-17.1196,0.0],[139.4847,-17.1187,2.462],[139.4867,-17.1163,2.4366],[139.4953,-17.1148,2.1234],[139.5058,-17.1183,2.8441],[139.5082,-17.1229,1.1379],[139.5125,-17.1215,0.7401],[139.5087,-17.1217,1.1379],[139.5086,-17.1196,1.2788],[139.5132,-17.1185,2.1771],[139.5187,-17.1232,0.5581],[139.5145,-17.1119,1.2522],[139.5155,-17.1093,4.0182],[139.5171,-17.1093,3.3059],[139.5173,-17.1065,3.1601],[139.5227,-17.1028,2.9266],[139.5352,-17.0997,0.4452],[139.5519,-17.0998,0.0],[139.5662,-17.0926,4.1794],[139.5741,-17.0921,1.8216],[139.578,-17.0935,0.0],[139.5701,-17.0823,0.7977],[139.5612,-17.0753,3.3677],[139.5567,-17.0685,0.5223],[139.5544,-17.0697,2.7066],[139.557,-17.067,4.8982],[139.5509,-17.055,6.7605],[139.5493,-17.048,2.3462],[139.5563,-17.0343,0.585],[139.5484,-17.0341,1.7115]]],
[[[145.9017,-16.994,0.0],[145.901,-16.9935,0.0],[145.9006,-16.9937,0.0],[145.9015,-16.9941,0.0],[145.9017,-16.994,0.0]]],
[[[139.2778,-16.9921,0.3107],[139.2778,-16.99,0.0],[139.2731,-16.9911,1.1706],[139.2726,-16.9885,0.3956],[139.2701,-16.9887,1.5675],[139.2682,-16.9852,0.0],[139.2655,-16.9844,0.0],[139.2638,-16.9848,0.0],[139.2607,-16.9898,1.6755],[139.2634,-16.9931,1.2967],[139.2619,-16.9986,3.284],[139.2644,-16.9995,1.5554],[139.2683,-16.9973,2.7532],[139.2713,-16.9995,0.5928],[139.2695,-16.995,2.0228],[139.2716,-16.9938,3.7372],[139.272,-16.9959,3.5067],[139.274,-16.9964,0.2552],[139.2749,-16.9928,2.6124],[139.2797,-16.9946,0.0],[139.2778,-16.9921,0.3107]]],
[[[139.0605,-16.8757,2.229],[139.0632,-16.8751,1.3467],[139.0668,-16.8708,0.3431],[139.0676,-16.865,0.0],[139.0664,-16.8621,0.0],[139.0631,-16.8606,0.0],[139.0656,-16.8639,0.0],[139.0634,-16.8639,1.1005],[139.0579,-16.8697,6.4463],[139.0589,-16.8769,0.0],[139.0605,-16.8757,2.229]]],
[[[139.1214,-16.8615,0.0],[139.1212,-16.86,0.0],[139.1196,-16.8591,0.0],[139.1207,-16.8614,0.0],[139.1214,-16.8615,0.0]]],
[[[139.146,-16.8138,0.0],[139.1387,-16.8098,1.756],[139.1373,-16.8029,0.0],[139.1325,-16.7978,0.0],[139.1207,-16.8042,0.0],[139.0949,-16.8127,0.0],[139.0935,-16.8159,4.6487],[139.0954,-16.817,5.2166],[139.0951,-16.8186,4.9878],[139.0906,-16.8267,0.5934],[139.0947,-16.8431,3.2897],[139.0988,-16.8463,0.0],[139.1009,-16.8449,2.2263],[139.1122,-16.8476,2.8472],[139.1133,-16.8494,1.0801],[139.115,-16.8472,0.0],[139.1131,-16.8458,0.6218],[139.115,-16.8449,0.0],[139.1139,-16.8376,1.7489],[139.1165,-16.8348,2.7903],[139.1244,-16.8319,1.7199],[139.1284,-16.8261,3.263],[139.133,-16.8248,1.3405],[139.1425,-16.8271,2.4259],[139.1488,-16.8223,1.6878],[139.1505,-16.8243,1.6721],[139.1522,-16.8219,0.9133],[139.147,-16.8183,1.9972],[139.146,-16.8138,0.0]]],
[[[139.1338,-16.7908,0.0],[139.1351,-16.7911,0.0],[139.1357,-16.7901,0.0],[139.1351,-16.7899,0.0],[139.1338,-16.7908,0.0]]],
[[[139.1558,-16.7741,0.0],[139.1528,-16.7757,0.0],[139.1513,-16.7844,0.0],[139.1539,-16.7761,0.0],[139.1558,-16.7741,0.0]]],
[[[139.1391,-16.79,0.0],[139.1397,-16.79,0.0],[139.1402,-16.7889,0.0],[139.1385,-16.7889,0.0],[139.1391,-16.79,0.0]]],
[[[145.9752,-16.7609,8.8763],[145.9774,-16.7598,0.0],[145.974,-16.7585,10.7048],[145.9712,-16.7594,10.0001],[145.9731,-16.7605,6.5796],[145.9752,-16.7609,8.8763]]],
[[[139.1485,-16.762,0.0],[139.1471,-16.7596,0.2294],[139.1486,-16.7595,0.7286],[139.15,-16.7567,0.0],[139.1422,-16.7554,0.0],[139.1398,-16.7593,3.2732],[139.1399,-16.7623,4.1069],[139.1444,-16.7634,0.0],[139.1485,-16.762,0.0]]],
[[[145.6955,-16.7316,0.0],[145.6951,-16.7311,0.0],[145.6945,-16.7313,0.0],[145.6948,-16.7317,0.0],[145.6955,-16.7316,0.0]]],
[[[145.6871,-16.7259,17.1494],[145.6884,-16.7255,1.3152],[145.6861,-16.7224,0.0],[145.685,-16.7241,0.0],[145.6788,-16.7264,0.0],[145.6795,-16.7285,1.3784],[145.6826,-16.7263,10.2681],[145.6871,-16.7259,17.1494]]],
[[[139.1647,-16.7437,0.0],[139.1629,-16.7406,0.0],[139.1632,-16.7437,0.3639],[139.1669,-16.7481,0.0],[139.1668,-16.7456,0.0],[139.1647,-16.7437,0.0]]],
[[[139.4721,-16.5623,2.7625],[139.4695,-16.5653,2.6962],[139.4735,-16.5673,1.2509],[139.4753,-16.5637,2.1496],[139.4721,-16.5623,2.7625]]],
[[[139.4702,-16.6059,2.2803],[139.4731,-16.6058,1.191],[139.477,-16.6081,0.3892],[139.4784,-16.6055,0.0],[139.4706,-16.6043,0.0],[139.4702,-16.6059,2.2803]]],
[[[139.4586,-16.6684,0.9689],[139.4602,-16.6684,0.9689],[139.4604,-16.6668,0.6561],[139.4596,-16.6666,0.6561],[139.4586,-16.6684,0.9689]]],
[[[139.4551,-16.6669,1.9661],[139.457,-16.668,0.1679],[139.4586,-16.6658,0.0],[139.4548,-16.6624,0.0],[139.4538,-16.6648,2.4691],[139.4551,-16.6669,1.9661]]],
[[[139.8416,-16.7089,0.0963],[139.8418,-16.7095,0.0963],[139.8426,-16.7089,0.0963],[139.8421,-16.7085,0.0963],[139.8416,-16.7089,0.0963]]],
[[[139.843,-16.7066,0.0],[139.843,-16.7073,0.0],[139.8432,-16.7075,0.0993],[139.8438,-16.7065,0.0993],[139.843,-16.7066,0.0]]],
[[[139.1886,-16.7193,0.3082],[139.1859,-16.7166,2.0179],[139.1826,-16.6984,0.0],[139.1849,-16.6992,0.0],[139.1837,-16.6959,1.4284],[139.1863,-16.6916,2.4949],[139.1886,-16.68,4.1315],[139.1834,-16.6737,0.0],[139.1796,-16.6718,0.6479],[139.1713,-16.671,0.0],[139.1502,-16.6871,3.5171],[139.146,-16.6919,4.6903],[139.1445,-16.6994,9.2539],[139.1403,-16.705,1.5046],[139.1402,-16.7152,6.9174],[139.1438,-16.7189,8.2171],[139.1472,-16.7323,4.9819],[139.1395,-16.7498,4.112],[139.1414,-16.7541,2.6135],[139.1503,-16.7482,2.2994],[139.1623,-16.7489,0.0],[139.1614,-16.7397,2.9455],[139.17,-16.7307,3.0958],[139.1768,-16.7348,0.6946],[139.1848,-16.7336,0.0],[139.1846,-16.7312,0.5282],[139.1785,-16.7333,1.5007],[139.1751,-16.7325,0.8089],[139.174,-16.7284,2.0105],[139.1774,-16.7289,2.7493],[139.1826,-16.7269,1.9039],[139.1886,-16.7193,0.3082]]],
[[[139.8863,-16.6536,-0.5513],[139.8875,-16.653,0.0876],[139.8792,-16.6498,-1.2512],[139.8761,-16.6449,-4.1723],[139.8719,-16.6453,-1.9109],[139.8685,-16.6494,-3.7797],[139.8699,-16.6558,0.0],[139.8682,-16.6582,-2.2532],[139.8599,-16.6609,0.0],[139.8514,-16.6605,0.0],[139.8481,-16.6635,-0.8225],[139.8553,-16.6717,0.0],[139.8558,-16.6771,0.0904],[139.8608,-16.6675,1.0406],[139.8689,-16.663,-0.1816],[139.8756,-16.6623,0.5645],[139.8792,-16.6566,1.364],[139.8863,-16.6536,-0.5513]]],
[[[139.8311,-16.6979,0.0],[139.8265,-16.7034,0.2268],[139.8402,-16.6999,0.2743],[139.84,-16.6982,0.1644],[139.8345,-16.6968,0.0],[139.8311,-16.6979,0.0]]],
[[[139.474,-16.6813,0.8765],[139.4777,-16.6795,0.0],[139.4762,-16.6752,1.3853],[139.472,-16.6687,0.0],[139.4691,-16.6692,0.0],[139.4676,-16.667,0.0],[139.4575,-16.6725,0.1918],[139.4563,-16.6776,0.9451],[139.455,-16.6754,0.0],[139.4561,-16.6735,0.3722],[139.4524,-16.6744,0.4044],[139.4485,-16.6798,1.7801],[139.444,-16.6824,4.0584],[139.4434,-16.6875,1.5605],[139.4384,-16.6945,0.904],[139.4382,-16.6961,2.3986],[139.4416,-16.6984,1.3016],[139.4413,-16.7037,2.4558],[139.4458,-16.7064,2.5058],[139.4536,-16.7075,3.4641],[139.4594,-16.7024,8.4171],[139.4646,-16.7004,0.0],[139.4688,-16.6877,0.0],[139.474,-16.6813,0.8765]]],
[[[142.6694,-10.6663,0.0],[142.6688,-10.6666,0.0],[142.6689,-10.667,0.0],[142.6694,-10.6669,0.0],[142.6694,-10.6663,0.0]]],
[[[142.7554,-10.6579,0.0],[142.7543,-10.6565,1.8076],[142.751,-10.6567,0.0],[142.7512,-10.657,0.0],[142.7554,-10.6579,0.0]]],
[[[142.6806,-10.6408,1.4419],[142.6805,-10.6404,1.4419],[142.6793,-10.6403,1.4419],[142.6797,-10.6415,2.8426],[142.6806,-10.6408,1.4419]]],
[[[142.6525,-10.62,2.4898],[142.6523,-10.6229,3.73],[142.6534,-10.623,1.4058],[142.6533,-10.6217,3.73],[142.6525,-10.62,2.4898]]],
[[[141.91,-10.6032,9.9285],[141.9091,-10.6048,0.0],[141.9114,-10.6055,2.7267],[141.912,-10.604,4.9815],[141.91,-10.6032,9.9285]]],
[[[142.6078,-10.6125,0.0],[142.6107,-10.6113,16.4966],[142.611,-10.6109,1.3106],[142.6077,-10.6103,0.0],[142.6078,-10.6125,0.0]]],
[[[142.6664,-10.629,1.1658],[142.6495,-10.6236,1.3668],[142.6448,-10.6238,1.8969],[142.643,-10.6225,14.2592],[142.6431,-10.6184,10.4784],[142.6394,-10.6183,0.0],[142.6389,-10.6223,0.0],[142.6323,-10.6271,0.0],[142.6368,-10.6285,2.6741],[142.6415,-10.6325,14.7216],[142.6438,-10.6305,4.9542],[142.6465,-10.631,11.8441],[142.6509,-10.6386,0.0],[142.6492,-10.6428,0.0],[142.6453,-10.6456,0.0],[142.6446,-10.6495,0.0],[142.6424,-10.6503,7.1877],[142.6391,-10.6481,2.1564],[142.6384,-10.6532,0.0],[142.644,-10.6556,18.3098],[142.6468,-10.6548,0.0],[142.6473,-10.6566,0.0],[142.6541,-10.6514,0.0],[142.6553,-10.6489,14.4348],[142.6586,-10.6473,17.101],[142.6591,-10.6432,9.4699],[142.6623,-10.6423,40.6353],[142.6671,-10.6303,13.1945],[142.6664,-10.629,1.1658]]],
[[[142.6369,-10.5966,7.0635],[142.6358,-10.5966,7.0635],[142.6357,-10.5984,7.1574],[142.6373,-10.5981,7.1574],[142.6369,-10.5966,7.0635]]],
[[[142.6122,-10.6101,1.3106],[142.6152,-10.6098,3.7004],[142.6174,-10.6051,1.1692],[142.612,-10.6078,0.0],[142.6122,-10.6101,1.3106]]],
[[[142.6269,-10.5976,0.0],[142.6228,-10.5954,9.0848],[142.62,-10.5898,7.0635],[142.6121,-10.59,1.7325],[142.6092,-10.5927,0.0],[142.609,-10.5962,25.3974],[142.6115,-10.5983,1.6965],[142.6133,-10.5979,10.1966],[142.6152,-10.6007,6.469],[142.6204,-10.5986,6.1912],[142.6258,-10.5996,4.9308],[142.6279,-10.5982,3.1396],[142.6269,-10.5976,0.0]]],
[[[142.1549,-10.6045,13.3005],[142.169,-10.6059,7.012],[142.173,-10.6031,0.0],[142.1776,-10.5987,42.018],[142.1768,-10.5888,7.4614],[142.179,-10.5857,2.1303],[142.1745,-10.5844,0.0],[142.1619,-10.5922,7.4441],[142.1524,-10.5929,0.0],[142.1505,-10.5909,6.9656],[142.1477,-10.5917,0.0],[142.1466,-10.5957,4.6178],[142.1549,-10.6045,13.3005]]],
[[[142.5298,-10.6826,26.0338],[142.5277,-10.6803,0.0],[142.5263,-10.685,0.0],[142.529,-10.6857,21.9179],[142.5298,-10.6826,26.0338]]],
[[[142.5307,-10.6825,5.0097],[142.5323,-10.6829,5.0097],[142.5348,-10.6816,6.9626],[142.5338,-10.6809,0.0],[142.5307,-10.6825,5.0097]]],
[[[142.3457,-10.5537,1.2233],[142.3464,-10.5531,1.2233],[142.3467,-10.5486,5.5001],[142.3426,-10.5511,0.0],[142.3457,-10.5537,1.2233]]],
[[[142.3516,-10.546,1.5081],[142.3527,-10.547,0.0],[142.3546,-10.544,0.5852],[142.3518,-10.5435,1.5894],[142.3516,-10.546,1.5081]]],
[[[142.3036,-10.5417,0.0],[142.3118,-10.5427,6.3222],[142.3201,-10.5377,8.1355],[142.321,-10.5312,2.2459],[142.3194,-10.5228,2.3524],[142.3122,-10.5055,1.9837],[142.3082,-10.508,0.0],[142.3085,-10.5157,1.9608],[142.3043,-10.5206,3.1267],[142.2977,-10.5231,3.9416],[142.2905,-10.5227,0.0],[142.2842,-10.5271,2.5359],[142.2969,-10.5379,7.9122],[142.2992,-10.5419,0.0],[142.3036,-10.5417,0.0]]],
[[[143.0992,-10.5184,0.0],[143.098,-10.5198,0.0],[143.0986,-10.5203,2.462],[143.1005,-10.5197,2.462],[143.0992,-10.5184,0.0]]],
[[[142.4495,-10.4639,41.7715],[142.45,-10.462,21.6697],[142.4482,-10.4601,13.3941],[142.4451,-10.4603,3.2593],[142.4479,-10.4644,14.1869],[142.4495,-10.4639,41.7715]]],
[[[142.4466,-10.4959,0.0],[142.4472,-10.4955,0.0],[142.4474,-10.4947,0.0],[142.4466,-10.495,0.0],[142.4466,-10.4959,0.0]]],
[[[142.4507,-10.4945,0.0],[142.4498,-10.4952,0.0],[142.4516,-10.4959,0.0],[142.4516,-10.4953,0.0],[142.4507,-10.4945,0.0]]],
[[[142.0539,-10.3624,23.9868],[142.0555,-10.3612,46.6695],[142.0579,-10.3621,19.3396],[142.0603,-10.3601,17.7497],[142.0605,-10.3539,0.0],[142.056,-10.354,0.9919],[142.0541,-10.3517,1.7544],[142.0533,-10.357,2.3882],[142.0505,-10.3539,6.9554],[142.0486,-10.3547,8.2619],[142.0486,-10.3593,0.5507],[142.0467,-10.3615,0.0],[142.0481,-10.3658,8.5274],[142.0539,-10.3624,23.9868]]],
[[[142.3637,-10.3686,0.9564],[142.3647,-10.3669,0.0],[142.3622,-10.3647,2.0821],[142.3615,-10.3658,0.0],[142.3637,-10.3686,0.9564]]],
[[[142.1085,-10.3411,0.0],[142.1076,-10.3416,0.4134],[142.1077,-10.3457,1.6814],[142.1093,-10.3452,0.0],[142.1085,-10.3411,0.0]]],
[[[142.1372,-10.3666,3.0581],[142.1368,-10.3607,0.0],[142.1339,-10.3598,10.2912],[142.1328,-10.3543,0.0],[142.1246,-10.3534,0.6937],[142.125,-10.357,0.2939],[142.1226,-10.3587,0.0],[142.1243,-10.3611,0.0],[142.1219,-10.3688,12.53],[142.1243,-10.3708,22.608],[142.1253,-10.3747,9.4796],[142.1239,-10.3768,1.6099],[142.1262,-10.3777,8.438],[142.1252,-10.3796,0.0],[142.1269,-10.3802,6.6499],[142.1251,-10.383,0.0],[142.1291,-10.3841,10.4084],[142.1284,-10.3863,1.4718],[142.1297,-10.3871,3.4584],[142.1344,-10.3868,7.3663],[142.1394,-10.3788,37.15],[142.1407,-10.3734,11.123],[142.1372,-10.3666,3.0581]]],
[[[142.1211,-10.3525,0.0],[142.1186,-10.3553,0.0],[142.1194,-10.3561,4.7962],[142.1217,-10.3553,0.3425],[142.1211,-10.3525,0.0]]],
[[[142.2281,-10.351,0.0],[142.2266,-10.3507,0.0],[142.2263,-10.351,0.0],[142.2291,-10.3525,2.4955],[142.2281,-10.351,0.0]]],
[[[142.1189,-10.3503,1.1237],[142.1178,-10.3503,1.1237],[142.1167,-10.3519,0.0],[142.1189,-10.3522,1.8452],[142.1189,-10.3503,1.1237]]],
[[[142.4364,-10.4622,1.1518],[142.4382,-10.4631,0.0],[142.4417,-10.461,0.0],[142.4376,-10.4602,0.1987],[142.4364,-10.4622,1.1518]]],
[[[142.0913,-10.3169,14.8441],[142.0926,-10.3176,2.5683],[142.0929,-10.3154,0.0],[142.0922,-10.3154,0.0],[142.0913,-10.3169,14.8441]]],
[[[142.1047,-10.2889,1.7716],[142.1047,-10.2873,0.0],[142.1006,-10.2853,0.0],[142.0977,-10.2931,1.6917],[142.1029,-10.2928,4.5392],[142.1047,-10.2889,1.7716]]],
[[[142.0975,-10.271,0.0],[142.097,-10.2741,6.2788],[142.0995,-10.275,12.204],[142.1028,-10.2808,25.3986],[142.1054,-10.2807,35.1443],[142.106,-10.2785,11.1326],[142.1027,-10.2759,0.0],[142.1026,-10.2732,5.7314],[142.0975,-10.271,0.0]]],
[[[142.1055,-10.271,0.0],[142.104,-10.2713,2.4509],[142.1045,-10.2741,0.0],[142.1058,-10.2731,1.682],[142.1055,-10.271,0.0]]],
[[[142.146,-10.5663,1.7941],[142.1533,-10.5678,17.8797],[142.1538,-10.5708,2.0743],[142.1578,-10.57,10.3695],[142.1709,-10.5572,4.6939],[142.1719,-10.5543,7.9344],[142.1609,-10.557,1.5977],[142.1498,-10.5637,13.0481],[142.1484,-10.5627,0.0],[142.146,-10.5663,1.7941]]],
[[[142.2273,-10.5703,8.5016],[142.2215,-10.5698,1.5183],[142.2169,-10.5748,5.9793],[142.2129,-10.5767,3.7659],[142.2066,-10.5771,2.2619],[142.2056,-10.5815,0.717],[142.2087,-10.5827,4.2089],[142.2094,-10.5886,0.0],[142.2137,-10.5879,10.2135],[142.2153,-10.5859,4.5055],[142.2233,-10.5852,0.0],[142.2299,-10.581,39.7235],[142.2333,-10.5742,1.0781],[142.2273,-10.5703,8.5016]]],
[[[142.3175,-10.5883,12.4494],[142.3085,-10.5804,11.9244],[142.3063,-10.5706,0.0],[142.3008,-10.5713,1.0023],[142.2987,-10.575,3.4212],[142.2841,-10.577,2.997],[142.2744,-10.5741,0.0],[142.2704,-10.5747,10.6956],[142.2571,-10.5795,8.5622],[142.2502,-10.5841,0.0],[142.2467,-10.5922,1.6634],[142.2397,-10.6007,0.0],[142.2399,-10.604,0.2686],[142.2432,-10.6065,11.653],[142.2374,-10.6059,0.0],[142.2361,-10.6089,0.0],[142.2426,-10.6169,3.6593],[142.2451,-10.6175,11.1831],[142.2545,-10.6337,0.0],[142.266,-10.6421,1.5532],[142.2858,-10.6376,10.7108],[142.2959,-10.6378,5.6427],[142.2987,-10.6351,7.6166],[142.3096,-10.6306,19.6432],[142.311,-10.6258,11.5511],[142.3152,-10.6239,17.6231],[142.32,-10.6163,1.1593],[142.3265,-10.6129,12.385],[142.3213,-10.5932,1.3558],[142.3175,-10.5883,12.4494]]],
[[[142.2301,-10.5361,32.7439],[142.2234,-10.5237,38.1608],[142.213,-10.5217,0.0],[142.2074,-10.5287,0.0],[142.2078,-10.5305,7.3538],[142.2046,-10.5353,0.0],[142.2041,-10.5441,4.4798],[142.2005,-10.5473,6.387],[142.1913,-10.544,12.5164],[142.1871,-10.5509,3.464],[142.1855,-10.5501,3.9416],[142.1828,-10.5526,0.0],[142.1837,-10.5555,3.5397],[142.1819,-10.5558,0.0],[142.1798,-10.5612,3.4951],[142.1842,-10.5653,0.0],[142.1854,-10.5697,0.0],[142.1892,-10.5689,7.3903],[142.1905,-10.5709,0.0],[142.1938,-10.5717,2.1969],[142.1949,-10.5749,0.0],[142.1974,-10.5735,0.8775],[142.1995,-10.5692,7.0732],[142.2025,-10.5708,3.7046],[142.2067,-10.5693,12.2918],[142.2094,-10.5663,2.7089],[142.214,-10.5663,0.0],[142.2193,-10.5611,54.1002],[142.2199,-10.5506,13.1253],[142.2234,-10.5395,10.1092],[142.2301,-10.5361,32.7439]]],
[[[142.0529,-10.2178,0.0],[142.054,-10.2191,3.5838],[142.054,-10.2163,2.5986],[142.0535,-10.2166,2.5986],[142.0529,-10.2178,0.0]]],
[[[142.8298,-10.2054,0.6307],[142.8272,-10.2036,0.2046],[142.8216,-10.2043,0.0],[142.8193,-10.2057,1.2617],[142.8179,-10.2096,0.0],[142.8204,-10.2109,3.6388],[142.8249,-10.2104,1.902],[142.8298,-10.2054,0.6307]]],
[[[142.1169,-10.1894,0.0],[142.1164,-10.1919,0.0],[142.1186,-10.1942,1.7817],[142.1194,-10.1903,0.0],[142.117,-10.1872,0.0],[142.1169,-10.1894,0.0]]],
[[[142.1489,-10.2025,1.6319],[142.1464,-10.2005,0.0],[142.1448,-10.2048,5.1987],[142.1418,-10.2051,1.9327],[142.1422,-10.21,3.7616],[142.1453,-10.212,10.6187],[142.1484,-10.2109,4.1214],[142.1489,-10.2025,1.6319]]],
[[[142.1666,-10.1988,6.9926],[142.1683,-10.2021,0.0],[142.1708,-10.2011,0.0],[142.1698,-10.1987,7.4873],[142.1666,-10.1988,6.9926]]],
[[[142.8266,-10.2551,0.0],[142.8316,-10.2545,2.3621],[142.8322,-10.2539,2.3621],[142.8293,-10.2534,2.7002],[142.8266,-10.2551,0.0]]],
[[[142.4871,-10.2345,0.0],[142.4871,-10.2353,5.7019],[142.4884,-10.2354,1.3144],[142.4881,-10.2342,0.0],[142.4871,-10.2345,0.0]]],
[[[142.0726,-10.2298,3.3703],[142.0701,-10.228,2.6631],[142.0765,-10.2397,3.0185],[142.0788,-10.236,1.9186],[142.0751,-10.2307,4.6616],[142.0726,-10.2298,3.3703]]],
[[[142.0633,-10.2292,0.0],[142.062,-10.2306,0.0],[142.063,-10.2317,0.0],[142.0647,-10.2303,2.9669],[142.0633,-10.2292,0.0]]],
[[[142.1507,-10.2198,0.5043],[142.1519,-10.2207,0.5043],[142.1513,-10.2246,0.0],[142.157,-10.2276,10.5169],[142.1539,-10.2198,11.0542],[142.1503,-10.2179,0.0],[142.1486,-10.2202,0.0],[142.1507,-10.2198,0.5043]]],
[[[142.0665,-10.2209,0.0],[142.066,-10.2224,6.0406],[142.0674,-10.2239,2.8384],[142.0675,-10.2214,6.0406],[142.0665,-10.2209,0.0]]],
[[[142.0846,-10.2409,1.8476],[142.0849,-10.2399,1.8476],[142.0817,-10.2395,0.0],[142.0803,-10.2431,0.0],[142.0833,-10.2452,4.2215],[142.0846,-10.2409,1.8476]]],
[[[142.1663,-10.2133,1.0499],[142.164,-10.2144,0.0],[142.1637,-10.222,1.0683],[142.165,-10.2259,4.7722],[142.1689,-10.2282,2.0139],[142.1727,-10.2257,2.0113],[142.1686,-10.2188,0.7283],[142.1732,-10.2077,0.0],[142.168,-10.2089,0.0],[142.1663,-10.2133,1.0499]]],
[[[142.9159,-10.1504,0.0],[142.9164,-10.1502,0.0],[142.9166,-10.1493,0.0],[142.9162,-10.1496,0.0],[142.9159,-10.1504,0.0]]],
[[[142.9227,-10.1493,0.0],[142.9226,-10.1485,0.0],[142.9219,-10.1483,0.0],[142.9219,-10.1489,0.0],[142.9227,-10.1493,0.0]]],
[[[142.4897,-10.1122,0.0],[142.4911,-10.1103,0.0],[142.4897,-10.1086,0.0],[142.4856,-10.1094,0.0],[142.4842,-10.1117,0.0],[142.4867,-10.1131,0.0],[142.4897,-10.1122,0.0]]],
[[[142.9056,-10.1533,0.0],[142.9066,-10.153,0.0],[142.907,-10.1524,0.0],[142.9055,-10.1529,0.0],[142.9056,-10.1533,0.0]]],
[[[142.9102,-10.1516,0.0],[142.9108,-10.1518,0.0],[142.9108,-10.151,0.0],[142.9104,-10.1513,0.0],[142.9102,-10.1516,0.0]]],
[[[142.5153,-10.1952,24.736],[142.5177,-10.192,70.5398],[142.5157,-10.1873,13.2167],[142.5112,-10.1837,0.0],[142.5041,-10.1838,0.1658],[142.5119,-10.1884,0.0],[142.5119,-10.1938,0.0],[142.5153,-10.1952,24.736]]],
[[[142.13,-10.1864,0.0],[142.1294,-10.1847,2.8177],[142.1281,-10.1852,11.3974],[142.1287,-10.1869,0.0],[142.13,-10.1864,0.0]]],
[[[142.169,-10.1834,4.9742],[142.1673,-10.1854,0.0],[142.1682,-10.1862,0.0],[142.1701,-10.1849,9.6118],[142.169,-10.1834,4.9742]]],
[[[142.817,-10.1473,3.9445],[142.8227,-10.1464,1.1058],[142.8232,-10.1458,0.7861],[142.8157,-10.146,0.0],[142.817,-10.1473,3.9445]]],
[[[142.0748,-10.1175,0.0],[142.0741,-10.1163,0.0],[142.0737,-10.1164,0.0],[142.0743,-10.1187,2.2906],[142.0748,-10.1175,0.0]]],
[[[142.3592,-10.1144,0.0],[142.3567,-10.1158,7.9555],[142.3597,-10.1192,1.8922],[142.3603,-10.1156,2.5304],[142.3592,-10.1144,0.0]]],
[[[142.0861,-10.1328,1.9796],[142.0861,-10.1289,1.7476],[142.0833,-10.1264,0.85],[142.0844,-10.1336,0.0],[142.0861,-10.1328,1.9796]]],
[[[142.1725,-10.1853,0.0],[142.1747,-10.1844,0.0],[142.1739,-10.1806,1.705],[142.1717,-10.1825,5.2437],[142.1725,-10.1853,0.0]]],
[[[142.1781,-10.1778,17.712],[142.1769,-10.1753,2.8274],[142.175,-10.1769,7.2561],[142.1764,-10.1789,0.0],[142.1781,-10.1778,17.712]]],
[[[142.6776,-10.1692,14.6939],[142.6769,-10.1675,0.698],[142.6734,-10.1664,-0.1086],[142.6802,-10.1722,11.7527],[142.6776,-10.1692,14.6939]]],
[[[142.5061,-10.1599,9.4803],[142.5083,-10.1633,5.5455],[142.5128,-10.1627,23.6095],[142.5148,-10.1609,15.8873],[142.5144,-10.1571,5.0],[142.513,-10.1554,0.0],[142.5091,-10.1573,0.3961],[142.5023,-10.1567,0.0],[142.5061,-10.1599,9.4803]]],
[[[143.3216,-10.1051,6.3181],[143.3198,-10.1049,12.2678],[143.3177,-10.1075,0.0],[143.3197,-10.1077,5.4555],[143.3216,-10.1051,6.3181]]],
[[[142.1753,-10.0584,0.0],[142.1777,-10.059,0.0],[142.1776,-10.0573,15.7729],[142.176,-10.0566,9.9732],[142.1753,-10.0584,0.0]]],
[[[142.1591,-10.047,10.8738],[142.1576,-10.0461,0.0],[142.1565,-10.0475,17.663],[142.158,-10.049,1.6587],[142.1591,-10.047,10.8738]]],
[[[142.1319,-10.0475,0.753],[142.1319,-10.0442,0.0],[142.1297,-10.0433,0.603],[142.1313,-10.0471,0.0],[142.1319,-10.0475,0.753]]],
[[[142.4597,-10.0422,0.0],[142.46,-10.0394,0.0],[142.4558,-10.0383,0.0],[142.4497,-10.0419,0.0],[142.4475,-10.0456,0.0],[142.4547,-10.0478,0.0],[142.4583,-10.0461,0.0],[142.4597,-10.0422,0.0]]],
[[[142.1228,-10.0228,4.8454],[142.1222,-10.0192,0.0],[142.1189,-10.0203,3.4554],[142.1197,-10.0225,3.0326],[142.1228,-10.0228,4.8454]]],
[[[142.1226,-10.0183,0.0],[142.1242,-10.0167,1.8293],[142.1237,-10.0155,1.794],[142.1222,-10.0164,0.0],[142.1226,-10.0183,0.0]]],
[[[143.0278,-9.9958,0.0],[143.026,-9.9957,0.0],[143.0306,-9.9984,1.4242],[143.0321,-9.9973,2.1654],[143.0307,-9.9959,0.6822],[143.0278,-9.9958,0.0]]],
[[[143.1263,-9.985,0.0],[143.1234,-9.9841,0.0],[143.1128,-9.9884,0.0],[143.1179,-9.9889,0.0],[143.1263,-9.985,0.0]]],
[[[142.2371,-9.976,0.0],[142.238,-9.9785,0.0],[142.2404,-9.9781,0.0],[142.239,-9.976,0.0],[142.2371,-9.976,0.0]]],
[[[142.1292,-10.0297,0.0],[142.1298,-10.027,0.0],[142.1284,-10.026,0.0],[142.1279,-10.028,18.0607],[142.1292,-10.0297,0.0]]],
[[[142.8833,-10.0353,0.0],[142.8836,-10.0317,0.0],[142.8822,-10.0303,0.0],[142.8789,-10.0303,0.0],[142.8769,-10.0319,0.0],[142.8825,-10.0378,0.0],[142.8811,-10.0408,0.0],[142.8842,-10.0406,0.0],[142.8831,-10.0442,0.0],[142.8847,-10.0458,0.0],[142.8861,-10.0442,0.0],[142.8931,-10.0439,0.0],[142.8947,-10.0408,0.0],[142.8939,-10.0397,0.0],[142.8905,-10.04,0.0],[142.8883,-10.0361,0.0],[142.8836,-10.0369,0.0],[142.8833,-10.0353,0.0]]],
[[[142.8694,-10.0231,3.1396],[142.8658,-10.0214,0.0],[142.8636,-10.025,0.6016],[142.8647,-10.0272,0.0],[142.8667,-10.025,0.0],[142.8711,-10.0314,0.0],[142.8742,-10.0256,1.0888],[142.8839,-10.0308,0.1998],[142.8856,-10.0303,0.0],[142.8778,-10.0253,0.0],[142.8694,-10.0231,3.1396]]],
[[[143.0737,-10.0501,6.7527],[143.0636,-10.0502,9.3574],[143.0605,-10.0514,0.0],[143.0761,-10.0512,3.4129],[143.0737,-10.0501,6.7527]]],
[[[142.1671,-10.0515,0.0],[142.1663,-10.0504,8.8615],[142.1647,-10.051,8.8615],[142.1658,-10.0525,3.5254],[142.1671,-10.0515,0.0]]],
[[[142.8571,-10.0252,13.5233],[142.8573,-10.0196,7.2555],[142.8548,-10.0221,4.6627],[142.8482,-10.0174,-0.2491],[142.8425,-10.0192,-1.2016],[142.8329,-10.0183,-2.0155],[142.8321,-10.02,-0.7124],[142.829,-10.0206,0.5261],[142.8259,-10.0271,-0.1981],[142.828,-10.0318,-1.3171],[142.8388,-10.038,-1.9539],[142.8512,-10.0503,-0.6612],[142.8576,-10.0531,0.0323],[142.8584,-10.0474,7.2639],[142.8655,-10.0437,9.8842],[142.8678,-10.0408,9.6257],[142.8649,-10.0343,1.4697],[142.8571,-10.0252,13.5233]]],
[[[142.1845,-10.0713,18.5412],[142.1826,-10.07,11.1239],[142.1826,-10.0679,11.1925],[142.1846,-10.0676,13.5617],[142.1826,-10.0599,7.7794],[142.1779,-10.0591,0.0],[142.1695,-10.0638,7.3096],[142.1683,-10.069,8.3181],[142.162,-10.0636,0.0],[142.1441,-10.0666,1.1067],[142.1426,-10.07,3.5594],[142.1279,-10.0729,0.0],[142.12,-10.0718,2.0299],[142.1142,-10.0685,0.0],[142.1144,-10.0777,0.0],[142.1128,-10.0825,0.0],[142.1068,-10.0837,0.0],[142.1056,-10.09,2.7551],[142.1007,-10.0968,5.7957],[142.0981,-10.0985,5.263],[142.0957,-10.0963,0.0],[142.0913,-10.1072,1.6245],[142.0883,-10.1099,1.7789],[142.0884,-10.112,9.6192],[142.0854,-10.1126,0.0],[142.0858,-10.1144,0.0],[142.089,-10.1152,2.7496],[142.0919,-10.1229,10.4482],[142.091,-10.127,3.5785],[142.0877,-10.1305,0.0],[142.0962,-10.1404,0.0],[142.1038,-10.1426,6.4188],[142.1089,-10.1488,13.1236],[142.1115,-10.1482,2.1096],[142.1129,-10.1451,3.0132],[142.1159,-10.1447,2.3997],[142.1216,-10.1481,1.6819],[142.1194,-10.1493,0.0],[142.1232,-10.1511,1.5857],[142.1189,-10.151,0.0],[142.1262,-10.1537,4.9527],[142.1275,-10.156,8.7157],[142.1312,-10.1645,0.0],[142.1313,-10.1699,0.0],[142.1343,-10.1788,8.4397],[142.1364,-10.1756,4.6666],[142.1425,-10.1772,5.0176],[142.1539,-10.1726,6.6039],[142.16,-10.1741,2.53],[142.1604,-10.1784,0.0],[142.1634,-10.181,9.9377],[142.1659,-10.1753,9.5225],[142.1674,-10.1656,2.8461],[142.171,-10.1579,3.895],[142.1791,-10.1508,5.0467],[142.187,-10.1504,0.0],[142.1881,-10.1284,5.8451],[142.1925,-10.1059,6.4987],[142.1892,-10.0927,0.0],[142.1899,-10.0881,0.0],[142.1866,-10.0868,8.0885],[142.1851,-10.0824,0.0],[142.1845,-10.0713,18.5412]]],
[[[142.3456,-10.1044,0.0],[142.3451,-10.1039,0.0],[142.3439,-10.1043,0.0],[142.3447,-10.1052,2.7871],[142.3456,-10.1044,0.0]]],
[[[142.8165,-10.1008,0.0],[142.8172,-10.1012,0.0],[142.8171,-10.1003,0.0],[142.8167,-10.1003,0.0],[142.8165,-10.1008,0.0]]],
[[[142.0808,-10.1001,0.0],[142.0814,-10.0998,0.0],[142.0812,-10.099,0.0],[142.0806,-10.0994,0.0],[142.0808,-10.1001,0.0]]],
[[[142.0901,-10.0899,0.0],[142.0891,-10.0901,0.0],[142.0891,-10.0919,1.3081],[142.091,-10.0909,0.0],[142.0901,-10.0899,0.0]]],
[[[142.3293,-10.0839,0.0],[142.3269,-10.0799,0.0],[142.3242,-10.0795,0.0],[142.3276,-10.0838,21.8274],[142.3293,-10.0839,0.0]]],
[[[142.0958,-10.0758,0.0],[142.0946,-10.0757,0.0],[142.0949,-10.0772,7.0358],[142.0958,-10.0769,7.0358],[142.0958,-10.0758,0.0]]],
[[[142.1077,-10.0657,6.8163],[142.1064,-10.0649,4.0452],[142.1055,-10.0664,0.0],[142.1075,-10.0677,7.0388],[142.1077,-10.0657,6.8163]]],
[[[142.1181,-10.0686,2.2302],[142.1206,-10.0686,0.0],[142.1172,-10.0658,0.0],[142.1164,-10.0667,1.9535],[142.1181,-10.0686,2.2302]]],
[[[142.1202,-10.0649,1.4271],[142.1229,-10.0687,0.0],[142.1243,-10.068,0.0],[142.1196,-10.0614,6.7744],[142.1184,-10.063,1.676],[142.1202,-10.0649,1.4271]]],
[[[142.1058,-10.0572,0.9975],[142.1064,-10.0597,0.0],[142.1086,-10.06,0.0],[142.1092,-10.0586,0.0],[142.1067,-10.0558,0.0],[142.1058,-10.0572,0.9975]]],
[[[142.1723,-10.0563,11.0446],[142.1715,-10.0588,4.5154],[142.1744,-10.0605,0.0],[142.1739,-10.0577,3.2961],[142.1723,-10.0563,11.0446]]],
[[[142.1119,-10.0724,4.3468],[142.1103,-10.0738,7.9927],[142.1113,-10.0761,3.5146],[142.1131,-10.0746,0.8069],[142.1119,-10.0724,4.3468]]],
[[[142.2649,-10.0753,1.1706],[142.2657,-10.074,8.1765],[142.2642,-10.071,0.0],[142.2637,-10.075,1.1706],[142.2649,-10.0753,1.1706]]],
[[[142.1637,-10.0562,0.0],[142.1608,-10.0508,0.0],[142.16,-10.0517,0.0],[142.1619,-10.0542,0.0],[142.1606,-10.0581,0.0],[142.1649,-10.06,0.0],[142.166,-10.0588,3.612],[142.1637,-10.0562,0.0]]],
[[[142.0687,-10.2656,24.5234],[142.0699,-10.2649,6.2111],[142.0723,-10.267,21.3575],[142.0765,-10.2658,7.3856],[142.0764,-10.2636,1.7093],[142.0742,-10.2623,0.0],[142.0744,-10.2594,0.0],[142.0705,-10.2619,7.7882999999999996],[142.0693,-10.261,0.0],[142.0659,-10.2625,4.3831],[142.0687,-10.2656,24.5234]]],
[[[142.0714,-10.26,1.2665],[142.0725,-10.2575,2.0607],[142.07,-10.2558,0.0],[142.0686,-10.2581,0.0],[142.0714,-10.26,1.2665]]],
[[[142.474,-10.2503,0.0],[142.48,-10.2604,21.1083],[142.4838,-10.2607,6.5385],[142.4878,-10.2554,0.0],[142.4872,-10.2483,1.7939],[142.4903,-10.2433,1.5664],[142.4892,-10.2424,0.0],[142.4862,-10.2461,14.2659],[142.4773,-10.2479,0.0],[142.474,-10.2503,0.0]]],
[[[142.2977,-10.1266,0.0],[142.2961,-10.1283,6.9545],[142.2886,-10.1278,0.0],[142.2795,-10.1243,2.4322],[142.2707,-10.1167,11.0067],[142.2659,-10.1158,0.0],[142.2649,-10.1196,0.0],[142.262,-10.1222,2.4225],[142.2567,-10.1231,0.0],[142.2538,-10.1254,10.1072],[142.2528,-10.1231,13.9268],[142.2473,-10.1219,4.5969],[142.2369,-10.1213,5.5069],[142.2286,-10.1231,7.0394],[142.2198,-10.1289,0.0],[142.2117,-10.1393,1.5869],[142.2058,-10.164,9.6296],[142.2096,-10.166,7.1663],[142.2089,-10.1693,2.4405],[142.2108,-10.1708,5.0393],[142.208,-10.1699,1.79],[142.2075,-10.1663,5.16],[142.2058,-10.1665,5.16],[142.1994,-10.1757,5.8679],[142.1969,-10.1822,0.0],[142.1903,-10.1876,0.0],[142.1839,-10.1895,0.0],[142.1862,-10.1906,1.2536],[142.1894,-10.2003,10.387],[142.1933,-10.204,8.5667],[142.1972,-10.2124,0.0],[142.2138,-10.2278,5.1352],[142.2143,-10.2344,6.0145],[142.2181,-10.2389,19.6342],[142.22,-10.2381,2.0333],[142.224,-10.2312,5.7633],[142.2264,-10.2304,1.4872],[142.2411,-10.2343,10.8322],[142.2628,-10.2436,2.8122],[142.274,-10.2581,1.312],[142.2768,-10.2597,2.0789],[142.2819,-10.2593,5.7277],[142.2844,-10.2574,0.0],[142.2875,-10.248,4.308],[142.3015,-10.2355,33.5533],[142.3029,-10.2292,2.3222],[142.3068,-10.2225,10.6028],[142.3148,-10.2193,0.0],[142.3151,-10.2116,1.3005],[142.3203,-10.2089,0.0],[142.3293,-10.1989,7.7768],[142.3316,-10.1992,2.5872],[142.3375,-10.1833,2.5466],[142.3408,-10.1833,2.6389],[142.3442,-10.1734,11.2447],[142.344,-10.1688,8.2029],[142.3408,-10.1663,8.3708],[142.3366,-10.1659,10.7003],[142.3304,-10.1582,6.9084],[142.3312,-10.1498,0.0],[142.33,-10.1467,11.3678],[142.3314,-10.1438,0.0],[142.3255,-10.1351,1.3846],[142.3177,-10.1362,0.0],[142.3157,-10.139,0.0],[142.3121,-10.1386,3.0226],[142.3021,-10.1288,48.9251],[142.3001,-10.124,0.0],[142.2977,-10.1266,0.0]]],
[[[142.1526,-9.9609,0.0],[142.1519,-9.9612,0.0],[142.153,-9.9617,0.0],[142.1532,-9.9614,0.0],[142.1526,-9.9609,0.0]]],
[[[142.2106,-9.9624,0.0],[142.2098,-9.9616,0.0],[142.2094,-9.9628,0.0],[142.2103,-9.9628,0.0],[142.2106,-9.9624,0.0]]],
[[[142.2119,-9.9596,0.0],[142.2104,-9.9601,0.1265],[142.2105,-9.9612,0.1265],[142.2118,-9.9602,0.0],[142.2119,-9.9596,0.0]]],
[[[144.0381,-9.9517,0.0],[144.0372,-9.9489,9.4873],[144.0409,-9.9483,0.0],[144.0409,-9.9471,3.0281],[144.0378,-9.9463,18.9674],[144.0357,-9.9475,0.0],[144.0353,-9.9508,0.0],[144.0387,-9.9528,0.0],[144.0381,-9.9517,0.0]]],
[[[143.3948,-9.9563,0.0],[143.3985,-9.9544,1.4674],[143.3988,-9.9524,0.9817],[143.3967,-9.9532,1.524],[143.3948,-9.9563,0.0]]],
[[[143.2945,-9.9505,0.0],[143.2933,-9.9471,1.64],[143.284,-9.9575,1.9544],[143.2892,-9.9558,3.0351],[143.2945,-9.9505,0.0]]],
[[[144.0309,-9.9459,0.2243],[144.0281,-9.9427,58.5451],[144.0211,-9.9403,0.0998],[144.0241,-9.9473,0.0],[144.0269,-9.9471,0.0],[144.0302,-9.9493,0.0],[144.032,-9.9472,0.0],[144.0309,-9.9459,0.2243]]],
[[[142.1652,-9.9578,0.4442],[142.1625,-9.9546,1.1561],[142.1601,-9.9558,0.0],[142.1625,-9.9586,6.799],[142.1652,-9.9578,0.4442]]],
[[[142.2099,-9.9544,0.8916],[142.2108,-9.9533,0.8916],[142.2088,-9.9521,2.3096],[142.2088,-9.9551,6.3712],[142.2118,-9.9578,1.994],[142.2117,-9.9556,0.4807],[142.2099,-9.9544,0.8916]]],
[[[142.1579,-9.9408,0.0],[142.1563,-9.9414,5.0657],[142.1562,-9.9448,6.4463],[142.1617,-9.9476,1.2601],[142.1654,-9.9473,1.9454],[142.1597,-9.9411,0.0],[142.1579,-9.9408,0.0]]],
[[[142.1739,-9.9458,7.8935],[142.1754,-9.9447,3.1528],[142.1737,-9.9436,2.7178],[142.1729,-9.9449,7.8935],[142.1739,-9.9458,7.8935]]],
[[[142.174,-9.9412,4.307],[142.172,-9.9387,6.1533],[142.1694,-9.9402,1.4343],[142.1714,-9.9424,5.6589],[142.174,-9.9412,4.307]]],
[[[142.212,-9.9463,1.3415],[142.2119,-9.9482,0.0],[142.2093,-9.9509,0.0],[142.2128,-9.9507,5.5552],[142.212,-9.9463,1.3415]]],
[[[142.1789,-9.9375,0.0],[142.1789,-9.9356,0.0],[142.1758,-9.9367,0.0],[142.1758,-9.9369,0.0],[142.1789,-9.9375,0.0]]],
[[[142.1583,-9.9331,0.0],[142.1597,-9.9319,2.5696],[142.157,-9.9297,8.8909],[142.1561,-9.9306,0.0],[142.1583,-9.9331,0.0]]],
[[[144.0392,-9.9231,0.0],[144.0423,-9.9273,0.0],[144.0451,-9.9283,0.0],[144.0579,-9.9237,0.0],[144.0624,-9.9178,7.7976],[144.0638,-9.9128,0.0],[144.0571,-9.9083,32.0515],[144.0515,-9.9084,0.5288],[144.0408,-9.9144,0.138],[144.0386,-9.9186,0.0],[144.0392,-9.9231,0.0]]],
[[[142.1636,-9.9356,0.6006],[142.1653,-9.9339,0.0],[142.1625,-9.9328,0.0],[142.1619,-9.9333,0.0],[142.1636,-9.9356,0.6006]]],
[[[142.7764,-9.8972,6.6096],[142.7705,-9.8982,13.666],[142.7644,-9.8941,0.0],[142.7686,-9.9047,1.0712],[142.7763,-9.9071,9.9727],[142.783,-9.9049,2.3278],[142.7813,-9.9004,5.011],[142.783,-9.8974,14.5034],[142.7814,-9.8959,3.0019],[142.7764,-9.8972,6.6096]]],
[[[143.4853,-9.8864,0.0],[143.4871,-9.8839,4.0774],[143.4852,-9.8821,0.0],[143.4828,-9.8864,0.0],[143.4853,-9.8864,0.0]]],
[[[143.1687,-9.8684,0.8547],[143.1693,-9.8698,0.0],[143.1738,-9.8688,0.0],[143.1717,-9.8676,0.0],[143.1687,-9.8684,0.8547]]],
[[[143.3068,-9.8642,8.3626],[143.3093,-9.8629,8.2827],[143.3102,-9.8602,0.0],[143.3075,-9.8614,1.0321],[143.3068,-9.8642,8.3626]]],
[[[142.7121,-9.8348,0.0],[142.7142,-9.8377,29.6711],[142.7172,-9.8365,6.2328],[142.7165,-9.8346,8.7555],[142.7077,-9.8325,0.7322],[142.7093,-9.8346,0.0],[142.7121,-9.8348,0.0]]],
[[[141.4192,-9.824,0.0],[141.4192,-9.8254,0.0],[141.4259,-9.8229,0.0],[141.4305,-9.8233,0.0],[141.4265,-9.8216,0.0],[141.4192,-9.824,0.0]]],
[[[143.4098,-9.8174,0.0],[143.4072,-9.819,0.0],[143.4071,-9.822,0.0],[143.4095,-9.8203,0.6231],[143.4098,-9.8174,0.0]]],
[[[142.9755,-9.7951,0.9489],[142.9726,-9.7984,0.0],[142.9717,-9.8033,3.8453],[142.9722,-9.807,2.6717],[142.9742,-9.8079,7.2521],[142.9774,-9.805,0.0],[142.9755,-9.7951,0.9489]]],
[[[142.6281,-9.7986,0.0],[142.6245,-9.7992,0.0],[142.6283,-9.8006,0.0],[142.6294,-9.7994,0.0],[142.6281,-9.7986,0.0]]],
[[[142.6405,-9.7956,0.0],[142.6386,-9.7956,0.0],[142.6411,-9.7967,0.0],[142.6405,-9.7956,0.0]]],
[[[143.3969,-9.8667,3.0016],[143.3947,-9.8656,0.0],[143.3904,-9.8691,0.6563],[143.3958,-9.8688,6.844],[143.3976,-9.8679,0.0],[143.3969,-9.8667,3.0016]]],
[[[142.9398,-9.8531,8.9577],[142.9362,-9.853,7.7449],[142.9359,-9.851,1.7131],[142.9314,-9.85,4.8972],[142.9316,-9.8478,4.1618],[142.9261,-9.8444,-0.3345],[142.9173,-9.843,4.7648],[142.9039,-9.8472,2.798],[142.9005,-9.8461,-0.1275],[142.8978,-9.8534,6.7063],[142.9034,-9.8649,2.1488],[142.9126,-9.8668,2.2999],[142.9486,-9.8556,6.7291],[142.9463,-9.8527,0.3779],[142.9426,-9.854,6.0589],[142.9398,-9.8531,8.9577]]],
[[[142.649,-9.7648,14.5079],[142.6474,-9.7614,22.9939],[142.6435,-9.7597,6.6071],[142.6391,-9.7614,22.6547],[142.6284,-9.7578,0.0],[142.6277,-9.7614,13.2879],[142.6234,-9.7665,19.1179],[142.622,-9.7726,8.3129],[142.6257,-9.7746,0.0],[142.6462,-9.7731,0.0],[142.6497,-9.7701,13.2066],[142.649,-9.7648,14.5079]]],
[[[143.2571,-9.7643,0.0],[143.255,-9.767,1.0426],[143.2632,-9.7661,6.6009],[143.2681,-9.762,0.0],[143.2631,-9.762,0.0],[143.2571,-9.7643,0.0]]],
[[[143.4233,-9.7476,0.0],[143.4046,-9.7456,0.0],[143.3994,-9.7486,0.0],[143.3977,-9.7517,1.9267],[143.3995,-9.7545,7.6122],[143.4019,-9.7548,10.3649],[143.4233,-9.7476,0.0]]],
[[[143.7175,-9.7308,0.0],[143.7172,-9.7336,0.0],[143.7186,-9.7347,0.0],[143.7192,-9.7311,0.0],[143.7178,-9.7297,0.0],[143.7175,-9.7308,0.0]]],
[[[143.362,-9.7096,0.0],[143.3583,-9.7133,0.0],[143.3619,-9.7132,1.1051],[143.3662,-9.7103,0.0],[143.362,-9.7096,0.0]]],
[[[143.4319,-9.6834,0.0],[143.4299,-9.6836,0.0],[143.4277,-9.6859,0.0],[143.4309,-9.6847,0.0],[143.4319,-9.6834,0.0]]],
[[[143.093,-9.6803,0.0],[143.09,-9.6822,0.0],[143.0903,-9.6839,0.0],[143.0939,-9.6825,0.0],[143.093,-9.6803,0.0]]],
[[[143.4478,-9.7342,0.0],[143.4401,-9.7451,0.0],[143.4452,-9.7408,1.7402],[143.4524,-9.7306,0.0],[143.4478,-9.7342,0.0]]],
[[[143.0958,-9.6706,0.5162],[143.0953,-9.6747,0.0],[143.0972,-9.6736,0.0],[143.0978,-9.6706,0.3064],[143.0967,-9.6692,0.0],[143.0958,-9.6706,0.5162]]],
[[[143.1067,-9.6628,0.6857],[143.1053,-9.66,0.3219],[143.1028,-9.6592,0.5373],[143.1042,-9.6631,0.7646],[143.1003,-9.6667,0.4908],[143.1025,-9.6681,0.0],[143.1061,-9.6667,0.1388],[143.1067,-9.6628,0.6857]]],
[[[143.6612,-9.6133,0.0],[143.6609,-9.6142,0.0],[143.6633,-9.6138,0.0],[143.6628,-9.6134,0.0],[143.6612,-9.6133,0.0]]],
[[[141.5682,-9.6104,1.8922],[141.5691,-9.6109,1.8922],[141.5705,-9.6086,0.0],[141.5697,-9.6086,0.0],[141.5682,-9.6104,1.8922]]],
[[[143.2971,-9.612,0.0],[143.2984,-9.6132,6.7192],[143.3039,-9.6121,6.735],[143.3108,-9.605,0.0],[143.3026,-9.6068,0.0],[143.2979,-9.6099,0.0],[143.2971,-9.612,0.0]]],
[[[141.5686,-9.5206,4.193],[141.5685,-9.5241,2.6766],[141.5736,-9.5195,8.6359],[141.5747,-9.5156,0.0],[141.5733,-9.5125,0.6636],[141.5717,-9.5136,0.0],[141.5686,-9.5206,4.193]]],
[[[143.5452,-9.505,24.0431],[143.5424,-9.509,5.2983],[143.5451,-9.5113,0.0],[143.5496,-9.5093,0.0],[143.5489,-9.5065,13.1071],[143.5452,-9.505,24.0431]]],
[[[143.8612,-9.4776,0.0],[143.8605,-9.4779,0.0],[143.8609,-9.4789,0.0],[143.8614,-9.4781,0.0],[143.8612,-9.4776,0.0]]],
[[[142.5369,-9.4103,2.7278],[142.5335,-9.4114,7.5024],[142.5293,-9.4104,1.5293],[142.5273,-9.4136,0.0],[142.5283,-9.4198,0.0],[142.5272,-9.4229,2.3182],[142.5314,-9.4315,14.4947],[142.5319,-9.4363,0.0],[142.5342,-9.435,2.9651],[142.5355,-9.4308,13.8884],[142.545,-9.4241,39.4727],[142.5497,-9.4236,0.0],[142.5525,-9.4203,2.6262],[142.5429,-9.4193,2.8169],[142.5402,-9.4128,0.0],[142.5369,-9.4103,2.7278]]],
[[[142.7447,-9.4186,0.0],[142.7461,-9.4174,10.0108],[142.7473,-9.4156,4.9102],[142.7443,-9.4189,5.0356],[142.7447,-9.4186,0.0]]],
[[[142.1263,-9.2619,0.9177],[142.1261,-9.2633,0.3275],[142.1281,-9.2636,0.189],[142.1297,-9.2614,0.0],[142.1274,-9.2621,0.3255],[142.1263,-9.2619,0.9177]]],
[[[142.1387,-9.2355,1.1569],[142.1397,-9.2348,0.0],[142.1388,-9.2334,1.4743],[142.1376,-9.2342,1.4743],[142.1387,-9.2355,1.1569]]],
[[[142.2927,-9.2715,0.0],[142.2927,-9.271,0.0],[142.2923,-9.2719,0.0],[142.2927,-9.2715,0.0]]],
[[[142.6313,-9.367,3.1553],[142.6299,-9.3673,3.1553],[142.6296,-9.3688,8.841],[142.6336,-9.3681,1.2031],[142.6313,-9.367,3.1553]]],
[[[142.7295,-9.4224,3.0697],[142.737,-9.4198,0.0],[142.7421,-9.4198,0.0],[142.7457,-9.4173,10.0108],[142.7501,-9.4041,7.6693],[142.7542,-9.4005,6.9089],[142.7791,-9.3907,5.6157],[142.7898,-9.392,1.5137],[142.7948,-9.3894,1.204],[142.8009,-9.382,4.2565],[142.8008,-9.3747,4.6277],[142.7944,-9.3709,0.0],[142.7686,-9.3694,0.0],[142.7567,-9.3662,0.0],[142.7526,-9.3678,0.0],[142.7427,-9.3661,0.0],[142.7356,-9.3699,6.3618],[142.7213,-9.3733,7.3808],[142.707,-9.3817,4.5498],[142.6978,-9.38,6.6709],[142.6871,-9.3755,0.0],[142.6708,-9.3752,1.4294],[142.6572,-9.3653,0.0],[142.6469,-9.3647,8.9861],[142.6295,-9.3714,15.9789],[142.6218,-9.3762,0.2845],[142.6189,-9.38,2.1088],[142.6083,-9.3806,0.0],[142.6011,-9.3851,8.0286],[142.5988,-9.3893,1.4266],[142.5987,-9.3921,1.5122],[142.6003,-9.3958,0.0],[142.6,-9.3976,0.0],[142.6001,-9.3966,0.0],[142.5966,-9.4032,3.4439],[142.5987,-9.4088,1.147],[142.6259,-9.4215,0.0],[142.6441,-9.424,11.9523],[142.6516,-9.428,0.0],[142.6583,-9.4289,2.0066],[142.6704,-9.4266,1.3258],[142.6743,-9.4235,8.5816],[142.6795,-9.4259,4.0039],[142.6926,-9.4247,0.0],[142.7072,-9.4283,0.0],[142.7171,-9.4245,3.8196],[142.7186,-9.4257,0.7062],[142.7295,-9.4224,3.0697]]],
[[[142.6948,-9.3595,0.0],[142.6884,-9.3581,8.876],[142.6814,-9.3614,9.9751],[142.6768,-9.3616,1.4675],[142.6671,-9.371,1.2585],[142.6734,-9.3744,9.7586],[142.6727,-9.3737,9.7586],[142.6884,-9.3741,6.9786],[142.6989,-9.3773,7.5025],[142.7147,-9.3742,3.2352],[142.7253,-9.3695,0.0],[142.7241,-9.3665,0.0],[142.7186,-9.3642,0.0],[142.6948,-9.3595,0.0]]],
[[[142.6698,-9.3629,6.7519],[142.6653,-9.3611,0.0],[142.6623,-9.3631,0.0],[142.6657,-9.3672,0.0],[142.6699,-9.3642,13.8198],[142.6698,-9.3629,6.7519]]],
[[[143.7791,-9.5902,7.1249],[143.7806,-9.5881,1.1503],[143.7829,-9.5881,0.0],[143.7845,-9.581,0.0],[143.7845,-9.5772,0.0],[143.781,-9.5745,3.1332],[143.7805,-9.571,0.5272],[143.7777,-9.571,0.0],[143.7725,-9.5805,23.5281],[143.7603,-9.5802,17.1187],[143.7569,-9.5834,0.0],[143.7561,-9.5908,5.4232],[143.7625,-9.5997,0.0],[143.7699,-9.598,0.0],[143.7753,-9.5988,0.0],[143.7781,-9.5952,0.0],[143.7791,-9.5902,7.1249]]],
[[[143.658,-9.5701,0.0],[143.6582,-9.5678,12.5874],[143.6545,-9.5702,0.0],[143.6566,-9.5711,0.0],[143.658,-9.5701,0.0]]],
[[[143.4923,-9.5672,2.2452],[143.4984,-9.5609,0.0],[143.4962,-9.5611,0.0],[143.487,-9.5714,0.0],[143.4923,-9.5672,2.2452]]],
[[[142.3041,-9.5562,0.0],[142.2906,-9.5513,6.5881],[142.2702,-9.5488,3.548],[142.2611,-9.5506,5.4394],[142.2582,-9.5549,16.2414],[142.2624,-9.5615,1.8205],[142.2683,-9.5653,6.6808],[142.2838,-9.5699,0.9251],[142.2924,-9.5694,17.1232],[142.3067,-9.5743,9.4376],[142.3142,-9.5738,2.14],[142.3172,-9.571,0.0],[142.3168,-9.5693,13.8016],[142.3194,-9.5679,0.0],[142.3181,-9.5632,5.3802],[142.3138,-9.5593,0.0],[142.3041,-9.5562,0.0]]],
[[[143.8742,-9.1425,0.0],[143.8759,-9.1437,0.0],[143.8775,-9.1429,0.0],[143.8769,-9.1423,0.0],[143.8742,-9.1425,0.0]]],
[[[142.1746,-9.223,10.3955],[142.164,-9.2227,0.0],[142.1583,-9.236,12.1267],[142.1616,-9.2265,13.3604],[142.159,-9.2256,1.857],[142.1572,-9.2281,13.2727],[142.1582,-9.2253,1.857],[142.1551,-9.2251,8.7931],[142.1527,-9.237,8.4768],[142.1544,-9.2383,8.3169],[142.1578,-9.2367,12.1361],[142.1541,-9.2402,14.8943],[142.1555,-9.2434,3.9506],[142.1548,-9.2471,1.8987],[142.1579,-9.2476,4.472],[142.158,-9.2453,17.4382],[142.1611,-9.2468,0.0],[142.1808,-9.2392,0.0],[142.1878,-9.2341,0.0],[142.1877,-9.2303,0.0],[142.1746,-9.223,10.3955]]],
[[[142.1491,-9.2351,1.0356],[142.1535,-9.2302,0.0],[142.153,-9.2267,2.0226],[142.1467,-9.2355,1.0002],[142.1491,-9.2351,1.0356]]],
[[[142.2269,-9.2333,3.0532],[142.2213,-9.229,0.0],[142.1925,-9.2361,0.0],[142.1735,-9.2482,9.6747],[142.1504,-9.2551,7.1135],[142.1456,-9.2548,4.6596],[142.1324,-9.2606,1.0577],[142.1307,-9.2673,0.8332],[142.1386,-9.2739,1.4854],[142.1516,-9.2787,0.0],[142.1923,-9.2869,0.0],[142.2074,-9.2863,0.0],[142.2331,-9.2891,1.5469],[142.237,-9.2874,7.6592],[142.2395,-9.2899,0.0],[142.2454,-9.2908,0.0],[142.2586,-9.287,3.5293],[142.2669,-9.2898,0.0],[142.2746,-9.2896,0.0],[142.285,-9.2837,0.0],[142.2876,-9.2799,0.0],[142.2869,-9.2775,4.0769],[142.294,-9.2678,0.0],[142.2952,-9.262,0.0],[142.2936,-9.2594,0.0],[142.2767,-9.2514,1.1369],[142.2673,-9.2497,5.7858],[142.2563,-9.2526,0.0],[142.2539,-9.2563,7.5679],[142.2461,-9.2567,3.5112],[142.2439,-9.2525,0.0],[142.2406,-9.2522,2.4548],[142.2326,-9.2456,0.0],[142.2269,-9.2333,3.0532]]],
[[[142.1464,-9.2321,0.7641],[142.1501,-9.2294,3.7843],[142.1513,-9.2259,11.8519],[142.1443,-9.2261,5.0033],[142.1439,-9.2309,15.2943],[142.1464,-9.2321,0.7641]]],
[[[142.2484,-9.2263,16.6341],[142.2364,-9.2198,6.249],[142.2338,-9.2198,7.4233],[142.232,-9.2219,0.0],[142.2319,-9.2237,0.0],[142.2424,-9.2347,0.0],[142.2487,-9.2358,0.0],[142.2503,-9.2348,0.0],[142.2516,-9.233,0.0],[142.2509,-9.2286,0.0],[142.2484,-9.2263,16.6341]]],
[[[142.1461,-9.2228,0.0],[142.1446,-9.2245,7.8859],[142.1475,-9.2259,10.1092],[142.153,-9.2236,0.0],[142.1517,-9.2218,4.2111],[142.1461,-9.2228,0.0]]],
[[[142.2178,-9.9721,0.0],[142.2171,-9.9714,0.0],[142.2164,-9.9719,0.0],[142.2171,-9.9726,0.0],[142.2178,-9.9721,0.0]]],
[[[142.2164,-9.9675,0.0],[142.2156,-9.967,0.0],[142.2153,-9.9676,0.0],[142.216,-9.9682,0.0],[142.2164,-9.9675,0.0]]],
[[[142.198,-9.9456,1.7965],[142.1969,-9.9446,0.0],[142.1954,-9.9472,2.5154],[142.1925,-9.9454,1.9022],[142.1902,-9.9462,0.6109],[142.187,-9.9424,0.0],[142.1837,-9.9439,2.5931],[142.1772,-9.9437,3.6329],[142.1748,-9.9465,4.7006],[142.1649,-9.9505,5.1461],[142.1661,-9.9546,0.0],[142.1735,-9.9603,7.4356],[142.1763,-9.9722,2.0939],[142.1785,-9.9728,12.7433],[142.1836,-9.9707,2.0963],[142.185,-9.9625,1.2617],[142.1947,-9.9524,3.3714],[142.2012,-9.953,0.589],[142.2005,-9.9462,0.0],[142.198,-9.9456,1.7965]]],
[[[139.573,-16.3988,0.0],[139.5546,-16.394,0.3799],[139.5508,-16.3905,0.0],[139.547,-16.3911,0.0],[139.5426,-16.3965,2.0412],[139.5374,-16.3982,0.8303],[139.5382,-16.4037,0.0],[139.5352,-16.4086,0.6625],[139.5285,-16.4127,0.0],[139.4894,-16.4282,4.1597],[139.4824,-16.4355,1.6262],[139.4757,-16.438,5.7193],[139.4747,-16.4413,5.0018],[139.4654,-16.4461,3.0864],[139.4438,-16.4482,3.2006],[139.4298,-16.4475,0.0],[139.4204,-16.4449,0.0],[139.3987,-16.4477,0.0],[139.3889,-16.4516,6.8543],[139.3804,-16.4507,0.0],[139.3636,-16.4524,0.0],[139.3508,-16.4605,1.0578],[139.3383,-16.4645,0.0],[139.3263,-16.4641,0.0],[139.3154,-16.4596,0.9646],[139.31,-16.4599,0.0],[139.3041,-16.4628,0.0],[139.2983,-16.4681,5.4268],[139.2921,-16.4772,1.1156],[139.2678,-16.4916,5.2253],[139.2418,-16.5043,0.0],[139.2443,-16.5077,8.0243],[139.2429,-16.5163,11.6686],[139.2404,-16.5207,5.4733],[139.2354,-16.5246,2.1554],[139.2393,-16.5237,6.0224],[139.2185,-16.5358,3.9874],[139.2217,-16.5372,3.4644],[139.2192,-16.543,2.0666],[139.2206,-16.5429,4.5805],[139.221,-16.5457,5.6866],[139.2176,-16.5451,2.1888],[139.2137,-16.5495,2.2487],[139.2143,-16.553,2.3458],[139.2181,-16.5575,17.932],[139.2128,-16.5685,5.032],[139.2072,-16.5745,1.5302],[139.1919,-16.5844,0.9161],[139.1606,-16.6102,6.7844],[139.1626,-16.6192,16.1038],[139.151,-16.6338,4.0486],[139.1562,-16.6403,17.3746],[139.1569,-16.6446,8.2789],[139.1591,-16.6471,11.6058],[139.1597,-16.6575,2.4106],[139.1625,-16.6647,6.8915],[139.1668,-16.6681,0.0],[139.1743,-16.6665,1.9129],[139.1797,-16.6682,0.0],[139.1851,-16.6678,8.7349],[139.195,-16.6619,2.3549],[139.1913,-16.6667,3.4162],[139.1977,-16.6776,1.2134],[139.1958,-16.6941,1.8985],[139.1998,-16.7077,3.0404],[139.2047,-16.7101,1.2595],[139.2097,-16.7078,4.9468],[139.2216,-16.7098,4.3855],[139.2251,-16.7143,3.5821],[139.23,-16.7312,9.5274],[139.2333,-16.7313,0.0],[139.2455,-16.7251,4.054],[139.2597,-16.7238,8.385],[139.2652,-16.7249,8.0928],[139.2691,-16.7313,5.1612],[139.2746,-16.7335,2.774],[139.2796,-16.733,0.0],[139.2823,-16.7307,1.7611],[139.2881,-16.7344,5.8963],[139.2999,-16.7258,4.2013],[139.3051,-16.7241,7.8227],[139.3136,-16.73,1.2424],[139.3175,-16.7263,1.1135],[139.3181,-16.7221,6.0484],[139.3237,-16.7133,0.0],[139.3243,-16.7109,7.4391],[139.322,-16.7102,8.3504],[139.3296,-16.7085,0.0],[139.3506,-16.689,3.0352],[139.3561,-16.6911,1.2064],[139.3587,-16.6846,2.7178],[139.3583,-16.6878,2.9135],[139.3657,-16.6934,2.2412],[139.3677,-16.6917,0.8515],[139.3668,-16.6897,0.5806],[139.3728,-16.6875,0.0],[139.3739,-16.6863,0.0],[139.3677,-16.683,4.771],[139.3686,-16.6721,0.0],[139.3803,-16.6609,1.0953],[139.383,-16.6564,0.0],[139.3754,-16.6468,2.0427],[139.3759,-16.642,5.1205],[139.3807,-16.6413,2.5265],[139.3787,-16.6453,7.2129],[139.3801,-16.6471,3.5489],[139.383,-16.6454,0.0],[139.383,-16.6433,0.0],[139.3866,-16.6393,3.7267],[139.3931,-16.6373,3.2797],[139.3978,-16.6394,4.8492],[139.4002,-16.6436,0.8363],[139.4007,-16.6405,4.4441],[139.402,-16.6404,3.6783],[139.4035,-16.6438,4.3257],[139.4073,-16.6452,8.8779],[139.4109,-16.6514,5.8939],[139.4102,-16.6541,3.5274],[139.4118,-16.654,6.2685],[139.4153,-16.6587,8.0142],[139.4122,-16.6585,7.4283],[139.4169,-16.6643,0.0],[139.4143,-16.6686,2.1718],[139.4162,-16.672,3.1398],[139.4286,-16.6702,1.8532],[139.4357,-16.6717,2.5934],[139.4381,-16.6748,0.0],[139.4406,-16.6691,8.4188],[139.4513,-16.6663,1.8416],[139.4529,-16.6613,0.0],[139.4512,-16.659,2.2255],[139.4492,-16.6445,0.0],[139.4442,-16.6379,0.0],[139.4444,-16.6355,3.8559],[139.4462,-16.6356,0.6416],[139.4471,-16.6332,1.7775],[139.4449,-16.6313,2.6586],[139.4409,-16.6319,3.4564],[139.4391,-16.6307,5.0315],[139.4443,-16.6278,7.8841],[139.4546,-16.6269,6.5444],[139.4612,-16.6293,5.6714],[139.4656,-16.6279,7.1113],[139.4704,-16.6202,0.9223],[139.4724,-16.6136,3.1567],[139.4669,-16.6055,2.2259],[139.4664,-16.6004,6.7651],[139.4699,-16.5989,0.0],[139.4696,-16.5915,2.7774],[139.4712,-16.5881,1.9321],[139.4702,-16.5853,2.3202],[139.465,-16.5817,2.8098],[139.4553,-16.5803,3.1558],[139.4644,-16.5799,2.8375],[139.4722,-16.5842,1.2178],[139.4731,-16.5825,0.0],[139.4698,-16.581,0.0],[139.4686,-16.5781,1.7921],[139.4706,-16.5774,0.2556],[139.4693,-16.573,0.0],[139.4667,-16.5722,3.1948],[139.4678,-16.5689,2.5079],[139.4648,-16.5695,2.4121],[139.4637,-16.5722,2.4613],[139.4601,-16.5729,2.6723],[139.4583,-16.5754,2.5289],[139.4545,-16.5739,2.5857],[139.4554,-16.5728,2.8162],[139.4531,-16.5695,9.6404],[139.4581,-16.5696,5.5423],[139.4712,-16.5575,7.9978],[139.4837,-16.556,7.2498],[139.4927,-16.5588,7.0688],[139.4941,-16.561,3.4622],[139.4957,-16.5604,8.019],[139.4946,-16.5636,0.3895],[139.4996,-16.5703,9.7288],[139.5003,-16.5744,2.8704],[139.5031,-16.5766,1.0519],[139.5068,-16.5767,2.4708],[139.5062,-16.5699,0.0],[139.514,-16.5608,0.0],[139.5162,-16.556,0.8969],[139.5159,-16.548,2.8457],[139.5143,-16.5452,1.8667],[139.5118,-16.5428,0.0],[139.4906,-16.5437,0.0],[139.4856,-16.5421,0.0],[139.4786,-16.5313,0.4709],[139.4819,-16.5291,0.0],[139.475,-16.5262,3.0726],[139.4761,-16.5246,3.0726],[139.4797,-16.5263,0.0],[139.4807,-16.5244,2.4457],[139.4845,-16.5246,2.0022],[139.491,-16.5211,11.9665],[139.498,-16.5148,6.5122],[139.5068,-16.512,1.7006],[139.509,-16.5125,2.5305],[139.5125,-16.5166,2.5324],[139.5284,-16.5173,3.2994],[139.5313,-16.5155,0.906],[139.533,-16.5127,0.0],[139.5305,-16.5104,0.0],[139.5301,-16.5072,7.7063],[139.5367,-16.502,0.0],[139.5383,-16.4977,5.1962],[139.5432,-16.4924,0.0],[139.5406,-16.4916,3.6815],[139.5407,-16.4882,4.1639],[139.5506,-16.4836,4.4287],[139.5586,-16.4831,0.7293],[139.5608,-16.4803,1.032],[139.5597,-16.4739,0.0],[139.5466,-16.4605,2.6878],[139.5589,-16.4693,5.5946],[139.5625,-16.474,1.3997],[139.5666,-16.4745,3.7963],[139.563,-16.476,0.4665],[139.563,-16.4809,0.0],[139.5594,-16.4855,2.9146],[139.5585,-16.4908,3.1577],[139.5652,-16.4965,0.0],[139.5783,-16.5027,7.5448],[139.5806,-16.5108,3.1882],[139.5774,-16.514,1.9391],[139.5771,-16.5164,6.9093],[139.5795,-16.5211,8.2681],[139.5797,-16.5271,3.1155],[139.589,-16.5322,5.7754],[139.5894,-16.539,5.0199],[139.5881,-16.5408,7.1241],[139.5937,-16.5467,4.3929],[139.5931,-16.5497,6.5083],[139.596,-16.5542,7.239],[139.6157,-16.5404,4.3274],[139.6246,-16.5365,3.7775],[139.628,-16.5326,4.6273],[139.6263,-16.5304,2.129],[139.63,-16.5325,7.9146],[139.6333,-16.5313,4.3866],[139.6393,-16.5323,3.3708],[139.6427,-16.527,5.1133],[139.6507,-16.5259,3.3072],[139.6572,-16.5194,4.6298],[139.6792,-16.519,8.1244],[139.6838,-16.5205,4.7857],[139.6867,-16.5242,0.2559],[139.6879,-16.5325,3.1987],[139.6896,-16.535,4.0396],[139.7047,-16.5348,0.626],[139.7115,-16.5322,6.0847],[139.71,-16.5221,0.0],[139.703,-16.5148,1.1371],[139.7009,-16.5144,1.7236],[139.7017,-16.5129,0.0],[139.6994,-16.5087,0.0],[139.7005,-16.5054,0.1637],[139.6988,-16.4966,4.4076],[139.7018,-16.4871,0.0],[139.6985,-16.4788,0.0],[139.6935,-16.4745,0.0],[139.6903,-16.468,5.3408],[139.6863,-16.4671,0.0],[139.6802,-16.4689,1.8261],[139.6794,-16.4676,4.1226],[139.6821,-16.4617,3.1125],[139.6819,-16.4588,0.5989],[139.6776,-16.4516,1.9831],[139.674,-16.4501,0.0],[139.6595,-16.451,0.0],[139.6502,-16.4495,0.0],[139.6405,-16.4423,0.0],[139.6331,-16.4318,2.0622],[139.6161,-16.4196,8.1864],[139.6156,-16.4168,1.7946],[139.6053,-16.4035,0.0],[139.5993,-16.4012,0.0],[139.573,-16.3988,0.0]]],
[[[139.8065,-16.4968,0.0386],[139.8136,-16.4913,-2.7199],[139.8028,-16.4868,-0.1389],[139.8022,-16.4888,0.4477],[139.8065,-16.4936,-0.5551],[139.8065,-16.4968,0.0386]]],
[[[139.73,-16.4589,12.7942],[139.731,-16.455,5.4766],[139.7279,-16.4515,1.7191],[139.7177,-16.4501,1.0675],[139.713,-16.4575,0.0],[139.7091,-16.4715,3.112],[139.702,-16.4735,0.0],[139.7012,-16.4753,0.0],[139.7095,-16.4902,10.9906],[139.7134,-16.4919,4.4468],[139.7198,-16.4903,5.8872],[139.7233,-16.491,7.5497],[139.7311,-16.5013,1.2299],[139.7338,-16.4982,2.9296],[139.7334,-16.4852,3.0757],[139.7348,-16.4782,4.4915],[139.7308,-16.4724,5.4557],[139.73,-16.4589,12.7942]]],
[[[139.7711,-16.4397,0.0],[139.7718,-16.4401,0.0],[139.7734,-16.4397,0.0],[139.7728,-16.4396,0.0],[139.7711,-16.4397,0.0]]],
[[[145.5714,-16.3893,8.1926],[145.5714,-16.3864,4.5157],[145.5687,-16.3844,0.8558],[145.568,-16.3879,9.4563],[145.5701,-16.39,7.3686],[145.5714,-16.3893,8.1926]]],
[[[145.5666,-16.382,0.0],[145.5662,-16.3824,0.0],[145.5676,-16.3833,1.8451],[145.5679,-16.3828,0.0],[145.5666,-16.382,0.0]]],
[[[145.5038,-16.3029,25.6546],[145.5071,-16.304,0.0],[145.5063,-16.3008,0.0],[145.5025,-16.2989,0.0],[145.5002,-16.2935,0.0],[145.4925,-16.2911,0.0],[145.4953,-16.2965,38.022],[145.5013,-16.2989,28.2692],[145.5038,-16.3029,25.6546]]],
[[[139.2744,-16.2734,4.7238],[139.2743,-16.2758,1.0492],[139.279,-16.2688,0.0],[139.2814,-16.269,0.0],[139.2834,-16.2652,0.0],[139.283,-16.2631,0.0],[139.2802,-16.2631,0.1531],[139.2827,-16.2645,0.0],[139.2806,-16.2686,0.0],[139.2782,-16.267,0.0],[139.2754,-16.268,4.1766],[139.2729,-16.2644,0.0],[139.2724,-16.2687,0.3329],[139.2744,-16.2734,4.7238]]],
[[[145.5615,-16.3843,1.9783],[145.5621,-16.3814,0.0],[145.5584,-16.3835,0.0],[145.5589,-16.3846,0.0],[145.5615,-16.3843,1.9783]]],
[[[139.2529,-16.2308,3.9788],[139.254,-16.2326,1.5132],[139.2544,-16.2326,1.5132],[139.2544,-16.2294,0.0],[139.2529,-16.2308,3.9788]]],
[[[145.4484,-16.1702,0.0],[145.4476,-16.1698,0.0],[145.4471,-16.1704,0.0],[145.4474,-16.1708,0.0],[145.4484,-16.1702,0.0]]],
[[[145.4452,-15.7485,2.0321],[145.4446,-15.7457,0.0],[145.4426,-15.7455,3.6703],[145.4439,-15.7538,0.2278],[145.4464,-15.7527,6.7764],[145.4452,-15.7485,2.0321]]],
[[[145.4571,-15.7287,0.0],[145.4567,-15.7294,0.0],[145.4568,-15.7306,0.0],[145.4588,-15.7288,0.0],[145.4571,-15.7287,0.0]]],
[[[145.3339,-15.6061,0.0],[145.3344,-15.6075,0.0],[145.3362,-15.6056,0.0],[145.335,-15.6054,0.0],[145.3339,-15.6061,0.0]]],
[[[145.3488,-15.5304,0.0],[145.35,-15.5301,0.0],[145.3505,-15.5297,0.0],[145.3503,-15.5294,0.0],[145.3488,-15.5304,0.0]]],
[[[145.3255,-15.1383,0.3468],[145.3246,-15.1379,0.0],[145.3252,-15.1396,0.0],[145.3255,-15.1392,0.3468],[145.3255,-15.1383,0.3468]]],
[[[145.3048,-15.1329,0.0],[145.3058,-15.1328,0.0],[145.3036,-15.132,0.0],[145.3048,-15.1329,0.0]]],
[[[145.418,-15.1167,0.0],[145.4175,-15.1149,0.0],[145.4172,-15.1148,0.0],[145.4172,-15.1156,0.0],[145.418,-15.1167,0.0]]],
[[[145.4243,-15.115,3.409],[145.4262,-15.1185,0.7497],[145.4275,-15.114,4.2544],[145.4245,-15.1117,1.4707],[145.4243,-15.115,3.409]]],
[[[145.4175,-15.1117,0.0],[145.4211,-15.1135,1.8166],[145.4228,-15.1121,3.618],[145.418,-15.1098,3.7759],[145.4175,-15.1117,0.0]]],
[[[145.3716,-15.0907,0.0],[145.3719,-15.0906,0.0],[145.3716,-15.089,0.0],[145.3711,-15.0903,0.0],[145.3716,-15.0907,0.0]]],
[[[145.4469,-15.0228,1.317],[145.4458,-15.0218,0.0],[145.4463,-15.025,0.0],[145.4466,-15.025,1.0792],[145.4469,-15.0228,1.317]]],
[[[145.4385,-15.0182,8.4877],[145.4352,-15.0197,0.0],[145.4387,-15.0211,11.3988],[145.4419,-15.0195,0.0],[145.4385,-15.0182,8.4877]]],
[[[145.4703,-14.8657,0.0],[145.4708,-14.8654,0.0],[145.4708,-14.8649,0.0],[145.4701,-14.865,0.0],[145.4703,-14.8657,0.0]]],
[[[145.3833,-15.0957,2.671],[145.3851,-15.0937,1.5412],[145.3839,-15.092,3.6463],[145.3734,-15.0903,0.5879],[145.3785,-15.096,2.6877],[145.3833,-15.0957,2.671]]],
[[[145.4798,-14.8584,0.0],[145.4767,-14.8554,0.0],[145.4745,-14.8566,0.0],[145.4787,-14.8597,6.4462],[145.4798,-14.8584,0.0]]],
[[[145.0842,-14.7356,0.0],[145.0835,-14.7358,0.0],[145.0834,-14.7364,2.6288],[145.0848,-14.7364,0.0],[145.0842,-14.7356,0.0]]],
[[[145.1881,-14.7354,0.9523],[145.189,-14.7343,0.0],[145.1865,-14.7323,1.277],[145.1835,-14.733,2.2184],[145.1844,-14.7342,2.2184],[145.1881,-14.7354,0.9523]]],
[[[145.2008,-14.7344,2.0618],[145.2017,-14.7358,3.9428],[145.1975,-14.7354,2.117],[145.2023,-14.7366,1.1133],[145.2054,-14.7359,0.3227],[145.2023,-14.7334,1.1127],[145.2008,-14.7344,2.0618]]],
[[[145.1015,-14.7305,0.0],[145.1008,-14.7304,0.0],[145.1005,-14.7319,1.5705],[145.1015,-14.7313,0.0],[145.1015,-14.7305,0.0]]],
[[[145.1798,-14.7288,0.0],[145.1787,-14.729,0.0],[145.1788,-14.7297,0.0],[145.1791,-14.7298,0.0],[145.1798,-14.7288,0.0]]],
[[[145.202,-14.7205,0.4636],[145.1998,-14.7202,0.7267],[145.1997,-14.7209,0.7267],[145.201,-14.7212,0.7267],[145.202,-14.7205,0.4636]]],
[[[145.1923,-14.7131,0.9091],[145.1925,-14.7142,0.9091],[145.1947,-14.7126,0.2576],[145.1932,-14.7122,0.0],[145.1923,-14.7131,0.9091]]],
[[[145.2055,-14.7028,0.0],[145.2025,-14.7029,0.2181],[145.2031,-14.7048,0.0],[145.2057,-14.7041,0.0],[145.2055,-14.7028,0.0]]],
[[[145.457,-14.7009,0.0],[145.4527,-14.6994,0.0],[145.4514,-14.7022,35.2714],[145.4532,-14.7043,4.7054],[145.4539,-14.7033,4.7054],[145.4583,-14.7043,5.4365],[145.457,-14.7009,0.0]]],
[[[145.3791,-14.6954,0.158],[145.3765,-14.6963,1.1124],[145.3762,-14.6968,0.0],[145.3771,-14.6971,1.1124],[145.3791,-14.6954,0.158]]],
[[[145.4653,-14.6907,0.0],[145.465,-14.6911,0.0],[145.466,-14.6913,0.0],[145.4661,-14.6909,0.0],[145.4653,-14.6907,0.0]]],
[[[145.4747,-14.661,2.4175],[145.4703,-14.66,7.9369],[145.4668,-14.6546,60.5584],[145.4584,-14.6474,13.033],[145.4549,-14.6464,13.7084],[145.4543,-14.6487,16.3745],[145.4514,-14.6474,3.741],[145.4501,-14.6493,0.0],[145.452,-14.6524,17.9183],[145.451,-14.6559,36.7906],[145.4547,-14.6619,9.3918],[145.4516,-14.6656,1.5727],[145.4489,-14.665,3.5654],[145.4424,-14.6708,6.1804],[145.4482,-14.6814,0.0],[145.4621,-14.6794,14.1814],[145.4627,-14.6822,0.9166],[145.4657,-14.6814,0.0],[145.4714,-14.6869,0.0],[145.469,-14.6826,5.393],[145.4692,-14.6793,0.0],[145.4709,-14.677,3.4332],[145.4745,-14.6765,0.9997],[145.4785,-14.671,0.0],[145.4776,-14.668,0.0],[145.4744,-14.6654,34.156],[145.4747,-14.661,2.4175]]],
[[[145.2492,-14.6584,0.0],[145.2498,-14.6571,0.1718],[145.2541,-14.6578,-1.738],[145.2562,-14.6564,1.8511],[145.257,-14.6551,-3.3333],[145.2544,-14.6494,0.0],[145.2501,-14.6505,1.2353],[145.2489,-14.6547,-0.9106],[145.2495,-14.6563,0.1718],[145.2504,-14.6546,-0.9106],[145.2548,-14.6533,2.8525],[145.2561,-14.6538,-1.2345],[145.2555,-14.6565,1.8511],[145.253,-14.6573,-3.6093],[145.2515,-14.6567,-3.6093],[145.2478,-14.6575,0.0],[145.2492,-14.6584,0.0]]],
[[[144.9293,-14.6097,0.0],[144.9332,-14.6123,11.6589],[144.9345,-14.6105,0.0],[144.9306,-14.604799999999999,2.0335],[144.9247,-14.6007,0.0],[144.9232,-14.602,0.0],[144.9242,-14.6053,6.8162],[144.9293,-14.6097,0.0]]],
[[[145.4508,-14.692,0.0],[145.448,-14.6893,0.0],[145.4419,-14.6918,12.7126],[145.4448,-14.696,20.5822],[145.4502,-14.695,0.0],[145.4508,-14.692,0.0]]],
[[[144.888,-14.5643,1.0241],[144.8895,-14.5643,0.0],[144.8889,-14.5631,0.0],[144.8908,-14.5613,3.9601],[144.8841,-14.558,0.0],[144.8844,-14.5611,0.0],[144.888,-14.5643,1.0241]]],
[[[144.7079,-14.5575,13.2318],[144.7124,-14.5596,12.0099],[144.714,-14.5577,5.8299],[144.713,-14.556,0.0],[144.706,-14.5549,0.0],[144.7079,-14.5575,13.2318]]],
[[[144.9062,-14.5524,0.0],[144.9059,-14.5532,1.201],[144.9068,-14.5545,1.201],[144.9075,-14.5537,0.0],[144.9062,-14.5524,0.0]]],
[[[144.9035,-14.5519,0.4514],[144.9022,-14.5524,0.0],[144.902,-14.5527,0.0],[144.9038,-14.553,0.0],[144.9035,-14.5519,0.4514]]],
[[[144.8693,-14.5479,4.2522],[144.8703,-14.5472,0.0],[144.8669,-14.5466,1.3542],[144.8669,-14.5478,1.3542],[144.8693,-14.5479,4.2522]]],
[[[144.9953,-14.5398,3.7166],[144.9872,-14.5394,0.0],[144.9865,-14.5411,2.5345],[144.9948,-14.542,0.634],[144.9973,-14.5395,1.8615],[144.9963,-14.536,0.0],[144.994,-14.5376,1.3352],[144.9961,-14.5388,1.8615],[144.9953,-14.5398,3.7166]]],
[[[144.9647,-14.5237,0.0],[144.9685,-14.5265,0.8497],[144.9768,-14.5268,2.4766],[144.9809,-14.5226,1.3013],[144.9664,-14.5222,0.0],[144.9647,-14.5237,0.0]]],
[[[144.7619,-14.5003,0.0],[144.764,-14.5003,0.0],[144.7641,-14.4996,0.0],[144.7617,-14.5,0.0],[144.7619,-14.5003,0.0]]],
[[[144.698,-14.4765,0.0],[144.6991,-14.4762,0.0],[144.6994,-14.4755,0.0],[144.6981,-14.4755,0.0],[144.698,-14.4765,0.0]]],
[[[144.6987,-14.4732,0.0],[144.6958,-14.473,0.0],[144.6958,-14.4738,0.0],[144.6969,-14.4748,0.0],[144.6987,-14.4732,0.0]]],
[[[144.895,-14.4654,0.0],[144.8914,-14.4626,0.0],[144.8908,-14.4642,0.0],[144.8941,-14.4662,4.553],[144.895,-14.4654,0.0]]],
[[[144.8923,-14.4353,0.0],[144.8923,-14.4354,0.0],[144.8924,-14.4354,0.0],[144.8925,-14.4353,0.0],[144.8923,-14.4353,0.0]]],
[[[144.8922,-14.4349,0.0],[144.8923,-14.4349,0.0],[144.8924,-14.4348,0.0],[144.8922,-14.4348,0.0],[144.8922,-14.4349,0.0]]],
[[[144.8919,-14.4349,0.0],[144.89,-14.434,0.6587],[144.8898,-14.4344,0.6587],[144.891,-14.4351,0.0],[144.8919,-14.4349,0.0]]],
[[[144.8138,-14.435,3.6105],[144.8159,-14.4359,1.1434],[144.818,-14.4322,5.2931],[144.8156,-14.4255,0.7284],[144.8087,-14.428,3.4617],[144.8034,-14.4333,0.4017],[144.8095,-14.4385,0.2225],[144.8144,-14.4376,3.3079],[144.8152,-14.4362,1.1434],[144.8138,-14.435,3.6105]]],
[[[144.8883,-14.4335,1.6733],[144.8835,-14.4304,0.9238],[144.8829,-14.4306,0.9238],[144.8838,-14.4315,1.0497],[144.8883,-14.4335,1.6733]]],
[[[144.8821,-14.415,1.2084],[144.8794,-14.416,0.0],[144.8793,-14.4186,1.1671],[144.8809,-14.4187,0.0],[144.8821,-14.415,1.2084]]],
[[[144.8817,-14.4292,0.0],[144.8811,-14.4288,0.0],[144.8805,-14.4288,0.0],[144.8813,-14.4296,0.0],[144.8817,-14.4292,0.0]]],
[[[144.9557,-14.5056,0.0],[144.9562,-14.5071,0.0],[144.957,-14.5071,2.354],[144.9572,-14.5067,2.354],[144.9557,-14.5056,0.0]]],
[[[144.989,-14.5028,1.8994],[144.9875,-14.499,0.7426],[144.9787,-14.493,2.0641],[144.9749,-14.4934,0.0],[144.9717,-14.4964,0.9964],[144.9581,-14.4983,0.7164],[144.9582,-14.4997,5.7399],[144.9541,-14.4982,0.0],[144.9506,-14.4993,0.6855],[144.9569,-14.5053,3.3396],[144.9562,-14.5032,2.2129],[144.9579,-14.5026,7.4447],[144.9664,-14.5076,3.155],[144.971,-14.5091,4.3289],[144.9727,-14.508,2.0903],[144.9788,-14.5115,3.8087],[144.9896,-14.5088,38.4698],[144.9897,-14.5072,0.0],[144.988,-14.5066,7.1638],[144.9896,-14.5049,5.5503],[144.989,-14.5028,1.8994]]],
[[[144.9177,-14.505,1.0538],[144.9101,-14.5031,0.3837],[144.9135,-14.5092,1.9388],[144.9175,-14.509,1.5679],[144.9194,-14.5061,1.0538],[144.9177,-14.505,1.0538]]],
[[[144.7698,-14.5059,0.0],[144.7696,-14.5013,0.0],[144.7661,-14.5003,0.0],[144.7654,-14.5027,5.6469],[144.7681,-14.506,0.0],[144.7698,-14.5059,0.0]]],
[[[144.9016,-14.3999,1.8512],[144.9017,-14.4007,1.8512],[144.9038,-14.4,0.0],[144.9035,-14.3997,0.0],[144.9016,-14.3999,1.8512]]],
[[[144.6503,-14.3441,0.0],[144.6465,-14.3423,4.9066],[144.6487,-14.345,3.5556],[144.6503,-14.3454,0.0],[144.6503,-14.3441,0.0]]],
[[[144.85,-14.3187,1.7191],[144.8492,-14.3191,0.0],[144.8526,-14.3185,0.0],[144.8513,-14.3185,1.7191],[144.85,-14.3187,1.7191]]],
[[[144.6511,-14.3448,0.0],[144.6522,-14.3466,0.0],[144.6535,-14.3469,0.0],[144.6523,-14.3446,0.0],[144.6511,-14.3448,0.0]]],
[[[144.3574,-14.2732,0.0],[144.3587,-14.2724,0.0],[144.3588,-14.271,0.0],[144.3567,-14.2711,0.0],[144.3574,-14.2732,0.0]]],
[[[144.3511,-14.2549,0.0],[144.3548,-14.2541,0.0],[144.3553,-14.2522,2.2015],[144.354,-14.2522,2.2015],[144.3511,-14.2549,0.0]]],
[[[144.5768,-14.2333,0.0],[144.5781,-14.2338,0.0],[144.5789,-14.2322,0.0],[144.5779,-14.2319,0.0],[144.5768,-14.2333,0.0]]],
[[[143.7914,-14.227,0.0836],[143.795,-14.2269,0.0],[143.795,-14.2253,3.2168],[143.7932,-14.2252,6.0063],[143.7914,-14.227,0.0836]]],
[[[143.7767,-14.2231,0.3566],[143.7785,-14.224,1.2006],[143.7787,-14.2224,1.6895],[143.7735,-14.214,3.5572],[143.7716,-14.2203,1.3185],[143.7767,-14.2231,0.3566]]],
[[[144.2194,-14.2145,1.3325],[144.2093,-14.2221,5.3921],[144.2025,-14.2304,1.366],[144.2102,-14.2226,12.4812],[144.2184,-14.2186,21.1185],[144.226,-14.2176,32.8403],[144.2307,-14.2137,0.0],[144.2313,-14.2099,0.0],[144.2288,-14.2061,0.0],[144.2238,-14.2055,5.8534],[144.2216,-14.2077,0.0],[144.2194,-14.2145,1.3325]]],
[[[144.2497,-14.2107,11.3507],[144.2526,-14.211,9.2194],[144.2514,-14.2087,0.6082],[144.248,-14.2096,0.0],[144.2497,-14.2107,11.3507]]],
[[[144.8818,-14.1977,0.0],[144.8809,-14.1986,0.0],[144.8848,-14.198,0.0],[144.8818,-14.1977,0.0]]],
[[[144.5373,-14.1833,0.0],[144.5374,-14.1842,0.0],[144.5377,-14.1843,0.0],[144.5379,-14.1828,0.0],[144.5373,-14.1833,0.0]]],
[[[144.5406,-14.1826,0.0],[144.5408,-14.1833,0.0],[144.5414,-14.1829,0.0],[144.5414,-14.1824,0.0],[144.5406,-14.1826,0.0]]],
[[[144.2431,-14.2086,0.0],[144.2435,-14.2083,0.0],[144.2434,-14.208,0.0],[144.243,-14.2082,0.0],[144.2431,-14.2086,0.0]]],
[[[144.2763,-14.2348,0.0],[144.2786,-14.2251,10.8374],[144.2777,-14.2178,0.0],[144.2759,-14.2164,9.2008],[144.2728,-14.2225,0.5998],[144.2683,-14.223,22.203],[144.2654,-14.2251,8.0501],[144.2611,-14.2246,18.3725],[144.2536,-14.2198,13.6696],[144.2452,-14.221,1.1473],[144.2471,-14.2233,2.4418],[144.2535,-14.2253,13.9627],[144.257,-14.2315,0.0],[144.2639,-14.2333,7.9644],[144.2678,-14.2377,72.1866],[144.2707,-14.2383,16.7122],[144.2763,-14.2348,0.0]]],
[[[141.5898,-14.1671,0.0],[141.5889,-14.1628,0.0],[141.5882,-14.1659,0.0],[141.5898,-14.1716,0.0],[141.591,-14.1737,2.6537],[141.5935,-14.1736,0.6316],[141.5915,-14.1724,5.7747],[141.5898,-14.1671,0.0]]],
[[[144.4872,-14.1649,0.0],[144.4875,-14.1649,0.0],[144.4875,-14.1645,0.478],[144.487,-14.1645,0.478],[144.4872,-14.1649,0.0]]],
[[[144.4883,-14.1635,0.0],[144.4872,-14.1636,0.478],[144.4873,-14.1642,0.478],[144.4883,-14.164,0.0],[144.4883,-14.1635,0.0]]],
[[[144.4841,-14.1513,0.0],[144.4841,-14.1504,1.2933],[144.4834,-14.1504,0.0],[144.4834,-14.152,0.0],[144.4841,-14.1513,0.0]]],
[[[144.4855,-14.1493,0.0],[144.4853,-14.1495,0.0],[144.4856,-14.15,0.0],[144.4858,-14.1496,0.0],[144.4855,-14.1493,0.0]]],
[[[144.4845,-14.14,0.0],[144.4839,-14.1396,0.0],[144.4834,-14.1402,0.0],[144.4839,-14.1404,0.0],[144.4845,-14.14,0.0]]],
[[[144.5269,-14.1279,0.0],[144.5265,-14.1281,0.0],[144.5276,-14.1283,0.0],[144.5272,-14.1279,0.0],[144.5269,-14.1279,0.0]]],
[[[144.5285,-14.1277,0.0],[144.529,-14.1271,0.0],[144.5288,-14.1267,0.0],[144.5282,-14.1271,0.0],[144.5285,-14.1277,0.0]]],
[[[144.0067,-14.1259,0.1409],[144.0075,-14.124,0.0],[144.0052,-14.1238,0.0],[144.0058,-14.1261,0.0],[144.0067,-14.1259,0.1409]]],
[[[144.3388,-14.0975,5.866],[144.3402,-14.0885,1.4345],[144.3379,-14.086,0.0],[144.3339,-14.0852,1.4492],[144.3303,-14.0882,0.0],[144.3309,-14.0894,0.0],[144.3323,-14.0866,1.3155],[144.3356,-14.086,1.1814],[144.3294,-14.0916,2.3619],[144.3313,-14.0929,6.636],[144.328,-14.0931,1.9993],[144.3271,-14.0958,6.1153],[144.3288,-14.0973,5.3732],[144.3259,-14.0963,1.9617],[144.3247,-14.0986,0.0],[144.326,-14.1021,0.4169],[144.3305,-14.1048,0.0],[144.3364,-14.1016,0.3596],[144.3388,-14.0975,5.866]]],
[[[144.255,-14.0771,5.0222],[144.2557,-14.0754,2.9298],[144.2536,-14.0755,0.9784],[144.2541,-14.0768,0.9313],[144.255,-14.0771,5.0222]]],
[[[144.2536,-14.0716,1.3643],[144.2558,-14.0739,0.4846],[144.2579,-14.0735,0.0],[144.2563,-14.0709,2.2033],[144.2536,-14.0716,1.3643]]],
[[[144.5147,-14.1218,0.0],[144.5145,-14.1215,0.0],[144.5135,-14.1223,0.561],[144.5143,-14.1223,0.0],[144.5147,-14.1218,0.0]]],
[[[144.5334,-14.1187,0.0],[144.5298,-14.1138,0.0],[144.5288,-14.1177,6.6236],[144.5301,-14.1239,2.6751],[144.5319,-14.1229,3.4301],[144.5334,-14.1187,0.0]]],
[[[144.2795,-14.1862,29.5356],[144.2788,-14.1797,9.2195],[144.277,-14.1776,2.382],[144.2766,-14.1641,0.0],[144.2727,-14.1582,8.6951],[144.271,-14.1599,4.2331],[144.2577,-14.1633,3.7372],[144.2504,-14.1603,0.0],[144.2496,-14.1636,4.7038],[144.2516,-14.1663,5.4835],[144.2525,-14.1719,3.4401],[144.2503,-14.1748,0.8969],[144.2512,-14.1758,6.6617],[144.2435,-14.1732,5.6791],[144.2321,-14.1751,0.515],[144.2312,-14.184,20.7929],[144.2405,-14.1917,0.0],[144.2543,-14.1929,17.2986],[144.2608,-14.1964,0.0],[144.2723,-14.1958,31.2844],[144.2767,-14.1985,4.8523],[144.2785,-14.1964,5.8927],[144.2833,-14.1951,46.9536],[144.2795,-14.1862,29.5356]]],
[[[144.2381,-14.136,1.5691],[144.2371,-14.1348,1.5691],[144.236,-14.1361,18.3601],[144.237,-14.133,1.3274],[144.2396,-14.1316,7.1602],[144.2374,-14.1296,10.8902],[144.2305,-14.1332,12.9296],[144.2263,-14.1457,33.317],[144.2264,-14.1497,9.5776],[144.2291,-14.1516,2.4987],[144.2292,-14.1538,1.4905],[144.2199,-14.1636,6.9276],[144.218,-14.1635,6.9276],[144.219,-14.1657,9.5581],[144.2109,-14.1731,8.6777],[144.2094,-14.1848,0.3391],[144.2141,-14.1794,0.0],[144.2157,-14.1744,10.2251],[144.2185,-14.1754,5.2172],[144.221,-14.1744,9.9188],[144.2211,-14.1672,7.842],[144.2249,-14.1688,7.7515],[144.2312,-14.1619,4.6218],[144.2389,-14.1637,7.8581],[144.245,-14.1516,2.399],[144.2508,-14.1501,1.839],[144.2573,-14.1516,0.0],[144.2603,-14.1494,51.891],[144.2676,-14.1499,0.0],[144.2671,-14.1477,0.0],[144.2589,-14.1427,0.0],[144.2525,-14.1465,13.6459],[144.2469,-14.1415,8.8108],[144.2426,-14.1429,1.6679],[144.2417,-14.1395,0.0],[144.239,-14.1388,6.2967],[144.2381,-14.136,1.5691]]],
[[[144.2664,-14.0508,0.5347],[144.2613,-14.0515,6.1682],[144.2626,-14.0549,0.0],[144.2674,-14.0573,0.0],[144.2684,-14.0531,0.8219],[144.2664,-14.0508,0.5347]]],
[[[143.6231,-13.9652,0.2044],[143.6228,-13.9655,0.2044],[143.6233,-13.9663,5.9544],[143.6235,-13.9655,0.7891],[143.6231,-13.9652,0.2044]]],
[[[143.8392,-13.9569,0.0],[143.8387,-13.9563,0.0],[143.8379,-13.9568,0.0],[143.8381,-13.9575,0.0],[143.8392,-13.9569,0.0]]],
[[[143.7541,-13.9401,1.061],[143.7563,-13.9381,-0.4267],[143.758,-13.9387,0.4727],[143.7561,-13.9334,3.1672],[143.7507,-13.9387,1.692],[143.7525,-13.9409,1.0553],[143.7541,-13.9401,1.061]]],
[[[143.8362,-13.9109,2.2262],[143.8353,-13.9081,0.7716],[143.8335,-13.9084,0.803],[143.8353,-13.9115,0.3361],[143.8362,-13.9109,2.2262]]],
[[[143.719,-13.8607,6.6375],[143.716,-13.8592,0.0],[143.7135,-13.8633,0.0],[143.7137,-13.8669,0.0],[143.7173,-13.8697,0.3782],[143.7195,-13.8692,4.4218],[143.7212,-13.8652,8.9644],[143.719,-13.8607,6.6375]]],
[[[143.6417,-13.7729,8.3213],[143.6393,-13.7759,2.6818],[143.6431,-13.7773,0.0],[143.6461,-13.771,0.0],[143.6443,-13.7703,0.0],[143.6417,-13.7729,8.3213]]],
[[[143.6933,-13.6689,4.9942],[143.6888,-13.6705,4.9537],[143.6905,-13.6746,0.0],[143.6934,-13.673,0.0],[143.695,-13.6662,0.0],[143.6911,-13.6683,4.1893],[143.6937,-13.6678,4.8011],[143.6933,-13.6689,4.9942]]],
[[[143.7211,-13.6538,0.5194],[143.7215,-13.6531,0.5194],[143.7174,-13.6533,0.3131],[143.7192,-13.6552,0.4876],[143.7211,-13.6538,0.5194]]],
[[[143.7239,-13.4936,2.0455],[143.7245,-13.4916,0.0],[143.7218,-13.4945,0.0],[143.7229,-13.4946,0.0],[143.7239,-13.4936,2.0455]]],
[[[143.5972,-13.2757,0.0995],[143.598,-13.2744,0.0313],[143.5967,-13.2735,0.0313],[143.5963,-13.2743,0.0123],[143.5972,-13.2757,0.0995]]],
[[[143.5718,-13.2158,0.0],[143.5713,-13.2162,0.0],[143.5723,-13.2166,0.157],[143.5723,-13.2162,0.0487],[143.5718,-13.2158,0.0]]],
[[[143.5778,-13.1731,-0.0682],[143.5758,-13.1762,0.1817],[143.575,-13.1926,0.1214],[143.58,-13.182,1.1344],[143.58,-13.175,-0.5475],[143.5778,-13.1731,-0.0682]]],
[[[143.6129,-12.9923,0.0],[143.6133,-12.9932,0.0],[143.6138,-12.9938,0.0],[143.6134,-12.9925,0.0],[143.6129,-12.9923,0.0]]],
[[[143.6111,-12.9893,0.0],[143.6113,-12.989,0.0],[143.6112,-12.9884,0.0],[143.6111,-12.989,0.0],[143.6111,-12.9893,0.0]]],
[[[143.6158,-12.9848,0.0],[143.6165,-12.9849,0.0],[143.617,-12.9876,0.0],[143.6169,-12.9844,-0.0261],[143.6158,-12.9848,0.0]]],
[[[143.3551,-12.8955,1.0794],[143.3546,-12.8956,1.0794],[143.3543,-12.8967,4.5097],[143.3551,-12.8959,1.0794],[143.3551,-12.8955,1.0794]]],
[[[143.6111,-12.9854,0.0],[143.612,-12.9858,0.0],[143.613,-12.9847,0.0],[143.6122,-12.9844,0.0],[143.6111,-12.9854,0.0]]],
[[[143.4104,-12.7801,0.0],[143.4119,-12.7808,0.0],[143.4122,-12.7804,0.0],[143.4114,-12.7798,0.0],[143.4104,-12.7801,0.0]]],
[[[143.3983,-12.875,0.0],[143.4013,-12.8702,0.0],[143.4007,-12.8677,0.0],[143.3966,-12.8649,3.5659],[143.3905,-12.8647,3.5672],[143.389,-12.8689,8.2484],[143.3903,-12.874,6.0864],[143.3925,-12.876,3.6458],[143.3983,-12.875,0.0]]],
[[[143.3794,-12.8663,0.0],[143.3768,-12.8697,2.4121],[143.3779,-12.8728,3.1428],[143.3815,-12.8744,7.0943],[143.3881,-12.8736,3.4009],[143.3872,-12.8656,0.0],[143.3794,-12.8663,0.0]]],
[[[143.4015,-12.7552,0.0],[143.3975,-12.7534,0.0],[143.3959,-12.7554,0.0],[143.3991,-12.7652,24.1945],[143.4015,-12.7675,4.693],[143.4033,-12.7657,0.0],[143.4015,-12.7552,0.0]]],
[[[143.4047,-12.7575,0.0],[143.4052,-12.7587,1.3483],[143.4061,-12.7583,1.3483],[143.4057,-12.7567,0.8173],[143.4047,-12.7575,0.0]]],
[[[143.3949,-12.7489,5.7128],[143.3957,-12.75,1.3915],[143.3967,-12.7482,5.7128],[143.3958,-12.7477,0.0],[143.3949,-12.7489,5.7128]]],
[[[143.4154,-12.5901,0.0],[143.4166,-12.591,6.7418],[143.4178,-12.5889,0.0],[143.4165,-12.5886,7.4009],[143.4154,-12.5901,0.0]]],
[[[143.4616,-12.5127,0.0],[143.4751,-12.5214,0.0],[143.4855,-12.5251,0.0],[143.4963,-12.5276,0.0],[143.5019,-12.5269,0.0],[143.4882,-12.5256,0.0],[143.4752,-12.5205,0.0],[143.4564,-12.5069,0.0],[143.4548,-12.5036,0.0],[143.4553,-12.5071,0.0],[143.4616,-12.5127,0.0]]],
[[[143.437,-12.4863,0.0],[143.445,-12.4952,0.0],[143.4497,-12.4981,0.0],[143.4345,-12.4825,0.0],[143.4338,-12.4842,0.0],[143.437,-12.4863,0.0]]],
[[[143.4637,-12.6211,0.0],[143.4631,-12.6206,0.0],[143.4626,-12.6213,1.9498],[143.4635,-12.6216,0.0],[143.4637,-12.6211,0.0]]],
[[[143.4503,-12.6157,47.0759],[143.448,-12.6141,0.0],[143.4439,-12.6182,0.4567],[143.4456,-12.624,12.359],[143.4505,-12.6206,0.0],[143.4503,-12.6157,47.0759]]],
[[[143.4027,-12.2995,24.1691],[143.4058,-12.2968,1.3653],[143.4043,-12.2937,0.0],[143.4,-12.2975,0.0],[143.4001,-12.2997,0.0],[143.4027,-12.2995,24.1691]]],
[[[143.2264,-12.2434,2.4794],[143.2258,-12.2446,0.0],[143.2278,-12.2447,0.6907],[143.2276,-12.2433,2.4794],[143.2264,-12.2434,2.4794]]],
[[[143.4194,-12.2939,15.1196],[143.4169,-12.2925,2.9557],[143.4156,-12.2944,28.4571],[143.4198,-12.2975,0.0],[143.4194,-12.2939,15.1196]]],
[[[143.4152,-12.2849,43.3753],[143.4133,-12.2827,0.0],[143.4098,-12.2829,0.0],[143.4072,-12.288,12.5181],[143.4041,-12.2867,7.3646],[143.4032,-12.2887,3.3555],[143.4054,-12.2894,12.5181],[143.407,-12.2925,0.0],[143.4086,-12.2916,0.447],[143.4141,-12.2929,3.8181],[143.4158,-12.2903,0.0],[143.4152,-12.2849,43.3753]]],
[[[143.3023,-12.0359,0.0],[143.2998,-12.0356,0.0],[143.2966,-12.0398,27.5562],[143.2967,-12.0419,18.5296],[143.2993,-12.0427,35.8292],[143.3034,-12.0413,0.0],[143.3043,-12.0369,0.0],[143.3023,-12.0359,0.0]]],
[[[143.2665,-11.9753,1.0403],[143.2621,-11.9763,4.3899],[143.2647,-11.9793,2.1272],[143.2653,-11.9844,12.7176],[143.269,-11.9898,3.7354],[143.2729,-11.9897,3.3734],[143.2767,-11.9858,0.0],[143.2665,-11.9753,1.0403]]],
[[[143.2439,-11.9955,3.5923],[143.2413,-11.9938,0.0],[143.24,-11.9948,0.0],[143.243,-11.9969,5.975],[143.2443,-11.9967,5.975],[143.2439,-11.9955,3.5923]]],
[[[143.2492,-11.9861,0.0],[143.2471,-11.9841,0.0],[143.2442,-11.9878,0.0],[143.2487,-11.9905,4.463],[143.2498,-11.9937,17.7031],[143.2483,-11.9944,0.0],[143.2514,-11.9961,2.8197],[143.2528,-11.9932,3.4361],[143.2492,-11.9861,0.0]]],
[[[143.2901,-11.9697,0.3873],[143.2867,-11.9676,0.0],[143.2849,-11.9689,0.4129],[143.2872,-11.9743,3.7384],[143.2896,-11.9727,2.3539],[143.2901,-11.9697,0.3873]]],
[[[143.2552,-11.9698,0.345],[143.2562,-11.9692,0.0],[143.253,-11.9678,0.0],[143.2532,-11.9698,2.2841],[143.2552,-11.9698,0.345]]],
[[[143.2671,-11.9507,2.4416],[143.2676,-11.9509,0.3514],[143.2688,-11.9499,0.3514],[143.2669,-11.9492,0.0],[143.2671,-11.9507,2.4416]]],
[[[143.2635,-11.9659,0.0],[143.2629,-11.9672,0.0],[143.2634,-11.9694,2.2066],[143.2643,-11.9683,2.2066],[143.2635,-11.9659,0.0]]],
[[[143.2098,-11.9312,15.8415],[143.212,-11.9305,2.203],[143.211,-11.9277,0.0],[143.2076,-11.9293,0.0],[143.2098,-11.9312,15.8415]]],
[[[143.4819,-11.9133,13.1643],[143.4771,-11.9153,0.0],[143.4762,-11.9198,0.0],[143.4802,-11.9217,2.4276],[143.4857,-11.9212,0.0],[143.4841,-11.9144,3.3497],[143.4819,-11.9133,13.1643]]],
[[[143.4731,-11.9025,0.0],[143.4703,-11.8978,0.0],[143.4663,-11.9002,0.0],[143.4636,-11.9047,0.0],[143.4703,-11.9076,7.2592],[143.4731,-11.9025,0.0]]],
[[[143.1076,-11.8913,0.0],[143.1086,-11.8899,2.9236],[143.1083,-11.8882,0.0],[143.1074,-11.8904,2.9236],[143.1076,-11.8913,0.0]]],
[[[143.2832,-11.857,0.5815],[143.2807,-11.8569,0.0],[143.2802,-11.8602,0.0],[143.2809,-11.8602,0.0],[143.2832,-11.857,0.5815]]],
[[[143.3048,-11.8488,3.221],[143.3038,-11.8495,0.0],[143.3038,-11.8504,1.685],[143.3052,-11.8501,3.1805],[143.3048,-11.8488,3.221]]],
[[[143.301,-11.8465,2.8286],[143.3004,-11.848,0.0],[143.3013,-11.8487,0.0],[143.3021,-11.8466,2.8286],[143.301,-11.8465,2.8286]]],
[[[143.3147,-11.8359,4.1168],[143.3147,-11.8382,0.0],[143.317,-11.8374,3.3808],[143.3161,-11.8356,4.1168],[143.3147,-11.8359,4.1168]]],
[[[143.0869,-11.7919,0.0],[143.0903,-11.7922,0.0],[143.0908,-11.7897,0.0],[143.0846,-11.7856,0.0],[143.0889,-11.7906,0.0],[143.0828,-11.7894,0.0],[143.0869,-11.7919,0.0]]],
[[[143.0908,-11.7658,0.0],[143.0878,-11.7675,5.4308],[143.0949,-11.7703,1.9995],[143.0952,-11.7721,3.0045],[143.0956,-11.7696,1.9995],[143.0908,-11.7658,0.0]]],
[[[142.9919,-11.7342,0.0],[142.9936,-11.7433,0.0],[142.9956,-11.74,0.0],[142.9919,-11.7283,0.0],[142.9855,-11.7233,0.0],[142.9848,-11.7245,0.0],[142.9894,-11.7278,0.0],[142.9919,-11.7342,0.0]]],
[[[142.9778,-11.7288,0.0],[142.9785,-11.729,0.0],[142.9797,-11.729,0.0],[142.9788,-11.7282,0.0],[142.9778,-11.7288,0.0]]],
[[[143.1814,-11.7002,0.0],[143.1802,-11.6991,0.0],[143.1792,-11.7006,2.6241],[143.1811,-11.705,0.0],[143.1821,-11.7024,0.5352],[143.1814,-11.7002,0.0]]],
[[[142.9425,-11.5903,0.0],[142.935,-11.5889,0.0],[142.9311,-11.5922,0.0],[142.9333,-11.5942,0.0],[142.937,-11.5928,0.0],[142.9472,-11.5936,0.0],[142.9425,-11.5903,0.0]]],
[[[144.0383,-11.5903,6.0388],[144.0347,-11.5878,0.0],[144.032,-11.5894,1.39],[144.0325,-11.5919,0.0],[144.0375,-11.5933,0.0],[144.0392,-11.5925,0.0],[144.0383,-11.5903,6.0388]]],
[[[143.0169,-11.5536,0.0],[143.0153,-11.5517,0.0],[143.0103,-11.5506,0.0],[143.0125,-11.5553,0.0],[143.0117,-11.5569,0.0],[143.0161,-11.5628,0.0],[143.0192,-11.5633,0.0],[143.0231,-11.5583,0.0],[143.0211,-11.5544,0.0],[143.0169,-11.5536,0.0]]],
[[[143.0861,-11.525,0.0],[143.0783,-11.5217,0.0],[143.0842,-11.5269,0.0],[143.0875,-11.5264,0.0],[143.0861,-11.525,0.0]]],
[[[143.0295,-11.4882,0.0],[143.0222,-11.4843,0.0],[143.0188,-11.4871,2.2821],[143.0195,-11.4879,2.2821],[143.024,-11.4869,5.1611],[143.0295,-11.4882,0.0]]],
[[[143.0334,-11.4805,0.0],[143.0327,-11.4798,0.0],[143.0313,-11.4811,0.0],[143.0322,-11.4813,0.0],[143.0334,-11.4805,0.0]]],
[[[143.0328,-11.4475,0.0],[143.0329,-11.4489,0.0],[143.0338,-11.4493,0.0],[143.0342,-11.4465,0.0],[143.0328,-11.4475,0.0]]],
[[[144.0189,-11.4092,0.0],[144.0217,-11.4119,0.0],[144.0231,-11.4108,0.0],[144.0203,-11.4069,0.0],[144.0189,-11.4092,0.0]]],
[[[142.9703,-11.3795,0.0],[142.9696,-11.3788,0.0],[142.9667,-11.3796,1.0404],[142.9705,-11.3825,0.0],[142.9703,-11.3795,0.0]]],
[[[143.813,-11.3234,0.0],[143.8128,-11.32,0.0],[143.8108,-11.3175,0.0],[143.8124,-11.3248,0.0],[143.813,-11.3234,0.0]]],
[[[143.0339,-11.3808,0.0],[143.0325,-11.3786,0.0],[143.0281,-11.3786,0.0],[143.0289,-11.3806,0.0],[143.0339,-11.3808,0.0]]],
[[[142.8755,-11.2536,0.0],[142.8761,-11.2547,0.0],[142.8755,-11.248,0.0],[142.873,-11.2471,0.692],[142.8708,-11.2492,0.0],[142.8731,-11.2496,0.0],[142.8755,-11.2536,0.0]]],
[[[142.9335,-11.2479,0.0],[142.9314,-11.2446,0.0],[142.9275,-11.2419,0.6697],[142.9204,-11.2399,10.1816],[142.9206,-11.2418,3.0723],[142.93,-11.2439,0.0],[142.9335,-11.2479,0.0]]],
[[[142.9926,-11.2349,0.0],[142.9916,-11.2357,0.0],[142.9937,-11.2373,0.0],[142.9939,-11.2349,0.0],[142.9926,-11.2349,0.0]]],
[[[143.0397,-11.1933,0.0],[143.0418,-11.1953,0.0],[143.0443,-11.1945,0.0],[143.0409,-11.1938,0.0],[143.0399,-11.192,0.0],[143.0397,-11.1933,0.0]]],
[[[143.0194,-11.1684,0.0],[143.0152,-11.1655,0.0],[143.0109,-11.1647,0.0],[143.0148,-11.1684,13.8039],[143.0152,-11.1706,8.4842],[143.0179,-11.1706,11.3063],[143.0194,-11.1684,0.0]]],
[[[143.1086,-11.1692,0.0],[143.1095,-11.1683,0.0],[143.1069,-11.1658,0.0],[143.1039,-11.1661,0.0],[143.1039,-11.1675,0.0],[143.1086,-11.1692,0.0]]],
[[[143.0765,-11.1578,0.0],[143.0756,-11.16,0.0],[143.0766,-11.1612,0.6327],[143.0777,-11.1602,0.6327],[143.0765,-11.1578,0.0]]],
[[[143.1036,-11.1642,0.0],[143.1025,-11.1628,0.0],[143.1011,-11.1633,0.0],[143.1028,-11.1653,0.0],[143.1036,-11.1642,0.0]]],
[[[143.0171,-11.1084,0.0],[143.0172,-11.1079,0.0],[143.0205,-11.107,0.0],[143.0151,-11.1069,0.0],[143.0171,-11.1084,0.0]]],
[[[142.7565,-11.0245,1.1919],[142.7561,-11.024,1.1919],[142.7554,-11.0242,1.1919],[142.7559,-11.0249,2.9438],[142.7565,-11.0245,1.1919]]],
[[[142.9938,-11.0102,0.0],[142.9941,-11.0088,0.0],[142.9909,-11.0079,0.0],[142.9915,-11.0104,0.0],[142.9938,-11.0102,0.0]]],
[[[142.9892,-11.0045,0.0],[142.9884,-11.0054,0.0],[142.9885,-11.0063,0.0],[142.9895,-11.0059,0.0],[142.9892,-11.0045,0.0]]],
[[[142.1119,-10.9725,2.7154],[142.1087,-10.9705,4.0431],[142.1106,-10.9694,4.2632],[142.1139,-10.9716,0.7473],[142.115,-10.9708,0.0],[142.1087,-10.9673,0.0],[142.1014,-10.973,5.5946],[142.098,-10.9794,0.0],[142.0988,-10.9895,0.0],[142.101,-10.9947,0.0],[142.1076,-10.9984,0.0],[142.1139,-10.9965,0.0],[142.1153,-10.9915,6.2314],[142.1129,-10.9891,0.0],[142.1077,-10.9906,4.3592],[142.1039,-10.9897,6.7484],[142.1002,-10.9877,0.0],[142.0991,-10.9851,0.0],[142.1006,-10.9792,1.1056],[142.103,-10.9779,10.2962],[142.1059,-10.9792,4.536],[142.1094,-10.9726,3.5193],[142.1127,-10.9746,0.0],[142.1119,-10.9725,2.7154]]],
[[[142.6925,-10.8868,0.0],[142.6948,-10.8894,0.0],[142.6956,-10.8876,0.0],[142.6943,-10.8865,1.0723],[142.6925,-10.8868,0.0]]],
[[[142.037,-10.8816,0.0],[142.0346,-10.8798,1.7598],[142.0327,-10.8807,1.7598],[142.0327,-10.8855,0.599],[142.0349,-10.8826,6.3494],[142.037,-10.8816,0.0]]],
[[[142.6886,-10.9221,0.0],[142.6841,-10.9205,6.7431],[142.6787,-10.9138,0.0],[142.6732,-10.9155,0.0],[142.6695,-10.9129,0.0],[142.6651,-10.9142,0.0],[142.655,-10.913,5.0371],[142.6519,-10.9148,0.0],[142.6505,-10.9189,0.0],[142.6524,-10.9253,5.8841],[142.6667,-10.9363,0.0],[142.6687,-10.9366,1.328],[142.6746,-10.9332,10.2271],[142.6809,-10.934,9.1339],[142.687,-10.937,13.7287],[142.6914,-10.9433,0.0],[142.6923,-10.9586,0.0],[142.6979,-10.9563,1.1841],[142.7052,-10.9563,2.0077],[142.7057,-10.953,0.5928],[142.7016,-10.9474,2.905],[142.7008,-10.9437,8.3673],[142.7025,-10.9346,16.5976],[142.6902,-10.9201,2.3255],[142.6886,-10.9221,0.0]]],
[[[142.6227,-10.9245,1.1421],[142.6353,-10.927,0.9028],[142.639,-10.9217,9.2633],[142.6371,-10.9186,7.1971],[142.638,-10.9163,3.4914],[142.634,-10.9142,0.0],[142.6233,-10.9153,1.6678],[142.6207,-10.9187,0.0],[142.6209,-10.9222,0.0],[142.6227,-10.9245,1.1421]]],
[[[142.0241,-10.8514,0.0],[142.0258,-10.8503,8.4168],[142.025,-10.8482,1.9866],[142.0233,-10.8506,0.0],[142.0241,-10.8514,0.0]]],
[[[142.3567,-10.8425,1.9975],[142.3527,-10.8435,0.0],[142.3525,-10.8473,0.0],[142.3562,-10.845,2.1725],[142.3587,-10.8463,0.0],[142.3638,-10.8436,9.1139],[142.3634,-10.8419,0.7476],[142.3591,-10.8437,2.4188],[142.3567,-10.8425,1.9975]]],
[[[142.3486,-10.8439,2.5096],[142.3474,-10.8439,0.0],[142.3474,-10.8445,0.0],[142.3483,-10.8447,0.0],[142.3486,-10.8439,2.5096]]],
[[[142.3177,-10.8408,12.6235],[142.3183,-10.8393,0.0],[142.3183,-10.836,0.0],[142.3155,-10.8423,0.0],[142.3177,-10.8408,12.6235]]],
[[[142.3485,-10.8377,0.0],[142.349,-10.8374,0.0],[142.3488,-10.8366,0.0],[142.3481,-10.8373,0.0],[142.3485,-10.8377,0.0]]],
[[[142.0269,-10.8521,0.0],[142.0276,-10.8519,0.0],[142.0279,-10.8514,0.0],[142.0267,-10.8516,0.0],[142.0269,-10.8521,0.0]]],
[[[143.359,-12.8876,0.0],[143.368,-12.8905,5.137],[143.3714,-12.8948,2.3519],[143.3745,-12.8958,3.7488],[143.3784,-12.8863,7.1929],[143.3768,-12.8835,1.8242],[143.3689,-12.8821,2.1112],[143.359,-12.8876,0.0]]],
[[[143.3964,-12.8895,0.0],[143.3936,-12.8944,1.6116],[143.3956,-12.8962,12.0392],[143.4008,-12.8964,1.9897],[143.3975,-12.8875,7.8907],[143.4,-12.8775,0.0],[143.3988,-12.8764,5.4942],[143.3941,-12.8771,1.7251],[143.3964,-12.8817,1.9269],[143.3964,-12.8895,0.0]]],
[[[143.6041,-12.8871,0.1049],[143.6043,-12.8856,0.643],[143.6036,-12.8847,0.643],[143.6029,-12.8853,0.643],[143.6041,-12.8871,0.1049]]],
[[[143.5455,-12.8865,0.0],[143.5459,-12.8868,0.0],[143.5478,-12.8854,0.0],[143.5462,-12.8849,2.6572],[143.5455,-12.8865,0.0]]],
[[[143.5496,-12.8854,0.0],[143.5495,-12.886,0.0],[143.55,-12.8862,0.0],[143.5503,-12.8854,0.0],[143.5496,-12.8854,0.0]]],
[[[143.5978,-12.8846,0.0],[143.5982,-12.8836,0.0],[143.5963,-12.8853,0.0],[143.5972,-12.8852,0.0],[143.5978,-12.8846,0.0]]],
[[[143.3879,-12.8827,2.496],[143.387,-12.8832,3.0051],[143.3864,-12.884,0.0],[143.3895,-12.8827,3.3312],[143.3879,-12.8827,2.496]]],
[[[143.372,-12.8786,7.8682],[143.3694,-12.8765,1.5467],[143.3675,-12.8773,0.0],[143.3693,-12.8805,0.0],[143.3746,-12.8815,0.0],[143.372,-12.8786,7.8682]]],
[[[143.3913,-12.8809,0.0],[143.389,-12.877,0.0],[143.3791,-12.8767,0.0],[143.3829,-12.883,2.631],[143.3913,-12.8809,0.0]]],
[[[142.2255,-10.7399,19.2299],[142.2239,-10.7371,4.6917],[142.2202,-10.7393,0.0],[142.2205,-10.7438,0.9766],[142.2241,-10.7476,15.4176],[142.2266,-10.745,13.7711],[142.2255,-10.7399,19.2299]]],
[[[142.2541,-10.736,0.0],[142.2545,-10.7371,0.0],[142.2558,-10.7365,5.2897],[142.2554,-10.7348,6.8289],[142.2541,-10.736,0.0]]],
[[[142.6124,-10.7259,0.0],[142.6032,-10.7245,0.0],[142.5953,-10.7128,0.0],[142.5844,-10.7144,0.0],[142.5921,-10.7279,13.0216],[142.5997,-10.7328,6.1724],[142.5994,-10.7359,0.0],[142.6051,-10.7369,0.0],[142.6065,-10.7411,0.0],[142.6102,-10.7408,23.503],[142.6119,-10.7454,2.5255],[142.6151,-10.745,4.8522],[142.6173,-10.7476,14.1721],[142.6206,-10.7475,12.3171],[142.6224,-10.7461,20.2121],[142.6225,-10.7432,18.051],[142.6154,-10.7382,20.0341],[142.6159,-10.735,29.1402],[142.6197,-10.7333,5.1187],[142.6201,-10.7316,11.6511],[142.6165,-10.7315,18.4684],[142.6142,-10.729,23.0777],[142.6162,-10.7238,37.9952],[142.615,-10.7209,0.0],[142.6134,-10.7212,0.0],[142.6124,-10.7259,0.0]]],
[[[142.4076,-10.7437,0.0],[142.4115,-10.7394,0.879],[142.4117,-10.7382,0.879],[142.41,-10.7381,3.9222],[142.4076,-10.7437,0.0]]],
[[[142.6252,-10.7239,10.2744],[142.626,-10.7199,1.2489],[142.6217,-10.7182,3.3054],[142.6228,-10.7233,0.0],[142.6252,-10.7239,10.2744]]],
[[[142.3419,-10.7157,0.0],[142.3435,-10.7173,2.4401],[142.3449,-10.7166,2.4401],[142.3441,-10.7132,9.9256],[142.3424,-10.7139,0.0],[142.3419,-10.7157,0.0]]],
[[[142.4927,-10.6943,0.0],[142.4917,-10.6942,0.0],[142.4923,-10.6962,4.2505],[142.4926,-10.6956,4.2505],[142.4927,-10.6943,0.0]]],
[[[142.28,-10.6891,0.8752],[142.2802,-10.6891,0.8752],[142.2805,-10.6885,0.8752],[142.2797,-10.6884,0.8752],[142.28,-10.6891,0.8752]]],
[[[142.405,-10.7245,6.4328],[142.4083,-10.7144,4.2601],[142.411,-10.7116,7.1432],[142.4058,-10.7082,20.2706],[142.3985,-10.7108,7.6068],[142.3965,-10.7093,0.0],[142.3897,-10.718,5.0293],[142.3932,-10.7224,9.5089],[142.3934,-10.7304,3.5174],[142.3907,-10.7365,44.5208],[142.386,-10.7398,3.1708],[142.3833,-10.7445,3.9013],[142.3856,-10.7501,0.0],[142.3989,-10.7355,25.478],[142.405,-10.7245,6.4328]]],
[[[142.2843,-10.7195,7.4135],[142.2839,-10.7229,10.6249],[142.2866,-10.7253,3.5326],[142.2902,-10.7339,2.8329],[142.2935,-10.7341,6.0319],[142.2996,-10.7305,40.4835],[142.305,-10.7242,22.3358],[142.3029,-10.7167,18.2234],[142.3031,-10.7083,11.409],[142.2943,-10.7018,4.9792],[142.2915,-10.7041,0.0],[142.2893,-10.7113,14.4592],[142.2817,-10.7163,0.0],[142.2843,-10.7195,7.4135]]],
[[[142.5957,-10.7032,0.0],[142.5955,-10.7046,0.0],[142.5957,-10.7048,0.0],[142.5965,-10.7032,2.1995],[142.5957,-10.7032,0.0]]],
[[[142.5575,-10.7106,19.3039],[142.5601,-10.7097,12.5825],[142.5564,-10.7077,0.0],[142.5532,-10.7084,0.9503],[142.5542,-10.7094,1.1911],[142.5575,-10.7106,19.3039]]],
[[[142.5956,-10.7092,0.0],[142.5967,-10.71,5.0094],[142.5975,-10.7085,14.7298],[142.5966,-10.7066,4.7662],[142.5957,-10.7074,0.0],[142.5956,-10.7092,0.0]]],
[[[142.3556,-10.7011,4.7887],[142.3577,-10.6978,0.0],[142.3493,-10.7031,0.0],[142.3477,-10.7081,0.8336],[142.3512,-10.7074,26.8013],[142.3556,-10.7011,4.7887]]],
[[[142.3808,-10.7047,0.0],[142.3845,-10.7019,13.8753],[142.3839,-10.7003,13.3537],[142.381,-10.7013,8.7749],[142.3794,-10.7039,0.0],[142.3808,-10.7047,0.0]]],
[[[142.3846,-10.7674,6.4809],[142.3869,-10.7692,3.029],[142.3874,-10.7687,3.029],[142.387,-10.7659,0.0],[142.3846,-10.7674,6.4809]]],
[[[142.212,-10.7651,0.0],[142.2126,-10.7646,0.0],[142.2126,-10.7634,0.8842],[142.2117,-10.7638,0.8842],[142.212,-10.7651,0.0]]],
[[[142.3766,-10.7597,0.0],[142.3761,-10.7564,14.4194],[142.3707,-10.7603,1.4125],[142.3695,-10.7665,0.0],[142.3725,-10.7659,1.6409],[142.3766,-10.7597,0.0]]],
[[[142.2091,-10.6065,44.3324],[142.2044,-10.6011,13.5957],[142.2046,-10.5948,20.265],[142.1964,-10.5942,0.0],[142.1922,-10.597,3.2019],[142.1869,-10.598,0.0],[142.1834,-10.6062,0.0],[142.175,-10.6173,1.5185],[142.1769,-10.6185,5.3177],[142.1733,-10.6192,2.0213],[142.1675,-10.6239,0.7411],[142.1599,-10.6254,4.7232],[142.1525,-10.6229,0.0],[142.1501,-10.6272,0.0],[142.1462,-10.6301,6.4926],[142.1472,-10.6349,0.9425],[142.1423,-10.6412,0.0],[142.1363,-10.6445,0.0],[142.1333,-10.6441,71.9088],[142.1322,-10.6394,0.0],[142.1301,-10.6398,9.3222],[142.1251,-10.6449,14.1183],[142.1223,-10.6427,0.0],[142.1196,-10.6464,5.3326],[142.1224,-10.6495,1.0948],[142.1187,-10.6579,0.8327],[142.1151,-10.6613,6.5398],[142.113,-10.6605,6.5345],[142.1105,-10.6618,1.1551],[142.1106,-10.6724,0.0],[142.1142,-10.6744,0.0],[142.1138,-10.6873,1.698],[142.1197,-10.6906,7.7942],[142.1144,-10.6891,4.9887],[142.1121,-10.6854,6.0391],[142.1096,-10.6851,7.8516],[142.1106,-10.6937,1.3227],[142.1191,-10.7108,36.905],[142.1192,-10.7127,14.5524],[142.1152,-10.7143,2.3061],[142.1128,-10.7197,0.0],[142.1157,-10.7235,0.0],[142.1213,-10.7242,9.2142],[142.1249,-10.7275,1.1053],[142.1281,-10.735,0.0],[142.1386,-10.7371,3.0126],[142.1401,-10.7426,6.2131],[142.1455,-10.7472,1.243],[142.1463,-10.7535,6.5428],[142.144,-10.7587,2.1353],[142.1491,-10.761,0.0],[142.1501,-10.7649,2.0624],[142.1519,-10.7652,2.0624],[142.1583,-10.7613,0.0],[142.1616,-10.7627,1.0292],[142.1642,-10.7667,0.0],[142.1751,-10.7688,3.4255],[142.1779,-10.7709,2.3514],[142.1863,-10.766,53.1906],[142.1879,-10.7607,9.0806],[142.1855,-10.7576,8.1627],[142.1848,-10.7532,7.4917],[142.1879,-10.7462,4.2939],[142.1957,-10.7463,1.0516],[142.1967,-10.739,48.3579],[142.2068,-10.7264,6.2832],[142.2161,-10.7236,2.9184],[142.2156,-10.7221,11.0946],[142.2189,-10.7215,2.5381],[142.223,-10.7231,2.6546],[142.2274,-10.7207,10.3993],[142.2239,-10.7264,0.0],[142.2279,-10.7336,0.0],[142.2271,-10.7374,0.0],[142.2302,-10.7395,38.4175],[142.237,-10.7348,6.4459],[142.2376,-10.7298,5.3354],[142.2408,-10.7251,0.0],[142.2473,-10.7201,4.4365],[142.2459,-10.7195,11.3199],[142.246,-10.7131,13.6137],[142.2429,-10.7111,15.1633],[142.2551,-10.7138,6.4895],[142.2564,-10.7178,0.0],[142.2612,-10.721,12.2335],[142.2631,-10.7268,0.0],[142.2648,-10.7272,0.0],[142.2669,-10.7264,3.9742],[142.267,-10.7213,41.6516],[142.2648,-10.7194,5.1915],[142.2659,-10.7168,6.1975],[142.2711,-10.7165,0.0],[142.2738,-10.7075,26.8142],[142.2774,-10.7065,3.1823],[142.2738,-10.7015,11.3926],[142.2729,-10.6969,35.4491],[142.2671,-10.6913,14.1918],[142.2629,-10.6821,36.51],[142.2559,-10.6725,15.0821],[142.2497,-10.667,3.144],[142.2467,-10.6591,6.8697],[142.248,-10.6537,10.8825],[142.2454,-10.6473,11.1546],[142.2403,-10.6463,7.8743],[142.2349,-10.6425,3.7624],[142.225,-10.6274,2.8358],[142.212,-10.6184,4.9438],[142.2094,-10.615,15.6377],[142.2091,-10.6065,44.3324]]],
[[[153.4087,-27.8498,0.7293],[153.409,-27.8514,0.0],[153.4102,-27.8512,0.3747],[153.4084,-27.8482,0.387],[153.4087,-27.8498,0.7293]]],
[[[153.4028,-27.8646,0.0],[153.4029,-27.8641,0.3672],[153.4028,-27.8641,0.3672],[153.4025,-27.8644,0.3672],[153.4028,-27.8646,0.0]]],
[[[153.401,-27.8602,0.4076],[153.4032,-27.863,0.3672],[153.4022,-27.8591,0.492],[153.4,-27.8577,0.0],[153.401,-27.8602,0.4076]]],
[[[153.4071,-27.8489,0.0],[153.4073,-27.8505,0.0],[153.4078,-27.8511,0.0],[153.4073,-27.8479,0.0],[153.4071,-27.8489,0.0]]],
[[[153.3962,-27.8395,0.0],[153.3955,-27.8316,0.0],[153.3912,-27.8361,0.0],[153.3838,-27.8318,1.5117],[153.3822,-27.833,2.0084],[153.3825,-27.8381,0.0],[153.3832,-27.8386,1.0598],[153.3837,-27.838,1.0598],[153.3842,-27.8381,1.0598],[153.3857,-27.8405,1.1896],[153.3923,-27.8388,1.4263],[153.3962,-27.8395,0.0]]],
[[[153.4155,-27.9317,2.2163],[153.4115,-27.9315,0.0],[153.414,-27.9324,2.6351],[153.416,-27.94,0.5966],[153.4188,-27.94,0.0],[153.4179,-27.9354,5.7531],[153.419,-27.9316,0.0],[153.4155,-27.9317,2.2163]]],
[[[153.4104,-27.903,1.2619],[153.4127,-27.9077,0.0],[153.413,-27.9026,0.0],[153.4098,-27.8987,0.0],[153.4104,-27.903,1.2619]]],
[[[153.4118,-27.8994,0.0],[153.4115,-27.8991,0.0],[153.4114,-27.8992,0.0],[153.4117,-27.8999,1.358],[153.4118,-27.8994,0.0]]],
[[[153.4147,-27.8989,0.0],[153.4144,-27.8996,0.0],[153.415,-27.9,0.0],[153.4153,-27.8992,0.0],[153.4147,-27.8989,0.0]]],
[[[153.4011,-27.8881,0.0],[153.4025,-27.8888,0.0],[153.4037,-27.8871,6.3254],[153.4021,-27.8837,0.6007],[153.4005,-27.8859,0.0],[153.4011,-27.8881,0.0]]],
[[[153.4153,-27.8657,0.0],[153.415,-27.8665,0.0],[153.4156,-27.8677,0.0],[153.4161,-27.8666,0.0],[153.4153,-27.8657,0.0]]],
[[[153.4168,-27.8795,1.5331],[153.4179,-27.8815,0.0],[153.4217,-27.8791,3.4461],[153.4183,-27.8704,0.2599],[153.4158,-27.869,0.0],[153.4178,-27.8777,0.3936],[153.4168,-27.8795,1.5331]]],
[[[153.4054,-27.8818,1.1284],[153.4106,-27.8718,1.8557],[153.4103,-27.8689,0.9375],[153.4078,-27.8673,1.6332],[153.4001,-27.8689,1.0856],[153.4035,-27.8723,0.0],[153.4001,-27.8813,0.8729],[153.4054,-27.8818,1.1284]]],
[[[153.3856,-27.840699999999998,1.1896],[153.3837,-27.8381,1.0598],[153.3818,-27.8425,0.5855],[153.3781,-27.8441,0.8325],[153.3765,-27.8427,0.5727],[153.3771,-27.8486,3.2674],[153.3762,-27.8502,0.9838],[153.3652,-27.85,2.1312],[153.3694,-27.8528,7.7878],[153.3796,-27.8551,5.9912],[153.3824,-27.8598,0.0],[153.3825,-27.8725,0.7581],[153.3916,-27.8749,0.0],[153.3956,-27.873,1.6188],[153.3948,-27.871,1.6865],[153.3971,-27.8684,0.0],[153.3911,-27.8705,2.0639],[153.4002,-27.8661,0.6333],[153.4019,-27.8632,0.3672],[153.3984,-27.8575,0.0],[153.3976,-27.8624,1.4785],[153.3956,-27.8642,1.3347],[153.3974,-27.8607,0.8766],[153.3964,-27.8551,0.0],[153.3937,-27.8552,2.0573],[153.3941,-27.8545,2.6357],[153.3953,-27.8543,2.6357],[153.396,-27.8544,0.0],[153.3967,-27.8551,0.0],[153.3948,-27.8404,2.3494],[153.3925,-27.8391,1.4263],[153.3856,-27.840699999999998,1.1896]]],
[[[153.3918,-27.8326,0.851],[153.3913,-27.8309,0.481],[153.3887,-27.8305,1.0882],[153.3868,-27.8288,1.0499],[153.3832,-27.8308,0.4457],[153.3897,-27.8338,1.111],[153.3918,-27.8326,0.851]]],
[[[153.3963,-27.831,0.0],[153.3965,-27.8311,0.0],[153.3967,-27.831,0.0],[153.3963,-27.8307,0.0],[153.3963,-27.831,0.0]]],
[[[153.3851,-27.8268,11.2594],[153.3848,-27.8274,11.2594],[153.386,-27.8285,1.0499],[153.3855,-27.826,0.964],[153.3851,-27.8268,11.2594]]],
[[[153.3922,-27.829,1.4867],[153.3928,-27.8311,0.7511],[153.3945,-27.8295,1.2809],[153.3933,-27.8285,1.4867],[153.3922,-27.829,1.4867]]],
[[[153.4023,-27.8288,0.0],[153.4026,-27.8293,0.0],[153.403,-27.8287,0.0],[153.4023,-27.8287,0.0],[153.4023,-27.8288,0.0]]],
[[[153.3986,-27.8274,0.0],[153.3991,-27.8288,0.0],[153.4011,-27.8291,1.027],[153.3996,-27.827,0.0],[153.3986,-27.8274,0.0]]],
[[[153.4011,-27.8258,0.4975],[153.4017,-27.8276,1.724],[153.4037,-27.8273,1.724],[153.403,-27.8253,1.4135],[153.4011,-27.8258,0.4975]]],
[[[153.3852,-27.8251,6.2975],[153.3844,-27.8248,6.2975],[153.3849,-27.826,6.2975],[153.3853,-27.8256,0.964],[153.3852,-27.8251,6.2975]]],
[[[153.3995,-27.8236,0.0],[153.4,-27.8251,0.4975],[153.401,-27.8251,0.4975],[153.4011,-27.8247,0.4975],[153.3995,-27.8236,0.0]]],
[[[153.4011,-27.8226,0.4267],[153.4001,-27.8223,0.4267],[153.4,-27.8224,0.4267],[153.4009,-27.8235,0.4874],[153.4011,-27.8226,0.4267]]],
[[[153.3616,-27.7992,1.4161],[153.3562,-27.7984,3.555],[153.3572,-27.8001,2.2305],[153.3613,-27.8001,1.3083],[153.3631,-27.7983,0.6593],[153.3616,-27.7992,1.4161]]],
[[[153.2937,-27.5293,0.3455],[153.2905,-27.5271,0.0],[153.2913,-27.5311,1.1452],[153.2953,-27.5315,0.0],[153.2937,-27.5293,0.3455]]],
[[[153.3843,-27.5153,0.5055],[153.3837,-27.5165,0.0],[153.3838,-27.5175,0.0],[153.385,-27.5161,0.5055],[153.3843,-27.5153,0.5055]]],
[[[153.3617,-27.4877,0.0],[153.3588,-27.4858,1.3718],[153.3572,-27.4879,1.0745],[153.3601,-27.4902,1.1186],[153.3517,-27.4932,13.284],[153.345,-27.4931,11.4071],[153.3367,-27.498,1.1748],[153.3417,-27.5036,0.0],[153.3421,-27.5063,2.9521],[153.3406,-27.5071,0.0],[153.342,-27.5071,2.9521],[153.3435,-27.5112,5.2206],[153.3417,-27.5125,0.0],[153.3468,-27.514,1.2962],[153.3474,-27.5112,16.7834],[153.3568,-27.5029,7.9806],[153.3673,-27.4996,0.0],[153.3698,-27.4996,9.5397],[153.371,-27.5013,0.0],[153.3739,-27.4993,8.2492],[153.3745,-27.4954,8.9242],[153.3723,-27.4907,0.6221],[153.3617,-27.4877,0.0]]],
[[[153.3338,-27.5645,0.0],[153.332,-27.5628,0.0],[153.3291,-27.5635,0.283],[153.326,-27.5663,2.5203],[153.3265,-27.5703,4.6548],[153.3212,-27.5701,0.6675],[153.3188,-27.5715,1.2318],[153.3187,-27.5735,0.7553],[153.3354,-27.5748,0.0],[153.3376,-27.5732,3.2625],[153.3386,-27.5658,2.0502],[153.3382,-27.5645,0.0],[153.3338,-27.5645,0.0]]],
[[[153.3233,-27.6105,0.0],[153.325,-27.6097,0.5381],[153.3253,-27.6058,0.0],[153.3246,-27.6061,0.0],[153.3233,-27.6105,0.0]]],
[[[153.313,-27.7094,0.0],[153.311,-27.7104,0.0],[153.319,-27.7077,0.0],[153.3149,-27.709,0.0],[153.313,-27.7094,0.0]]],
[[[153.3373,-27.695,0.3998],[153.3393,-27.695,0.4386],[153.3398,-27.6899,2.4856],[153.3349,-27.6831,1.927],[153.326,-27.6772,0.0],[153.3199,-27.6798,2.1884],[153.3222,-27.6917,0.5051],[153.3262,-27.6928,2.3174],[153.3274,-27.6948,0.0],[153.3373,-27.695,0.3998]]],
[[[153.3846,-27.6167,4.2573],[153.3834,-27.6175,4.2573],[153.3829,-27.616,0.0],[153.3821,-27.6215,6.9804],[153.3742,-27.6217,0.7646],[153.3724,-27.6308,0.0],[153.3757,-27.6302,3.3212],[153.3783,-27.6319,1.8404],[153.3834,-27.6278,12.8743],[153.3862,-27.628,0.0],[153.3856,-27.6236,3.4289],[153.3905,-27.6202,0.0],[153.3888,-27.6207,2.3205],[153.3846,-27.6167,4.2573]]],
[[[153.4064,-27.6381,1.707],[153.4028,-27.6374,1.7972],[153.4041,-27.6345,0.0],[153.4025,-27.6343,0.0],[153.4008,-27.6359,0.0],[153.4032,-27.6388,0.0],[153.4034,-27.6418,0.0],[153.4011,-27.6448,8.5184],[153.395,-27.6453,10.6077],[153.3903,-27.6414,5.7341],[153.3895,-27.6462,4.4089],[153.371,-27.6461,0.0],[153.365,-27.6527,1.2946],[153.3664,-27.6711,0.8047],[153.3689,-27.6719,0.0],[153.3735,-27.6685,1.391],[153.3771,-27.671,13.0003],[153.3786,-27.6744,1.3275],[153.3778,-27.6772,4.7342],[153.3733,-27.6815,7.0231],[153.3732,-27.6865,2.8291],[153.3691,-27.6886,1.766],[153.3654,-27.6961,2.0828],[153.369,-27.7031,1.2021],[153.3748,-27.7069,0.0],[153.3849,-27.7093,0.9889],[153.3904,-27.7044,1.7528],[153.3934,-27.6971,3.249],[153.3975,-27.6969,0.5208],[153.3931,-27.685,18.7516],[153.3936,-27.6731,0.3565],[153.3906,-27.6659,7.0799],[153.3926,-27.6679,1.5179],[153.3923,-27.6662,0.731],[153.3883,-27.6574,1.0614],[153.39,-27.6552,5.0118],[153.3968,-27.653,0.0],[153.3978,-27.6496,0.0],[153.4027,-27.6471,5.2476],[153.4058,-27.6423,3.1592],[153.4098,-27.6419,3.01],[153.4111,-27.6434,0.0],[153.4159,-27.6418,2.564],[153.4064,-27.6381,1.707]]],
[[[153.3549,-27.687,4.2081],[153.3596,-27.6867,1.4142],[153.3618,-27.684,0.5571],[153.3557,-27.6669,1.2662],[153.3561,-27.6527,2.1208],[153.3539,-27.6492,0.0],[153.3514,-27.6574,2.004],[153.3534,-27.6672,1.9514],[153.3495,-27.6801,0.0],[153.3507,-27.6848,2.9305],[153.3549,-27.687,4.2081]]],
[[[153.331,-27.6357,1.4105],[153.3316,-27.637,2.4947],[153.3286,-27.6351,0.5937],[153.3259,-27.6477,1.8576],[153.3229,-27.652,0.0],[153.327,-27.6578,1.4889],[153.3292,-27.6705,0.5085],[153.332,-27.6694,2.4091],[153.3398,-27.655,2.239],[153.3414,-27.6491,3.1587],[153.3409,-27.646,1.4578],[153.3368,-27.6408,0.9117],[153.3346,-27.6425,2.4657],[153.3349,-27.6465,2.2766],[153.3343,-27.6424,2.4657],[153.3361,-27.64,0.9117],[153.331,-27.6357,1.4105]]],
[[[153.3709,-27.6355,0.0],[153.3632,-27.6351,6.0022],[153.3603,-27.6368,0.0],[153.365,-27.6395,1.9565],[153.378,-27.6427,4.746],[153.3865,-27.6395,0.5696],[153.3798,-27.639,1.4148],[153.3692,-27.6356,1.7884],[153.3709,-27.6355,0.0]]],
[[[153.3411,-27.624,1.6709],[153.3394,-27.6205,0.4892],[153.3351,-27.6214,1.4206],[153.3376,-27.6294,1.5798],[153.3471,-27.6385,1.0967],[153.349,-27.6384,1.0065],[153.3525,-27.6324,0.0],[153.3423,-27.6271,1.0557],[153.3411,-27.624,1.6709]]],
[[[153.3639,-27.5832,10.8694],[153.3613,-27.5803,0.0],[153.3585,-27.5837,6.6547],[153.357,-27.5831,1.8657],[153.3578,-27.5882,1.484],[153.3536,-27.591,0.3957],[153.3543,-27.594,0.0],[153.3525,-27.5995,8.4181],[153.349,-27.6022,0.0],[153.348,-27.6164,0.0],[153.3493,-27.6202,0.6589],[153.3467,-27.6222,0.0],[153.3562,-27.6255,4.1862],[153.3624,-27.6324,9.491],[153.3693,-27.6292,0.0],[153.373,-27.6244,3.7935],[153.3724,-27.6206,6.8294],[153.3763,-27.618,4.2986],[153.3724,-27.6138,2.917],[153.3729,-27.6096,0.0],[153.369,-27.6103,2.1838],[153.3683,-27.6059,0.0],[153.3654,-27.6095,0.4403],[153.3671,-27.6093,4.3472],[153.3683,-27.612,0.0],[153.3681,-27.6161,0.0],[153.3655,-27.6166,11.7843],[153.3604,-27.6143,10.6403],[153.3609,-27.6091,0.0],[153.359,-27.6071,6.3539],[153.3614,-27.6049,0.0],[153.3602,-27.6028,14.713],[153.3625,-27.6017,2.3019],[153.3627,-27.5933,0.0],[153.3653,-27.591,5.871],[153.3678,-27.5913,0.0],[153.3675,-27.5888,0.5049],[153.3636,-27.5891,0.94],[153.3618,-27.5874,1.5232],[153.3642,-27.5851,4.5833],[153.3639,-27.5832,10.8694]]],
[[[153.3415,-27.6051,2.3204],[153.3396,-27.6042,0.0],[153.3369,-27.6062,0.4701],[153.336,-27.6124,2.5575],[153.3334,-27.6143,0.0],[153.3368,-27.6209,1.0572],[153.3409,-27.617,5.4989],[153.341,-27.6099,2.2356],[153.3384,-27.611,2.1104],[153.3376,-27.6097,2.65],[153.341,-27.6087,1.1217],[153.3415,-27.6051,2.3204]]],
[[[153.4404,-27.7405,0.0],[153.4448,-27.7426,0.0],[153.4488,-27.7379,0.0],[153.4454,-27.7344,0.0],[153.4404,-27.7405,0.0]]],
[[[153.3093,-27.713,2.813],[153.3022,-27.712,1.8127],[153.3019,-27.7124,1.8127],[153.3046,-27.714,4.5602],[153.3093,-27.713,2.813]]],
[[[153.4433,-27.7531,1.2124],[153.4393,-27.7511,0.0],[153.4391,-27.7527,8.4484],[153.4371,-27.7532,0.0],[153.4395,-27.7563,6.2521],[153.4371,-27.7648,2.0463],[153.4395,-27.7722,7.3428],[153.4378,-27.778199999999998,0.717],[153.4332,-27.7836,1.8667],[153.4318,-27.7933,6.3715],[153.4256,-27.8087,4.7398],[153.4173,-27.8176,0.0],[153.4102,-27.8213,4.4543],[153.4079,-27.8264,3.8523],[153.4084,-27.8328,0.8853],[153.4064,-27.835,1.8239],[153.4077,-27.8463,0.0],[153.4111,-27.8509,0.3747],[153.409,-27.8521,0.0],[153.4094,-27.8573,0.0],[153.4191,-27.8659,2.4161],[153.4235,-27.8736,4.1619],[153.423,-27.8799,8.8754],[153.4187,-27.8833,1.7009],[153.4189,-27.8851,0.9589],[153.4206,-27.8847,5.4365],[153.419,-27.8859,0.9589],[153.4192,-27.8892,0.0],[153.422,-27.8984,0.0],[153.4198,-27.9123,0.0],[153.4206,-27.9161,1.534],[153.4189,-27.9211,2.3952],[153.4225,-27.932,4.904],[153.4265,-27.9339,4.2768],[153.4315,-27.9331,0.0],[153.4289,-27.9323,1.7282],[153.4285,-27.9255,0.0],[153.4256,-27.9242,4.5346],[153.425,-27.8991,6.005],[153.4272,-27.8684,5.082],[153.4328,-27.826,0.0],[153.4452,-27.7589,0.0],[153.4433,-27.7531,1.2124]]],
[[[153.4101,-27.8102,0.0],[153.4098,-27.8101,0.0],[153.4094,-27.8122,0.0],[153.4101,-27.8112,0.0],[153.4101,-27.8102,0.0]]],
[[[153.4207,-27.8079,1.378],[153.4219,-27.8079,1.378],[153.4221,-27.8042,0.0],[153.4205,-27.8058,0.5965],[153.4207,-27.8079,1.378]]],
[[[153.378,-27.8035,2.3292],[153.3813,-27.8017,1.6853],[153.38,-27.8014,1.429],[153.3781,-27.7995,2.3083],[153.3756,-27.8027,1.6525],[153.3746,-27.8024,2.1718],[153.3728,-27.7998,2.7107],[153.3705,-27.8006,1.1352],[153.3737,-27.8024,2.1718],[153.3704,-27.8015,0.7422],[153.3729,-27.8072,0.9796],[153.378,-27.8035,2.3292]]],
[[[153.415,-27.8132,0.0],[153.419,-27.8106,1.0177],[153.4173,-27.8072,0.0],[153.4128,-27.8134,1.2148],[153.415,-27.8132,0.0]]],
[[[153.3973,-27.8262,1.0173],[153.3976,-27.8228,0.0],[153.3935,-27.8199,1.2129],[153.3895,-27.8199,1.895],[153.3821,-27.8229,0.0],[153.3859,-27.8246,0.964],[153.3865,-27.8282,1.0499],[153.3895,-27.8299,0.481],[153.3932,-27.828,1.4867],[153.3965,-27.8292,0.3086],[153.3973,-27.8262,1.0173]]],
[[[153.404,-27.8192,0.0],[153.4033,-27.8209,1.4055],[153.4036,-27.8214,0.0],[153.4048,-27.8195,0.0],[153.404,-27.8192,0.0]]],
[[[153.3991,-27.8184,0.0],[153.4004,-27.8217,0.4267],[153.4017,-27.8216,0.0],[153.4074,-27.813,0.5235],[153.4079,-27.8096,0.0],[153.4066,-27.81,1.2175],[153.3991,-27.8184,0.0]]],
[[[153.4145,-27.8021,0.5209],[153.4139,-27.8017,0.0],[153.4135,-27.8024,0.0],[153.414,-27.8027,0.0],[153.4145,-27.8021,0.5209]]],
[[[153.4208,-27.7984,1.7363],[153.4222,-27.7981,1.7363],[153.4217,-27.794,0.0],[153.4137,-27.8038,0.5832],[153.4139,-27.8099,0.5232],[153.4184,-27.8042,0.0],[153.4208,-27.7984,1.7363]]],
[[[153.415,-27.7985,1.7847],[153.4143,-27.8003,0.5809],[153.4145,-27.8005,0.5809],[153.4164,-27.7984,0.0],[153.415,-27.7985,1.7847]]],
[[[153.384,-27.7992,1.62],[153.3864,-27.8001,1.3698],[153.3868,-27.7971,3.1154],[153.384,-27.7961,1.1081],[153.384,-27.7992,1.62]]],
[[[153.4166,-27.7977,0.0],[153.4169,-27.7964,0.0],[153.4155,-27.7962,0.0],[153.415,-27.7977,1.2541],[153.4166,-27.7977,0.0]]],
[[[153.429,-27.7811,0.0],[153.4304,-27.782,0.0],[153.4311,-27.7801,0.0],[153.4293,-27.7796,0.0],[153.429,-27.7811,0.0]]],
[[[153.4368,-27.7713,0.0],[153.4359,-27.7714,0.0],[153.4357,-27.772,0.0],[153.4364,-27.772,0.0],[153.4368,-27.7713,0.0]]],
[[[153.4352,-27.7714,0.0],[153.4376,-27.7709,1.7645],[153.4379,-27.7692,1.1108],[153.4345,-27.7698,0.6445],[153.4339,-27.7712,0.6445],[153.4352,-27.7714,0.0]]],
[[[153.40549233490566,-27.783715919811321,2.3373],[153.4025,-27.7832,1.2002],[153.3854,-27.7857,0.0],[153.3888,-27.7869,2.2603],[153.3838,-27.7866,0.3208],[153.3914,-27.7908,1.6053],[153.3925,-27.7929,0.7603],[153.3912,-27.7956,0.564],[153.3877,-27.7974,1.2026],[153.3868,-27.8004,1.3698],[153.3838,-27.8002,0.8989],[153.3811,-27.8024,1.6853],[153.3815,-27.804,7.7371],[153.3782,-27.8046,3.4853],[153.3773,-27.8073,2.9158],[153.3743,-27.8081,0.3823],[153.3733,-27.813,0.9105],[153.3761,-27.8171,0.446],[153.3764,-27.8156,1.5553],[153.3766,-27.8162,1.5553],[153.3763,-27.8173,0.446],[153.3766,-27.8178,0.446],[153.384,-27.8204,0.941],[153.3902,-27.8182,0.0],[153.3945,-27.8188,0.7947],[153.4029,-27.8117,0.8577],[153.4074,-27.8046,0.4586],[153.4115,-27.7915,1.9795],[153.4112,-27.7886,1.7299],[153.4042,-27.7864,3.3719],[153.40549233490566,-27.783715919811321,2.3373]]],
[[[153.4162,-27.7927,2.4063],[153.416,-27.7952,0.0],[153.4247,-27.7866,0.0],[153.4248,-27.7838,0.0],[153.4228,-27.783,1.7733],[153.4161,-27.7884,2.5025],[153.4162,-27.7927,2.4063]]],
[[[153.4162,-27.7862,0.0],[153.4163,-27.7857,0.0],[153.4156,-27.7856,0.0],[153.4156,-27.7863,0.0],[153.4162,-27.7862,0.0]]],
[[[153.4083,-27.7842,0.0],[153.40549610136452,-27.78371656920077,2.3373],[153.4051,-27.7854,1.1774],[153.409,-27.7864,0.7186],[153.4083,-27.7842,0.0]]],
[[[153.40549233490566,-27.783715919811321,2.3373],[153.40549610136452,-27.78371656920077,2.3373],[153.4055,-27.7837,2.3373],[153.40549233490566,-27.783715919811321,2.3373]]],
[[[153.231,-27.4204,2.9832],[153.2264,-27.4203,0.0],[153.2346,-27.4305,0.0],[153.2371,-27.4272,0.0],[153.2364,-27.4226,4.7263],[153.231,-27.4204,2.9832]]],
[[[153.2334,-27.4006,0.0],[153.2377,-27.403,0.0],[153.2441,-27.3921,0.0],[153.2394,-27.3741,0.0],[153.2356,-27.3713,0.0],[153.2281,-27.3785,0.0],[153.2224,-27.3901,0.0],[153.2234,-27.394,0.0],[153.2334,-27.4006,0.0]]],
[[[153.2621,-27.3433,0.0],[153.2654,-27.34,0.0],[153.2708,-27.3387,0.0],[153.2676,-27.3323,0.0],[153.2562,-27.3282,0.0],[153.2491,-27.3211,0.0],[153.2466,-27.3208,0.0],[153.2383,-27.3252,0.0],[153.2354,-27.3284,0.0],[153.2355,-27.3414,0.0],[153.2414,-27.3478,0.0],[153.2477,-27.3503,0.0],[153.2539,-27.3506,0.0],[153.2582,-27.3484,0.0],[153.2621,-27.3433,0.0]]],
[[[153.459,-27.0254,9.3144],[153.4555,-27.0243,3.7817],[153.4545,-27.022,3.2875],[153.4493,-27.027,7.2899],[153.4378,-27.032,4.2282],[153.4122,-27.0331,0.0],[153.4175,-27.033,0.9231],[153.4197,-27.0354,0.5522],[153.4242,-27.0331,0.0],[153.4271,-27.0331,0.0],[153.4282,-27.0349,1.3826],[153.4315,-27.0337,3.8543],[153.4287,-27.0357,7.8714],[153.4122,-27.0397,39.8681],[153.3887,-27.0503,15.8063],[153.4023,-27.0412,3.7438],[153.4047,-27.0418,2.9863],[153.4052,-27.0399,2.0639],[153.4071,-27.0401,0.7247],[153.4071,-27.0373,4.1831],[153.4039,-27.0379,4.0683],[153.3878,-27.0476,2.7159],[153.3984,-27.0378,0.0],[153.406,-27.0351,0.0],[153.4024,-27.0353,0.0],[153.3901,-27.0422,2.7906],[153.3844,-27.0481,3.9947],[153.3742,-27.0519,1.9626],[153.3614,-27.061,0.0],[153.3672,-27.0742,4.6879],[153.3701,-27.103,1.8405],[153.3688,-27.1129,5.5382999999999996],[153.3616,-27.1357,5.4001],[153.3692,-27.1572,31.6569],[153.3733,-27.1763,11.9347],[153.3666,-27.1932,0.0],[153.3655,-27.2012,10.8098],[153.3746,-27.218,0.0],[153.3788,-27.2395,8.7531],[153.3882,-27.2583,17.7779],[153.3977,-27.2729,40.1268],[153.4057,-27.2949,4.7193],[153.4053,-27.3006,5.9557],[153.4149,-27.3213,3.3529],[153.4212,-27.3311,2.6556],[153.4227,-27.3435,8.5152],[153.419,-27.3495,0.0],[153.4186,-27.355,1.9],[153.4264,-27.3603,4.3929],[153.428,-27.3636,0.0],[153.4372,-27.3418,0.0],[153.4373,-27.334,4.6873],[153.4344,-27.3179,0.0],[153.4238,-27.3031,3.4971],[153.4179,-27.2769,11.4399],[153.4166,-27.2566,4.0357],[153.4182,-27.2166,0.0],[153.4242,-27.1723,12.8043],[153.4341,-27.1312,6.6954],[153.4513,-27.0723,1.8599],[153.4615,-27.0442,3.2259],[153.4641,-27.0387,5.6169],[153.4663,-27.039,1.469],[153.4661,-27.0362,6.7736],[153.4677,-27.0347,0.0],[153.4682,-27.0278,0.0],[153.4619,-27.0283,31.5809],[153.459,-27.0271,24.3611],[153.459,-27.0254,9.3144]]],
[[[153.0379,-27.1358,1.6592],[153.0381,-27.139,1.9448],[153.0385,-27.1396,3.2775],[153.0392,-27.1373,3.3783],[153.0379,-27.1358,1.6592]]],
[[[153.0411,-26.9881,5.3657],[153.0381,-26.9877,4.0884],[153.0364,-26.989,5.3017],[153.0393,-26.9899,1.7291],[153.0411,-26.9881,5.3657]]],
[[[153.0567,-26.9763,5.3159],[153.0574,-26.9774,5.3159],[153.0584,-26.9774,3.1124],[153.0578,-26.976,3.307],[153.0567,-26.9763,5.3159]]],
[[[153.0689,-26.973,6.8667],[153.0694,-26.9733,6.8667],[153.068,-26.9721,1.9227],[153.068,-26.973,3.6874],[153.0689,-26.973,6.8667]]],
[[[153.0786,-26.9563,9.7994],[153.0799,-26.9519,1.4526],[153.0776,-26.9506,3.8631],[153.0774,-26.9527,5.5414],[153.0724,-26.9556,4.2976],[153.0757,-26.9591,6.977],[153.0786,-26.9563,9.7994]]],
[[[153.0666,-26.9775,9.145],[153.069,-26.9785,4.9396],[153.0697,-26.9738,6.8667],[153.0675,-26.9743,3.6874],[153.0666,-26.9775,9.145]]],
[[[153.087,-26.9835,2.312],[153.0872,-26.9842,2.312],[153.0881,-26.9843,2.312],[153.0871,-26.9833,2.312],[153.087,-26.9835,2.312]]],
[[[153.0859,-26.9838,1.3218],[153.086,-26.9836,1.3218],[153.0856,-26.9835,1.3218],[153.0857,-26.9837,1.3218],[153.0859,-26.9838,1.3218]]],
[[[153.0888,-26.9862,1.5844],[153.0895,-26.9868,2.1966],[153.09,-26.9861,2.0939],[153.0881,-26.9858,1.5844],[153.0888,-26.9862,1.5844]]],
[[[153.0559,-26.9872,4.5176],[153.0568,-26.9871,3.4823],[153.0545,-26.9867,4.5176],[153.0548,-26.9872,4.5176],[153.0559,-26.9872,4.5176]]],
[[[153.0627,-26.9858,5.4534],[153.0642,-26.9845,0.8735],[153.0602,-26.9808,0.8561],[153.0563,-26.9824,10.5587],[153.0571,-26.9855,5.9394],[153.0591,-26.9847,6.2478],[153.0594,-26.9868,4.8348],[153.0607,-26.9852,8.6083],[153.0627,-26.9858,5.4534]]],
[[[153.0838,-26.9856,4.3531],[153.0819,-26.9844,2.3804],[153.0825,-26.9855,1.9573],[153.0857,-26.9865,0.5491],[153.0838,-26.9856,4.3531]]],
[[[153.0548,-26.983,7.3777],[153.0525,-26.982,0.6098],[153.0542,-26.9847,2.764],[153.0559,-26.984,7.3777],[153.0548,-26.983,7.3777]]],
[[[153.0841,-26.9823,1.7027],[153.0837,-26.9822,1.7027],[153.0838,-26.9826,1.7027],[153.084,-26.9827,1.7027],[153.0841,-26.9823,1.7027]]],
[[[153.081,-26.9773,1.518],[153.0784,-26.9744,0.0],[153.0768,-26.9791,6.6283],[153.0812,-26.9827,2.435],[153.0786,-26.9758,0.0],[153.081,-26.9773,1.518]]],
[[[153.1456,-27.0765,0.0],[153.1454,-27.076,0.0],[153.1448,-27.0759,0.0],[153.1451,-27.0766,0.0],[153.1456,-27.0765,0.0]]],
[[[153.0836,-27.0038,0.8493],[153.081,-27.0015,1.1326],[153.0788,-27.0017,2.7843],[153.0776,-27.0098,0.0],[153.082,-27.0112,2.5749],[153.0853,-27.009,1.311],[153.0836,-27.0038,0.8493]]],
[[[153.0743,-27.0001,0.0],[153.075,-27.0018,0.0],[153.0759,-27.001,3.085],[153.0749,-26.9996,3.085],[153.0743,-27.0001,0.0]]],
[[[153.0702,-26.9903,7.7823],[153.0695,-26.9885,2.9636],[153.0696,-26.9908,7.7823],[153.066,-26.9919,1.8574],[153.0691,-26.9922,8.1278],[153.0674,-26.9936,2.6456],[153.0688,-26.9935,1.7545],[153.0702,-26.9903,7.7823]]],
[[[153.1072,-27.0654,1.4587],[153.109,-27.0651,2.4563],[153.1095,-27.0643,0.0],[153.1053,-27.0647,3.441],[153.1072,-27.0654,1.4587]]],
[[[153.1107,-27.0622,3.3106],[153.1102,-27.0625,3.3106],[153.1105,-27.0629,3.3106],[153.1112,-27.0628,3.3106],[153.1107,-27.0622,3.3106]]],
[[[153.1015,-27.0589,2.665],[153.1009,-27.0595,1.2173],[153.101,-27.0601,1.7691],[153.1019,-27.0595,2.665],[153.1015,-27.0589,2.665]]],
[[[153.1073,-27.037,2.0893],[153.1057,-27.036,0.0],[153.1046,-27.0367,0.5744],[153.1083,-27.0389,0.0],[153.1073,-27.037,2.0893]]],
[[[153.0528,-26.989,6.6518],[153.0519,-26.9869,4.342],[153.0507,-26.9877,3.6024],[153.0529,-26.9896,2.1103],[153.0528,-26.989,6.6518]]],
[[[153.0631,-26.9886,8.318],[153.0657,-26.9894,10.6698],[153.0662,-26.9847,8.8882],[153.0631,-26.9869,11.3555],[153.0631,-26.9886,8.318]]],
[[[153.1158,-26.6148,0.0],[153.1146,-26.614,0.0],[153.1131,-26.6141,0.0],[153.1148,-26.6153,0.0],[153.1158,-26.6148,0.0]]],
[[[153.1173,-26.3961,6.3335],[153.1173,-26.396,6.3335],[153.1171,-26.396,6.3335],[153.1172,-26.3961,6.3335],[153.1173,-26.3961,6.3335]]],
[[[153.1198,-26.3908,0.0],[153.1195,-26.3907,2.2698],[153.1194,-26.3909,2.2698],[153.1196,-26.391,2.2698],[153.1198,-26.3908,0.0]]],
[[[153.0084,-25.9765,10.1465],[153.0086,-25.9765,10.1465],[153.0087,-25.9764,0.0],[153.0085,-25.9764,10.1465],[153.0084,-25.9765,10.1465]]],
[[[153.1477,-26.9393,3.7055],[153.136,-26.8983,9.635],[153.1305,-26.8724,2.5967],[153.1289,-26.8434,2.097],[153.1333,-26.8188,0.0],[153.133,-26.8156,0.4419],[153.1321,-26.817,0.0],[153.1299,-26.8141,0.0],[153.1315,-26.8234,0.0],[153.128,-26.8359,3.1623],[153.1282,-26.8424,2.0857],[153.125,-26.8465,5.2977],[153.127,-26.8464,7.0288],[153.1281,-26.8484,4.4483],[153.1273,-26.8513,3.8104],[153.1289,-26.8585,7.8649],[153.1273,-26.8655,6.183],[153.13,-26.8741,3.8148],[153.1245,-26.8773,8.0973],[153.1227,-26.883,12.6167],[153.1175,-26.883,4.9229],[153.11,-26.8919,5.2303],[153.1106,-26.8934,7.2584],[153.1084,-26.8931,7.8885],[153.0926,-26.9026,4.0768],[153.0841,-26.9045,0.5639],[153.0772,-26.9101,1.1132],[153.0752,-26.9203,4.1927],[153.078,-26.9247,0.371],[153.0834,-26.9287,10.2775],[153.0853,-26.9341,4.5591],[153.0831,-26.9372,3.7823],[153.084,-26.9399,2.0443],[153.0895,-26.9423,11.344],[153.0909,-26.945,4.1852],[153.0866,-26.9528,0.0],[153.0886,-26.9544,2.715],[153.0891,-26.9578,2.7765],[153.084,-26.9573,1.8242],[153.0831,-26.9614,6.7435],[153.0854,-26.9652,8.1846],[153.0827,-26.9643,1.4531],[153.0841,-26.9666,3.6388],[153.0826,-26.9699,3.91],[153.0801,-26.9669,1.6263],[153.079,-26.9724,7.2623],[153.0815,-26.9725,6.3676],[153.0837,-26.9771,1.6646],[153.0823,-26.9777,1.518],[153.0828,-26.9798,1.2317],[153.0845,-26.9786,5.9399],[153.0867,-26.9803,1.1369],[153.0917,-26.9787,4.0128],[153.0927,-26.9799,5.5481],[153.091,-26.9819,7.5489],[153.093,-26.9829,7.5489],[153.0937,-26.9865,2.1443],[153.0986,-26.9858,6.5622],[153.0931,-26.9918,3.3028],[153.095,-26.9939,0.0],[153.0975,-26.9918,11.3162],[153.096,-26.9973,1.133],[153.0974,-27.0009,2.3971],[153.0999,-27.0013,3.1382],[153.1007,-27.0031,3.7052],[153.1003,-27.003,3.7052],[153.0997,-27.0014,3.1382],[153.0972,-27.0018,3.042],[153.0982,-27.0076,2.0565],[153.1,-27.0077,11.0532],[153.0981,-27.0087,6.7164],[153.0991,-27.0138,3.3506],[153.1081,-27.0212,14.0416],[153.1192,-27.0271,3.3315],[153.125,-27.0345,11.2596],[153.1326,-27.0363,3.1687],[153.1321,-27.0407,0.0],[153.1344,-27.0515,1.4512],[153.1363,-27.0532,5.0834],[153.1353,-27.0541,1.5524],[153.1389,-27.0598,0.0],[153.1441,-27.0624,4.3973],[153.1464,-27.0673,0.0],[153.1554,-27.0722,3.7462],[153.1595,-27.0886,5.7686],[153.1625,-27.0916,1.3109],[153.1653,-27.0991,5.7016],[153.1761,-27.0999,0.0],[153.1963,-27.097,0.0],[153.1991,-27.0945,1.7271],[153.2008,-27.0884,8.7704],[153.2071,-27.084,3.7373],[153.2062,-27.0727,0.0],[153.1996,-27.0574,7.5208],[153.1801,-27.0276,0.0],[153.17,-27.0062,0.0],[153.1609,-26.9836,5.1169],[153.1477,-26.9393,3.7055]]],
[[[153.0726,-26.9357,9.9349],[153.0742,-26.9373,6.0416],[153.0756,-26.9308,8.519],[153.0741,-26.9268,5.0571],[153.0728,-26.9285,7.6167],[153.0726,-26.9357,9.9349]]],
[[[153.0649,-26.923,2.9908],[153.0654,-26.9241,2.9908],[153.067,-26.9196,0.6775],[153.0662,-26.9202,1.3549],[153.0649,-26.923,2.9908]]],
[[[153.0673,-26.9056,1.6643],[153.0681,-26.9048,1.6643],[153.0659,-26.9034,0.0],[153.0667,-26.905,1.6643],[153.0673,-26.9056,1.6643]]],
[[[153.0641,-26.9152,2.3904],[153.0646,-26.9121,3.3357],[153.0624,-26.9133,9.8255],[153.0632,-26.9161,2.3904],[153.0641,-26.9152,2.3904]]],
[[[153.0701,-26.9086,0.0],[153.0708,-26.9091,1.7193],[153.0717,-26.9092,1.7193],[153.07,-26.9082,0.0],[153.0701,-26.9086,0.0]]],
[[[153.0716,-26.9078,5.7653],[153.071,-26.9081,1.7193],[153.071,-26.9082,1.7193],[153.0717,-26.9082,1.7193],[153.0716,-26.9078,5.7653]]],
[[[153.0597,-26.9111,4.55],[153.0616,-26.9126,9.3089],[153.0657,-26.9091,5.5912],[153.0661,-26.9071,4.2593],[153.0637,-26.9046,4.0938],[153.0621,-26.9043,2.839],[153.0629,-26.9068,3.1258],[153.0597,-26.9111,4.55]]],
[[[153.0867,-26.9006,0.0],[153.0862,-26.9005,0.0],[153.086,-26.9009,0.0],[153.0864,-26.901,0.0],[153.0867,-26.9006,0.0]]],
[[[153.0897,-26.9009,7.5413],[153.0887,-26.9017,1.5323],[153.0918,-26.8999,4.334],[153.0911,-26.9,4.334],[153.0897,-26.9009,7.5413]]],
[[[153.0934,-26.8982,4.4973],[153.0943,-26.8975,3.398],[153.0925,-26.8975,0.0],[153.0927,-26.8978,0.0],[153.0934,-26.8982,4.4973]]],
[[[153.0952,-26.8993,3.9385],[153.0943,-26.8997,3.5288],[153.0941,-26.9002,3.5288],[153.0953,-26.8997,8.8559],[153.0952,-26.8993,3.9385]]],
[[[153.0896,-26.899,1.0073],[153.0892,-26.899,1.0073],[153.0888,-26.8994,2.5776],[153.0893,-26.8993,1.0073],[153.0896,-26.899,1.0073]]],
[[[153.0871,-26.8989,2.5776],[153.0884,-26.8993,2.5776],[153.0892,-26.8981,1.0073],[153.0875,-26.8983,2.5776],[153.0871,-26.8989,2.5776]]],
[[[153.0838,-26.8979,0.0],[153.0848,-26.8991,0.0],[153.0873,-26.8969,0.0],[153.0858,-26.8967,0.0],[153.0838,-26.8979,0.0]]],
[[[153.0855,-26.9017,2.0428],[153.0854,-26.9018,2.0428],[153.0852,-26.9026,2.0428],[153.0861,-26.9021,2.0428],[153.0855,-26.9017,2.0428]]],
[[[153.1016,-26.8933,0.0],[153.1003,-26.8946,0.0],[153.1104,-26.8888,0.0],[153.108,-26.8894,0.0],[153.1016,-26.8933,0.0]]],
[[[153.1059,-26.8867,6.4184],[153.1056,-26.8871,6.4184],[153.1058,-26.8877,6.4184],[153.1062,-26.887,6.4184],[153.1059,-26.8867,6.4184]]],
[[[153.1111,-26.8796,1.3198],[153.1121,-26.8813,2.0764],[153.1132,-26.8785,2.0183],[153.1125,-26.8779,2.5836],[153.1111,-26.8796,1.3198]]],
[[[153.1122,-26.8845,3.265],[153.1126,-26.8839,3.265],[153.1113,-26.8837,1.5089],[153.1115,-26.8845,1.5089],[153.1122,-26.8845,3.265]]],
[[[153.1061,-26.8885,1.1071],[153.1066,-26.8883,1.1071],[153.1073,-26.8876,6.4184],[153.1066,-26.8875,6.4184],[153.1061,-26.8885,1.1071]]],
[[[153.1073,-26.8862,3.8697],[153.1079,-26.8877,5.0328],[153.1092,-26.8868,5.0328],[153.1084,-26.8839,2.4865],[153.1081,-26.8839,2.4865],[153.1073,-26.8862,3.8697]]],
[[[153.1067,-26.8836,4.5926],[153.1064,-26.8846,3.8697],[153.1068,-26.8847,3.8697],[153.1073,-26.8833,4.5926],[153.1067,-26.8836,4.5926]]],
[[[153.1201,-26.875,2.729],[153.1196,-26.8771,0.0],[153.1208,-26.876,2.729],[153.1201,-26.8738,1.6816],[153.1201,-26.875,2.729]]],
[[[153.1243,-26.8706,3.3784],[153.1223,-26.8694,1.9146],[153.121,-26.8718,2.4361],[153.1225,-26.8722,6.3222],[153.1243,-26.8706,3.3784]]],
[[[153.1195,-26.8627,4.5339],[153.12,-26.8607,1.9739],[153.1183,-26.8592,3.7378999999999998],[153.1184,-26.8626,4.5339],[153.1195,-26.8627,4.5339]]],
[[[153.1212,-26.8429,0.0],[153.1215,-26.8442,0.0],[153.1229,-26.8431,1.3351],[153.1224,-26.8419,1.4247],[153.1212,-26.8429,0.0]]],
[[[153.0968,-26.8941,3.547],[153.0981,-26.8948,0.0],[153.1002,-26.8936,0.0],[153.0989,-26.8936,0.0],[153.0968,-26.8941,3.547]]],
[[[153.1048,-26.8871,4.944],[153.105,-26.883,3.0169],[153.0996,-26.886,5.0215],[153.0925,-26.8951,0.8545],[153.1018,-26.8909,4.3915],[153.1045,-26.8876,4.944],[153.1024,-26.8876,7.6656],[153.0996,-26.8907,10.7015],[153.1001,-26.889,7.1805],[153.102,-26.8873,7.6656],[153.1048,-26.8871,4.944]]],
[[[153.4639,-27.3965,8.2665],[153.4584,-27.39,0.0],[153.4539,-27.3879,0.0],[153.4388,-27.3942,9.0879],[153.4378,-27.402,0.0],[153.4324,-27.4112,0.0],[153.4362,-27.4055,0.0],[153.4404,-27.4113,3.8476],[153.4386,-27.4105,0.0],[153.4394,-27.4135,5.7595],[153.4361,-27.4292,1.1701],[153.4292,-27.4463,0.2971],[153.4305,-27.4464,5.1597],[153.4292,-27.4473,0.2971],[153.4292,-27.4526,1.1545],[153.423,-27.4701,18.6367],[153.4177,-27.4747,5.7598],[153.4091,-27.476,0.0],[153.409,-27.4826,1.3409],[153.4066,-27.4897,5.3764],[153.4044,-27.4929,3.9916],[153.3984,-27.4964,4.243],[153.4002,-27.4997,2.491],[153.3991,-27.501,0.0],[153.4018,-27.5015,5.0425],[153.4007,-27.5032,0.2944],[153.4042,-27.5029,10.6655],[153.4078,-27.5047,0.0],[153.4125,-27.5116,9.297],[153.4127,-27.5168,3.2493],[153.4099,-27.524,1.4848],[153.4093,-27.5379,0.0],[153.4119,-27.5488,0.0],[153.4104,-27.5683,1.6242],[153.4126,-27.5721,15.4543],[153.4095,-27.5744,0.0],[153.4117,-27.5781,0.0],[153.4133,-27.5781,3.5711],[153.4145,-27.5754,32.6199],[153.4132,-27.5806,5.22],[153.4115,-27.5844,0.0],[153.4135,-27.5992,2.8697],[153.4071,-27.611,1.5649],[153.4083,-27.6186,1.9683],[153.4137,-27.6247,0.9736],[153.4217,-27.6421,0.0],[153.4189,-27.6486,3.0441],[153.3988,-27.6626,0.8061],[153.4014,-27.6689,0.0],[153.3968,-27.6821,1.1923],[153.4021,-27.693,12.2814],[153.4002,-27.7024,11.9174],[153.3929,-27.7071,0.0],[153.4053,-27.722,8.7092],[153.4069,-27.7345,1.5146],[153.4122,-27.7387,1.4057],[153.4182,-27.7406,0.8931],[153.4208,-27.7405,0.8847],[153.4225,-27.7385,1.329],[153.4211,-27.7406,0.8847],[153.4252,-27.7404,0.9726],[153.437,-27.7338,0.0],[153.4322,-27.7282,0.8449],[153.4363,-27.7186,4.2591],[153.4399,-27.7155,5.2984],[153.4374,-27.7185,0.0],[153.4463,-27.7165,1.5468],[153.4442,-27.7271,2.4448],[153.4427,-27.7287,0.0],[153.4434,-27.7301,0.0],[153.4383,-27.727,0.0],[153.4355,-27.7294,0.0974],[153.4384,-27.7332,0.0],[153.454,-27.7288,0.0],[153.4535,-27.706,4.2065],[153.4587,-27.6706,3.703],[153.4706,-27.6158,3.9981],[153.4809,-27.5808,6.4743],[153.502,-27.5225,4.0425],[153.5272,-27.4616,0.0],[153.5355,-27.4469,0.0],[153.5421,-27.4371,6.212],[153.5436,-27.4372,6.212],[153.5429,-27.436,22.6937],[153.5466,-27.4365,1.3364],[153.5449,-27.435,25.1769],[153.5465,-27.4352,2.6226],[153.5464,-27.4341,0.0],[153.5427,-27.4309,19.3746],[153.5433,-27.4253,10.5874],[153.5354,-27.4239,0.0],[153.5274,-27.4259,0.0],[153.515,-27.4204,0.0],[153.5054,-27.4209,0.0],[153.4832,-27.4156,1.3646],[153.4735,-27.4086,10.5274],[153.4639,-27.3965,8.2665]]],
[[[152.9999,-25.9694,1.4985],[153.0016,-25.9697,6.9946],[153.0037,-25.9679,2.4443],[152.9998,-25.9677,2.3269],[152.9999,-25.9694,1.4985]]],
[[[153.0034,-25.9555,1.2811],[153.003,-25.9557,1.2811],[153.0036,-25.956,1.2811],[153.0037,-25.9557,1.2811],[153.0034,-25.9555,1.2811]]],
[[[153.025,-25.9425,0.7604],[153.0253,-25.9426,0.7948],[153.0255,-25.9425,0.7948],[153.0251,-25.9421,0.7604],[153.025,-25.9425,0.7604]]],
[[[153.0243,-25.9416,0.7604],[153.025,-25.9415,0.7604],[153.024,-25.9414,0.7604],[153.0239,-25.9422,0.7604],[153.0241,-25.9421,0.7604],[153.0243,-25.9416,0.7604]]],
[[[153.0315,-25.9382,0.0],[153.0317,-25.9381,0.0],[153.0302,-25.9382,0.1573],[153.0313,-25.9389,0.0],[153.0315,-25.9382,0.0]]],
[[[153.0255,-25.9414,0.7948],[153.0255,-25.9418,0.7948],[153.0257,-25.9414,0.7948],[153.0254,-25.9412,2.7724],[153.0255,-25.9414,0.7948]]],
[[[153.0121,-25.9239,1.396],[153.0118,-25.9238,1.396],[153.0125,-25.9248,2.785],[153.0126,-25.9241,1.396],[153.0121,-25.9239,1.396]]],
[[[153.0369,-25.9037,0.3418],[153.035,-25.9034,0.0],[153.0349,-25.9051,5.2267],[153.0366,-25.9045,0.3418],[153.0369,-25.9037,0.3418]]],
[[[153.0632,-25.8837,0.8856],[153.0612,-25.8838,1.1842],[153.0633,-25.8859,0.8414],[153.0636,-25.8842,0.8856],[153.0632,-25.8837,0.8856]]],
[[[153.0481,-25.8812,1.1457],[153.0463,-25.8803,2.1815],[153.0458,-25.8827,9.3123],[153.0516,-25.8864,0.0],[153.0505,-25.8822,2.9512],[153.0481,-25.8812,1.1457]]],
[[[153.0495,-25.872,1.1507],[153.0487,-25.8704,0.3308],[153.0469,-25.8707,0.7472],[153.0479,-25.873,0.0],[153.0499,-25.8732,0.0],[153.0495,-25.872,1.1507]]],
[[[153.0546,-25.8703,4.3433],[153.0553,-25.8709,4.3433],[153.0556,-25.871,4.3433],[153.054,-25.8696,4.3433],[153.0546,-25.8703,4.3433]]],
[[[153.0504,-25.8657,1.1898],[153.051,-25.8654,1.1898],[153.0499,-25.8647,1.1898],[153.05,-25.8653,1.1898],[153.0504,-25.8657,1.1898]]],
[[[153.0422,-25.8452,0.3053],[153.042,-25.845,0.3053],[153.0423,-25.8454,0.3053],[153.0423,-25.8453,0.3053],[153.0422,-25.8452,0.3053]]],
[[[153.0382,-25.8366,0.3196],[153.0395,-25.835,2.8905],[153.0373,-25.8334,2.7329],[153.0363,-25.8345,2.7329],[153.0382,-25.8366,0.3196]]],
[[[153.0435,-25.8442,0.9369],[153.0434,-25.8427,0.8605],[153.0422,-25.8414,0.8605],[153.042,-25.8445,0.9369],[153.0435,-25.8442,0.9369]]],
[[[153.0514,-25.8367,1.3723],[153.0514,-25.8362,0.5018],[153.0512,-25.8361,0.5018],[153.0512,-25.8366,1.3723],[153.0514,-25.8367,1.3723]]],
[[[153.0513,-25.826,2.0778],[153.0486,-25.8255,0.9153],[153.0463,-25.831,1.0864],[153.0451,-25.8362,1.0092],[153.0461,-25.8378,2.3377],[153.0436,-25.8402,0.0],[153.0448,-25.8427,2.3732],[153.0508,-25.8371,1.3723],[153.0486,-25.8354,2.196],[153.0513,-25.826,2.0778]]],
[[[152.9266,-25.2874,0.0],[152.9256,-25.2878,0.0],[152.9252,-25.2884,0.767],[152.9268,-25.2884,0.0],[152.9266,-25.2874,0.0]]],
[[[152.9992,-25.3469,0.0],[152.9987,-25.3461,0.0],[152.9986,-25.3466,0.0],[152.9996,-25.3475,0.0],[152.9992,-25.3469,0.0]]],
[[[152.962,-25.2883,20.8819],[152.9555,-25.2836,11.3398],[152.9543,-25.2792,12.8744],[152.9499,-25.2751,6.452],[152.943,-25.2728,0.0],[152.9451,-25.2764,5.3101],[152.9441,-25.2843,0.757],[152.9479,-25.2851,3.0689],[152.9512,-25.2884,10.6276],[152.9542,-25.2952,1.0433],[152.9574,-25.2967,13.6478],[152.9596,-25.3033,3.0216],[152.97,-25.3054,7.4878],[152.9778,-25.3105,27.1004],[152.9864,-25.3239,22.3405],[152.9892,-25.3314,0.0],[152.9935,-25.3359,3.7785],[152.989,-25.3145,1.5863],[152.9805,-25.3078,3.2838],[152.9747,-25.2979,0.0],[152.9642,-25.292,19.668],[152.962,-25.2883,20.8819]]],
[[[152.4935,-24.9274,0.0],[152.4922,-24.925,0.0],[152.491,-24.9264,0.0],[152.4957,-24.9316,0.0],[152.4944,-24.9279,0.0],[152.4935,-24.9274,0.0]]],
[[[152.0473,-24.519,4.0212],[152.0477,-24.5187,4.1728],[152.0477,-24.5184,4.1728],[152.0473,-24.5187,4.0212],[152.0473,-24.519,4.0212]]],
[[[152.0506,-24.5183,2.1769],[152.0499,-24.518,2.1769],[152.0495,-24.5183,4.1728],[152.0506,-24.5183,2.1769]]],
[[[152.0488,-24.5181,4.1728],[152.048,-24.5182,4.1728],[152.0479,-24.5185,4.1728],[152.0493,-24.5184,4.1728],[152.0488,-24.5181,4.1728]]],
[[[152.9071,-25.4204,0.6713],[152.9068,-25.4205,0.6713],[152.908,-25.4205,0.6311],[152.908,-25.4204,0.6311],[152.9071,-25.4204,0.6713]]],
[[[152.9402,-25.3774,0.0],[152.9417,-25.3769,0.0],[152.9403,-25.3756,0.0],[152.9392,-25.3764,0.0],[152.9402,-25.3774,0.0]]],
[[[152.9405,-25.3749,0.0],[152.9415,-25.3754,0.0],[152.942,-25.3727,0.0],[152.9417,-25.3728,0.0],[152.9405,-25.3749,0.0]]],
[[[152.9418,-25.3675,0.0],[152.9412,-25.368,0.0],[152.9415,-25.3685,0.0],[152.9424,-25.3673,0.0],[152.9418,-25.3675,0.0]]],
[[[153.0052,-25.3548,2.384],[153.0061,-25.3563,0.0],[153.0069,-25.3571,0.0],[153.0042,-25.3531,0.0],[153.0052,-25.3548,2.384]]],
[[[152.8632,-25.4773,2.0095],[152.8639,-25.4773,2.0095],[152.864,-25.4756,0.9329],[152.8633,-25.4761,0.9329],[152.8632,-25.4773,2.0095]]],
[[[152.8681,-25.4552,2.0947],[152.8678,-25.4566,1.8656],[152.8677,-25.4578,1.8656],[152.8691,-25.4538,0.0],[152.8681,-25.4552,2.0947]]],
[[[152.9488,-25.4516,1.5168],[152.9488,-25.452,1.5168],[152.9494,-25.4518,0.0],[152.9492,-25.4514,0.0],[152.9488,-25.4516,1.5168]]],
[[[152.9493,-25.4548,0.0],[152.9482,-25.4556,1.0173],[152.9486,-25.4564,0.3391],[152.9491,-25.4559,0.0],[152.9493,-25.4548,0.0]]],
[[[152.9442,-25.4547,4.5489],[152.9444,-25.4548,4.5489],[152.9442,-25.4543,2.2934],[152.9441,-25.4546,4.5489],[152.9442,-25.4547,4.5489]]],
[[[152.8773,-25.4441,0.0],[152.872,-25.4444,1.0197],[152.8703,-25.4493,2.5283],[152.8729,-25.451,2.88],[152.88,-25.4485,0.0],[152.881,-25.4462,1.032],[152.8773,-25.4441,0.0]]],
[[[152.8976,-25.4244,0.8729],[152.8984,-25.4246,0.0],[152.8986,-25.4244,0.8729],[152.8969,-25.4241,0.6626],[152.8976,-25.4244,0.8729]]],
[[[152.899,-25.4242,0.8729],[152.8987,-25.424,0.8729],[152.8987,-25.4241,0.8729],[152.8991,-25.4245,0.8729],[152.899,-25.4242,0.8729]]],
[[[152.9032,-25.4227,0.0],[152.9028,-25.424,0.5717],[152.9048,-25.4234,0.0],[152.9037,-25.4224,0.0],[152.9032,-25.4227,0.0]]],
[[[152.9026,-25.4229,0.0],[152.9028,-25.4229,0.0],[152.9029,-25.4227,0.0],[152.9025,-25.4228,0.0],[152.9026,-25.4229,0.0]]],
[[[152.9089,-25.423,0.0],[152.909,-25.4231,0.0],[152.9094,-25.4231,0.0],[152.9093,-25.4229,4.1165],[152.9089,-25.423,0.0]]],
[[[152.9103,-25.4221,1.6767],[152.9073,-25.4211,0.6713],[152.9083,-25.4227,4.1165],[152.9098,-25.4226,4.1165],[152.9098,-25.423,0.0],[152.9106,-25.4226,1.6767],[152.9103,-25.4221,1.6767]]],
[[[152.8656,-25.5524,0.0],[152.8658,-25.5523,0.0],[152.8654,-25.5523,0.0],[152.8656,-25.5524,0.0]]],
[[[152.8841,-25.5529,0.0],[152.8832,-25.5534,2.2462],[152.8825,-25.5547,0.6094],[152.885,-25.5524,0.0],[152.8841,-25.5529,0.0]]],
[[[152.938,-25.5564,0.0],[152.9394,-25.5544,1.6536],[152.9396,-25.5531,1.6536],[152.9374,-25.5532,0.0],[152.938,-25.5564,0.0]]],
[[[152.9038,-25.5428,0.0],[152.9046,-25.5424,0.0],[152.9046,-25.5419,0.0],[152.9035,-25.5418,1.3184],[152.9038,-25.5428,0.0]]],
[[[152.9042,-25.5395,0.0],[152.9039,-25.5397,0.0],[152.9039,-25.5404,0.0],[152.9045,-25.5396,0.0],[152.9042,-25.5395,0.0]]],
[[[152.9083,-25.5361,0.0],[152.9072,-25.5367,0.5136],[152.9072,-25.537,0.5136],[152.9078,-25.537,0.5136],[152.9083,-25.5361,0.0]]],
[[[152.9041,-25.5009,0.0],[152.9037,-25.501,0.0],[152.9038,-25.5018,0.0],[152.9042,-25.5017,0.0],[152.9041,-25.5009,0.0]]],
[[[152.8467,-25.4895,1.7498],[152.8474,-25.4873,0.6741],[152.838,-25.4873,2.5794],[152.8349,-25.49,0.9467],[152.8439,-25.4909,6.1623],[152.8467,-25.4895,1.7498]]],
[[[152.9152,-25.4922,1.9886],[152.9138,-25.4935,0.0],[152.9174,-25.4912,0.0],[152.9166,-25.4912,0.0],[152.9152,-25.4922,1.9886]]],
[[[152.9549,-25.509,1.3157],[152.9554,-25.5079,2.0666],[152.9549,-25.5068,0.0],[152.9536,-25.5091,1.3157],[152.9549,-25.509,1.3157]]],
[[[152.9651,-25.5027,3.774],[152.9664,-25.501,0.0],[152.9644,-25.4992,0.7003],[152.959,-25.5014,2.4215],[152.9559,-25.5052,0.7073],[152.9559,-25.5075,2.0666],[152.9582,-25.5065,4.5711],[152.9529,-25.5133,0.0],[152.959,-25.5127,2.0568],[152.9618,-25.5079,0.0],[152.962,-25.5033,4.5181],[152.9626,-25.5023,3.7347],[152.9636,-25.5041,0.7415],[152.9651,-25.5027,3.774]]],
[[[152.9377,-25.5182,0.7668],[152.9451,-25.5141,0.7387],[152.9496,-25.5037,0.0],[152.9559,-25.4952,1.1707],[152.9525,-25.4828,0.7672],[152.9466,-25.4806,2.6943],[152.9458,-25.4789,0.4571],[152.9398,-25.4794,0.0],[152.9316,-25.4825,1.5889],[152.9232,-25.4936,5.3425],[152.9186,-25.497,0.404],[152.9098,-25.4995,0.0],[152.9076,-25.5039,0.0],[152.9082,-25.5145,4.1734],[152.9131,-25.525,1.2019],[152.9149,-25.5257,2.9464],[152.9138,-25.5261,1.2019],[152.9154,-25.5294,1.6122],[152.9206,-25.5298,0.0],[152.9343,-25.524,3.1783],[152.9377,-25.5182,0.7668]]],
[[[152.9553,-25.541,2.5083],[152.9565,-25.5385,2.1],[152.9451,-25.5437,1.8494],[152.9418,-25.5468,0.3774],[152.9546,-25.5402,2.8852],[152.9553,-25.541,2.5083]]],
[[[152.9051,-25.5393,0.0],[152.9049,-25.539,0.0],[152.9047,-25.539,0.0],[152.9049,-25.5392,0.0],[152.9051,-25.5393,0.0]]],
[[[152.8857,-25.5522,0.5187],[152.8867,-25.5521,0.5187],[152.8869,-25.5516,0.5187],[152.8866,-25.5517,0.5187],[152.8857,-25.5522,0.5187]]],
[[[152.9003,-25.5503,3.0536],[152.9011,-25.5486,2.4402],[152.8978,-25.5497,3.8134],[152.8988,-25.5517,0.0],[152.9003,-25.5503,3.0536]]],
[[[152.9531,-25.5485,1.1253],[152.9519,-25.5491,0.6866],[152.9515,-25.5501,0.7846],[152.9549,-25.5472,0.0],[152.9531,-25.5485,1.1253]]],
[[[152.8474,-25.4902,2.4572],[152.8466,-25.4913,0.0],[152.8489,-25.4913,0.0],[152.8547,-25.4883,0.0],[152.856,-25.4827,0.0],[152.853,-25.486,2.6068],[152.8487,-25.4877,0.0],[152.8474,-25.4902,2.4572]]],
[[[152.8401,-25.4862,1.6499],[152.8391,-25.4864,2.5794],[152.8425,-25.4867,2.0398],[152.8412,-25.4863,4.9776],[152.8401,-25.4862,1.6499]]],
[[[152.968,-25.475,0.3506],[152.9644,-25.4736,0.6892],[152.9604,-25.4774,1.1637],[152.9585,-25.4839,2.4145],[152.9612,-25.4914,0.0],[152.9661,-25.4901,0.0],[152.9689,-25.485,1.4575],[152.97,-25.4815,0.0],[152.968,-25.475,0.3506]]],
[[[152.9498,-25.4786,0.0],[152.9488,-25.479,0.8752],[152.9485,-25.4801,2.2385],[152.9499,-25.4795,0.0],[152.9498,-25.4786,0.0]]],
[[[152.9161,-25.4854,0.0],[152.9152,-25.4867,0.0],[152.9164,-25.4856,0.0],[152.9164,-25.4851,0.0],[152.9161,-25.4854,0.0]]],
[[[152.917,-25.4884,1.1228],[152.922,-25.4863,3.205],[152.9244,-25.4819,0.0],[152.9216,-25.4835,0.636],[152.917,-25.4884,1.1228]]],
[[[152.8626,-25.4778,2.0095],[152.8631,-25.4706,0.0],[152.8579,-25.4768,0.0],[152.8567,-25.4872,0.0],[152.8606,-25.4828,0.0],[152.8626,-25.4778,2.0095]]],
[[[152.964,-25.6192,1.1128],[152.9606,-25.6161,0.0],[152.9528,-25.6162,0.0],[152.9551,-25.6329,0.0],[152.9576,-25.6375,0.3531],[152.9593,-25.6363,0.0],[152.9615,-25.6293,0.8323],[152.9611,-25.6243,2.732],[152.9629,-25.6234,1.7645],[152.964,-25.6192,1.1128]]],
[[[152.9222,-25.6185,0.0],[152.9223,-25.6182,3.1833],[152.9222,-25.618,0.0],[152.922,-25.6183,0.0],[152.9222,-25.6185,0.0]]],
[[[152.952,-25.5993,1.0754],[152.9525,-25.6013,0.0],[152.9549,-25.5987,2.0207],[152.9528,-25.5976,0.0],[152.952,-25.5993,1.0754]]],
[[[152.8783,-25.5931,0.0],[152.8791,-25.5922,0.0],[152.8771,-25.5926,1.941],[152.8774,-25.5931,0.0],[152.8783,-25.5931,0.0]]],
[[[152.9153,-25.5853,0.3661],[152.916,-25.5851,0.3661],[152.916,-25.5837,0.5434],[152.9151,-25.5841,0.5434],[152.9153,-25.5853,0.3661]]],
[[[152.8926,-25.5956,4.4987],[152.8914,-25.5951,4.4987],[152.8909,-25.5968,0.0],[152.8933,-25.5978,4.2421],[152.894,-25.597,2.9542],[152.8926,-25.5956,4.4987]]],
[[[152.8808,-25.593,0.0],[152.8805,-25.5935,0.0],[152.881,-25.5941,0.0],[152.8811,-25.5937,0.0],[152.8808,-25.593,0.0]]],
[[[152.9141,-25.5996,0.0],[152.9133,-25.5959,0.3272],[152.911,-25.6003,0.805],[152.9115,-25.6026,2.7791],[152.913,-25.6029,0.6527],[152.9141,-25.5996,0.0]]],
[[[152.8866,-25.5886,2.3106],[152.8868,-25.5872,0.3372],[152.886,-25.5862,0.0],[152.8863,-25.587,0.3372],[152.8859,-25.5875,0.3372],[152.8864,-25.5896,3.6807],[152.8852,-25.5884,2.3106],[152.8844,-25.5906,0.0],[152.8853,-25.5931,0.0],[152.887,-25.592,3.3732],[152.8866,-25.5886,2.3106]]],
[[[152.8826,-25.591,1.2206],[152.8831,-25.5915,0.0],[152.8821,-25.5846,3.3378],[152.881,-25.5888,0.0],[152.8826,-25.591,1.2206]]],
[[[152.9169,-25.5685,1.076],[152.9146,-25.5677,0.7524],[152.9134,-25.5689,1.3714],[152.917,-25.5704,0.64],[152.9169,-25.5685,1.076]]],
[[[152.9082,-25.569,0.0],[152.9078,-25.5686,0.4647],[152.9075,-25.5687,0.4647],[152.9077,-25.5694,0.4647],[152.9082,-25.569,0.0]]],
[[[152.8927,-25.5611,1.96],[152.893,-25.5601,1.96],[152.8889,-25.5596,2.6928],[152.8866,-25.561,0.0],[152.8872,-25.5677,0.0],[152.8915,-25.5615,0.4344],[152.8927,-25.5611,1.96]]],
[[[152.9067,-25.5816,0.5152],[152.9066,-25.5803,0.0],[152.9051,-25.5804,1.4481],[152.9052,-25.5826,1.3375],[152.9067,-25.5816,0.5152]]],
[[[152.9081,-25.5803,0.0],[152.9081,-25.5799,0.0],[152.9072,-25.58,0.0],[152.908,-25.5806,0.0],[152.9081,-25.5803,0.0]]],
[[[152.8984,-25.5783,4.1369],[152.8923,-25.5769,1.4575],[152.888,-25.5812,1.9426],[152.8914,-25.5944,4.5407],[152.8986,-25.5979,3.6445],[152.9007,-25.5958,2.1081],[152.901,-25.5925,1.3511],[152.8984,-25.5783,4.1369]]],
[[[152.9245,-25.5773,0.0],[152.921,-25.5742,0.0],[152.9183,-25.5779,1.1257],[152.9194,-25.5799,2.2782],[152.9182,-25.5796,2.2782],[152.9198,-25.5843,1.5814],[152.9186,-25.5824,1.3577],[152.9189,-25.5868,1.4053],[152.9244,-25.5981,0.0],[152.9278,-25.5831,1.9382],[152.9245,-25.5773,0.0]]],
[[[152.9487,-25.5683,1.3583],[152.9497,-25.5583,1.6472],[152.9485,-25.5569,1.2596],[152.9461,-25.5605,2.4526],[152.9445,-25.5608,2.8173],[152.9418,-25.5594,2.1211],[152.938,-25.5628,0.0],[152.9393,-25.5793,2.8159],[152.9419,-25.5833,0.0],[152.9436,-25.5826,1.0926],[152.9442,-25.5793,2.9705],[152.9435,-25.578,2.9705],[152.9438,-25.5776,2.8372],[152.9454,-25.5768,2.7775],[152.9449,-25.5775,2.7775],[152.9438,-25.5779,2.8372],[152.9448,-25.5789,2.9705],[152.9446,-25.5824,1.0926],[152.9478,-25.5802,1.9528],[152.9495,-25.5752,0.6806],[152.9487,-25.5683,1.3583]]],
[[[152.8776,-25.5817,2.2829],[152.8795,-25.5836,0.0],[152.8795,-25.5764,2.4774],[152.8774,-25.5809,2.2343],[152.8776,-25.5817,2.2829]]],
[[[152.8814,-25.5812,0.544],[152.8824,-25.576,2.309],[152.88,-25.5766,2.4774],[152.8805,-25.5818,0.5035],[152.8814,-25.5812,0.544]]],
[[[152.9229,-25.5742,0.0],[152.9227,-25.5739,0.0],[152.9225,-25.5738,0.0],[152.9225,-25.5741,0.0],[152.9229,-25.5742,0.0]]],
[[[152.9003,-25.5758,0.7827],[152.901,-25.5757,0.7827],[152.9003,-25.5756,0.7827],[152.9003,-25.5758,0.7827]]],
[[[152.9076,-25.5775,3.826],[152.907,-25.5762,0.0],[152.9058,-25.5793,3.8427],[152.9079,-25.5788,0.0],[152.9076,-25.5775,3.826]]],
[[[152.8912,-25.5765,1.8198],[152.8901,-25.5767,1.8198],[152.8888,-25.5787,1.2334],[152.8916,-25.5769,1.4575],[152.8912,-25.5765,1.8198]]],
[[[152.8886,-25.5763,0.0],[152.889,-25.5765,0.0],[152.8906,-25.5749,0.895],[152.8895,-25.5743,0.6099],[152.8886,-25.5763,0.0]]],
[[[152.9012,-25.5762,0.7827],[152.9013,-25.5765,0.0],[152.9018,-25.5762,0.7028],[152.9012,-25.5761,0.7827],[152.9012,-25.5762,0.7827]]],
[[[152.9039,-25.5732,0.0],[152.9022,-25.5738,4.102],[152.9028,-25.5728,5.3061],[152.8994,-25.5747,0.0],[152.9034,-25.5747,0.7028],[152.9039,-25.5732,0.0]]],
[[[152.8844,-25.5711,2.2218],[152.8846,-25.5742,2.4725],[152.8859,-25.5719,1.0349],[152.8851,-25.5696,2.2218],[152.8844,-25.5711,2.2218]]],
[[[152.8842,-25.5662,1.1263],[152.8839,-25.5622,0.5892],[152.8793,-25.563,2.1382],[152.8742,-25.568,2.9213],[152.8743,-25.5707,2.9771],[152.8787,-25.5749,1.1839],[152.8838,-25.5752,1.1289],[152.8847,-25.569,2.2252],[152.883,-25.5686,2.2673],[152.8844,-25.5681,2.2252],[152.8842,-25.5662,1.1263]]],
[[[152.9011,-25.5636,1.9458],[152.8985,-25.5601,0.6352],[152.897,-25.5606,0.666],[152.892,-25.5676,2.3022],[152.8896,-25.5685,2.0744],[152.8896,-25.5719,2.392],[152.891,-25.5717,2.392],[152.8916,-25.5739,1.682],[152.8988,-25.5743,2.4712],[152.9034,-25.5722,5.3061],[152.9029,-25.57,3.9257],[152.9017,-25.5717,5.3061],[152.903,-25.5666,3.2994],[152.9011,-25.5636,1.9458]]],
[[[152.9093,-25.6081,2.0126],[152.9097,-25.6072,2.8134],[152.9085,-25.6058,0.5669],[152.9084,-25.6088,2.0126],[152.9093,-25.6081,2.0126]]],
[[[152.927,-25.6142,0.3601],[152.9234,-25.6118,1.3579],[152.9211,-25.6145,0.0],[152.9231,-25.6197,0.6083],[152.9283,-25.6244,3.328],[152.9301,-25.6178,1.7576],[152.927,-25.6142,0.3601]]],
[[[152.96,-25.6006,0.3357],[152.9561,-25.5987,0.3216],[152.9531,-25.603,1.7321],[152.9536,-25.6101,2.889],[152.9559,-25.6132,0.0],[152.9606,-25.6109,1.1121],[152.9625,-25.6068,4.2192],[152.9626,-25.6038,2.1442],[152.96,-25.6006,0.3357]]],
[[[152.9103,-25.606,3.7227],[152.9093,-25.6051,0.5669],[152.9113,-25.6075,1.1282],[152.9113,-25.6067,1.1282],[152.9103,-25.606,3.7227]]],
[[[152.9117,-25.6029,2.7791],[152.91,-25.602,2.7791],[152.9113,-25.6064,1.1282],[152.9128,-25.605,0.0],[152.9117,-25.6029,2.7791]]],
[[[152.937,-25.5936,1.1658],[152.9345,-25.5921,3.1118],[152.9327,-25.5869,0.0],[152.9308,-25.5864,5.1747],[152.9289,-25.599,1.1554],[152.9346,-25.6097,3.3128],[152.938,-25.6113,0.0],[152.9368,-25.6014,0.0],[152.938,-25.596,1.9798],[152.937,-25.5936,1.1658]]],
[[[152.8784,-25.5631,1.4224],[152.8784,-25.5625,0.0],[152.8782,-25.5625,0.0],[152.878,-25.5632,1.4224],[152.8784,-25.5631,1.4224]]],
[[[152.9541,-25.5591,1.6908],[152.953,-25.559,2.8361],[152.9496,-25.5557,0.0],[152.9499,-25.5605,2.2067],[152.9541,-25.5591,1.6908]]],
[[[152.9215,-25.5618,4.7759],[152.9212,-25.558,3.9643],[152.9184,-25.5571,2.5165],[152.9158,-25.5589,0.9465],[152.915,-25.5629,2.0631],[152.9202,-25.5673,1.2685],[152.9206,-25.5634,3.9763],[152.9207,-25.568,0.0],[152.9215,-25.5618,4.7759]]],
[[[152.9046,-25.564,0.9818],[152.9058,-25.5632,0.3827],[152.9039,-25.5614,1.7048],[152.9036,-25.5618,0.0],[152.9046,-25.564,0.9818]]],
[[[152.8831,-25.5614,0.8969],[152.8824,-25.5584,1.5496],[152.8789,-25.5611,0.6533],[152.8798,-25.5622,1.2661],[152.8831,-25.5614,0.8969]]],
[[[152.8788,-25.5601,0.6533],[152.8816,-25.5579,1.2013],[152.8817,-25.5555,0.6094],[152.8779,-25.5583,2.0187],[152.8741,-25.5582,0.0],[152.8751,-25.5601,1.0833],[152.8788,-25.5601,0.6533]]],
[[[152.885,-25.5601,1.2818],[152.8848,-25.5596,1.2818],[152.8842,-25.5593,0.0],[152.8846,-25.5603,1.2818],[152.885,-25.5601,1.2818]]],
[[[152.9185,-25.5563,2.5165],[152.9192,-25.5548,3.2981],[152.9177,-25.5563,2.2957],[152.9177,-25.5547,2.5507],[152.916,-25.5571,0.0],[152.917,-25.5572,2.2957],[152.9185,-25.5563,2.5165]]],
[[[152.9393,-25.5601,1.5768],[152.94088653576438,-25.5574227208976,2.038],[152.94089626168224,-25.55738566978194,2.038],[152.9403,-25.5551,0.8559],[152.938,-25.5577,0.0],[152.9378,-25.5619,0.0],[152.9393,-25.5601,1.5768]]],
[[[152.94089626168224,-25.55738566978194,2.038],[152.9409,-25.5574,2.038],[152.94088653576438,-25.5574227208976,2.038],[152.94,-25.5608,1.5768],[152.9408,-25.5595,2.1211],[152.9424,-25.5591,2.1211],[152.9448,-25.5605,2.8173],[152.9464,-25.5595,3.1353],[152.9496,-25.5484,0.0],[152.9456,-25.5496,2.1088],[152.9421,-25.5528,0.7911],[152.94089626168224,-25.55738566978194,2.038]]],
[[[152.9104,-25.5541,0.732],[152.9122,-25.5494,0.0],[152.9101,-25.5471,0.5408],[152.9055,-25.5508,0.5194],[152.9021,-25.5567,1.774],[152.9027,-25.56,0.0],[152.9056,-25.5618,1.7048],[152.905,-25.5589,3.5844],[152.9067,-25.5638,0.3827],[152.9092,-25.5569,1.3147],[152.9077,-25.5567,2.6095],[152.9104,-25.5541,0.732]]],
[[[152.8978,-25.554,0.0],[152.8972,-25.5498,2.2319],[152.8952,-25.5516,2.2377],[152.8954,-25.5506,0.459],[152.8871,-25.5534,0.0],[152.8837,-25.5573,1.1613],[152.8865,-25.5591,0.7499],[152.8918,-25.557,2.6757],[152.8944,-25.558,0.0],[152.8978,-25.554,0.0]]],
[[[153.2588,-24.6976,0.0],[153.2497,-24.6976,0.8717],[153.2134,-24.7152,3.3509],[153.1834,-24.7377,0.0],[153.167,-24.7541,0.0],[153.1564,-24.7694,0.0],[153.1256,-24.8004,1.4341],[153.1217,-24.8064,0.0],[153.1189,-24.8151,3.7644],[153.1192,-24.8173,1.0094],[153.1208,-24.8176,4.2216],[153.1306,-24.8143,8.5732],[153.1441,-24.8168,1.558],[153.1589,-24.8243,12.019],[153.1725,-24.8351,0.0],[153.1818,-24.8449,2.9481],[153.1944,-24.862,17.4205],[153.2285,-24.9161,0.0],[153.2334,-24.9304,6.6175],[153.2338,-24.945,3.87],[153.2267,-24.9749,0.0],[153.2292,-24.9809,0.0],[153.2268,-24.9834,1.5282],[153.2192,-25.0017,1.1093],[153.1998,-25.0327,0.0],[153.1603,-25.0836,6.6955],[153.1328,-25.1078,0.0],[153.134,-25.1083,6.2946],[153.1281,-25.1138,12.5885],[153.0768,-25.1529,0.0],[153.0548,-25.1663,2.2364],[153.0295,-25.1763,0.4861],[153.0083,-25.2004,0.0],[153.0004,-25.2074,0.0],[152.9923,-25.2207,0.6341],[152.9916,-25.2275,0.0],[152.9953,-25.2303,1.5312],[152.994,-25.2285,7.5294],[152.9962,-25.2264,1.6429],[153.0122,-25.2309,7.7245],[153.0179,-25.2298,2.1053],[153.0262,-25.2228,2.2103],[153.0302,-25.2239,1.2046],[153.0321,-25.2225,1.9453],[153.0339,-25.2259,1.6165],[153.0387,-25.2232,1.8771],[153.0405,-25.2246,1.746],[153.0399,-25.23,1.3989],[153.0422,-25.2317,2.0974],[153.0427,-25.2359,1.3991],[153.0467,-25.2393,4.1495],[153.0486,-25.239,3.8011],[153.0515,-25.2447,2.7703],[153.0457,-25.2476,4.8353],[153.0486,-25.2518,3.6228],[153.0476,-25.258,0.0],[153.0491,-25.2563,3.9301],[153.0523,-25.2594,3.1152],[153.0499,-25.2599,4.4965],[153.051,-25.2636,3.8948],[153.0452,-25.263,5.1045],[153.04,-25.2767,3.9195],[153.042,-25.2852,1.7757],[153.0461,-25.2916,3.2714],[153.0449,-25.2951,2.2966],[153.0421,-25.2972,0.4421],[153.0456,-25.3015,0.0],[153.0456,-25.3073,5.7552],[153.0486,-25.3182,2.5278],[153.0506,-25.3191,2.8147],[153.0484,-25.3228,5.0743],[153.0514,-25.3453,1.0395],[153.047,-25.349,1.7111],[153.0462,-25.3541,2.8324],[153.0477,-25.3596,6.331],[153.0459,-25.3602,6.331],[153.0345,-25.3807,0.0],[153.0341,-25.3848,31.7834],[153.008,-25.4113,3.5404],[153.0036,-25.4237,2.5085],[152.9941,-25.4353,0.3596],[152.9868,-25.4483,2.4254],[152.9834,-25.4645,1.891],[152.9838,-25.4686,0.0],[152.9886,-25.4809,1.3149],[152.9916,-25.4811,4.0566],[152.9918,-25.4843,3.1476],[152.9934,-25.4845,2.8227],[152.9915,-25.4845,3.1476],[152.9916,-25.4824,2.2153],[152.9898,-25.4843,0.0],[152.9895,-25.4959,0.0],[152.9867,-25.5105,8.6487],[152.9887,-25.5121,11.2709],[152.9857,-25.5103,2.448],[152.9833,-25.5154,14.8108],[152.9831,-25.5137,12.6209],[152.9812,-25.5144,0.0],[152.9722,-25.5228,0.0],[152.961,-25.5461,2.2633],[152.9612,-25.5441,0.0],[152.9556,-25.5485,2.0044],[152.9555,-25.5498,2.5801],[152.9579,-25.5497,2.6362],[152.9553,-25.55,2.5801],[152.9551,-25.5484,1.1253],[152.951,-25.5519,0.0],[152.9524,-25.5577,1.7901],[152.959,-25.56,1.9068],[152.9595,-25.5608,2.6898],[152.9584,-25.5618,2.4052],[152.9586,-25.5603,1.9068],[152.9542,-25.5595,1.6908],[152.9499,-25.5613,2.3374],[152.9491,-25.5703,3.2408],[152.9502,-25.5756,0.6806],[152.9517,-25.5742,2.3054],[152.9514,-25.5716,2.1959],[152.9523,-25.5706,1.7798],[152.9536,-25.5735,1.6843],[152.955,-25.5725,1.3481],[152.9587,-25.5737,1.7165],[152.956,-25.5737,2.4857],[152.9549,-25.5728,1.3481],[152.9552,-25.5749,2.5821],[152.9539,-25.5756,3.0683],[152.955,-25.5746,3.0683],[152.9538,-25.574,1.6843],[152.9532,-25.576,3.0683],[152.9519,-25.5712,1.7798],[152.9522,-25.5741,2.3054],[152.9512,-25.5762,1.6525],[152.9489,-25.5778,1.1866],[152.9482,-25.5812,1.9528],[152.9425,-25.5859,0.0],[152.9446,-25.5861,2.8799],[152.9494,-25.5928,1.7478],[152.9487,-25.5863,2.9772],[152.9504,-25.5902,2.5242],[152.9503,-25.5931,0.4302],[152.9527,-25.5944,2.1925],[152.9548,-25.5893,1.8323],[152.9526,-25.5854,1.9387],[152.9524,-25.5845,2.8539],[152.9526,-25.5844,2.8539],[152.9536,-25.5843,2.352],[152.9535,-25.5846,2.1352],[152.9527,-25.5845,2.8539],[152.9526,-25.585,1.9387],[152.9561,-25.5891,1.8405],[152.9581,-25.5869,0.0],[152.9586,-25.5786,1.8268],[152.9642,-25.5767,2.3582],[152.9606,-25.5786,1.2749],[152.9586,-25.5819,1.0811],[152.9597,-25.5877,2.2373],[152.9561,-25.5913,0.0],[152.9553,-25.5955,1.1849],[152.957,-25.5975,0.0],[152.9632,-25.5993,3.0643],[152.9598,-25.5991,2.4949],[152.9634,-25.6018,1.7688],[152.964,-25.6001,3.1723],[152.9648,-25.6075,0.0],[152.9623,-25.6139,0.5731],[152.9719,-25.6198,1.2397],[152.9747,-25.6247,21.4824],[152.975,-25.629,18.3031],[152.9704,-25.6351,0.94],[152.9703,-25.6362,0.94],[152.9726,-25.6362,2.0488],[152.9699,-25.6376,0.9831],[152.9699,-25.6402,1.6935],[152.9797,-25.6623,0.0],[152.9802,-25.661,16.2003],[152.983,-25.6602,9.5001],[152.9819,-25.6614,24.9504],[152.9802,-25.6613,3.14],[152.9806,-25.6621,3.14],[152.9791,-25.6672,0.0],[152.9804,-25.6708,0.9141],[152.9839,-25.6729,2.1908],[152.9869,-25.6715,10.8675],[152.9872,-25.672,10.8675],[152.9871,-25.6722,10.8675],[152.9869,-25.6723,10.8675],[152.9852,-25.6724,3.6973],[152.9848,-25.673,5.6628],[152.9841,-25.6732,5.6628],[152.9825,-25.6766,2.2251],[152.9901,-25.6889,0.0],[152.9905,-25.6954,1.1144],[152.992,-25.6972,0.5528],[152.9908,-25.6968,0.5528],[152.9894,-25.6998,0.0],[152.9888,-25.7108,2.4584],[152.9958,-25.7289,1.6687],[152.9956,-25.7319,0.6654],[153.002,-25.7402,0.9506],[153.0073,-25.743,0.0],[153.0102,-25.7477,28.4783],[153.011,-25.7622,3.3755],[153.0224,-25.778199999999998,0.0],[153.0328,-25.7889,2.2847],[153.0492,-25.7962,5.3579],[153.0606,-25.7974,4.3612],[153.0771,-25.7931,0.0],[153.0812,-25.7778,0.0],[153.0893,-25.7581,0.0],[153.0885,-25.749,5.372],[153.0817,-25.7284,0.9324],[153.0785,-25.7104,9.4927],[153.0777,-25.6732,6.6273],[153.0892,-25.6175,0.0],[153.0989,-25.5851,1.5984],[153.1155,-25.54,4.0016],[153.1882,-25.3706,1.918],[153.2241,-25.2935,9.9674],[153.2666,-25.2079,2.9366],[153.3251,-25.0806,48.3703],[153.3505,-25.0317,0.0],[153.3562,-25.0174,6.4208],[153.3579,-25.0088,10.6343],[153.3603,-25.0066,24.0112],[153.3599,-25.0055,2.8694],[153.3553,-25.0061,1.0638],[153.3523,-24.9999,0.0],[153.351,-24.9915,0.0],[153.3522,-24.9896,2.2759],[153.3507,-24.9881,0.0],[153.3513,-24.9818,0.0],[153.3501,-24.9806,18.873],[153.3506,-24.9683,0.0],[153.3517,-24.9678,0.0],[153.3507,-24.9634,0.0],[153.3498,-24.9626,0.0],[153.3492,-24.9648,4.6734],[153.3411,-24.9663,23.3529],[153.3248,-24.9638,12.0752],[153.3165,-24.9593,0.0],[153.2998,-24.9459,0.0],[153.2926,-24.9382,14.8365],[153.2851,-24.9265,3.0671],[153.2679,-24.8864,12.7838],[153.2617,-24.8557,13.1461],[153.2596,-24.8237,10.6102],[153.2669,-24.7044,1.0568],[153.2646,-24.6971,0.0],[153.2588,-24.6976,0.0]]],
[[[151.8709,-24.1678,0.0],[151.8763,-24.1679,0.0],[151.8753,-24.1652,0.0],[151.8799,-24.1627,0.0],[151.8769,-24.1631,0.0],[151.8709,-24.1678,0.0]]],
[[[152.7144,-24.1164,0.0],[152.7184,-24.1131,1.7305],[152.7167,-24.1099,0.6715],[152.7149,-24.1098,1.4294],[152.7127,-24.1137,2.7163],[152.7144,-24.1164,0.0]]],
[[[151.5417,-24.0747,2.0847],[151.536,-24.0807,1.8169],[151.5371,-24.0832,0.0],[151.5411,-24.0851,1.7945],[151.5464,-24.0829,1.3998],[151.5477,-24.0784,0.0],[151.5445,-24.075,1.6907],[151.5417,-24.0747,2.0847]]],
[[[151.4686,-24.0673,1.0688],[151.4696,-24.0663,0.9791],[151.4684,-24.0651,1.2492],[151.4679,-24.0652,1.2492],[151.4686,-24.0673,1.0688]]],
[[[151.4697,-24.0643,0.6782],[151.4714,-24.0627,2.0732],[151.4696,-24.0606,0.6792],[151.4682,-24.0619,2.0555],[151.4697,-24.0643,0.6782]]],
[[[151.7269,-24.0608,2.1738],[151.7277,-24.0618,0.7463],[151.7291,-24.0612,0.7348],[151.7274,-24.0603,2.1738],[151.7269,-24.0608,2.1738]]],
[[[151.4605,-24.0615,0.3586],[151.4613,-24.0605,1.5062],[151.4598,-24.0601,1.3897],[151.4602,-24.0612,1.3897],[151.4605,-24.0615,0.3586]]],
[[[151.461,-24.0579,1.1944],[151.4587,-24.0567,1.2955],[151.458,-24.0585,2.1444],[151.4611,-24.0597,1.3897],[151.461,-24.0579,1.1944]]],
[[[151.6737,-24.0544,0.3918],[151.6734,-24.0549,2.6326],[151.677,-24.0561,1.3865],[151.677,-24.0558,1.3865],[151.6737,-24.0544,0.3918]]],
[[[151.7375,-24.0331,0.0],[151.7367,-24.0321,0.0],[151.7356,-24.0331,0.0],[151.7369,-24.0337,0.0],[151.7375,-24.0331,0.0]]],
[[[151.6241,-24.0221,3.8647],[151.6247,-24.0238,3.9334],[151.633,-24.0234,3.6073],[151.6343,-24.0251,0.2653],[151.6353,-24.0233,2.6042],[151.6256,-24.0217,3.8647],[151.6241,-24.0221,3.8647]]],
[[[151.7333,-24.017,0.0],[151.732,-24.017,0.0],[151.7327,-24.0183,0.0],[151.7331,-24.0179,0.0],[151.7333,-24.017,0.0]]],
[[[151.6266,-24.0145,0.2144],[151.6255,-24.0148,0.8014],[151.6259,-24.0166,0.0],[151.6267,-24.0154,0.1379],[151.6266,-24.0145,0.2144]]],
[[[152.3937,-23.9076,9.9271],[152.394,-23.9046,7.6808],[152.39,-23.9068,2.5819],[152.3907,-23.9078,2.5819],[152.3937,-23.9076,9.9271]]],
[[[152.3652,-23.8632,0.0],[152.3664,-23.8641,0.0],[152.367,-23.8631,0.0],[152.3657,-23.8624,0.0],[152.3652,-23.8632,0.0]]],
[[[152.3676,-23.8575,0.6707],[152.3684,-23.858,0.0],[152.3693,-23.8575,0.0],[152.3681,-23.8564,0.6707],[152.3676,-23.8575,0.6707]]],
[[[152.3781,-23.8548,1.2013],[152.3806,-23.853,2.8251],[152.3796,-23.8518,0.4089],[152.3726,-23.8567,0.613],[152.373,-23.8572,2.2776],[152.3781,-23.8548,1.2013]]],
[[[151.19282334293948,-23.82699827089337,1.6004],[151.1931,-23.8252,1.9379],[151.1928,-23.827,1.6004],[151.19282334293948,-23.82699827089337,1.6004]]],
[[[151.2184,-23.8205,0.9352],[151.2212,-23.8191,0.9208],[151.2228,-23.8176,0.0],[151.2164,-23.8178,0.6939],[151.2184,-23.8205,0.9352]]],
[[[151.227,-23.8145,0.6187],[151.2261,-23.813,0.0],[151.2251,-23.8133,0.0],[151.2269,-23.8146,0.0],[151.227,-23.8145,0.6187]]],
[[[152.2926,-23.8055,0.0],[152.2881,-23.8062,0.0],[152.2872,-23.8081,0.0],[152.2901,-23.808,1.584],[152.2926,-23.8055,0.0]]],
[[[151.2454,-23.8102,4.5918],[151.2459,-23.8129,5.495],[151.2471,-23.8109,4.5918],[151.2451,-23.8079,0.0],[151.2454,-23.8102,4.5918]]],
[[[151.2555,-23.8078,0.2458],[151.2572,-23.8067,0.2458],[151.2555,-23.8027,0.0],[151.2533,-23.806,0.0],[151.2549,-23.8098,0.0],[151.2555,-23.8078,0.2458]]],
[[[151.2426,-23.8029,3.6561],[151.2419,-23.8023,3.6561],[151.2411,-23.8023,3.6561],[151.2419,-23.8041,4.6539],[151.2426,-23.8029,3.6561]]],
[[[151.3379,-23.8401,0.0],[151.3372,-23.8381,0.0],[151.3357,-23.8389,0.0],[151.3369,-23.8388,0.0],[151.3379,-23.8401,0.0]]],
[[[151.3409,-23.8272,1.7612],[151.3419,-23.826,0.5252],[151.3391,-23.8266,1.6668],[151.3365,-23.8296,3.751],[151.3375,-23.836,0.0],[151.3387,-23.8342,0.2987],[151.3379,-23.8312,3.0895],[151.3413,-23.8296,0.3399],[151.3409,-23.8272,1.7612]]],
[[[151.7231,-23.5403,0.0],[151.7306,-23.5402,3.2701],[151.7318,-23.5389,9.9123],[151.7213,-23.5369,3.7109],[151.7203,-23.5385,0.0],[151.7231,-23.5403,0.0]]],
[[[151.272,-23.5348,0.0],[151.2704,-23.535,0.0],[151.2717,-23.5371,0.0],[151.2721,-23.5368,0.0],[151.272,-23.5348,0.0]]],
[[[150.8164,-23.518,0.0],[150.8165,-23.5195,0.0],[150.822,-23.5219,0.0],[150.8212,-23.5209,4.3876],[150.8164,-23.518,0.0]]],
[[[150.8556,-23.5084,2.2051],[150.851,-23.5104,1.4969],[150.8514,-23.5129,1.8936],[150.8638,-23.5171,1.1812],[150.8703,-23.5122,0.0],[150.8712,-23.5081,0.0],[150.8701,-23.5069,1.0666],[150.8718,-23.5059,0.0],[150.8701,-23.5052,0.0],[150.8556,-23.5084,2.2051]]],
[[[150.8641,-23.5265,5.0525],[150.8519,-23.5216,5.0556],[150.8379,-23.5212,3.5846],[150.8412,-23.5274,2.6788],[150.847,-23.5326,1.2727],[150.8621,-23.5336,0.8204],[150.8654,-23.5295,2.5862],[150.8641,-23.5265,5.0525]]],
[[[150.8353,-23.5237,3.3209],[150.8311,-23.5197,7.7492],[150.8244,-23.5205,0.0],[150.8281,-23.5242,3.1913],[150.8374,-23.5276,0.0],[150.8353,-23.5237,3.3209]]],
[[[151.2755,-23.5329,0.0],[151.2778,-23.5336,0.0],[151.2781,-23.5322,0.0],[151.2779,-23.5317,2.4375],[151.2755,-23.5329,0.0]]],
[[[152.0913,-23.5085,2.1202],[152.0925,-23.5067,3.146],[152.0907,-23.5055,0.0],[152.0897,-23.5068,1.3229],[152.0913,-23.5085,2.1202]]],
[[[151.7711,-23.5029,0.0],[151.7722,-23.5029,0.5587],[151.7727,-23.5021,0.5587],[151.7704,-23.5018,0.0],[151.7711,-23.5029,0.0]]],
[[[151.1974,-23.5015,0.3756],[151.207,-23.5046,0.0],[151.1928,-23.4987,0.0],[151.179,-23.495,0.0],[151.176,-23.4959,0.0],[151.1739,-23.4985,0.0],[151.1782,-23.4963,0.0],[151.1974,-23.5015,0.3756]]],
[[[151.1,-23.4812,2.3353],[151.0985,-23.4833,3.4726],[151.1031,-23.4821,3.5734],[151.1031,-23.4817,3.5734],[151.1,-23.4812,2.3353]]],
[[[151.9166,-23.4415,5.9501],[151.9137,-23.4406,0.8935],[151.9126,-23.4421,5.0693],[151.9165,-23.4437,6.348],[151.9185,-23.443,1.3406],[151.9166,-23.4415,5.9501]]],
[[[151.0504,-23.4293,0.0],[151.0504,-23.4256,0.0],[151.0488,-23.4271,0.0],[151.0499,-23.4315,0.0],[151.0504,-23.4293,0.0]]],
[[[151.1554,-23.4001,22.1989],[151.1473,-23.3981,25.765],[151.145,-23.3989,24.3189],[151.1561,-23.4056,28.7051],[151.1626,-23.4004,2.4019],[151.163,-23.3967,0.0],[151.1582,-23.3964,32.625],[151.1554,-23.4001,22.1989]]],
[[[150.815,-23.3567,7.0407],[150.814,-23.3557,2.3949],[150.8118,-23.3574,1.6413],[150.8134,-23.3589,0.0],[150.814,-23.3573,7.0407],[150.8176,-23.3575,0.0],[150.815,-23.3567,7.0407]]],
[[[150.9395,-23.3425,6.2967],[150.9369,-23.3408,0.0],[150.9335,-23.3408,0.0],[150.9382,-23.347,15.2018],[150.9395,-23.3425,6.2967]]],
[[[151.9557,-23.3335,25.5496],[151.9584,-23.3332,3.7799],[151.9599,-23.3313,7.1438],[151.9575,-23.3317,22.5522],[151.9557,-23.3335,25.5496]]],
[[[150.8479,-23.3148,0.0],[150.8486,-23.3172,11.3971],[150.8506,-23.3169,3.8165],[150.8507,-23.3161,0.0],[150.8479,-23.3148,0.0]]],
[[[151.9143,-23.3054,6.8982],[151.9163,-23.3056,10.1316],[151.9171,-23.3042,11.0785],[151.9156,-23.3038,11.015],[151.9143,-23.3054,6.8982]]],
[[[150.9238,-23.3054,6.2808],[150.9255,-23.3043,5.3048],[150.9247,-23.3022,0.0],[150.9233,-23.3034,5.2176],[150.9238,-23.3054,6.2808]]],
[[[150.9202,-23.3005,0.0],[150.9234,-23.3019,7.8587],[150.9243,-23.3008,0.0],[150.9238,-23.3006,0.0],[150.9202,-23.3005,0.0]]],
[[[151.7171,-23.2948,0.0],[151.7127,-23.2922,1.9092],[151.7048,-23.2931,8.5244],[151.7007,-23.2952,0.0],[151.7003,-23.2974,1.9848],[151.7029,-23.3004,4.5381],[151.7135,-23.3006,0.0],[151.7171,-23.2948,0.0]]],
[[[150.8345,-23.2864,0.0],[150.8338,-23.2856,0.0],[150.8335,-23.2875,0.0],[150.8343,-23.2877,0.0],[150.8345,-23.2864,0.0]]],
[[[150.8881,-23.277,0.0],[150.886,-23.2752,3.9289],[150.8831,-23.2768,2.9812],[150.8854,-23.2792,18.3956],[150.8935,-23.281,0.0],[150.8894,-23.2787,0.0],[150.8881,-23.277,0.0]]],
[[[151.7795,-23.2473,5.6493],[151.7819,-23.2459,2.8386],[151.779,-23.2457,0.4887],[151.7747,-23.2486,0.0],[151.7755,-23.249,0.0],[151.7795,-23.2473,5.6493]]],
[[[150.871,-23.2443,0.0],[150.8694,-23.2445,0.0],[150.8689,-23.2458,0.0],[150.8705,-23.2452,0.0],[150.871,-23.2443,0.0]]],
[[[151.1044,-23.4805,1.7226],[151.1002,-23.4766,0.0],[151.0995,-23.4766,0.0],[151.101,-23.4791,1.9688],[151.1044,-23.4805,1.7226]]],
[[[151.2286,-23.7992,0.0],[151.2273,-23.8015,0.0],[151.2287,-23.8029,1.4139],[151.2305,-23.8016,1.4139],[151.2286,-23.7992,0.0]]],
[[[151.3375,-23.7632,4.7335],[151.3357,-23.7558,0.0],[151.3325,-23.754,1.331],[151.3303,-23.7558,2.3976],[151.3327,-23.7684,0.4396],[151.3303,-23.7718,2.9325],[151.3257,-23.7726,7.2397],[151.3258,-23.7753,11.9604],[151.3233,-23.7773,0.0],[151.3264,-23.7797,9.909],[151.3255,-23.7821,19.7553],[151.3266,-23.7869,8.1633],[151.3253,-23.7867,0.0],[151.3251,-23.7881,0.0],[151.3264,-23.7873,8.1633],[151.3278,-23.7902,9.5033],[151.328,-23.7981,3.3869],[151.3322,-23.8011,9.6741],[151.3308,-23.803,0.0],[151.3331,-23.8029,2.2294],[151.3326,-23.8048,0.0],[151.3334,-23.8041,1.2757],[151.336,-23.8073,2.1926],[151.3398,-23.8061,3.7942],[151.3374,-23.8074,2.1926],[151.3364,-23.8076,2.1926],[151.3367,-23.8134,2.8692],[151.3348,-23.8154,2.048],[151.3364,-23.8247,0.0],[151.3382,-23.8261,1.6667],[151.343,-23.8257,0.5252],[151.3453,-23.8246,0.0],[151.3446,-23.8222,1.5943],[151.3454,-23.8235,0.3354],[151.354,-23.819,1.2709],[151.3607,-23.8241,2.0557],[151.3603,-23.8283,0.0],[151.3611,-23.8291,6.9257],[151.3615,-23.8258,2.2378],[151.3642,-23.8475,0.0],[151.3684,-23.8444,8.5236],[151.3689,-23.842,2.3271],[151.3693,-23.8418,2.3271],[151.3697,-23.8421,2.3271],[151.369,-23.842,2.3271],[151.3687,-23.8443,1.6881],[151.3669,-23.8461,1.8764],[151.3655,-23.8554,2.3889],[151.3662,-23.854,0.9877],[151.3642,-23.8587,2.2545],[151.3629,-23.8599,5.2217],[151.3666,-23.8659,6.6401],[151.3657,-23.8688,1.7327],[151.3682,-23.8744,1.6845],[151.3664,-23.8749,0.0],[151.3727,-23.8771,3.6165],[151.374,-23.8811,5.9544],[151.3802,-23.8804,2.1147],[151.385,-23.8748,4.0161],[151.3893,-23.8756,0.0],[151.3888,-23.8681,3.4898],[151.3942,-23.8648,3.3692],[151.3924,-23.8637,13.76],[151.3869,-23.8457,9.7764],[151.3859,-23.8466,9.7889],[151.3845,-23.8366,10.4362],[151.3778,-23.8283,6.1744],[151.3735,-23.8123,1.2341],[151.3671,-23.8084,5.6145],[151.3597,-23.7982,7.4757],[151.3501,-23.7961,0.7083],[151.3409,-23.7851,5.4948],[151.3412,-23.785,5.4948],[151.3417,-23.7852,5.4948],[151.3419,-23.7849,2.7771],[151.3391,-23.7773,5.4921],[151.3375,-23.7632,4.7335]],
[[151.3824,-23.8773,7.2536],[151.3826,-23.8775,7.2536],[151.3824,-23.8777,7.2536],[151.3822,-23.8776,7.2536],[151.3824,-23.8773,7.2536]]],
[[[151.2864,-23.8026,0.4657],[151.2818,-23.8015,0.0],[151.2846,-23.804,17.841],[151.2861,-23.8187,0.0],[151.2886,-23.8052,2.7301],[151.2864,-23.8026,0.4657]]],
[[[152.2993,-23.8002,1.8134],[152.3002,-23.8015,1.3251],[152.3018,-23.8008,0.5284],[152.3004,-23.7997,1.8134],[152.2993,-23.8002,1.8134]]],
[[[151.2649,-23.7975,1.5592],[151.2633,-23.7959,0.0],[151.2649,-23.8017,0.0],[151.2659,-23.7987,0.0],[151.2649,-23.7975,1.5592]]],
[[[151.2604,-23.7819,1.338],[151.2583,-23.7804,1.9097],[151.2548,-23.7818,0.0],[151.2562,-23.7876,36.8089],[151.2615,-23.7931,0.0],[151.2623,-23.7922,3.5577],[151.2608,-23.7896,20.0876],[151.2604,-23.7819,1.338]]],
[[[151.3189,-23.7653,1.1281],[151.3177,-23.764,0.6109],[151.3165,-23.7646,0.0],[151.3169,-23.7649,0.0],[151.3189,-23.7653,1.1281]]],
[[[151.4303,-24.0515,2.6426],[151.4316,-24.0529,1.4025],[151.4326,-24.0528,0.5748],[151.4298,-24.0501,1.7622],[151.4303,-24.0515,2.6426]]],
[[[151.7235,-24.0481,1.4614],[151.724,-24.0494,1.4614],[151.7277,-24.0453,1.2836],[151.7254,-24.0455,1.0049],[151.7235,-24.0481,1.4614]]],
[[[151.669,-24.0534,2.0882],[151.6691,-24.0545,2.592],[151.6707,-24.0544,2.592],[151.67,-24.0535,2.592],[151.669,-24.0534,2.0882]]],
[[[151.6628,-24.0527,1.6013],[151.6659,-24.052,3.056],[151.6661,-24.0507,3.2817],[151.6635,-24.0504,3.2628],[151.6628,-24.0527,1.6013]]],
[[[151.4614,-24.0461,0.6669],[151.4615,-24.0415,0.0],[151.4597,-24.0394,0.0],[151.4573,-24.0502,2.9095],[151.4595,-24.0565,1.1944],[151.4615,-24.0545,0.0],[151.4614,-24.0461,0.6669]]],
[[[151.6498,-24.0438,1.512],[151.6493,-24.0457,0.0],[151.6606,-24.0527,0.2485],[151.6641,-24.0482,0.5001],[151.6611,-24.043,1.4905],[151.6565,-24.0453,1.4611],[151.6498,-24.0438,1.512]]],
[[[151.4667,-24.0385,0.8349],[151.4642,-24.0375,0.0],[151.4752,-24.0537,0.6311],[151.4758,-24.0488,0.0],[151.4667,-24.0385,0.8349]]],
[[[151.4361,-24.0381,3.7989],[151.4347,-24.0362,0.0],[151.4304,-24.0374,1.9201],[151.429,-24.0389,0.7051],[151.4309,-24.041,2.5484],[151.4297,-24.0412,3.2019],[151.4287,-24.0392,0.7051],[151.4268,-24.0439,1.8642],[151.4284,-24.0476,2.743],[151.4366,-24.054,1.9656],[151.439,-24.0521,0.0],[151.4399,-24.0471,0.0],[151.4368,-24.0371,0.0],[151.4377,-24.0413,2.0551],[151.434,-24.0465,2.9506],[151.4336,-24.0447,2.5838],[151.4373,-24.0415,2.0551],[151.4361,-24.0381,3.7989]]],
[[[151.6473,-24.0359,0.0334],[151.6445,-24.0376,3.3674],[151.65,-24.0396,0.0],[151.652,-24.0426,2.1555],[151.6565,-24.0427,3.3212],[151.6563,-24.0401,3.2797],[151.6528,-24.0363,2.0639],[151.6473,-24.0359,0.0334]]],
[[[150.8792,-23.2434,0.0],[150.8751,-23.2403,1.4808],[150.8707,-23.2415,7.944],[150.8769,-23.2423,1.298],[150.8792,-23.2434,0.0]]],
[[[150.9711,-23.21,0.0],[150.97,-23.213,4.2602],[150.9654,-23.2143,1.9268],[150.9649,-23.215699999999998,0.0],[150.9721,-23.2176,35.0145],[150.9756,-23.216,0.0],[150.9734,-23.2091,1.7223],[150.9711,-23.21,0.0]]],
[[[150.9726,-23.1991,13.0579],[150.9715,-23.1965,2.5942],[150.9701,-23.1972,3.0231],[150.9722,-23.2016,0.0],[150.9726,-23.1991,13.0579]]],
[[[150.8047,-23.1721,11.8561],[150.804,-23.1728,11.8561],[150.805,-23.1733,0.0],[150.8056,-23.1723,0.0],[150.8047,-23.1721,11.8561]]],
[[[151.0733,-23.157,33.4598],[151.0699,-23.1585,0.0],[151.069,-23.1611,3.3601],[151.0781,-23.1637,2.0828],[151.0817,-23.1598,0.0],[151.0784,-23.1541,0.0],[151.0733,-23.157,33.4598]]],
[[[151.0847,-23.1544,5.9808],[151.0854,-23.1553,3.2731],[151.0867,-23.1546,3.2731],[151.0864,-23.1537,5.9808],[151.0847,-23.1544,5.9808]]],
[[[150.9177,-23.1632,5.6621],[150.9144,-23.1615,5.7799],[150.9195,-23.1686,9.1354],[150.9259,-23.1689,4.7246],[150.9208,-23.164,5.2202],[150.9177,-23.1632,5.6621]]],
[[[150.901,-23.098,14.7491],[150.8973,-23.098,4.2287],[150.8973,-23.0984,4.2287],[150.8995,-23.1004,5.2215],[150.901,-23.098,14.7491]]],
[[[150.9009,-23.0927,4.3551],[150.9003,-23.0946,2.013],[150.9017,-23.0947,0.0],[150.9039,-23.093,0.0],[150.9028,-23.0914,1.3978],[150.907,-23.0895,0.0],[150.9016,-23.0899,0.0],[150.8999,-23.0913,4.3551],[150.9009,-23.0927,4.3551]]],
[[[150.9543,-23.0627,0.0],[150.9525,-23.0634,8.4777],[150.9538,-23.0652,0.0],[150.9553,-23.0643,0.0],[150.9543,-23.0627,0.0]]],
[[[150.8886,-23.0503,0.8199],[150.8897,-23.0484,0.0],[150.8885,-23.0474,0.0],[150.8852,-23.0483,19.5276],[150.8855,-23.0502,8.8261],[150.8886,-23.0503,0.8199]]],
[[[150.8808,-23.0474,5.3897],[150.8812,-23.0464,0.0],[150.8789,-23.0463,5.3897],[150.8795,-23.0468,5.3897],[150.8808,-23.0474,5.3897]]],
[[[150.8773,-23.0376,0.0],[150.8786,-23.0374,0.0],[150.8783,-23.0357,0.0],[150.8772,-23.0359,0.0],[150.8773,-23.0376,0.0]]],
[[[150.9141,-23.087,0.0],[150.9122,-23.0826,10.1365],[150.9144,-23.0797,0.0],[150.9112,-23.0779,3.1901],[150.9023,-23.0647,12.7767],[150.8993,-23.063,24.8051],[150.8993,-23.0561,4.2513],[150.8957,-23.0537,1.9467],[150.8921,-23.0545,1.2429],[150.8918,-23.0611,17.663],[150.8934,-23.0657,21.7949],[150.891,-23.0655,1.0952],[150.8867,-23.0694,0.0],[150.8864,-23.0749,3.6289],[150.8846,-23.0774,0.0],[150.8879,-23.0798,9.1881],[150.8894,-23.0832,1.6061],[150.8936,-23.0834,0.0],[150.8936,-23.0811,1.1122],[150.9011,-23.0792,5.0348],[150.906,-23.0811,37.628],[150.9058,-23.0843,22.0004],[150.9088,-23.0874,12.4926],[150.9141,-23.087,0.0]]],
[[[150.9786,-23.159,5.1879],[150.9755,-23.1488,0.0],[150.9738,-23.1521,3.7905],[150.9673,-23.1536,8.2704],[150.9664,-23.156,13.1004],[150.9562,-23.1563,0.0],[150.9596,-23.158,8.3765],[150.9595,-23.1602,8.8174],[150.9573,-23.164,37.757],[150.9525,-23.1662,0.0],[150.956,-23.168,0.6768],[150.9511,-23.1712,0.0],[150.9447,-23.1718,7.5864],[150.9348,-23.1687,0.0],[150.9382,-23.1733,0.5962],[150.9318,-23.1787,0.8647],[150.9368,-23.1827,5.6703],[150.9343,-23.1862,0.0],[150.9353,-23.1905,5.7277],[150.941,-23.1945,20.1197],[150.9385,-23.198,0.0],[150.9434,-23.1972,0.0],[150.9435,-23.1939,3.7585],[150.9519,-23.1894,5.7195],[150.9551,-23.1885,8.9526],[150.9596,-23.1918,0.0],[150.9627,-23.191,17.5665],[150.9645,-23.1874,28.8068],[150.9776,-23.1833,0.0],[150.9811,-23.1843,31.6189],[150.9881,-23.1923,0.0],[150.9867,-23.1841,3.4287],[150.9895,-23.1812,39.6407],[150.9947,-23.1813,0.0],[150.9942,-23.1776,0.0],[150.9931,-23.1763,3.1991],[150.9901,-23.1775,0.0],[150.9785,-23.1747,14.0801],[150.9737,-23.1673,0.0],[150.9728,-23.162,6.5713],[150.9749,-23.1579,27.0446],[150.9786,-23.159,5.1879]]],
[[[150.9072,-23.1547,0.0],[150.9078,-23.1512,0.0],[150.9005,-23.151,3.5188],[150.9061,-23.1547,0.0],[150.9072,-23.1547,0.0]]],
[[[150.998,-22.7307,0.7629],[150.9925,-22.7264,0.0],[150.994,-22.7315,8.8524],[150.9979,-22.7349,0.0],[150.998,-22.7307,0.7629]]],
[[[150.8482,-22.6843,0.0],[150.8446,-22.6835,27.6404],[150.8405,-22.686,0.0],[150.8422,-22.6869,5.8612],[150.8482,-22.6843,0.0]]],
[[[150.9629,-22.6548,21.235],[150.9599,-22.6555,58.3154],[150.9586,-22.658,0.0],[150.9614,-22.6571,0.0],[150.9629,-22.6548,21.235]]],
[[[150.0137,-22.6256,5.8181],[150.0126,-22.6232,5.7966],[150.0137,-22.6288,5.7099],[150.0145,-22.6279,5.6864],[150.0137,-22.6256,5.8181]]],
[[[150.7101,-22.6261,0.0],[150.7111,-22.6265,0.0],[150.7118,-22.6258,0.4845],[150.7107,-22.6248,0.4845],[150.7101,-22.6261,0.0]]],
[[[150.0148,-22.6255,5.7744],[150.016,-22.6288,5.1199],[150.0181,-22.6271,4.3819],[150.0193,-22.6227,0.0],[150.019,-22.6209,0.0],[150.0141,-22.6176,0.0],[150.0127,-22.6194,2.7656],[150.0152,-22.6219,5.8661],[150.0148,-22.6255,5.7744]]],
[[[150.0121,-22.6145,0.0],[150.0091,-22.6145,0.0],[150.0103,-22.6172,2.5531],[150.0118,-22.6161,0.0],[150.0121,-22.6145,0.0]]],
[[[150.6826,-22.5712,0.6401],[150.6805,-22.5696,2.3865],[150.6788,-22.5659,0.0],[150.6798,-22.5703,2.3865],[150.6826,-22.5712,0.6401]]],
[[[150.7368,-22.61,2.0928],[150.7347,-22.6072,0.0],[150.7376,-22.6171,0.0],[150.7386,-22.6126,0.7043],[150.7368,-22.61,2.0928]]],
[[[150.7374,-22.6095,0.0],[150.7374,-22.6078,0.0],[150.7361,-22.6066,2.2097],[150.7359,-22.6073,2.2097],[150.7374,-22.6095,0.0]]],
[[[150.6787,-22.5635,3.2503],[150.6792,-22.5642,3.2503],[150.6806,-22.5622,2.1279],[150.6794,-22.5624,2.1279],[150.6787,-22.5635,3.2503]]],
[[[150.7969,-22.5645,31.416],[150.7997,-22.5645,0.0],[150.7982,-22.5615,9.368],[150.7964,-22.5633,0.0],[150.7969,-22.5645,31.416]]],
[[[150.69,-22.5564,2.799],[150.6883,-22.5583,3.7501],[150.6886,-22.5589,3.7501],[150.6907,-22.5574,2.799],[150.69,-22.5564,2.799]]],
[[[150.5004,-22.5464,2.3583],[150.497,-22.5405,1.9557],[150.4943,-22.5491,4.4782],[150.4981,-22.5545,4.484],[150.5003,-22.5503,2.7014],[150.5004,-22.5464,2.3583]]],
[[[150.4503,-22.5209,0.7148],[150.449,-22.522,1.0186],[150.4493,-22.5226,1.0186],[150.4506,-22.5214,1.0186],[150.4503,-22.5209,0.7148]]],
[[[150.452,-22.5212,0.4278],[150.4523,-22.5209,0.4278],[150.4522,-22.5205,0.4278],[150.4517,-22.5205,0.4278],[150.452,-22.5212,0.4278]]],
[[[150.4465,-22.519,1.6247],[150.4475,-22.521,2.4515],[150.448,-22.5214,1.5026],[150.4482,-22.5192,2.3217],[150.4465,-22.519,1.6247]]],
[[[150.4464,-22.5211,2.4902],[150.446,-22.5195,1.6247],[150.4448,-22.5181,1.6247],[150.4448,-22.5185,1.6247],[150.4464,-22.5211,2.4902]]],
[[[150.7706,-22.518,0.0],[150.7718,-22.5179,5.9298],[150.7721,-22.5177,0.0],[150.7706,-22.517,5.9298],[150.7706,-22.518,0.0]]],
[[[150.4456,-22.5169,1.2681],[150.4493,-22.517,0.0],[150.4433,-22.5129,0.0],[150.4436,-22.5153,1.4866],[150.4456,-22.5169,1.2681]]],
[[[150.4381,-22.5119,1.5396],[150.4387,-22.5104,0.3268],[150.4373,-22.5085,0.4333],[150.437,-22.5117,1.5396],[150.4381,-22.5119,1.5396]]],
[[[150.4062,-22.4929,1.2373],[150.4041,-22.4942,3.4354],[150.4042,-22.4946,1.5805],[150.4065,-22.4936,0.5025],[150.4062,-22.4929,1.2373]]],
[[[150.7754,-22.4819,3.968],[150.7757,-22.4806,16.124],[150.7727,-22.4771,3.9582],[150.7741,-22.481,16.124],[150.7754,-22.4819,3.968]]],
[[[149.8984,-22.4625,0.0],[149.8992,-22.4701,0.0],[149.9052,-22.4769,0.0],[149.9092,-22.4773,0.0],[149.9085,-22.4695,0.0],[149.8984,-22.4625,0.0]]],
[[[149.9675,-22.4749,8.0668],[149.9647,-22.4738,5.9456],[149.9649,-22.4806,0.0],[149.9728,-22.4921,0.0],[149.9745,-22.4907,0.0],[149.9736,-22.4859,1.7674],[149.9675,-22.4749,8.0668]]],
[[[150.7565,-22.4786,11.8344],[150.7582,-22.4783,1.6102],[150.7561,-22.4762,0.8279],[150.7558,-22.4777,26.7168],[150.7565,-22.4786,11.8344]]],
[[[150.7523,-22.4536,6.5941],[150.7516,-22.4539,6.5941],[150.7518,-22.4545,6.5941],[150.7527,-22.4543,6.5941],[150.7523,-22.4536,6.5941]]],
[[[150.7625,-22.4476,1.59],[150.7633,-22.4487,0.0],[150.7645,-22.4486,1.4763],[150.7634,-22.4476,1.59],[150.7625,-22.4476,1.59]]],
[[[150.7345,-22.4404,3.1086],[150.7364,-22.4377,32.0674],[150.7358,-22.4357,4.9112],[150.7337,-22.4395,9.6271],[150.7345,-22.4404,3.1086]]],
[[[150.7613,-22.4697,0.0],[150.7623,-22.4682,16.3935],[150.7596,-22.468,17.682],[150.7596,-22.4684,17.682],[150.7613,-22.4697,0.0]]],
[[[150.731,-22.4308,0.0],[150.7299,-22.4303,20.5204],[150.7276,-22.4326,0.0],[150.7291,-22.4329,6.1508],[150.731,-22.4308,0.0]]],
[[[150.5363,-22.4297,0.9363],[150.5374,-22.4312,1.425],[150.5381,-22.4308,1.425],[150.5376,-22.4288,0.7129],[150.5363,-22.4297,0.9363]]],
[[[150.7468,-22.4095,27.1884],[150.744,-22.4097,0.0],[150.748,-22.4142,9.8937],[150.7489,-22.4117,51.0859],[150.7468,-22.4095,27.1884]]],
[[[149.7583,-22.4015,0.0],[149.7567,-22.4003,0.0],[149.7546,-22.4023,0.0],[149.7541,-22.4125,0.0],[149.7578,-22.4129,0.0],[149.7633,-22.4066,0.0],[149.7583,-22.4015,0.0]]],
[[[150.7423,-22.4065,0.0],[150.7433,-22.4052,1.0197],[150.7404,-22.4037,13.5477],[150.74,-22.4044,13.5477],[150.7423,-22.4065,0.0]]],
[[[150.3241,-22.4273,1.5085],[150.3241,-22.4276,1.5085],[150.3255,-22.4281,0.4225],[150.325,-22.4273,1.5085],[150.3241,-22.4273,1.5085]]],
[[[150.7305,-22.4263,0.0],[150.7311,-22.4272,0.0],[150.7321,-22.4265,0.0],[150.7319,-22.4259,0.0],[150.7305,-22.4263,0.0]]],
[[[150.5355,-22.4246,0.6163],[150.5355,-22.4225,0.0],[150.5337,-22.4224,1.4853],[150.5354,-22.4268,2.2051],[150.5379,-22.4273,0.2797],[150.5358,-22.4254,0.6163],[150.5355,-22.4246,0.6163]]],
[[[149.7666,-22.3908,0.0],[149.7576,-22.3918,3.8894],[149.756,-22.3969,4.7127],[149.7594,-22.3989,0.0],[149.7626,-22.3977,0.0],[149.7669,-22.3935,0.0],[149.7666,-22.3908,0.0]]],
[[[150.5325,-22.3831,1.8662],[150.5318,-22.3831,1.8662],[150.5316,-22.3838,1.8662],[150.5327,-22.3838,1.8662],[150.5325,-22.3831,1.8662]]],
[[[150.5065,-22.3808,0.5175],[150.5095,-22.3823,1.0719],[150.5168,-22.3824,0.5962],[150.5145,-22.3773,1.435],[150.5113,-22.3805,10.2671],[150.5065,-22.3808,0.5175]]],
[[[150.5285,-22.376,1.5251999999999999],[150.5288,-22.3757,1.5251999999999999],[150.5282,-22.3752,1.5251999999999999],[150.528,-22.3756,1.5251999999999999],[150.5285,-22.376,1.5251999999999999]]],
[[[150.5275,-22.3748,1.5251999999999999],[150.5285,-22.3736,3.0992],[150.5253,-22.3728,5.6273],[150.5246,-22.37,4.4676],[150.5219,-22.3697,7.7152],[150.5209,-22.3665,0.6339],[150.5174,-22.3667,0.6047],[150.518,-22.3686,0.0],[150.5154,-22.3721,1.5054],[150.5168,-22.3753,0.7013],[150.5193,-22.3728,6.7057],[150.5229,-22.373,0.3652],[150.5263,-22.3767,0.0],[150.5275,-22.3748,1.5251999999999999]]],
[[[150.7176,-22.3402,2.8155],[150.7192,-22.3397,11.6009],[150.7192,-22.3382,25.2463],[150.7175,-22.3391,5.8619],[150.7176,-22.3402,2.8155]]],
[[[150.7146,-22.3382,11.9611],[150.7144,-22.3385,11.9611],[150.7149,-22.3391,11.9611],[150.715,-22.3383,11.9611],[150.7146,-22.3382,11.9611]]],
[[[150.628,-22.327,0.0],[150.6275,-22.3269,1.3374],[150.6271,-22.3277,1.3374],[150.6276,-22.3279,1.3374],[150.628,-22.327,0.0]]],
[[[150.6606,-22.3395,3.6807],[150.6626,-22.3347,73.86],[150.6609,-22.3319,4.9072],[150.6595,-22.3321,5.5155],[150.6596,-22.3299,12.0015],[150.6574,-22.3296,11.7835],[150.6562,-22.3321,0.0],[150.6606,-22.3395,3.6807]]],
[[[150.5391,-22.2664,0.2395],[150.5393,-22.2668,0.2395],[150.5422,-22.2663,4.3142],[150.5392,-22.2653,0.0],[150.5391,-22.2664,0.2395]]],
[[[150.2299,-22.2874,3.5275],[150.2303,-22.2865,3.5275],[150.2284,-22.2848,0.0],[150.2285,-22.2869,0.0],[150.2299,-22.2874,3.5275]]],
[[[149.8923,-22.2653,3.6062],[149.8919,-22.2636,1.8372],[149.8893,-22.2637,2.1875],[149.8865,-22.2658,0.0],[149.8893,-22.2685,3.7854],[149.8923,-22.2653,3.6062]]],
[[[150.26,-22.3412,0.0],[150.2589,-22.3406,0.5133],[150.2584,-22.3413,0.1558],[150.2594,-22.3417,0.1558],[150.26,-22.3412,0.0]]],
[[[150.3132,-22.3286,2.0157],[150.3143,-22.3283,2.0157],[150.3129,-22.3269,1.0987],[150.3124,-22.3273,1.0987],[150.3132,-22.3286,2.0157]]],
[[[150.4644,-22.3366,7.5259],[150.4648,-22.3342,1.2776],[150.4629,-22.3399,0.0],[150.465,-22.3389,14.5478],[150.4644,-22.3366,7.5259]]],
[[[150.2051,-22.3225,9.0577],[150.2076,-22.3191,18.062],[150.2025,-22.317,6.6793],[150.202,-22.323,1.3751],[150.2043,-22.324,3.0151],[150.2051,-22.3225,9.0577]]],
[[[150.4469,-22.3181,5.6574],[150.4469,-22.3204,5.4323],[150.45,-22.3207,4.5307],[150.4502,-22.3146,1.5531],[150.443,-22.3118,11.3522],[150.4425,-22.3136,0.0],[150.4469,-22.3181,5.6574]]],
[[[150.3022,-22.3074,0.0],[150.3017,-22.3078,0.0],[150.3028,-22.3085,0.0],[150.3032,-22.308,0.0],[150.3022,-22.3074,0.0]]],
[[[150.2283,-22.3087,0.0],[150.2299,-22.3081,0.0],[150.2291,-22.3059,0.0],[150.228,-22.3062,0.0],[150.2283,-22.3087,0.0]]],
[[[149.9187,-22.3045,0.8307],[149.9163,-22.3028,0.0],[149.9137,-22.3054,0.0],[149.9161,-22.3088,3.0721],[149.9191,-22.3081,1.6922],[149.9187,-22.3045,0.8307]]],
[[[149.9155,-22.3123,0.7504],[149.9185,-22.3112,2.7691],[149.9188,-22.3102,2.7691],[149.9168,-22.3103,0.8225],[149.9155,-22.3123,0.7504]]],
[[[150.2401,-22.3098,0.0],[150.2396,-22.3091,2.4475],[150.2392,-22.3095,2.4475],[150.2397,-22.3099,0.0],[150.2401,-22.3098,0.0]]],
[[[150.4496,-22.3061,3.6374],[150.4538,-22.3083,2.9367],[150.4557,-22.3112,10.5908],[150.454,-22.3074,2.3386],[150.4496,-22.3061,3.6374]]],
[[[150.4498,-22.3236,1.9394],[150.4497,-22.3233,1.9394],[150.4489,-22.3236,1.9394],[150.4491,-22.3238,1.9394],[150.4498,-22.3236,1.9394]]],
[[[150.3615,-22.1941,1.0399],[150.3588,-22.1932,1.1708],[150.3583,-22.1936,1.1708],[150.3612,-22.195,3.838],[150.3615,-22.1941,1.0399]]],
[[[150.359,-22.1903,2.909],[150.36,-22.1898,2.909],[150.3586,-22.1869,0.6229],[150.3583,-22.1882,4.7301],[150.359,-22.1903,2.909]]],
[[[150.0941,-22.1862,0.2085],[150.0934,-22.1862,0.2085],[150.0933,-22.1864,0.1387],[150.0941,-22.1867,0.1387],[150.0941,-22.1862,0.2085]]],
[[[149.5954,-22.1434,0.4475],[149.5966,-22.1423,5.8487],[149.5944,-22.1417,0.2064],[149.594,-22.1424,0.2064],[149.5954,-22.1434,0.4475]]],
[[[149.9318,-22.1569,1.8462],[149.9311,-22.1559,0.0],[149.9295,-22.1572,0.0],[149.9305,-22.1638,12.9813],[149.9344,-22.1667,2.4161],[149.9358,-22.1649,10.8432],[149.9355,-22.1617,4.1111],[149.9318,-22.1569,1.8462]]],
[[[149.8492,-22.1492,10.2035],[149.8508,-22.1486,7.7984],[149.8528,-22.1462,0.427],[149.8495,-22.1465,0.0],[149.8492,-22.1492,10.2035]]],
[[[149.8655,-22.1457,1.8958],[149.8625,-22.1453,3.3356],[149.867,-22.148,1.0632],[149.8696,-22.1476,4.8823],[149.8692,-22.1438,2.3119],[149.8655,-22.1457,1.8958]]],
[[[149.9254,-22.1752,0.706],[149.9223,-22.1881,6.4401],[149.9187,-22.1959,2.3542],[149.9205,-22.201,5.0643],[149.9303,-22.1907,0.0],[149.9317,-22.1873,0.0],[149.9299,-22.1791,3.5772],[149.9266,-22.1748,0.0],[149.9254,-22.1752,0.706]]],
[[[150.0901,-22.1774,2.7659],[150.0895,-22.1771,2.7659],[150.0893,-22.1775,2.7659],[150.0899,-22.1779,2.7659],[150.0901,-22.1774,2.7659]]],
[[[149.8757,-22.2313,0.8449],[149.8712,-22.2292,0.0],[149.8688,-22.2298,0.0],[149.8743,-22.2319,2.434],[149.8757,-22.2313,0.8449]]],
[[[149.8729,-22.2079,4.5971],[149.8759,-22.2079,5.9226],[149.8773,-22.2041,0.0],[149.8709,-22.2042,1.0126],[149.8729,-22.2079,4.5971]]],
[[[149.9341,-22.2053,8.4899],[149.9334,-22.2008,0.0],[149.9315,-22.2043,3.4821],[149.9327,-22.2058,8.4899],[149.9341,-22.2053,8.4899]]],
[[[150.455,-22.235,2.5391],[150.4544,-22.2338,4.9249],[150.4571,-22.2313,0.0764],[150.4642,-22.2294,8.5732],[150.464,-22.2252,6.96],[150.46,-22.2245,2.0409],[150.4559,-22.2275,2.0482],[150.4407,-22.2315,15.547],[150.4392,-22.2413,4.7198],[150.4308,-22.2486,10.6619],[150.4306,-22.2521,9.044],[150.4384,-22.2577,1.6332],[150.4396,-22.255,3.8453],[150.4428,-22.2537,3.2739],[150.4402,-22.2563,3.5506],[150.4401,-22.2587,0.2368],[150.4368,-22.2607,1.438],[150.4373,-22.2629,1.7428],[150.4333,-22.2637,2.5874],[150.4348,-22.2655,5.5199],[150.4343,-22.2677,0.4933],[150.4292,-22.269,3.05],[150.4268,-22.2727,3.5828],[150.4155,-22.2796,2.4094],[150.4173,-22.2868,2.5161],[150.4231,-22.2903,7.8297],[150.4202,-22.2962,2.0344],[150.4217,-22.2994,0.0],[150.4227,-22.295,0.231],[150.4269,-22.2931,0.8211],[150.4273,-22.2897,12.6342],[150.4299,-22.2884,8.4384],[150.4258,-22.2825,8.1065],[150.4263,-22.2773,1.5692],[150.4306,-22.2725,1.1044],[150.4381,-22.2681,5.5703],[150.441,-22.268,5.6112],[150.444,-22.2741,7.7688],[150.4461,-22.2662,15.1212],[150.4507,-22.265,2.0957],[150.4567,-22.2597,10.9289],[150.4634,-22.2592,1.575],[150.4624,-22.2568,3.5906],[150.4637,-22.2535,4.6102],[150.4547,-22.2473,4.3169],[150.4654,-22.2484,0.0],[150.4607,-22.2426,5.4353],[150.4628,-22.2398,4.5216],[150.455,-22.235,2.5391]]],
[[[149.8947,-22.2593,4.7714],[149.8936,-22.2541,0.7921],[149.8869,-22.2556,2.0575],[149.8796,-22.254,0.0],[149.8776,-22.255,0.0],[149.8847,-22.2632,1.666],[149.8942,-22.2621,4.4146],[149.8947,-22.2593,4.7714]]],
[[[149.9287,-22.26,4.3886],[149.9304,-22.2592,2.0438],[149.9299,-22.2562,0.0],[149.9287,-22.2567,1.3469],[149.9287,-22.26,4.3886]]],
[[[150.426,-22.2486,0.0],[150.4248,-22.2489,0.0],[150.4245,-22.2493,0.0],[150.427,-22.249,0.0],[150.426,-22.2486,0.0]]],
[[[149.8892,-22.2388,4.7929],[149.8916,-22.2435,2.1132],[149.8945,-22.2442,5.5091],[149.8991,-22.2402,3.3519],[149.9007,-22.236,1.8001],[149.8894,-22.2364,2.7977],[149.8892,-22.2388,4.7929]]],
[[[150.2886,-22.2359,1.0945],[150.2884,-22.2365,0.6947],[150.289,-22.2365,0.6947],[150.2892,-22.2363,0.6947],[150.2886,-22.2359,1.0945]]],
[[[150.4732,-22.2055,0.7124],[150.4725,-22.2061,0.7124],[150.473,-22.2066,2.3874],[150.4736,-22.2059,0.3059],[150.4732,-22.2055,0.7124]]],
[[[150.4377,-22.2058,0.4707],[150.4397,-22.2065,3.3125],[150.4403,-22.2062,19.5288],[150.4397,-22.2051,19.5288],[150.4377,-22.2058,0.4707]]],
[[[149.8767,-22.2353,0.0],[149.8745,-22.2381,0.0],[149.8744,-22.2451,0.0],[149.877,-22.2514,0.5129],[149.8865,-22.2538,5.032],[149.8925,-22.2523,4.9189],[149.8927,-22.248,4.2003],[149.8863,-22.2373,2.1229],[149.8806,-22.2343,0.0],[149.8767,-22.2353,0.0]]],
[[[149.9098,-22.2288,1.2522],[149.9048,-22.2347,0.0],[149.8962,-22.2506,5.1491],[149.8986,-22.2603,3.2226],[149.901,-22.2586,4.3334],[149.9078,-22.2579,8.9588],[149.9129,-22.2504,4.9335],[149.9155,-22.2338,1.218],[149.9129,-22.2273,0.4942],[149.9098,-22.2288,1.2522]]],
[[[150.3058,-22.2468,1.0502],[150.3197,-22.2449,0.7547],[150.3233,-22.2357,2.4043],[150.3142,-22.2331,2.3462],[150.3096,-22.2366,8.3375],[150.2969,-22.2392,1.7791],[150.2984,-22.2452,0.0],[150.302,-22.247,1.2172],[150.3036,-22.2497,0.0],[150.3058,-22.2468,1.0502]]],
[[[149.9397,-22.2235,5.0446],[149.9406,-22.2128,0.0],[149.9367,-22.2175,0.0],[149.9378,-22.2236,0.606],[149.9397,-22.2235,5.0446]]],
[[[150.371,-22.215699999999998,0.0],[150.3702,-22.2151,0.4057],[150.3698,-22.2155,0.4057],[150.3709,-22.2164,0.0767],[150.371,-22.215699999999998,0.0]]],
[[[150.3723,-22.2059,2.8389],[150.3732,-22.2073,1.8248],[150.3742,-22.2072,1.8248],[150.373,-22.2049,0.6759],[150.3723,-22.2059,2.8389]]],
[[[150.3336,-22.227,0.0069],[150.3346,-22.227,0.0069],[150.3335,-22.2258,0.1147],[150.3333,-22.2264,0.82],[150.3336,-22.227,0.0069]]],
[[[150.3349,-22.2298,0.2241],[150.3344,-22.2303,0.2241],[150.3351,-22.2307,0.2241],[150.3349,-22.2298,0.2241]]],
[[[149.9409,-22.2298,1.5305],[149.9421,-22.2282,3.9715],[149.9412,-22.2254,2.0006],[149.9394,-22.2272,1.3394],[149.9409,-22.2298,1.5305]]],
[[[150.2682,-22.2249,5.3739],[150.2609,-22.2273,0.0],[150.2693,-22.2314,0.6967],[150.2752,-22.2295,2.9741],[150.272,-22.2262,1.3187],[150.2682,-22.2249,5.3739]]],
[[[150.3323,-22.2258,0.1147],[150.3308,-22.2271,0.2887],[150.3311,-22.2281,0.226],[150.3322,-22.2281,0.2185],[150.3323,-22.2258,0.1147]]],
[[[150.2724,-22.3523,9.5238],[150.2776,-22.3496,0.3809],[150.2804,-22.3521,2.815],[150.2827,-22.3518,2.1218],[150.2785,-22.3471,10.1378],[150.2732,-22.3472,0.0],[150.2737,-22.3494,0.0],[150.2704,-22.3513,6.8641],[150.2697,-22.3546,3.9889],[150.2664,-22.358,8.7696],[150.2614,-22.358,0.0],[150.2603,-22.3599,6.8496],[150.2537,-22.3619,0.0],[150.251,-22.3646,0.0],[150.2594,-22.3636,2.2529],[150.2619,-22.3711,1.2809],[150.2647,-22.3698,0.0],[150.2724,-22.3523,9.5238]]],
[[[150.6675,-22.3453,0.0],[150.6674,-22.3449,0.0],[150.6668,-22.3452,0.0],[150.667,-22.3455,0.0],[150.6675,-22.3453,0.0]]],
[[[150.659,-22.3423,0.0],[150.6587,-22.3423,0.0],[150.6588,-22.3432,0.0],[150.6594,-22.343,0.0],[150.659,-22.3423,0.0]]],
[[[150.5123,-22.2205,13.1938],[150.508,-22.219,12.5846],[150.506,-22.2152,18.5352],[150.503,-22.2146,25.5202],[150.5004,-22.2118,0.0],[150.4949,-22.2118,1.6465],[150.4913,-22.2099,57.3838],[150.4894,-22.2067,24.5043],[150.4802,-22.2059,0.7551],[150.4758,-22.2121,19.8076],[150.475,-22.2172,0.0],[150.4702,-22.2216,4.5878],[150.4756,-22.2276,4.5226],[150.4755,-22.2327,0.2459],[150.4831,-22.2324,5.7735],[150.4848,-22.2297,0.209],[150.4901,-22.2275,3.0216],[150.4899,-22.2329,0.0],[150.4947,-22.234,2.56],[150.4977,-22.2395,2.5651],[150.4972,-22.2412,2.5838],[150.4916,-22.237,1.5574],[150.4914,-22.2438,3.0426],[150.4891,-22.2412,0.0],[150.4862,-22.2433,5.0188],[150.4894,-22.2506,0.6006],[150.4938,-22.2532,3.7688],[150.4923,-22.2555,5.3382],[150.4854,-22.2506,2.0191],[150.4837,-22.2526,3.4599],[150.4815,-22.2504,0.4947],[150.4783,-22.2554,0.8929],[150.4864,-22.2562,2.8119],[150.4933,-22.265,2.2812],[150.4925,-22.2664,1.6889],[150.4952,-22.2676,1.6852],[150.4974,-22.2665,0.6975],[150.5005,-22.2696,3.6652],[150.4986,-22.27,3.2174],[150.4969,-22.2678,0.6975],[150.4941,-22.2696,9.7456],[150.4919,-22.2677,0.6567],[150.4898,-22.2683,4.5411],[150.4877,-22.2635,1.6685],[150.4863,-22.2654,2.9956],[150.4848,-22.2624,0.7074],[150.4805,-22.2654,1.9548],[150.4815,-22.2608,4.2292],[150.4797,-22.2606,4.2292],[150.4791,-22.2642,1.173],[150.4755,-22.2611,0.0],[150.4715,-22.2642,1.4766],[150.4741,-22.2655,2.0284],[150.4755,-22.2677,1.2531],[150.4746,-22.2688,1.9444],[150.4725,-22.2668,0.8177],[150.4694,-22.2669,0.3906],[150.4704,-22.2719,0.6682],[150.4735,-22.274,1.7326],[150.4722,-22.2767,1.4001999999999999],[150.4748,-22.2783,0.0],[150.4828,-22.2787,2.1955],[150.4706,-22.2813,2.1189],[150.4698,-22.2833,1.535],[150.4721,-22.2859,1.2482],[150.467,-22.287,2.6952],[150.466,-22.2899,3.3558],[150.4626,-22.2925,0.5792],[150.4623,-22.2949,5.7985],[150.4592,-22.2966,5.2305],[150.464,-22.3012,12.545],[150.4662,-22.2969,0.0],[150.4696,-22.2946,0.0],[150.4726,-22.2949,0.0],[150.4741,-22.2973,1.519],[150.4762,-22.2971,3.5224],[150.476,-22.2993,4.0142],[150.4786,-22.3024,5.9527],[150.4826,-22.3039,1.2306],[150.486,-22.311,1.1739],[150.4878,-22.3095,5.1877],[150.4918,-22.3097,0.356],[150.4938,-22.3056,1.5146],[150.5,-22.3031,1.3456],[150.4957,-22.3071,0.5823],[150.4997,-22.3088,1.5718],[150.4951,-22.3102,1.8281],[150.4922,-22.3142,1.99],[150.4886,-22.3145,0.0],[150.4886,-22.3174,1.3587],[150.4831,-22.3154,0.9945],[150.4805,-22.3163,0.2507],[150.4805,-22.3192,1.378],[150.4785,-22.3206,4.4414],[150.4838,-22.3239,0.0],[150.4884,-22.3226,2.6658],[150.49,-22.3251,1.4686],[150.4875,-22.3248,1.4164],[150.4862,-22.3273,2.3204],[150.4816,-22.3281,0.3292],[150.4779,-22.3327,1.7256],[150.4812,-22.3333,0.6217],[150.4809,-22.3347,2.7869],[150.4757,-22.3352,3.5981],[150.4758,-22.3382,4.2332],[150.4804,-22.3414,1.1572],[150.4826,-22.3489,0.0],[150.4856,-22.35,0.0],[150.4866,-22.3481,0.0],[150.4899,-22.348,1.1475],[150.4882,-22.3431,3.8891],[150.4901,-22.3413,0.0],[150.4972,-22.3421,6.1985],[150.4995,-22.3439,2.7611],[150.4981,-22.3402,20.0556],[150.5004,-22.3367,0.3846],[150.5036,-22.3366,2.1159],[150.5048,-22.3343,13.1159],[150.5093,-22.3331,0.4229],[150.5088,-22.336,1.1464],[150.5106,-22.3401,1.5876999999999999],[150.5118,-22.3383,2.8873],[150.5157,-22.3374,4.9602],[150.516,-22.3347,1.3834],[150.523,-22.3335,0.22],[150.5166,-22.3275,3.634],[150.5165,-22.3258,3.6891],[150.5244,-22.3227,12.8519],[150.5291,-22.3244,0.0],[150.5257,-22.3177,3.3003],[150.5275,-22.3166,0.7243],[150.5301,-22.3167,3.2578],[150.5355,-22.3219,0.0],[150.5425,-22.3211,21.8036],[150.5445,-22.3174,15.2294],[150.5408,-22.3155,3.8204],[150.5406,-22.3139,4.6332],[150.5433,-22.3099,5.3064],[150.5461,-22.3091,0.5771],[150.5432,-22.3059,16.1132],[150.5426,-22.3022,6.6025],[150.5443,-22.2995,13.4573],[150.547,-22.2972,5.2721],[150.5545,-22.3051,0.1608],[150.5563,-22.3003,1.064],[150.5608,-22.295,12.2801],[150.5534,-22.2902,11.2949],[150.5547,-22.2875,1.0576],[150.5513,-22.2814,17.1088],[150.5526,-22.2799,6.3799],[150.5349,-22.2754,43.8325],[150.5334,-22.2724,4.3092],[150.5354,-22.2689,0.0],[150.5351,-22.2655,15.0673],[150.5333,-22.2636,7.5243],[150.5294,-22.2637,9.0476],[150.5292,-22.2608,0.0],[150.5269,-22.2607,24.7679],[150.5246,-22.2577,19.9958],[150.5262,-22.2524,24.7014],[150.5298,-22.2534,1.1661],[150.5277,-22.2498,16.5935],[150.5303,-22.2479,9.9811],[150.5292,-22.2447,0.0],[150.5234,-22.2426,0.0],[150.5207,-22.2363,11.7892],[150.5212,-22.2281,3.0376],[150.5189,-22.2242,0.0],[150.5123,-22.2205,13.1938]]],
[[[149.5726,-22.1241,0.0],[149.5735,-22.1256,1.9969],[149.5782,-22.1268,0.2624],[149.5849,-22.1375,6.1556],[149.5885,-22.1392,12.8301],[149.5782,-22.1197,7.1941],[149.5726,-22.1241,0.0]]],
[[[150.0981,-22.0462,0.0],[150.0976,-22.0454,0.0],[150.0973,-22.0457,0.0],[150.0976,-22.0465,0.0],[150.0981,-22.0462,0.0]]],
[[[150.4522,-22.0349,13.0952],[150.4521,-22.0327,0.0],[150.4503,-22.0317,0.0],[150.4483,-22.0353,0.0],[150.4488,-22.0395,0.0],[150.4511,-22.039,71.4499],[150.4522,-22.0349,13.0952]]],
[[[149.8443,-22.0326,0.0],[149.8403,-22.0338,1.03],[149.8401,-22.0342,1.03],[149.8436,-22.0345,0.4374],[149.8443,-22.0326,0.0]]],
[[[149.974,-22.0366,26.2545],[149.975,-22.0348,15.3638],[149.9738,-22.0339,0.0],[149.9692,-22.0366,0.0],[149.9715,-22.0378,29.1617],[149.974,-22.0366,26.2545]]],
[[[150.0974,-22.0314,1.2114],[150.098,-22.032,1.2114],[150.0985,-22.0313,1.2114],[150.0978,-22.0309,3.9631],[150.0974,-22.0314,1.2114]]],
[[[150.1011,-22.0278,1.8826],[150.1005,-22.0277,0.0],[150.1003,-22.0281,0.0],[150.101,-22.0285,0.0],[150.1011,-22.0278,1.8826]]],
[[[150.6493,-22.0284,1.4302],[150.6495,-22.0274,13.6726],[150.6481,-22.0265,0.0],[150.6483,-22.028199999999998,0.0],[150.6493,-22.0284,1.4302]]],
[[[149.8239,-22.0148,3.0193],[149.8239,-22.0162,3.0193],[149.8255,-22.0168,0.0],[149.8256,-22.0149,0.0],[149.8239,-22.0148,3.0193]]],
[[[150.3796,-22.0066,0.6087],[150.3784,-22.0056,0.0],[150.3748,-22.0088,7.7104],[150.379,-22.0082,0.0],[150.3796,-22.0066,0.6087]]],
[[[150.3824,-22.0097,0.0],[150.3847,-22.0155,0.0],[150.388,-22.0156,0.6025],[150.3858,-22.0109,12.4988],[150.3824,-22.0097,0.0]]],
[[[150.1632,-22.0107,4.1662],[150.1632,-22.0126,13.3115],[150.1639,-22.0129,13.3115],[150.1643,-22.0114,13.3115],[150.1632,-22.0107,4.1662]]],
[[[150.6418,-22.0083,0.0],[150.646,-22.0101,0.0],[150.6478,-22.0092,10.879],[150.6457,-22.0076,18.7561],[150.6456,-22.0016,8.6945],[150.6421,-22.0054,0.0],[150.6418,-22.0083,0.0]]],
[[[150.3793,-22.0031,0.6073],[150.3824,-22.0043,5.0087],[150.3844,-22.0031,18.3246],[150.3809,-21.9993,3.2703],[150.3758,-21.9986,8.1238],[150.3757,-21.9996,0.0],[150.3793,-22.0031,0.6073]]],
[[[149.8927,-21.9965,0.0],[149.8943,-21.9964,4.7428],[149.8944,-21.9954,0.0],[149.8934,-21.9951,0.0],[149.8927,-21.9965,0.0]]],
[[[150.1419,-21.9929,0.0],[150.1424,-21.9938,9.0279],[150.1434,-21.9937,9.0279],[150.1428,-21.9925,0.0],[150.1419,-21.9929,0.0]]],
[[[149.8284,-22.0251,6.0187],[149.8308,-22.0257,5.5537],[149.8318,-22.0248,0.7735],[149.8283,-22.0237,1.0955],[149.8284,-22.0251,6.0187]]],
[[[150.2952,-22.0262,44.07],[150.3028,-22.0256,2.5254],[150.303,-22.0241,0.8153],[150.2957,-22.0217,10.6185],[150.2896,-22.0241,0.0],[150.2923,-22.0272,5.8237],[150.2952,-22.0262,44.07]]],
[[[150.3706,-22.0248,0.0],[150.3739,-22.0234,16.0305],[150.3739,-22.0208,18.2205],[150.3696,-22.0171,43.0657],[150.3677,-22.0123,21.9272],[150.3663,-22.0112,0.0],[150.3644,-22.0144,1.0007],[150.36,-22.013,0.0],[150.3617,-22.0176,16.2283],[150.3706,-22.0248,0.0]]],
[[[150.7017,-21.9522,0.0],[150.7027,-21.9528,0.0],[150.7024,-21.9507,0.0],[150.7008,-21.9513,0.0],[150.7017,-21.9522,0.0]]],
[[[150.1337,-21.9568,5.7125],[150.1343,-21.9539,0.0],[150.1334,-21.9536,0.0],[150.1324,-21.9545,0.0],[150.1337,-21.9568,5.7125]]],
[[[149.658,-21.9541,0.0],[149.6587,-21.9548,0.0],[149.6592,-21.9538,0.0],[149.6586,-21.9534,0.0],[149.658,-21.9541,0.0]]],
[[[150.6917,-21.9377,0.0],[150.6912,-21.938,0.0],[150.6911,-21.9394,0.0],[150.6918,-21.939,0.0],[150.6917,-21.9377,0.0]]],
[[[150.0992,-21.9399,0.0],[150.0995,-21.9392,0.0],[150.0986,-21.9393,0.0],[150.0986,-21.9397,0.0],[150.0992,-21.9399,0.0]]],
[[[150.6924,-21.941,0.0],[150.6911,-21.9406,0.0],[150.6908,-21.9418,0.0],[150.6917,-21.9421,0.0],[150.6924,-21.941,0.0]]],
[[[150.1254,-21.9371,4.5276],[150.1252,-21.9391,11.6539],[150.12,-21.9389,0.1754],[150.1203,-21.9402,15.8648],[150.1245,-21.942,6.1251],[150.1276,-21.9414,0.0],[150.1285,-21.9379,0.0],[150.1276,-21.9364,0.0],[150.1254,-21.9371,4.5276]]],
[[[150.693,-21.9532,19.7158],[150.6945,-21.9545,52.7809],[150.6982,-21.9543,0.1181],[150.6966,-21.9514,6.247],[150.6915,-21.9507,20.052],[150.6901,-21.9468,0.0],[150.6861,-21.9459,0.0],[150.684,-21.9533,3.1588],[150.682,-21.9543,1.4712],[150.6853,-21.9564,0.0],[150.6852,-21.9596,0.0],[150.678,-21.9618,8.2721],[150.6774,-21.9654,0.7469],[150.6794,-21.9639,38.8755],[150.6904,-21.9672,7.5085],[150.6915,-21.9639,64.4081],[150.6893,-21.9612,46.8169],[150.6893,-21.9576,103.9868],[150.693,-21.9532,19.7158]]],
[[[150.1259,-21.9513,3.8043],[150.1275,-21.9516,3.8043],[150.1279,-21.9497,0.0],[150.1255,-21.95,4.2162],[150.1259,-21.9513,3.8043]]],
[[[149.6604,-21.9512,0.0],[149.6621,-21.95,0.0],[149.6617,-21.9496,0.0],[149.6599,-21.9503,0.0],[149.6604,-21.9512,0.0]]],
[[[150.1181,-21.9479,0.0],[150.1192,-21.949,4.5622],[150.1207,-21.9493,0.0],[150.1196,-21.9473,0.0],[150.1181,-21.9479,0.0]]],
[[[149.6596,-21.9453,0.0],[149.6594,-21.9463,0.1508],[149.6603,-21.9469,0.1508],[149.6603,-21.946,0.0],[149.6596,-21.9453,0.0]]],
[[[149.6589,-21.9577,0.0],[149.6592,-21.9589,0.0],[149.6596,-21.9592,0.0],[149.6602,-21.9577,0.0],[149.6589,-21.9577,0.0]]],
[[[150.1976,-21.9656,0.0],[150.1985,-21.9667,0.0],[150.1994,-21.9666,0.0],[150.1989,-21.9654,0.0],[150.1976,-21.9656,0.0]]],
[[[149.577,-21.9573,0.1535],[149.578,-21.9578,0.1535],[149.5786,-21.9566,6.1167],[149.5772,-21.9563,0.1535],[149.577,-21.9573,0.1535]]],
[[[149.6521,-21.9588,0.0],[149.6529,-21.959,0.0],[149.6534,-21.958,0.0],[149.6523,-21.9576,0.0],[149.6521,-21.9588,0.0]]],
[[[149.5992,-21.9588,1.6302],[149.5995,-21.9575,0.0],[149.5979,-21.9568,2.8333],[149.5981,-21.9581,2.1128],[149.5992,-21.9588,1.6302]]],
[[[150.6707,-21.9927,2.152],[150.6681,-21.9884,1.902],[150.6672,-21.9886,1.902],[150.6682,-21.9915,0.7449],[150.6707,-21.9927,2.152]]],
[[[149.814,-21.99,16.7599],[149.8138,-21.9874,7.3083],[149.8094,-21.9823,0.0],[149.8049,-21.9817,0.0],[149.8033,-21.9838,0.0],[149.8075,-21.9894,7.4681],[149.8114,-21.9903,19.9188],[149.8192,-21.996,0.8829],[149.8195,-21.9948,0.8829],[149.814,-21.99,16.7599]]],
[[[149.6589,-21.9859,0.0],[149.6574,-21.9846,0.0],[149.6596,-21.9879,-0.0472],[149.6596,-21.9872,-0.0472],[149.6589,-21.9859,0.0]]],
[[[149.6688,-21.9858,0.0],[149.6696,-21.9861,3.7156],[149.6678,-21.9844,0.4346],[149.6676,-21.985,0.0],[149.6688,-21.9858,0.0]]],
[[[149.8786,-22.001,13.1201],[149.8787,-21.996,28.9935],[149.881,-21.9943,0.0],[149.8777,-21.9911,0.0],[149.8764,-21.9925,0.0],[149.8685,-21.9926,0.0],[149.8662,-21.9952,0.0],[149.8653,-22.0004,0.0],[149.8627,-22.0015,10.1596],[149.8536,-22.0015,7.3634],[149.8513,-21.9996,5.2504],[149.8439,-22.0029,9.6898],[149.8501,-22.0119,7.0118],[149.856,-22.0113,0.0],[149.8618,-22.0131,3.018],[149.8634,-22.0123,4.3252],[149.8628,-22.0071,1.5662],[149.8663,-22.0042,12.1663],[149.8696,-22.0048,3.9257],[149.8786,-22.001,13.1201]]],
[[[150.1247,-21.9981,3.7033],[150.1255,-22.0014,0.0],[150.1295,-22.0023,0.9443],[150.1396,-21.9984,7.021],[150.1358,-21.9954,23.3239],[150.1373,-21.9931,4.7843],[150.1297,-21.9875,0.0],[150.1278,-21.988,47.2493],[150.1275,-21.9924,0.9594],[150.1253,-21.9943,0.0],[150.1247,-21.9981,3.7033]]],
[[[150.1854,-21.9788,51.4532],[150.1861,-21.9779,0.0],[150.1819,-21.9749,6.9709],[150.1834,-21.9728,0.0],[150.1797,-21.9701,0.0],[150.1771,-21.9709,0.0],[150.1761,-21.9745,0.0],[150.1714,-21.9729,0.0],[150.1688,-21.9756,0.7375],[150.1599,-21.9776,2.3801],[150.156,-21.976,3.2871],[150.1516,-21.9714,9.8535],[150.1516,-21.976,34.0091],[150.1544,-21.9802,1.9065],[150.1614,-21.9805,11.0562],[150.1647,-21.986,5.7233],[150.1644,-21.9889,0.0],[150.1667,-21.9899,0.0],[150.1656,-21.9924,0.0],[150.1678,-21.9943,20.209],[150.1667,-21.9958,0.0],[150.1692,-21.9984,30.0114],[150.1677,-22.0023,17.5127],[150.1687,-22.0041,20.7661],[150.1734,-22.0021,7.8536],[150.1745,-21.9997,28.0707],[150.1776,-22.0004,3.6593],[150.1803,-21.9984,0.0],[150.1816,-21.9915,0.0],[150.1787,-21.9907,4.4995],[150.1779,-21.9886,0.0],[150.18,-21.9864,0.368],[150.178,-21.9828,19.3977],[150.1853,-21.9813,3.6306],[150.1854,-21.9788,51.4532]]],
[[[150.1431,-21.9827,0.0],[150.1424,-21.9822,0.0],[150.1421,-21.9834,0.0],[150.1428,-21.9833,0.0],[150.1431,-21.9827,0.0]]],
[[[150.5856,-21.981,0.0],[150.5858,-21.9833,0.0],[150.587,-21.9832,0.0],[150.5877,-21.9812,12.5007],[150.5856,-21.981,0.0]]],
[[[149.5666,-21.9917,3.0878],[149.5755,-21.978,9.8508],[149.5786,-21.9753,7.407],[149.5825,-21.9744,3.4699],[149.5768,-21.9679,2.2758],[149.5767,-21.9745,1.2744],[149.5662,-21.983,15.8318],[149.5584,-21.987,1.8715],[149.5666,-21.9917,3.0878]]],
[[[150.1532,-21.9841,6.155],[150.1549,-21.985,6.7021],[150.1551,-21.9826,0.3453],[150.1543,-21.9826,0.0],[150.1532,-21.9841,6.155]]],
[[[150.1894,-21.9829,0.0],[150.1895,-21.9825,0.0],[150.1882,-21.9834,0.6221],[150.1891,-21.9834,0.6221],[150.1894,-21.9829,0.0]]],
[[[149.8778,-21.9815,0.0],[149.8794,-21.9807,0.0],[149.8783,-21.9793,0.0],[149.8773,-21.9799,0.0],[149.8778,-21.9815,0.0]]],
[[[150.3817,-21.9733,15.1614],[150.383,-21.9717,0.0],[150.3803,-21.9709,0.0],[150.3806,-21.9727,0.0],[150.3817,-21.9733,15.1614]]],
[[[150.1942,-21.978,1.6528],[150.1938,-21.9784,1.6528],[150.1946,-21.9789,1.6528],[150.1949,-21.9783,1.6528],[150.1942,-21.978,1.6528]]],
[[[149.894,-21.9714,0.0],[149.8952,-21.9709,0.0],[149.8932,-21.9696,0.0],[149.8931,-21.9705,0.0],[149.894,-21.9714,0.0]]],
[[[150.1555,-21.9709,13.2464],[150.1566,-21.9706,13.2464],[150.1557,-21.9685,3.9026],[150.1545,-21.9692,0.0],[150.1555,-21.9709,13.2464]]],
[[[149.6543,-21.9672,0.0],[149.6585,-21.9738,0.0],[149.6578,-21.9784,0.7426],[149.664,-21.9819,4.1002],[149.6637,-21.9713,13.8023],[149.6595,-21.966,0.4206],[149.6558,-21.9658,0.0],[149.6543,-21.9672,0.0]]],
[[[150.1452,-21.9632,0.0],[150.1426,-21.9621,0.0],[150.1434,-21.9599,6.3646],[150.1499,-21.9611,0.0],[150.1467,-21.9588,0.0],[150.1414,-21.9575,0.0],[150.1399,-21.9584,0.2696],[150.1393,-21.966,6.3966],[150.1427,-21.9711,11.7699],[150.1429,-21.9757,10.4672],[150.1396,-21.9784,0.0],[150.143,-21.9804,6.9575],[150.1474,-21.9792,4.267],[150.1444,-21.9723,0.0],[150.1463,-21.9675,1.3882],[150.1429,-21.9646,0.0],[150.1452,-21.9632,0.0]]],
[[[150.2206,-21.9197,0.0],[150.2217,-21.9203,0.0],[150.222,-21.9185,0.0],[150.2209,-21.918,0.0],[150.2206,-21.9197,0.0]]],
[[[149.7994,-21.8436,1.214],[149.7982,-21.8422,0.0],[149.7971,-21.8487,6.4921],[149.7991,-21.8522,0.0],[149.8004,-21.8453,14.3892],[149.7994,-21.8436,1.214]]],
[[[149.8213,-21.827,1.4457],[149.8186,-21.824,0.0],[149.819,-21.8305,3.9603],[149.8228,-21.837,0.0],[149.825,-21.8347,32.7495],[149.8213,-21.827,1.4457]]],
[[[149.4769,-21.8297,6.5142],[149.4811,-21.8346,5.9311],[149.4869,-21.8365,21.6244],[149.4984,-21.8332,5.7665],[149.5005,-21.8307,0.0],[149.4975,-21.8214,0.8731],[149.4858,-21.8179,0.0],[149.4781,-21.8225,1.8273],[149.469,-21.8217,0.0],[149.4769,-21.8297,6.5142]]],
[[[149.7987,-21.8255,1.9673],[149.7997,-21.8264,2.0502],[149.7989,-21.8237,0.0],[149.7985,-21.8241,0.0],[149.7987,-21.8255,1.9673]]],
[[[149.8046,-21.8396,0.0],[149.8053,-21.8401,1.3959],[149.8069,-21.8389,3.7804],[149.8051,-21.8383,5.6559],[149.8046,-21.8396,0.0]]],
[[[149.7962,-21.8386,49.2971],[149.7978,-21.8395,25.574],[149.7989,-21.8363,0.0],[149.8042,-21.8334,22.2484],[149.8039,-21.8309,19.5569],[149.8001,-21.8273,2.0502],[149.7977,-21.8301,3.7457],[149.7927,-21.831,2.1302],[149.7932,-21.8393,37.345],[149.7949,-21.8402,15.3786],[149.7962,-21.8386,49.2971]]],
[[[149.7897,-21.8176,16.5264],[149.7867,-21.8142,0.0],[149.7851,-21.8141,0.0],[149.7872,-21.8172,12.749],[149.7897,-21.8176,16.5264]]],
[[[150.4321,-21.7705,0.0],[150.4319,-21.7717,0.0],[150.4387,-21.7723,5.2027],[150.4354,-21.77,11.4238],[150.4321,-21.7705,0.0]]],
[[[150.4409,-21.7656,-0.0469],[150.4412,-21.7661,-0.0469],[150.442,-21.7662,-0.0469],[150.442,-21.7655,-0.0469],[150.4409,-21.7656,-0.0469]]],
[[[150.4414,-21.7644,7.2285],[150.4388,-21.762,4.9132999999999996],[150.4365,-21.7627,3.5458],[150.4394,-21.7655,3.1586],[150.4414,-21.7644,7.2285]]],
[[[150.4135,-21.7528,0.0],[150.4122,-21.7524,0.0],[150.4122,-21.7529,0.0],[150.4133,-21.7533,0.0],[150.4135,-21.7528,0.0]]],
[[[150.4249,-21.7575,1.1665],[150.4268,-21.7573,4.135],[150.4269,-21.756,0.0],[150.4246,-21.756,0.0],[150.4249,-21.7575,1.1665]]],
[[[150.4279,-21.755,0.0],[150.4285,-21.7567,1.295],[150.4295,-21.756,0.2407],[150.4291,-21.7548,0.2407],[150.4279,-21.755,0.0]]],
[[[150.4285,-21.7614,0.0],[150.4299,-21.7625,0.0],[150.4305,-21.762,0.0],[150.4292,-21.7602,0.0],[150.4285,-21.7614,0.0]]],
[[[149.6474,-21.9295,0.0],[149.6425,-21.9319,3.0447],[149.6447,-21.9343,14.8257],[149.6489,-21.9342,20.6103],[149.6513,-21.9365,17.2053],[149.651,-21.9335,28.1893],[149.6539,-21.9298,21.9093],[149.6528,-21.9263,5.4279],[149.6513,-21.9254,1.3195],[149.6474,-21.9295,0.0]]],
[[[150.1128,-21.9341,11.6092],[150.1183,-21.9313,0.2537],[150.1175,-21.9282,1.893],[150.1154,-21.9279,7.6677],[150.1149,-21.9249,5.8111],[150.1172,-21.9201,2.8109],[150.1204,-21.9189,0.0],[150.1186,-21.9152,0.2646],[150.1142,-21.921,10.8452],[150.1083,-21.9222,17.4084],[150.108,-21.9316,9.1959],[150.1128,-21.9341,11.6092]]],
[[[150.2887,-21.7488,0.0],[150.2902,-21.7484,0.0],[150.289,-21.7469,0.0],[150.2881,-21.7471,0.0],[150.2887,-21.7488,0.0]]],
[[[149.6724,-21.7285,0.0],[149.6744,-21.7284,4.0039],[149.6728,-21.7246,26.0929],[149.6692,-21.7224,0.544],[149.6671,-21.723,22.7187],[149.6652,-21.7189,5.0475],[149.6624,-21.7187,0.0],[149.6664,-21.7266,0.0],[149.6687,-21.7261,18.9562],[149.6724,-21.7285,0.0]]],
[[[150.3146,-21.7345,0.0],[150.3156,-21.7352,0.0],[150.3159,-21.735,0.0],[150.3153,-21.7341,0.0],[150.3146,-21.7345,0.0]]],
[[[150.2883,-21.6829,0.0],[150.2882,-21.6824,0.0],[150.2876,-21.6826,0.0],[150.2879,-21.6831,0.5266],[150.2883,-21.6829,0.0]]],
[[[150.2867,-21.6839,0.5266],[150.2871,-21.6845,0.5266],[150.2874,-21.6843,0.5266],[150.2872,-21.6837,0.5266],[150.2867,-21.6839,0.5266]]],
[[[150.2746,-21.6841,0.0],[150.2758,-21.6837,0.0],[150.2758,-21.683,0.0],[150.2745,-21.6832,0.0],[150.2746,-21.6841,0.0]]],
[[[149.6695,-21.7184,0.0],[149.6702,-21.7184,0.0],[149.6722,-21.7165,1.0667],[149.6699,-21.7162,3.2541],[149.6695,-21.7184,0.0]]],
[[[150.3555,-21.6727,0.0],[150.3561,-21.6731,0.0],[150.3566,-21.6729,0.0],[150.3561,-21.6726,0.0],[150.3555,-21.6727,0.0]]],
[[[150.3433,-21.6757,0.817],[150.3441,-21.6753,0.0],[150.3441,-21.6749,0.0],[150.3428,-21.6747,0.817],[150.3433,-21.6757,0.817]]],
[[[150.3361,-21.6504,19.7304],[150.338,-21.6544,27.0235],[150.3425,-21.6515,39.129],[150.3418,-21.6489,0.0],[150.3361,-21.6504,19.7304]]],
[[[150.3505,-21.667,2.9325],[150.347,-21.6624,20.4941],[150.3398,-21.6605,18.1487],[150.3385,-21.656,3.922],[150.3308,-21.6573,1.1374],[150.3302,-21.659,15.5064],[150.3259,-21.6586,9.537],[150.3273,-21.6605,20.1914],[150.3271,-21.6647,1.4164],[150.3289,-21.6647,2.0462],[150.3289,-21.6666,0.4376],[150.3359,-21.6679,38.1078],[150.3359,-21.6714,14.2576],[150.34,-21.6744,19.095],[150.3398,-21.6722,17.2414],[150.3422,-21.6721,1.2617],[150.3391,-21.6684,50.7933],[150.3434,-21.6679,37.9652],[150.3476,-21.6698,0.0],[150.3505,-21.667,2.9325]]],
[[[149.8084,-21.6285,0.0],[149.8102,-21.628,0.0],[149.8098,-21.6271,10.1819],[149.8089,-21.6268,10.1819],[149.8084,-21.6285,0.0]]],
[[[149.4963,-21.6037,1.6098],[149.4986,-21.5978,0.0],[149.4912,-21.5967,0.727],[149.49,-21.5949,0.2153],[149.4856,-21.5962,0.0],[149.4912,-21.6049,15.6384],[149.4963,-21.6037,1.6098]]],
[[[149.8122,-21.5758,0.0],[149.8123,-21.5737,0.0],[149.8115,-21.5721,0.0],[149.8109,-21.5746,0.0],[149.8122,-21.5758,0.0]]],
[[[150.1522,-21.5318,0.9588],[150.1526,-21.5329,0.0],[150.153,-21.5328,0.0],[150.1533,-21.5314,0.0],[150.1522,-21.5318,0.9588]]],
[[[150.2601,-21.5233,0.6261],[150.262,-21.524,2.7684],[150.2664,-21.5184,14.0399],[150.272,-21.5194,23.8217],[150.2765,-21.5166,0.0],[150.2716,-21.5127,13.166],[150.2694,-21.513,40.7567],[150.2591,-21.5219,4.7102],[150.2563,-21.5213,7.5184],[150.2544,-21.5187,3.8741],[150.2452,-21.5172,1.1604],[150.2497,-21.5195,27.2313],[150.2505,-21.5224,3.5118],[150.2538,-21.5231,0.8208],[150.2575,-21.5285,0.0],[150.2579,-21.5251,0.0],[150.2601,-21.5233,0.6261]]],
[[[149.7202,-21.5123,0.0],[149.7204,-21.5104,0.0],[149.7189,-21.5075,0.0],[149.7178,-21.5091,0.0],[149.7202,-21.5123,0.0]]],
[[[150.1477,-21.5212,1.9964],[150.1529,-21.5293,2.7973],[150.1539,-21.527,15.8864],[150.1555,-21.5273,16.6726],[150.1532,-21.5233,4.6197],[150.1503,-21.5231,18.1077],[150.1489,-21.5195,2.6948],[150.1477,-21.5212,1.9964]]],
[[[149.503,-21.6046,1.0294],[149.5039,-21.6027,0.0],[149.5019,-21.6019,0.0],[149.5015,-21.6035,0.0],[149.503,-21.6046,1.0294]]],
[[[149.7713,-21.5994,3.1361],[149.7699,-21.5994,3.1361],[149.7693,-21.6004,0.0],[149.7728,-21.6004,0.0],[149.7713,-21.5994,3.1361]]],
[[[149.8276,-21.6052,6.5221],[149.8273,-21.6034,0.8468],[149.8253,-21.6028,0.0],[149.8264,-21.6061,0.0],[149.8276,-21.6052,6.5221]]],
[[[149.8122,-21.6097,0.0],[149.8178,-21.6076,0.0],[149.8189,-21.6058,53.1089],[149.8107,-21.6025,27.712],[149.8088,-21.5974,7.9474],[149.8118,-21.5928,73.3514],[149.8059,-21.5909,37.1743],[149.8017,-21.593,3.5679],[149.7998,-21.5984,27.018],[149.7969,-21.6003,10.2175],[149.7928,-21.6021,13.1883],[149.785,-21.6006,20.2316],[149.7822,-21.6065,0.0],[149.7837,-21.609,25.0595],[149.7807,-21.6126,0.0],[149.7843,-21.6133,0.0],[149.7887,-21.6092,0.0],[149.7893,-21.6146,0.0],[149.7915,-21.6164,0.0],[149.7972,-21.6145,8.3901],[149.8031,-21.6081,0.9943],[149.806,-21.6083,0.0],[149.8088,-21.6108,0.0],[149.8104,-21.6091,9.6511],[149.8122,-21.6097,0.0]]],
[[[149.8628,-21.5997,15.3119],[149.8613,-21.6009,0.0],[149.8627,-21.6054,7.8559],[149.8667,-21.6073,17.7119],[149.8701,-21.6063,42.5681],[149.8693,-21.6029,0.0],[149.8656,-21.6025,18.6638],[149.8628,-21.5997,15.3119]]],
[[[149.3995,-21.4909,18.6745],[149.4014,-21.4903,18.6745],[149.4019,-21.4891,0.0],[149.4002,-21.4884,5.7354],[149.3995,-21.4909,18.6745]]],
[[[149.3901,-21.4742,10.2761],[149.3916,-21.4742,0.0],[149.3921,-21.4737,0.0],[149.3906,-21.4731,10.2761],[149.3901,-21.4742,10.2761]]],
[[[150.3081,-21.4714,0.0],[150.3082,-21.4705,0.0],[150.3076,-21.4704,0.0],[150.3072,-21.4709,0.0],[150.3081,-21.4714,0.0]]],
[[[149.665,-21.4711,33.07],[149.6622,-21.4704,0.0],[149.6617,-21.474,0.0],[149.6644,-21.4739,4.4595],[149.665,-21.4711,33.07]]],
[[[150.309,-21.47,0.0],[150.3104,-21.4689,0.0],[150.3097,-21.4672,0.0],[150.3089,-21.4675,0.0],[150.309,-21.47,0.0]]],
[[[149.8781,-21.4637,11.8102],[149.8792,-21.4677,35.4554],[149.8884,-21.4689,0.0],[149.8865,-21.4662,0.0],[149.8832,-21.4667,9.9763],[149.881,-21.4639,0.0],[149.8781,-21.4637,11.8102]]],
[[[149.8704,-21.4541,0.0],[149.8698,-21.4564,20.4363],[149.8751,-21.4611,0.0],[149.8744,-21.4566,0.0],[149.8704,-21.4541,0.0]]],
[[[149.4594,-21.4522,0.0],[149.4567,-21.4563,2.6337],[149.4615,-21.4574,0.0],[149.4621,-21.4559,0.0],[149.4594,-21.4522,0.0]]],
[[[149.8435,-21.447,2.0428],[149.8553,-21.4477,0.0],[149.8461,-21.4409,6.09],[149.8431,-21.4435,26.8605],[149.8403,-21.443,4.7909],[149.8409,-21.4461,4.9448],[149.8435,-21.447,2.0428]]],
[[[149.8199,-21.4356,0.0],[149.8208,-21.4353,0.0],[149.8205,-21.4337,4.9596],[149.8194,-21.4341,4.9596],[149.8199,-21.4356,0.0]]],
[[[149.4937,-21.4222,4.0435],[149.4946,-21.4225,0.0],[149.495,-21.4217,0.0],[149.4944,-21.4214,0.0],[149.4937,-21.4222,4.0435]]],
[[[149.7161,-21.4436,7.845],[149.7136,-21.4389,0.1464],[149.7106,-21.4388,2.5188],[149.7077,-21.4478,0.4735],[149.7111,-21.4523,0.5896],[149.7109,-21.4545,1.3828],[149.7183,-21.4588,3.4895],[149.7171,-21.4538,6.297],[149.7195,-21.4523,0.5581],[149.7167,-21.4517,15.7263],[149.7157,-21.4496,23.0409],[149.7184,-21.4468,0.0],[149.7161,-21.4436,7.845]]],
[[[149.9171,-21.5066,0.0],[149.9151,-21.5015,12.5188],[149.9165,-21.4955,17.5718],[149.9113,-21.4956,1.5618],[149.9093,-21.4926,1.5065],[149.9064,-21.4965,3.0147],[149.909,-21.499,1.6935],[149.9072,-21.5001,0.0],[149.9107,-21.5038,0.0],[149.9137,-21.5024,68.1801],[149.9149,-21.5058,0.0],[149.9171,-21.5066,0.0]]],
[[[149.8889,-21.4984,1.2431],[149.8887,-21.5003,9.644],[149.8939,-21.4982,12.3649],[149.8965,-21.4988,0.0],[149.8949,-21.4913,38.1454],[149.8911,-21.4853,1.5721],[149.8897,-21.4936,33.2431],[149.8912,-21.4968,13.5035],[149.8889,-21.4984,1.2431]]],
[[[149.9201,-21.4878,9.3168],[149.9173,-21.4884,11.0552],[149.9171,-21.4901,1.9125],[149.9207,-21.4939,0.0],[149.9212,-21.4889,33.9792],[149.9201,-21.4878,9.3168]]],
[[[150.2568,-21.488,2.2617],[150.2587,-21.4872,9.5885],[150.2583,-21.4852,6.7292],[150.2543,-21.4872,0.0],[150.2568,-21.488,2.2617]]],
[[[150.2789,-21.4871,11.8095],[150.2804,-21.4863,8.6442],[150.2805,-21.4834,19.8629],[150.2781,-21.4804,9.5244],[150.2701,-21.4827,0.0],[150.2675,-21.4768,12.4134],[150.2645,-21.479,20.2053],[150.2631,-21.4843,0.0],[150.2681,-21.4842,27.2603],[150.2684,-21.4878,28.7256],[150.272,-21.4903,12.1823],[150.2757,-21.484,56.4876],[150.2789,-21.4871,11.8095]]],
[[[149.9107,-21.4811,0.0],[149.9075,-21.4781,21.8411],[149.9101,-21.4857,26.1744],[149.9125,-21.4869,0.0],[149.9133,-21.4845,17.3771],[149.9107,-21.4811,0.0]]],
[[[150.2852,-21.6809,0.0],[150.2858,-21.6803,0.0],[150.2848,-21.6799,0.0],[150.2845,-21.6801,0.0],[150.2852,-21.6809,0.0]]],
[[[150.2874,-21.6786,0.0],[150.2874,-21.6778,0.0],[150.2865,-21.6781,0.0],[150.2869,-21.6786,0.0],[150.2874,-21.6786,0.0]]],
[[[149.6373,-21.6761,15.112],[149.6391,-21.6734,6.3209],[149.6388,-21.6728,0.0],[149.6361,-21.6751,15.112],[149.6373,-21.6761,15.112]]],
[[[149.7792,-21.6735,62.2474],[149.7767,-21.6709,11.0105],[149.7756,-21.6715,4.1146],[149.7778,-21.6773,0.0],[149.7816,-21.679,0.0],[149.7829,-21.6774,0.0],[149.7792,-21.6735,62.2474]]],
[[[149.8377,-21.6607,48.8414],[149.8388,-21.6631,3.1229],[149.8413,-21.6623,36.2976],[149.8425,-21.6598,11.7451],[149.8404,-21.6593,31.4232],[149.8402,-21.657,8.9151],[149.8376,-21.6548,89.2476],[149.8354,-21.6471,7.9504],[149.8315,-21.6474,0.0],[149.8302,-21.6496,0.404],[149.8329,-21.6556,0.0],[149.8327,-21.6597,0.0],[149.8339,-21.6622,6.2543],[149.8377,-21.6607,48.8414]]],
[[[150.2246,-21.6574,0.0],[150.2237,-21.6574,0.0],[150.2239,-21.6581,0.0],[150.2246,-21.6583,0.0],[150.2246,-21.6574,0.0]]],
[[[150.217,-21.6564,15.0318],[150.2179,-21.6575,15.0318],[150.2214,-21.6557,37.3713],[150.2232,-21.6573,0.0],[150.2253,-21.6534,-0.0261],[150.2209,-21.6518,0.0],[150.2209,-21.6535,33.6682],[150.217,-21.6564,15.0318]]],
[[[150.2298,-21.6523,0.0],[150.2306,-21.6524,0.0],[150.2306,-21.6514,0.0],[150.2294,-21.6517,0.0],[150.2298,-21.6523,0.0]]],
[[[150.2947,-21.6729,0.8937],[150.294,-21.6732,0.0],[150.2945,-21.674,1.3771],[150.2947,-21.6729,0.8937]]],
[[[150.2964,-21.6732,1.3771],[150.2974,-21.6721,0.0],[150.2969,-21.6714,0.0],[150.295,-21.672,0.8937],[150.2964,-21.6732,1.3771]]],
[[[150.2273,-21.6517,0.5272],[150.2278,-21.6507,2.9391],[150.2274,-21.649,0.0],[150.2263,-21.6519,0.1517],[150.2273,-21.6517,0.5272]]],
[[[150.286,-21.6438,17.9571],[150.2765,-21.6415,20.7883],[150.272,-21.644,0.0],[150.2639,-21.6412,0.0],[150.2538,-21.6305,0.0],[150.2475,-21.6189,0.0],[150.2478,-21.6297,88.8672],[150.2454,-21.6351,5.6015],[150.2474,-21.64,46.8161],[150.2461,-21.6483,3.974],[150.2478,-21.6516,2.4222],[150.2504,-21.651,3.4648],[150.2464,-21.6542,1.7855],[150.2426,-21.6543,0.0],[150.242,-21.6637,24.4943],[150.2444,-21.669,22.1766],[150.2431,-21.6753,16.5804],[150.2478,-21.6764,0.0],[150.2462,-21.6713,10.2981],[150.2534,-21.6678,49.2513],[150.2599,-21.6703,47.7124],[150.2613,-21.6724,10.26],[150.2707,-21.6741,12.6186],[150.2705,-21.6769,10.8794],[150.2741,-21.6809,1.858],[150.278,-21.6771,24.0546],[150.2834,-21.6792,0.0],[150.2835,-21.6777,20.3432],[150.2862,-21.6771,14.1661],[150.2833,-21.6739,0.0],[150.2845,-21.672,3.4749],[150.2868,-21.6722,0.0],[150.2881,-21.6689,4.0738],[150.2953,-21.6679,58.2694],[150.2982,-21.6703,6.8261],[150.3,-21.6698,0.0],[150.2994,-21.6681,0.0],[150.302,-21.6649,1.0503],[150.2938,-21.6533,4.5962],[150.2917,-21.6539,16.5594],[150.2896,-21.6475,10.0645],[150.2917,-21.6451,0.0],[150.2884,-21.6426,0.0],[150.286,-21.6438,17.9571]]],
[[[149.8345,-21.3762,12.7622],[149.8279,-21.3709,1.2836],[149.8223,-21.3721,0.0],[149.8259,-21.3758,7.5844],[149.8282,-21.3756,14.5044],[149.8327,-21.3785,0.3187],[149.8336,-21.3831,0.0],[149.8373,-21.3841,2.9675],[149.839,-21.3821,5.9805],[149.8385,-21.3797,4.5019],[149.8345,-21.3762,12.7622]]],
[[[149.6564,-21.3714,0.0],[149.658,-21.3726,0.2339],[149.6602,-21.3705,2.7926],[149.6571,-21.3705,2.2624],[149.6564,-21.3714,0.0]]],
[[[149.826,-21.3693,1.6331],[149.8267,-21.3686,1.6331],[149.8263,-21.3664,4.4358],[149.825,-21.3678,0.0],[149.826,-21.3693,1.6331]]],
[[[149.3025,-21.2927,2.4697],[149.3035,-21.2934,0.0],[149.3041,-21.2928,0.0],[149.3032,-21.2921,0.0],[149.3025,-21.2927,2.4697]]],
[[[149.2674,-21.176,6.9677],[149.2684,-21.1744,0.5443],[149.2659,-21.1702,0.0],[149.263,-21.1744,0.0],[149.2674,-21.176,6.9677]]],
[[[149.2486,-21.1613,0.0],[149.2484,-21.1583,0.0],[149.2439,-21.1629,15.7129],[149.2474,-21.1636,0.0],[149.2486,-21.1613,0.0]]],
[[[149.3222,-21.3234,6.1666],[149.3232,-21.324,6.1666],[149.324,-21.3224,10.8222],[149.3226,-21.3224,5.584],[149.3222,-21.3234,6.1666]]],
[[[149.6858,-21.3098,0.0],[149.6753,-21.3081,2.6968],[149.6741,-21.3059,23.465699999999998],[149.6758,-21.3021,22.3017],[149.6745,-21.3005,13.6985],[149.6679,-21.3016,2.0397],[149.6644,-21.3072,0.5326],[149.6681,-21.3137,2.6274],[149.6708,-21.3129,33.0178],[149.6742,-21.3146,10.0785],[149.6791,-21.3233,13.3021],[149.6822,-21.3249,22.9102],[149.6868,-21.3322,6.2557],[149.6888,-21.3283,7.7453],[149.6936,-21.3286,28.273],[149.6937,-21.3261,3.3335],[149.6959,-21.3239,0.0],[149.6932,-21.3194,66.9573],[149.6942,-21.3131,0.0],[149.6858,-21.3098,0.0]]],
[[[149.9361,-21.102,21.5653],[149.9326,-21.1014,28.8869],[149.9316,-21.1029,0.0],[149.9343,-21.1045,29.2305],[149.9361,-21.102,21.5653]]],
[[[149.2441,-21.0962,0.0],[149.2452,-21.0966,0.0],[149.2455,-21.0963,0.0],[149.2447,-21.096,0.0],[149.2441,-21.0962,0.0]]],
[[[149.5484,-21.0313,2.7663],[149.5464,-21.0286,0.0],[149.5452,-21.0286,0.0],[149.5454,-21.0305,0.0],[149.5484,-21.0313,2.7663]]],
[[[149.9079,-21.0195,11.9894],[149.9114,-21.0181,38.821],[149.9054,-21.0042,51.4226],[149.9021,-21.0029,0.0],[149.8942,-21.0048,0.0],[149.8941,-21.009,0.0],[149.8991,-21.013,0.0],[149.8974,-21.0172,6.6312],[149.8948,-21.0182,0.0],[149.8984,-21.0212,0.9995],[149.8994,-21.017,5.6925],[149.9016,-21.0162,13.479],[149.9079,-21.0195,11.9894]]],
[[[149.7717,-20.9855,0.0],[149.7755,-20.9886,0.0],[149.7916,-20.9886,4.5537],[149.7883,-20.9859,18.9736],[149.783,-20.9855,99.0973],[149.7802,-20.9834,2.4787],[149.7717,-20.9855,0.0]]],
[[[149.1508,-20.9789,13.9634],[149.152,-20.9773,0.4994],[149.1481,-20.9765,0.0],[149.1478,-20.9832,0.0],[149.1506,-20.982,19.8594],[149.1508,-20.9789,13.9634]]],
[[[149.7327,-20.9474,0.0],[149.7334,-20.9482,0.0],[149.7343,-20.945,0.0],[149.7338,-20.9455,0.0],[149.7327,-20.9474,0.0]]],
[[[149.0594,-20.9232,4.3416],[149.0614,-20.9231,19.468],[149.0617,-20.9212,0.0],[149.0587,-20.9205,0.0],[149.0594,-20.9232,4.3416]]],
[[[148.8999,-20.8651,2.4316],[148.8986,-20.8653,4.4016],[148.8976,-20.8665,1.3808],[148.9025,-20.8655,1.9994],[148.8999,-20.8651,2.4316]]],
[[[149.6166,-20.8845,52.7518],[149.6169,-20.88,60.6579],[149.6207,-20.8789,109.0714],[149.6219,-20.8743,97.764],[149.6259,-20.87,9.5237],[149.6237,-20.857,0.0],[149.6035,-20.8465,1.2691],[149.6018,-20.8538,11.7058],[149.6062,-20.8621,0.5828],[149.6057,-20.865,0.0],[149.6006,-20.8686,1.7756],[149.5954,-20.8639,0.0],[149.5915,-20.8672,0.0],[149.5894,-20.8665,6.7713],[149.5886,-20.8626,0.0],[149.5847,-20.8612,0.0],[149.5781,-20.8692,0.0],[149.5802,-20.8735,0.0],[149.5863,-20.8756,22.915],[149.5944,-20.8843,18.6181],[149.5996,-20.8847,16.7795],[149.6011,-20.8829,62.784],[149.6045,-20.8827,86.0133],[149.6064,-20.8794,85.4223],[149.6166,-20.8845,52.7518]]],
[[[148.9596,-20.8697,20.1249],[148.9582,-20.8723,6.7607],[148.9612,-20.87,2.8658],[148.9607,-20.8688,0.3597],[148.9596,-20.8697,20.1249]]],
[[[148.9595,-20.8668,0.6367],[148.9588,-20.8671,0.0],[148.9595,-20.8684,0.3597],[148.9601,-20.8674,0.6367],[148.9595,-20.8668,0.6367]]],
[[[148.9425,-20.8638,2.2224],[148.9444,-20.8624,8.7755],[148.9439,-20.8614,8.7755],[148.9433,-20.8617,8.7755],[148.9425,-20.8638,2.2224]]],
[[[148.9257,-20.8605,5.3978],[148.9314,-20.8623,22.6419],[148.9298,-20.8592,0.0],[148.9241,-20.86,5.3978],[148.9257,-20.8605,5.3978]]],
[[[148.939,-20.8591,1.5132],[148.9375,-20.8593,0.0],[148.9371,-20.8601,0.0],[148.9378,-20.8601,0.0],[148.939,-20.8591,1.5132]]],
[[[148.94,-20.8625,0.7444],[148.9404,-20.862,0.7444],[148.9386,-20.8614,0.7444],[148.9388,-20.8623,0.7444],[148.94,-20.8625,0.7444]]],
[[[148.9231,-20.8507,1.1774],[148.9212,-20.8481,30.7845],[148.9178,-20.8473,0.0],[148.9191,-20.8527,1.5338],[148.9179,-20.8547,7.2871],[148.9207,-20.856,19.7432],[148.9268,-20.8545,12.3301],[148.9277,-20.8521,3.7],[148.9231,-20.8507,1.1774]]],
[[[148.9338,-20.8449,19.1667],[148.9319,-20.8436,0.0],[148.9285,-20.8472,6.618],[148.9316,-20.8487,7.5812],[148.9315,-20.8534,0.0],[148.9329,-20.8541,25.3873],[148.9376,-20.8518,10.4103],[148.9359,-20.8481,13.4048],[148.9339,-20.8473,20.7541],[148.9338,-20.8449,19.1667]]],
[[[148.9106,-20.8486,8.3127],[148.9072,-20.8437,3.466],[148.9059,-20.8386,0.0],[148.9074,-20.8352,19.2934],[148.9029,-20.8332,21.131],[148.9024,-20.8268,2.2913],[148.8976,-20.8304,9.0448],[148.8915,-20.8293,0.3668],[148.8905,-20.8346,2.5777],[148.8929,-20.8477,0.0],[148.895,-20.8508,1.4254],[148.9001,-20.8485,2.3788],[148.897,-20.8516,0.0],[148.8976,-20.855,7.0727],[148.903,-20.8562,12.5563],[148.9153,-20.8536,8.4468],[148.9127,-20.8493,1.1979],[148.9106,-20.8486,8.3127]]],
[[[149.4696,-20.9282,1.6525],[149.4642,-20.9259,0.0],[149.4664,-20.9372,0.0],[149.4691,-20.9356,32.8751],[149.4696,-20.9282,1.6525]]],
[[[149.4756,-20.9306,0.0],[149.476,-20.9283,0.2518],[149.4748,-20.9267,0.0],[149.4737,-20.9298,0.0],[149.4756,-20.9306,0.0]]],
[[[149.4527,-20.909,35.4164],[149.4526,-20.9058,9.0788],[149.4468,-20.9029,0.0],[149.4447,-20.9075,2.6808],[149.4423,-20.9071,28.6465],[149.4392,-20.9027,0.0],[149.4351,-20.9069,3.4804],[149.432,-20.9072,13.2215],[149.4303,-20.9056,0.0],[149.4245,-20.9077,0.0],[149.4261,-20.9147,0.0],[149.4311,-20.9163,9.1532],[149.4298,-20.9218,0.0],[149.4273,-20.9235,0.0],[149.4276,-20.9267,0.0],[149.4291,-20.9277,12.1459],[149.4339,-20.9265,7.4917],[149.4351,-20.9279,11.5227],[149.4343,-20.9304,0.0],[149.4274,-20.9351,11.9185],[149.4254,-20.9347,0.0],[149.4249,-20.9378,0.0],[149.4225,-20.9392,4.8036],[149.4265,-20.9455,18.5958],[149.4283,-20.9449,21.9619],[149.4289,-20.9408,66.6685],[149.4325,-20.9391,7.2882],[149.4326,-20.9371,13.4938],[149.4383,-20.9376,44.9626],[149.4391,-20.9407,2.4892],[149.4419,-20.9413,26.9484],[149.447,-20.9349,28.5805],[149.4452,-20.9329,49.1364],[149.447,-20.9301,17.1161],[149.4495,-20.9338,20.3625],[149.4524,-20.9332,13.3665],[149.4528,-20.9295,80.2643],[149.4552,-20.9289,16.8082],[149.4607,-20.9164,39.9041],[149.4599,-20.9144,0.0],[149.457,-20.9143,2.5715],[149.4561,-20.9103,14.2128],[149.4535,-20.9105,5.6905],[149.4527,-20.909,35.4164]]],
[[[149.4228,-20.9238,7.3692],[149.422,-20.9183,0.0],[149.4145,-20.9117,7.2701],[149.4146,-20.9018,26.9282],[149.4165,-20.8994,0.0],[149.4142,-20.8969,0.2738],[149.4122,-20.8974,0.0],[149.4097,-20.9019,0.8922],[149.4078,-20.9019,2.0487],[149.4036,-20.8975,0.0],[149.3981,-20.9015,6.0371],[149.39,-20.9019,0.0],[149.3859,-20.9041,0.0],[149.3851,-20.9097,2.643],[149.3875,-20.9081,16.8061],[149.3878,-20.9058,53.6084],[149.3911,-20.9045,60.1878],[149.3914,-20.9082,3.6637],[149.3949,-20.9103,0.0],[149.3937,-20.9183,0.0],[149.3956,-20.9182,2.0535],[149.3956,-20.9156,18.6474],[149.4001,-20.9148,11.3067],[149.4003,-20.9164,0.0],[149.403,-20.9171,4.9451],[149.4055,-20.9242,0.0],[149.409,-20.9226,56.1784],[149.4084,-20.9185,36.8069],[149.4098,-20.918,3.254],[149.4151,-20.9192,6.8373],[149.4146,-20.9235,7.756],[149.4175,-20.9271,4.1954],[149.4228,-20.9238,7.3692]]],
[[[148.8458,-20.7925,0.0],[148.845,-20.7915,0.0],[148.8441,-20.792,0.0],[148.8444,-20.7923,0.0],[148.8458,-20.7925,0.0]]],
[[[148.85,-20.7881,6.519],[148.8507,-20.7878,13.5021],[148.8515,-20.786,0.2008],[148.8482,-20.7865,6.0427],[148.85,-20.7881,6.519]]],
[[[149.2665,-20.792,0.0],[149.2666,-20.7929,0.0],[149.2672,-20.7932,0.0],[149.2673,-20.7921,0.0],[149.2665,-20.792,0.0]]],
[[[148.8569,-20.7958,1.064],[148.8587,-20.7951,0.846],[148.8543,-20.794,0.0],[148.8547,-20.7948,0.9929],[148.8569,-20.7958,1.064]]],
[[[149.6176,-20.7791,1.7194],[149.6197,-20.7739,61.2017],[149.6264,-20.7734,3.1538],[149.6255,-20.7681,5.076],[149.6225,-20.7678,57.7114],[149.6227,-20.7608,0.0],[149.6181,-20.7674,4.2755],[149.6124,-20.7717,0.0],[149.6129,-20.7781,0.0],[149.6176,-20.7791,1.7194]]],
[[[149.2695,-20.7557,0.0],[149.2693,-20.757,0.0],[149.2698,-20.7572,0.0],[149.2703,-20.7556,0.0],[149.2695,-20.7557,0.0]]],
[[[149.4046,-20.7749,11.1576],[149.4089,-20.7736,28.813],[149.4115,-20.7745,8.8576],[149.4123,-20.7729,0.0],[149.4082,-20.7711,0.0],[149.4062,-20.7675,0.0],[149.3988,-20.7664,15.6818],[149.3901,-20.7693,0.0],[149.3903,-20.7739,1.6553],[149.3946,-20.7745,31.5825],[149.3978,-20.7792,25.0721],[149.4007,-20.7788,5.487],[149.3996,-20.7768,12.4272],[149.4046,-20.7749,11.1576]]],
[[[149.1626,-20.7537,20.6512],[149.1632,-20.7501,4.6277],[149.1586,-20.7495,0.0],[149.1586,-20.7513,0.0],[149.1618,-20.7546,5.3829],[149.1626,-20.7537,20.6512]]],
[[[149.4723,-20.7472,0.0],[149.4797,-20.7466,11.0888],[149.4813,-20.7452,21.4068],[149.4808,-20.743,14.755],[149.4831,-20.7432,3.9749],[149.4837,-20.741,2.6273],[149.4789,-20.7395,21.0376],[149.4737,-20.7335,12.0866],[149.4682,-20.7311,0.0],[149.4663,-20.7267,0.0],[149.4657,-20.735,0.0],[149.4726,-20.7418,4.5172],[149.4723,-20.7472,0.0]]],
[[[149.1381,-20.7149,6.6024],[149.1407,-20.7104,2.5726],[149.1406,-20.7093,0.0],[149.1371,-20.7122,0.0],[149.1381,-20.7149,6.6024]]],
[[[149.2316,-20.7306,0.0],[149.2309,-20.7319,0.0],[149.2318,-20.7325,0.0],[149.2328,-20.7316,0.0],[149.2316,-20.7306,0.0]]],
[[[149.2983,-20.7971,11.4725],[149.2993,-20.7999,8.6747],[149.3014,-20.7979,35.3553],[149.3002,-20.7874,0.0],[149.2993,-20.7861,0.0],[149.2971,-20.788,0.0],[149.2942,-20.7869,169.2454],[149.2943,-20.7781,7.3346],[149.2912,-20.7745,0.0],[149.2849,-20.7717,0.0],[149.2816,-20.7718,0.0],[149.2737,-20.7784,0.0],[149.2766,-20.7934,26.0338],[149.2819,-20.7956,72.3736],[149.2834,-20.7978,59.7133],[149.2872,-20.7971,115.4214],[149.2888,-20.7942,177.8159],[149.2955,-20.7934,8.7524],[149.2983,-20.7971,11.4725]]],
[[[148.8545,-20.7821,0.4363],[148.8551,-20.7831,9.3205],[148.8562,-20.7831,3.2886],[148.8562,-20.7826,0.0],[148.8545,-20.7821,0.4363]]],
[[[149.2074,-20.6989,0.0],[149.2069,-20.7002,0.0],[149.2088,-20.7006,2.7491],[149.2089,-20.7001,2.7491],[149.2074,-20.6989,0.0]]],
[[[148.7617,-20.688,7.8609],[148.7599,-20.6891,1.8492],[148.7659,-20.6923,3.7133],[148.7664,-20.69,3.697],[148.7617,-20.688,7.8609]]],
[[[149.146,-20.7014,3.985],[149.1434,-20.7011,2.8367],[149.1422,-20.6985,0.0],[149.1394,-20.703,0.0],[149.144,-20.7032,24.1385],[149.146,-20.7014,3.985]]],
[[[149.2052,-20.6974,0.0],[149.2045,-20.695,22.187],[149.2085,-20.6945,36.4569],[149.2091,-20.6906,0.0],[149.2043,-20.6909,0.0],[149.2,-20.6855,0.0],[149.1973,-20.6898,0.0],[149.1994,-20.6963,0.0],[149.2013,-20.6963,12.1968],[149.2035,-20.6988,0.0],[149.2052,-20.6974,0.0]]],
[[[149.0974,-20.6815,2.8222],[149.0974,-20.6797,3.6573],[149.0972,-20.6794,0.0],[149.0966,-20.6811,0.0],[149.0974,-20.6815,2.8222]]],
[[[149.1859,-20.6799,4.5067],[149.1872,-20.6749,49.3819],[149.1904,-20.6736,40.9985],[149.1927,-20.6746,9.2281],[149.1939,-20.6716,0.0],[149.1816,-20.6662,0.0],[149.1727,-20.6713,0.0],[149.174,-20.6743,9.3315],[149.1784,-20.6749,17.851],[149.177,-20.6769,0.0],[149.183,-20.6796,10.3608],[149.1823,-20.6835,0.0],[149.1848,-20.6873,0.0],[149.1892,-20.6892,43.4852],[149.1902,-20.6848,4.6781],[149.1859,-20.6799,4.5067]]],
[[[148.7584,-20.6717,0.0],[148.7579,-20.673,0.0],[148.7587,-20.6734,0.0],[148.759,-20.6718,0.0],[148.7584,-20.6717,0.0]]],
[[[149.1516,-20.6526,44.5623],[149.1543,-20.6528,9.5377],[149.1528,-20.6495,0.0],[149.1512,-20.6501,1.1718],[149.1516,-20.6526,44.5623]]],
[[[148.8723,-20.6184,0.9046],[148.8758,-20.6134,15.7578],[148.8643,-20.6071,0.3255],[148.8699,-20.612,0.0],[148.868,-20.6159,1.502],[148.8653,-20.6164,6.4004],[148.8654,-20.6186,10.1303],[148.8686,-20.6199,0.0],[148.8689,-20.6175,10.9265],[148.8723,-20.6184,0.9046]]],
[[[149.0725,-20.6243,0.0],[149.0715,-20.6248,0.0],[149.0715,-20.6254,0.0],[149.0729,-20.6253,0.0],[149.0725,-20.6243,0.0]]],
[[[149.0708,-20.661,0.0],[149.0698,-20.6607,0.0],[149.0699,-20.6618,0.0],[149.0707,-20.6618,7.0515],[149.0708,-20.661,0.0]]],
[[[148.9436,-20.6609,0.0],[148.9427,-20.6608,0.0],[148.9427,-20.6612,0.0],[148.9436,-20.6613,0.0],[148.9436,-20.6609,0.0]]],
[[[149.0596,-20.6428,24.2735],[149.0538,-20.6374,0.0],[149.0539,-20.6434,47.5641],[149.0569,-20.6479,33.0692],[149.0629,-20.6511,28.9245],[149.062,-20.6463,13.5596],[149.0596,-20.6428,24.2735]]],
[[[149.0745,-20.6395,0.0],[149.0681,-20.6342,0.0],[149.0664,-20.6264,3.4613],[149.0582,-20.6214,7.6948],[149.0567,-20.6181,3.3207],[149.0552,-20.6184,0.0],[149.0552,-20.6253,21.6217],[149.0572,-20.6294,24.1996],[149.0611,-20.632,7.059],[149.0676,-20.6421,10.226],[149.0719,-20.6438,0.6841],[149.0724,-20.6468,35.2026],[149.075,-20.6482,1.8518],[149.0833,-20.6611,51.723],[149.0859,-20.6621,47.7833],[149.0889,-20.661,0.0],[149.0808,-20.6503,0.0],[149.0764,-20.6484,0.0],[149.0771,-20.6446,14.1073],[149.0729,-20.6423,2.5409],[149.0745,-20.6395,0.0]]],
[[[149.1406,-20.6761,20.1131],[149.1404,-20.6726,0.0],[149.138,-20.6757,0.0],[149.1393,-20.677,12.1838],[149.1406,-20.6761,20.1131]]],
[[[149.1642,-20.6818,14.2265],[149.1667,-20.6833,13.9507],[149.166,-20.674,0.0],[149.1626,-20.6704,13.5422],[149.1636,-20.6652,0.0],[149.1626,-20.6641,0.0],[149.1577,-20.6644,0.0],[149.1548,-20.6622,0.0],[149.1511,-20.6629,0.0],[149.1537,-20.6671,68.1405],[149.1535,-20.6709,17.5002],[149.1522,-20.6728,0.0],[149.1461,-20.673,3.7148],[149.1451,-20.675,22.9489],[149.1488,-20.6784,15.8265],[149.1488,-20.6814,9.0879],[149.1463,-20.683,16.0774],[149.1462,-20.6846,4.6663],[149.1483,-20.6849,10.7659],[149.1453,-20.6883,5.2592],[149.1422,-20.688,0.0],[149.1397,-20.684,0.0],[149.1361,-20.686,0.0],[149.1399,-20.6904,3.8087],[149.1385,-20.6947,10.0275],[149.1431,-20.6929,98.318],[149.1458,-20.6938,21.0627],[149.1499,-20.6911,41.1895],[149.1502,-20.6871,44.9262],[149.1581,-20.6833,8.4882],[149.1555,-20.6771,1.9361],[149.1564,-20.6744,49.3175],[149.1642,-20.6818,14.2265]]],
[[[148.8411,-20.8226,0.0],[148.8399,-20.823,1.453],[148.8399,-20.8234,1.453],[148.8418,-20.8232,2.5792],[148.8411,-20.8226,0.0]]],
[[[149.29,-20.8105,0.0],[149.2843,-20.8109,0.0],[149.2805,-20.8053,6.6376],[149.2819,-20.8028,0.0],[149.2744,-20.7964,0.0],[149.2603,-20.7977,0.0],[149.2554,-20.8007,0.0],[149.2533,-20.805,0.0],[149.2493,-20.8059,0.0],[149.2572,-20.8047,25.5255],[149.2631,-20.808,12.8756],[149.2621,-20.8055,37.2056],[149.2683,-20.8101,30.3068],[149.2648,-20.8186,0.0],[149.2649,-20.8233,0.0],[149.2684,-20.8187,6.9136],[149.2718,-20.8176,68.6248],[149.2724,-20.8125,58.798],[149.2751,-20.8118,155.2243],[149.2775,-20.8146,20.021],[149.2779,-20.8113,109.3342],[149.2798,-20.8104,77.3231],[149.2833,-20.8127,2.9692],[149.2833,-20.8169,0.0],[149.2861,-20.8203,55.6628],[149.2883,-20.8182,92.2965],[149.29,-20.8105,0.0]]],
[[[150.3583,-21.7326,14.5127],[150.3629,-21.7277,14.9272],[150.3623,-21.7256,24.0789],[150.3602,-21.7251,0.0],[150.3639,-21.7228,15.6531],[150.3637,-21.7188,3.2894],[150.362,-21.7177,0.0],[150.3624,-21.7207,2.6138],[150.3576,-21.7233,0.0],[150.3564,-21.7298,0.0],[150.3475,-21.7335,0.0],[150.3398,-21.7413,2.736],[150.3302,-21.7436,8.8163],[150.3138,-21.7394,5.96],[150.3098,-21.7419,24.3741],[150.302,-21.7417,0.0],[150.2995,-21.7455,0.0],[150.307,-21.7496,0.0],[150.3115,-21.7583,0.0],[150.3221,-21.7655,0.5062],[150.3225,-21.7645,18.0636],[150.326,-21.7655,24.7329],[150.3265,-21.7672,12.8774],[150.3247,-21.7681,0.1501],[150.332,-21.7717,23.5176],[150.3389,-21.77,37.926],[150.3482,-21.764,0.0],[150.3472,-21.7614,0.0],[150.3451,-21.7621,0.0],[150.3439,-21.7609,0.0],[150.3439,-21.758,6.7458],[150.3486,-21.7527,38.2339],[150.3457,-21.743,61.4435],[150.3479,-21.7427,60.3478],[150.3492,-21.7397,73.3348],[150.3536,-21.7389,58.681],[150.3532,-21.7368,48.0857],[150.3583,-21.7326,14.5127]]],
[[[149.9435,-22.1365,3.9538],[149.942,-22.1344,0.7139],[149.9399,-22.1348,0.5221],[149.9363,-22.1408,0.0],[149.9408,-22.1398,0.0],[149.9435,-22.1365,3.9538]]],
[[[150.0331,-22.1082,18.8064],[150.0309,-22.1076,0.0],[150.0286,-22.1099,0.0],[150.0243,-22.1108,22.7416],[150.0201,-22.1073,5.2317],[150.0143,-22.1072,10.5286],[150.0105,-22.101,0.0],[150.0047,-22.1062,0.0],[150.0011,-22.1052,0.0],[150.0011,-22.1102,0.0],[150.0044,-22.1152,6.5924],[150.0011,-22.1223,2.716],[149.9968,-22.1199,9.3564],[149.9957,-22.1162,9.3408],[149.9922,-22.1135,0.0],[149.9872,-22.1174,0.4813],[149.9812,-22.1167,2.1772],[149.9756,-22.1197,25.0343],[149.9735,-22.1217,1.7799],[149.971,-22.1326,0.3134],[149.9691,-22.1346,6.4938],[149.9629,-22.1342,5.8606],[149.9608,-22.13,2.0216],[149.9576,-22.1329,0.0],[149.9497,-22.1348,2.4593],[149.945,-22.1414,4.3311],[149.9366,-22.1451,0.736],[149.9332,-22.151,1.1606],[149.9388,-22.1589,3.252],[149.9434,-22.1709,4.3556],[149.9452,-22.172,3.4224],[149.9753,-22.1588,4.9589],[149.9789,-22.1554,3.7286],[149.9828,-22.1461,4.4451],[149.9873,-22.1422,3.4892],[149.9982,-22.1363,0.0],[150.0034,-22.1353,5.1274],[150.0087,-22.128,6.2037],[150.0161,-22.1284,2.9],[150.0207,-22.1269,9.3109],[150.0231,-22.1227,10.1875],[150.0224,-22.1199,42.8257],[150.011,-22.1164,6.7251],[150.0127,-22.1105,2.8986],[150.0182,-22.1102,3.7932],[150.0235,-22.1124,10.8514],[150.0338,-22.11,1.8491],[150.0345,-22.1146,0.0],[150.0402,-22.112,16.8872],[150.0374,-22.1064,13.9679],[150.0331,-22.1082,18.8064]]],
[[[149.9188,-22.1227,0.0],[149.9163,-22.1048,0.0],[149.9113,-22.0979,0.0],[149.9043,-22.0769,0.0],[149.9077,-22.0721,0.0],[149.9052,-22.0674,8.1239],[149.9102,-22.0582,0.6909],[149.9089,-22.0537,1.6678],[149.9033,-22.0516,6.4817],[149.8973,-22.0541,0.0],[149.8816,-22.0679,0.0],[149.8832,-22.0798,2.1062],[149.8788,-22.0914,0.0],[149.8833,-22.0955,13.5019],[149.8832,-22.0994,4.3243],[149.8757,-22.0995,0.0],[149.8728,-22.1043,32.5641],[149.8737,-22.1114,2.1134],[149.8713,-22.1139,3.0246],[149.8699,-22.1208,0.0],[149.8718,-22.1244,3.7364],[149.8747,-22.126,2.6466],[149.8728,-22.1323,4.2287],[149.869,-22.1378,0.0],[149.8716,-22.1467,2.1461],[149.8698,-22.1515,0.0],[149.8632,-22.1581,2.2533],[149.8617,-22.165,1.0146],[149.8625,-22.1721,4.4096],[149.8662,-22.1789,0.4581],[149.8653,-22.1885,2.1558],[149.8698,-22.1922,0.0],[149.8742,-22.2009,3.2565],[149.8791,-22.2037,4.5632],[149.8776,-22.2092,0.8371],[149.8691,-22.2136,1.36],[149.866,-22.2191,0.0],[149.8662,-22.222,0.0],[149.8697,-22.2263,0.0],[149.8882,-22.2341,4.5068],[149.8961,-22.2348,2.4989],[149.9026,-22.2313,3.5878],[149.9143,-22.2152,0.0],[149.9186,-22.205,2.45],[149.9169,-22.1953,4.5967],[149.9207,-22.1868,5.8528],[149.9204,-22.1828,6.7023],[149.9236,-22.1739,3.1688],[149.9206,-22.1547,4.9781],[149.9233,-22.1506,2.5717],[149.9247,-22.1434,2.2676],[149.9297,-22.1368,15.2847],[149.93,-22.1337,8.2037],[149.9271,-22.1303,0.8768],[149.9223,-22.128,0.8652],[149.9188,-22.1227,0.0]]],
[[[150.6769,-22.0909,27.4327],[150.6721,-22.0832,31.6984],[150.6696,-22.0827,4.3239],[150.6722,-22.0879,11.3774],[150.6699,-22.0944,9.8368],[150.6739,-22.0946,0.0],[150.6769,-22.0909,27.4327]]],
[[[150.059,-22.1316,2.0249],[150.0587,-22.131,0.3691],[150.0583,-22.1314,2.0249],[150.0588,-22.1318,2.0249],[150.059,-22.1316,2.0249]]],
[[[150.0518,-22.1308,0.3183],[150.0518,-22.1304,0.3183],[150.0512,-22.1301,-0.0078],[150.0509,-22.1307,-0.0078],[150.0518,-22.1308,0.3183]]],
[[[149.9124,-22.0581,0.0],[149.9127,-22.0597,0.0],[149.9146,-22.059,0.0],[149.914,-22.0572,0.0],[149.9124,-22.0581,0.0]]],
[[[149.6153,-22.0553,1.0998],[149.6158,-22.0539,1.4566],[149.6125,-22.0513,3.185],[149.6122,-22.0523,3.185],[149.6153,-22.0553,1.0998]]],
[[[149.9896,-22.0527,0.0],[149.9883,-22.0526,0.0],[149.9864,-22.0564,1.3235],[149.989,-22.0588,7.7369],[149.991,-22.0561,10.4049],[149.9896,-22.0527,0.0]]],
[[[149.065,-20.6149,8.2662],[149.0658,-20.6137,7.9927],[149.0623,-20.6118,1.2702],[149.0623,-20.6125,1.2702],[149.065,-20.6149,8.2662]]]]}}