{"type":"Feature","properties":{"GID_2":"AUS.11.40_1","GID_0":"AUS","country":"Australia","GID_1":"AUS.11_1","state":"WesternAustralia","NL_NAME_1":"NA","county":"Derby-WestKimberley","VARNAME_2":"NA","NL_NAME_2":"NA","TYPE_2":"Shire","ENGTYPE_2":"Shire","CC_2":"52800","HASC_2":"AU.WA.DW","name":"Derby-WestKimberley.county"},
"geometry":{"type": "MultiPolygon","coordinates": [[[[123.4043,-18.6633,163.4437],[123.4043,-18.7541,162.098],[123.55029999999999,-18.7542,155.6573],[123.5456,-19.4986,180.6214],[126.0014,-19.4986,231.0171],[126.0018,-19.4234,237.5923],[126.5049,-19.4234,294.1392],[126.5049,-19.2456,271.9639],[126.582,-19.2456,294.0378],[126.582,-19.0106,314.8178],[126.1853,-19.0046,202.2666],[126.1207,-18.9965,198.0793],[126.1213,-18.8043,233.4321],[126.0806,-18.7525,233.3685],[126.0567,-18.7639,202.8871],[126.0502,-18.7648,199.8147],[126.0317,-18.7555,192.295],[126.0261,-18.7555,188.764],[126.0261,-18.731,227.5301],[126.0079,-18.7241,241.2487],[126.011,-18.7087,252.9772],[125.9567,-18.6745,226.8267],[125.9298,-18.6202,208.7944],[125.9028,-18.6137,175.183],[125.9908,-18.5232,163.8795],[126.0333,-18.4914,169.1712],[126.0336,-18.4286,172.687],[126.0361,-18.3545,139.4487],[126.0376,-18.3506,139.2395],[126.0358,-18.3506,139.2395],[126.0358,-18.3361,141.4211],[126.0433,-18.3361,141.8977],[126.0483,-18.3201,145.6902],[126.0622,-18.3252,141.3017],[126.0802,-18.343,145.6017],[126.0874,-18.347,146.666],[126.0975,-18.3494,144.4609],[126.1233,-18.3443,148.2164],[126.1585,-18.3282,150.8416],[126.1831,-18.3229,140.3576],[126.2547,-18.3963,254.4153],[126.3155,-18.3963,310.5154],[126.3155,-18.2562,209.9899],[126.3188,-18.2531,158.3053],[126.3254,-18.2533,155.7395],[126.3246,-18.1739,326.8782],[126.2827,-18.1739,165.9387],[126.2827,-18.0965,195.7566],[126.6225,-18.0965,354.4725],[126.6225,-17.7789,290.1417],[126.392,-17.7789,377.445],[126.392,-17.633,496.1696],[126.3084,-17.633,443.7281],[126.3084,-17.5803,525.8843],[126.1337,-17.581,172.4076],[126.1332,-17.576,175.4946],[126.1393,-17.5686,179.2465],[126.1408,-17.5576,176.0865],[126.1433,-17.5542,177.0887],[126.1495,-17.5542,178.9042],[126.1543,-17.5588,177.1112],[126.1586,-17.5595,179.8772],[126.1656,-17.5571,180.1509],[126.1722,-17.5604,181.5134],[126.1855,-17.56,181.0452],[126.1981,-17.5541,186.7115],[126.2034,-17.537,187.9217],[126.215,-17.5296,197.982],[126.2244,-17.5276,211.7033],[126.2283,-17.5232,241.7456],[126.2289,-17.5176,216.6187],[126.2231,-17.5052,209.8856],[126.2254,-17.5032,210.1968],[126.2344,-17.5026,223.3],[126.2373,-17.5001,211.0421],[126.2377,-17.4947,246.6069],[126.2316,-17.4908,237.409],[126.2302,-17.4882,209.5],[126.2424,-17.4776,237.3079],[126.2444,-17.4707,229.8724],[126.2519,-17.4655,231.9545],[126.2534,-17.4617,257.0089],[126.2579,-17.4596,239.4436],[126.2735,-17.4582,240.6352],[126.2805,-17.4604,249.3311],[126.2849,-17.4591,249.5891],[126.29,-17.4544,249.2608],[126.2882,-17.4458,283.247],[126.2971,-17.436,247.9693],[126.2971,-17.4867,365.9341],[126.4277,-17.4867,517.1614],[126.4277,-17.434,327.6405],[126.5394,-17.434,383.9691],[126.5394,-17.5431,381.3917],[126.6489,-17.5431,466.0296],[126.6489,-17.4952,330.8279],[126.6665,-17.4942,413.9893],[126.6828,-17.4992,321.7489],[126.7108,-17.503,343.6266],[126.7167,-17.5013,332.1526],[126.7256,-17.4948,326.2011],[126.7409,-17.4997,342.3405],[126.7461,-17.4957,347.0884],[126.7464,-17.4919,352.6153],[126.7484,-17.4911,337.7547],[126.7705,-17.4895,347.8156],[126.7765,-17.4813,337.7788],[126.7779,-17.4811,349.3516],[126.7831,-17.4879,344.1722],[126.7928,-17.4822,344.5613],[126.8124,-17.4822,348.2945],[126.8356,-17.4794,353.8684],[126.8479,-17.4729,357.6425],[126.8689,-17.4825,363.3016],[126.8733,-17.4819,372.1025],[126.881,-17.4754,366.7267],[126.8913,-17.4754,371.6588],[126.8913,-17.5486,486.8777],[127.0471,-17.5486,457.9402],[127.0471,-17.3873,612.7755],[127.2472,-17.3873,647.0331],[127.2472,-17.2327,542.3414],[127.3268,-17.2327,455.1473],[127.3268,-17.2163,501.7472],[127.4129,-17.2163,776.5377],[127.4129,-16.9981,440.239],[127.5642,-16.9981,466.8997],[127.5642,-16.8426,369.1021],[127.4138,-16.8426,496.7755],[127.4138,-16.9807,484.9641],[127.3386,-16.9807,615.0716],[127.3386,-17.0722,475.3469],[127.2197,-17.0722,595.9209],[127.2197,-17.108,581.3519],[126.9536,-17.108,586.4554],[126.9536,-16.8471,461.5445],[126.639,-16.8471,475.8001],[126.639,-16.7002,567.109],[126.4908,-16.7002,514.9653],[126.4908,-16.6864,517.3603],[126.2865,-16.6864,430.985],[126.2902,-16.6809,430.103],[126.2978,-16.6754,431.897],[126.306,-16.6616,438.815],[126.3102,-16.6463,435.3389],[126.3083,-16.6361,461.1449],[126.3137,-16.6335,438.16],[126.3238,-16.6375,443.7861],[126.3263,-16.6357,439.0781],[126.3258,-16.6291,438.2769],[126.0298,-16.6291,534.3644],[126.0298,-16.722,424.093],[125.9623,-16.722,492.7921],[125.9623,-16.6613,404.7133],[125.9503,-16.6697,402.1892],[125.9517,-16.6523,407.5833],[125.9623,-16.6459,428.1074],[125.9623,-16.4482,631.839],[125.9895,-16.4482,588.9994],[125.9895,-16.0807,516.6603],[126.0012,-16.0809,487.5487],[126.0013,-15.9986,550.889],[125.2272,-15.9986,208.5842],[125.2236,-15.9928,208.0499],[125.2235,-15.9781,210.2739],[125.2152,-15.9724,212.9564],[125.2157,-15.9668,213.0844],[125.2131,-15.963,215.4364],[125.2106,-15.9529,221.8872],[125.0696,-15.9529,214.3749],[125.0713,-15.95,213.499],[125.0864,-15.946,195.5952],[125.0917,-15.9424,197.7927],[125.1074,-15.9394,201.194],[125.1074,-15.9015,287.7479],[124.9026,-15.9015,349.6783],[124.9026,-15.9986,198.0369],[124.5811,-15.9986,19.0657],[124.5798,-16.0017,0.725],[124.5825,-16.0014,7.004],[124.5847,-16.0069,0.0],[124.5845,-16.0101,6.3043],[124.5824,-16.0106,1.5373],[124.5834,-16.0121,1.4096],[124.5871,-16.0117,37.4286],[124.588,-16.0143,21.7404],[124.5862,-16.0174,0.0],[124.5896,-16.0216,17.814],[124.5889,-16.023,0.5171],[124.5903,-16.025,0.0],[124.5942,-16.0252,0.5493],[124.5955,-16.0274,18.4084],[124.5906,-16.0269,9.1538],[124.5838,-16.0227,2.1295],[124.5805,-16.0232,1.9704],[124.5825,-16.0258,14.7629],[124.5813,-16.0305,16.9378],[124.5868,-16.0394,0.0],[124.5855,-16.0668,2.521],[124.5882,-16.0837,5.328],[124.589,-16.1134,0.0],[124.5924,-16.1161,0.8198],[124.603,-16.1153,1.9158],[124.6094,-16.1116,3.101],[124.6173,-16.0996,0.0],[124.6181,-16.0898,0.0],[124.6221,-16.0898,6.9588],[124.6223,-16.0924,6.6184],[124.6243,-16.0929,8.2205],[124.6219,-16.0942,0.0],[124.623,-16.0997,0.0],[124.6295,-16.0948,4.1836],[124.6302,-16.0961,4.1836],[124.6314,-16.0954,0.7444],[124.6322,-16.0925,5.5735],[124.6341,-16.0918,4.6231],[124.6339,-16.0944,3.5622],[124.6377,-16.0932,1.8376],[124.6358,-16.0958,0.0],[124.643,-16.0979,1.751],[124.6441,-16.0962,1.8153],[124.6474,-16.0961,3.2119],[124.6469,-16.0981,3.562],[124.6451,-16.1006,4.6541],[124.6315,-16.1019,8.827],[124.6287,-16.1035,4.2274],[124.6283,-16.1062,2.5119],[124.6211,-16.1114,4.6235],[124.6215,-16.114,7.302],[124.6197,-16.1125,0.0],[124.6141,-16.1179,7.6393],[124.5993,-16.1274,3.7449],[124.5907,-16.1258,1.4193],[124.5854,-16.1276,5.9976],[124.5836,-16.1257,2.8372],[124.5748,-16.1248,2.928],[124.5607,-16.1195,1.135],[124.5579,-16.1298,1.4876],[124.554,-16.1349,1.3984],[124.5556,-16.1378,5.6738],[124.5492,-16.1365,0.3541],[124.5455,-16.1454,1.7714],[124.5404,-16.1499,1.8149],[124.5386,-16.1543,0.154],[124.5414,-16.1576,3.0996],[124.5364,-16.1556,-0.1311],[124.5286,-16.1626,0.5316],[124.527,-16.162,0.0],[124.5258,-16.1712,7.8928],[124.5367,-16.1842,4.9204],[124.5333,-16.1863,9.3215],[124.5302,-16.1817,1.5882],[124.5254,-16.1812,0.0],[124.5245,-16.1856,0.3002],[124.5326,-16.1894,6.0777],[124.5284,-16.1901,3.4045],[124.5251,-16.1882,0.0],[124.5264,-16.1948,5.2215],[124.5231,-16.1932,3.8511],[124.5241,-16.1914,3.1668],[124.5221,-16.1894,1.7618],[124.5213,-16.1849,0.4601],[124.5201,-16.1896,6.3861],[124.5188,-16.1891,4.0707],[124.5208,-16.1821,2.4021],[124.519,-16.1809,0.8367],[124.5188,-16.1788,0.1188],[124.5131,-16.1903,3.1922],[124.5155,-16.1949,4.407],[124.5124,-16.1918,0.914],[124.5104,-16.1969,7.5132],[124.5122,-16.2,8.0552],[124.5108,-16.201,6.2151],[124.5093,-16.1986,6.2972],[124.5105,-16.2044,8.7573],[124.5082,-16.206,7.4549],[124.509,-16.2027,7.9735],[124.5078,-16.1986,6.7768],[124.5095,-16.1934,1.1215],[124.5081,-16.1929,7.643],[124.5102,-16.1918,0.9043],[124.5168,-16.1774,1.8017],[124.5157,-16.1766,1.8017],[124.5087,-16.1817,0.9224],[124.5015,-16.1892,4.0815],[124.5027,-16.1879,5.3575],[124.5013,-16.1875,5.3575],[124.5013,-16.1854,6.4531],[124.5028,-16.1862,1.9094],[124.5053,-16.1829,3.9217],[124.5014,-16.1827,5.3348],[124.5028,-16.181,8.4192],[124.5063,-16.1818,3.9217],[124.5076,-16.1806,5.4589],[124.5053,-16.1797,7.4283],[124.5081,-16.1801,5.4589],[124.517,-16.1736,3.3526],[124.517,-16.171,1.4694],[124.5139,-16.1708,3.3852],[124.5151,-16.1682,0.1121],[124.5141,-16.1647,2.3275],[124.509,-16.155,0.0],[124.4929,-16.1382,0.4553],[124.4866,-16.1222,1.2732],[124.4761,-16.1159,0.1177],[124.4726,-16.109,0.1392],[124.4686,-16.1072,0.0],[124.4675,-16.1116,1.8823],[124.4666,-16.107,0.2676],[124.4634,-16.1075,0.8508],[124.4641,-16.1054,0.0],[124.4584,-16.1025,2.586],[124.4591,-16.1008,5.4699],[124.4612,-16.1007,2.2474],[124.4631,-16.1024,0.9218],[124.4689,-16.1026,25.082],[124.4729,-16.0969,19.9262],[124.48,-16.0941,65.9607],[124.4805,-16.0911,11.3864],[124.4778,-16.0863,55.7683],[124.4772,-16.0785,42.8663],[124.4747,-16.0755,4.7892],[124.4667,-16.0743,4.6035],[124.4641,-16.0718,4.7015],[124.4623,-16.0727,0.0],[124.4627,-16.0795,0.5463],[124.4606,-16.0788,0.4255],[124.4597,-16.0804,2.6897],[124.4574,-16.0784,0.3583],[124.4533,-16.0784,98.2968],[124.4469,-16.0727,49.0452],[124.4476,-16.0668,0.0],[124.4456,-16.0687,18.5371],[124.4443,-16.0654,0.0],[124.4423,-16.0755,2.8328],[124.4431,-16.1022,24.2242],[124.4486,-16.1056,9.7668],[124.4489,-16.1103,7.75],[124.4473,-16.1099,7.75],[124.4433,-16.1135,4.7261],[124.4475,-16.1142,18.0301],[124.4497,-16.122,23.1279],[124.4473,-16.1374,3.1798],[124.4404,-16.1516,0.3707],[124.44,-16.1598,2.8959],[124.4367,-16.1634,0.0],[124.4378,-16.1656,0.2103],[124.4359,-16.1667,0.0],[124.4339,-16.1748,0.3113],[124.4347,-16.1788,0.0],[124.4323,-16.182,4.8893],[124.4292,-16.1802,0.9485],[124.4277,-16.1828,4.9617],[124.4259,-16.1765,5.0478],[124.423,-16.1786,4.5488],[124.4213,-16.1757,0.147],[124.4206,-16.1776,0.7747],[124.4169,-16.1765,6.6054],[124.4149,-16.1716,4.8145],[124.415,-16.175,8.2046],[124.4119,-16.1741,9.9259],[124.4109,-16.1753,2.0563],[124.4108,-16.1733,9.9259],[124.4062,-16.1732,14.9843],[124.403,-16.1688,3.9454],[124.3986,-16.1695,0.8505],[124.3979,-16.1727,29.3946],[124.4012,-16.1801,0.2651],[124.401,-16.1827,0.4856],[124.3895,-16.1848,4.065],[124.3888,-16.1909,2.5436],[124.3917,-16.1932,1.8725],[124.3958,-16.1924,5.5862],[124.3986,-16.1939,3.6114],[124.4002,-16.2017,4.5211],[124.3934,-16.2063,0.4497],[124.3916,-16.2088,0.0],[124.3923,-16.2125,1.2086],[124.3871,-16.2137,5.1916],[124.3866,-16.2168,11.8301],[124.3849,-16.2178,21.7869],[124.3841,-16.216,2.0976],[124.3797,-16.2155,1.7274],[124.379,-16.2166,0.8496],[124.3825,-16.2182,0.1608],[124.3827,-16.2216,2.1617],[124.3787,-16.227,3.8696],[124.3831,-16.2273,3.5179],[124.399,-16.238,0.0],[124.4027,-16.238,0.2674],[124.4045,-16.2407,0.2195],[124.4042,-16.2483,1.08],[124.4079,-16.2507,0.7075],[124.4005,-16.2646,0.3884],[124.4012,-16.2681,0.0],[124.399,-16.274,0.65],[124.3955,-16.275,5.3119],[124.3925,-16.2729,0.9572],[124.3912,-16.2767,2.1123],[124.3866,-16.2746,8.083],[124.3852,-16.2761,0.0],[124.3857,-16.2779,16.585],[124.3937,-16.2809,13.8979],[124.3941,-16.2856,8.6671],[124.3988,-16.288,1.6106],[124.3992,-16.2905,0.6102],[124.3972,-16.292,0.5624],[124.4007,-16.2923,0.9976],[124.4029,-16.2981,4.6811],[124.4107,-16.2936,6.3915],[124.4032,-16.3018,10.0578],[124.4035,-16.3064,17.6833],[124.401,-16.3062,0.0],[124.4028,-16.3105,19.8656],[124.4006,-16.3228,12.2637],[124.3947,-16.3342,5.477],[124.3945,-16.3385,13.2581],[124.3968,-16.3392,13.4391],[124.4007,-16.3337,15.6716],[124.4036,-16.3333,19.4226],[124.4074,-16.3353,1.0799],[124.4069,-16.341,13.077],[124.4082,-16.342,5.8021],[124.4123,-16.3392,16.0204],[124.4069,-16.3473,15.7367],[124.4089,-16.3527,30.8619],[124.4125,-16.3521,6.5691],[124.414,-16.3537,0.0],[124.4117,-16.3573,0.0],[124.4166,-16.3572,20.5053],[124.4188,-16.359,12.5018],[124.4232,-16.358,5.0016],[124.4242,-16.3596,0.0],[124.4265,-16.3581,7.3268],[124.4306,-16.3593,27.3602],[124.4328,-16.3569,5.8692],[124.4356,-16.358,1.5858],[124.4389,-16.355,9.1867],[124.4443,-16.3573,1.4201],[124.4497,-16.3522,6.2925],[124.4531,-16.3545,22.4618],[124.4574,-16.3528,35.1788],[124.4594,-16.3507,24.9034],[124.4573,-16.3494,25.2268],[124.4577,-16.3479,5.5907],[124.4643,-16.3412,8.4],[124.4671,-16.3423,14.295],[124.4707,-16.3477,10.0699],[124.4776,-16.345,5.7735],[124.4798,-16.3476,0.0],[124.4784,-16.3537,22.0841],[124.4805,-16.3564,3.2589],[124.4941,-16.3514,11.0164],[124.4962,-16.3476,34.6149],[124.5001,-16.3479,37.3878],[124.5054,-16.3453,4.3726],[124.5066,-16.3428,13.3737],[124.5084,-16.3427,10.0587],[124.5068,-16.3438,18.5239],[124.5109,-16.3462,25.383],[124.5151,-16.3427,45.7287],[124.5267,-16.3404,1.2885],[124.5346,-16.3357,3.3737],[124.571,-16.3293,4.6376],[124.577,-16.3305,4.3863],[124.5836,-16.3298,3.2544],[124.5983,-16.3356,5.1419],[124.6125,-16.335,6.7002],[124.6233,-16.3365,0.0],[124.6365,-16.34,0.0],[124.6456,-16.3447,0.0],[124.6573,-16.346,4.783],[124.6734,-16.3504,1.4538],[124.6841,-16.3452,0.0],[124.6935,-16.3447,0.7144],[124.7152,-16.3558,5.4219],[124.7252,-16.3722,0.842],[124.7334,-16.3755,0.0],[124.7473,-16.3749,1.6593],[124.7877,-16.3859,2.1075],[124.7964,-16.3938,0.5],[124.8074,-16.4071,5.4358],[124.8098,-16.4129,8.1292],[124.8145,-16.4164,1.0],[124.8175,-16.4117,3.9787],[124.8305,-16.4091,2.5251],[124.8389,-16.4117,1.9783],[124.8425,-16.4147,3.9267],[124.8485,-16.4154,4.3214],[124.8639,-16.4127,7.3847],[124.8744,-16.4162,3.2462],[124.877,-16.4105,5.7418],[124.8819,-16.4088,3.2467],[124.8895,-16.4104,2.0],[124.8962,-16.4151,2.0],[124.9013,-16.416,5.1346],[124.9101,-16.41,6.2563],[124.9126,-16.3987,2.0],[124.9171,-16.3888,4.7588],[124.9205,-16.3859,4.9689],[124.9277,-16.3823,5.7838],[124.9347,-16.384,6.819],[124.9439,-16.384,2.5],[124.9533,-16.3713,6.0344],[124.9555,-16.3735,9.0191],[124.955,-16.3766,3.0],[124.9501,-16.3827,2.5],[124.9504,-16.3904,13.6691],[124.9465,-16.3939,12.9602],[124.9377,-16.393,9.8789],[124.9354,-16.3896,7.457],[124.931,-16.3882,6.1013],[124.9223,-16.3911,2.5],[124.9182,-16.4065,2.0],[124.9211,-16.4119,6.6105],[124.9213,-16.4167,5.0273],[124.9172,-16.4208,8.2342],[124.9085,-16.42,6.5446],[124.888,-16.428,5.6931],[124.8651,-16.4285,4.4131],[124.8594,-16.4272,3.7731],[124.8423,-16.4318,3.1794],[124.8405,-16.4343,1.5],[124.8386,-16.4327,1.5],[124.8275,-16.432,2.8107],[124.8152,-16.4267,4.9974],[124.7935,-16.4089,1.47],[124.7509,-16.3905,1.7325],[124.7454,-16.39,0.0],[124.7366,-16.3948,5.3032],[124.7271,-16.3974,7.6175],[124.7182,-16.3971,1.1084],[124.7034,-16.4013,5.389],[124.6267,-16.4048,10.3447],[124.6198,-16.4069,1.1532],[124.6116,-16.412,3.5223],[124.5997,-16.4143,3.2237],[124.5797,-16.4131,6.127],[124.5738,-16.4111,0.0],[124.5733,-16.413,6.2822],[124.5727,-16.4109,0.0],[124.5605,-16.4071,0.0],[124.5401,-16.4102,4.5007],[124.5317,-16.4073,1.3258],[124.5136,-16.4086,6.0708],[124.5092,-16.4074,0.9195],[124.5013,-16.4008,1.0052],[124.497,-16.4024,0.0],[124.4971,-16.4105,1.308],[124.4945,-16.4117,6.9165],[124.4964,-16.4059,6.1454],[124.4944,-16.4043,0.0],[124.4898,-16.4064,15.731],[124.4873,-16.4046,5.354],[124.4825,-16.4058,0.6851],[124.4795,-16.4082,5.5705],[124.475,-16.4059,0.0],[124.4642,-16.4113,7.1764],[124.466,-16.4071,0.0],[124.4492,-16.4109,6.1163],[124.4524,-16.4065,3.7713],[124.4511,-16.403199999999998,27.9378],[124.4521,-16.3967,17.7786],[124.4496,-16.393,7.4745],[124.4495,-16.3886,10.664],[124.4447,-16.3888,0.0],[124.4448,-16.3921,0.0],[124.4398,-16.3952,4.8764],[124.4313,-16.3941,0.7139],[124.4254,-16.3891,3.2576],[124.4264,-16.383,7.6734],[124.4319,-16.3775,14.8417],[124.4315,-16.3742,0.0],[124.4268,-16.3737,4.4875],[124.4255,-16.3707,26.2915],[124.4262,-16.3668,26.6561],[124.4239,-16.3664,10.7443],[124.4197,-16.3704,44.5234],[124.4175,-16.3688,11.8339],[124.4149,-16.3693,2.97],[124.4141,-16.3735,4.4074],[124.4074,-16.3733,10.7356],[124.4075,-16.3702,11.4507],[124.4018,-16.3695,65.4288],[124.4031,-16.367,0.0],[124.4026,-16.3522,0.503],[124.4013,-16.3517,0.8317],[124.3991,-16.3543,16.5267],[124.3992,-16.3484,21.574],[124.3964,-16.3476,0.0],[124.3945,-16.345,2.4778],[124.3891,-16.3465,17.5748],[124.3875,-16.3456,0.0],[124.3842,-16.3538,8.54],[124.3804,-16.3525,1.6033],[124.3757,-16.3578,0.0],[124.3737,-16.3642,2.5357],[124.3643,-16.3747,1.4869],[124.363,-16.3782,1.3987],[124.3657,-16.3787,2.4708],[124.3584,-16.3815,0.0],[124.358,-16.386,0.0],[124.3546,-16.3903,0.755],[124.3507,-16.388,0.0188],[124.3489,-16.3892,0.363],[124.3475,-16.3919,2.919],[124.3479,-16.399,0.0],[124.3436,-16.4036,1.5943],[124.3464,-16.4046,17.54],[124.3471,-16.4074,3.1151],[124.3424,-16.41,17.1672],[124.3443,-16.4164,11.5311],[124.3363,-16.4165,15.174],[124.3365,-16.4188,20.2941],[124.3391,-16.42,6.3484],[124.3406,-16.4245,8.8715],[124.3464,-16.4248,0.0],[124.3577,-16.421,5.5841],[124.3704,-16.4204,3.5998],[124.3732,-16.417,11.138],[124.3812,-16.4137,1.5223],[124.3888,-16.4152,0.0],[124.3985,-16.4224,1.4864],[124.4019,-16.429,6.7303],[124.4009,-16.4441,0.0],[124.4066,-16.4489,12.3738],[124.4035,-16.4554,4.4818],[124.4028,-16.4624,3.3226],[124.4008,-16.4638,0.0],[124.4028,-16.4697,11.1761],[124.4066,-16.4703,49.7037],[124.4102,-16.4765,5.6181],[124.4127,-16.4774,17.6729],[124.4191,-16.4852,0.5705],[124.4306,-16.4835,0.9835],[124.4371,-16.4769,8.295],[124.4414,-16.4754,3.2942],[124.4375,-16.4783,0.6025],[124.4401,-16.4828,19.8747],[124.4534,-16.486,3.801],[124.4506,-16.4872,0.0],[124.4584,-16.4896,0.0],[124.4615,-16.4931,0.0],[124.4632,-16.492,8.2977],[124.4674,-16.4955,2.0546],[124.4682,-16.4985,1.4422],[124.462,-16.5017,3.5791],[124.448,-16.4961,0.0],[124.4492,-16.5012,1.0553],[124.4435,-16.4949,1.3312],[124.4463,-16.5029,0.0],[124.4494,-16.5067,8.3354],[124.4447,-16.5027,4.4055],[124.4426,-16.5089,6.4275],[124.4435,-16.5022,4.4055],[124.4412,-16.4975,0.5312],[124.4392,-16.4975,2.437],[124.4375,-16.4997,3.2089],[124.4375,-16.4975,0.8333],[124.4298,-16.4985,8.9096],[124.429,-16.5031,7.9462],[124.4343,-16.5097,7.1066],[124.4313,-16.511,3.4314],[124.4322,-16.5137,5.2507],[124.4297,-16.5128,4.6174],[124.4298,-16.5157,3.5006],[124.4321,-16.5166,6.0257],[124.4355,-16.5255,4.8211],[124.4276,-16.5179,0.0],[124.4284,-16.5227,0.7252],[124.4255,-16.5242,0.0],[124.4262,-16.5317,0.0],[124.4228,-16.5333,1.3369],[124.422,-16.5365,3.4384],[124.4158,-16.5378,0.0],[124.4126,-16.5424,5.946],[124.4103,-16.5433,5.0569],[124.4041,-16.5408,0.0],[124.4064,-16.5339,1.3641],[124.4027,-16.5365,7.1256],[124.3995,-16.5364,7.0716],[124.3971,-16.5341,2.475],[124.3923,-16.533,7.4182],[124.3923,-16.5309,4.1039],[124.3955,-16.5273,4.5242],[124.4031,-16.528,0.0],[124.4075,-16.5255,6.6167],[124.4115,-16.519,1.0804],[124.4059,-16.5224,5.9341],[124.4152,-16.5123,6.6174],[124.4152,-16.51,8.7611],[124.4144,-16.5072,0.0],[124.4091,-16.5036,1.2445],[124.4028,-16.507,10.4356],[124.3991,-16.5064,3.038],[124.4059,-16.5036,1.1732],[124.4045,-16.5021,0.1049],[124.4,-16.5026,3.75],[124.4029,-16.5001,0.2328],[124.4009,-16.4973,0.0976],[124.3979,-16.5012,0.8943],[124.3916,-16.5046,3.7715],[124.4043,-16.4883,0.0],[124.4035,-16.4828,11.945],[124.4073,-16.4786,45.5999],[124.4053,-16.4742,0.0],[124.4038,-16.4745,9.3009],[124.3994,-16.4695,38.2629],[124.3981,-16.4652,3.6081],[124.3948,-16.4643,0.1089],[124.3953,-16.4616,5.6923],[124.3903,-16.459,0.972],[124.3894,-16.456,63.4083],[124.3938,-16.4533,0.0],[124.3901,-16.4452,12.0274],[124.3805,-16.4422,2.4791],[124.3734,-16.4427,0.0],[124.3611,-16.4487,3.9452],[124.3605,-16.4517,1.4991],[124.3637,-16.4531,3.2989],[124.3637,-16.4582,30.1372],[124.3626,-16.4548,7.5428],[124.3587,-16.4527,1.4991],[124.3555,-16.4551,5.4412],[124.3534,-16.4542,0.0],[124.35,-16.4586,0.2404],[124.3461,-16.4602,1.3879],[124.345,-16.4656,4.0483],[124.3438,-16.4598,4.2057],[124.3361,-16.4608,1.4648],[124.3323,-16.4585,1.9367],[124.3314,-16.4602,2.6348],[124.3256,-16.4612,0.0],[124.3306,-16.4654,1.6281],[124.3236,-16.4622,3.6756],[124.3214,-16.4685,2.2364],[124.3192,-16.4687,1.6624],[124.3169,-16.467,1.4818],[124.318,-16.4631,1.4659],[124.3148,-16.4632,2.2041],[124.31,-16.456,2.5756],[124.3081,-16.4554,4.0795],[124.3174,-16.4526,5.4417],[124.3222,-16.4488,5.0933],[124.3211,-16.447,4.1696],[124.3234,-16.4456,6.6502],[124.3231,-16.444,4.9188],[124.3146,-16.4433,2.5949],[124.3151,-16.4415,4.3557],[124.3246,-16.442,0.5189],[124.3318,-16.4395,5.9353],[124.331,-16.4381,5.9353],[124.3336,-16.4352,7.038],[124.3342,-16.4285,0.3661],[124.3292,-16.4282,10.9706],[124.3291,-16.425,10.1494],[124.3227,-16.4215,40.4752],[124.3221,-16.4197,24.5707],[124.325,-16.4149,4.988],[124.3179,-16.4179,0.5484],[124.3131,-16.4181,0.0],[124.3112,-16.4202,9.9974],[124.3079,-16.414,3.0322],[124.3001,-16.4149,4.1376],[124.2982,-16.4177,1.8777],[124.3014,-16.4174,4.2012],[124.3012,-16.4184,6.7112],[124.2947,-16.4239,10.5214],[124.2901,-16.4218,1.5286],[124.2899,-16.4171,1.5201],[124.2829,-16.4145,0.0],[124.2764,-16.4165,2.6586],[124.2744,-16.4134,0.0],[124.2649,-16.4149,6.3266],[124.2611,-16.4194,13.22],[124.2641,-16.4138,0.0],[124.2567,-16.4096,5.0312],[124.2496,-16.4127,0.1515],[124.2436,-16.412,0.4989],[124.2428,-16.4155,0.8739],[124.2396,-16.4136,0.8324],[124.2391,-16.4155,0.8264],[124.2334,-16.4164,4.9902],[124.2333,-16.4193,4.1149],[124.2247,-16.4176,9.2358],[124.2227,-16.4184,12.8895],[124.2237,-16.4154,5.8852],[124.2187,-16.4127,43.6736],[124.2195,-16.4101,0.0],[124.2175,-16.4053,3.3165],[124.2115,-16.3985,4.9031],[124.2109,-16.4025,15.5322],[124.2089,-16.4002,7.3431],[124.2063,-16.4037,9.5155],[124.2039,-16.4023,3.2235],[124.2019,-16.4048,4.4675],[124.2022,-16.4025,11.9015],[124.2101,-16.397,29.7138],[124.2071,-16.3947,23.0997],[124.2088,-16.3918,14.4157],[124.2073,-16.3914,6.2575],[124.2067,-16.3929,6.2575],[124.2049,-16.3869,4.4636],[124.2002,-16.3875,2.6808],[124.1995,-16.3909,3.9018],[124.1959,-16.389,15.2991],[124.1966,-16.3858,6.3617],[124.2051,-16.3851,2.3132],[124.2058,-16.3839,3.8221],[124.2046,-16.3778,0.0],[124.1997,-16.3725,0.094],[124.1977,-16.3781,2.4654],[124.197,-16.377,0.9853],[124.1965,-16.3739,0.3731],[124.1984,-16.3706,0.7138],[124.1964,-16.3688,0.4787],[124.2003,-16.3672,0.0],[124.1981,-16.3656,0.7041],[124.1993,-16.3606,2.3544],[124.1973,-16.3629,1.0346],[124.1961,-16.362,0.4646],[124.1935,-16.3664,1.7067],[124.1912,-16.362,1.6303],[124.1946,-16.3566,0.7324],[124.1857,-16.3527,15.7008],[124.1927,-16.3479,0.9555],[124.1931,-16.3441,12.1371],[124.1949,-16.3426,1.1336],[124.1857,-16.3331,16.3901],[124.1833,-16.334,40.5866],[124.184,-16.3318,0.0],[124.177,-16.3306,19.2234],[124.175,-16.3282,14.5651],[124.1753,-16.3232,5.6513],[124.1787,-16.3201,5.4835],[124.1766,-16.3178,3.5997],[124.1763,-16.3123,3.4201],[124.179,-16.3117,0.8846],[124.1797,-16.3096,1.8651],[124.1698,-16.3058,0.569],[124.1638,-16.306,7.0804],[124.1575,-16.3,1.2452],[124.1517,-16.2994,5.2226],[124.1486,-16.2961,0.0],[124.1461,-16.2967,43.8113],[124.1446,-16.2942,6.7165],[124.1395,-16.2925,23.1008],[124.1373,-16.2893,2.7989],[124.131,-16.2864,13.9761],[124.1277,-16.2862,-0.3882],[124.1266,-16.2891,-0.0044],[124.1245,-16.2889,1.6233],[124.1242,-16.2855,-0.3858],[124.1258,-16.2842,-0.3724],[124.123,-16.2827,4.9686],[124.1251,-16.2812,4.4121],[124.1245,-16.2804,4.4121],[124.1214,-16.28,10.9399],[124.1175,-16.2832,16.3755],[124.1187,-16.2796,10.6111],[124.1078,-16.2786,7.6607],[124.1014,-16.2854,32.6296],[124.1016,-16.2822,24.004],[124.1056,-16.2801,11.1917],[124.1048,-16.2778,0.0],[124.0944,-16.2753,3.7313],[124.094,-16.2772,26.6365],[124.0864,-16.272,0.0],[124.0834,-16.2766,13.7364],[124.0828,-16.2749,4.4325],[124.0802,-16.2764,15.163],[124.0794,-16.2756,10.4327],[124.0824,-16.2727,5.1355],[124.0755,-16.271,0.0],[124.0703,-16.2726,8.3336],[124.0699,-16.2747,37.8676],[124.0662,-16.2709,0.0],[124.0608,-16.2728,8.3842],[124.057,-16.2714,3.7052],[124.0603,-16.277,0.0],[124.0683,-16.2842,13.0264],[124.0641,-16.2811,2.8131],[124.0631,-16.282,24.2444],[124.0595,-16.2781,21.8788],[124.0571,-16.2787,23.727],[124.0535,-16.2755,17.5102],[124.0539,-16.2729,4.8102],[124.0524,-16.272,4.8102],[124.0497,-16.2724,0.0],[124.0499,-16.2747,64.9761],[124.0487,-16.2732,25.5771],[124.0438,-16.2734,12.4256],[124.042,-16.2783,5.6642],[124.0406,-16.2767,26.1153],[124.0418,-16.2728,0.0],[124.0386,-16.2773,14.6952],[124.0381,-16.2751,18.196],[124.0405,-16.272,13.6591],[124.0396,-16.2698,38.6151],[124.0424,-16.269,9.0425],[124.0392,-16.2657,3.6881],[124.0378,-16.2664,29.1375],[124.0347,-16.2624,2.0795],[124.0315,-16.2624,8.5879],[124.033,-16.2612,22.4363],[124.0312,-16.2592,1.9783],[124.0287,-16.2608,3.473],[124.027,-16.2602,17.5167],[124.0276,-16.2572,0.0],[124.0262,-16.2557,2.2681],[124.0251,-16.2603,27.9548],[124.0212,-16.2576,0.0],[124.0213,-16.2593,35.0835],[124.0188,-16.2589,5.5852],[124.0189,-16.261,9.1797],[124.0149,-16.2594,0.0],[124.0178,-16.2683,2.2001],[124.011,-16.2616,4.4012],[124.0099,-16.2574,3.9678],[124.0085,-16.2594,15.8421],[124.0067,-16.257,0.0],[124.0073,-16.2621,16.0177],[124.0043,-16.2592,2.0821],[124.0042,-16.2638,6.2616],[124.0025,-16.2611,0.0],[123.9998,-16.2647,1.3568],[124.0036,-16.2563,2.3071],[124.0028,-16.2546,8.631],[124.0,-16.2542,0.0],[123.9987,-16.2561,16.1089],[123.9967,-16.2542,0.0],[123.9973,-16.261,13.8831],[123.9955,-16.2616,0.0],[123.9941,-16.2599,10.3604],[123.9906,-16.2601,2.7645],[123.9904,-16.2572,14.6483],[123.9933,-16.2546,0.8923],[123.99,-16.2519,0.0],[123.9874,-16.2536,14.7014],[123.9842,-16.2521,7.2885],[123.9839,-16.2496,11.5585],[123.9798,-16.251,30.1361],[123.9799,-16.2483,11.767],[123.9754,-16.2497,9.8084],[123.9759,-16.2559,4.0802],[123.9726,-16.2521,6.5206],[123.9701,-16.2537,10.7495],[123.9733,-16.2476,20.918],[123.9721,-16.2453,8.0443],[123.9699,-16.2479,5.1469],[123.966,-16.2441,0.0],[123.9639,-16.2446,21.1895],[123.9557,-16.2389,0.0],[123.9399,-16.2336,24.3501],[123.932,-16.2221,22.6786],[123.9288,-16.2201,0.0],[123.9278,-16.2218,35.6164],[123.9245,-16.2189,0.0],[123.9245,-16.2226,53.8545],[123.9216,-16.2222,5.2939],[123.9207,-16.2173,0.0],[123.9153,-16.2156,8.7652],[123.9099,-16.2103,0.0],[123.9086,-16.2125,14.4184],[123.9099,-16.2167,0.0],[123.914,-16.2193,33.0858],[123.9139,-16.2212,9.155],[123.9166,-16.2219,28.7131],[123.9152,-16.2238,12.9013],[123.9162,-16.2248,3.1917],[123.9153,-16.2263,3.9887],[123.9175,-16.2269,8.3738],[123.9159,-16.2315,0.0],[123.9196,-16.2287,22.0091],[123.9198,-16.234,0.0],[123.9214,-16.2354,10.6826],[123.9259,-16.2296,16.1268],[123.9267,-16.2316,8.0472],[123.9245,-16.2355,16.7132],[123.9266,-16.2347,1.842],[123.9309,-16.2385,3.8529],[123.936,-16.2375,4.3968],[123.9339,-16.241,0.653],[123.9378,-16.2469,0.0],[123.9417,-16.2492,16.4019],[123.9436,-16.2465,3.5198],[123.9474,-16.2479,3.0481],[123.9492,-16.2455,26.4306],[123.952,-16.2462,32.7815],[123.9496,-16.249,18.0125],[123.9515,-16.2524,2.5148],[123.9475,-16.2501,0.7381],[123.9457,-16.2509,0.0],[123.9507,-16.2577,3.9172],[123.958,-16.2547,0.0],[123.9604,-16.2516,2.2863],[123.9625,-16.2528,7.5928],[123.9582,-16.2564,2.3729],[123.9587,-16.2575,2.3729],[123.9502,-16.2605,3.661],[123.9534,-16.2647,0.0],[123.9547,-16.2634,15.2828],[123.9593,-16.2652,4.2508],[123.9638,-16.2602,8.5222],[123.9612,-16.2686,0.0],[123.9638,-16.2684,20.6884],[123.964,-16.2707,21.3977],[123.9695,-16.2717,5.4576],[123.9706,-16.2735,0.0],[123.9725,-16.2729,38.3061],[123.9764,-16.2781,10.9047],[123.9783,-16.2786,6.299],[123.9788,-16.2771,36.037],[123.9876,-16.2839,15.366],[123.9888,-16.2817,18.5142],[123.9917,-16.2837,7.4538],[123.9937,-16.2814,4.2576],[123.9959,-16.2872,4.9731],[124.0001,-16.2918,12.5402],[123.9979,-16.293,0.0],[123.9967,-16.2909,0.0],[123.9935,-16.2904,7.5363],[123.9922,-16.2866,26.981],[123.9894,-16.2857,0.0],[123.9863,-16.2868,4.1173],[123.9807,-16.2818,4.2211],[123.9765,-16.2838,2.5967],[123.9727,-16.2812,0.0],[123.9715,-16.2823,4.5655],[123.961,-16.2798,0.0],[123.9607,-16.2823,0.0],[123.9566,-16.2845,9.0631],[123.9544,-16.2824,0.0],[123.9513,-16.2843,4.9772],[123.9532,-16.2889,6.7012],[123.9513,-16.2889,6.7012],[123.9498,-16.2861,0.0],[123.9479,-16.2881,46.3004],[123.9462,-16.2878,0.0],[123.9462,-16.2904,9.6389],[123.9417,-16.2891,1.986],[123.9336,-16.2977,4.0936],[123.9345,-16.3009,1.4789],[123.9362,-16.2991,40.3104],[123.9423,-16.3054,5.3989],[123.9438,-16.3058,13.6464],[123.9452,-16.3035,28.5682],[123.9465,-16.3053,4.2414],[123.9493,-16.3044,64.7874],[123.9508,-16.3066,36.1379],[123.9457,-16.3074,0.0],[123.9487,-16.3099,18.5175],[123.9488,-16.3152,2.33],[123.9512,-16.3156,14.3932],[123.9526,-16.3192,11.6316],[123.9558,-16.3206,72.446],[123.9537,-16.3222,0.0],[123.9551,-16.325,0.0],[123.9601,-16.3267,24.6231],[123.9586,-16.3288,10.0541],[123.9598,-16.3302,15.2999],[123.9623,-16.3297,14.1657],[123.9645,-16.3323,22.7201],[123.9676,-16.3328,28.0389],[123.9678,-16.3366,3.2947],[123.9705,-16.336,55.8367],[123.9749,-16.3408,30.915],[123.9773,-16.3404,35.7784],[123.9763,-16.3427,7.9851],[123.9804,-16.3474,43.8278],[123.9812,-16.3529,0.0],[123.984,-16.355,1.3759],[123.9844,-16.3611,39.846],[123.9862,-16.3612,39.846],[123.9856,-16.365,0.0],[123.9876,-16.3704,0.0],[123.9869,-16.3719,15.6209],[123.9841,-16.3684,0.0],[123.9867,-16.3746,17.292],[123.9845,-16.375,8.8074],[123.9854,-16.3766,2.4952],[123.9838,-16.3795,0.0],[123.9769,-16.3768,14.4319],[123.9757,-16.3789,5.4859],[123.9413,-16.3598,42.2908],[123.9058,-16.3352,45.3941],[123.8997,-16.3272,42.6137],[123.8954,-16.3074,10.1059],[123.8901,-16.3026,0.0],[123.8888,-16.3057,10.7158],[123.8901,-16.3081,29.4859],[123.8866,-16.303,4.3469],[123.8838,-16.304,0.0],[123.8843,-16.3112,0.7998],[123.8877,-16.3158,11.5834],[123.8891,-16.3258,2.7772],[123.8928,-16.3337,0.0],[123.8981,-16.3394,57.1357],[123.917,-16.3522,9.2669],[123.9069,-16.3473,0.0],[123.8996,-16.3456,0.0],[123.8949,-16.3463,34.2681],[123.8857,-16.3428,0.0],[123.8936,-16.3505,0.0],[123.8916,-16.352,12.6158],[123.8972,-16.3543,67.5727],[123.909,-16.3629,7.4047],[123.9014,-16.362,0.0],[123.8995,-16.3634,15.5854],[123.8978,-16.3578,0.0],[123.8953,-16.358,48.4257],[123.8863,-16.3532,16.6463],[123.8844,-16.3537,0.0],[123.895,-16.365,16.6861],[123.8949,-16.3727,12.4658],[123.8926,-16.3758,0.0],[123.8936,-16.3835,0.0],[123.8965,-16.3903,28.576],[123.8994,-16.3922,15.8424],[123.8968,-16.3935,11.1005],[123.89,-16.393,17.8504],[123.8895,-16.3945,0.0],[123.8909,-16.3994,9.6103],[123.8971,-16.4064,1.6794],[123.8985,-16.4125,11.4943],[123.9003,-16.4138,94.4124],[123.8991,-16.4147,3.0534],[123.9,-16.4228,2.9407],[123.8992,-16.4251,2.1206],[123.8952,-16.4239,0.3805],[123.8884,-16.4095,0.0],[123.883,-16.4167,8.3806],[123.8756,-16.4101,6.5619],[123.8724,-16.4122,0.0],[123.867,-16.4129,0.0],[123.8722,-16.4248,1.0003],[123.8707,-16.4297,0.9716],[123.8723,-16.4398,0.325],[123.8757,-16.4447,3.0572],[123.8723,-16.4431,0.7578],[123.8711,-16.4471,2.4079],[123.868,-16.4397,4.1337],[123.8619,-16.437,1.66],[123.858,-16.4332,2.3692],[123.8559,-16.4327,8.3912],[123.8552,-16.4372,2.0049],[123.8541,-16.4352,27.1778],[123.8571,-16.4276,0.6143],[123.8468,-16.4069,2.754],[123.8481,-16.3979,25.7219],[123.8459,-16.3916,1.7979],[123.8438,-16.3913,1.1866],[123.845,-16.3866,1.9425],[123.842,-16.3828,43.0437],[123.8471,-16.3824,-0.0869],[123.8506,-16.3765,0.0],[123.8482,-16.377,-0.1771],[123.8466,-16.3729,0.0],[123.8445,-16.3729,0.0],[123.8451,-16.371,0.0],[123.8384,-16.3627,0.3045],[123.8365,-16.3544,3.1166],[123.8384,-16.3566,0.4051],[123.8389,-16.3553,3.0009],[123.8395,-16.3593,0.0],[123.8445,-16.3644,2.1161],[123.8474,-16.365,0.3117],[123.8477,-16.3679,-0.0408],[123.8514,-16.3717,21.0745],[123.8669,-16.3742,34.4141],[123.8734,-16.3783,0.0],[123.8761,-16.3777,25.1592],[123.8783,-16.3751,1.2829],[123.8788,-16.3713,3.5866],[123.8676,-16.366,-0.0001],[123.8665,-16.3646,10.9687],[123.87,-16.3636,0.0],[123.8658,-16.3622,1.0388],[123.8669,-16.3605,6.8778],[123.8704,-16.3624,4.8851],[123.8787,-16.3552,9.9285],[123.8791,-16.3526,19.2463],[123.8764,-16.3471,6.9788],[123.8711,-16.3451,20.9961],[123.8684,-16.3424,7.6117],[123.8655,-16.3424,1.6049],[123.8643,-16.3474,2.0029],[123.8676,-16.3517,2.8133],[123.8655,-16.3522,0.2247],[123.8642,-16.3506,0.0],[123.8635,-16.3517,0.8955],[123.8625,-16.3485,0.0],[123.8611,-16.351,0.2798],[123.8601,-16.3503,0.3221],[123.8621,-16.3463,0.0],[123.8611,-16.3446,-0.103],[123.8632,-16.343,0.0],[123.8629,-16.3413,0.0],[123.8653,-16.3404,0.2856],[123.8626,-16.338,-0.0398],[123.8646,-16.3361,-0.1514],[123.8619,-16.3341,-0.0296],[123.8585,-16.3406,60.0012],[123.8567,-16.3302,6.0245],[123.8621,-16.331,49.6199],[123.8654,-16.3299,14.8525],[123.8659,-16.3279,0.0],[123.862,-16.3264,16.7756],[123.8572,-16.3197,13.0799],[123.8439,-16.315,6.3852],[123.8398,-16.3154,1.0656],[123.8403,-16.3175,10.046],[123.8352,-16.3196,9.4494],[123.8413,-16.3234,0.1304],[123.843,-16.3262,3.134],[123.8388,-16.3237,0.0254],[123.8321,-16.3249,1.6387],[123.8274,-16.3222,13.288],[123.8254,-16.3228,5.1609],[123.7995,-16.304,2.5735],[123.7977,-16.3079,15.1471],[123.7984,-16.31,0.0],[123.8039,-16.3132,2.978],[123.8101,-16.3207,14.5162],[123.8023,-16.3143,0.0],[123.7977,-16.3145,0.0],[123.7964,-16.3161,61.06],[123.7962,-16.3123,36.5711],[123.7844,-16.3031,34.4969],[123.7837,-16.2988,1.1603],[123.7862,-16.3015,2.2398],[123.7872,-16.3002,0.4105],[123.7884,-16.3032,3.9456],[123.7927,-16.3048,0.0],[123.7949,-16.3039,1.9831],[123.7958,-16.2998,13.4031],[123.791,-16.2996,13.6201],[123.7946,-16.2969,18.6022],[123.7832,-16.2841,2.3858],[123.7818,-16.2847,6.4901],[123.7837,-16.2902,10.0406],[123.7829,-16.2931,1.6202],[123.7807,-16.2935,0.1846],[123.7827,-16.2977,1.47],[123.7765,-16.2928,12.2434],[123.7782,-16.2916,12.2434],[123.778,-16.2858,10.4026],[123.7744,-16.2846,21.5878],[123.7716,-16.2871,27.4863],[123.7709,-16.2861,19.2475],[123.7728,-16.2839,0.0],[123.7682,-16.2807,1.1383],[123.767,-16.2812,1.6571],[123.7642,-16.2763,2.7559],[123.7606,-16.275,16.3067],[123.7579,-16.276,6.5664],[123.7573,-16.2787,16.4839],[123.7562,-16.2763,21.4659],[123.7577,-16.2751,24.6305],[123.7498,-16.2727,8.9434],[123.7407,-16.2633,1.3226],[123.7409,-16.2602,1.0587],[123.7435,-16.2588,5.4031],[123.743,-16.2531,10.4687],[123.7463,-16.2573,13.155],[123.7499,-16.2571,6.1743],[123.7516,-16.255,10.7616],[123.7536,-16.2573,0.0],[123.7609,-16.2589,2.4498],[123.7644,-16.2562,8.6377],[123.7695,-16.2595,0.6841],[123.7713,-16.2589,0.7929],[123.7708,-16.2559,0.0],[123.7771,-16.2518,0.3013],[123.7807,-16.2576,50.6811],[123.7793,-16.2595,0.0],[123.7821,-16.2596,5.5342],[123.7835,-16.2621,10.4134],[123.7863,-16.2496,22.5325],[123.7823,-16.2466,0.8827],[123.784,-16.2458,7.8882],[123.7833,-16.243,13.225],[123.7857,-16.2453,18.5047],[123.7869,-16.244,26.9844],[123.7918,-16.2529,37.9069],[123.7888,-16.2539,5.7556],[123.7896,-16.2589,28.0122],[123.7921,-16.2597,24.5729],[123.7911,-16.2636,7.4565],[123.7938,-16.2645,28.5846],[123.7969,-16.263,25.0975],[123.7975,-16.2573,10.2204],[123.7992,-16.257,0.0],[123.7968,-16.2513,50.1276],[123.8012,-16.2549,0.0],[123.795,-16.243,26.3706],[123.795,-16.2388,0.0],[123.792,-16.2346,22.9894],[123.7912,-16.2377,32.6006],[123.7896,-16.2322,11.6987],[123.7906,-16.231,8.8591],[123.7883,-16.2283,19.2636],[123.7863,-16.2287,0.2199],[123.7864,-16.2329,0.0],[123.785,-16.2334,4.4306],[123.7811,-16.2301,4.0847],[123.7807,-16.228,2.0599],[123.7783,-16.2298,1.2083],[123.7757,-16.2288,0.6775],[123.7749,-16.2265,0.1946],[123.7761,-16.2253,0.9804],[123.7724,-16.2216,0.0],[123.7716,-16.2162,0.6492],[123.7736,-16.2137,0.5387],[123.7788,-16.2189,0.226],[123.7891,-16.2236,0.1194],[123.7912,-16.222,0.0],[123.7847,-16.2124,3.4878],[123.7868,-16.2128,0.4555],[123.7869,-16.2098,0.6874],[123.7886,-16.2095,2.6865],[123.7902,-16.2148,3.0875],[123.7952,-16.2151,7.7761],[123.7949,-16.2178,4.8614],[123.7986,-16.2229,3.264],[123.8002,-16.2203,0.4428],[123.7979,-16.2191,10.4552],[123.8006,-16.2188,10.2822],[123.8004,-16.2162,12.807],[123.8053,-16.2198,10.1724],[123.8069,-16.2181,43.906],[123.8103,-16.2196,4.9647],[123.8126,-16.2224,6.0569],[123.8127,-16.2201,34.8192],[123.8146,-16.2197,1.2283],[123.8149,-16.2171,6.8587],[123.8099,-16.2084,10.1643],[123.8066,-16.2061,0.0],[123.8038,-16.2085,0.0],[123.803,-16.2062,0.0924],[123.7968,-16.2092,39.3778],[123.7972,-16.2064,0.0],[123.8032,-16.2035,0.0],[123.7999,-16.2044,0.1318],[123.8001,-16.2024,0.2878],[123.798,-16.2029,0.0],[123.7973,-16.2015,0.0],[123.7952,-16.2032,0.4668],[123.7939,-16.2012,0.232],[123.7923,-16.2021,0.9991],[123.7906,-16.2005,14.2665],[123.7841,-16.1885,3.1043],[123.7789,-16.182,15.0033],[123.7757,-16.181,30.8276],[123.7706,-16.1706,8.5893],[123.7652,-16.1667,37.105],[123.7642,-16.1687,44.8128],[123.761,-16.167,34.9972],[123.7623,-16.1651,0.0],[123.7601,-16.1633,30.2192],[123.7565,-16.1647,23.3735],[123.7579,-16.1615,0.0],[123.7509,-16.1574,10.7259],[123.7486,-16.1586,15.9126],[123.7472,-16.1628,30.0961],[123.746,-16.1559,0.0],[123.7418,-16.1535,10.0692],[123.7393,-16.1547,2.0415],[123.7397,-16.1595,25.5062],[123.7379,-16.1606,18.3036],[123.7356,-16.1569,18.0427],[123.7369,-16.1556,47.0054],[123.7354,-16.1527,22.6682],[123.7384,-16.1528,0.0],[123.7279,-16.1434,13.9455],[123.7266,-16.1405,28.1866],[123.7211,-16.1383,16.1384],[123.7194,-16.139,12.1177],[123.7031,-16.1287,6.1553],[123.7048,-16.1334,1.1299],[123.7083,-16.1335,4.8554],[123.7118,-16.1373,14.2301],[123.719,-16.1408,30.3374],[123.719,-16.1432,23.646],[123.7221,-16.1476,9.4026],[123.7204,-16.1458,0.0],[123.7171,-16.1456,1.9518],[123.7243,-16.1538,0.9196],[123.7246,-16.1507,8.6213],[123.7285,-16.1568,6.4208],[123.7259,-16.1563,3.1753999999999998],[123.7249,-16.1578,3.1753999999999998],[123.7185,-16.1538,2.901],[123.7166,-16.1549,28.5103],[123.7132,-16.1541,7.3959],[123.7248,-16.1658,1.1296],[123.7234,-16.1709,4.0508],[123.7226,-16.1666,20.3247],[123.7156,-16.1615,29.3688],[123.709,-16.1522,4.4365],[123.7031,-16.1539,10.6354],[123.703,-16.1563,0.0],[123.7069,-16.1565,0.0],[123.7079,-16.1553,40.9664],[123.71,-16.1564,1.1622],[123.7088,-16.1573,1.1622],[123.7121,-16.1616,26.9055],[123.705,-16.1604,6.1616],[123.7136,-16.1675,19.3653],[123.7135,-16.1691,11.5545],[123.7116,-16.1689,2.979],[123.7107,-16.1729,57.6146],[123.71,-16.1701,14.8772],[123.7062,-16.1718,34.8323],[123.703,-16.1699,15.515],[123.7021,-16.1712,34.2225],[123.7033,-16.174,12.8202],[123.7057,-16.1752,13.2901],[123.7036,-16.1765,16.0187],[123.7042,-16.181,21.0717],[123.7025,-16.186,25.8102],[123.7041,-16.1888,4.5988],[123.7014,-16.1903,66.6945],[123.7016,-16.1768,37.7968],[123.7,-16.1736,29.5992],[123.701,-16.1695,22.9546],[123.6998,-16.1674,9.5721],[123.6972,-16.1668,6.7942],[123.6961,-16.1677,6.7942],[123.6977,-16.1706,5.0027],[123.696,-16.1733,53.1986],[123.6932,-16.1662,31.3789],[123.6957,-16.1662,19.8491],[123.6966,-16.1642,0.0],[123.6898,-16.16,40.7221],[123.6968,-16.1622,7.0077],[123.6937,-16.1595,30.7558],[123.697,-16.1593,18.2566],[123.6982,-16.1569,1.7943],[123.6934,-16.1511,0.0],[123.6913,-16.151,3.8427],[123.6907,-16.1549,28.1198],[123.6866,-16.1542,0.0],[123.6842,-16.1586,45.1641],[123.6858,-16.1599,39.2223],[123.6798,-16.1606,7.7078],[123.6772,-16.1597,5.926],[123.6826,-16.1587,23.3544],[123.6835,-16.1536,30.6547],[123.6706,-16.1519,29.7594],[123.67,-16.1505,0.0],[123.6654,-16.1512,5.3335],[123.6699,-16.1536,12.4212],[123.6667,-16.1545,0.0],[123.6694,-16.1558,44.4907],[123.6671,-16.1578,9.1105],[123.675,-16.1608,5.1289],[123.6758,-16.1632,36.5362],[123.6732,-16.1613,13.4003],[123.6664,-16.1629,4.2058],[123.6657,-16.1618,4.2058],[123.668,-16.1598,3.1916],[123.6654,-16.1583,4.4117],[123.6651,-16.1543,0.0],[123.6633,-16.1553,30.8965],[123.6598,-16.1534,8.9394],[123.6582,-16.1569,11.1948],[123.6631,-16.1584,3.7852],[123.6596,-16.1601,20.4704],[123.6542,-16.1599,0.0],[123.6567,-16.1635,2.789],[123.6541,-16.165,0.0],[123.6553,-16.1683,31.2865],[123.652,-16.166,0.0],[123.649,-16.166,0.0],[123.6495,-16.1672,41.5166],[123.6478,-16.1684,31.7017],[123.646,-16.1674,1.4991],[123.6406,-16.169,27.0663],[123.6373,-16.1649,18.5488],[123.6284,-16.1618,7.6743],[123.6334,-16.1586,2.0888],[123.6297,-16.1594,7.8632],[123.6273,-16.1581,3.2268],[123.6272,-16.1598,13.7745],[123.624,-16.1602,13.0045],[123.6204,-16.1577,0.0],[123.6373,-16.1736,0.6308],[123.6358,-16.1762,0.0],[123.6311,-16.175,12.0041],[123.6216,-16.1653,7.713],[123.6184,-16.1654,7.7941],[123.6162,-16.1633,15.8253],[123.6146,-16.1655,14.7797],[123.613,-16.1641,14.2597],[123.6133,-16.1605,8.9108],[123.6102,-16.161,0.0],[123.6107,-16.1636,8.4659],[123.6042,-16.1615,0.0],[123.6039,-16.1663,13.0148],[123.5965,-16.1642,0.0],[123.5962,-16.1667,12.1299],[123.5943,-16.1679,0.0],[123.5862,-16.1635,0.0],[123.5842,-16.1644,0.0],[123.5749,-16.1694,0.0],[123.5707,-16.1808,9.8607],[123.5698,-16.177,14.9097],[123.5711,-16.1748,7.5632],[123.5693,-16.1723,2.0189],[123.565,-16.1787,4.5655],[123.5601,-16.1747,4.9783],[123.5563,-16.1784,13.2606],[123.5621,-16.183,5.5522],[123.5604,-16.185,10.9047],[123.5621,-16.1871,1.6934],[123.5636,-16.1846,0.6353],[123.5659,-16.1857,5.9507],[123.5661,-16.1885,0.0],[123.5679,-16.1866,2.5003],[123.5686,-16.1893,4.4804],[123.5725,-16.1921,3.1467],[123.5685,-16.1918,0.0],[123.5673,-16.1933,1.1067],[123.5737,-16.1996,4.8794],[123.5649,-16.1966,9.6084],[123.5663,-16.2003,0.8285],[123.565,-16.2018,10.076],[123.5667,-16.2035,13.9171],[123.5629,-16.2093,14.744],[123.5639,-16.2104,4.6477],[123.5692,-16.207,2.6188],[123.5689,-16.2059,3.1869],[123.5723,-16.2052,13.2195],[123.5797,-16.2073,5.9387],[123.5817,-16.2059,21.6343],[123.5816,-16.2076,15.2396],[123.5861,-16.2098,3.2463],[123.5861,-16.2117,0.984],[123.5928,-16.2117,7.0122],[123.5975,-16.2159,16.0826],[123.5997,-16.2144,18.4453],[123.6011,-16.2164,13.4072],[123.5994,-16.2185,37.9503],[123.5953,-16.2176,0.0],[123.5806,-16.2201,10.8819],[123.5798,-16.2183,6.4293],[123.5831,-16.2152,1.3821],[123.5806,-16.2131,23.3424],[123.5697,-16.2138,1.9417],[123.5637,-16.2162,0.0],[123.5668,-16.2198,0.0],[123.5764,-16.2225,5.6987],[123.5767,-16.2248,0.0],[123.5789,-16.2263,33.3571],[123.5761,-16.227,1.9493],[123.5823,-16.2337,1.9891],[123.5851,-16.2326,5.1089],[123.5855,-16.2291,6.3022],[123.5892,-16.2299,0.4338],[123.5865,-16.2249,11.3593],[123.5914,-16.2306,2.1306],[123.5941,-16.2312,8.5058],[123.5941,-16.2286,11.1859],[123.5958,-16.2313,4.1874],[123.6019,-16.2324,9.5195],[123.5987,-16.2335,36.4677],[123.5955,-16.2322,4.1874],[123.5884,-16.238,37.0188],[123.5801,-16.2392,13.948],[123.5837,-16.2424,21.3362],[123.5852,-16.2407,26.9367],[123.5883,-16.2422,33.7094],[123.5879,-16.2455,20.8011],[123.5909,-16.2477,12.1047],[123.5906,-16.2464,12.1047],[123.5923,-16.2469,3.6626],[123.5908,-16.2441,27.1891],[123.5939,-16.2466,1.9407],[123.5994,-16.2473,10.5631],[123.6039,-16.2454,4.1445],[123.605,-16.2428,19.4263],[123.6097,-16.2438,17.5104],[123.6062,-16.245,6.4608],[123.6057,-16.2503,19.4482],[123.6035,-16.251,0.0],[123.6166,-16.2618,10.7242],[123.6022,-16.2573,9.17],[123.5853,-16.2448,11.9602],[123.5836,-16.2469,22.4132],[123.5761,-16.2453,3.4644],[123.5729,-16.2464,12.318],[123.5747,-16.249,33.7036],[123.5857,-16.2497,11.4638],[123.5933,-16.2553,18.3443],[123.5896,-16.254,7.2052],[123.5892,-16.2555,8.5691],[123.593,-16.2569,2.2396],[123.5918,-16.26,4.8874],[123.5933,-16.2584,8.1979],[123.5944,-16.2613,7.7814],[123.5993,-16.2641,13.2358],[123.5948,-16.2639,27.6006],[123.5936,-16.2623,7.7814],[123.5891,-16.2629,6.2287],[123.588,-16.2622,8.6198],[123.5887,-16.2607,3.6201],[123.5839,-16.2606,5.5014],[123.5833,-16.2633,9.8289],[123.5861,-16.2649,11.4716],[123.5858,-16.2662,11.4716],[123.5823,-16.264,4.9686],[123.5796,-16.2666,18.4234],[123.5797,-16.2699,6.794],[123.5821,-16.272,12.02],[123.5791,-16.2744,4.0436],[123.5778,-16.2707,0.9479],[123.5706,-16.2762,3.7506],[123.5664,-16.2753,0.0],[123.5661,-16.2763,26.0585],[123.5571,-16.2676,1.8263],[123.5544,-16.2697,1.2087],[123.5541,-16.2664,13.8228],[123.5575,-16.2641,11.2927],[123.5568,-16.2632,11.2927],[123.5522,-16.2652,16.1385],[123.5496,-16.2628,0.5841],[123.5509,-16.267,3.6747],[123.5483,-16.2677,1.1757],[123.5515,-16.273,0.0],[123.55029999999999,-16.2742,0.0],[123.5516,-16.2792,3.9882],[123.547,-16.2777,0.7766],[123.5502,-16.2832,3.2738],[123.5606,-16.2942,5.5337],[123.5633,-16.2941,4.7686],[123.5622,-16.2957,1.0663],[123.5657,-16.3015,0.0],[123.5898,-16.3148,0.0],[123.5881,-16.3101,32.3889],[123.5912,-16.3128,38.7541],[123.5919,-16.3162,13.8572],[123.5961,-16.318,20.3723],[123.5987,-16.3228,5.4478],[123.5981,-16.3155,1.7966],[123.5934,-16.3112,51.2485],[123.5991,-16.31,11.0825],[123.6053,-16.3143,21.2183],[123.604,-16.3112,54.9946],[123.6054,-16.3108,54.9946],[123.6103,-16.3177,38.8629],[123.613,-16.3174,49.7373],[123.6134,-16.3151,51.9574],[123.6196,-16.3178,14.643],[123.6244,-16.3173,0.0],[123.6255,-16.3133,14.4026],[123.6196,-16.3086,50.565],[123.6186,-16.3051,34.0388],[123.6154,-16.3027,20.3537],[123.6141,-16.2945,0.0],[123.6114,-16.2917,4.7118],[123.614,-16.2919,0.0],[123.6114,-16.2871,4.7299],[123.6216,-16.2926,4.1397],[123.6252,-16.2927,4.0639],[123.6254,-16.2901,3.8547],[123.6271,-16.2905,4.3113],[123.6263,-16.2927,9.9498],[123.6278,-16.2971,0.0],[123.6328,-16.3003,4.7027],[123.6324,-16.302,5.5441],[123.6403,-16.3087,0.0],[123.6429,-16.3084,10.7851],[123.6452,-16.3116,0.7068],[123.6475,-16.3121,3.9447],[123.6624,-16.3135,12.7426],[123.6601,-16.3154,3.8869],[123.6645,-16.3195,0.5384],[123.6776,-16.3265,31.2548],[123.6762,-16.3308,32.5603],[123.68,-16.3356,10.3076],[123.6903,-16.3354,26.5752],[123.6974,-16.3375,10.9731],[123.6965,-16.3398,5.126],[123.6998,-16.3432,0.0],[123.7001,-16.351,0.0],[123.7046,-16.3487,4.474],[123.7068,-16.3506,4.8174],[123.7067,-16.353,1.8651],[123.7106,-16.354,4.6925],[123.708,-16.356,0.3946],[123.699,-16.3541,3.3331],[123.7021,-16.3583,13.1992],[123.6989,-16.3591,0.0],[123.7169,-16.3724,4.2031],[123.7116,-16.3735,2.4286],[123.7135,-16.3716,0.4392],[123.7104,-16.3704,0.0],[123.7085,-16.3728,0.3164],[123.7037,-16.3719,0.87],[123.7022,-16.3749,5.2607],[123.695,-16.3749,4.9594],[123.6916,-16.3732,0.4995],[123.6814,-16.3754,15.245],[123.6723,-16.3697,14.0993],[123.663,-16.368,0.0],[123.6639,-16.3714,0.0],[123.6685,-16.3754,3.4085],[123.6682,-16.3773,5.4742],[123.673,-16.3831,4.4867],[123.6635,-16.3834,5.7258],[123.6562,-16.3789,9.605],[123.6514,-16.3695,0.0],[123.6526,-16.3661,19.2927],[123.6598,-16.3648,0.0],[123.6587,-16.3629,0.0],[123.6534,-16.3597,35.4872],[123.6408,-16.359,9.0616],[123.6326,-16.3557,0.0],[123.6292,-16.3568,0.0],[123.6313,-16.3582,43.464],[123.629,-16.3605,0.0],[123.6356,-16.3628,44.1572],[123.6375,-16.3651,7.0537],[123.637,-16.3699,0.0],[123.638,-16.3704,0.0],[123.639,-16.3678,26.8426],[123.6409,-16.3708,57.5127],[123.6368,-16.3724,4.3882],[123.6389,-16.3766,0.0],[123.6479,-16.3854,0.0],[123.6671,-16.3989,19.3967],[123.6883,-16.4048,4.7386],[123.6866,-16.4067,7.2644],[123.6801,-16.4079,1.8454],[123.681,-16.4102,0.7509],[123.6855,-16.408,1.4205],[123.6895,-16.409,1.2267],[123.6885,-16.4108,1.3402],[123.6815,-16.4136,0.0],[123.6797,-16.4162,10.6569],[123.6972,-16.4148,2.4316],[123.6969,-16.4208,0.0],[123.6936,-16.4213,11.0233],[123.6849,-16.428,10.0479],[123.6802,-16.4275,0.7827],[123.6815,-16.4327,2.8227],[123.6757,-16.4289,0.0],[123.6717,-16.4283,6.24],[123.6766,-16.4336,4.7227],[123.6674,-16.4345,2.4572],[123.6655,-16.4366,80.5152],[123.6637,-16.4331,33.696],[123.6555,-16.4318,11.753],[123.6486,-16.4272,1.0434],[123.645,-16.4283,40.8973],[123.6361,-16.426,0.0],[123.6375,-16.4283,3.3051],[123.6351,-16.4293,4.8841],[123.6328,-16.4246,7.604],[123.6296,-16.423,6.7168],[123.6214,-16.43,31.5176],[123.6132,-16.4259,2.6261],[123.608,-16.4258,0.4215],[123.6031,-16.4215,7.5986],[123.5918,-16.4171,5.7175],[123.5994,-16.4175,3.1555],[123.6052,-16.4156,3.1281],[123.6041,-16.4148,3.1281],[123.6061,-16.4136,0.0],[123.6055,-16.41,39.6974],[123.598,-16.4057,0.7636],[123.5901,-16.4036,9.6314],[123.5886,-16.4075,11.7482],[123.5862,-16.4028,0.0],[123.5719,-16.4008,6.0236],[123.5735,-16.403,16.9822],[123.5697,-16.4029,0.0],[123.5724,-16.4044,7.9678],[123.5711,-16.4061,35.3372],[123.5749,-16.4078,40.7206],[123.5717,-16.4084,29.6602],[123.5649,-16.4049,10.3911],[123.5569,-16.4035,16.5627],[123.559,-16.4026,31.2692],[123.5662,-16.4035,3.0651],[123.5663,-16.4012,34.4598],[123.5683,-16.4009,29.6932],[123.5636,-16.3981,35.2824],[123.5378,-16.3945,0.0],[123.5367,-16.3954,4.7283],[123.5385,-16.3967,16.2136],[123.5359,-16.398,8.0013],[123.5318,-16.396,17.575],[123.5349,-16.395,14.3941],[123.5263,-16.3926,9.1267],[123.5281,-16.3913,0.0],[123.5217,-16.3849,31.6483],[123.5099,-16.3802,0.0],[123.5085,-16.381,6.7588],[123.5141,-16.383,0.0],[123.5177,-16.3864,33.0492],[123.5152,-16.3873,3.9706],[123.5186,-16.3893,22.3545],[123.5186,-16.3906,6.9041],[123.5112,-16.3913,0.0],[123.5199,-16.3931,0.0],[123.5204,-16.392,9.2637],[123.5226,-16.3944,7.3932],[123.5248,-16.3942,30.8036],[123.5267,-16.3974,7.3342],[123.5307,-16.3968,2.6171],[123.5466,-16.4011,22.3504],[123.5367,-16.4025,3.893],[123.5459,-16.4028,34.0538],[123.5631,-16.408,9.0505],[123.5645,-16.4109,9.5762],[123.5602,-16.4078,3.6711],[123.5478,-16.4085,6.1684],[123.5563,-16.414,20.0106],[123.5564,-16.4155,5.2782],[123.5665,-16.4195,27.8086],[123.5789,-16.4202,27.8897],[123.5769,-16.422,6.2807],[123.5822,-16.4249,2.0165],[123.5822,-16.4277,0.9834],[123.5761,-16.4288,3.2007],[123.5731,-16.4273,0.725],[123.5595,-16.4264,52.7806],[123.5244,-16.4106,6.3861],[123.5226,-16.4116,51.9483],[123.5169,-16.4089,1.7697],[123.5108,-16.4105,24.657],[123.5066,-16.4076,0.0],[123.5045,-16.4108,14.7428],[123.5028,-16.4071,5.4185],[123.502,-16.4106,6.0399],[123.4997,-16.409,1.9332],[123.4979,-16.4099,0.0],[123.5047,-16.4143,6.6272],[123.5053,-16.42,0.0],[123.5071,-16.4177,35.6011],[123.5113,-16.4176,44.8634],[123.5131,-16.4192,51.0702],[123.511,-16.4206,24.3685],[123.5129,-16.424,7.2552],[123.5401,-16.4315,0.0],[123.5435,-16.4293,49.5498],[123.5419,-16.4276,15.0871],[123.543,-16.4272,15.0871],[123.5479,-16.4299,2.5885],[123.5432,-16.4311,16.777],[123.5479,-16.4354,0.0],[123.56,-16.4388,3.47],[123.5618,-16.4432,0.0],[123.5682,-16.4455,3.0859],[123.5696,-16.4454,8.3372],[123.5659,-16.4426,34.7761],[123.5719,-16.4413,0.0],[123.5789,-16.4435,1.5728],[123.5813,-16.4428,36.8855],[123.5824,-16.4448,0.0],[123.5869,-16.4443,18.3442],[123.5937,-16.4507,4.7314],[123.5992,-16.4487,22.7786],[123.6026,-16.4506,2.264],[123.602,-16.4524,3.5689],[123.609,-16.4547,0.592],[123.607,-16.4575,1.4924],[123.6087,-16.4589,14.1499],[123.6155,-16.4607,28.3445],[123.6198,-16.4647,0.0],[123.6342,-16.4668,10.7128],[123.6355,-16.4688,6.0282],[123.642,-16.4718,2.4187],[123.6432,-16.4741,1.7404],[123.6514,-16.4749,1.6684],[123.6511,-16.4771,2.2037],[123.6488,-16.4773,5.2115],[123.6488,-16.4806,28.0264],[123.6528,-16.4829,10.0395],[123.6528,-16.4847,0.0],[123.6553,-16.4833,3.5792],[123.6605,-16.485,1.1296],[123.6627,-16.4926,0.3807],[123.6575,-16.496,2.0737],[123.6507,-16.4964,24.4096],[123.6451,-16.4946,1.1707],[123.6455,-16.4967,10.0393],[123.6354,-16.4966,16.0831],[123.6329,-16.4986,24.0648],[123.6351,-16.4946,3.249],[123.6271,-16.4939,18.5765],[123.6272,-16.4915,10.9519],[123.6252,-16.4904,3.0605],[123.6218,-16.492,24.7655],[123.6186,-16.4913,15.4828],[123.6172,-16.4931,24.0329],[123.6153,-16.4923,1.0821],[123.6152,-16.4939,9.344],[123.6107,-16.4943,8.218],[123.6097,-16.4921,4.4932],[123.6092,-16.4943,3.7186],[123.6071,-16.4936,5.9477],[123.6058,-16.4953,23.8146],[123.6037,-16.494,1.5808],[123.6027,-16.4907,0.0],[123.6021,-16.4933,3.0751],[123.5998,-16.4924,0.7016],[123.5994,-16.4964,8.8091],[123.5942,-16.4917,4.1242],[123.5946,-16.4949,16.1274],[123.5907,-16.4946,11.4388],[123.5932,-16.497,18.5596],[123.5885,-16.4952,16.2119],[123.5826,-16.4995,0.0],[123.5883,-16.5014,2.9881],[123.5879,-16.5048,26.1875],[123.5856,-16.5071,0.0],[123.5885,-16.5105,2.7702],[123.593,-16.511,27.6418],[123.5936,-16.5094,21.8532],[123.5999,-16.5091,9.9188],[123.6033,-16.5057,16.0676],[123.6076,-16.5049,0.5815],[123.6077,-16.5078,9.5241],[123.611,-16.5104,0.0],[123.6153,-16.51,0.0],[123.6209,-16.5143,17.651],[123.6298,-16.5148,2.6224],[123.6353,-16.517,5.6358],[123.6445,-16.5245,2.9648],[123.6447,-16.5278,0.0],[123.643,-16.53,5.2374],[123.5988,-16.522,11.536],[123.5904,-16.5177,1.1923],[123.5843,-16.5175,0.0],[123.599,-16.5252,5.0772],[123.5945,-16.5259,22.9251],[123.583,-16.5194,5.2162],[123.5692,-16.5163,105.8014],[123.5623,-16.5123,5.7261],[123.5677,-16.5121,9.8459],[123.5668,-16.5107,9.1463],[123.5463,-16.5042,0.0],[123.5476,-16.5079,0.0],[123.5363,-16.506,4.7582],[123.536,-16.5081,5.096],[123.5341,-16.5086,3.124],[123.5356,-16.5039,6.8012],[123.544,-16.5046,0.0],[123.5356,-16.502,27.6856],[123.5205,-16.4934,28.063],[123.5181,-16.4942,13.7703],[123.516,-16.492,11.2632],[123.5079,-16.4906,40.1619],[123.5011,-16.4865,23.6265],[123.4986,-16.4827,5.1958],[123.4888,-16.4796,57.4131],[123.4854,-16.4753,7.298],[123.4735,-16.47,1.1865],[123.4668,-16.4724,9.9695],[123.4614,-16.477,0.0],[123.4669,-16.478,0.0],[123.4696,-16.4751,3.4202],[123.4715,-16.4765,0.0],[123.4726,-16.4803,6.226],[123.4701,-16.4803,0.8832],[123.4725,-16.484,5.7769],[123.4844,-16.4882,0.0],[123.4822,-16.4863,2.9996],[123.4844,-16.4862,68.2848],[123.4898,-16.493,0.0],[123.4951,-16.4941,35.0827],[123.5021,-16.5041,11.4748],[123.501,-16.5072,8.9085],[123.493,-16.5017,44.0723],[123.4923,-16.5053,0.0],[123.4979,-16.5112,0.0],[123.4966,-16.5145,26.7605],[123.4894,-16.5165,84.6825],[123.4859,-16.5159,39.3217],[123.4768,-16.5119,42.5754],[123.4646,-16.5104,23.2093],[123.4607,-16.5076,7.1742],[123.4543,-16.5108,15.0429],[123.4492,-16.5078,3.1521],[123.4453,-16.5099,43.3634],[123.4454,-16.508,11.2559],[123.4311,-16.503,12.5935],[123.4316,-16.5018,0.306],[123.4425,-16.5019,0.0],[123.4434,-16.5014,0.0],[123.4422,-16.5005,7.453],[123.4297,-16.4985,6.3324],[123.4244,-16.5062,0.0],[123.4306,-16.512,0.6517],[123.447,-16.5144,6.7108],[123.4496,-16.5165,0.0],[123.4574,-16.515,1.7913],[123.4681,-16.5182,2.1358],[123.4687,-16.5222,3.9304],[123.4604,-16.5246,0.0],[123.463,-16.5263,3.5891],[123.4606,-16.5274,0.0],[123.4601,-16.5298,0.9692],[123.4637,-16.5348,3.5647],[123.4712,-16.5417,0.0],[123.4821,-16.5473,7.0482],[123.485,-16.548,0.0],[123.491,-16.546,51.612],[123.497,-16.559,15.7337],[123.5031,-16.566,14.4477],[123.5134,-16.5684,4.4788],[123.503,-16.5681,6.8542],[123.4981,-16.5651,3.6455],[123.4955,-16.5667,4.5861],[123.4943,-16.5708,0.0],[123.4965,-16.5803,2.4785],[123.5022,-16.584,5.9857],[123.507,-16.593,0.0],[123.5116,-16.5978,7.9043],[123.5117,-16.5841,1.7868],[123.5174,-16.5736,0.0],[123.5177,-16.5661,6.4659],[123.5281,-16.5722,1.2492],[123.5381,-16.5728,14.3081],[123.5401,-16.5751,0.0],[123.5422,-16.572,5.3444],[123.5417,-16.5637,3.8933],[123.5395,-16.5626,15.522],[123.5376,-16.5588,22.8664],[123.5386,-16.5567,0.6951],[123.5339,-16.5505,14.7602],[123.5302,-16.5474,1.2805],[123.5208,-16.5482,20.5054],[123.5265,-16.5459,0.375],[123.5261,-16.5444,3.4185],[123.53,-16.544,2.7745],[123.5365,-16.548,0.0],[123.5786,-16.5498,0.0],[123.5783,-16.5453,8.1678],[123.5814,-16.5426,0.6542],[123.5819,-16.5397,1.1528],[123.5886,-16.5383,1.4536],[123.603,-16.5446,0.0],[123.6147,-16.5535,6.5578],[123.617,-16.5608,6.4403],[123.6147,-16.5655,1.6546],[123.6194,-16.5738,3.9691],[123.613,-16.5701,3.7225],[123.5892,-16.5675,3.1073],[123.592,-16.5699,1.569],[123.5919,-16.5739,12.9152],[123.6038,-16.5793,17.4392],[123.602,-16.5821,1.6435],[123.5884,-16.5828,3.7206],[123.5884,-16.5851,24.8287],[123.5852,-16.587,27.8747],[123.5831,-16.5932,5.4256],[123.5811,-16.5945,1.398],[123.5712,-16.587,2.0649],[123.5663,-16.5864,2.5555],[123.5634,-16.5883,14.1929],[123.5629,-16.5947,0.0],[123.5654,-16.5938,7.9533],[123.5647,-16.5955,2.3068],[123.5664,-16.5963,1.3226],[123.5635,-16.5976,1.2814],[123.563,-16.6008,3.094],[123.5724,-16.608,5.8763],[123.5685,-16.6089,3.4798],[123.5663,-16.6073,0.0],[123.5647,-16.6112,2.7723],[123.5643,-16.608,2.9507],[123.5608,-16.6063,2.0031],[123.5587,-16.6095,5.4205],[123.5563,-16.6101,2.6798],[123.5556,-16.6126,9.6099],[123.5581,-16.6158,6.0397],[123.5602,-16.6156,5.6525],[123.559,-16.618,0.0],[123.563,-16.6212,4.0304],[123.5736,-16.622,3.7095],[123.5739,-16.6252,4.3133],[123.564,-16.626,0.0],[123.5633,-16.6297,5.6991],[123.5553,-16.6326,1.9621],[123.55,-16.6323,4.033],[123.5491,-16.6352,2.3017],[123.5455,-16.636,6.3951],[123.5442,-16.6347,6.3951],[123.5318,-16.6339,1.9472],[123.5229,-16.6362,1.7571],[123.5164,-16.6418,5.7308],[123.5066,-16.6431,0.0],[123.5089,-16.6468,2.9106],[123.5169,-16.6456,4.3066],[123.5186,-16.6494,2.4993],[123.5206,-16.6501,5.4833],[123.5136,-16.655,33.5897],[123.5078,-16.6555,2.8382],[123.5073,-16.6577,4.8951],[123.5028,-16.6588,9.3274],[123.5092,-16.6609,21.9503],[123.5125,-16.6643,3.5806],[123.5168,-16.6634,0.0],[123.5194,-16.6664,0.0],[123.5213,-16.6648,0.9509],[123.523,-16.6678,0.0],[123.5264,-16.664,10.3282],[123.5266,-16.6658,3.6188],[123.5315,-16.6654,1.6589],[123.532,-16.6642,14.686],[123.5355,-16.6652,4.5885],[123.5377,-16.6621,0.0],[123.541,-16.6614,0.0],[123.5418,-16.6581,8.0084],[123.5418,-16.6605,1.6235],[123.5447,-16.6591,16.7105],[123.5438,-16.6603,1.6235],[123.5453,-16.6609,14.6091],[123.5425,-16.6637,3.511],[123.5468,-16.6661,9.1886],[123.5512,-16.664,16.9411],[123.5522,-16.6597,4.8316],[123.5538,-16.6624,6.0047],[123.553,-16.6641,10.58],[123.5557,-16.6657,1.481],[123.5573,-16.6651,0.0],[123.5637,-16.6683,0.0],[123.5698,-16.666,6.3034],[123.5674,-16.6682,0.0],[123.5714,-16.6728,10.1093],[123.5746,-16.6722,10.425],[123.5788,-16.6742,0.0],[123.5876,-16.6676,32.6952],[123.5883,-16.6694,8.5163],[123.5957,-16.6715,4.7764],[123.5975,-16.6742,5.7677],[123.595,-16.6756,0.0],[123.5999,-16.679,2.4834],[123.6097,-16.6815,0.0],[123.6125,-16.6814,0.654],[123.6142,-16.6792,3.3485],[123.6178,-16.6795,4.787],[123.6243,-16.6851,4.8724],[123.6228,-16.689,12.5759],[123.6245,-16.6913,3.2935],[123.635,-16.6957,2.7173],[123.6378,-16.6984,0.0],[123.6444,-16.7155,0.0],[123.6483,-16.7207,0.0],[123.6635,-16.7299,1.1432],[123.6815,-16.7517,0.0],[123.6876,-16.7556,0.6047],[123.6989,-16.7491,4.1487],[123.7023,-16.7494,5.8464],[123.7037,-16.7516,0.0],[123.7115,-16.7527,1.5594],[123.7137,-16.7618,0.4781],[123.7116,-16.7702,3.6117],[123.7176,-16.7849,0.0],[123.7229,-16.79,0.0],[123.7262,-16.7993,1.5093],[123.7343,-16.8095,2.9229],[123.7472,-16.8307,2.7507],[123.7523,-16.8351,2.5828],[123.7583,-16.8377,6.4632],[123.7596,-16.8427,0.0],[123.7577,-16.8453,0.0],[123.7582,-16.8665,0.0],[123.761,-16.8759,0.0],[123.7687,-16.8887,0.0],[123.7705,-16.8885,0.7781],[123.7721,-16.8918,0.0],[123.7743,-16.8912,4.3907],[123.7775,-16.8944,3.8363],[123.7756,-16.8954,0.5828],[123.7783,-16.899,0.0],[123.7823,-16.9011,0.6454],[123.7888,-16.9081,0.0],[123.7973,-16.9122,0.0],[123.8107,-16.9108,2.291],[123.8202,-16.9067,0.0],[123.8319,-16.8957,0.8222],[123.8371,-16.8962,2.6745],[123.8469,-16.8929,8.4076],[123.8511,-16.8937,2.0319],[123.8605,-16.8908,2.4682],[123.8716,-16.8823,0.7421],[123.8877,-16.8753,1.79],[123.8928,-16.8659,3.9705],[123.8878,-16.8608,4.0538],[123.8943,-16.8644,4.1055],[123.8933,-16.8572,3.9208],[123.898,-16.864,4.1608],[123.9036,-16.8638,3.7846],[123.9095,-16.8626,2.5816],[123.9147,-16.8587,2.5343],[123.9211,-16.8568,1.7703],[123.921,-16.8521,4.3473],[123.9225,-16.8558,4.202],[123.9259,-16.8568,1.5876],[123.9341,-16.8518,2.2685],[123.9421,-16.8521,0.0],[123.9449,-16.8489,4.373],[123.9457,-16.8437,1.6167],[123.9445,-16.8397,8.2417],[123.9405,-16.8367,4.8608],[123.9422,-16.8228,4.4404],[123.9514,-16.8181,1.4859],[123.9544,-16.8187,1.2858],[123.9535,-16.8233,1.8988],[123.9492,-16.8293,0.5],[123.9513,-16.8324,4.5069],[123.9493,-16.8364,3.4303],[123.9588,-16.8444,3.6346],[123.9577,-16.8465,4.574],[123.9593,-16.8524,5.1199],[123.9515,-16.8675,4.4876],[123.9488,-16.8682,4.4754],[123.9458,-16.8666,4.7051],[123.9383,-16.8678,4.8629],[123.9333,-16.8708,4.2418],[123.9341,-16.8738,4.3677],[123.9314,-16.8705,5.2257],[123.9284,-16.8713,6.0647],[123.9215,-16.8756,4.5001],[123.9204,-16.8804,3.9538],[123.9217,-16.8815,4.0014],[123.92,-16.8816,5.2562],[123.9202,-16.8831,4.2159],[123.9158,-16.8865,4.3408],[123.9026,-16.8875,4.2564],[123.8985,-16.8965,3.6369],[123.8931,-16.9024,0.0],[123.8923,-16.9056,0.0],[123.8944,-16.9074,3.928],[123.8914,-16.9072,0.8084],[123.8713,-16.9206,0.0],[123.8342,-16.9537,4.0887],[123.8269,-16.9573,1.577],[123.8126,-16.9799,5.4118],[123.8027,-16.986,0.0],[123.8059,-16.9896,0.0],[123.8216,-16.9928,0.6226],[123.8204,-16.9979,0.0],[123.7964,-17.004,0.0],[123.7992,-17.0187,1.8773],[123.8179,-17.0545,3.8622],[123.8276,-17.1066,0.0],[123.8342,-17.118,0.2088],[123.8328,-17.1226,0.0],[123.8282,-17.1271,1.7729],[123.8296,-17.1346,0.0902],[123.8424,-17.149,4.1035],[123.849,-17.1526,3.435],[123.8571,-17.1611,4.0516],[123.8674,-17.1683,5.0875],[123.8699,-17.177,3.1171],[123.8855,-17.1866,0.7724],[123.8851,-17.1954,2.4577],[123.8877,-17.2025,1.6265],[123.8936,-17.2059,2.0008],[123.9012,-17.2052,0.6387],[123.9025,-17.2038,2.8152],[123.9024,-17.2059,0.7834],[123.9056,-17.2065,0.9899],[123.908,-17.2042,4.7845],[123.9085,-17.2065,1.501],[123.9151,-17.2064,3.4467],[123.9125,-17.2119,2.5387],[123.8887,-17.2217,5.0556],[123.878,-17.2217,4.8488],[123.8625,-17.2166,4.8293],[123.8545,-17.2065,4.746],[123.8532,-17.2024,4.6815],[123.8541,-17.1986,4.7744],[123.852,-17.1954,4.7943],[123.8362,-17.1916,4.7041],[123.8338,-17.1894,4.7068],[123.8299,-17.1784,5.102],[123.8194,-17.1743,5.065],[123.8177,-17.1753,4.8967],[123.8073,-17.1692,6.492],[123.7935,-17.1507,4.6574],[123.7916,-17.1501,5.2826],[123.7892,-17.1523,4.7094],[123.7906,-17.1493,6.0984],[123.7861,-17.1388,2.3418],[123.7788,-17.1343,0.6154],[123.7758,-17.1294,0.8214],[123.7738,-17.1305,3.9878999999999998],[123.7731,-17.129,3.7659],[123.7749,-17.127,0.1306],[123.7722,-17.1154,0.9345],[123.7611,-17.0877,0.0],[123.7552,-17.0816,0.0],[123.752,-17.0825,2.1194],[123.7475,-17.0746,0.0],[123.7409,-17.0683,0.0],[123.7368,-17.0677,0.6376],[123.7257,-17.06,0.4406],[123.7044,-17.0427,0.0],[123.7008,-17.0453,0.0],[123.6957,-17.055,0.8059],[123.6892,-17.06,1.1717],[123.6803,-17.0592,0.0],[123.6791,-17.0451,3.2591],[123.6752,-17.0445,2.5255],[123.6719,-17.0404,0.0],[123.6672,-17.0385,3.8449],[123.66,-17.0396,0.0],[123.6593,-17.0102,0.0],[123.6534,-17.0027,0.0],[123.6455,-16.9986,1.1658],[123.642,-16.9978,0.0],[123.634,-16.9996,9.015],[123.6238,-17.0031,10.4342],[123.6153,-17.0088,9.2143],[123.606,-17.0088,2.7714],[123.6007,-17.0106,6.6797],[123.5964,-17.0159,3.6597],[123.598,-17.0175,5.3287],[123.5896,-17.0292,7.5481],[123.5851,-17.0349,9.4828],[123.5853,-17.0322,2.1786],[123.5835,-17.0333,1.8219],[123.585,-17.0599,8.9493],[123.5884,-17.0826,0.0],[123.5876,-17.0928,4.1903],[123.5993,-17.1181,8.7031],[123.6006,-17.125,10.2146],[123.6081,-17.1394,8.6912],[123.6306,-17.1602,0.5176],[123.6462,-17.1839,0.0],[123.6417,-17.1937,1.1059],[123.6282,-17.1938,3.2061],[123.6238,-17.1987,0.0],[123.6217,-17.2154,0.0],[123.6189,-17.2227,0.0],[123.6171,-17.2613,1.9167],[123.6127,-17.2791,0.0],[123.6166,-17.2804,4.5687],[123.6114,-17.2829,0.0],[123.6045,-17.3009,0.0],[123.6028,-17.3117,0.0],[123.6041,-17.3261,1.9978],[123.6029,-17.3394,0.0],[123.5981,-17.3515,4.2784],[123.5926,-17.3586,7.2818],[123.5938,-17.3615,6.3035],[123.5919,-17.3612,7.0154],[123.5885,-17.3557,7.9797],[123.5864,-17.3493,2.9021],[123.5839,-17.348,3.9275],[123.581,-17.3502,4.6279],[123.5738,-17.3672,3.4379],[123.5727,-17.3765,5.1112],[123.5752,-17.3857,6.6485],[123.5698,-17.3938,0.0],[123.5699,-17.4035,3.9819],[123.5645,-17.4058,2.9135],[123.5676,-17.414,0.0],[123.5829,-17.4251,4.391],[123.5816,-17.4259,4.391],[123.5803,-17.4381,2.4821],[123.5833,-17.4573,5.5048],[123.5822,-17.4637,4.5319],[123.5848,-17.4702,5.1953],[123.5841,-17.4734,5.2231],[123.5804,-17.4774,5.0745],[123.5797,-17.4836,3.3749],[123.5828,-17.4896,1.5],[123.5956,-17.4999,5.3226],[123.5944,-17.5019,2.0],[123.5979,-17.5071,5.183],[123.6001,-17.5156,2.0],[123.5991,-17.5188,2.0],[123.5948,-17.5184,2.0],[123.5913,-17.5294,2.5],[123.597,-17.544,2.5],[123.5899,-17.5526,2.5],[123.5954,-17.5619,7.5953],[123.5929,-17.567,2.5],[123.5928,-17.5748,4.0617],[123.5892,-17.578,6.8655],[123.5811,-17.579,2.5],[123.5804,-17.5842,6.7241],[123.5792,-17.5803,4.6761],[123.5808,-17.576,2.8574],[123.5774,-17.575,6.6269],[123.5794,-17.5731,2.9291],[123.5773,-17.5689,2.5],[123.578,-17.5626,2.5],[123.5724,-17.5558,4.4232],[123.5737,-17.5544,4.9326],[123.574,-17.5348,4.9746],[123.5777,-17.527,2.5],[123.5769,-17.5238,2.0],[123.5724,-17.5177,2.0],[123.5713,-17.5122,2.0],[123.5627,-17.5039,4.678],[123.5582,-17.5033,4.8261],[123.556,-17.5051,3.3744],[123.5478,-17.5002,5.456],[123.5435,-17.5011,5.3632],[123.5462,-17.4982,4.6907],[123.5451,-17.4964,5.3354],[123.5452,-17.4692,0.5],[123.5424,-17.4678,0.5],[123.541,-17.4638,0.5],[123.5397,-17.4662,0.5],[123.5414,-17.4746,0.5],[123.5397,-17.4775,1.1065],[123.5405,-17.4724,0.5],[123.5378,-17.469,0.5],[123.5349,-17.4739,3.1835],[123.5362,-17.4823,5.2645],[123.5339,-17.4819,5.2586],[123.533,-17.477,3.5405],[123.5353,-17.4683,4.7477],[123.5334,-17.4675,5.0415],[123.5322,-17.4691,5.2223],[123.5327,-17.4673,5.0415],[123.5357,-17.466,0.5],[123.5381,-17.4621,0.5],[123.5384,-17.4579,0.0],[123.5363,-17.458,0.0],[123.5375,-17.4544,0.0],[123.5341,-17.4496,0.0],[123.5326,-17.4502,0.0],[123.533,-17.4557,0.0],[123.5316,-17.4558,0.0],[123.5305,-17.452,0.0],[123.5231,-17.4523,0.0],[123.5263,-17.4425,0.0],[123.5242,-17.4332,0.0],[123.5229,-17.4364,0.0],[123.5222,-17.4322,0.0],[123.5187,-17.433,0.0],[123.5156,-17.4372,5.3971],[123.5163,-17.4323,5.1305],[123.5148,-17.4295,5.3039],[123.5124,-17.4311,5.4144],[123.5123,-17.4355,5.4554],[123.5113,-17.4259,5.5889],[123.5141,-17.4224,2.5609],[123.5143,-17.4185,0.0],[123.5096,-17.4152,6.2879],[123.5078,-17.4112,1.1128],[123.5025,-17.4108,4.0132],[123.5023,-17.4069,5.0457],[123.4996,-17.4046,5.254],[123.4833,-17.3971,5.7375],[123.4839,-17.3884,0.0],[123.4783,-17.3868,2.4056],[123.4738,-17.3828,1.5522],[123.4623,-17.3611,0.0],[123.4593,-17.3506,0.0],[123.4427,-17.3454,4.7947],[123.4252,-17.3255,3.344],[123.4184,-17.3284,5.6945],[123.4103,-17.3266,5.5278],[123.4052,-17.3275,5.691],[123.4075,-17.3255,5.0223],[123.3927,-17.3163,2.8079],[123.3888,-17.3076,4.9903],[123.3939,-17.2954,0.0],[123.3937,-17.2756,0.0],[123.3873,-17.2493,0.0],[123.3793,-17.2341,0.0],[123.029,-17.2331,77.874],[123.029,-17.366,63.6619],[123.1141,-17.366,35.8478],[123.1141,-17.4597,57.5204],[123.1652,-17.4597,51.1118],[123.1652,-17.5373,55.92],[122.9961,-17.5373,94.8355],[122.9961,-17.8149,80.6724],[123.1479,-17.8148,53.2306],[123.1486,-18.2722,116.9723],[123.3486,-18.2722,96.3013],[123.3463,-18.4982,127.119],[123.5051,-18.4982,104.991],[123.5047,-18.6633,155.0223],[123.4043,-18.6633,163.4437]]],
[[[124.4107,-16.5404,0.7053],[124.4112,-16.5411,0.7053],[124.4127,-16.539,0.0],[124.4124,-16.539,0.0],[124.4107,-16.5404,0.7053]]],
[[[124.4025,-16.534,1.6737],[124.4054,-16.531,0.38],[124.3998,-16.5291,0.912],[124.3946,-16.5301,7.7095],[124.3952,-16.5327,4.5605],[124.3999,-16.5347,0.9391],[124.4025,-16.534,1.6737]]],
[[[124.4309,-16.5098,3.4314],[124.4317,-16.5074,3.9303],[124.4292,-16.5046,6.9238],[124.4295,-16.5095,7.6154],[124.4309,-16.5098,3.4314]]],
[[[124.4374,-16.4942,0.0],[124.4352,-16.4942,0.0],[124.4316,-16.4959,1.1211],[124.4385,-16.4959,8.8749],[124.4374,-16.4942,0.0]]],
[[[124.3635,-16.4251,0.0793],[124.363,-16.4247,0.0793],[124.3626,-16.4252,0.0],[124.3633,-16.426,0.0793],[124.3635,-16.4251,0.0793]]],
[[[124.3341,-16.4178,0.0],[124.3338,-16.419,0.0],[124.3343,-16.4194,0.0],[124.3348,-16.418,0.0],[124.3341,-16.4178,0.0]]],
[[[124.327,-16.4175,0.0],[124.3286,-16.4172,0.0],[124.3288,-16.4164,0.0],[124.3272,-16.4166,0.0],[124.327,-16.4175,0.0]]],
[[[124.8647,-16.4134,8.043],[124.8606,-16.4135,8.8684],[124.8586,-16.4144,7.9663],[124.8669,-16.4146,1.5],[124.8647,-16.4134,8.043]]],
[[[124.8039,-16.4139,1.3869],[124.8035,-16.4122,1.0],[124.8023,-16.4128,1.0],[124.8027,-16.4136,1.0],[124.8039,-16.4139,1.3869]]],
[[[124.8821,-16.4102,1.9141],[124.8785,-16.4111,2.9155],[124.8774,-16.4135,1.5],[124.8856,-16.4109,2.0],[124.8821,-16.4102,1.9141]]],
[[[124.3393,-16.4098,0.0],[124.3403,-16.4101,2.359],[124.3407,-16.4098,2.359],[124.34,-16.4092,0.0],[124.3393,-16.4098,0.0]]],
[[[124.2856,-16.3975,4.347],[124.2837,-16.3957,0.0],[124.2823,-16.3961,0.0],[124.2833,-16.3981,0.0],[124.2856,-16.3975,4.347]]],
[[[124.7301,-16.3938,0.0],[124.7251,-16.3937,0.0],[124.7221,-16.3944,0.0],[124.7265,-16.3951,0.0],[124.7301,-16.3938,0.0]]],
[[[124.2744,-16.3957,5.5173],[124.2805,-16.3965,2.5795],[124.2724,-16.3916,2.982],[124.2724,-16.3949,13.4972],[124.2744,-16.3957,5.5173]]],
[[[124.2676,-16.3909,12.755],[124.266,-16.3883,5.5185],[124.2645,-16.3899,8.5767],[124.2679,-16.3925,2.2775],[124.2676,-16.3909,12.755]]],
[[[123.8482,-16.8985,0.0],[123.84,-16.9009,0.0],[123.8368,-16.9033,2.8695],[123.841,-16.9035,0.0],[123.8482,-16.8985,0.0]]],
[[[123.9202,-16.8765,4.9015],[123.9173,-16.8754,2.285],[123.9066,-16.8842,5.8289],[123.9178,-16.8824,4.649],[123.9202,-16.8765,4.9015]]],
[[[123.8991,-16.8659,3.4291],[123.8932,-16.8669,4.7609],[123.892,-16.8711,4.359],[123.8999,-16.8673,5.1571],[123.8991,-16.8659,3.4291]]],
[[[123.895,-16.8625,4.1735],[123.8959,-16.8635,4.5606],[123.8953,-16.8614,4.1735],[123.895,-16.8625,4.1735]]],
[[[123.9506,-16.8589,5.4079],[123.9522,-16.8572,5.1153],[123.9534,-16.8537,4.5734],[123.9459,-16.86,2.5127],[123.9506,-16.8589,5.4079]]],
[[[123.8547,-16.3898,0.1294],[123.8547,-16.3913,-0.0263],[123.8573,-16.3882,-0.3308],[123.8556,-16.3826,0.0],[123.8497,-16.3843,0.0],[123.8499,-16.3857,0.0],[123.8518,-16.3861,-0.4297],[123.8523,-16.3881,-0.1735],[123.8535,-16.3873,-0.3232],[123.8547,-16.3898,0.1294]]],
[[[123.8832,-16.3473,31.2954],[123.8815,-16.3439,0.0],[123.8802,-16.3444,5.0904],[123.8853,-16.3503,4.9154],[123.8832,-16.3473,31.2954]]],
[[[123.8782,-16.3434,4.6132],[123.8773,-16.3414,2.1637],[123.876,-16.3416,3.3637],[123.8766,-16.3441,5.9496],[123.8782,-16.3434,4.6132]]],
[[[123.8341,-16.9005,0.0],[123.8355,-16.9008,0.0],[123.8372,-16.9,0.0],[123.8366,-16.8997,0.0],[123.8341,-16.9005,0.0]]],
[[[123.7037,-16.7555,1.1135],[123.7027,-16.7588,3.204],[123.7038,-16.7608,0.4008],[123.7109,-16.7619,0.0],[123.7093,-16.7552,4.8864],[123.7037,-16.7555,1.1135]]],
[[[123.7013,-16.3528,0.0],[123.7024,-16.3531,0.0],[123.7022,-16.3518,0.0],[123.7013,-16.352,0.0],[123.7013,-16.3528,0.0]]],
[[[123.8228,-16.2822,2.5342],[123.8255,-16.2845,11.1967],[123.8256,-16.2819,5.8857],[123.8207,-16.2785,1.2777],[123.8206,-16.2792,1.2777],[123.8228,-16.2822,2.5342]]],
[[[123.8748,-16.3407,51.5227],[123.8735,-16.3384,8.5402],[123.8711,-16.3389,21.2383],[123.8733,-16.3416,3.905],[123.8748,-16.3407,51.5227]]],
[[[123.9218,-16.3245,0.0],[123.9214,-16.3261,63.9338],[123.9424,-16.3419,19.7129],[123.9536,-16.346,0.0],[123.952,-16.3431,15.7047],[123.9463,-16.3411,43.8874],[123.9379,-16.333,59.0301],[123.9218,-16.3245,0.0]]],
[[[123.8789,-16.3361,2.7675],[123.8755,-16.3327,1.8081],[123.8732,-16.3328,6.223],[123.875,-16.3347,0.0],[123.8789,-16.3361,2.7675]]],
[[[123.8815,-16.3318,3.9225],[123.8824,-16.3301,19.5606],[123.8795,-16.3272,0.0],[123.8802,-16.3302,12.7089],[123.8815,-16.3318,3.9225]]],
[[[124.9382,-16.3871,2.5],[124.9402,-16.3858,2.5],[124.936,-16.3857,2.5],[124.9377,-16.387,2.5],[124.9382,-16.3871,2.5]]],
[[[124.339,-16.3788,4.348],[124.3378,-16.3833,0.5714],[124.3414,-16.3843,13.1682],[124.3415,-16.3784,29.6254],[124.3399,-16.3748,0.0],[124.339,-16.3788,4.348]]],
[[[124.2313,-16.3574,0.0],[124.2276,-16.3512,0.6202],[124.2281,-16.3495,0.0],[124.2243,-16.3471,0.8376],[124.2213,-16.348,10.2894],[124.222,-16.3551,9.9079],[124.2161,-16.3543,0.0],[124.2198,-16.3571,21.506],[124.2183,-16.359,0.0],[124.2237,-16.3693,20.8698],[124.2222,-16.3742,2.899],[124.2234,-16.3809,17.0918],[124.2282,-16.3872,2.3048],[124.2323,-16.389,2.4914],[124.2306,-16.3909,0.4719],[124.2397,-16.4025,3.2421],[124.2481,-16.4031,0.2017],[124.2539,-16.3979,0.0],[124.2535,-16.3959,1.1503],[124.2559,-16.3905,0.1965],[124.2592,-16.3881,5.5555],[124.2594,-16.385,11.3281],[124.2537,-16.3852,29.4269],[124.2518,-16.3836,15.2969],[124.254,-16.3814,0.0],[124.2474,-16.3788,2.1046],[124.2451,-16.3891,4.0821],[124.2401,-16.3789,5.0507],[124.2344,-16.3778,2.1203],[124.2389,-16.3724,4.0291],[124.236,-16.3724,6.918],[124.2351,-16.37,12.6114],[124.2303,-16.3708,6.1475],[124.2296,-16.3688,4.4845],[124.231,-16.3666,11.763],[124.2296,-16.3642,0.7206],[124.2268,-16.3641,33.6323],[124.2241,-16.3616,19.3549],[124.2262,-16.3607,9.3376],[124.225,-16.3583,0.667],[124.2261,-16.3567,2.2595],[124.2313,-16.3574,0.0]]],
[[[124.7051,-16.3805,1.1054],[124.7115,-16.381,2.4138],[124.7207,-16.3782,0.0],[124.7133,-16.3614,3.0778],[124.709,-16.36,2.106],[124.6945,-16.3701,6.5843],[124.6795,-16.3686,0.0],[124.6888,-16.3772,0.0],[124.7051,-16.3805,1.1054]]],
[[[124.3596,-16.3754,2.1695],[124.3677,-16.3681,0.0],[124.3668,-16.3644,0.5464],[124.3609,-16.365,11.7654],[124.3601,-16.3711,9.4713],[124.3578,-16.3732,0.4056],[124.3587,-16.376,2.1695],[124.3596,-16.3754,2.1695]]],
[[[124.664,-16.3677,0.0],[124.6714,-16.371,0.0],[124.6769,-16.3723,0.7747],[124.6715,-16.3685,3.5607],[124.664,-16.3677,0.0]]],
[[[124.4418,-16.3773,32.1114],[124.4484,-16.3762,62.3931],[124.4517,-16.3736,7.4484],[124.4548,-16.3738,4.0639],[124.4621,-16.3631,0.0],[124.4647,-16.3558,1.3025],[124.462,-16.3576,0.0],[124.4615,-16.3602,6.1335],[124.4586,-16.3602,2.4728],[124.4512,-16.365,20.1041],[124.4493,-16.3644,0.0],[124.4445,-16.3685,7.7972],[124.4333,-16.3681,6.3225],[124.4352,-16.3734,5.6858],[124.4418,-16.3773,32.1114]]],
[[[124.3501,-16.3638,5.1689],[124.3515,-16.3632,1.4433],[124.3513,-16.3592,0.0],[124.342,-16.353,0.0],[124.3411,-16.3599,0.0],[124.3434,-16.3591,19.8452],[124.3454,-16.3627,24.5239],[124.3501,-16.3638,5.1689]]],
[[[124.6746,-16.3571,0.7326],[124.6839,-16.3624,5.8815],[124.6919,-16.3647,0.0],[124.7032,-16.3569,0.7831],[124.6929,-16.3493,0.0],[124.6889,-16.3492,2.2295],[124.673,-16.3562,0.0],[124.6746,-16.3571,0.7326]]],
[[[124.3476,-16.3496,1.138],[124.3488,-16.3541,13.8047],[124.3532,-16.3581,1.6252],[124.3551,-16.3577,3.9694],[124.3583,-16.3495,57.4042],[124.3575,-16.3417,28.17],[124.3554,-16.3409,0.9475],[124.3521,-16.3479,0.0],[124.3476,-16.3496,1.138]]],
[[[124.629,-16.345,4.8305],[124.6,-16.3414,5.1834],[124.5755,-16.3416,3.7895],[124.5662,-16.3426,0.7158],[124.5649,-16.3442,3.9066],[124.5687,-16.3469,0.9357],[124.5809,-16.3491,1.7379],[124.6074,-16.3485,3.2251],[124.6501,-16.3503,0.0],[124.629,-16.345,4.8305]]],
[[[124.5628,-16.3436,1.6142],[124.5634,-16.3439,1.6142],[124.5655,-16.3427,0.7158],[124.5631,-16.3429,0.0],[124.5628,-16.3436,1.6142]]],
[[[124.2262,-16.3381,4.1113],[124.2251,-16.337,3.5636],[124.2258,-16.3418,1.2333],[124.2295,-16.3426,2.1284],[124.2289,-16.3408,6.2936],[124.2262,-16.3381,4.1113]]],
[[[124.3844,-16.3237,0.0],[124.3846,-16.3242,0.0],[124.3849,-16.3245,0.0],[124.3853,-16.3234,0.0],[124.3844,-16.3237,0.0]]],
[[[124.3861,-16.3209,10.1837],[124.3865,-16.3229,15.4861],[124.3905,-16.3245,17.8618],[124.396,-16.3224,1.1353],[124.3926,-16.316,0.0],[124.3895,-16.3165,0.0],[124.3861,-16.3209,10.1837]]],
[[[124.3872,-16.3154,0.0641],[124.3869,-16.3162,0.0641],[124.3878,-16.3167,0.0],[124.3879,-16.316,0.0],[124.3872,-16.3154,0.0641]]],
[[[123.8855,-16.3247,0.0],[123.8854,-16.3215,0.0021],[123.884,-16.3238,2.8075],[123.8851,-16.3279,1.0797],[123.887,-16.327,1.08],[123.8855,-16.3247,0.0]]],
[[[123.8834,-16.3203,-0.0076],[123.8837,-16.3213,0.0021],[123.884,-16.3217,0.0021],[123.8837,-16.3194,5.9142],[123.8834,-16.3203,-0.0076]]],
[[[123.8624,-16.322,1.3944],[123.8614,-16.3198,1.4455],[123.8592,-16.3183,2.7279],[123.862,-16.3223,1.3944],[123.8624,-16.322,1.3944]]],
[[[123.8671,-16.3192,14.5455],[123.8707,-16.3213,3.4391],[123.8687,-16.3174,1.3979],[123.8643,-16.3171,0.0],[123.8671,-16.3192,14.5455]]],
[[[123.8792,-16.3196,0.0],[123.8796,-16.319,0.0],[123.878,-16.3178,0.0],[123.8778,-16.3186,1.6019],[123.8792,-16.3196,0.0]]],
[[[123.8502,-16.3096,0.0],[123.8535,-16.3132,0.0],[123.8533,-16.3107,10.0285],[123.8561,-16.3102,7.52],[123.854,-16.308,3.0385],[123.8502,-16.3096,0.0]]],
[[[123.8439,-16.3068,7.6955],[123.8423,-16.3032,0.0],[123.8404,-16.3019,1.4445],[123.8432,-16.3076,7.6955],[123.8439,-16.3068,7.6955]]],
[[[123.8734,-16.2981,5.5704],[123.8775,-16.2963,0.0],[123.8743,-16.2911,0.0],[123.8701,-16.2886,12.456],[123.8681,-16.2902,44.0738],[123.8645,-16.2902,0.0],[123.8713,-16.2976,64.2279],[123.8703,-16.2991,4.4045],[123.8712,-16.3025,58.1389],[123.8769,-16.3061,24.8023],[123.8818,-16.315,23.5931],[123.8787,-16.3134,5.7579],[123.8779,-16.3143,5.7579],[123.8852,-16.3197,-0.0076],[123.8807,-16.3055,2.7499],[123.8767,-16.3009,3.8837],[123.8736,-16.3005,12.1575],[123.8734,-16.2981,5.5704]]],
[[[123.9192,-16.2994,4.1584],[123.9225,-16.299,1.6678],[123.9226,-16.2966,0.0],[123.9171,-16.2973,7.5045],[123.9143,-16.2952,16.4763],[123.911,-16.2981,0.0],[123.9117,-16.2993,0.0],[123.9192,-16.2994,4.1584]]],
[[[123.8489,-16.2873,0.0],[123.8511,-16.2896,0.0],[123.8537,-16.2888,2.2677],[123.8535,-16.288,2.2677],[123.8489,-16.2873,0.0]]],
[[[123.8838,-16.2878,8.8165],[123.8846,-16.2886,5.0738],[123.8854,-16.2879,8.8165],[123.8842,-16.2873,8.8165],[123.8838,-16.2878,8.8165]]],
[[[123.8576,-16.2819,4.2048],[123.859,-16.2817,0.0],[123.8598,-16.2801,3.611],[123.8575,-16.2815,4.2048],[123.8576,-16.2819,4.2048]]],
[[[123.7878,-16.2815,0.0],[123.7885,-16.2824,0.0],[123.7889,-16.282,0.0],[123.7883,-16.2806,0.0],[123.7878,-16.2815,0.0]]],
[[[123.8283,-16.2783,1.7272],[123.8279,-16.2791,1.7272],[123.8291,-16.2803,2.7359],[123.829,-16.279,1.7272],[123.8283,-16.2783,1.7272]]],
[[[123.8342,-16.2766,0.0],[123.8326,-16.2776,2.3347],[123.8326,-16.2787,2.5555],[123.8332,-16.2783,2.5555],[123.8342,-16.2766,0.0]]],
[[[123.7856,-16.2772,5.9294],[123.7856,-16.2769,5.9294],[123.783,-16.2754,4.4031],[123.7844,-16.2783,1.3447],[123.7856,-16.2772,5.9294]]],
[[[124.2008,-16.3347,1.843],[124.2013,-16.3358,1.843],[124.2017,-16.3356,1.843],[124.2017,-16.3347,1.843],[124.2008,-16.3347,1.843]]],
[[[124.2,-16.3322,18.0675],[124.1996,-16.3298,2.3814],[124.1976,-16.3331,0.7634],[124.1981,-16.3334,0.7634],[124.2,-16.3322,18.0675]]],
[[[124.1946,-16.3318,1.8737],[124.1954,-16.3299,0.9885],[124.1948,-16.3293,0.0],[124.1942,-16.3305,0.9885],[124.1946,-16.3318,1.8737]]],
[[[124.1975,-16.3066,0.7574],[124.2009,-16.3084,0.0],[124.2013,-16.3079,0.0],[124.1981,-16.306,0.0],[124.1975,-16.3066,0.7574]]],
[[[124.395,-16.3124,0.031],[124.3944,-16.3121,0.031],[124.394,-16.3127,0.031],[124.3947,-16.3132,0.0],[124.395,-16.3124,0.031]]],
[[[124.372,-16.3093,12.4289],[124.3701,-16.3044,2.8419],[124.3688,-16.308,3.0003],[124.3701,-16.3096,0.8826],[124.372,-16.3093,12.4289]]],
[[[124.3882,-16.2955,5.0565],[124.3888,-16.2962,5.0565],[124.3896,-16.2953,1.0338],[124.389,-16.295,5.0565],[124.3882,-16.2955,5.0565]]],
[[[124.2366,-16.2956,0.0],[124.2381,-16.294,0.0],[124.2369,-16.2927,0.0],[124.2361,-16.295,0.0],[124.2366,-16.2956,0.0]]],
[[[124.1996,-16.3011,9.3078],[124.2021,-16.3008,3.3397],[124.2006,-16.2992,0.0],[124.1973,-16.2994,0.0],[124.195,-16.2966,0.0],[124.1954,-16.2989,0.6655],[124.1996,-16.3011,9.3078]]],
[[[124.1623,-16.2735,2.1444],[124.1604,-16.2738,0.0],[124.1608,-16.2751,1.5248],[124.1639,-16.2758,23.3795],[124.1666,-16.2735,1.0593],[124.1645,-16.2741,4.0977],[124.1623,-16.2735,2.1444]]],
[[[124.1682,-16.27,9.9936],[124.1687,-16.2734,1.715],[124.1727,-16.2738,4.697],[124.1712,-16.271,24.418],[124.1738,-16.2686,1.2894],[124.1682,-16.27,9.9936]]],
[[[124.1583,-16.2683,4.4265],[124.1554,-16.2676,0.0],[124.1528,-16.2729,0.0],[124.1543,-16.2738,2.5825],[124.1576,-16.2714,0.0],[124.1583,-16.2683,4.4265]]],
[[[124.2343,-16.2851,21.0957],[124.2304,-16.2842,0.0],[124.2285,-16.2857,4.8467],[124.233,-16.2882,2.3149],[124.2343,-16.2851,21.0957]]],
[[[124.2171,-16.2825,16.9121],[124.2205,-16.2839,10.6643],[124.2241,-16.2814,6.1455],[124.223,-16.2805,4.2079],[124.221,-16.2821,11.5988],[124.219,-16.2812,0.2004],[124.2199,-16.2789,2.9024],[124.2184,-16.2776,0.0],[124.2181,-16.2788,9.4026],[124.2146,-16.2778,0.0],[124.2142,-16.2798,0.0],[124.2171,-16.2825,16.9121]]],
[[[124.21,-16.2721,21.5623],[124.2061,-16.2706,0.0],[124.2083,-16.2727,2.9929],[124.2084,-16.2771,0.0],[124.2101,-16.2773,16.0623],[124.2138,-16.2742,5.4944],[124.21,-16.2721,21.5623]]],
[[[124.3983,-16.2611,0.0],[124.3952,-16.2593,0.1635],[124.3935,-16.26,0.0],[124.3954,-16.2619,0.1466],[124.3983,-16.2611,0.0]]],
[[[123.7742,-16.2791,13.0514],[123.7784,-16.2818,4.7955],[123.7815,-16.2798,0.0],[123.7755,-16.2754,46.7215],[123.7765,-16.2743,1.6098],[123.775,-16.2726,1.8147],[123.7712,-16.2706,1.0344],[123.7687,-16.2714,23.7278],[123.7671,-16.2742,1.7105],[123.7679,-16.2754,0.0],[123.7696,-16.2751,0.4738],[123.7699,-16.2774,0.0],[123.7728,-16.2798,1.6787],[123.7742,-16.2791,13.0514]]],
[[[123.815,-16.2733,0.0],[123.8164,-16.273,0.0],[123.8129,-16.2708,0.0],[123.813,-16.2715,0.0],[123.815,-16.2733,0.0]]],
[[[123.8211,-16.2746,0.0],[123.8221,-16.2762,16.1046],[123.8249,-16.2751,6.7682],[123.8265,-16.2735,0.0],[123.826,-16.2692,37.7945],[123.8298,-16.2687,30.5538],[123.8293,-16.2678,4.2794],[123.8265,-16.2665,12.4256],[123.8226,-16.2685,2.0312],[123.8211,-16.2746,0.0]]],
[[[123.7517,-16.26,13.3946],[123.7456,-16.2587,2.1038],[123.7429,-16.2617,0.0],[123.7523,-16.2704,0.1857],[123.7601,-16.2718,0.45],[123.7652,-16.2697,1.3711],[123.7596,-16.2679,8.7456],[123.754,-16.263,0.9056],[123.7617,-16.2668,0.0],[123.7629,-16.2647,0.6071],[123.7659,-16.266,5.6066],[123.7655,-16.2645,0.0],[123.7532,-16.2589,0.7857],[123.7517,-16.26,13.3946]]],
[[[123.8045,-16.2669,4.1733],[123.8035,-16.2637,0.0],[123.8016,-16.2627,0.0],[123.804,-16.2677,4.1733],[123.8045,-16.2669,4.1733]]],
[[[123.7687,-16.2645,24.8316],[123.7694,-16.2636,24.8316],[123.7691,-16.2623,0.0],[123.7682,-16.263,24.8316],[123.7687,-16.2645,24.8316]]],
[[[123.8327,-16.2564,7.4831],[123.8304,-16.2628,12.9392],[123.8323,-16.2625,25.5247],[123.8328,-16.2653,0.0],[123.8343,-16.2624,0.0],[123.8327,-16.2564,7.4831]]],
[[[123.8388,-16.2579,0.0],[123.8394,-16.2584,3.9994],[123.8406,-16.2576,2.5171],[123.8401,-16.257,0.0],[123.8388,-16.2579,0.0]]],
[[[123.8564,-16.281,39.4867],[123.8571,-16.2785,22.5184],[123.8516,-16.2749,16.8745],[123.8527,-16.2737,0.0],[123.8515,-16.2707,3.0557],[123.8492,-16.2703,0.0],[123.8477,-16.2717,1.3892],[123.8495,-16.2743,17.6124],[123.847,-16.278,8.413],[123.8497,-16.281,5.2428],[123.8564,-16.281,39.4867]]],
[[[123.8651,-16.2554,2.9635],[123.8636,-16.2559,2.0129],[123.8633,-16.2588,30.3758],[123.8606,-16.2567,33.394],[123.8613,-16.2543,0.0],[123.8574,-16.2532,0.0],[123.8588,-16.256,44.704],[123.8576,-16.26,0.0],[123.866,-16.2714,0.0],[123.8635,-16.2736,6.1951],[123.8659,-16.2749,1.9541],[123.866,-16.2775,4.9091],[123.8701,-16.2778,37.4866],[123.8697,-16.2797,13.4722],[123.8724,-16.283,0.0],[123.8745,-16.2827,53.3745],[123.8749,-16.2799,84.3552],[123.8791,-16.282,3.7109],[123.8777,-16.2868,24.171],[123.8791,-16.2898,0.0],[123.8838,-16.2895,5.0738],[123.881,-16.2874,17.7869],[123.8863,-16.2845,0.0],[123.8864,-16.2801,1.4953],[123.8832,-16.2733,15.0516],[123.8757,-16.2641,0.0],[123.8743,-16.2676,28.1055],[123.8698,-16.2635,16.767],[123.8723,-16.2616,0.0],[123.87,-16.2609,8.0361],[123.8699,-16.2591,0.0],[123.8683,-16.2595,29.9428],[123.8651,-16.2554,2.9635]]],
[[[123.9072,-16.2572,5.3531],[123.9071,-16.2541,4.7437],[123.9037,-16.2525,7.9037],[123.901,-16.2485,22.0583],[123.8861,-16.2383,9.1785],[123.8828,-16.2377,24.5094],[123.8816,-16.2353,6.0092],[123.8769,-16.2324,0.0],[123.8763,-16.2337,0.0],[123.883,-16.2392,18.878],[123.8853,-16.2431,1.2936],[123.8814,-16.2408,0.0],[123.8815,-16.243,1.0876],[123.8855,-16.2461,3.925],[123.8786,-16.2439,1.0673],[123.8757,-16.2445,0.0],[123.868,-16.2406,33.9196],[123.8637,-16.236,0.0],[123.8615,-16.2362,3.9667],[123.8608,-16.2384,59.3344],[123.8631,-16.241,66.4725],[123.872,-16.2454,36.9514],[123.8735,-16.2477,54.8282],[123.8971,-16.257,19.7022],[123.9001,-16.2661,24.6531],[123.8985,-16.2698,10.0954],[123.9004,-16.2718,8.9002],[123.9049,-16.2697,2.8461],[123.9056,-16.2675,30.5904],[123.912,-16.2707,6.5859],[123.9069,-16.2721,10.6861],[123.906,-16.2749,59.0108],[123.9035,-16.2739,0.0],[123.9058,-16.2764,0.0],[123.9254,-16.2821,28.5413],[123.9329,-16.2821,23.9418],[123.94,-16.2782,0.0],[123.9348,-16.2731,8.8602],[123.9317,-16.2736,0.3106],[123.9323,-16.2716,0.4289],[123.9299,-16.2712,0.0],[123.9287,-16.273,0.9151],[123.9283,-16.2709,22.8388],[123.9242,-16.2683,9.9738],[123.9206,-16.2633,0.0],[123.9147,-16.2615,0.7583],[123.9094,-16.2557,0.0],[123.9072,-16.2572,5.3531]]],
[[[123.8408,-16.2417,0.0],[123.8417,-16.2427,0.0],[123.8424,-16.2426,2.877],[123.8424,-16.2421,2.877],[123.8408,-16.2417,0.0]]],
[[[123.8408,-16.2534,11.4213],[123.8401,-16.2517,0.0],[123.8391,-16.2556,6.0195],[123.8402,-16.2535,11.4213],[123.8408,-16.2534,11.4213]]],
[[[123.8399,-16.2501,2.879],[123.8398,-16.2484,4.7564],[123.838,-16.2458,0.0],[123.8392,-16.2498,2.879],[123.8399,-16.2501,2.879]]],
[[[123.837,-16.2476,5.5822],[123.8378,-16.2479,5.5822],[123.8367,-16.2465,5.5822],[123.8366,-16.2469,5.5822],[123.837,-16.2476,5.5822]]],
[[[123.8345,-16.2446,5.4932],[123.8332,-16.2381,6.1587],[123.8353,-16.2328,13.086],[123.8311,-16.2237,0.0],[123.8339,-16.2312,8.3955],[123.8336,-16.2323,8.3052],[123.829,-16.2306,0.0],[123.8313,-16.235,42.7948],[123.8226,-16.2275,0.0],[123.8227,-16.2323,0.0],[123.8277,-16.2398,24.2713],[123.8197,-16.2414,31.9712],[123.8156,-16.2379,0.0],[123.8151,-16.2419,9.4943],[123.8123,-16.2404,28.834],[123.8105,-16.2361,0.0],[123.8084,-16.2412,0.8744],[123.8107,-16.2413,0.0],[123.8157,-16.2491,10.2746],[123.8073,-16.2428,0.0],[123.8041,-16.2452,0.6715],[123.8062,-16.25,0.0],[123.811,-16.2497,0.6667],[123.8107,-16.2562,0.0],[123.8091,-16.2544,6.8797],[123.8095,-16.2523,0.0],[123.8077,-16.2524,1.4992],[123.8102,-16.2652,14.7953],[123.8122,-16.2663,1.2745],[123.8129,-16.2639,48.5147],[123.8148,-16.2631,15.2245],[123.8187,-16.2692,11.8708],[123.8211,-16.2671,19.7836],[123.8233,-16.2611,32.4703],[123.8226,-16.259,0.0],[123.8214,-16.2599,59.3909],[123.8193,-16.2576,31.8679],[123.8195,-16.2539,31.5241],[123.824,-16.2575,27.9596],[123.8277,-16.2567,20.0556],[123.826,-16.2481,0.0],[123.8314,-16.2472,40.5273],[123.8318,-16.2486,2.7768],[123.8293,-16.2507,0.0],[123.8315,-16.2524,0.644],[123.8327,-16.2492,37.9754],[123.8354,-16.2475,14.1196],[123.8345,-16.2446,5.4932]]],
[[[124.1425,-16.2686,4.7575],[124.1467,-16.2658,3.6348],[124.1416,-16.2671,7.2677],[124.1366,-16.2652,0.0],[124.1389,-16.2675,1.2667],[124.1425,-16.2686,4.7575]]],
[[[124.0883,-16.257,0.0],[124.0883,-16.2584,0.0],[124.0897,-16.258,0.0],[124.0883,-16.257,0.0]]],
[[[124.0967,-16.2582,0.0],[124.0962,-16.2577,0.0],[124.0923,-16.2564,0.0],[124.0939,-16.2583,0.0],[124.0967,-16.2582,0.0]]],
[[[124.1167,-16.2545,0.0],[124.1177,-16.2547,0.0],[124.1163,-16.2535,0.0],[124.116,-16.2538,0.0],[124.1167,-16.2545,0.0]]],
[[[124.0828,-16.2544,0.0],[124.0839,-16.2537,0.0],[124.0836,-16.2529,0.0],[124.0816,-16.2537,0.0],[124.0828,-16.2544,0.0]]],
[[[124.0746,-16.2442,0.0],[124.0734,-16.2455,11.3155],[124.0718,-16.2435,11.5003],[124.0694,-16.2437,38.1473],[124.071,-16.2417,0.0],[124.0682,-16.2393,0.0],[124.0659,-16.2406,0.0],[124.0662,-16.2438,32.2231],[124.0635,-16.2397,9.089],[124.0624,-16.2412,9.089],[124.0605,-16.2403,9.3396],[124.0613,-16.2439,38.3649],[124.0657,-16.2456,60.09],[124.0709,-16.2526,29.3109],[124.0734,-16.2513,22.5759],[124.0744,-16.255,0.3982],[124.0803,-16.2518,3.0006],[124.0808,-16.2491,12.3294],[124.0773,-16.2485,52.3419],[124.078,-16.2461,21.3249],[124.0746,-16.2442,0.0]]],
[[[124.1181,-16.2378,0.1581],[124.1175,-16.2355,32.3151],[124.1194,-16.2314,31.9321],[124.1174,-16.2303,2.975],[124.1168,-16.2324,14.6426],[124.1149,-16.2323,5.2319],[124.1126,-16.2294,0.0],[124.1141,-16.2398,42.4135],[124.1022,-16.2371,3.1328],[124.1054,-16.2411,4.1444],[124.1006,-16.2419,3.0752],[124.1008,-16.244,0.0],[124.105,-16.2461,3.6138],[124.1025,-16.2472,1.208],[124.0998,-16.2455,0.0],[124.1,-16.2481,1.5944],[124.0976,-16.2511,20.2829],[124.1009,-16.2505,16.1132],[124.1027,-16.2526,22.082],[124.104,-16.2516,5.2748],[124.1066,-16.2557,27.2162],[124.1046,-16.2575,0.0],[124.1097,-16.2583,0.0],[124.1128,-16.2569,11.8531],[124.1101,-16.2538,36.6886],[124.113,-16.2526,10.1808],[124.1101,-16.2515,33.7778],[124.11,-16.2499,21.6078],[124.1173,-16.2524,10.4207],[124.1174,-16.2494,48.8471],[124.1212,-16.2508,22.9651],[124.1222,-16.2497,28.198],[124.1253,-16.253,0.0],[124.1267,-16.2504,24.2022],[124.1321,-16.2527,22.3476],[124.1332,-16.2513,5.7171],[124.1444,-16.2509,32.2274],[124.1315,-16.2441,0.024],[124.1376,-16.2403,9.4699],[124.1241,-16.2395,0.0],[124.1247,-16.2361,0.0],[124.1235,-16.2354,10.7485],[124.119,-16.2413,23.631],[124.1176,-16.24,32.1269],[124.1181,-16.2378,0.1581]]],
[[[124.0047,-16.241,0.0],[124.0036,-16.2404,0.0],[124.0029,-16.2408,0.0],[124.0038,-16.2415,0.0],[124.0047,-16.241,0.0]]],
[[[124.0161,-16.2404,0.0],[124.0167,-16.2414,0.0],[124.0172,-16.2413,0.0],[124.0172,-16.2409,0.0],[124.0161,-16.2404,0.0]]],
[[[124.0148,-16.2409,8.6789],[124.0144,-16.2404,8.6789],[124.0113,-16.2405,4.7075],[124.012,-16.2414,0.0],[124.0148,-16.2409,8.6789]]],
[[[124.0063,-16.241,0.0],[124.0072,-16.2413,0.0],[124.0078,-16.2412,0.0],[124.0063,-16.2403,0.0],[124.0063,-16.241,0.0]]],
[[[124.0212,-16.2408,0.0],[124.0227,-16.241,1.112],[124.0229,-16.2408,1.112],[124.0211,-16.2401,0.0],[124.0212,-16.2408,0.0]]],
[[[124.0272,-16.2411,7.5395],[124.0288,-16.2407,3.6991],[124.0295,-16.2399,0.0],[124.025,-16.2405,0.0],[124.0272,-16.2411,7.5395]]],
[[[124.0369,-16.2406,1.7589],[124.0461,-16.2422,3.2692],[124.0481,-16.241,0.0],[124.047,-16.2393,0.0],[124.0441,-16.2412,0.0],[124.04,-16.2382,2.8711],[124.0379,-16.2401,2.299],[124.0356,-16.239,0.0],[124.0369,-16.2406,1.7589]]],
[[[124.0551,-16.2357,3.3623],[124.0524,-16.2347,25.9564],[124.0555,-16.2393,19.9344],[124.0559,-16.2388,19.9344],[124.0551,-16.2357,3.3623]]],
[[[124.0617,-16.237,21.8372],[124.0621,-16.2371,21.8372],[124.0641,-16.2353,10.7148],[124.0609,-16.2347,25.0987],[124.0617,-16.237,21.8372]]],
[[[123.8768,-16.2367,0.0],[123.8759,-16.236,0.0],[123.8757,-16.2367,0.0],[123.8762,-16.2373,0.0],[123.8768,-16.2367,0.0]]],
[[[123.8766,-16.2353,0.0],[123.8778,-16.2363,0.0],[123.8786,-16.2357,26.4865],[123.8766,-16.2353,0.0]]],
[[[123.8732,-16.2341,0.0],[123.873,-16.235,1.2567],[123.874,-16.2356,9.9299],[123.8741,-16.2348,9.9299],[123.8732,-16.2341,0.0]]],
[[[123.8707,-16.2343,2.4811],[123.8718,-16.2345,4.3411],[123.8721,-16.234,4.3411],[123.8711,-16.2334,4.3411],[123.8707,-16.2343,2.4811]]],
[[[123.8388,-16.2391,3.8323],[123.8389,-16.2398,3.9067],[123.8396,-16.2402,3.9067],[123.8392,-16.2385,3.8323],[123.8388,-16.2391,3.8323]]],
[[[123.838,-16.2373,0.0],[123.8387,-16.2364,8.5798],[123.838,-16.2355,1.9735],[123.8376,-16.2363,0.0],[123.838,-16.2373,0.0]]],
[[[123.8088,-16.2315,16.0338],[123.8076,-16.2305,4.3039],[123.8063,-16.2316,0.0],[123.8085,-16.2362,15.1488],[123.8092,-16.2358,15.1488],[123.8088,-16.2315,16.0338]]],
[[[123.8402,-16.238,5.6376],[123.8435,-16.2419,2.877],[123.8434,-16.2368,21.0879],[123.845,-16.2356,11.0477],[123.8417,-16.2316,51.3719],[123.8431,-16.2302,0.0],[123.8418,-16.2274,17.7277],[123.8376,-16.2243,0.0],[123.8373,-16.2324,6.2101],[123.8402,-16.238,5.6376]]],
[[[123.8569,-16.2296,3.8026],[123.858,-16.2346,0.0],[123.8614,-16.2345,0.0],[123.8597,-16.2295,0.0],[123.8569,-16.2296,3.8026]]],
[[[123.863,-16.2306,0.0],[123.8634,-16.2322,18.6051],[123.8669,-16.2325,2.3444],[123.8665,-16.2318,5.9769],[123.863,-16.2306,0.0]]],
[[[123.8724,-16.2318,0.0],[123.8739,-16.2322,0.0],[123.8742,-16.2317,0.0],[123.8724,-16.2312,0.0],[123.8724,-16.2318,0.0]]],
[[[123.9642,-16.2296,0.0],[123.9657,-16.2288,0.0],[123.9601,-16.2262,0.0],[123.9455,-16.2244,8.7182],[123.9394,-16.2207,0.0],[123.9452,-16.2266,0.0],[123.9642,-16.2296,0.0]]],
[[[123.7839,-16.2282,0.754],[123.7822,-16.2283,2.0599],[123.7818,-16.2292,2.0599],[123.7841,-16.2302,0.2345],[123.7839,-16.2282,0.754]]],
[[[123.8181,-16.208,7.2055],[123.8201,-16.2095,7.8417],[123.8174,-16.2035,13.4103],[123.8119,-16.2035,0.4948],[123.8125,-16.2097,0.0],[123.8159,-16.2168,30.8285],[123.8187,-16.2187,7.2331],[123.8191,-16.2175,25.5073],[123.8181,-16.208,7.2055]]],
[[[123.8091,-16.2068,4.7559],[123.8095,-16.2049,0.0],[123.8088,-16.2045,0.0],[123.8078,-16.2056,0.6319],[123.8091,-16.2068,4.7559]]],
[[[123.839,-16.2083,9.9086],[123.8402,-16.2061,1.782],[123.8391,-16.2002,21.3124],[123.8413,-16.1975,24.8817],[123.8422,-16.1902,0.0],[123.8414,-16.1881,6.9409],[123.8368,-16.19,11.769],[123.8361,-16.1931,50.677],[123.8336,-16.1952,18.4534],[123.8329,-16.2023,28.7763],[123.8309,-16.203,4.3068],[123.8313,-16.2071,0.0],[123.8339,-16.2074,38.6255],[123.8352,-16.2101,33.6684],[123.8333,-16.2129,12.085],[123.8413,-16.2147,0.0],[123.8409,-16.2087,7.137],[123.8388,-16.21,22.0443],[123.839,-16.2083,9.9086]]],
[[[123.6174,-16.3199,0.0],[123.6186,-16.3191,3.37],[123.6167,-16.3176,9.274],[123.6163,-16.3184,14.3729],[123.6174,-16.3199,0.0]]],
[[[123.5896,-16.2326,0.7],[123.5886,-16.231,2.967],[123.5877,-16.2315,3.7099],[123.5883,-16.2326,3.7099],[123.5896,-16.2326,0.7]]],
[[[123.5932,-16.1638,0.0],[123.5939,-16.1645,5.5692],[123.5947,-16.1641,5.5692],[123.5936,-16.1633,5.5692],[123.5932,-16.1638,0.0]]],
[[[123.656,-16.1563,17.7298],[123.6546,-16.155,0.0],[123.6529,-16.1569,6.7758],[123.6557,-16.1575,17.7298],[123.656,-16.1563,17.7298]]],
[[[123.557,-16.2172,3.9814],[123.5554,-16.2198,3.659],[123.5636,-16.2266,1.0146],[123.5635,-16.2237,3.7906],[123.5598,-16.2182,29.3213],[123.557,-16.2172,3.9814]]],
[[[123.5833,-16.217,10.7547],[123.5835,-16.2173,10.7547],[123.5862,-16.2172,1.0113],[123.5838,-16.2165,10.7547],[123.5833,-16.217,10.7547]]],
[[[123.5573,-16.2147,5.3143],[123.5563,-16.215,5.3143],[123.5562,-16.2155,5.3143],[123.5573,-16.2156,5.3143],[123.5573,-16.2147,5.3143]]],
[[[123.5529,-16.2147,4.8295],[123.5544,-16.215,1.4156],[123.5548,-16.2142,0.0],[123.5534,-16.2139,6.6631],[123.5529,-16.2147,4.8295]]],
[[[123.5748,-16.209,1.6357],[123.573,-16.2081,8.9084],[123.5711,-16.2084,10.0734],[123.573,-16.2098,1.0637],[123.5748,-16.209,1.6357]]],
[[[123.5724,-16.1705,19.1412],[123.5715,-16.1685,5.1754],[123.5704,-16.1679,0.0],[123.5708,-16.1718,4.2137],[123.5724,-16.1705,19.1412]]],
[[[123.5676,-16.1696,1.2733],[123.5672,-16.1694,0.0],[123.5669,-16.1702,1.2733],[123.5674,-16.1704,1.2733],[123.5676,-16.1696,1.2733]]],
[[[123.5702,-16.1572,0.0],[123.5735,-16.1588,6.7607],[123.5781,-16.1566,4.5737],[123.5714,-16.1535,7.9792],[123.5717,-16.1567,9.1919],[123.5702,-16.1572,0.0]]],
[[[123.6195,-16.1231,0.0],[123.62,-16.1229,0.213],[123.62,-16.1219,0.213],[123.6186,-16.1226,0.0],[123.6195,-16.1231,0.0]]],
[[[123.6747,-16.1101,0.0],[123.6776,-16.1114,0.0],[123.682,-16.1105,3.2402],[123.6786,-16.109,0.0],[123.6747,-16.1101,0.0]]],
[[[123.6446,-16.1053,15.9343],[123.6402,-16.106,0.0],[123.646,-16.1084,4.5141],[123.6452,-16.1034,5.3934],[123.6446,-16.1053,15.9343]]],
[[[123.5976,-16.0869,28.2805],[123.5982,-16.0879,28.2805],[123.5964,-16.0881,21.1494],[123.5948,-16.0862,0.0],[123.5908,-16.0866,15.3932],[123.588,-16.0832,14.676],[123.5887,-16.0816,4.8321],[123.5851,-16.0815,4.0912],[123.5862,-16.083,0.0],[123.5843,-16.085,0.0],[123.5852,-16.0856,13.6366],[123.5927,-16.0882,0.0],[123.6021,-16.0953,14.2962],[123.6202,-16.1032,8.7413],[123.6212,-16.1052,0.0],[123.6243,-16.105,51.9113],[123.6252,-16.1067,7.4324],[123.6275,-16.1064,7.443],[123.63,-16.1022,65.4549],[123.6355,-16.1051,8.6123],[123.6371,-16.1028,3.4567],[123.6349,-16.0988,13.366],[123.64,-16.0993,17.7037],[123.6283,-16.0938,0.0],[123.6266,-16.0945,0.0],[123.6275,-16.0956,12.7747],[123.624,-16.0957,18.4796],[123.6221,-16.0941,4.1301],[123.623,-16.092,4.889],[123.6182,-16.0915,30.0789],[123.6149,-16.0935,8.4498],[123.611,-16.088,58.9739],[123.6043,-16.0847,55.0458],[123.5988,-16.0847,8.8692],[123.5976,-16.0869,28.2805]]],
[[[123.4924,-16.2364,0.0],[123.4916,-16.2347,20.5523],[123.4899,-16.2349,3.5935],[123.4907,-16.2362,20.5523],[123.4924,-16.2364,0.0]]],
[[[123.5043,-16.2353,0.0],[123.5049,-16.2348,0.0],[123.5018,-16.2314,3.4546],[123.5028,-16.2338,6.9076],[123.5043,-16.2353,0.0]]],
[[[123.5053,-16.2335,3.2771],[123.5088,-16.2358,2.1611],[123.5111,-16.236,0.0],[123.5037,-16.2295,0.0],[123.5053,-16.2335,3.2771]]],
[[[123.5025,-16.2267,14.0456],[123.4953,-16.2197,16.1627],[123.4911,-16.2092,0.8923],[123.4914,-16.2149,21.0279],[123.4895,-16.2145,0.0],[123.4905,-16.2162,21.0279],[123.4926,-16.2172,29.1584],[123.4932,-16.2201,6.9656],[123.4965,-16.2217,8.83],[123.5015,-16.2304,1.5606],[123.5037,-16.2272,0.9875],[123.5025,-16.2267,14.0456]]],
[[[123.542,-16.2211,0.0],[123.5418,-16.2219,5.1061],[123.5427,-16.2224,5.1061],[123.5428,-16.2221,5.1061],[123.542,-16.2211,0.0]]],
[[[123.5358,-16.2124,0.0],[123.5384,-16.2166,0.0],[123.5349,-16.2094,0.0],[123.5358,-16.2124,0.0]]],
[[[123.5537,-16.2089,3.1109],[123.5519,-16.2088,0.0],[123.5515,-16.2092,0.0],[123.5529,-16.21,2.6549],[123.5537,-16.2089,3.1109]]],
[[[123.5404,-16.198,1.8471],[123.5403,-16.201,7.1591],[123.541,-16.2017,0.0],[123.5413,-16.1993,1.8471],[123.5404,-16.198,1.8471]]],
[[[123.545,-16.2101,0.9312],[123.5464,-16.2096,0.0],[123.5454,-16.1989,2.3401],[123.5393,-16.1877,0.0],[123.542,-16.1933,7.3524],[123.5407,-16.1943,0.0],[123.5433,-16.1966,1.3897],[123.542,-16.1991,4.8384],[123.5429,-16.2022,1.1069],[123.5436,-16.2011,6.5917],[123.5444,-16.2025,33.82],[123.545,-16.2101,0.9312]]],
[[[123.5228,-16.1846,0.0],[123.5239,-16.1851,1.7208],[123.5253,-16.1847,0.0],[123.5232,-16.1841,0.0],[123.5228,-16.1846,0.0]]],
[[[123.5307,-16.1578,0.5344],[123.5316,-16.1573,1.9886],[123.5312,-16.1557,0.0],[123.5305,-16.1563,0.5344],[123.5307,-16.1578,0.5344]]],
[[[123.5232,-16.1617,13.0906],[123.5255,-16.1491,0.0],[123.5194,-16.1409,0.0],[123.5183,-16.1412,1.2093],[123.5196,-16.1438,15.6015],[123.5115,-16.1455,5.444],[123.5089,-16.1492,38.387],[123.5104,-16.1505,6.7164],[123.5081,-16.1588,3.8074],[123.5053,-16.1619,5.0582],[123.5108,-16.1652,7.774],[123.5125,-16.1649,1.7062],[123.5124,-16.1611,3.5831],[123.5174,-16.1637,18.6463],[123.5174,-16.165,0.0],[123.5201,-16.1644,1.2743],[123.5171,-16.1589,20.5209],[123.5224,-16.1634,2.5519],[123.5232,-16.1617,13.0906]]],
[[[123.476,-16.1897,1.4767],[123.476,-16.1907,1.4767],[123.4764,-16.1908,1.4767],[123.4767,-16.1897,1.4767],[123.476,-16.1897,1.4767]]],
[[[123.4631,-16.1675,0.0],[123.4638,-16.1682,0.0],[123.4645,-16.1678,0.0],[123.4633,-16.1662,0.0],[123.4631,-16.1675,0.0]]],
[[[123.4736,-16.144,4.5137],[123.4724,-16.1416,11.4748],[123.4711,-16.1419,0.0],[123.4729,-16.1444,4.5137],[123.4736,-16.144,4.5137]]],
[[[123.4599,-16.1406,1.8732],[123.4585,-16.1401,3.7928],[123.4576,-16.1408,3.7928],[123.4597,-16.1416,0.0],[123.4599,-16.1406,1.8732]]],
[[[123.4625,-16.1404,2.3594],[123.4635,-16.1417,0.0],[123.4643,-16.1415,0.0],[123.4634,-16.1397,2.3594],[123.4625,-16.1404,2.3594]]],
[[[123.4557,-16.1389,3.4375],[123.4539,-16.1394,1.422],[123.4562,-16.1406,1.5658],[123.4581,-16.1389,0.0],[123.4579,-16.1386,0.0],[123.4557,-16.1389,3.4375]]],
[[[123.4622,-16.1367,24.9383],[123.4603,-16.136,4.9089],[123.4654,-16.1397,0.0],[123.4653,-16.1385,6.7227],[123.4622,-16.1367,24.9383]]],
[[[123.4606,-16.132,4.0654],[123.4609,-16.1331,0.0],[123.4616,-16.1328,1.6844],[123.4613,-16.1321,4.0654],[123.4606,-16.132,4.0654]]],
[[[123.5306,-16.1498,4.7738],[123.5303,-16.1519,2.8702],[123.534,-16.1546,7.0084],[123.5347,-16.1579,3.0359],[123.5357,-16.155,0.0],[123.5347,-16.1523,23.4436],[123.5263,-16.1445,0.0],[123.5306,-16.1498,4.7738]]],
[[[123.5298,-16.0953,1.9489],[123.5304,-16.0947,1.9489],[123.5286,-16.0925,0.0],[123.5286,-16.0936,1.3541],[123.5298,-16.0953,1.9489]]],
[[[123.5437,-16.0672,28.7911],[123.5414,-16.0657,28.3287],[123.5404,-16.0624,4.8624],[123.544,-16.0618,0.0],[123.5376,-16.0583,49.151],[123.53,-16.0584,16.9506],[123.5255,-16.0614,49.7285],[123.5254,-16.0662,74.3305],[123.5224,-16.0698,0.0],[123.5259,-16.0714,36.7374],[123.5236,-16.079,0.0],[123.5253,-16.0858,24.4728],[123.5264,-16.0875,5.3663],[123.5279,-16.0863,15.0575],[123.5326,-16.0866,1.9307],[123.5327,-16.0913,0.0],[123.5385,-16.0957,9.3705],[123.5355,-16.0924,5.846],[123.5354,-16.0876,50.9343],[123.5379,-16.0887,14.5347],[123.5379,-16.091,22.1105],[123.5403,-16.091,15.7045],[123.5387,-16.0873,10.2104],[123.5405,-16.086,30.2559],[123.5427,-16.0873,10.4818],[123.5439,-16.0854,54.4161],[123.5479,-16.0933,0.0],[123.5524,-16.096,59.441],[123.5473,-16.0994,1.1057],[123.5532,-16.0989,10.0031],[123.557,-16.0957,18.9449],[123.5495,-16.0851,63.6897],[123.5496,-16.0782,50.8357],[123.5575,-16.0748,0.0],[123.5625,-16.0787,0.0],[123.5641,-16.0781,0.0],[123.5601,-16.0723,6.6333],[123.5554,-16.0715,38.1781],[123.5519,-16.0685,2.7979],[123.5493,-16.0704,7.358],[123.5465,-16.0699,8.658],[123.5437,-16.0672,28.7911]]],
[[[123.5295,-16.0242,0.0],[123.527,-16.0209,4.4354],[123.5238,-16.0214,14.4777],[123.5248,-16.0198,22.8335],[123.5213,-16.0172,4.9312],[123.5162,-16.0196,0.0],[123.5185,-16.0231,2.5425],[123.5171,-16.0268,29.6658],[123.5127,-16.0238,4.9566],[123.5084,-16.0243,0.0],[123.5124,-16.0284,0.0],[123.5162,-16.0298,0.0],[123.5217,-16.0382,9.9595],[123.5273,-16.0429,36.6787],[123.5313,-16.049,10.8986],[123.5302,-16.0504,0.0],[123.5354,-16.0514,0.0],[123.5386,-16.0539,5.8572],[123.5375,-16.0512,12.8975],[123.5427,-16.0463,20.8815],[123.5447,-16.0473,6.8378],[123.5453,-16.0457,27.6997],[123.5483,-16.0454,10.294],[123.5499,-16.0478,0.0],[123.5512,-16.0476,12.0312],[123.552,-16.0465,12.0312],[123.5449,-16.0404,11.0604],[123.5424,-16.0408,2.7359],[123.5404,-16.0441,10.5497],[123.5401,-16.0397,6.3501],[123.5424,-16.0368,14.2104],[123.541,-16.036,0.0],[123.5384,-16.0389,7.2874],[123.5366,-16.0388,7.0662],[123.5381,-16.0372,0.0],[123.537,-16.0354,18.3173],[123.5379,-16.0336,3.7597],[123.5351,-16.0335,41.0804],[123.5335,-16.03,1.8649],[123.5271,-16.035,22.4099],[123.5279,-16.0337,0.0],[123.5259,-16.0316,0.0],[123.5275,-16.0287,0.0],[123.5234,-16.0292,1.0301],[123.522,-16.0269,11.5922],[123.5295,-16.0242,0.0]]],
[[[123.4686,-16.1321,9.1657],[123.4676,-16.1305,1.876],[123.4672,-16.1326,8.895],[123.4692,-16.1334,8.1808],[123.4686,-16.1321,9.1657]]],
[[[123.5149,-16.0579,4.4661],[123.5071,-16.0544,0.0],[123.5136,-16.0599,6.0745],[123.5201,-16.0621,5.9616],[123.5149,-16.0579,4.4661]]],
[[[123.5125,-16.0152,0.0],[123.5134,-16.0145,1.1299],[123.5122,-16.0139,1.0942],[123.5121,-16.0148,0.0],[123.5125,-16.0152,0.0]]],
[[[123.5446,-16.0303,0.719],[123.5453,-16.0265,6.3072],[123.5405,-16.0245,0.659],[123.5403,-16.0274,1.9833],[123.5428,-16.0278,22.815],[123.5446,-16.0303,0.719]]],
[[[123.5388,-15.9883,0.0],[123.5409,-15.9884,0.0],[123.5405,-15.9856,0.0],[123.5384,-15.9854,0.0],[123.536,-15.9882,4.7408],[123.5385,-15.9901,0.0],[123.5388,-15.9883,0.0]]],
[[[123.5404,-15.9848,0.0],[123.5407,-15.9851,0.0],[123.5413,-15.9847,0.0],[123.5406,-15.9841,0.0],[123.5404,-15.9848,0.0]]],
[[[123.5938,-16.1607,9.4337],[123.5947,-16.1625,1.4172],[123.594,-16.1575,8.959],[123.5912,-16.1549,27.3059],[123.5903,-16.1447,16.7003],[123.587,-16.1438,0.0],[123.5875,-16.1481,17.7484],[123.5789,-16.1483,7.1623],[123.576,-16.1468,1.6504],[123.5751,-16.1512,5.1672],[123.577,-16.1519,8.2026],[123.5769,-16.154,1.1301],[123.5822,-16.1608,11.7431],[123.5847,-16.1618,6.6973],[123.5882,-16.1572,14.2983],[123.5897,-16.1618,9.6707],[123.5938,-16.1607,9.4337]]],
[[[123.5575,-16.0686,5.0307],[123.5585,-16.0669,18.0494],[123.5629,-16.0681,0.0],[123.5555,-16.0614,13.0948],[123.5524,-16.0608,0.0],[123.5539,-16.0648,8.8523],[123.5505,-16.0653,1.7146],[123.5575,-16.0686,5.0307]]],
[[[123.5614,-16.0512,0.0],[123.5606,-16.0515,0.8018],[123.5612,-16.0521,0.8018],[123.5615,-16.0516,0.8018],[123.5614,-16.0512,0.0]]],
[[[123.5563,-16.0344,0.8837],[123.557,-16.0353,0.0],[123.5573,-16.0349,0.0],[123.5566,-16.0338,0.8837],[123.5563,-16.0344,0.8837]]],
[[[123.5552,-16.0352,0.0],[123.5537,-16.0313,14.037],[123.5509,-16.0328,0.0],[123.554,-16.0359,4.1484],[123.5552,-16.0352,0.0]]],
[[[123.5586,-16.0335,1.3346],[123.5596,-16.034,1.3346],[123.5597,-16.0334,1.3346],[123.559,-16.033,1.3346],[123.5586,-16.0335,1.3346]]],
[[[123.5599,-16.0319,0.0],[123.561,-16.0316,0.0],[123.5595,-16.0304,0.0],[123.5593,-16.0307,0.0],[123.5599,-16.0319,0.0]]],
[[[123.6883,-15.9732,0.0863],[123.6884,-15.9737,0.0863],[123.6892,-15.9736,0.0863],[123.6889,-15.973,0.0863],[123.6883,-15.9732,0.0863]]],
[[[123.6833,-15.9653,0.6824],[123.6843,-15.9643,0.0],[123.6839,-15.9633,0.0],[123.6829,-15.9641,0.0],[123.6833,-15.9653,0.6824]]],
[[[123.6913,-15.9621,0.0],[123.6924,-15.9623,0.0],[123.6922,-15.9615,0.0],[123.6915,-15.9612,0.0],[123.6913,-15.9621,0.0]]],
[[[123.6883,-15.9018,0.0],[123.689,-15.9012,0.0],[123.688,-15.8996,0.0],[123.6877,-15.9007,0.0],[123.6883,-15.9018,0.0]]],
[[[123.6738,-15.8778,1.3494],[123.6749,-15.8775,1.3494],[123.6745,-15.8763,1.3494],[123.6738,-15.8772,1.3494],[123.6738,-15.8778,1.3494]]],
[[[123.6383,-15.8723,10.5112],[123.6377,-15.8699,1.584],[123.6349,-15.8749,0.0],[123.6356,-15.8748,0.0],[123.6383,-15.8723,10.5112]]],
[[[123.674,-15.8681,0.0],[123.6738,-15.8655,0.0],[123.6732,-15.865,0.0],[123.673,-15.8674,0.0],[123.674,-15.8681,0.0]]],
[[[123.8682,-16.2149,0.0],[123.8703,-16.2133,2.6946],[123.8687,-16.211,0.0],[123.8673,-16.2129,5.3289],[123.8659,-16.2086,5.639],[123.8598,-16.2114,4.4031],[123.8632,-16.2123,18.3513],[123.8682,-16.2149,0.0]]],
[[[123.8444,-16.2019,1.9887],[123.8441,-16.2003,5.7345],[123.8426,-16.203,39.7396],[123.8445,-16.2082,2.2084],[123.8451,-16.206,2.7516],[123.8444,-16.2019,1.9887]]],
[[[123.8816,-16.1978,3.9269],[123.874,-16.1883,17.1015],[123.8708,-16.1879,0.0],[123.8705,-16.1898,14.5982],[123.8675,-16.1913,0.0],[123.871,-16.1917,26.5183],[123.8726,-16.1954,8.2161],[123.8746,-16.1952,12.9755],[123.8741,-16.1983,2.1777],[123.8776,-16.1995,39.3514],[123.8768,-16.2041,3.869],[123.8704,-16.2075,0.0],[123.8728,-16.2182,0.0],[123.8752,-16.2187,2.2906],[123.8802,-16.2163,0.0],[123.888,-16.2101,1.9258],[123.8858,-16.2036,0.6702],[123.8907,-16.2029,16.0077],[123.8881,-16.1979,0.0],[123.8865,-16.2004,9.5352],[123.8839,-16.1977,10.3059],[123.8863,-16.195,2.4661],[123.8844,-16.1934,28.4989],[123.884,-16.1887,0.0],[123.88,-16.1903,4.8402],[123.8816,-16.1978,3.9269]]],
[[[123.8703,-16.2029,25.3584],[123.8743,-16.2018,12.0116],[123.8728,-16.2006,2.9505],[123.871,-16.2015,15.7835],[123.8654,-16.1972,11.0048],[123.8651,-16.2005,23.9114],[123.8626,-16.2025,0.0],[123.8641,-16.2035,10.2202],[123.8678,-16.2007,31.7711],[123.8692,-16.2054,5.7457],[123.8703,-16.2029,25.3584]]],
[[[123.8127,-16.198,1.8393],[123.8134,-16.199,13.328],[123.816,-16.1974,0.0],[123.8078,-16.1885,0.0],[123.797,-16.1871,30.2985],[123.798,-16.1884,23.563],[123.8061,-16.1899,5.276],[123.811,-16.1986,0.0],[123.8127,-16.198,1.8393]]],
[[[123.8165,-16.1871,4.6795],[123.8174,-16.1875,4.6795],[123.8183,-16.1868,1.5494],[123.8169,-16.186,0.0],[123.8165,-16.1871,4.6795]]],
[[[123.8115,-16.1829,2.1743],[123.8085,-16.1803,6.6936],[123.8083,-16.1824,27.1156],[123.8103,-16.1842,19.8653],[123.8115,-16.1829,2.1743]]],
[[[123.7786,-16.1695,26.8676],[123.7806,-16.1699,0.0],[123.7773,-16.1636,1.0305],[123.7762,-16.1661,0.0],[123.7719,-16.1655,0.0],[123.778,-16.1769,0.0],[123.7849,-16.1856,13.1012],[123.7857,-16.1912,3.0121],[123.7914,-16.2003,1.8049],[123.7941,-16.1993,8.3606],[123.8084,-16.2006,11.1284],[123.8031,-16.1904,3.2651],[123.7967,-16.1916,45.1122],[123.7939,-16.1897,66.064],[123.7943,-16.1868,43.004],[123.79,-16.1846,35.5754],[123.7908,-16.1834,0.0],[123.7892,-16.1811,0.0],[123.7842,-16.1804,31.8847],[123.7856,-16.1786,30.5516],[123.7795,-16.1733,71.139],[123.7786,-16.1695,26.8676]]],
[[[123.9555,-16.2023,37.3286],[123.9625,-16.2032,13.0906],[123.9674,-16.2014,24.8045],[123.9716,-16.2019,22.352],[123.973,-16.1991,11.702],[123.9684,-16.1962,1.3904],[123.965,-16.1997,17.1317],[123.9607,-16.2005,8.2415],[123.9584,-16.1987,6.6247],[123.9561,-16.1999,14.1869],[123.9523,-16.1991,4.1362],[123.9515,-16.2005,10.7649],[123.9555,-16.2023,37.3286]]],
[[[123.8919,-16.1896,13.3923],[123.8932,-16.1893,26.1208],[123.8918,-16.187,19.1852],[123.8929,-16.1863,19.1852],[123.8899,-16.1863,41.8409],[123.8884,-16.183,12.9073],[123.8874,-16.1824,0.0],[123.8865,-16.1845,7.9396],[123.8831,-16.1834,2.0202],[123.8881,-16.188,8.2833],[123.8894,-16.1874,42.0783],[123.8888,-16.1892,8.2833],[123.8906,-16.1909,26.6891],[123.8919,-16.1896,13.3923]]],
[[[123.8838,-16.1809,2.1075],[123.8804,-16.1771,29.4228],[123.8839,-16.1737,6.8374],[123.8784,-16.171,0.0],[123.876,-16.1761,0.0],[123.8776,-16.1762,43.2275],[123.8803,-16.1813,2.6131],[123.8835,-16.1821,8.2694],[123.8838,-16.1809,2.1075]]],
[[[123.9308,-16.1524,0.0],[123.9303,-16.1524,0.0],[123.9303,-16.1536,1.0034],[123.9308,-16.1536,0.9616],[123.9308,-16.1524,0.0]]],
[[[123.8068,-16.1738,0.0],[123.8083,-16.1791,13.548],[123.8105,-16.1792,6.6605],[123.8099,-16.1762,0.0],[123.8068,-16.1738,0.0]]],
[[[123.8024,-16.172,8.883],[123.8037,-16.1709,5.07],[123.8017,-16.169,0.7852],[123.8013,-16.1708,29.5474],[123.8024,-16.172,8.883]]],
[[[123.7962,-16.1675,7.7954],[123.7997,-16.1673,0.0],[123.7953,-16.1649,5.9016],[123.7946,-16.1661,0.0],[123.7962,-16.1675,7.7954]]],
[[[123.7705,-16.1636,20.5354],[123.7685,-16.161,2.7584],[123.7673,-16.1605,3.4771],[123.7691,-16.1643,15.0142],[123.7705,-16.1636,20.5354]]],
[[[124.1074,-16.2349,2.6799],[124.1088,-16.2339,8.9141],[124.1083,-16.2325,0.6044],[124.1069,-16.2339,8.4011],[124.1074,-16.2349,2.6799]]],
[[[124.0847,-16.2375,0.9363],[124.093,-16.237,26.6155],[124.0927,-16.2354,19.1069],[124.0963,-16.2323,1.0997],[124.0929,-16.2271,8.9856],[124.091,-16.2297,0.0],[124.0922,-16.2328,12.2976],[124.0874,-16.2325,3.0328],[124.0866,-16.2341,35.8364],[124.085,-16.2316,8.7138],[124.0834,-16.2318,8.7138],[124.0843,-16.2297,5.3951],[124.0806,-16.2309,6.5406],[124.0789,-16.228,0.0],[124.0761,-16.2279,0.0],[124.0747,-16.2304,0.0],[124.0805,-16.2356,8.3856],[124.0852,-16.2354,27.2526],[124.0847,-16.2375,0.9363]]],
[[[124.1024,-16.2317,0.0],[124.1036,-16.2322,3.9641],[124.1038,-16.2319,3.9641],[124.1037,-16.2314,3.9641],[124.1024,-16.2317,0.0]]],
[[[123.9679,-16.229,3.6608],[123.9678,-16.2305,25.1176],[123.9768,-16.233,5.494],[123.9753,-16.2317,13.7319],[123.9679,-16.229,3.6608]]],
[[[124.3818,-16.2386,1.433],[124.3828,-16.2391,1.433],[124.3837,-16.2388,2.3813],[124.3823,-16.2381,1.433],[124.3818,-16.2386,1.433]]],
[[[124.376,-16.2325,0.0],[124.3761,-16.2334,0.0],[124.3771,-16.2337,0.0],[124.377,-16.2323,0.0],[124.376,-16.2325,0.0]]],
[[[124.3777,-16.2304,0.5501],[124.3778,-16.2311,0.5501],[124.3786,-16.231,0.5501],[124.3783,-16.2298,0.5501],[124.3777,-16.2304,0.5501]]],
[[[124.4797,-16.1038,0.0],[124.4799,-16.1016,0.0],[124.4799,-16.1012,0.0],[124.4792,-16.1024,0.0],[124.4797,-16.1038,0.0]]],
[[[123.9745,-16.1948,10.3734],[123.975,-16.1955,10.3734],[123.9758,-16.1948,10.3734],[123.9752,-16.1944,0.0],[123.9745,-16.1948,10.3734]]],
[[[124.0688,-16.1659,1.8917],[124.0708,-16.1718,33.455],[124.0747,-16.1746,6.1195],[124.0779,-16.1748,2.0168],[124.0798,-16.17,6.3386],[124.085,-16.1675,38.4264],[124.0803,-16.1615,18.2923],[124.0728,-16.1657,3.1093],[124.0688,-16.1659,1.8917]]],
[[[124.0779,-16.1607,3.3481],[124.079,-16.161,2.9209],[124.0794,-16.1605,2.9209],[124.0783,-16.1598,3.3481],[124.0779,-16.1607,3.3481]]],
[[[124.0878,-16.1446,37.3129],[124.0868,-16.1373,1.0529],[124.0839,-16.1375,10.6366],[124.0792,-16.1316,13.1847],[124.079,-16.1337,27.7401],[124.0826,-16.1371,2.4335],[124.0814,-16.1387,11.197],[124.084,-16.1395,23.5312],[124.0826,-16.1413,2.3775],[124.0852,-16.1413,19.3228],[124.0838,-16.143,11.2239],[124.0844,-16.1463,37.5161],[124.082,-16.1445,3.6085],[124.0813,-16.1469,21.6547],[124.0803,-16.1432,10.2614],[124.078,-16.1444,38.0133],[124.079,-16.1423,0.9887],[124.0774,-16.1397,23.0251],[124.0755,-16.1404,23.1326],[124.0757,-16.1365,21.558],[124.072,-16.1358,0.0],[124.0715,-16.1387,14.9123],[124.0701,-16.1376,7.2368],[124.0692,-16.1388,4.3263],[124.0738,-16.1445,17.784],[124.0724,-16.1454,19.8622],[124.0691,-16.1427,4.4227],[124.069,-16.1443,8.0867],[124.0664,-16.1449,0.0],[124.0645,-16.1508,23.7685],[124.0667,-16.1534,6.1482],[124.0712,-16.1523,2.4262],[124.0773,-16.1544,6.4933],[124.0756,-16.1557,7.1161],[124.0842,-16.162,1.7497],[124.0887,-16.1617,4.7451],[124.0943,-16.1645,24.2239],[124.095,-16.1636,24.2239],[124.0926,-16.1622,26.896],[124.0935,-16.1599,18.2382],[124.0985,-16.163,6.1294],[124.0975,-16.1559,0.0],[124.0931,-16.1565,43.4689],[124.0897,-16.1519,16.1304],[124.095,-16.1498,17.2369],[124.0946,-16.1421,13.9192],[124.0878,-16.1446,37.3129]]],
[[[124.0664,-16.1386,20.4946],[124.0658,-16.1372,5.1378],[124.0637,-16.1402,8.1987],[124.0682,-16.1411,18.7685],[124.0664,-16.1386,20.4946]]],
[[[124.0704,-16.1298,12.4885],[124.068,-16.1308,0.0],[124.0684,-16.1362,0.0],[124.0716,-16.1332,4.1376],[124.0704,-16.1298,12.4885]]],
[[[124.0997,-16.1267,4.7716],[124.1027,-16.1251,5.518],[124.1034,-16.1204,12.214],[124.098,-16.1172,3.3895],[124.0993,-16.1193,12.0726],[124.0968,-16.121,13.342],[124.1026,-16.1216,4.0303],[124.1012,-16.1257,5.565],[124.098,-16.1261,1.9075],[124.0997,-16.1267,4.7716]]],
[[[124.0959,-16.1168,0.0],[124.0965,-16.1172,0.0],[124.0975,-16.1162,1.2555],[124.0966,-16.1157,0.0],[124.0959,-16.1168,0.0]]],
[[[124.0885,-16.1024,2.5008],[124.0896,-16.1033,0.0],[124.0901,-16.1027,2.5849],[124.0896,-16.1019,2.5849],[124.0885,-16.1024,2.5008]]],
[[[124.0963,-16.1099,10.6901],[124.0988,-16.1078,19.1682],[124.1006,-16.0967,21.7098],[124.0993,-16.0942,7.3779],[124.0892,-16.0873,0.0],[124.0721,-16.0811,0.0],[124.0691,-16.0814,0.0],[124.0703,-16.0898,0.0],[124.0765,-16.0938,3.306],[124.0641,-16.1001,7.1209],[124.0639,-16.1028,7.1599],[124.0588,-16.1048,9.0376],[124.0593,-16.1075,0.0],[124.0617,-16.1097,0.0],[124.0615,-16.1069,3.0549],[124.0665,-16.1028,13.811],[124.0643,-16.1078,5.0237],[124.0685,-16.1068,9.3265],[124.0709,-16.1038,25.2971],[124.0707,-16.1072,11.3013],[124.0759,-16.1036,11.9459],[124.077,-16.1045,12.0296],[124.0746,-16.1061,18.0323],[124.0732,-16.1098,20.601],[124.0704,-16.1085,0.0],[124.0715,-16.1112,18.0126],[124.0704,-16.1127,12.7892],[124.0686,-16.1107,4.9528],[124.0688,-16.1131,15.3687],[124.0667,-16.1121,8.2943],[124.067,-16.1149,22.2791],[124.0632,-16.114,7.7685],[124.0655,-16.1163,10.1686],[124.0653,-16.1186,8.8379],[124.068,-16.1164,13.3783],[124.0721,-16.12,4.0633],[124.0733,-16.1146,2.5824],[124.0781,-16.1107,37.7588],[124.0804,-16.1125,21.7301],[124.078,-16.1166,0.0],[124.0805,-16.1167,9.1008],[124.0815,-16.1145,39.0025],[124.0859,-16.1168,3.4824],[124.0865,-16.1101,25.1896],[124.0844,-16.1066,22.9883],[124.0853,-16.1047,9.1768],[124.0875,-16.1081,0.0],[124.0885,-16.1075,4.3714],[124.0866,-16.1029,14.7127],[124.0875,-16.0992,4.2702],[124.0911,-16.101,6.0211],[124.091,-16.1043,0.0],[124.0937,-16.1018,3.109],[124.0943,-16.1037,0.6829],[124.0912,-16.1094,12.3218],[124.0944,-16.1149,0.0],[124.0963,-16.1099,10.6901]]],
[[[124.0635,-16.0842,12.5346],[124.063,-16.0861,13.6428],[124.0662,-16.0869,12.6629],[124.0669,-16.0819,6.3772],[124.0616,-16.0829,0.0],[124.0635,-16.0842,12.5346]]],
[[[124.0676,-16.0792,12.4941],[124.0662,-16.0767,17.226],[124.0641,-16.0758,7.0312],[124.067,-16.0799,1.3229],[124.0676,-16.0792,12.4941]]],
[[[124.0565,-16.0777,4.0025],[124.0564,-16.0758,0.0],[124.0544,-16.0741,3.4495],[124.0545,-16.0772,17.9618],[124.0565,-16.0777,4.0025]]],
[[[123.9891,-16.0761,9.3123],[123.9894,-16.0752,9.3123],[123.9883,-16.0745,1.4892],[123.9881,-16.0755,1.2353],[123.9891,-16.0761,9.3123]]],
[[[124.0345,-16.0569,15.9794],[124.0353,-16.0604,15.0695],[124.0378,-16.0611,8.6835],[124.0392,-16.0595,21.3979],[124.0369,-16.0553,8.3638],[124.0345,-16.0569,15.9794]]],
[[[124.0389,-16.0526,13.5229],[124.0405,-16.0518,17.8879],[124.0398,-16.0507,5.6982],[124.0385,-16.0511,7.079],[124.0389,-16.0526,13.5229]]],
[[[124.47,-16.0617,7.3105],[124.473,-16.0573,21.4858],[124.4703,-16.0574,14.8765],[124.4691,-16.0551,1.5016],[124.4686,-16.0607,37.9509],[124.47,-16.0617,7.3105]]],
[[[124.4523,-16.059,2.0032],[124.453,-16.058,2.0032],[124.4522,-16.0574,0.0],[124.4514,-16.0583,2.0032],[124.4523,-16.059,2.0032]]],
[[[124.024,-16.0173,14.2333],[124.0275,-16.0177,0.0],[124.0266,-16.0151,6.8818],[124.0204,-16.0122,18.8923],[124.0071,-16.0102,15.5879],[124.0047,-16.0111,0.0],[124.0057,-16.0128,12.8807],[124.0089,-16.0123,28.0346],[124.024,-16.0173,14.2333]]],
[[[124.0637,-15.9766,0.0],[124.0641,-15.9747,0.0],[124.0614,-15.9753,0.0],[124.062,-15.9764,0.0],[124.0637,-15.9766,0.0]]],
[[[124.0766,-15.976,0.0],[124.0792,-15.9754,0.0],[124.0769,-15.9721,0.0],[124.0745,-15.9744,0.0],[124.0706,-15.9695,0.0],[124.0649,-15.9696,0.0],[124.0696,-15.9756,0.0],[124.0766,-15.976,0.0]]],
[[[123.8363,-16.1528,0.0],[123.8339,-16.1522,3.3618],[123.8335,-16.1551,8.9964],[123.8365,-16.1541,7.0128],[123.8363,-16.1528,0.0]]],
[[[123.825,-16.1481,19.2278],[123.825,-16.1495,19.2278],[123.8309,-16.1542,13.5491],[123.833,-16.153,14.3555],[123.8308,-16.1497,13.1076],[123.825,-16.1481,19.2278]]],
[[[123.7071,-16.1476,6.4811],[123.7033,-16.1455,1.9516],[123.7054,-16.1485,5.1015],[123.7106,-16.1514,0.0],[123.7107,-16.1503,0.0],[123.7071,-16.1476,6.4811]]],
[[[123.8309,-16.1455,21.49],[123.8266,-16.1405,3.1137],[123.8204,-16.1394,1.4373],[123.8264,-16.1442,17.5817],[123.8309,-16.1455,21.49]]],
[[[123.8484,-16.1234,8.7429],[123.8553,-16.1331,9.6445],[123.8609,-16.1378,1.4951],[123.8595,-16.1342,0.0],[123.8484,-16.1234,8.7429]]],
[[[123.938,-16.0686,1.7796],[123.9381,-16.0693,1.7796],[123.939,-16.0693,0.0],[123.9382,-16.0684,1.7796],[123.938,-16.0686,1.7796]]],
[[[123.9341,-16.0616,52.3223],[123.9329,-16.0622,52.3223],[123.9331,-16.0671,43.6247],[123.9356,-16.0701,21.8218],[123.9345,-16.0658,51.3017],[123.9358,-16.064,48.0425],[123.9341,-16.0616,52.3223]]],
[[[123.7255,-16.1103,19.0464],[123.7031,-16.1055,12.1373],[123.7021,-16.1069,0.0],[123.7077,-16.108,5.5793],[123.7063,-16.1094,0.0],[123.709,-16.1113,45.2573],[123.7055,-16.1115,41.6402],[123.7024,-16.1095,0.0],[123.689,-16.1088,20.794],[123.6829,-16.112,0.0],[123.6885,-16.114,16.779],[123.685,-16.1155,3.9421],[123.6964,-16.1148,17.49],[123.7054,-16.119,13.5676],[123.7061,-16.1157,31.2601],[123.7092,-16.1139,28.388],[123.7081,-16.1178,0.0],[123.7102,-16.1187,4.9074],[123.7094,-16.12,0.0],[123.72,-16.1224,39.0464],[123.7214,-16.125,3.7483],[123.726,-16.1258,21.8692],[123.7259,-16.1285,0.0],[123.7351,-16.133,0.0],[123.7367,-16.1321,26.169],[123.7374,-16.1347,27.9846],[123.7459,-16.1442,34.2358],[123.7474,-16.1445,34.2358],[123.7477,-16.1424,38.1868],[123.7499,-16.1414,39.8862],[123.7497,-16.1452,24.2779],[123.7521,-16.1461,32.8523],[123.7576,-16.1532,0.0],[123.7638,-16.1553,15.3736],[123.7661,-16.1586,1.9721],[123.7668,-16.1544,13.9011],[123.7702,-16.1578,19.754],[123.7766,-16.1603,0.0],[123.7683,-16.1535,7.5107],[123.7592,-16.149,14.2219],[123.7697,-16.1483,12.0524],[123.778,-16.1424,3.4904],[123.7784,-16.1448,3.1013],[123.7745,-16.1481,41.015],[123.7788,-16.153,0.0],[123.789,-16.1598,0.0],[123.7911,-16.157,0.0],[123.7829,-16.1511,2.1409],[123.7828,-16.1486,23.5494],[123.7896,-16.1502,5.781],[123.793,-16.1449,3.0479],[123.7974,-16.1475,0.0],[123.7927,-16.1365,32.6044],[123.7909,-16.1353,5.4725],[123.7904,-16.1377,5.3588],[123.7877,-16.1365,44.4628],[123.7844,-16.1323,85.5635],[123.7874,-16.129,31.2319],[123.7908,-16.1281,0.0],[123.7897,-16.1252,0.7313],[123.7872,-16.1256,4.6635],[123.7853,-16.1235,0.0],[123.7862,-16.121,60.0674],[123.7918,-16.1206,4.935],[123.7915,-16.117,18.9661],[123.7887,-16.1137,0.0],[123.7869,-16.1153,7.1525],[123.7813,-16.1122,6.1626],[123.7776,-16.1125,0.0],[123.7762,-16.114,0.0],[123.7771,-16.1155,3.3104],[123.7808,-16.116,46.8774],[123.7816,-16.118,30.2123],[123.7775,-16.1216,0.0],[123.7769,-16.1257,28.5443],[123.7687,-16.1242,8.3609],[123.7655,-16.1218,31.3509],[123.7603,-16.1232,102.3501],[123.7533,-16.1199,36.7429],[123.7494,-16.1209,16.2809],[123.7467,-16.1193,0.0],[123.7458,-16.1158,0.0],[123.7424,-16.1176,11.5744],[123.7363,-16.1138,4.2613],[123.7334,-16.1148,14.0541],[123.7321,-16.1178,15.3229],[123.7314,-16.116,2.157],[123.7286,-16.1167,13.8539],[123.7273,-16.1153,4.0533],[123.7302,-16.1152,0.8916],[123.7323,-16.1126,3.9211],[123.7255,-16.1103,19.0464]]],
[[[123.7542,-16.112,5.6558],[123.756,-16.1134,0.0],[123.7569,-16.1133,0.0],[123.7539,-16.1104,0.0],[123.7542,-16.112,5.6558]]],
[[[123.7704,-16.109,4.7806],[123.7643,-16.1094,3.6433],[123.7678,-16.1115,0.0],[123.7725,-16.1104,0.0],[123.7704,-16.109,4.7806]]],
[[[123.6918,-15.9728,0.0],[123.6903,-15.9736,0.5614],[123.6919,-15.9747,0.4215],[123.6933,-15.9704,0.0],[123.692,-15.9709,0.0],[123.6918,-15.9728,0.0]]],
[[[123.6966,-15.9618,0.0],[123.6974,-15.9624,0.0],[123.6977,-15.9615,0.0],[123.697,-15.9613,0.0],[123.6966,-15.9618,0.0]]],
[[[123.7009,-15.9391,10.7242],[123.7011,-15.9375,1.5707],[123.6975,-15.9334,12.7576],[123.6976,-15.9292,3.0861],[123.6943,-15.9287,3.9393],[123.6915,-15.9262,0.0],[123.6909,-15.9328,23.4135],[123.6961,-15.9334,12.7576],[123.6966,-15.9365,11.2398],[123.6955,-15.9376,2.0],[123.6946,-15.9354,2.0],[123.6908,-15.9353,17.5175],[123.692,-15.9438,51.3703],[123.6904,-15.9531,9.5564],[123.6844,-15.9589,24.5359],[123.6849,-15.9614,1.5516],[123.6877,-15.9618,11.2566],[123.6892,-15.9671,3.6459],[123.6894,-15.9618,24.7618],[123.6917,-15.9579,23.6001],[123.6981,-15.9601,7.9015],[123.7016,-15.9593,0.0],[123.7001,-15.9576,0.0],[123.6943,-15.9576,0.0],[123.6925,-15.9528,0.9978],[123.6953,-15.9489,24.8174],[123.6967,-15.9523,9.1296],[123.7004,-15.9489,3.2225],[123.7023,-15.9445,0.0],[123.6971,-15.9427,8.8082],[123.703,-15.94,0.0],[123.7009,-15.9391,10.7242]]],
[[[123.7113,-15.8687,0.0],[123.7082,-15.8674,0.0],[123.7072,-15.8678,0.0],[123.71,-15.8693,0.0455],[123.7113,-15.8687,0.0]]],
[[[123.5462,-17.4951,5.0798],[123.5457,-17.4957,4.9227],[123.5464,-17.4966,3.7916],[123.5467,-17.496,5.0798],[123.5462,-17.4951,5.0798]]],
[[[123.5364,-17.4677,0.5],[123.5366,-17.4671,0.5],[123.5361,-17.4668,0.5],[123.5358,-17.4674,0.5],[123.5364,-17.4677,0.5]]],
[[[123.5463,-17.4626,0.5],[123.5428,-17.4596,0.5],[123.543,-17.4661,0.5],[123.5457,-17.4683,0.5],[123.546,-17.468,0.5],[123.5463,-17.4626,0.5]]],
[[[123.5229,-17.4342,0.0],[123.5232,-17.4349,0.0],[123.5234,-17.4327,0.0],[123.5231,-17.4329,0.0],[123.5229,-17.4342,0.0]]],
[[[123.516,-17.4274,1.2973],[123.5174,-17.425,0.0],[123.5147,-17.4243,2.471],[123.512,-17.4289,5.6007],[123.5126,-17.4291,5.6007],[123.516,-17.4274,1.2973]]],
[[[123.5121,-17.4253,5.5889],[123.512,-17.4255,5.5889],[123.512,-17.4259,5.5889],[123.5122,-17.4255,5.5889],[123.5121,-17.4253,5.5889]]],
[[[123.4945,-17.3929,7.5659],[123.4917,-17.3964,4.3377],[123.4967,-17.4006,4.4509],[123.5029,-17.4029,0.0],[123.5032,-17.3991,5.6554],[123.4945,-17.3929,7.5659]]],
[[[123.4996,-17.394,6.2772],[123.4988,-17.3936,6.2772],[123.4986,-17.3939,6.2772],[123.4997,-17.3945,6.2772],[123.4996,-17.394,6.2772]]],
[[[123.5242,-17.4308,0.0],[123.5248,-17.4307,0.0],[123.5244,-17.43,0.0],[123.5241,-17.4305,0.0],[123.5242,-17.4308,0.0]]],
[[[123.5221,-17.4287,0.0],[123.52,-17.4255,0.0],[123.5156,-17.4293,3.5597],[123.5175,-17.4324,0.0],[123.5221,-17.4287,0.0]]],
[[[123.5261,-17.3565,0.0],[123.5255,-17.3428,0.0],[123.5213,-17.3375,0.0],[123.5171,-17.3374,0.0],[123.5157,-17.336,0.0],[123.5205,-17.3549,0.0],[123.5239,-17.3585,0.0],[123.5261,-17.3565,0.0]]],
[[[123.5276,-17.3144,2.5567],[123.5258,-17.3214,2.2162],[123.5278,-17.3283,1.1922],[123.5313,-17.3322,1.1316],[123.5354,-17.325,6.2636],[123.5352,-17.3213,6.6676],[123.5287,-17.3071,4.808],[123.5259,-17.3107,0.0],[123.5276,-17.3144,2.5567]]],
[[[123.5483,-17.3003,0.0],[123.543,-17.3037,0.0],[123.5422,-17.3068,3.0092],[123.546,-17.3185,0.0],[123.5519,-17.3115,0.0],[123.5518,-17.3053,0.0],[123.5483,-17.3003,0.0]]],
[[[123.5428,-17.2926,0.0],[123.5373,-17.292,7.0576],[123.539,-17.2992,6.9429],[123.5417,-17.3014,0.0],[123.5464,-17.2988,0.0],[123.545,-17.2937,0.0],[123.5428,-17.2926,0.0]]],
[[[123.5381,-17.2888,0.0],[123.5388,-17.2896,0.0],[123.5404,-17.2901,0.0],[123.5386,-17.2878,0.0],[123.5381,-17.2888,0.0]]],
[[[123.5393,-17.2623,0.0],[123.5427,-17.2877,0.0],[123.5453,-17.2903,0.0],[123.5496,-17.2897,0.0],[123.5494,-17.2859,0.0],[123.5538,-17.2736,0.0],[123.5516,-17.2525,0.0],[123.5521,-17.2424,0.0],[123.5437,-17.2326,0.0],[123.5407,-17.2353,0.0],[123.5386,-17.2405,0.0],[123.5402,-17.2487,0.0],[123.5393,-17.2623,0.0]]],
[[[123.5866,-17.5737,3.386],[123.5871,-17.5763,6.0461],[123.5887,-17.5763,6.0461],[123.5909,-17.573,7.3988],[123.5887,-17.5734,7.7195],[123.5902,-17.571,2.5],[123.5858,-17.5716,5.3853],[123.5866,-17.5737,3.386]]],
[[[123.5867,-17.5701,5.5696],[123.5876,-17.5707,2.9328],[123.5884,-17.5697,2.9328],[123.587,-17.5684,5.5025],[123.5867,-17.5701,5.5696]]],
[[[123.5791,-17.5593,2.5],[123.5781,-17.5591,3.0955],[123.5779,-17.5596,2.5],[123.5791,-17.56,2.5],[123.5791,-17.5593,2.5]]],
[[[123.5796,-17.5563,2.5],[123.5778,-17.5555,2.5],[123.5762,-17.5579,5.0833],[123.5798,-17.5589,2.5],[123.5796,-17.5563,2.5]]],
[[[123.5885,-17.5663,2.8142],[123.5881,-17.5666,2.8142],[123.5886,-17.5673,2.8142],[123.589,-17.5667,2.8142],[123.5885,-17.5663,2.8142]]],
[[[123.5911,-17.5392,2.5],[123.5893,-17.538,2.5],[123.5864,-17.542,2.5],[123.5857,-17.547,2.5],[123.5882,-17.5503,2.5],[123.5897,-17.5482,2.5],[123.5911,-17.5392,2.5]]],
[[[123.6815,-17.055,0.0],[123.6823,-17.0573,0.0],[123.6853,-17.052,0.0],[123.6868,-17.0448,0.0],[123.6841,-17.0453,6.7348],[123.6817,-17.0484,5.9704],[123.6815,-17.055,0.0]]],
[[[123.6792,-17.0424,2.1895],[123.6826,-17.0387,2.1605],[123.6833,-17.0343,8.382],[123.6799,-17.0249,1.2319],[123.6775,-17.0217,0.0],[123.6697,-17.0224,2.8164],[123.669,-17.0259,1.5934],[123.6647,-17.0284,0.0],[123.6643,-17.0357,0.0],[123.6726,-17.0397,0.0],[123.6761,-17.0434,0.0],[123.6792,-17.0424,2.1895]]],
[[[123.6824,-17.0283,2.4625],[123.6833,-17.0302,5.139],[123.6825,-17.0277,0.0],[123.6824,-17.0283,2.4625]]],
[[[123.6818,-17.027,0.0],[123.6818,-17.0257,0.0],[123.6815,-17.0255,1.2319],[123.6812,-17.0265,5.6458],[123.6818,-17.027,0.0]]],
[[[123.6795,-17.0218,0.0],[123.6789,-17.0217,0.0],[123.6805,-17.0248,1.2319],[123.6809,-17.0243,0.0],[123.6795,-17.0218,0.0]]],
[[[123.6671,-17.0251,0.0],[123.6668,-17.0216,0.0],[123.6649,-17.0208,0.0],[123.6654,-17.0241,1.122],[123.6671,-17.0251,0.0]]],
[[[123.5846,-17.3429,0.0],[123.5848,-17.344,0.0],[123.587,-17.3437,0.0],[123.5863,-17.3425,0.0],[123.5846,-17.3429,0.0]]],
[[[123.5711,-16.6234,1.8944],[123.5655,-16.6235,0.9966],[123.565,-16.624,0.9966],[123.5686,-16.6246,3.0585],[123.5711,-16.6234,1.8944]]],
[[[123.562,-16.6225,0.0],[123.5613,-16.6224,0.0],[123.5613,-16.6237,0.4529],[123.5622,-16.623,0.4529],[123.562,-16.6225,0.0]]],
[[[123.5544,-16.6221,9.4211],[123.5554,-16.6221,9.4211],[123.556,-16.6213,9.4211],[123.5547,-16.6205,5.7977],[123.5544,-16.6221,9.4211]]],
[[[123.6704,-17.0221,2.8164],[123.6709,-17.0222,2.8164],[123.6727,-17.0221,1.9722],[123.6707,-17.0217,2.8164],[123.6704,-17.0221,2.8164]]],
[[[123.6331,-16.7306,0.8227],[123.6313,-16.7305,3.5234],[123.6312,-16.7313,0.0],[123.6332,-16.7315,0.3066],[123.6331,-16.7306,0.8227]]],
[[[123.6182,-16.7201,0.0],[123.6161,-16.7172,0.0],[123.6139,-16.7178,4.5274],[123.6154,-16.7212,9.5772],[123.6182,-16.7201,0.0]]],
[[[123.5966,-16.5613,2.55],[123.5966,-16.5623,2.55],[123.5981,-16.5615,0.0],[123.5979,-16.5613,0.0],[123.5966,-16.5613,2.55]]],
[[[123.5652,-16.604,0.5963],[123.5649,-16.6044,0.5963],[123.5674,-16.6066,0.9616],[123.5665,-16.6046,1.1435],[123.5652,-16.604,0.5963]]],
[[[123.5644,-16.606,0.0],[123.564,-16.6047,1.3538],[123.5614,-16.6031,1.7722],[123.5615,-16.6046,0.0],[123.5644,-16.606,0.0]]],
[[[123.5526,-16.6088,3.7285],[123.5561,-16.609,3.3922],[123.5596,-16.6059,3.0819],[123.5588,-16.6031,1.2135],[123.5548,-16.6012,0.0],[123.5529,-16.5972,1.7551],[123.5519,-16.599,0.0],[123.5539,-16.6037,2.5088],[123.5514,-16.6036,0.0],[123.5506,-16.6069,0.0],[123.5526,-16.6088,3.7285]]],
[[[123.5749,-16.5837,11.4913],[123.574,-16.5826,0.0],[123.5714,-16.5837,27.0869],[123.5634,-16.5826,1.9439],[123.5759,-16.5875,10.3054],[123.5762,-16.5842,11.4913],[123.5749,-16.5837,11.4913]]],
[[[123.5789,-16.5043,0.0],[123.5786,-16.5036,0.0],[123.5782,-16.5036,0.0],[123.578,-16.5044,0.0],[123.5789,-16.5043,0.0]]],
[[[123.5835,-16.5044,4.2913],[123.5837,-16.5037,4.2913],[123.5823,-16.5041,0.0],[123.5827,-16.5046,0.0],[123.5835,-16.5044,4.2913]]],
[[[123.5741,-16.4967,0.0],[123.574,-16.4972,0.0],[123.5758,-16.4988,2.4828],[123.5762,-16.4984,2.4828],[123.5741,-16.4967,0.0]]],
[[[123.581,-16.4964,0.0],[123.5823,-16.4952,4.8975],[123.5803,-16.4941,1.3319],[123.579,-16.4958,15.6671],[123.581,-16.4964,0.0]]],
[[[123.6428,-16.5254,0.0],[123.6409,-16.5236,0.6562],[123.6399,-16.5238,0.0],[123.6405,-16.5254,0.0],[123.6428,-16.5254,0.0]]],
[[[123.6074,-16.512,5.7922],[123.6066,-16.5104,1.8664],[123.6032,-16.5112,0.0],[123.6037,-16.5115,2.3365],[123.6074,-16.512,5.7922]]],
[[[123.5914,-16.4898,1.3992],[123.5902,-16.4907,2.1815],[123.5905,-16.4911,2.1815],[123.5911,-16.4911,2.1815],[123.5914,-16.4898,1.3992]]],
[[[123.6239,-16.425,14.435],[123.6274,-16.4206,20.7038],[123.6219,-16.4172,41.5464],[123.6131,-16.4145,0.0],[123.6156,-16.4165,5.6743],[123.6131,-16.4178,17.7305],[123.61,-16.4148,18.1093],[123.6069,-16.4178,0.0],[123.6071,-16.4211,5.2822],[123.611,-16.4217,3.3074],[123.614,-16.4251,7.2527],[123.6204,-16.4283,1.7952],[123.6239,-16.425,14.435]]],
[[[123.544,-16.6333,0.4616],[123.5457,-16.6334,0.4616],[123.5467,-16.6329,0.7231],[123.5459,-16.6322,0.7231],[123.544,-16.6333,0.4616]]],
[[[123.5357,-16.631,2.7485],[123.5355,-16.6326,0.0],[123.5407,-16.6328,3.8796],[123.5463,-16.6296,0.0],[123.5435,-16.6288,1.6835],[123.5357,-16.631,2.7485]]],
[[[123.5297,-16.6284,0.0],[123.5295,-16.6289,0.0],[123.5303,-16.6298,0.0],[123.5305,-16.6291,0.0],[123.5297,-16.6284,0.0]]],
[[[123.5384,-16.6284,2.5694],[123.5407,-16.628,0.0],[123.5386,-16.6264,19.231],[123.5375,-16.6275,1.2554],[123.5384,-16.6284,2.5694]]],
[[[123.487,-16.6559,0.9108],[123.4819,-16.6548,0.0],[123.4813,-16.6563,0.0],[123.4883,-16.657,0.8063],[123.487,-16.6559,0.9108]]],
[[[123.5288,-16.6167,0.0],[123.5304,-16.6089,5.1979],[123.5282,-16.6106,2.6417],[123.5229,-16.6107,34.1307],[123.5202,-16.607,8.5058],[123.5129,-16.6112,0.0],[123.5137,-16.6138,5.5887],[123.5114,-16.6179,17.6711],[123.5023,-16.6236,4.7647],[123.5035,-16.627,3.0542],[123.5086,-16.6279,9.6452],[123.5087,-16.6311,0.9051],[123.5035,-16.6318,4.375],[123.4996,-16.6256,30.253],[123.4951,-16.623,33.7426],[123.4931,-16.6171,0.0],[123.4904,-16.6173,2.5925],[123.4892,-16.6155,5.111],[123.4837,-16.6174,8.232],[123.4763,-16.6164,38.8037],[123.4742,-16.6145,0.0],[123.4666,-16.6193,11.4066],[123.4589,-16.6164,21.5497],[123.4565,-16.6171,12.842],[123.4605,-16.6219,3.3695],[123.4633,-16.6224,9.8519],[123.467,-16.6258,4.1451],[123.4684,-16.6232,5.0152],[123.4704,-16.6237,1.2382],[123.4703,-16.6265,1.1096],[123.4756,-16.6313,0.0],[123.4789,-16.6297,0.7383],[123.4807,-16.6304,2.1789],[123.4805,-16.6338,1.3387],[123.492,-16.6375,4.5668],[123.4935,-16.6355,4.3161],[123.5054,-16.6408,5.9115],[123.5155,-16.6384,3.9634],[123.5176,-16.6326,0.0],[123.5268,-16.6242,0.905],[123.5278,-16.618,0.5334],[123.524,-16.6196,4.1257],[123.5256,-16.6168,0.6334],[123.5288,-16.6167,0.0]]],
[[[123.4977,-16.6107,2.3744],[123.4982,-16.6088,6.6339],[123.4961,-16.6043,0.0],[123.4957,-16.6053,0.0],[123.4977,-16.6107,2.3744]]],
[[[123.4881,-16.6079,49.3669],[123.4886,-16.6025,13.3421],[123.4905,-16.601,14.9369],[123.4939,-16.6019,0.0],[123.4934,-16.6003,4.4227],[123.4877,-16.6008,27.6708],[123.4838,-16.5981,14.5083],[123.4831,-16.5992,14.5083],[123.4859,-16.6033,2.9872],[123.4792,-16.6049,8.9946],[123.4784,-16.61,5.2649],[123.4795,-16.6111,5.2649],[123.487,-16.6095,14.4115],[123.4881,-16.6079,49.3669]]],
[[[123.5331,-16.6175,0.0],[123.5325,-16.617,0.0],[123.532,-16.6178,0.0],[123.5326,-16.6182,0.0],[123.5331,-16.6175,0.0]]],
[[[123.5323,-16.6067,1.3128],[123.5343,-16.6056,11.1022],[123.5349,-16.6038,5.9836],[123.5333,-16.604,0.0],[123.5323,-16.6067,1.3128]]],
[[[123.5161,-16.5981,0.0],[123.5171,-16.5993,0.0],[123.5156,-16.5953,0.9118],[123.5153,-16.5957,0.9118],[123.5161,-16.5981,0.0]]],
[[[123.538,-16.5974,0.0],[123.538,-16.5921,1.9667],[123.5292,-16.5915,5.3572],[123.5268,-16.5844,7.3695],[123.5272,-16.5796,7.7511],[123.5179,-16.5808,10.529],[123.5186,-16.5857,2.3174],[123.516,-16.5903,0.0],[123.5162,-16.5929,0.0],[123.5202,-16.6007,7.5588],[123.523,-16.6014,0.0],[123.5228,-16.6049,0.0],[123.5251,-16.6057,1.4968],[123.5312,-16.5969,22.4349],[123.5326,-16.5994,3.1968],[123.5347,-16.5987,4.8437],[123.5329,-16.5974,11.1537],[123.5347,-16.5956,17.8111],[123.5363,-16.5981,0.4234],[123.538,-16.5974,0.0]]],
[[[123.4784,-16.6031,1.0299],[123.4778,-16.6029,0.0],[123.4774,-16.604,0.0],[123.4781,-16.6043,1.0299],[123.4784,-16.6031,1.0299]]],
[[[123.482,-16.4973,0.0],[123.4822,-16.4982,2.4934],[123.4837,-16.4982,2.4934],[123.4828,-16.4973,2.5709],[123.482,-16.4973,0.0]]],
[[[123.4752,-16.4926,6.7481],[123.4778,-16.4933,1.2123],[123.4774,-16.4912,4.0344],[123.4725,-16.4883,38.6145],[123.4665,-16.4879,2.5089],[123.4685,-16.4908,15.5572],[123.4752,-16.4926,6.7481]]],
[[[123.4836,-16.4919,0.0],[123.4787,-16.4877,0.0],[123.4773,-16.4881,0.0],[123.4822,-16.4922,0.0],[123.4836,-16.4919,0.0]]],
[[[123.4155,-17.3272,0.0],[123.4196,-17.3267,0.0],[123.4205,-17.3251,1.0424],[123.4102,-17.3241,5.8625],[123.4103,-17.3249,0.0],[123.4155,-17.3272,0.0]]],
[[[123.4071,-17.3232,1.0343],[123.408,-17.3238,1.0343],[123.4087,-17.3238,1.7492],[123.4073,-17.3227,2.1188],[123.4071,-17.3232,1.0343]]],
[[[123.3966,-17.3157,0.0],[123.397,-17.317,3.6794],[123.3975,-17.3171,3.6794],[123.3976,-17.3164,3.6794],[123.3966,-17.3157,0.0]]],
[[[123.3977,-17.3085,0.0],[123.4017,-17.3174,0.0],[123.4069,-17.3218,2.1188],[123.4147,-17.3236,6.4915],[123.424,-17.3232,0.0],[123.4073,-17.3074,5.26],[123.4014,-17.2998,4.139],[123.3985,-17.3026,4.1763],[123.3977,-17.3085,0.0]]],
[[[123.4442,-17.324,0.9471],[123.4432,-17.3277,2.7837],[123.4471,-17.3382,0.0],[123.4539,-17.3421,0.0],[123.457,-17.3417,0.0],[123.4579,-17.3359,0.0],[123.4556,-17.33,0.0],[123.4496,-17.3249,0.0],[123.4442,-17.324,0.9471]]],
[[[123.4225,-17.3139,0.0],[123.4182,-17.3118,0.972],[123.4168,-17.3119,0.972],[123.4237,-17.3171,3.2377],[123.4225,-17.3139,0.0]]],
[[[123.421,-17.2866,0.0],[123.4192,-17.2853,0.0],[123.416,-17.286,0.0],[123.4168,-17.292,0.0],[123.4219,-17.2984,0.0],[123.428,-17.3011,8.3584],[123.4273,-17.2959,0.0],[123.421,-17.2866,0.0]]],
[[[123.4286,-16.5269,0.0],[123.42529999999999,-16.5263,0.0],[123.4273,-16.5285,0.0],[123.4295,-16.528,0.0],[123.4286,-16.5269,0.0]]],
[[[123.413,-16.6066,0.6201],[123.4084,-16.6029,0.0],[123.4056,-16.6045,2.3147],[123.4028,-16.601,8.3047],[123.3963,-16.6001,3.5291],[123.4048,-16.6073,4.587],[123.413,-16.6066,0.6201]]],
[[[123.3595,-16.5383,0.0],[123.3578,-16.5335,20.8083],[123.3586,-16.531,3.0593],[123.3547,-16.5321,9.6622],[123.3524,-16.5301,1.7304],[123.3531,-16.534,8.3516],[123.3486,-16.5383,4.5823],[123.3502,-16.5444,1.7892],[123.3482,-16.5449,0.0],[123.35,-16.551,0.0],[123.3537,-16.5538,7.3222],[123.3537,-16.5611,1.8888],[123.3586,-16.5674,1.2117],[123.3572,-16.5687,0.8998],[123.3605,-16.5705,2.8637],[123.3577,-16.5727,0.0],[123.3593,-16.5735,15.1107],[123.3584,-16.5747,0.0],[123.3645,-16.5826,1.485],[123.363,-16.5836,1.6403],[123.3683,-16.5842,8.531],[123.3699,-16.5866,6.9078],[123.3691,-16.5912,6.1103],[123.3751,-16.5935,3.1963],[123.3824,-16.6021,0.0],[123.388,-16.6046,0.4937],[123.3871,-16.6017,2.8736],[123.3894,-16.6007,7.3433],[123.3905,-16.5973,6.4695],[123.3864,-16.5913,7.412],[123.3904,-16.5891,3.2588],[123.3887,-16.5837,3.7635],[123.3913,-16.5826,6.2837],[123.3902,-16.5796,5.3808],[123.3789,-16.5715,4.3967],[123.3782,-16.5672,1.7559],[123.3757,-16.5654,2.9716],[123.374,-16.5663,18.2846],[123.3719,-16.5634,16.5128],[123.3734,-16.5612,1.913],[123.3706,-16.5581,7.0091],[123.3647,-16.556,4.3867],[123.3652,-16.5508,2.0104],[123.3619,-16.5497,7.1007],[123.3618,-16.547,2.2235],[123.3568,-16.5409,2.3741],[123.3595,-16.5383,0.0]]],
[[[123.4094,-16.5279,0.0],[123.4094,-16.5301,0.0],[123.4121,-16.5284,13.5418],[123.4102,-16.5272,7.3553],[123.4094,-16.5279,0.0]]],
[[[123.3999,-16.5251,0.8469],[123.3975,-16.5211,6.7612],[123.3989,-16.5165,1.1823],[123.3975,-16.5127,0.5477],[123.3943,-16.5132,25.5862],[123.3886,-16.5108,3.3645],[123.3801,-16.5172,3.9217],[123.381,-16.5205,0.0],[123.3842,-16.5196,0.0],[123.3848,-16.5219,0.0],[123.389,-16.5248,9.5983],[123.3878,-16.5272,5.3608],[123.3975,-16.5294,11.1859],[123.4005,-16.5283,0.0],[123.3985,-16.5266,17.7271],[123.3999,-16.5251,0.8469]]],
[[[123.453,-16.532,0.0],[123.4555,-16.5304,0.0],[123.4519,-16.527,16.7044],[123.4414,-16.5218,33.3551],[123.4355,-16.5218,2.0659],[123.4293,-16.5249,10.0353],[123.4362,-16.5288,0.0],[123.4493,-16.5288,21.5686],[123.4496,-16.5307,12.1418],[123.453,-16.532,0.0]]],
[[[123.441,-16.5168,7.8556],[123.4416,-16.5193,15.815],[123.4514,-16.522,1.2848],[123.4504,-16.519,3.547],[123.441,-16.5168,7.8556]]],
[[[123.438,-16.5157,3.9743],[123.4347,-16.5152,2.3905],[123.4333,-16.5171,1.6046],[123.4383,-16.518,0.0],[123.438,-16.5157,3.9743]]],
[[[123.4471,-16.5019,0.0],[123.4471,-16.5025,0.0],[123.4483,-16.5023,1.8925],[123.4481,-16.5019,1.8925],[123.4471,-16.5019,0.0]]],
[[[123.3158,-16.5748,6.7397],[123.3166,-16.5775,1.95],[123.3198,-16.5737,3.0818],[123.3172,-16.573,5.3237],[123.3153,-16.5736,0.0],[123.3158,-16.5748,6.7397]]],
[[[123.3521,-16.5586,2.694],[123.3515,-16.5597,1.9524],[123.352,-16.5602,1.9524],[123.3526,-16.5588,2.2909],[123.3521,-16.5586,2.694]]],
[[[123.3608,-16.4988,18.4323],[123.3647,-16.5012,11.5398],[123.3685,-16.5018,0.0],[123.3651,-16.4972,2.5984],[123.3608,-16.4988,18.4323]]],
[[[123.3668,-16.4914,16.4556],[123.3638,-16.49,10.0474],[123.3633,-16.4906,10.0474],[123.367,-16.4931,0.1816],[123.3668,-16.4914,16.4556]]],
[[[123.3631,-16.4895,0.3196],[123.3625,-16.489,2.2148],[123.362,-16.4899,0.8518],[123.3625,-16.4902,0.8518],[123.3631,-16.4895,0.3196]]],
[[[123.3605,-16.4869,8.7369],[123.3541,-16.4834,1.2045],[123.3598,-16.4884,0.9728],[123.3611,-16.4881,2.2148],[123.3605,-16.4869,8.7369]]],
[[[123.3405,-16.458,1.7],[123.3399,-16.4587,0.0],[123.3404,-16.4595,1.7],[123.3409,-16.4589,1.7],[123.3405,-16.458,1.7]]],
[[[123.3501,-16.4503,0.0],[123.351,-16.4478,0.0],[123.3489,-16.4498,0.0],[123.3501,-16.4503,0.0]]],
[[[123.1304,-16.4505,0.3183],[123.1304,-16.4512,0.3183],[123.1317,-16.4513,0.0],[123.1315,-16.4507,0.3183],[123.1304,-16.4505,0.3183]]],
[[[123.0822,-16.4472,0.9428],[123.0897,-16.4495,0.0],[123.0891,-16.447,0.0],[123.0829,-16.4432,0.7837],[123.0838,-16.4463,2.9687],[123.0822,-16.4472,0.9428]]],
[[[123.1079,-16.4486,0.0],[123.1095,-16.4473,3.5439],[123.11,-16.4445,0.0],[123.1078,-16.4458,0.4215],[123.1079,-16.4486,0.0]]],
[[[123.0892,-16.4453,0.0],[123.09,-16.4448,0.0],[123.0875,-16.4443,0.0],[123.0883,-16.4453,1.1576],[123.0892,-16.4453,0.0]]],
[[[123.1083,-16.4411,0.0],[123.1035,-16.4421,5.5357],[123.1013,-16.4466,0.0],[123.1042,-16.4474,3.3227],[123.1083,-16.4411,0.0]]],
[[[123.1111,-16.4407,1.4698],[123.1101,-16.4414,3.1843],[123.1107,-16.4424,3.1843],[123.1115,-16.4413,3.1843],[123.1111,-16.4407,1.4698]]],
[[[123.1477,-16.4383,0.0],[123.1478,-16.4391,0.0],[123.1483,-16.4393,0.0],[123.1488,-16.4378,0.0],[123.1477,-16.4383,0.0]]],
[[[123.0919,-16.439,2.7136],[123.0932,-16.4394,0.3141],[123.0943,-16.437,2.5798],[123.0914,-16.4351,1.9619],[123.0909,-16.4355,0.9224],[123.0919,-16.439,2.7136]]],
[[[123.4113,-16.5133,0.0],[123.4095,-16.5125,0.0],[123.4092,-16.5129,0.0],[123.4123,-16.5136,0.0],[123.4113,-16.5133,0.0]]],
[[[123.3781,-16.5079,0.8911],[123.3753,-16.5073,8.2577],[123.3743,-16.509,0.0],[123.3835,-16.5126,3.3662],[123.3841,-16.5114,3.3662],[123.3781,-16.5079,0.8911]]],
[[[123.3796,-16.5052,2.7151],[123.3831,-16.5093,0.7123],[123.3891,-16.5074,0.8009],[123.3847,-16.5041,2.4664],[123.3796,-16.5052,2.7151]]],
[[[123.4202,-16.5047,0.0],[123.4193,-16.5047,0.0],[123.4188,-16.5054,0.0],[123.4211,-16.5052,0.0],[123.4202,-16.5047,0.0]]],
[[[123.4159,-16.5055,4.0189],[123.4149,-16.5037,2.2742],[123.4124,-16.5044,4.4335],[123.4141,-16.5056,3.2597],[123.4159,-16.5055,4.0189]]],
[[[123.3775,-16.4968,15.4519],[123.38,-16.4983,0.0],[123.394,-16.4983,0.0],[123.3899,-16.4965,16.401],[123.3757,-16.4964,0.0],[123.3775,-16.4968,15.4519]]],
[[[123.373,-16.4951,0.0],[123.3742,-16.496,5.5671],[123.3748,-16.4959,5.5671],[123.3743,-16.4951,5.5671],[123.373,-16.4951,0.0]]],
[[[123.3683,-16.4935,0.1816],[123.3701,-16.4946,0.0],[123.3708,-16.4945,8.5182],[123.3701,-16.4936,8.5182],[123.3683,-16.4935,0.1816]]],
[[[123.4423,-16.4715,0.0],[123.444,-16.4723,0.0],[123.4444,-16.4719,0.0],[123.4431,-16.4711,2.4133],[123.4423,-16.4715,0.0]]],
[[[123.4412,-16.4704,0.0],[123.4452,-16.4707,3.9925],[123.4456,-16.4694,4.579],[123.4396,-16.4677,6.1894],[123.4389,-16.47,0.9112],[123.4412,-16.4704,0.0]]],
[[[123.4412,-16.4648,0.0],[123.4428,-16.4645,13.5337],[123.4432,-16.4625,1.6144],[123.4389,-16.4625,12.9985],[123.4355,-16.4605,12.0606],[123.4381,-16.4588,9.4523],[123.432,-16.4588,2.0158],[123.4343,-16.4607,3.5066],[123.4317,-16.462,2.4861],[123.4412,-16.4648,0.0]]],
[[[123.4255,-16.46,1.2688],[123.4257,-16.4594,5.4094],[123.4209,-16.4574,6.6846],[123.4228,-16.4597,0.0],[123.4255,-16.46,1.2688]]],
[[[123.4185,-16.4571,0.0],[123.4171,-16.457,0.0],[123.4168,-16.4575,0.0],[123.4194,-16.4579,0.0],[123.4185,-16.4571,0.0]]],
[[[123.4008,-16.4489,3.8525],[123.3991,-16.4499,0.0],[123.3998,-16.4524,2.0287],[123.4029,-16.4502,1.5909],[123.4008,-16.4489,3.8525]]],
[[[123.4118,-16.3776,0.0],[123.4093,-16.3778,0.0],[123.4089,-16.3782,0.0],[123.4115,-16.3788,7.2712],[123.4118,-16.3776,0.0]]],
[[[123.4102,-16.3758,0.0],[123.4105,-16.3767,0.0],[123.4126,-16.3763,0.0],[123.412,-16.3759,0.0],[123.4102,-16.3758,0.0]]],
[[[123.0871,-16.4328,5.6467],[123.0889,-16.4346,0.0],[123.0916,-16.4333,0.0],[123.0876,-16.4306,0.0],[123.0871,-16.4328,5.6467]]],
[[[123.2112,-16.4327,0.0],[123.2122,-16.433,0.0],[123.2122,-16.4317,0.0],[123.2117,-16.4317,0.0],[123.2112,-16.4327,0.0]]],
[[[123.1124,-16.4303,5.5651],[123.1122,-16.4282,1.6901],[123.1097,-16.4276,0.0],[123.1073,-16.4243,0.0],[123.1016,-16.4261,0.9088],[123.1001,-16.4241,0.2039],[123.0964,-16.4265,1.4476],[123.0909,-16.4259,1.0163],[123.0927,-16.4292,0.9524],[123.0977,-16.4297,2.4891],[123.0993,-16.4336,0.2525],[123.1038,-16.4314,2.8643],[123.1041,-16.4375,4.1083],[123.1102,-16.4379,2.4034],[123.1135,-16.4345,10.7402],[123.1147,-16.4374,2.9068],[123.1246,-16.4357,5.0655],[123.1271,-16.4382,0.0],[123.1299,-16.4356,0.4879],[123.1273,-16.4332,5.5607],[123.1124,-16.4303,5.5651]]],
[[[123.084,-16.4299,0.6018],[123.0844,-16.4289,1.5923],[123.0829,-16.4277,0.0],[123.0823,-16.4289,0.0],[123.084,-16.4299,0.6018]]],
[[[123.1627,-16.4231,9.1329],[123.1546,-16.4285,0.0],[123.1552,-16.4301,3.7629],[123.1527,-16.4344,0.0],[123.159,-16.4308,2.8718],[123.1648,-16.4218,1.3207],[123.1627,-16.4231,9.1329]]],
[[[123.1507,-16.4277,0.7058],[123.1513,-16.426,0.0],[123.1509,-16.4258,0.0],[123.1499,-16.4276,0.7058],[123.1507,-16.4277,0.7058]]],
[[[123.0895,-16.4245,0.0],[123.0889,-16.4259,0.0],[123.0893,-16.4262,1.0163],[123.0901,-16.4249,1.0163],[123.0895,-16.4245,0.0]]],
[[[123.0886,-16.4196,0.4822],[123.0884,-16.4207,0.4822],[123.0892,-16.4214,0.0],[123.0897,-16.4205,0.0],[123.0886,-16.4196,0.4822]]],
[[[123.3541,-16.421,12.8351],[123.3533,-16.4187,1.2674],[123.351,-16.4213,13.3008],[123.3467,-16.4169,4.1099],[123.3477,-16.4212,1.8407],[123.3425,-16.4239,13.9725],[123.3468,-16.4269,6.0799],[123.3456,-16.4287,1.1719],[123.3468,-16.4307,9.1831],[123.3444,-16.4305,3.8879],[123.3427,-16.4326,17.2149],[123.3468,-16.4416,6.5945],[123.3435,-16.4453,6.5444],[123.3448,-16.4471,5.9166],[123.3506,-16.4457,0.0],[123.3519,-16.4413,3.0725],[123.3531,-16.4432,0.0],[123.3546,-16.4406,0.0],[123.3535,-16.439,5.2517],[123.3578,-16.4372,2.706],[123.3597,-16.4391,0.0],[123.3568,-16.4331,8.5359],[123.3592,-16.4313,0.0],[123.3558,-16.4298,33.4295],[123.3607,-16.4285,0.0],[123.3611,-16.4271,0.0],[123.3546,-16.4242,6.2179],[123.3555,-16.423,6.2179],[123.3541,-16.421,12.8351]]],
[[[123.3467,-16.4153,1.8605],[123.3464,-16.4153,1.8605],[123.3452,-16.416,0.653],[123.3463,-16.4162,1.8605],[123.3467,-16.4153,1.8605]]],
[[[123.3313,-16.3965,0.0],[123.331,-16.397,0.0],[123.332,-16.3976,0.726],[123.3321,-16.3968,0.726],[123.3313,-16.3965,0.0]]],
[[[123.3289,-16.3969,0.3471],[123.3268,-16.3949,1.5294],[123.3255,-16.3952,0.0],[123.3277,-16.3974,0.9491],[123.3289,-16.3969,0.3471]]],
[[[123.0799,-16.4132,0.0],[123.0794,-16.4129,0.0],[123.0789,-16.4141,0.0],[123.0792,-16.4143,0.0],[123.0799,-16.4132,0.0]]],
[[[123.0973,-16.4123,0.0],[123.0936,-16.4103,1.4174],[123.0956,-16.4153,0.0],[123.0975,-16.4142,0.0],[123.0973,-16.4123,0.0]]],
[[[123.1637,-16.4139,6.7884],[123.168,-16.405,0.0],[123.1665,-16.404,0.0],[123.1645,-16.4071,7.2801],[123.1637,-16.4026,2.1144],[123.1596,-16.4004,3.2095],[123.1607,-16.4051,7.1047],[123.1566,-16.407,0.0],[123.1524,-16.4235,0.168],[123.1574,-16.421,0.5383],[123.1637,-16.4139,6.7884]]],
[[[123.1278,-16.4064,1.9265],[123.1297,-16.4023,6.4757],[123.1365,-16.4015,0.0],[123.1323,-16.3988,0.5152],[123.1261,-16.3984,5.7626],[123.1268,-16.4,10.8308],[123.1235,-16.4023,5.2333],[123.1226,-16.4062,10.1956],[123.118,-16.4094,5.748],[123.1249,-16.4238,0.6494],[123.1263,-16.4225,0.0],[123.1246,-16.4193,7.538],[123.1285,-16.4185,1.9519],[123.125,-16.4093,2.1558],[123.1278,-16.4064,1.9265]]],
[[[123.5402,-16.5894,4.3065],[123.5411,-16.5867,6.0429],[123.5404,-16.5856,6.902],[123.5391,-16.588,1.2527],[123.5402,-16.5894,4.3065]]],
[[[123.5412,-16.5805,24.9889],[123.5415,-16.5765,16.5123],[123.5402,-16.5765,16.5123],[123.5407,-16.5844,5.7738],[123.5412,-16.5805,24.9889]]],
[[[123.5363,-16.5789,0.8069],[123.5366,-16.5782,0.8069],[123.5351,-16.576,0.0],[123.5351,-16.5775,0.0],[123.5363,-16.5789,0.8069]]],
[[[123.5254,-16.4887,0.0],[123.5247,-16.4893,6.0927],[123.5221,-16.4891,0.0],[123.5266,-16.4906,3.1632],[123.5254,-16.4887,0.0]]],
[[[123.495,-16.418,0.0],[123.4983,-16.4181,11.1631],[123.501,-16.4155,0.0],[123.4787,-16.4066,35.1789],[123.4713,-16.4074,0.0],[123.4784,-16.4092,34.6911],[123.4788,-16.4112,9.4883],[123.4829,-16.4136,3.9432],[123.4916,-16.4149,4.966],[123.495,-16.418,0.0]]],
[[[123.4901,-16.4056,0.0],[123.4887,-16.4063,0.0],[123.4915,-16.4083,7.8062],[123.4967,-16.4092,0.0],[123.4938,-16.4043,1.3904],[123.4901,-16.4056,0.0]]],
[[[123.4648,-16.4063,0.0],[123.4647,-16.4057,0.0],[123.4634,-16.4058,0.0],[123.4642,-16.4064,0.0],[123.4648,-16.4063,0.0]]],
[[[123.5099,-16.3967,0.0],[123.511,-16.3972,4.2452],[123.5122,-16.3968,4.2452],[123.5101,-16.3963,0.0],[123.5099,-16.3967,0.0]]],
[[[123.4816,-16.3928,0.0],[123.4803,-16.3949,1.5069],[123.4843,-16.3949,0.0],[123.4844,-16.394,0.0],[123.4816,-16.3928,0.0]]],
[[[123.4687,-16.3904,12.2135],[123.469,-16.3889,12.2259],[123.4665,-16.3876,1.5919],[123.4669,-16.3905,1.6403],[123.4683,-16.3915,0.0],[123.4687,-16.3904,12.2135]]],
[[[123.4976,-16.3823,1.1292],[123.4976,-16.3817,1.1292],[123.4955,-16.3812,0.0],[123.4947,-16.3819,2.7221],[123.4973,-16.3819,1.1292],[123.4976,-16.3823,1.1292]]],
[[[123.5055,-16.3792,2.0447],[123.5028,-16.3797,0.0],[123.508,-16.3806,6.7588],[123.5055,-16.3792,2.0447]]],
[[[123.5127,-16.3734,5.7132],[123.5103,-16.3729,0.0],[123.5115,-16.374,5.7132],[123.5127,-16.3734,5.7132]]],
[[[123.4798,-16.3704,0.0],[123.4796,-16.3712,0.0],[123.4808,-16.3715,0.0],[123.4806,-16.3708,2.0077],[123.4798,-16.3704,0.0]]],
[[[123.4996,-16.3673,18.9863],[123.5053,-16.3707,10.3227],[123.5096,-16.3713,0.0],[123.5034,-16.3675,5.1114],[123.491,-16.3636,1.3596],[123.4977,-16.3677,8.3237],[123.4996,-16.3673,18.9863]]],
[[[123.4823,-16.3688,0.0],[123.4824,-16.368,0.0],[123.4799,-16.3664,0.0],[123.4817,-16.3688,0.0],[123.4823,-16.3688,0.0]]],
[[[123.5826,-16.492,1.3565],[123.5821,-16.492,1.3565],[123.5816,-16.4923,1.3565],[123.5829,-16.4928,1.3565],[123.5826,-16.492,1.3565]]],
[[[123.563,-16.4519,3.9198],[123.5594,-16.4519,4.2858],[123.5525,-16.4503,2.8333],[123.5642,-16.4533,0.0],[123.563,-16.4519,3.9198]]],
[[[123.586,-16.3628,5.8229],[123.5784,-16.3595,0.0],[123.5769,-16.3606,0.0],[123.5868,-16.365,0.0],[123.586,-16.3628,5.8229]]],
[[[123.575,-16.3571,2.0946],[123.5748,-16.3582,0.6127],[123.5756,-16.3586,0.6127],[123.576,-16.358,0.6127],[123.575,-16.3571,2.0946]]],
[[[123.667,-16.417,2.1162],[123.6686,-16.4176,9.4527],[123.6692,-16.4172,9.4527],[123.669,-16.4167,9.4527],[123.667,-16.417,2.1162]]],
[[[123.6767,-16.4141,3.227],[123.6732,-16.416,0.0],[123.6773,-16.416,17.1344],[123.6792,-16.4143,6.8328],[123.6767,-16.4141,3.227]]],
[[[123.6367,-16.407,14.2457],[123.6375,-16.4046,1.5166],[123.6346,-16.4055,2.0081],[123.6323,-16.4013,2.2054],[123.6249,-16.3992,0.0],[123.6222,-16.4006,8.9875],[123.6345,-16.4077,24.4453],[123.6335,-16.4082,6.3511],[123.6345,-16.4103,6.2954],[123.6382,-16.413,0.0],[123.6446,-16.4136,5.0006],[123.6484,-16.418,0.0],[123.6534,-16.4184,3.8434],[123.6562,-16.4164,6.5873],[123.6622,-16.4187,9.5418],[123.6659,-16.4169,2.1162],[123.6647,-16.4154,10.9005],[123.659,-16.416,10.7985],[123.6564,-16.413,5.8443],[123.6531,-16.4142,4.0152],[123.6495,-16.413,23.6675],[123.6457,-16.4114,33.7384],[123.6451,-16.4088,5.4934],[123.6433,-16.4088,5.3196],[123.6423,-16.4109,9.8097],[123.6367,-16.407,14.2457]]],
[[[123.6709,-16.4074,0.0],[123.6748,-16.4095,10.678],[123.6774,-16.4092,12.2477],[123.6788,-16.4069,2.6564],[123.6768,-16.4054,0.0],[123.6761,-16.4068,5.2362],[123.6709,-16.4074,0.0]]],
[[[123.6023,-16.3714,0.0],[123.6048,-16.375,0.0],[123.6033,-16.3763,0.0],[123.6046,-16.3787,0.4205],[123.6101,-16.38,2.1676],[123.6064,-16.3731,1.0335],[123.6023,-16.3714,0.0]]],
[[[123.6143,-16.3781,1.6795],[123.6156,-16.3783,1.6795],[123.6157,-16.3763,17.3291],[123.6144,-16.3725,0.0],[123.6073,-16.3645,5.102],[123.5936,-16.3571,4.407],[123.5969,-16.36,8.6613],[123.5954,-16.361,8.6613],[123.5998,-16.3626,18.5583],[123.5989,-16.3634,1.4038],[123.601,-16.3671,1.0029],[123.6041,-16.3689,4.5967],[123.6026,-16.3655,24.3684],[123.6057,-16.3662,27.2035],[123.6085,-16.37,9.5086],[123.6064,-16.3705,4.2589],[123.607,-16.3723,5.4627],[123.6127,-16.3748,0.0],[123.6143,-16.3781,1.6795]]],
[[[123.6852,-16.366,33.9798],[123.6855,-16.3632,19.3672],[123.6786,-16.3607,3.8704],[123.6734,-16.3613,0.0],[123.6755,-16.3653,0.0],[123.6852,-16.366,33.9798]]],
[[[123.591,-16.3595,3.7006],[123.5876,-16.3565,4.9563],[123.5866,-16.3571,0.0],[123.5906,-16.3597,0.0],[123.591,-16.3595,3.7006]]],
[[[123.5864,-16.3556,13.0497],[123.5862,-16.355,13.0497],[123.5813,-16.3527,0.0],[123.5849,-16.3558,1.88],[123.5864,-16.3556,13.0497]]],
[[[123.5577,-16.3483,0.0],[123.5586,-16.3471,12.9608],[123.5566,-16.346,0.0],[123.557,-16.3477,16.6525],[123.5577,-16.3483,0.0]]],
[[[123.5746,-16.3414,0.0],[123.5756,-16.3405,4.9686],[123.5733,-16.3386,0.0],[123.5746,-16.3405,0.0],[123.5746,-16.3414,0.0]]],
[[[123.567,-16.3396,0.0],[123.5678,-16.3395,7.1298],[123.5675,-16.3373,0.7216],[123.5662,-16.3384,0.0],[123.567,-16.3396,0.0]]],
[[[123.5463,-16.41,10.3688],[123.5474,-16.4137,0.0],[123.5519,-16.4137,9.2466],[123.5462,-16.4084,6.1684],[123.5398,-16.4083,7.5086],[123.541,-16.4092,7.5086],[123.5463,-16.41,10.3688]]],
[[[123.5444,-16.3309,0.0],[123.5449,-16.3322,2.2309],[123.5462,-16.3324,0.5165],[123.546,-16.332,0.5165],[123.5444,-16.3309,0.0]]],
[[[123.5482,-16.3297,1.7384],[123.5477,-16.3302,0.0],[123.5497,-16.3318,1.8688],[123.5496,-16.3311,1.7384],[123.5482,-16.3297,1.7384]]],
[[[123.5175,-16.2856,0.0],[123.5185,-16.2822,8.8967],[123.5162,-16.2805,11.8233],[123.5175,-16.279,24.1762],[123.5203,-16.2793,12.1887],[123.5212,-16.2777,0.0],[123.5194,-16.277,11.6388],[123.5217,-16.2759,2.1398],[123.5163,-16.2758,0.0],[123.5157,-16.279,2.4482],[123.5125,-16.2825,0.0],[123.5118,-16.288,13.3421],[123.516,-16.2959,17.128],[123.5151,-16.2987,5.4185],[123.5193,-16.297,0.0],[123.518,-16.2941,11.1876],[123.5205,-16.295,4.2324],[123.5175,-16.2856,0.0]]],
[[[123.4819,-16.3646,0.0],[123.4812,-16.3652,0.0],[123.4815,-16.3655,0.0],[123.4822,-16.3651,0.0],[123.4819,-16.3646,0.0]]],
[[[123.4825,-16.2966,0.0],[123.484,-16.2947,9.8203],[123.4834,-16.293,3.0831],[123.4821,-16.2941,3.0831],[123.4825,-16.2966,0.0]]],
[[[123.4804,-16.2851,0.0],[123.4807,-16.2834,9.7219],[123.479,-16.2833,0.0],[123.4791,-16.2842,0.0],[123.4804,-16.2851,0.0]]],
[[[123.464,-16.2757,0.0],[123.4637,-16.2746,0.0],[123.4593,-16.2794,0.0],[123.4606,-16.2793,8.077],[123.464,-16.2757,0.0]]],
[[[123.5243,-16.2862,0.0],[123.5237,-16.2873,3.0009],[123.5272,-16.2854,4.1411],[123.5248,-16.2849,0.0],[123.5243,-16.2862,0.0]]],
[[[123.5446,-16.277,0.0],[123.5433,-16.2784,0.0],[123.5437,-16.2788,0.0],[123.5449,-16.2779,0.0],[123.5446,-16.277,0.0]]],
[[[123.545,-16.2672,16.1971],[123.5478,-16.2654,47.969],[123.5409,-16.2592,10.9319],[123.5392,-16.2551,17.6516],[123.5364,-16.2555,11.4226],[123.5409,-16.2605,0.0],[123.5395,-16.2627,0.0],[123.5315,-16.263,38.1934],[123.5244,-16.2652,18.6932],[123.509,-16.2583,4.0148],[123.5034,-16.2584,5.7708],[123.5108,-16.2605,13.5218],[123.5086,-16.2607,0.0],[123.5105,-16.2632,1.7715],[123.5174,-16.2658,37.3398],[123.5206,-16.271,15.8799],[123.5203,-16.2731,1.7595],[123.5258,-16.2751,23.8713],[123.5257,-16.2773,13.3368],[123.5293,-16.2774,21.590699999999998],[123.5304,-16.2761,5.6319],[123.5273,-16.2722,10.6777],[123.5467,-16.2735,3.7287],[123.5469,-16.2696,6.5127],[123.545,-16.2672,16.1971]]],
[[[123.5528,-16.2322,3.1965],[123.5443,-16.2242,0.0],[123.554,-16.2356,8.2633],[123.5555,-16.2407,7.6957],[123.5545,-16.2347,2.7971],[123.5528,-16.2322,3.1965]]],
[[[123.4683,-16.2149,5.118],[123.4667,-16.2092,1.3102],[123.4652,-16.2116,11.3567],[123.4573,-16.209,0.0],[123.4583,-16.213,14.0351],[123.4525,-16.2113,3.3319],[123.4526,-16.2151,0.0],[123.4544,-16.2163,6.8867],[123.4521,-16.2166,6.9962],[123.4505,-16.2145,0.0],[123.451,-16.2177,0.0],[123.4476,-16.2182,19.6167],[123.4492,-16.2207,30.1329],[123.4464,-16.2214,0.0],[123.449,-16.2232,14.9029],[123.447,-16.2236,0.0],[123.4465,-16.2278,0.0],[123.4481,-16.229,3.7076],[123.4516,-16.2263,1.882],[123.452,-16.229,5.5942],[123.4545,-16.2283,4.0432],[123.4593,-16.2317,3.019],[123.4591,-16.2336,6.1498],[123.4575,-16.2335,6.1498],[123.4585,-16.2347,0.0],[123.4733,-16.2369,0.0],[123.4798,-16.2441,0.0],[123.4778,-16.2446,0.0],[123.4769,-16.2481,0.0],[123.4786,-16.2492,9.4479],[123.4787,-16.2576,9.6105],[123.4854,-16.2695,9.353],[123.4891,-16.2724,2.6828],[123.4831,-16.2783,13.349],[123.4853,-16.2812,17.069],[123.4857,-16.279,24.049],[123.4884,-16.2801,11.0514],[123.4898,-16.2848,0.0],[123.4901,-16.2815,3.6713],[123.4942,-16.2849,0.0],[123.4959,-16.2836,18.5204],[123.4958,-16.2849,0.0],[123.4975,-16.2848,0.0],[123.4998,-16.2816,39.6929],[123.4997,-16.2766,60.2707],[123.5066,-16.2743,50.6769],[123.5061,-16.2723,12.8478],[123.5032,-16.2712,20.7603],[123.5058,-16.2664,23.1753],[123.4966,-16.2635,28.2372],[123.4913,-16.2591,0.0],[123.4916,-16.254,1.8393],[123.497,-16.2497,8.0285],[123.5088,-16.2513,0.0],[123.5317,-16.2598,0.0],[123.5271,-16.2553,19.7179],[123.5284,-16.2535,0.0],[123.5213,-16.2496,12.3578],[123.5159,-16.2494,5.2714],[123.5133,-16.2469,5.1807],[123.5049,-16.2441,0.0],[123.5007,-16.2456,7.0329],[123.4927,-16.2415,2.4294],[123.4907,-16.2433,28.9358],[123.4858,-16.2356,16.4584],[123.4889,-16.2339,12.2599],[123.4856,-16.2299,34.9938],[123.4828,-16.2306,16.3643],[123.4823,-16.2283,0.0],[123.4781,-16.2269,10.5933],[123.4788,-16.2244,18.9682],[123.4808,-16.2256,3.8457],[123.4879,-16.2254,7.1072],[123.4877,-16.2244,10.1982],[123.4779,-16.2174,0.0],[123.4738,-16.2201,32.6847],[123.4736,-16.2158,15.2734],[123.4791,-16.2163,2.5539],[123.479,-16.2144,0.0],[123.4778,-16.215,10.6211],[123.4752,-16.213,10.786],[123.474,-16.2139,10.786],[123.4732,-16.2118,5.1707],[123.4702,-16.2116,10.2248],[123.4704,-16.2145,20.4533],[123.4683,-16.2149,5.118]]],
[[[123.4714,-16.2405,1.2765],[123.4702,-16.2408,1.2765],[123.4717,-16.242,0.0],[123.4722,-16.2418,0.0],[123.4714,-16.2405,1.2765]]],
[[[123.4936,-16.2406,2.3133],[123.4946,-16.2414,0.0],[123.4942,-16.2404,2.3133],[123.4936,-16.2406,2.3133]]],
[[[123.4658,-16.2389,1.4119],[123.4671,-16.2388,1.4119],[123.4648,-16.2371,1.9678],[123.4646,-16.2376,1.9678],[123.4658,-16.2389,1.4119]]],
[[[123.611,-16.3568,0.0],[123.612,-16.3577,14.1029],[123.6141,-16.358,0.0],[123.6123,-16.3564,14.1029],[123.611,-16.3568,0.0]]],
[[[123.6625,-16.3528,46.5908],[123.6727,-16.3556,25.1964],[123.6689,-16.3488,5.2388],[123.6615,-16.3501,24.2134],[123.6534,-16.348,3.2482],[123.6567,-16.3512,5.0405],[123.6543,-16.3535,0.0],[123.6593,-16.3551,4.9189],[123.6596,-16.3529,41.9182],[123.6625,-16.3528,46.5908]]],
[[[123.6969,-16.3578,34.7399],[123.6983,-16.3554,1.5642],[123.6959,-16.3519,10.2483],[123.6946,-16.3524,10.2483],[123.6952,-16.3552,19.0812],[123.6922,-16.3535,17.1635],[123.6933,-16.3512,0.0],[123.6858,-16.3455,0.0],[123.6787,-16.345,0.0],[123.6876,-16.3538,15.3599],[123.6882,-16.3562,20.6073],[123.6937,-16.3583,5.5201],[123.6969,-16.3578,34.7399]]],
[[[123.6211,-16.3438,39.6191],[123.6181,-16.3406,7.7927],[123.6183,-16.3387,5.0732],[123.6076,-16.3284,29.7178],[123.6027,-16.3269,0.0],[123.6023,-16.3283,26.8561],[123.6001,-16.3278,0.0],[123.6039,-16.3334,14.7506],[123.6006,-16.3338,0.0],[123.6029,-16.3353,2.0875],[123.6017,-16.3368,1.7277],[123.6064,-16.3429,27.7516],[123.6114,-16.3454,2.3978],[123.6115,-16.341,29.2288],[123.6143,-16.348,11.9878],[123.6175,-16.3509,8.8793],[123.6209,-16.3507,11.2576],[123.6206,-16.3519,13.3259],[123.6181,-16.352,8.6521],[123.6192,-16.3529,8.6521],[123.626,-16.3559,5.048],[123.6291,-16.3546,0.0],[123.6278,-16.3451,0.0],[123.6211,-16.3438,39.6191]]],
[[[123.6227,-16.3392,1.3664],[123.6291,-16.3426,11.0259],[123.6339,-16.3415,6.0931],[123.6272,-16.341,3.2332],[123.6227,-16.3392,1.3664]]],
[[[123.6529,-16.3459,0.0],[123.6581,-16.3447,0.0],[123.6534,-16.339,4.8978],[123.6481,-16.3357,2.2852],[123.6311,-16.3339,9.0816],[123.6301,-16.336,2.9693],[123.6321,-16.3382,0.0],[123.6398,-16.3395,38.5412],[123.6505,-16.3474,30.1385],[123.6529,-16.3459,0.0]]],
[[[123.6256,-16.3299,18.6331],[123.6237,-16.3291,0.0],[123.6229,-16.3302,16.5332],[123.6242,-16.3329,37.0591],[123.6273,-16.3341,26.4185],[123.6278,-16.3306,9.852],[123.6256,-16.3299,18.6331]]],
[[[123.6242,-16.3223,0.0],[123.6216,-16.322,0.0],[123.6353,-16.3283,3.7917],[123.6379,-16.3271,31.1282],[123.6312,-16.324,1.7516],[123.6242,-16.3223,0.0]]],
[[[123.5683,-16.3369,0.7216],[123.569,-16.3376,4.65],[123.5702,-16.3364,4.65],[123.5678,-16.3351,0.0],[123.5683,-16.3369,0.7216]]],
[[[123.5644,-16.3305,0.0],[123.5637,-16.3314,0.7581],[123.5655,-16.3322,2.2467],[123.5658,-16.3318,2.2467],[123.5644,-16.3305,0.0]]],
[[[123.5595,-16.3269,0.0],[123.5634,-16.3296,2.2214],[123.5622,-16.3277,1.7236],[123.5586,-16.326,0.0],[123.5595,-16.3269,0.0]]],
[[[123.5758,-16.2648,2.4173],[123.5752,-16.2624,0.5287],[123.5723,-16.2635,4.2368],[123.571,-16.2619,2.5641],[123.5744,-16.2582,8.8877],[123.5723,-16.2585,5.1438],[123.569,-16.2623,1.5692],[123.5712,-16.2672,6.9213],[123.5693,-16.268,2.4768],[123.5669,-16.2663,6.4793],[123.5667,-16.2688,1.7238],[123.5736,-16.2708,1.8952],[123.5759,-16.2671,4.1772],[123.5741,-16.2655,11.8088],[123.5758,-16.2648,2.4173]]],
[[[123.5804,-16.2624,0.8264],[123.5808,-16.2619,0.8264],[123.5798,-16.2598,0.7647],[123.5781,-16.2617,0.0],[123.5804,-16.2624,0.8264]]],
[[[123.573,-16.2497,1.3015],[123.5699,-16.2498,26.546],[123.5686,-16.2471,0.0],[123.5676,-16.2494,29.1022],[123.5669,-16.2459,6.1256],[123.5643,-16.2451,0.0],[123.5629,-16.2473,13.6688],[123.565,-16.2504,26.1405],[123.5651,-16.254,15.2417],[123.5632,-16.2567,30.7098],[123.5599,-16.2578,0.0],[123.564,-16.2581,8.9696],[123.5671,-16.2553,20.8335],[123.5646,-16.2599,18.0139],[123.5567,-16.2583,2.4946],[123.5544,-16.2572,5.0486],[123.5561,-16.2569,5.0486],[123.5548,-16.2556,1.3545],[123.5463,-16.2519,1.3367],[123.5545,-16.2583,3.3031],[123.566,-16.2619,11.4655],[123.5691,-16.2604,35.1937],[123.5727,-16.2545,0.0],[123.573,-16.2497,1.3015]]],
[[[123.554,-16.2431,13.0776],[123.551,-16.2471,0.0],[123.5533,-16.2488,15.2234],[123.5566,-16.2443,0.0],[123.554,-16.2431,13.0776]]],
[[[123.5709,-16.2345,0.0],[123.5525,-16.2232,19.4118],[123.5495,-16.2186,1.6258],[123.5472,-16.2198,3.0305],[123.5604,-16.2346,2.3784],[123.5621,-16.2352,2.3784],[123.5614,-16.2328,36.8036],[123.5649,-16.2343,31.1975],[123.5646,-16.2375,24.5345],[123.563,-16.2382,14.4351],[123.5645,-16.2413,0.0],[123.5679,-16.2402,31.6447],[123.5664,-16.2383,30.7879],[123.5734,-16.2391,30.6959],[123.5712,-16.2416,12.5594],[123.5784,-16.2441,0.0],[123.5801,-16.2414,10.2169],[123.579,-16.2384,13.948],[123.5709,-16.2345,0.0]]],
[[[123.1906,-16.3965,10.6719],[123.1922,-16.3897,0.0],[123.1843,-16.39,19.8535],[123.1872,-16.3864,9.0372],[123.176,-16.3879,4.6333],[123.1717,-16.387,4.3047],[123.1676,-16.3897,9.0779],[123.1677,-16.3914,5.5611],[123.1754,-16.3942,2.4458],[123.1707,-16.3939,3.1234],[123.1765,-16.4003,21.4031],[123.1789,-16.4061,13.669],[123.1786,-16.4116,17.5193],[123.1711,-16.4173,0.7189],[123.1687,-16.4171,0.1242],[123.1661,-16.4231,3.6952],[123.1675,-16.4261,4.7073],[123.173,-16.4271,2.9376],[123.1759,-16.4297,5.4943],[123.1738,-16.433,0.7343],[123.1766,-16.4335,0.7624],[123.1821,-16.4292,1.3254],[123.1822,-16.4237,2.675],[123.1838,-16.4213,4.2539],[123.1854,-16.4325,2.5978],[123.1925,-16.4328,0.0],[123.1912,-16.4255,5.4422],[123.1931,-16.4234,0.4369],[123.1926,-16.421,1.303],[123.1947,-16.4184,1.8198],[123.1956,-16.4214,0.0],[123.1973,-16.4213,0.3568],[123.1985,-16.4194,0.5175],[123.197,-16.4167,2.3606],[123.2028,-16.4138,0.0],[123.2045,-16.4111,0.0],[123.2045,-16.4062,0.9865],[123.2092,-16.4014,1.4797],[123.2089,-16.4002,1.1172],[123.2055,-16.4017,1.0492],[123.2074,-16.3965,6.0294],[123.2115,-16.3927,0.0],[123.2073,-16.3906,4.2919],[123.2059,-16.3871,4.7588],[123.2054,-16.3897,9.7668],[123.2018,-16.3895,0.0],[123.1988,-16.3917,10.5013],[123.198,-16.3902,5.0414],[123.1954,-16.3904,0.0],[123.1906,-16.3965,10.6719]]],
[[[123.2232,-16.4002,4.0766],[123.2247,-16.4002,4.0766],[123.218,-16.3936,9.0396],[123.2131,-16.3932,8.7298],[123.2149,-16.3963,9.0249],[123.2121,-16.3966,3.158],[123.2117,-16.3983,6.5987],[123.2136,-16.4004,4.3306],[123.207,-16.4071,2.8312],[123.2061,-16.4129,0.4373],[123.2001,-16.4192,0.5175],[123.1994,-16.4247,0.0],[123.2033,-16.4244,6.378],[123.208,-16.4214,1.0397],[123.2144,-16.4217,4.1875],[123.2138,-16.4195,5.0677],[123.2199,-16.416,0.0],[123.2189,-16.4139,0.0],[123.2158,-16.4145,6.5024],[123.2162,-16.4114,6.8493],[123.221,-16.4085,3.03],[123.2259,-16.4079,3.1479],[123.2216,-16.405,1.1455],[123.2186,-16.4061,3.5039],[123.2232,-16.4002,4.0766]]],
[[[123.1416,-16.4081,0.0],[123.1423,-16.4085,0.0],[123.142,-16.4068,0.0],[123.1416,-16.4071,0.0],[123.1416,-16.4081,0.0]]],
[[[123.1193,-16.4009,3.8657],[123.1217,-16.4008,7.4418],[123.1221,-16.4003,0.0],[123.1185,-16.3991,0.0],[123.1193,-16.4009,3.8657]]],
[[[123.1647,-16.3984,17.1168],[123.1618,-16.3963,24.1703],[123.1607,-16.3985,2.1542],[123.1649,-16.4004,2.1695],[123.1647,-16.3984,17.1168]]],
[[[123.0553,-16.3971,0.485],[123.0558,-16.3977,0.485],[123.0573,-16.3963,0.5037],[123.0565,-16.396,0.4838],[123.0553,-16.3971,0.485]]],
[[[123.0704,-16.3946,1.6052],[123.0687,-16.393,1.6585],[123.0675,-16.3955,0.4857],[123.0682,-16.3956,0.4857],[123.0704,-16.3946,1.6052]]],
[[[123.1455,-16.3937,3.1034],[123.1493,-16.3962,10.8639],[123.155,-16.3963,1.2928],[123.1576,-16.3983,0.0],[123.1585,-16.3971,0.0],[123.1577,-16.3933,0.0],[123.1531,-16.3892,0.0],[123.1527,-16.3871,1.3543],[123.1439,-16.389,0.0],[123.1472,-16.3925,1.8065],[123.1455,-16.3937,3.1034]]],
[[[123.1438,-16.3928,0.4337],[123.1437,-16.392,0.4337],[123.1431,-16.3917,0.4337],[123.1427,-16.3922,0.4337],[123.1438,-16.3928,0.4337]]],
[[[123.1299,-16.391,0.0],[123.1309,-16.3914,0.0],[123.1316,-16.39,3.8866],[123.1312,-16.3896,3.8866],[123.1299,-16.391,0.0]]],
[[[123.1266,-16.3866,0.2599],[123.13,-16.386,3.3948],[123.1335,-16.3888,2.1833],[123.1368,-16.3877,1.5124],[123.1366,-16.3854,0.7408],[123.1319,-16.3825,0.0],[123.1324,-16.385,5.3392],[123.1238,-16.3837,1.3367],[123.1239,-16.3858,1.4951],[123.1266,-16.3866,0.2599]]],
[[[123.1338,-16.3815,0.0],[123.1346,-16.3818,0.0],[123.1349,-16.3808,0.0],[123.1341,-16.3806,0.7349],[123.1338,-16.3815,0.0]]],
[[[123.3076,-16.3892,0.6623],[123.3089,-16.3895,0.6623],[123.3092,-16.3891,0.6623],[123.3075,-16.3884,0.6623],[123.3076,-16.3892,0.6623]]],
[[[123.3117,-16.3872,1.6398],[123.31,-16.3856,1.7139],[123.3071,-16.3861,0.0],[123.3087,-16.3876,13.2334],[123.3117,-16.3872,1.6398]]],
[[[123.3473,-16.3453,10.9576],[123.347,-16.3437,0.8679],[123.3498,-16.3427,7.1369],[123.3494,-16.3397,22.141],[123.3347,-16.3328,0.0],[123.3363,-16.3362,22.9933],[123.3397,-16.3381,6.7719],[123.3316,-16.3381,0.0],[123.3327,-16.35,0.0],[123.3359,-16.3587,0.0],[123.3378,-16.3597,0.0],[123.3449,-16.356,15.0916],[123.3459,-16.3605,0.3931],[123.3516,-16.3601,0.9097],[123.3515,-16.3581,1.2293],[123.3553,-16.3614,1.3823],[123.3574,-16.3614,0.0],[123.3509,-16.3533,2.6193],[123.3506,-16.347,0.0],[123.3473,-16.3453,10.9576]]],
[[[123.3158,-16.3178,0.0],[123.3141,-16.3169,19.9099],[123.3157,-16.3119,0.0],[123.3139,-16.3076,1.8064],[123.309,-16.307,2.7307],[123.308,-16.3111,4.3085],[123.3114,-16.3185,21.1087],[123.3093,-16.3204,6.1173],[123.3185,-16.3223,1.9196],[123.3158,-16.3178,0.0]]],
[[[123.4476,-16.3851,0.0],[123.4448,-16.3839,5.4538],[123.442,-16.3849,1.4406],[123.4457,-16.3869,2.4771],[123.4476,-16.3851,0.0]]],
[[[123.4428,-16.383,0.0],[123.4462,-16.3826,8.396],[123.4431,-16.38,6.5165],[123.4369,-16.3793,0.0],[123.4418,-16.3817,1.2898],[123.4428,-16.383,0.0]]],
[[[123.4345,-16.3807,6.5622],[123.4352,-16.3783,5.0315],[123.4317,-16.3792,3.6675],[123.4323,-16.3796,0.0],[123.4345,-16.3807,6.5622]]],
[[[123.4279,-16.3767,28.6363],[123.4259,-16.3753,24.5791],[123.4226,-16.3763,29.8409],[123.4212,-16.3786,0.0],[123.4238,-16.3793,12.5207],[123.424,-16.3813,0.0],[123.4275,-16.3804,4.5004],[123.4279,-16.3786,15.564],[123.4296,-16.3785,0.0],[123.4279,-16.3767,28.6363]]],
[[[123.4011,-16.3744,9.235],[123.4025,-16.3718,7.7991],[123.3953,-16.3717,5.248],[123.3947,-16.3734,4.6997],[123.3936,-16.3717,5.248],[123.39,-16.3712,0.0],[123.3884,-16.3724,5.5975],[123.3843,-16.3718,4.1095],[123.3833,-16.3732,0.0],[123.388,-16.3754,0.0],[123.3908,-16.3745,4.8867],[123.3996,-16.3806,0.0],[123.4006,-16.3789,3.8684],[123.3971,-16.3764,19.1623],[123.4011,-16.3744,9.235]]],
[[[123.3709,-16.3691,0.0],[123.3739,-16.3706,3.8591],[123.3784,-16.3704,1.5202],[123.3752,-16.3672,6.4461],[123.3709,-16.3691,0.0]]],
[[[123.4055,-16.3521,3.8305],[123.4078,-16.3512,0.0],[123.4035,-16.3521,0.0],[123.4021,-16.3545,5.6388],[123.4042,-16.3539,0.0],[123.4055,-16.3521,3.8305]]],
[[[123.4105,-16.3497,0.0],[123.4109,-16.3511,0.0],[123.4114,-16.3516,0.0],[123.4114,-16.3496,0.0],[123.4105,-16.3497,0.0]]],
[[[123.3981,-16.3478,3.3858],[123.3995,-16.3485,0.0],[123.4004,-16.348,0.0],[123.3992,-16.3471,3.3858],[123.3981,-16.3478,3.3858]]],
[[[123.4063,-16.3433,3.0289],[123.4009,-16.3472,1.1195],[123.4077,-16.3466,5.137],[123.406,-16.3453,4.0295],[123.4063,-16.3433,3.0289]]],
[[[123.409,-16.343,0.0],[123.4104,-16.3437,2.026],[123.4109,-16.3435,2.026],[123.4098,-16.3416,1.4974],[123.409,-16.343,0.0]]],
[[[123.4118,-16.3406,7.0752],[123.4112,-16.3384,5.6622],[123.4103,-16.3386,5.6622],[123.4106,-16.341,7.0752],[123.4118,-16.3406,7.0752]]],
[[[123.4238,-16.3633,0.0],[123.4271,-16.3651,0.0],[123.4334,-16.3655,1.3545],[123.4179,-16.3606,0.0],[123.4207,-16.3635,1.106],[123.4238,-16.3633,0.0]]],
[[[123.4249,-16.3392,0.9466],[123.424,-16.341,0.0],[123.4246,-16.3415,0.0],[123.4266,-16.34,1.2789],[123.4249,-16.3392,0.9466]]],
[[[123.4217,-16.3133,18.8325],[123.4203,-16.3166,0.0],[123.4224,-16.3166,0.0],[123.4259,-16.3135,12.7796],[123.4251,-16.3131,12.7796],[123.4217,-16.3133,18.8325]]],
[[[123.4287,-16.3081,39.6739],[123.4275,-16.314,0.832],[123.4318,-16.3114,0.0],[123.4332,-16.3079,0.0],[123.4287,-16.3081,39.6739]]],
[[[123.4215,-16.3448,2.6293],[123.4215,-16.3353,0.0],[123.4195,-16.3359,20.2841],[123.4189,-16.3324,2.7249],[123.4163,-16.3357,8.0083],[123.4148,-16.3435,2.4755],[123.4198,-16.3425,17.2881],[123.4215,-16.3448,2.6293]]],
[[[123.4203,-16.3264,18.0619],[123.4203,-16.3251,0.6595],[123.4182,-16.3285,0.0],[123.4194,-16.3284,4.0081],[123.4203,-16.3264,18.0619]]],
[[[123.4112,-16.3132,0.0],[123.4146,-16.3141,4.6143],[123.4178,-16.3128,8.0695],[123.4133,-16.3123,15.0105],[123.4112,-16.3132,0.0]]],
[[[123.4026,-16.2886,2.4442],[123.4022,-16.2877,2.5013],[123.3999,-16.2862,0.0],[123.4016,-16.29,0.0],[123.4026,-16.2886,2.4442]]],
[[[123.4485,-16.2897,9.4114],[123.4463,-16.2936,0.0],[123.4466,-16.294,0.0],[123.4485,-16.2933,0.6875],[123.4485,-16.2897,9.4114]]],
[[[123.4218,-16.2894,1.2807],[123.4267,-16.2843,5.3981],[123.4295,-16.2867,0.0],[123.43,-16.2836,0.8694],[123.4213,-16.2795,0.5624],[123.4206,-16.2714,0.0],[123.4165,-16.2745,5.6443],[123.4185,-16.2764,15.4877],[123.4151,-16.2784,2.8995],[123.4175,-16.28,1.0533],[123.4155,-16.2836,0.0],[123.4188,-16.2852,1.1619],[123.421,-16.2844,17.5274],[123.4218,-16.2894,1.2807]]],
[[[123.4326,-16.2781,3.9061],[123.4335,-16.2753,3.7702],[123.4354,-16.2777,3.5686],[123.4325,-16.27,3.5379],[123.4302,-16.2727,2.4455],[123.4276,-16.2716,0.0],[123.428,-16.2761,2.5453],[123.4244,-16.2741,0.0],[123.4221,-16.278,0.5624],[123.4243,-16.2804,4.3304],[123.4286,-16.2815,0.0],[123.4311,-16.2809,2.2915],[123.4326,-16.2781,3.9061]]],
[[[123.4544,-16.2666,11.2395],[123.4388,-16.2624,0.0],[123.4364,-16.2666,0.0],[123.4367,-16.2692,0.0],[123.4346,-16.271,1.0512],[123.437,-16.2705,14.1397],[123.4358,-16.2726,1.4125],[123.4377,-16.2734,4.7375],[123.4382,-16.2783,0.0],[123.4424,-16.2752,0.4515],[123.4433,-16.2769,0.0],[123.4446,-16.2764,0.0],[123.4435,-16.2731,1.3124],[123.447,-16.2743,2.5722],[123.4451,-16.2726,5.6393],[123.4457,-16.2701,10.2599],[123.4429,-16.2692,17.3517],[123.4428,-16.2677,17.0561],[123.4468,-16.2681,4.5741],[123.4496,-16.2708,4.7496],[123.4536,-16.2683,7.3577],[123.4562,-16.2708,15.2384],[123.4594,-16.2698,7.275],[123.4544,-16.2666,11.2395]]],
[[[123.3994,-16.2818,1.988],[123.3929,-16.2849,0.0],[123.3971,-16.2864,0.0],[123.3975,-16.2841,1.809],[123.4004,-16.2824,1.0101],[123.3994,-16.2818,1.988]]],
[[[123.4089,-16.2762,1.3401],[123.4054,-16.276,2.0216],[123.4087,-16.2771,0.5925],[123.4107,-16.28,0.5223],[123.4111,-16.2788,2.1984],[123.4089,-16.2762,1.3401]]],
[[[123.4195,-16.1741,0.8884],[123.4186,-16.1747,0.6196],[123.4189,-16.1751,0.6196],[123.4196,-16.1748,0.6196],[123.4195,-16.1741,0.8884]]],
[[[123.4208,-16.1712,1.9937],[123.4213,-16.1696,1.9937],[123.418,-16.1697,0.0],[123.4186,-16.1721,5.5085],[123.4208,-16.1712,1.9937]]],
[[[123.4445,-16.2233,1.9223],[123.444,-16.2232,1.9223],[123.4435,-16.2237,1.9223],[123.4448,-16.2239,1.9223],[123.4445,-16.2233,1.9223]]],
[[[123.4423,-16.2215,11.193],[123.4406,-16.2219,0.9305],[123.4413,-16.224,1.9561],[123.4437,-16.2221,1.7977],[123.4428,-16.2189,1.496],[123.4416,-16.2194,1.496],[123.4423,-16.2215,11.193]]],
[[[123.4409,-16.1953,0.0],[123.4411,-16.1961,0.0],[123.4419,-16.1958,0.0],[123.4419,-16.1952,0.0],[123.4409,-16.1953,0.0]]],
[[[123.4494,-16.1924,2.9428],[123.4492,-16.1936,2.5709],[123.4494,-16.194,2.5709],[123.4506,-16.1925,2.9428],[123.4494,-16.1924,2.9428]]],
[[[123.2171,-16.367,1.2804],[123.2178,-16.3685,0.9669],[123.2301,-16.3701,0.8541],[123.2315,-16.3669,0.0],[123.2209,-16.3681,4.2147],[123.2171,-16.367,1.2804]]],
[[[123.2008,-16.3649,0.816],[123.1987,-16.3642,3.0049],[123.2013,-16.3623,1.7409],[123.2005,-16.3604,1.4035],[123.196,-16.3589,1.2041],[123.1927,-16.3621,4.1232],[123.1806,-16.3593,0.3802],[123.1725,-16.3625,0.4084],[123.1755,-16.3619,7.7618],[123.1755,-16.3634,6.2953],[123.1795,-16.3628,7.7559],[123.1847,-16.3651,3.0191],[123.1922,-16.3658,10.772],[123.2008,-16.3649,0.816]]],
[[[123.2776,-16.3134,10.9237],[123.2725,-16.3113,4.2024],[123.2798,-16.3162,6.2356],[123.2854,-16.3226,1.6922],[123.2809,-16.3157,0.0],[123.2776,-16.3134,10.9237]]],
[[[123.2675,-16.3078,1.5899],[123.2687,-16.3073,1.1317],[123.2661,-16.3061,0.0],[123.2659,-16.3066,0.0],[123.2675,-16.3078,1.5899]]],
[[[123.303,-16.316,15.6672],[123.3032,-16.3141,3.4692],[123.3053,-16.3156,2.0785],[123.3064,-16.3141,13.906],[123.3058,-16.307,7.0135],[123.3,-16.3062,2.9481],[123.299,-16.3112,14.0471],[123.3005,-16.3121,6.2545],[123.2993,-16.3131,4.6401],[123.303,-16.316,15.6672]]],
[[[123.3155,-16.3064,1.4346],[123.3155,-16.3085,0.2041],[123.3178,-16.3077,0.0],[123.3155,-16.3064,1.4346]]],
[[[123.3083,-16.3059,14.5865],[123.3092,-16.3036,10.3404],[123.306,-16.3045,0.0],[123.3071,-16.3071,7.0135],[123.3083,-16.3059,14.5865]]],
[[[123.3048,-16.3053,6.133],[123.304,-16.304,1.8499],[123.3013,-16.3049,6.6239],[123.303,-16.306,6.6239],[123.3048,-16.3053,6.133]]],
[[[123.2944,-16.3048,0.0],[123.2959,-16.3061,6.061],[123.2968,-16.3049,6.061],[123.2966,-16.3002,5.4585],[123.2909,-16.3016,7.6717],[123.2944,-16.3048,0.0]]],
[[[123.3032,-16.3022,0.9701],[123.3042,-16.3006,1.1298],[123.3025,-16.3004,0.5454],[123.3021,-16.3007,0.5454],[123.3032,-16.3022,0.9701]]],
[[[123.3399,-16.1786,0.0],[123.3415,-16.1783,4.2405],[123.3414,-16.1778,6.1167],[123.3398,-16.1771,1.6049],[123.3399,-16.1786,0.0]]],
[[[123.3382,-16.1767,1.6049],[123.3373,-16.1762,0.0],[123.3376,-16.178,0.0],[123.3382,-16.1767,1.6049]]],
[[[123.2643,-16.3049,0.0],[123.2637,-16.3037,2.6488],[123.2604,-16.3028,0.6277],[123.2623,-16.3043,2.6488],[123.2643,-16.3049,0.0]]],
[[[123.0932,-16.2938,0.9222],[123.0918,-16.2929,0.467],[123.091,-16.2939,0.7143],[123.0937,-16.2949,0.0],[123.0932,-16.2938,0.9222]]],
[[[123.0607,-16.2781,0.0],[123.0618,-16.2782,0.0],[123.0622,-16.2773,1.1644],[123.0602,-16.2771,0.0],[123.0607,-16.2781,0.0]]],
[[[123.2856,-16.1282,1.9919],[123.2848,-16.1287,1.9919],[123.2852,-16.1293,1.9919],[123.2861,-16.1287,1.9919],[123.2856,-16.1282,1.9919]]],
[[[123.448,-16.1912,0.0],[123.4461,-16.1912,0.0],[123.4467,-16.194,0.0],[123.4486,-16.1929,11.29],[123.448,-16.1912,0.0]]],
[[[123.4573,-16.187,7.2877],[123.4561,-16.1862,0.0],[123.4536,-16.1872,1.3029],[123.457,-16.1888,2.5578],[123.4573,-16.187,7.2877]]],
[[[123.4252,-16.176,15.1437],[123.4317,-16.1739,1.9353],[123.4254,-16.1725,6.4588],[123.423,-16.1701,7.7795],[123.4252,-16.176,15.1437]]],
[[[123.461,-16.1678,15.1439],[123.459,-16.1649,23.7804],[123.4603,-16.1637,1.6457],[123.4543,-16.1547,7.5555],[123.4459,-16.1587,28.192],[123.439,-16.1551,7.2827],[123.4362,-16.1585,0.0],[123.4379,-16.1594,5.9241],[123.4367,-16.1607,0.0],[123.4333,-16.1627,7.3166],[123.4283,-16.1622,0.0],[123.4357,-16.1664,0.0],[123.45,-16.1689,11.873],[123.452,-16.169,5.6386],[123.4534,-16.1656,12.0237],[123.4531,-16.1684,5.6386],[123.4601,-16.1711,2.8669],[123.461,-16.1678,15.1439]]],
[[[123.4203,-16.1581,0.0],[123.421,-16.1568,0.0],[123.4204,-16.1566,0.0],[123.4198,-16.1574,0.0],[123.4203,-16.1581,0.0]]],
[[[123.4299,-16.1549,3.9045],[123.4295,-16.1558,3.9045],[123.4304,-16.1561,3.9045],[123.4307,-16.155,0.678],[123.4299,-16.1549,3.9045]]],
[[[123.436,-16.1543,4.1203],[123.4332,-16.154,6.1562],[123.4328,-16.1545,6.1562],[123.4347,-16.1559,4.1235],[123.436,-16.1543,4.1203]]],
[[[123.4375,-16.1543,2.8835],[123.4381,-16.1539,2.8835],[123.4381,-16.1533,2.8835],[123.437,-16.1537,2.8835],[123.4375,-16.1543,2.8835]]],
[[[123.4104,-16.1705,6.2064],[123.4128,-16.1706,0.0],[123.4135,-16.1691,1.1351],[123.41,-16.1683,3.9175],[123.4081,-16.1703,5.7629],[123.4104,-16.1705,6.2064]]],
[[[123.4006,-16.169,1.6133],[123.4005,-16.1681,1.6133],[123.3992,-16.1687,0.0],[123.3995,-16.169,0.0],[123.4006,-16.169,1.6133]]],
[[[123.418,-16.1404,0.0],[123.4191,-16.1399,5.2029],[123.4185,-16.1377,1.4096],[123.4174,-16.1389,0.0],[123.418,-16.1404,0.0]]],
[[[123.3936,-16.1349,0.0],[123.3945,-16.1345,1.6297],[123.3949,-16.1333,1.6297],[123.3928,-16.1338,0.0],[123.3936,-16.1349,0.0]]],
[[[123.4603,-16.1523,7.1174],[123.4593,-16.1504,5.2848],[123.4517,-16.1489,22.6907],[123.4522,-16.1465,10.1365],[123.4489,-16.1453,32.5027],[123.4452,-16.1411,0.0],[123.4428,-16.1416,0.0],[123.4435,-16.1437,21.6337],[123.4418,-16.1457,0.0],[123.4441,-16.1458,11.3519],[123.4455,-16.1485,2.8032],[123.4472,-16.1484,36.8219],[123.45,-16.1543,2.1668],[123.4552,-16.1543,4.1989],[123.4606,-16.1578,16.5576],[123.459,-16.1541,11.0747],[123.4603,-16.1523,7.1174]]],
[[[123.4252,-16.1311,8.0283],[123.4252,-16.1299,8.0283],[123.4238,-16.1292,1.8074],[123.4237,-16.131,8.8782],[123.4252,-16.1311,8.0283]]],
[[[123.4383,-16.1235,0.0],[123.4392,-16.1278,51.4406],[123.4434,-16.1273,0.0],[123.4393,-16.1232,1.9555],[123.4383,-16.1235,0.0]]],
[[[123.4458,-16.1172,0.0],[123.4463,-16.1178,0.0],[123.4471,-16.118,0.0],[123.4472,-16.1174,0.0],[123.4458,-16.1172,0.0]]],
[[[123.3415,-16.176,0.0],[123.3423,-16.1756,0.0],[123.3422,-16.1744,0.0],[123.3411,-16.1755,0.0],[123.3415,-16.176,0.0]]],
[[[123.321,-16.1708,1.2212],[123.3204,-16.1712,1.2212],[123.3218,-16.1718,1.0537],[123.3216,-16.1711,0.0],[123.321,-16.1708,1.2212]]],
[[[123.3559,-16.1642,0.6583],[123.3545,-16.164,0.2969],[123.3532,-16.1649,0.0],[123.3569,-16.1649,0.3527],[123.3559,-16.1642,0.6583]]],
[[[123.3282,-16.1626,5.3877],[123.3293,-16.1623,5.3877],[123.3278,-16.1613,5.3877],[123.3276,-16.162,1.3816],[123.3282,-16.1626,5.3877]]],
[[[123.3211,-16.1598,0.0],[123.3215,-16.161,0.0],[123.3221,-16.1596,1.2467],[123.3211,-16.1598,0.0]]],
[[[123.3284,-16.1502,6.86],[123.3309,-16.1483,3.3496],[123.3225,-16.1449,1.0454],[123.3225,-16.147,0.1737],[123.3271,-16.1494,16.1304],[123.3272,-16.1508,0.0],[123.3226,-16.1508,0.0],[123.3229,-16.1528,0.0],[123.3199,-16.1529,1.4898],[123.3233,-16.1543,2.3075],[123.3245,-16.1573,4.593],[123.3298,-16.1562,19.0957],[123.3307,-16.1603,0.3742],[123.3338,-16.1626,1.1441],[123.3306,-16.1635,1.1356],[123.3354,-16.1645,6.7089],[123.3358,-16.167,1.6006],[123.3375,-16.1655,3.2406],[123.346,-16.1696,0.0],[123.3417,-16.1627,16.0191],[123.3424,-16.1606,4.3959],[123.3455,-16.1636,2.7008],[123.3514,-16.1651,1.3742],[123.3479,-16.1587,18.0389],[123.3495,-16.1534,12.2849],[123.3449,-16.1527,0.3152],[123.3443,-16.1492,0.0],[123.3351,-16.1523,3.359],[123.3339,-16.1544,23.31],[123.3284,-16.1502,6.86]]],
[[[123.3468,-16.1508,1.3481],[123.3494,-16.1511,1.1661],[123.3497,-16.1506,1.1661],[123.347,-16.15,1.3481],[123.3468,-16.1508,1.3481]]],
[[[123.3235,-16.1438,0.6203],[123.3237,-16.1431,0.0],[123.3218,-16.1429,2.4865],[123.3219,-16.1433,0.6203],[123.3235,-16.1438,0.6203]]],
[[[123.3273,-16.1435,1.5966],[123.3289,-16.1411,1.8734],[123.3247,-16.1377,4.5163],[123.3251,-16.1357,4.836],[123.3196,-16.136,5.5295],[123.3201,-16.1387,6.0003],[123.3156,-16.1396,14.365],[123.308,-16.1366,9.9466],[123.3094,-16.1428,4.1834],[123.3117,-16.1396,4.3064],[123.3146,-16.1407,5.7192],[123.3145,-16.143,0.8579],[123.3189,-16.1417,7.8462],[123.3273,-16.1435,1.5966]]],
[[[123.2878,-16.1319,0.0],[123.2876,-16.1334,0.0],[123.2886,-16.1334,0.0],[123.2883,-16.1323,0.0],[123.2878,-16.1319,0.0]]],
[[[123.2914,-16.1333,0.2848],[123.29,-16.131,0.3315],[123.2891,-16.1317,8.6956],[123.2895,-16.1327,8.6956],[123.2914,-16.1333,0.2848]]],
[[[123.3044,-16.1311,6.7415],[123.2992,-16.1259,0.0],[123.2955,-16.1264,10.9489],[123.2921,-16.1245,0.0],[123.29,-16.1259,2.5097],[123.2916,-16.1284,2.0936],[123.2943,-16.1284,3.019],[123.2957,-16.1306,2.9809],[123.2975,-16.1301,1.12],[123.2986,-16.1324,0.2469],[123.303,-16.1322,5.7066],[123.3005,-16.1366,0.5445],[123.3019,-16.1376,7.0123],[123.3036,-16.1341,4.4913],[123.3049,-16.1372,0.0],[123.3078,-16.1337,8.2624],[123.3116,-16.1361,19.433],[123.3168,-16.1349,1.3234],[123.3098,-16.1296,13.4117],[123.3074,-16.1328,14.2831],[123.3044,-16.1311,6.7415]]],
[[[123.2944,-16.1174,0.0],[123.2944,-16.1195,2.1754],[123.2968,-16.1198,0.0],[123.2969,-16.1193,1.5976],[123.2944,-16.1174,0.0]]],
[[[123.3649,-16.0613,18.5375],[123.3643,-16.0636,0.5833],[123.369,-16.063,0.0],[123.3684,-16.0619,18.1812],[123.3649,-16.0613,18.5375]]],
[[[123.3462,-16.0573,2.6026],[123.3522,-16.0587,2.0592],[123.3531,-16.057,0.0],[123.3508,-16.0557,0.0],[123.3448,-16.0565,2.6026],[123.3462,-16.0573,2.6026]]],
[[[123.3396,-16.0567,0.0],[123.3409,-16.0567,0.9747],[123.3411,-16.0561,2.8811],[123.3395,-16.0557,0.0],[123.3396,-16.0567,0.0]]],
[[[123.4096,-16.1184,0.0],[123.4081,-16.12,12.9898],[123.4041,-16.1171,0.0],[123.4026,-16.1178,11.8899],[123.4011,-16.1131,33.3203],[123.3989,-16.1114,21.9425],[123.4014,-16.1088,4.0133],[123.3958,-16.1075,0.0],[123.3932,-16.111,0.0],[123.4005,-16.1167,10.7592],[123.3991,-16.1191,0.0],[123.3968,-16.119,4.6836],[123.3946,-16.1211,27.5366],[123.3899,-16.1195,0.0],[123.3889,-16.1213,1.2703],[123.3954,-16.1239,11.0914],[123.3891,-16.1262,0.0],[123.3893,-16.1291,3.1026],[123.3924,-16.1281,1.188],[123.3956,-16.1306,6.8321],[123.3969,-16.1298,6.0842],[123.396,-16.1331,7.5134],[123.4003,-16.1345,8.282],[123.4015,-16.1301,24.5682],[123.4081,-16.1264,5.9376],[123.4123,-16.1278,44.3732],[123.4132,-16.132,1.9111],[123.415,-16.1313,23.5846],[123.4138,-16.1366,3.2763],[123.4166,-16.1361,10.3812],[123.4172,-16.1332,0.0],[123.4225,-16.1318,0.0],[123.4199,-16.1296,51.8502],[123.419,-16.1255,1.533],[123.4179,-16.1276,8.1696],[123.4143,-16.1255,0.0],[123.4155,-16.1233,1.8079],[123.4116,-16.1222,30.895],[123.412,-16.1194,6.0117],[123.4096,-16.1184,0.0]]],
[[[123.3726,-16.1222,1.5769],[123.373,-16.1216,1.5769],[123.3723,-16.1212,0.0],[123.3718,-16.1218,1.5769],[123.3726,-16.1222,1.5769]]],
[[[123.3999,-16.0815,1.945],[123.4002,-16.0825,1.945],[123.4008,-16.082,1.945],[123.4006,-16.0815,1.945],[123.3999,-16.0815,1.945]]],
[[[123.4182,-16.0874,5.4842],[123.4195,-16.087,8.1164],[123.4183,-16.0854,12.0367],[123.4194,-16.0846,12.0367],[123.4145,-16.0782,3.9124],[123.3957,-16.0703,2.5491],[123.3892,-16.0698,0.81],[123.399,-16.0748,1.0397],[123.3986,-16.0784,2.1876],[123.4012,-16.0803,4.8389],[123.4063,-16.0802,16.0039],[123.405,-16.0864,2.7264],[123.4078,-16.0871,7.079],[123.4104,-16.085,5.4706],[123.412,-16.0855,5.4706],[123.4129,-16.0835,28.5413],[123.4182,-16.0874,5.4842]]],
[[[123.4483,-16.1024,1.0098],[123.4485,-16.1015,1.0098],[123.4479,-16.101,0.385],[123.4474,-16.1017,1.0098],[123.4483,-16.1024,1.0098]]],
[[[123.4467,-16.0993,19.4914],[123.4448,-16.0973,0.0],[123.4424,-16.0993,0.0],[123.4436,-16.1003,3.2634],[123.4467,-16.0993,19.4914]]],
[[[123.4425,-16.0842,8.0],[123.4382,-16.0826,39.4793],[123.437,-16.08,14.0797],[123.4339,-16.0797,28.2094],[123.4348,-16.0774,0.0],[123.4327,-16.0765,14.8871],[123.4323,-16.0789,2.2061],[123.4289,-16.078,5.1228],[123.432,-16.0809,11.2614],[123.4323,-16.0874,9.9602],[123.4245,-16.0878,8.5818],[123.4291,-16.0934,43.6106],[123.4305,-16.1026,22.3455],[123.4329,-16.1047,73.6323],[123.4328,-16.1072,47.4311],[123.4421,-16.1136,3.4115],[123.4428,-16.1114,3.5607],[123.4459,-16.1116,1.2664],[123.4413,-16.1071,4.1559],[123.4437,-16.106,2.7951],[123.4402,-16.1015,11.3718],[123.4423,-16.1005,4.3222],[123.4412,-16.0993,0.0],[123.4393,-16.1008,5.6057],[123.4372,-16.0997,27.3446],[123.4389,-16.0984,0.7899],[123.4354,-16.0967,11.7894],[123.4365,-16.0932,11.0275],[123.4343,-16.0918,20.7294],[123.4381,-16.0912,18.6658],[123.4406,-16.0931,0.0],[123.439,-16.0888,21.9505],[123.4428,-16.0914,0.4025],[123.4445,-16.09,2.7039],[123.4459,-16.0865,23.7915],[123.4425,-16.0842,8.0]]],
[[[123.4488,-16.0963,1.0449],[123.4507,-16.0971,2.3819],[123.4512,-16.0923,10.9478],[123.4478,-16.0916,13.6136],[123.4467,-16.0941,0.0],[123.4488,-16.0963,1.0449]]],
[[[123.4501,-16.079,5.7657],[123.4508,-16.0775,1.5655],[123.4469,-16.0792,0.0],[123.4473,-16.0795,9.6609],[123.4501,-16.079,5.7657]]],
[[[123.4444,-16.0761,3.2724],[123.4421,-16.0747,8.1165],[123.4418,-16.0754,8.1165],[123.445,-16.078,0.0],[123.4444,-16.0761,3.2724]]],
[[[123.4315,-16.0768,4.2858],[123.4305,-16.0753,10.6964],[123.429,-16.0755,10.6964],[123.4302,-16.0767,4.193],[123.4315,-16.0768,4.2858]]],
[[[123.3835,-16.0692,1.2485],[123.3859,-16.067,0.0],[123.3828,-16.0647,49.9972],[123.3776,-16.0627,0.0],[123.3746,-16.0637,0.0],[123.3782,-16.0649,10.3484],[123.3777,-16.0668,9.2011],[123.3807,-16.069,6.4977],[123.3835,-16.0692,1.2485]]],
[[[123.3893,-16.0629,2.267],[123.3847,-16.0603,12.506],[123.3839,-16.058,12.1635],[123.3781,-16.0584,11.8809],[123.3984,-16.0677,45.2273],[123.4081,-16.0689,39.8463],[123.4201,-16.0737,1.7864],[123.4242,-16.0724,7.6287],[123.4234,-16.0711,0.0],[123.4189,-16.0721,5.4822],[123.4175,-16.0696,12.1781],[123.4137,-16.0703,15.8496],[123.4052,-16.0633,4.3792],[123.3955,-16.0629,3.5766],[123.3941,-16.0607,0.0],[123.3907,-16.0599,20.2112],[123.3893,-16.0629,2.267]]],
[[[123.4012,-16.0591,0.0],[123.4017,-16.0593,0.0],[123.4027,-16.058,6.7812],[123.4013,-16.0581,0.0],[123.4012,-16.0591,0.0]]],
[[[123.3709,-16.0524,1.3157],[123.3616,-16.05,3.3913],[123.3643,-16.0518,2.9244],[123.3642,-16.0548,21.0221],[123.3621,-16.0574,8.2971],[123.3582,-16.0568,0.3667],[123.3607,-16.0584,6.2045],[123.3612,-16.062,3.3901],[123.36279999999999,-16.0608,0.0],[123.3625,-16.0582,6.2045],[123.3763,-16.0589,5.1289],[123.3758,-16.0576,5.9641],[123.3702,-16.0573,20.4757],[123.3651,-16.0547,26.4849],[123.3709,-16.0524,1.3157]]],
[[[123.3569,-16.0394,1.2649],[123.3589,-16.0421,6.5085],[123.3657,-16.0433,3.0014],[123.3649,-16.0421,3.8128],[123.3569,-16.0394,1.2649]]],
[[[123.3021,-16.0421,17.9696],[123.3138,-16.0334,2.6971],[123.3111,-16.0327,0.0],[123.3082,-16.0355,6.4461],[123.3018,-16.0334,12.307],[123.3008,-16.0367,7.3755],[123.2972,-16.0355,3.2333],[123.2961,-16.0382,27.6352],[123.2853,-16.037,7.8952],[123.2832,-16.0378,0.4457],[123.2869,-16.0397,10.4312],[123.2864,-16.0412,0.9618],[123.2835,-16.0398,19.4021],[123.2783,-16.0402,0.0],[123.2775,-16.0434,0.0],[123.2802,-16.0466,0.0],[123.2835,-16.0445,29.605],[123.2853,-16.048,0.0],[123.2901,-16.0455,5.5593],[123.2972,-16.0451,6.9661],[123.2981,-16.0417,4.6212],[123.2993,-16.0435,5.2119],[123.3021,-16.0421,17.9696]]],
[[[123.3673,-16.041,2.7127],[123.3654,-16.0396,7.9712],[123.3635,-16.0394,1.6183],[123.3666,-16.0415,3.8128],[123.3673,-16.041,2.7127]]],
[[[123.3478,-16.0394,0.0],[123.3486,-16.0403,1.3466],[123.355,-16.0392,2.2059],[123.3501,-16.0386,2.2174],[123.3478,-16.0394,0.0]]],
[[[123.3605,-16.0385,5.9503],[123.3604,-16.0374,2.0066],[123.3557,-16.0368,0.0],[123.358,-16.0384,1.2649],[123.3605,-16.0385,5.9503]]],
[[[123.3539,-16.036,4.5223],[123.3501,-16.0347,5.7669],[123.3482,-16.0354,0.0],[123.3517,-16.037,14.2346],[123.3539,-16.036,4.5223]]],
[[[123.2748,-16.0415,0.9667],[123.2737,-16.0394,0.4779],[123.2714,-16.0411,0.0],[123.2716,-16.0433,0.0],[123.2736,-16.0437,5.8604],[123.2748,-16.0415,0.9667]]],
[[[123.2893,-16.0356,0.0],[123.2884,-16.0344,1.3769],[123.286,-16.0349,0.0],[123.2878,-16.0362,9.0162],[123.2893,-16.0356,0.0]]],
[[[123.1599,-15.5231,3.5713],[123.1603,-15.5237,3.5713],[123.1608,-15.5229,0.7735],[123.1602,-15.5224,0.7735],[123.1599,-15.5231,3.5713]]],
[[[123.1571,-15.5238,3.6474],[123.1569,-15.5154,4.1279],[123.1609,-15.5159,0.0],[123.1568,-15.5101,3.6999],[123.1526,-15.5126,3.7826],[123.1517,-15.5255,4.5256],[123.1521,-15.5309,4.0011],[123.156,-15.5356,3.6341],[123.1645,-15.5327,5.0762],[123.1666,-15.5285,4.9355],[123.165,-15.5237,4.4024],[123.1593,-15.517,0.7612],[123.1629,-15.5233,3.4362],[123.1609,-15.5249,4.1228],[123.1571,-15.5238,3.6474]]],
[[[123.158,-15.5227,1.2224],[123.1585,-15.5233,3.6474],[123.1588,-15.5229,1.2224],[123.1585,-15.5223,1.2224],[123.158,-15.5227,1.2224]]],
[[[123.1574,-15.5197,0.0],[123.1579,-15.5201,0.0],[123.1584,-15.5199,0.0],[123.1581,-15.5192,0.0],[123.1574,-15.5197,0.0]]],
[[[123.0417,-15.109,0.0],[123.0403,-15.1085,0.0],[123.0401,-15.11,0.0],[123.0417,-15.1102,0.0],[123.0417,-15.109,0.0]]]]}}