{"type": "Feature","bbox": [134.6667,-14.3226,136.9789,-11.0015],"geometry": {"type": "MultiPolygon","coordinates": [[[[136.3695,-13.8409,5.3877],[136.373,-13.8256,4.4175],[136.368,-13.8123,0.0],[136.3593,-13.8094,0.0],[136.3532,-13.8114,0.0],[136.3524,-13.8193,0.8092],[136.3496,-13.8221,3.5576],[136.344,-13.8241,0.0],[136.3358,-13.8343,0.0],[136.3339,-13.8392,0.0],[136.3357,-13.8408,2.3194],[136.336,-13.8443,2.1602],[136.3454,-13.8439,5.0829],[136.3493,-13.8459,0.4942],[136.3499,-13.8449,0.4942],[136.3485,-13.8447,1.9497],[136.3536,-13.8418,1.0741],[136.3669,-13.8424,3.4123],[136.3695,-13.8409,5.3877]]],
[[[136.2882,-13.7833,1.5634],[136.2902,-13.7859,4.9801],[136.2926,-13.7821,1.7707],[136.2886,-13.7827,0.0],[136.2882,-13.7833,1.5634]]],
[[[136.2253,-13.6632,3.7671],[136.2209,-13.6624,1.1366],[136.2165,-13.6638,7.8838],[136.213,-13.6623,0.0],[136.1996,-13.6653,2.509],[136.1983,-13.6687,0.0],[136.1912,-13.6709,1.4367],[136.1874,-13.6752,1.3029],[136.1832,-13.6751,2.9866],[136.1814,-13.6777,0.715],[136.1925,-13.6796,0.2917],[136.1884,-13.685,0.0],[136.188,-13.6881,0.0],[136.1906,-13.6928,0.0],[136.1875,-13.6997,0.8],[136.1855,-13.7022,0.9802],[136.1789,-13.7032,4.7145],[136.1737,-13.7071,0.2038],[136.1771,-13.7086,0.7425],[136.1762,-13.7115,0.0],[136.1794,-13.7131,0.0],[136.1809,-13.7183,5.8949],[136.1736,-13.7274,0.8588],[136.1817,-13.7363,3.1529],[136.1792,-13.743,0.564],[136.1736,-13.7483,3.7603],[136.1609,-13.7507,17.8951],[136.1557,-13.7472,1.7869],[136.1452,-13.7474,13.9573],[136.1398,-13.7436,1.971],[136.1395,-13.7357,0.0],[136.1328,-13.739,4.0683],[136.128,-13.7364,1.2818],[136.1251,-13.7258,1.2606],[136.1225,-13.7223,2.1234],[136.1194,-13.7225,1.6151],[136.1165,-13.7285,3.2955],[136.1129,-13.7313,3.1653],[136.1092,-13.7422,0.0],[136.1111,-13.752,2.1645],[136.1098,-13.7643,0.0],[136.1113,-13.7706,0.7355],[136.1189,-13.7813,3.515],[136.1198,-13.7878,3.6445],[136.1165,-13.7984,0.531],[136.1093,-13.8077,0.0],[136.1057,-13.8158,1.7868],[136.115,-13.8236,3.5643],[136.1161,-13.8274,1.4906],[136.1218,-13.8323,3.9946],[136.1279,-13.8358,5.2128],[136.1333,-13.8355,5.5028],[136.1354,-13.8371,1.9092],[136.1556,-13.8341,5.1955],[136.1682,-13.8346,0.1798],[136.1692,-13.8206,2.5953],[136.1599,-13.8209,0.0],[136.1552,-13.8168,1.9427],[136.1554,-13.8113,1.8849],[136.1589,-13.8055,0.7946],[136.1562,-13.8034,0.9782],[136.1576,-13.7999,1.0343],[136.1545,-13.8,1.3927],[136.1513,-13.7886,2.0188],[136.1479,-13.7888,3.2394],[136.1447,-13.7854,7.2376],[136.1462,-13.7806,0.7018],[136.1501,-13.7767,1.325],[136.1544,-13.7793,0.1784],[136.1554,-13.7773,3.9882],[136.1581,-13.7773,0.4341],[136.1691,-13.7692,3.6087],[136.1764,-13.7675,2.7834],[136.1857,-13.7682,0.0],[136.1922,-13.7734,5.5233],[136.1903,-13.7745,2.8167],[136.1894,-13.7827,5.7208],[136.192,-13.7892,2.7143],[136.1891,-13.7948,4.9828],[136.1938,-13.8014,0.594],[136.1986,-13.8043,1.1982],[136.1984,-13.806,0.0],[136.2063,-13.811,4.6451],[136.2112,-13.8241,0.0],[136.2105,-13.8296,6.9872],[136.1985,-13.848,0.0],[136.1994,-13.8538,8.5045],[136.2047,-13.8569,2.6825],[136.2134,-13.8561,2.3568],[136.2165,-13.8527,6.104],[136.2377,-13.8467,7.0971],[136.2408,-13.8469,5.0054],[136.2461,-13.8506,4.4683],[136.2479,-13.85,1.4615],[136.2485,-13.8462,0.0],[136.2456,-13.8439,1.1165],[136.2462,-13.8402,1.8621],[136.2447,-13.8384,0.0],[136.2498,-13.8317,6.0835],[136.2546,-13.8321,0.0],[136.2543,-13.8212,8.4828],[136.2576,-13.8106,9.4426],[136.2599,-13.808,1.3206],[136.2586,-13.7993,11.8186],[136.259,-13.7974,0.7234],[136.2607,-13.7971,0.0],[136.2607,-13.7919,0.0],[136.2588,-13.7883,0.0],[136.26,-13.7842,5.1179],[136.2635,-13.7831,1.7904],[136.2715,-13.7882,5.2361],[136.2735,-13.7932,0.8882],[136.2792,-13.7922,0.5367],[136.2837,-13.787,2.1798],[136.2781,-13.7838,0.0],[136.2755,-13.7779,2.4165],[136.2739,-13.76,5.6803],[136.2764,-13.7564,15.0563],[136.2661,-13.7577,0.0],[136.2602,-13.7607,1.7959],[136.2549,-13.7597,3.9031],[136.2525,-13.7549,0.0],[136.2539,-13.7477,0.993],[136.2662,-13.7375,4.7301],[136.2716,-13.7366,2.1334],[136.2804,-13.7383,1.1978],[136.2834,-13.7407,1.94],[136.2904,-13.7365,1.4556],[136.2969,-13.738,0.0],[136.3006,-13.7367,2.6347],[136.3018,-13.7344,8.0127],[136.2965,-13.7289,0.0],[136.2938,-13.7233,0.0],[136.2925,-13.7075,0.0],[136.2811,-13.7041,1.7148],[136.274,-13.7055,1.7384],[136.2723,-13.7034,3.563],[136.2745,-13.7001,2.1363],[136.2706,-13.7012,4.3425],[136.2696,-13.6965,0.5401],[136.2666,-13.6957,3.3112],[136.2691,-13.6937,0.4607],[136.2666,-13.6919,1.4262],[136.2589,-13.6961,3.9536],[136.2562,-13.6954,1.1883],[136.2564,-13.6935,1.2044],[136.2523,-13.693,5.4961],[136.2512,-13.6911,7.4313],[136.2526,-13.6912,3.026],[136.2527,-13.6831,4.1443],[136.2546,-13.6814,0.8255],[136.2533,-13.6809,10.028],[136.2543,-13.6737,2.4765],[136.2496,-13.6757,9.7363],[136.2443,-13.673,8.4271],[136.244,-13.671,1.3655],[136.246,-13.6696,1.1204],[136.2427,-13.6668,0.6427],[136.2397,-13.6666,0.0],[136.2356,-13.6695,2.8238],[136.2351,-13.6671,2.1063],[136.232,-13.6671,2.9856],[136.2253,-13.6632,3.7671]]],
[[[136.3933,-13.7023,4.0227],[136.3916,-13.6991,1.1571],[136.3859,-13.695,14.6731],[136.3802,-13.6946,2.1029],[136.3849,-13.7052,1.6937],[136.3841,-13.7112,0.0],[136.3946,-13.7152,0.0],[136.4004,-13.7153,0.4672],[136.3933,-13.7023,4.0227]]],
[[[136.5734,-13.7297,0.0],[136.5789,-13.7295,9.1723],[136.5796,-13.7266,14.0549],[136.5841,-13.7231,0.0],[136.5807,-13.7221,1.8716],[136.5801,-13.7231,0.6624],[136.582,-13.7236,1.0884],[136.5804,-13.7251,1.8047],[136.5777,-13.7225,0.0],[136.5726,-13.7241,5.6708],[136.5701,-13.7233,4.8646],[136.5699,-13.7255,9.5891],[136.5734,-13.7297,0.0]]],
[[[136.5916,-13.6794,0.0],[136.5948,-13.6758,0.0],[136.5944,-13.6749,0.0],[136.5908,-13.6754,0.0],[136.5916,-13.6794,0.0]]],
[[[136.6785,-13.6565,6.9667],[136.6719,-13.6564,13.1989],[136.6656,-13.6543,0.0],[136.662,-13.657,5.2123],[136.6644,-13.6579,6.6881],[136.662,-13.6622,2.7045],[136.6653,-13.6632,1.3756],[136.6643,-13.665,2.2667],[136.6687,-13.6638,3.8532],[136.6649,-13.6685,2.6219],[136.6652,-13.6713,4.38],[136.6612,-13.6743,0.0],[136.6615,-13.6771,0.0],[136.6597,-13.6797,0.0],[136.6633,-13.6796,0.3512],[136.666,-13.6847,0.0],[136.6768,-13.6781,0.0],[136.6761,-13.6741,7.9753],[136.6812,-13.6654,0.0],[136.6799,-13.6612,14.2231],[136.6826,-13.6588,0.0],[136.6785,-13.6565,6.9667]]],
[[[136.6384,-13.6607,3.7975],[136.6411,-13.6569,1.8645],[136.6379,-13.6573,0.5664],[136.6382,-13.6559,0.0],[136.6365,-13.6565,0.0],[136.637,-13.6587,4.945],[136.6342,-13.6581,2.5958],[136.6317,-13.6601,0.8202],[136.6295,-13.6675,7.2492],[136.6302,-13.6705,1.6566],[136.632,-13.6714,0.3274],[136.6317,-13.6737,1.1038],[136.6342,-13.6728,6.3202],[136.6344,-13.6703,7.4497],[136.6366,-13.6717,0.0],[136.6424,-13.6685,3.7717],[136.6414,-13.663,0.0],[136.6384,-13.6607,3.7975]]],
[[[136.1831,-13.6662,7.8704],[136.1844,-13.665,7.8704],[136.1829,-13.6632,10.6607],[136.1797,-13.6637,0.0],[136.1825,-13.6674,0.6023],[136.1831,-13.6662,7.8704]]],
[[[136.419,-13.6299,3.4388],[136.4171,-13.6218,0.0],[136.4098,-13.6233,4.058],[136.4008,-13.6208,0.6988],[136.4017,-13.6216,3.227],[136.3985,-13.6225,0.0],[136.3967,-13.6279,0.6495],[136.403,-13.6317,1.3553],[136.416,-13.6337,0.4833],[136.4201,-13.6324,1.6976],[136.419,-13.6299,3.4388]]],
[[[136.2753,-13.5933,2.5767],[136.2733,-13.5908,0.251],[136.2709,-13.5927,0.6104],[136.2701,-13.5907,0.2881],[136.2683,-13.5964,0.0],[136.2726,-13.5966,1.2572],[136.2753,-13.5933,2.5767]]],
[[[136.2454,-13.5842,0.6148],[136.2391,-13.5823,7.6999],[136.2374,-13.5775,3.2168],[136.2331,-13.5784,0.0],[136.2316,-13.5855,0.0],[136.2351,-13.5886,2.3963],[136.2367,-13.5871,2.4149],[136.2364,-13.5948,8.9199],[136.233,-13.5934,9.6437],[136.2266,-13.5866,5.502],[136.2211,-13.5867,4.4775],[136.2193,-13.5884,0.0],[136.2229,-13.5913,0.0],[136.2252,-13.6007,0.0],[136.2362,-13.6031,0.0],[136.2409,-13.6004,2.3867],[136.247,-13.5999,0.0],[136.2463,-13.5973,0.0],[136.2484,-13.5954,0.7101],[136.2452,-13.5874,2.363],[136.2454,-13.5842,0.6148]]],
[[[136.089,-13.8089,0.0],[136.0865,-13.8102,1.6612],[136.0854,-13.8127,0.0],[136.0858,-13.8129,0.739],[136.089,-13.8089,0.0]]],
[[[136.1019,-13.458,8.098],[136.1001,-13.4544,2.0591],[136.0972,-13.4553,8.4911],[136.0864,-13.4524,0.0],[136.0822,-13.4436,3.8188],[136.0784,-13.4462,0.0],[136.0785,-13.454,13.385],[136.0813,-13.4592,0.0],[136.0797,-13.4628,6.7899],[136.076,-13.462,2.7559],[136.0742,-13.4652,1.7046],[136.0741,-13.4664,0.0],[136.077,-13.4659,5.2544],[136.0791,-13.4678,3.2732],[136.0776,-13.4689,3.382],[136.0789,-13.4816,0.3634],[136.0748,-13.4826,0.0],[136.0768,-13.4851,0.0],[136.0804,-13.4827,0.0],[136.0795,-13.4776,0.0],[136.0827,-13.472,1.2571],[136.085,-13.474,4.6144],[136.0938,-13.4738,1.5919],[136.097,-13.4713,0.0],[136.1068,-13.4713,0.0],[136.1066,-13.4672,0.4382],[136.1091,-13.465,2.8876],[136.1077,-13.4606,0.9155],[136.1019,-13.458,8.098]]],
[[[136.1094,-13.3611,0.0],[136.104,-13.3614,7.4567],[136.0961,-13.3573,0.0],[136.0926,-13.3583,6.6662],[136.0882,-13.3639,0.0],[136.0969,-13.367,2.7249],[136.1042,-13.3647,0.0],[136.1093,-13.3652,0.0],[136.1207,-13.37,0.0],[136.127,-13.3746,5.4153],[136.1297,-13.3826,6.0483],[136.1269,-13.3893,0.0],[136.1334,-13.3931,4.0453],[136.1343,-13.4065,1.4923],[136.1418,-13.4191,5.2102],[136.1363,-13.4269,2.0873],[136.1304,-13.4285,3.4193],[136.1286,-13.4391,3.3925],[136.1349,-13.446,0.6587],[136.136,-13.4526,1.1373],[136.1314,-13.4656,12.2063],[136.1239,-13.4723,7.7481],[136.1246,-13.4794,0.2262],[136.1218,-13.4822,3.3087],[136.1225,-13.4837,0.9318],[136.125,-13.4819,2.5026],[136.128,-13.4822,5.6481],[136.1321,-13.488,3.0752],[136.1318,-13.4905,6.461],[136.1293,-13.492,5.6446],[136.1315,-13.4986,5.7496],[136.1269,-13.5035,0.0],[136.1391,-13.4981,0.0],[136.1434,-13.5005,1.7782],[136.1444,-13.5049,0.0],[136.1472,-13.505,0.0],[136.1501,-13.511,1.6328],[136.147,-13.5177,0.5364],[136.1417,-13.5216,4.86],[136.1412,-13.5307,0.0],[136.1395,-13.5336,8.0144],[136.1349,-13.5364,6.3504],[136.1328,-13.5347,2.1406],[136.1288,-13.5385,1.5023],[136.1266,-13.5438,0.0],[136.1322,-13.5483,0.3473],[136.1362,-13.5493,4.6309],[136.1368,-13.5523,0.0],[136.1352,-13.5574,3.9005],[136.1413,-13.5642,2.5213],[136.1419,-13.5597,2.483],[136.1444,-13.5622,2.5746],[136.1472,-13.5617,11.8034],[136.15,-13.5579,0.0],[136.1469,-13.5544,4.1986],[136.146,-13.5462,0.0],[136.1495,-13.5308,4.5342],[136.148,-13.528,0.7398],[136.1492,-13.525,3.4131],[136.1529,-13.5194,5.5601],[136.1551,-13.5187,1.6848],[136.159,-13.519,1.6849],[136.1597,-13.5234,0.0],[136.1621,-13.5225,6.0477],[136.1636,-13.5245,1.9915],[136.165,-13.5239,0.8243],[136.1677,-13.5098,9.4509],[136.1628,-13.5051,1.1112],[136.1629,-13.4984,1.0429],[136.16,-13.4975,0.0],[136.1563,-13.4913,0.419],[136.1545,-13.4914,3.1044],[136.1539,-13.4953,6.9218],[136.1491,-13.4953,6.1052],[136.1436,-13.4872,0.6134],[136.1438,-13.4789,0.0],[136.142,-13.4773,0.4564],[136.1446,-13.4764,0.0],[136.1422,-13.4754,0.0],[136.1421,-13.4703,0.5317],[136.1468,-13.4673,2.6981],[136.151,-13.4683,0.3275],[136.1515,-13.4748,0.0],[136.1607,-13.4798,1.9305],[136.1604,-13.4819,0.5911],[136.1632,-13.4821,7.2238],[136.1633,-13.4847,1.6994],[136.1655,-13.4853,1.2367],[136.1694,-13.4804,0.1841],[136.1669,-13.479,0.5889],[136.1667,-13.4772,0.0],[136.1679,-13.4718,3.521],[136.1708,-13.4685,0.591],[136.177,-13.4645,3.8037],[136.1813,-13.4636,3.426],[136.1845,-13.4646,0.0],[136.1849,-13.4668,0.8541],[136.1942,-13.4725,3.2613],[136.2003,-13.4685,0.0],[136.2059,-13.4547,3.4557],[136.2049,-13.4515,3.364],[136.1999,-13.4551,5.762],[136.1952,-13.4533,4.7898],[136.1771,-13.4376,0.7487],[136.1752,-13.432,1.6194],[136.1772,-13.4278,2.2446],[136.1805,-13.4275,0.0],[136.1804,-13.4263,1.2355],[136.175,-13.4213,2.1062],[136.1696,-13.4214,11.1257],[136.1619,-13.4174,0.0],[136.1523,-13.4004,1.3519],[136.1505,-13.3847,1.585],[136.1467,-13.3881,10.5711],[136.1435,-13.3881,5.2541],[136.1374,-13.3832,0.0],[136.1358,-13.376,1.0123],[136.1336,-13.3738,2.5182],[136.1197,-13.3678,0.0],[136.1152,-13.3576,0.4303],[136.1126,-13.3573,2.0137],[136.1094,-13.3611,0.0]]],
[[[136.0739,-13.4427,1.5824],[136.0709,-13.4419,1.5355],[136.0714,-13.4464,0.0],[136.0746,-13.445,0.0],[136.0739,-13.4427,1.5824]]],
[[[135.9685,-13.3341,9.51],[135.9757,-13.3439,0.8229],[135.9719,-13.3276,0.0],[135.9682,-13.3238,0.0],[135.9613,-13.3214,0.6425],[135.9616,-13.3295,7.1624],[135.9685,-13.3341,9.51]]],
[[[135.0,-13.0016,37.5041],[135.0,-14.0,64.7926],[135.4669,-14.3016,24.636],[135.5022,-14.3226,35.9067],[135.5011,-13.5652,76.5634],[135.9207,-13.3828,4.1579],[135.9206,-13.3775,0.1198],[135.9158,-13.3801,2.0438],[135.9058,-13.379,9.1391],[135.9032,-13.3772,2.2685],[135.9005,-13.3712,0.0],[135.8988,-13.3727,0.3776],[135.8915,-13.3714,10.1635],[135.8891,-13.3682,5.5072],[135.88,-13.3631,3.1956],[135.8796,-13.3501,1.8913],[135.8831,-13.3326,0.0],[135.8866,-13.3237,0.0],[135.8957,-13.31,0.713],[135.9035,-13.3056,1.1157],[135.9133,-13.2951,0.0],[135.9091,-13.291,0.0],[135.9086,-13.2868,4.2806],[135.9187,-13.2684,10.5495],[135.9215,-13.2683,5.6173],[135.9406,-13.2554,6.3208],[135.944,-13.2556,5.21],[135.9483,-13.2534,11.4171],[135.9583,-13.2837,3.8678],[135.9616,-13.2869,7.5076],[135.9609,-13.2917,7.193],[135.9636,-13.2948,0.0],[135.9648,-13.2939,0.3975],[135.9653,-13.2819,2.304],[135.9637,-13.2801,5.0751],[135.9634,-13.273,5.4339],[135.9698,-13.268,1.7219],[135.9691,-13.2644,4.436],[135.9734,-13.2511,0.4029],[135.9756,-13.2484,0.0],[135.9735,-13.2429,0.0],[135.975,-13.2358,0.0],[135.9811,-13.2257,0.0],[135.9791,-13.2226,4.3769],[135.9827,-13.2242,8.3289],[135.9973,-13.2164,0.0],[135.998,-13.2129,8.18],[136.0009,-13.2139,11.2116],[136.0036,-13.2126,8.8515],[136.0134,-13.2154,6.9545],[136.0202,-13.2231,3.6413],[136.0239,-13.2372,2.8844],[136.031,-13.2451,2.2847],[136.029,-13.2485,0.316],[136.0322,-13.2515,0.0],[136.0327,-13.2606,7.3506],[136.0361,-13.2647,0.0],[136.0363,-13.2743,0.0],[136.0393,-13.2798,0.9015],[136.0386,-13.2835,4.1273],[136.0419,-13.2892,4.6001],[136.0417,-13.2917,7.27],[136.0369,-13.2992,1.6807],[136.0392,-13.299,3.3707],[136.0392,-13.3027,0.2067],[136.0442,-13.3107,2.0339],[136.0472,-13.3098,0.3245],[136.0537,-13.3016,1.173],[136.0525,-13.295,3.3578],[136.0547,-13.2886,4.9745],[136.0524,-13.2825,3.8195],[136.0549,-13.2729,1.5816],[136.0576,-13.2674,0.0],[136.0621,-13.2631,0.1923],[136.0593,-13.2562,0.0],[136.0539,-13.2541,6.4606],[136.0501,-13.2478,0.5337],[136.0499,-13.2411,0.0],[136.0532,-13.2344,0.0],[136.0584,-13.2281,0.0],[136.0642,-13.2263,0.0],[136.0654,-13.2277,0.858],[136.0678,-13.2269,11.9179],[136.0701,-13.2295,10.4982],[136.0812,-13.2349,0.0],[136.0844,-13.2326,0.116],[136.0853,-13.2255,1.6542],[136.0822,-13.2233,7.1039],[136.0812,-13.2187,6.9329],[136.0776,-13.2164,2.7199],[136.0778,-13.2095,0.0],[136.0881,-13.1976,0.0],[136.0901,-13.1906,1.4714],[136.0944,-13.1841,0.0],[136.0981,-13.1803,2.6704],[136.1048,-13.1769,0.0],[136.1079,-13.1724,3.199],[136.1064,-13.1693,0.0],[136.0985,-13.1665,3.7689],[136.0991,-13.1586,6.8145],[136.1073,-13.1498,0.0],[136.1203,-13.1448,0.0],[136.1272,-13.1319,0.0],[136.138,-13.1255,10.8143],[136.1423,-13.1251,3.8523],[136.1452,-13.1205,11.5149],[136.1445,-13.1266,6.1454],[136.1492,-13.1319,10.2428],[136.1531,-13.1457,10.181],[136.1515,-13.1597,3.6299],[136.1483,-13.171,2.7682],[136.1502,-13.1835,8.9067],[136.1462,-13.1904,9.116],[136.137,-13.1944,0.0],[136.1364,-13.1976,0.0],[136.1384,-13.197,3.2056],[136.14,-13.201599999999999,3.9871],[136.1342,-13.2073,0.0],[136.1354,-13.2111,1.2453],[136.1444,-13.2151,0.0],[136.1478,-13.2189,6.0105],[136.146,-13.2369,4.8651],[136.1498,-13.2406,4.1433],[136.1524,-13.2466,0.0],[136.1531,-13.2606,0.0],[136.1555,-13.2666,0.0],[136.1604,-13.2711,1.7352],[136.1691,-13.2721,0.0],[136.1749,-13.2815,0.0],[136.1816,-13.2808,0.8098],[136.1839,-13.2747,1.7976],[136.1722,-13.2692,4.2583],[136.1672,-13.2647,6.2755],[136.1619,-13.2538,0.0],[136.1594,-13.2517,6.4032],[136.1619,-13.2421,0.0],[136.1698,-13.2347,0.0],[136.1749,-13.233,0.0],[136.1823,-13.2383,1.1212],[136.1864,-13.2449,0.0],[136.1957,-13.2476,2.6177],[136.2014,-13.247,0.1565],[136.2134,-13.2332,0.0],[136.2108,-13.2265,5.264],[136.2144,-13.209,5.625],[136.2185,-13.2038,0.8736],[136.2242,-13.2022,1.0536],[136.23,-13.2061,1.3151],[136.2341,-13.2043,3.4239],[136.2388,-13.2046,0.9455],[136.2381,-13.2058,0.9455],[136.241,-13.2127,0.0],[136.2437,-13.2144,1.1198],[136.2452,-13.2125,1.1375],[136.2455,-13.2087,1.9912],[136.2389,-13.2007,3.575],[136.2388,-13.1945,2.573],[136.2353,-13.1876,1.8039],[136.2392,-13.177,1.8011],[136.2425,-13.1742,1.9385],[136.247,-13.175,0.0],[136.2472,-13.1735,0.9467],[136.2426,-13.1693,0.661],[136.2394,-13.1706,2.983],[136.2358,-13.1697,4.9027],[136.2347,-13.1609,0.0],[136.2312,-13.1551,5.3216],[136.2241,-13.1535,3.4517],[136.2161,-13.1552,1.7928],[136.2141,-13.1543,2.3673],[136.22,-13.1511,2.7145],[136.2231,-13.1463,10.1553],[136.2175,-13.142,0.5437],[136.218,-13.1383,0.0],[136.2214,-13.1359,3.1046],[136.2253,-13.1355,0.7476],[136.2299,-13.1415,0.9557],[136.236,-13.1451,1.3386],[136.2434,-13.1456,1.7522],[136.2434,-13.137,2.7834],[136.2453,-13.1342,2.9312],[136.2502,-13.1324,6.6933],[136.2505,-13.1262,0.0],[136.2526,-13.1213,0.0],[136.2592,-13.1328,1.7364],[136.2584,-13.1351,3.2441],[136.258,-13.1329,1.4533],[136.2559,-13.1339,0.0],[136.2542,-13.1403,0.0],[136.2545,-13.1515,2.5184],[136.2563,-13.1547,0.2701],[136.2624,-13.153,0.0],[136.2663,-13.1547,0.0],[136.2675,-13.1573,1.3551],[136.2738,-13.1586,0.4168],[136.2796,-13.156,1.994],[136.282,-13.1471,2.6332],[136.2887,-13.1452,2.8588],[136.2902,-13.1463,3.4092],[136.2829,-13.1479,2.6332],[136.2814,-13.1518,3.4585],[136.283,-13.1598,1.4252],[136.2802,-13.1638,0.0],[136.2831,-13.1681,0.0],[136.2899,-13.1672,0.7676],[136.2965,-13.1688,0.0],[136.3033,-13.1641,5.562],[136.3102,-13.1657,1.8031],[136.3156,-13.1596,0.5158],[136.3152,-13.1575,2.1177],[136.3106,-13.1546,7.4903],[136.3067,-13.1448,3.4337],[136.3103,-13.1379,4.0788],[136.3199,-13.1283,2.4609],[136.3212,-13.1201,0.0],[136.3184,-13.1152,0.6033],[136.3116,-13.1089,5.0628],[136.3068,-13.1073,1.7124],[136.2986,-13.1095,0.0],[136.2915,-13.1076,11.1723],[136.2967,-13.0981,0.5658],[136.3014,-13.0973,3.1657],[136.3065,-13.0935,0.0],[136.3088,-13.0715,7.0226],[136.3313,-13.0474,7.4542],[136.3334,-13.0341,11.9698],[136.3333,-13.0389,11.2145],[136.3355,-13.0449,6.7849],[136.3412,-13.046,9.04],[136.3469,-13.0516,0.0],[136.3541,-13.0515,0.0],[136.3639,-13.0563,1.5587],[136.367,-13.0598,1.0831],[136.3714,-13.0704,0.0],[136.3701,-13.0811,3.6748],[136.3627,-13.0926,0.0],[136.3632,-13.0969,0.0],[136.3696,-13.1036,0.0],[136.3687,-13.1088,1.6752],[136.3645,-13.1137,7.7923],[136.3582,-13.1168,3.0432],[136.3541,-13.1165,0.0],[136.3629,-13.1225,0.0],[136.3618,-13.1287,3.0628],[136.3605,-13.1292,0.0],[136.3659,-13.1289,6.48],[136.3682,-13.1308,3.8486],[136.3714,-13.136,0.0],[136.3716,-13.1395,0.0],[136.3709,-13.1408,4.367],[136.3598,-13.1435,1.6047],[136.356,-13.1471,0.7069],[136.3606,-13.1527,0.7086],[136.3612,-13.1563,0.0],[136.3698,-13.1666,3.5682],[136.3683,-13.1724,1.4885],[136.3702,-13.1822,0.7494],[136.3676,-13.1862,0.0],[136.3661,-13.1968,0.6192],[136.3783,-13.2045,2.76],[136.3805,-13.203,2.5173],[136.3803,-13.2057,1.8193],[136.3789,-13.2063,0.0],[136.3814,-13.2122,0.0],[136.3815,-13.2177,0.0],[136.3869,-13.222,0.0],[136.3881,-13.2271,0.0],[136.3818,-13.2407,0.0],[136.3726,-13.2499,4.5771],[136.3676,-13.2527,1.238],[136.3585,-13.2542,4.292],[136.352,-13.2507,10.8626],[136.3506,-13.246,2.7032],[136.3426,-13.2465,3.8133],[136.3305,-13.2507,4.2296],[136.3281,-13.25,0.0],[136.3275,-13.2564,0.0],[136.3323,-13.2583,0.0],[136.3362,-13.2636,0.0],[136.3385,-13.2714,0.0],[136.3381,-13.2766,0.0],[136.3353,-13.2845,1.1003],[136.3299,-13.2922,2.5058],[136.3268,-13.2942,0.9711],[136.3204,-13.2948,8.8786],[136.319,-13.2986,1.071],[136.3224,-13.3029,7.963],[136.323,-13.3085,1.077],[136.3285,-13.3092,2.7117],[136.3316,-13.3117,3.5259],[136.3333,-13.3168,8.0512],[136.3314,-13.3247,2.1546],[136.333,-13.3257,1.5194],[136.3344,-13.3239,7.1756],[136.3407,-13.3241,8.7755],[136.343,-13.3259,3.745],[136.3582,-13.3099,0.0],[136.3631,-13.2992,11.1355],[136.3657,-13.2983,0.0],[136.3698,-13.2922,9.1248],[136.3717,-13.2935,0.0],[136.3735,-13.2913,9.5051],[136.3745,-13.2853,4.8027],[136.3768,-13.2842,5.9627],[136.3834,-13.2706,4.6165],[136.3866,-13.2673,0.0],[136.3924,-13.2534,0.0],[136.3999,-13.2433,1.2402],[136.4068,-13.2384,0.0],[136.4206,-13.2327,3.666],[136.4282,-13.231,6.9762],[136.4348,-13.2319,0.275],[136.437,-13.2306,2.2847],[136.4378,-13.2264,0.0],[136.4359,-13.2223,0.0],[136.4397,-13.2174,1.3182],[136.4447,-13.2168,2.2545],[136.4465,-13.2205,0.8317],[136.4518,-13.2216,0.0],[136.4542,-13.2244,2.8545],[136.4544,-13.2308,1.5696],[136.4518,-13.2378,1.3348],[136.4501,-13.2385,2.7538],[136.4499,-13.2368,0.0],[136.4487,-13.2381,0.5433],[136.4468,-13.2485,0.0],[136.4533,-13.2509,8.6331],[136.4549,-13.2547,0.0],[136.4599,-13.2516,1.6209],[136.4615,-13.2525,0.5275],[136.466,-13.2471,6.5563],[136.4678,-13.2475,0.0],[136.4756,-13.2343,2.6012],[136.4761,-13.2253,4.5181],[136.4722,-13.2159,1.5692],[136.474,-13.2017,1.6474],[136.4792,-13.1865,0.0],[136.4839,-13.1849,0.3096],[136.4834,-13.1829,0.0],[136.4811,-13.1835,0.0],[136.4794,-13.1816,0.0],[136.4793,-13.1697,0.0],[136.4912,-13.1509,1.2762],[136.5009,-13.1418,5.7223],[136.5,-13.1407,0.5511],[136.4931,-13.1415,5.4308],[136.4905,-13.1382,9.08],[136.4904,-13.1351,8.0765],[136.4922,-13.132,7.8543],[136.4949,-13.1308,6.5874],[136.4917,-13.1354,2.8463],[136.493,-13.1405,4.3684],[136.5,-13.139099999999999,4.9188],[136.5043,-13.1412,4.1116],[136.511,-13.1393,3.4038],[136.5144,-13.1399,1.1517],[136.519,-13.1427,1.8204],[136.5185,-13.1484,8.6951],[136.5212,-13.1518,0.0],[136.5277,-13.1522,11.8664],[136.5295,-13.1555,0.0],[136.5312,-13.1544,1.049],[136.5293,-13.1457,5.9273],[136.535,-13.133,0.0],[136.5353,-13.1254,2.9909],[136.539,-13.1108,2.6248],[136.5445,-13.1016,0.0],[136.5498,-13.0865,0.0],[136.5667,-13.0588,9.2434],[136.5641,-13.057,3.3944],[136.5607,-13.0585,7.5397],[136.5555,-13.056,0.0],[136.5501,-13.0567,8.5685],[136.5492,-13.0553,0.0],[136.54,-13.0578,3.177],[136.5329,-13.0519,1.2007],[136.5302,-13.0367,11.4942],[136.533,-13.0261,1.649],[136.535,-13.0243,0.0],[136.5353,-13.019,0.0],[136.5324,-13.0223,8.069],[136.5288,-13.0226,0.0],[136.5231,-13.0186,1.8778],[136.521,-13.0191,3.854],[136.5184,-13.015,1.9028],[136.514,-13.0176,7.3669],[136.5107,-13.016,1.4835],[136.5084,-13.012,1.0972],[136.5088,-12.9995,1.5278],[136.5071,-12.9966,4.3905],[136.4963,-12.9943,0.0],[136.4917,-12.9968,1.8737],[136.4929,-12.9986,0.7052],[136.4919,-12.9998,1.6201],[136.4888,-12.9977,1.0892],[136.4841,-12.998,1.0755],[136.4799,-13.0027,1.7846],[136.4806,-13.0065,1.9711],[136.479,-13.0015,1.7846],[136.4801,-12.9986,0.0],[136.478,-12.9959,0.3066],[136.4765,-12.9972,1.4214],[136.4713,-12.9934,0.6811],[136.469,-12.9966,1.0675],[136.4635,-12.9958,0.5288],[136.4527,-12.9914,0.4465],[136.4519,-12.984,1.9728],[136.4552,-12.9782,1.6927],[136.4623,-12.9731,0.0],[136.4657,-12.9746,0.7597],[136.4694,-12.9791,0.8223],[136.4743,-12.9774,3.4082],[136.4792,-12.9846,0.9893],[136.4919,-12.9925,2.5653],[136.4974,-12.9884,0.0],[136.5013,-12.9819,6.5073],[136.5054,-12.9832,0.0],[136.5158,-12.9772,2.0344],[136.5199,-12.9768,0.0],[136.5227,-12.9784,13.9183],[136.5245,-12.9864,0.342],[136.5296,-12.9867,0.0],[136.5298,-12.9903,0.0],[136.5318,-12.9919,3.1461],[136.5329,-12.9902,0.0],[136.5329,-12.9865,0.5569],[136.531,-12.9841,0.0],[136.5319,-12.9822,0.7111],[136.5365,-12.9795,3.5754],[136.5398,-12.9807,0.3338],[136.5404,-12.9792,6.7474],[136.5424,-12.9792,6.0324],[136.5415,-12.9763,2.7473],[136.5377,-12.9738,4.6106],[136.5395,-12.9704,0.7788],[136.5435,-12.972,0.0],[136.5452,-12.9691,3.5487],[136.5493,-12.968,0.0],[136.5529,-12.9648,0.0],[136.5587,-12.965,0.0],[136.5589,-12.9703,0.0],[136.5644,-12.9814,0.3902],[136.5615,-12.9843,1.5892],[136.5546,-12.9828,0.0],[136.5511,-12.9868,4.3984],[136.5572,-12.9874,4.1952],[136.5606,-12.9906,0.4021],[136.5649,-12.992,0.0],[136.5668,-12.9946,0.2361],[136.5656,-12.998,0.0],[136.5691,-12.9978,1.5005],[136.5668,-13.0038,0.7368],[136.5632,-13.0066,3.4556],[136.5642,-13.0104,0.0],[136.5625,-13.0181,0.0],[136.5641,-13.0188,0.7288],[136.566,-13.0157,7.0357],[136.5725,-13.0139,1.6668],[136.579,-13.0187,0.4274],[136.5845,-13.0184,0.0],[136.5834,-13.0133,20.6197],[136.5858,-13.012,0.9558],[136.5859,-13.0104,0.0],[136.5795,-13.008,19.3825],[136.5788,-13.0046,1.8433],[136.5801,-13.0013,0.4232],[136.5902,-12.9931,0.0],[136.5923,-12.9935,0.0],[136.5932,-12.9917,0.0],[136.5981,-12.9899,0.0],[136.5966,-12.9816,0.0],[136.6009,-12.9751,0.0],[136.6104,-12.9726,2.1267],[136.613,-12.9685,0.0],[136.6176,-12.9676,1.628],[136.6236,-12.9697,0.0],[136.6275,-12.9746,5.7595],[136.6265,-12.9816,0.0],[136.6302,-12.9911,2.1219],[136.6275,-12.9947,3.5708],[136.6319,-12.9968,1.0427],[136.6352,-13.0016,2.4538],[136.6323,-13.0079,0.0],[136.6334,-13.0125,1.642],[136.6292,-13.0174,1.2299],[136.6396,-13.0157,4.0172],[136.6417,-13.0173,0.2535],[136.6466,-13.0135,0.0],[136.65,-13.0157,4.3397],[136.6545,-13.0158,1.0146],[136.6617,-13.0069,14.1543],[136.668,-13.0043,0.1506],[136.6652,-13.0034,11.4233],[136.6646,-13.0001,0.0],[136.6621,-13.0005,3.2232],[136.6592,-12.9986,10.4854],[136.655,-12.9933,2.8894],[136.6505,-12.9945,0.0],[136.6449,-12.9905,11.0244],[136.6402,-12.9802,3.0335],[136.6403,-12.9734,0.0],[136.6375,-12.9652,0.0],[136.6392,-12.9585,2.67],[136.6362,-12.957,5.9049],[136.636,-12.9552,5.4604],[136.638,-12.9535,0.0],[136.6381,-12.9507,0.0],[136.6345,-12.9526,0.0],[136.6254,-12.9529,0.0],[136.617,-12.9453,0.7392],[136.6114,-12.9376,0.4941],[136.6079,-12.9365,3.0427],[136.6044,-12.938,7.6304],[136.5982,-12.9301,0.4063],[136.5962,-12.9319,13.767],[136.5926,-12.9316,24.4572],[136.5892,-12.9262,0.3671],[136.5866,-12.9277,0.0],[136.5817,-12.9246,15.1814],[136.5752,-12.9246,9.4624],[136.5724,-12.9201,5.5509],[136.5666,-12.9193,1.5543],[136.5591,-12.9142,0.0],[136.5575,-12.9149,5.6769],[136.5591,-12.9188,3.984],[136.5552,-12.9201,3.5089],[136.5502,-12.9194,1.4879],[136.5462,-12.9163,4.7038],[136.5434,-12.9096,2.0758],[136.5428,-12.8963,0.0],[136.5499,-12.8823,0.0],[136.5544,-12.8805,0.0],[136.5525,-12.8742,2.3168],[136.548,-12.8737,0.0],[136.5486,-12.8768,0.0],[136.5466,-12.8786,1.1942],[136.5388,-12.8816,5.1395],[136.5337,-12.8804,1.325],[136.5264,-12.8742,0.0],[136.5183,-12.8755,1.4578],[136.5143,-12.8704,0.0],[136.5092,-12.8671,13.3429],[136.5086,-12.8569,0.0],[136.5059,-12.8518,0.0],[136.5004,-12.8499,0.0],[136.4994,-12.8513,5.0623],[136.4944,-12.847,0.0],[136.4932,-12.8474,0.0],[136.4967,-12.8501,1.5776],[136.4853,-12.8453,0.5943],[136.4841,-12.8478,3.8674],[136.4834,-12.8447,3.0501],[136.4786,-12.8416,7.0998],[136.4816,-12.8425,0.0],[136.4771,-12.8304,0.692],[136.4783,-12.8222,2.873],[136.4804,-12.8165,0.0],[136.4835,-12.8139,4.0046],[136.4886,-12.815,0.6302],[136.4893,-12.8124,0.0],[136.487,-12.8087,12.7198],[136.488,-12.8016,0.0],[136.4856,-12.7993,0.0],[136.4753,-12.7989,3.7159],[136.4714,-12.7945,0.0],[136.468,-12.7935,10.8679],[136.468,-12.7872,12.4701],[136.4637,-12.772,2.2235],[136.4672,-12.7763,3.2712],[136.4679,-12.7802,0.9092],[136.4715,-12.773,0.0],[136.4834,-12.768,1.9355],[136.4885,-12.774,6.1587],[136.492,-12.7758,13.0835],[136.4938,-12.7826,6.5803],[136.4998,-12.7825,5.6615],[136.5055,-12.7897,0.0],[136.5093,-12.7915,1.4093],[136.5114,-12.8019,0.0],[136.5177,-12.8071,0.6231],[136.5301,-12.8047,1.6848],[136.5379,-12.8075,2.4999],[136.5428,-12.8068,0.0],[136.5378,-12.8058,1.5229],[136.5312,-12.8019,0.0],[136.531,-12.798,0.0],[136.5349,-12.7922,1.1073],[136.5325,-12.7867,0.0],[136.5331,-12.7828,0.0],[136.5262,-12.7753,0.0],[136.5294,-12.7661,2.1643],[136.5255,-12.7583,1.2759],[136.5318,-12.75,1.3381],[136.5309,-12.7467,0.0],[136.5321,-12.7454,0.6589],[136.5458,-12.74,0.0],[136.5498,-12.7404,3.1293],[136.5522,-12.7444,2.1282],[136.5534,-12.7511,6.8103],[136.5629,-12.7544,2.3266],[136.5675,-12.7638,4.0125],[136.5766,-12.7686,0.0],[136.5792,-12.7666,0.3031],[136.582,-12.7671,0.7323],[136.5849,-12.7698,1.5447],[136.5848,-12.774,3.9543],[136.5901,-12.7795,2.7327],[136.5944,-12.7803,4.8528],[136.5945,-12.7828,2.9776],[136.6021,-12.7862,2.7313],[136.6055,-12.7901,1.4604],[136.5958,-12.7888,4.0505],[136.5914,-12.7842,0.0],[136.5861,-12.7828,0.0],[136.5838,-12.779,0.0],[136.5849,-12.7853,1.1673],[136.581,-12.7895,0.0],[136.5827,-12.7932,0.0],[136.5806,-12.804,0.0],[136.583,-12.8066,0.0],[136.5832,-12.8132,0.0],[136.5873,-12.8216,0.0],[136.5896,-12.8235,0.0],[136.5926,-12.8234,0.5597],[136.5954,-12.8264,0.0],[136.6027,-12.826,11.5047],[136.6114,-12.8315,1.1078],[136.6184,-12.8397,0.0],[136.6218,-12.8395,0.0],[136.6112,-12.8261,0.0],[136.6084,-12.8149,7.5164],[136.6158,-12.789,2.025],[136.6248,-12.774,3.6311],[136.6198,-12.7673,0.0],[136.6211,-12.7595,0.0],[136.6198,-12.7567,1.148],[136.6152,-12.7534,2.9981],[136.6058,-12.751,1.4255],[136.6028,-12.7467,0.0],[136.601,-12.7403,5.6698],[136.6048,-12.7262,0.0],[136.6113,-12.7149,0.0],[136.6194,-12.7071,0.0],[136.6313,-12.7002,0.0],[136.6255,-12.6962,1.6977],[136.6216,-12.6905,2.8247],[136.6174,-12.6898,1.9254],[136.6228,-12.69,2.8247],[136.6335,-12.6996,0.0],[136.6482,-12.7029,3.4805],[136.6528,-12.7114,0.0],[136.6623,-12.7119,0.0],[136.6688,-12.7064,0.0],[136.6753,-12.7044,4.2839],[136.6818,-12.706,1.2386],[136.681,-12.7105,3.7033],[136.6856,-12.7128,0.5762],[136.6939,-12.7111,5.2932],[136.6949,-12.705,0.0],[136.6991,-12.7041,0.0],[136.6944,-12.6979,10.3548],[136.6896,-12.6961,0.0],[136.6877,-12.6923,11.2209],[136.6841,-12.6915,34.215],[136.681,-12.6876,0.0],[136.6799,-12.6784,14.1954],[136.6823,-12.6727,0.1327],[136.6787,-12.6691,1.3909],[136.6824,-12.6536,1.606],[136.6879,-12.6431,0.3834],[136.6906,-12.6323,3.4632],[136.704,-12.6097,0.0],[136.7187,-12.5934,0.0],[136.7354,-12.5792,4.4431],[136.743,-12.5753,0.8707],[136.7521,-12.5738,2.3759],[136.7564,-12.5783,0.0],[136.7619,-12.5774,5.2708],[136.7622,-12.5727,16.6721],[136.7597,-12.5696,2.6698],[136.7555,-12.5678,0.6348],[136.7536,-12.5645,1.8503],[136.7544,-12.5562,0.8565],[136.7518,-12.5567,6.9523],[136.7474,-12.5516,2.0405],[136.7415,-12.5551,0.0],[136.744,-12.5597,3.3026],[136.739,-12.5687,6.3045],[136.7349,-12.5709,4.9446],[136.7289,-12.5698,9.2713],[136.7237,-12.5628,0.0],[136.7204,-12.5695,6.7473],[136.7158,-12.5719,10.1554],[136.7019,-12.568,3.433],[136.6971,-12.5692,3.4829],[136.6959,-12.5755,0.5],[136.6979,-12.5802,14.3485],[136.6961,-12.5867,0.8065],[136.6916,-12.5906,1.6096],[136.683,-12.5908,1.1965],[136.6815,-12.593,2.2003],[136.6829,-12.5966,12.0006],[136.6817,-12.5986,9.2379],[136.6796,-12.5935,2.9319],[136.6768,-12.5936,2.1402],[136.6799,-12.5986,2.2524],[136.679,-12.5998,1.6498],[136.6804,-12.6036,5.7715],[136.6759,-12.5968,1.9405],[136.6693,-12.5906,1.8746],[136.6695,-12.5844,2.123],[136.6758,-12.5812,0.9027],[136.6791,-12.5819,2.1337],[136.6865,-12.5881,0.5],[136.6916,-12.5876,2.2178],[136.6933,-12.5855,0.5],[136.6926,-12.5708,1.2785],[136.6938,-12.5674,2.9912],[136.7005,-12.563,0.0],[136.7143,-12.5663,0.0],[136.7161,-12.5624,0.0],[136.7145,-12.5611,5.1356],[136.7195,-12.5567,6.2453],[136.7153,-12.5572,4.1292],[136.7201,-12.5538,0.7669],[136.7289,-12.5539,0.5336],[136.7298,-12.5569,0.0],[136.7283,-12.5611,1.518],[136.731,-12.5629,4.6928],[136.7379,-12.5544,3.2405],[136.7445,-12.5359,0.0],[136.7484,-12.5339,0.0],[136.7464,-12.5309,0.8037],[136.7433,-12.5335,4.954],[136.7405,-12.5331,7.8488],[136.7388,-12.5353,4.4594],[136.7334,-12.5361,2.1121],[136.7321,-12.5314,0.0],[136.7269,-12.529,0.7649],[136.7275,-12.5246,1.7578],[136.7299,-12.5227,1.3436],[136.7321,-12.5225,2.7468],[136.7347,-12.5254,1.0633],[136.7377,-12.5251,0.0],[136.7393,-12.5205,6.8675],[136.7422,-12.5179,0.0],[136.7392,-12.5161,2.0002],[136.7376,-12.5095,0.0],[136.7347,-12.5098,3.5936],[136.7339,-12.5062,2.2886],[136.7268,-12.5037,5.1774],[136.7253,-12.4973,1.1447],[136.7218,-12.494,0.8453],[136.7218,-12.4913,1.9515],[136.7273,-12.484,3.0365],[136.725,-12.4827,2.8654],[136.7295,-12.4783,4.0814],[136.7282,-12.474,3.7526],[136.7237,-12.4705,3.5453],[136.7227,-12.4671,3.0042],[136.7192,-12.4686,1.6236],[136.7238,-12.464,5.1],[136.7235,-12.4604,2.4223],[136.7209,-12.4582,7.2228],[136.7247,-12.4607,4.9288],[136.7245,-12.4696,3.5453],[136.7258,-12.4708,3.6683],[136.7271,-12.4694,3.3987],[136.7321,-12.4755,2.0308],[136.7346,-12.476,1.8946],[136.7333,-12.4777,3.1284],[136.7354,-12.4786,0.6984],[136.7424,-12.4759,0.2917],[136.7458,-12.4709,2.0343],[136.7482,-12.4726,1.9473],[136.7591,-12.4674,0.6818],[136.761,-12.4633,0.0],[136.7779,-12.4505,2.5086],[136.7759,-12.4473,3.2968],[136.7787,-12.4489,3.9015],[136.7887,-12.4492,4.1658],[136.7919,-12.4514,0.0],[136.7944,-12.4498,0.5529],[136.7935,-12.4528,0.0],[136.7959,-12.4601,8.8054],[136.7929,-12.4668,0.0],[136.7961,-12.4772,3.3853],[136.7958,-12.4922,3.2964],[136.79,-12.4973,1.9148],[136.776,-12.4961,0.0],[136.7769,-12.5025,0.0],[136.7745,-12.5096,0.0],[136.7686,-12.5188,0.0],[136.7607,-12.5257,1.1632],[136.7605,-12.5299,0.0],[136.7633,-12.5336,3.6021],[136.7629,-12.5387,4.0161],[136.7683,-12.5426,0.0],[136.7685,-12.5524,0.0],[136.7708,-12.5554,0.0],[136.7727,-12.5555,2.4606],[136.7719,-12.5384,6.024],[136.779,-12.5253,0.8122],[136.7896,-12.5146,0.0],[136.7948,-12.5129,0.0],[136.8005,-12.5074,6.4701],[136.8051,-12.5063,0.0],[136.8083,-12.4978,11.1594],[136.8442,-12.4525,12.9648],[136.8633,-12.4313,23.2612],[136.8758,-12.4214,1.4351],[136.8899,-12.4137,4.5655],[136.8915,-12.4045,2.8667],[136.8997,-12.3924,1.3538],[136.9036,-12.389099999999999,1.6025],[136.9057,-12.3885,0.0],[136.9075,-12.3901,2.0308],[136.9136,-12.3831,0.0],[136.9159,-12.3835,0.0],[136.9174,-12.3814,0.0],[136.9221,-12.3797,0.0],[136.9263,-12.3799,0.0],[136.9371,-12.3726,3.26],[136.9455,-12.3698,0.0],[136.9482,-12.3703,1.208],[136.9526,-12.3744,7.7917],[136.9627,-12.3746,0.0],[136.961,-12.369,0.0],[136.9618,-12.3638,1.3745],[136.9653,-12.3589,1.0862],[136.9707,-12.3581,0.0],[136.972,-12.3528,9.892],[136.9789,-12.3454,0.0079],[136.9782,-12.3432,6.1132],[136.9653,-12.3408,1.5356],[136.964,-12.3415,4.7101],[136.9657,-12.3475,0.0],[136.9642,-12.3503,1.8465],[136.9581,-12.3528,0.0],[136.9544,-12.3573,20.6899],[136.9462,-12.3565,12.6054],[136.9443,-12.3579,7.627],[136.9357,-12.3553,0.0],[136.9285,-12.3495,1.2487],[136.9256,-12.3489,0.0],[136.922,-12.3435,0.9311],[136.9206,-12.3439,0.4127],[136.9199,-12.3488,3.3951],[136.9149,-12.3515,0.0],[136.9105,-12.3677,2.0422],[136.9049,-12.3686,4.1536],[136.8951,-12.3666,5.4385],[136.8824,-12.3679,0.0],[136.8781,-12.3708,3.1865],[136.8728,-12.3807,2.1496],[136.8763,-12.3689,0.6093],[136.8792,-12.3663,1.3503],[136.8985,-12.3626,2.4256],[136.909,-12.3539,0.0],[136.9179,-12.3422,0.6778],[136.9258,-12.342,1.1041],[136.9299,-12.3364,1.3686],[136.9296,-12.3338,2.0338],[136.9339,-12.3339,3.3684],[136.9353,-12.3247,21.6944],[136.9392,-12.3241,1.2995],[136.9317,-12.3138,2.8126],[136.9318,-12.3057,0.9407],[136.9289,-12.3034,7.2313],[136.9306,-12.3007,5.4359],[136.9268,-12.2954,8.7926],[136.9264,-12.291,2.9171],[136.9288,-12.2876,4.4688],[136.9281,-12.2827,0.8142],[136.9239,-12.2783,18.0327],[136.9149,-12.2757,0.0],[136.9117,-12.2833,13.3162],[136.9089,-12.2842,1.0438],[136.9024,-12.2808,1.396],[136.9,-12.2772,1.1746],[136.9009,-12.2645,0.1065],[136.9026,-12.2606,9.065],[136.9009,-12.2555,0.0],[136.9026,-12.2521,0.0],[136.9019,-12.2478,0.5759],[136.9051,-12.246,0.0],[136.8957,-12.2459,0.0],[136.8912,-12.2477,0.0],[136.8845,-12.2437,0.0],[136.8819,-12.2398,5.0153],[136.8802,-12.2297,0.0],[136.8755,-12.2273,1.2462],[136.8732,-12.2197,13.0417],[136.8593,-12.2143,2.6352],[136.8577,-12.2124,0.0],[136.8467,-12.2102,2.7348],[136.8417,-12.2142,1.608],[136.8337,-12.2124,8.7739],[136.8289,-12.2095,0.0],[136.8224,-12.2126,1.8505],[136.8182,-12.2116,2.0037],[136.8031,-12.1962,12.5228],[136.7971,-12.1868,0.0],[136.7907,-12.1851,3.0119],[136.7888,-12.1807,1.7878],[136.7867,-12.1642,0.0],[136.7824,-12.1591,2.569],[136.7637,-12.1653,3.482],[136.7541,-12.1641,0.0],[136.7545,-12.1672,3.9364],[136.7491,-12.1704,3.674],[136.7519,-12.1645,0.0],[136.7418,-12.1711,0.0],[136.7271,-12.1724,1.0714],[136.7254,-12.1738,0.5344],[136.7279,-12.1754,0.8359],[136.7286,-12.1782,2.7052],[136.726,-12.1814,4.5653],[136.7113,-12.1868,2.6908],[136.7011,-12.1867,3.5348],[136.6849,-12.1831,6.6414],[136.6814,-12.1863,4.9934],[136.6821,-12.1904,5.645],[136.6787,-12.1969,3.2841],[136.6771,-12.2056,0.0],[136.6832,-12.1959,0.0],[136.6904,-12.1937,0.0],[136.6925,-12.1962,0.8877],[136.6942,-12.1912,3.8696],[136.6987,-12.1903,0.0],[136.7074,-12.1945,4.3562],[136.7096,-12.1997,0.0],[136.7113,-12.1979,2.8303],[136.7145,-12.1988,1.0778],[136.7166,-12.2008,2.931],[136.7174,-12.2062,1.645],[136.7224,-12.2125,0.875],[136.7291,-12.2114,3.2578],[136.7315,-12.2201,1.0356],[136.7232,-12.2298,0.0],[136.7281,-12.23,0.0],[136.7333,-12.2233,0.0],[136.7346,-12.2186,0.0],[136.7522,-12.2141,1.5285],[136.7484,-12.2172,1.833],[136.7489,-12.2203,2.08],[136.747,-12.2246,2.1158],[136.7512,-12.233,0.7506],[136.7661,-12.2351,1.5167],[136.7614,-12.2376,1.4262],[136.7647,-12.2415,2.5808],[136.7636,-12.2451,4.2281],[136.7542,-12.2497,1.1645],[136.7492,-12.2592,0.9857],[136.7482,-12.2665,1.5064],[136.7423,-12.2718,4.7678],[136.7263,-12.2761,0.8376],[136.7231,-12.2729,5.1499],[136.7209,-12.2669,1.1547],[136.7175,-12.2706,4.4524],[136.7188,-12.2739,3.3852],[136.7143,-12.2796,0.0],[136.715,-12.2822,0.0],[136.7109,-12.2869,2.7343],[136.7057,-12.2885,2.4167],[136.6986,-12.2857,1.0099],[136.6962,-12.28,4.4515],[136.6913,-12.276,1.2554],[136.6816,-12.2812,2.2965],[136.6694,-12.2777,0.0],[136.6677,-12.2818,0.5],[136.6703,-12.2858,5.8905],[136.6772,-12.2869,3.1232],[136.6748,-12.2882,8.9641],[136.6716,-12.2879,2.3],[136.6645,-12.2838,5.5251],[136.6602,-12.2741,0.0],[136.6568,-12.2731,3.8513],[136.6545,-12.275,7.6954],[136.6475,-12.2697,6.3359],[136.6459,-12.2626,0.0],[136.6474,-12.2523,2.1444],[136.6458,-12.246,0.0],[136.6464,-12.2355,0.573],[136.6408,-12.2316,5.7105],[136.6367,-12.2319,5.7894],[136.6376,-12.2306,0.0],[136.6245,-12.2242,2.7202],[136.5993,-12.2023,3.2805],[136.6007,-12.1985,5.2215],[136.5966,-12.1848,2.9804],[136.5857,-12.1683,10.0145],[136.5777,-12.1461,0.0],[136.5812,-12.141,7.4925],[136.5811,-12.1311,3.0895],[136.5858,-12.1284,0.0],[136.587,-12.1256,1.3736],[136.5812,-12.1078,3.9904],[136.5845,-12.1056,0.0],[136.5874,-12.0959,4.261],[136.5903,-12.0951,0.0],[136.5872,-12.0845,2.4473],[136.5818,-12.0875,5.0633],[136.5807,-12.0911,3.699],[136.5792,-12.0867,5.0201],[136.5712,-12.0868,6.7043],[136.567,-12.0842,2.9911],[136.5644,-12.0857,1.3325],[136.5575,-12.0762,4.8475],[136.5553,-12.0752,5.7686],[136.5579,-12.0755,4.8475],[136.5639,-12.0839,3.721],[136.5657,-12.0831,2.9911],[136.5553,-12.0648,2.462],[136.5478,-12.0398,12.8917],[136.5431,-12.036,1.0581],[136.5435,-12.034,0.0],[136.5358,-12.0139,2.7344],[136.5311,-11.9914,0.0],[136.5283,-11.9917,0.0],[136.5219,-11.9873,0.0],[136.5123,-11.988,0.8454],[136.5031,-11.9979,0.0],[136.5059,-12.0008,8.0663],[136.506,-12.0034,8.0472],[136.496,-12.0095,4.2835],[136.4968,-12.0149,2.9381],[136.499,-12.0134,3.4937],[136.5017,-12.0162,2.1834],[136.4998,-12.0186,7.1673],[136.4972,-12.017,3.4579],[136.4951,-12.0195,5.8486],[136.4975,-12.0202,3.6623],[136.4988,-12.0241,3.9951],[136.4958,-12.0227,5.8101],[136.4941,-12.0239,6.1304],[136.498,-12.0269,2.5751],[136.4983,-12.029,4.5815],[136.4969,-12.0303,5.8298],[136.4961,-12.0281,6.6286],[136.4954,-12.0326,3.5278],[136.4945,-12.0289,4.218],[136.4921,-12.0273,4.1763],[136.4936,-12.036,2.9278],[136.491,-12.0339,4.2661],[136.489,-12.0401,5.2714],[136.4882,-12.0347,3.5313],[136.4905,-12.0308,5.3245],[136.487,-12.0317,1.8447],[136.4869,-12.035,2.9608],[136.4843,-12.0358,2.0567],[136.4866,-12.0457,3.9141],[136.4843,-12.0465,2.8846],[136.4845,-12.0517,3.3176],[136.4867,-12.052,2.6332],[136.4893,-12.0563,1.7945],[136.4819,-12.0522,2.456],[136.4783,-12.0533,4.4474],[136.4731,-12.0513,2.7163],[136.4648,-12.0509,5.6577],[136.4674,-12.0493,7.9979],[136.4719,-12.0494,7.9158],[136.4794,-12.052,2.3686],[136.4816,-12.0501,2.7116],[136.4831,-12.0481,3.2462],[136.4823,-12.046,5.072],[136.4841,-12.0383,2.9154],[136.483,-12.0355,2.0567],[136.4846,-12.0316,1.0609],[136.4835,-12.0326,1.0609],[136.4834,-12.0314,1.0609],[136.4875,-12.0281,0.5],[136.4888,-12.024,4.0961],[136.4864,-12.0214,5.2968],[136.4775,-12.0182,12.8463],[136.474,-12.0124,2.378],[136.4732,-12.0074,0.0],[136.4704,-12.0047,15.7288],[136.4698,-11.9997,6.8053],[136.466,-12.0018,3.4368],[136.4671,-12.0035,7.0712],[136.4641,-12.0052,8.0243],[136.4558,-12.0057,3.5045],[136.4538,-12.0037,3.7295],[136.4558,-12.0026,3.2032],[136.4573,-12.0041,2.7275],[136.4571,-11.9999,3.0124],[136.4524,-11.9998,7.5487],[136.4507,-12.0025,4.8565],[136.4458,-11.9989,1.0373],[136.4464,-11.9954,4.7964],[136.448,-11.9986,3.5318],[136.4508,-12.0006,4.3311],[136.452,-11.9996,4.3311],[136.4489,-11.9875,6.0546],[136.4505,-11.9832,3.0835],[136.4561,-11.9789,9.7991],[136.4636,-11.982,3.7217],[136.4646,-11.9857,2.7583],[136.4634,-11.9882,0.0],[136.4674,-11.996,1.3353],[136.4703,-11.9976,0.0],[136.4728,-11.9966,0.0],[136.4686,-11.9818,0.4421],[136.4702,-11.9767,4.8244],[136.469,-11.9737,2.2851],[136.4698,-11.9643,7.9492],[136.4721,-11.9603,20.6916],[136.4919,-11.9592,18.9346],[136.507,-11.9555,9.0306],[136.5112,-11.9519,28.8525],[136.5342,-11.9473,41.5827],[136.5394,-11.9432,39.4331],[136.5445,-11.9429,54.3369],[136.5517,-11.9396,3.446],[136.555,-11.9371,13.0868],[136.5581,-11.9318,3.3501],[136.5666,-11.927,27.5687],[136.5693,-11.9228,36.3919],[136.5804,-11.9155,23.8798],[136.582,-11.9121,25.8097],[136.5818,-11.9029,0.0],[136.5688,-11.894,2.9837],[136.5686,-11.884,2.8255],[136.563,-11.8766,6.3891],[136.5591,-11.8792,5.3824],[136.5604,-11.882,4.4117],[136.558,-11.8833,1.203],[136.5576,-11.8863,4.6011],[136.5612,-11.8888,13.1525],[136.56,-11.8898,1.1437],[136.5621,-11.8932,0.9916],[136.5723,-11.8991,16.2374],[136.5738,-11.9021,0.9149],[136.5696,-11.9105,0.0],[136.5657,-11.9122,0.0],[136.5614,-11.9175,0.0],[136.5576,-11.9185,1.6549],[136.5542,-11.9218,0.3968],[136.5482,-11.9233,2.166],[136.5453,-11.9215,1.8419],[136.5445,-11.917,0.1395],[136.5333,-11.9186,0.0],[136.5312,-11.9146,0.0],[136.5285,-11.9218,2.7561],[136.5253,-11.9235,1.1886],[136.5238,-11.927,0.5989],[136.5248,-11.931,5.5038],[136.5275,-11.9323,3.5567],[136.5233,-11.9392,0.0],[136.5167,-11.9418,1.2389],[136.5139,-11.9386,0.0],[136.5139,-11.936,0.0],[136.5106,-11.9388,0.1114],[136.5112,-11.9418,0.0],[136.5082,-11.9464,1.1796],[136.4924,-11.9526,0.0],[136.4856,-11.9527,0.9344],[136.4844,-11.9513,4.3271],[136.475,-11.9498,4.3008],[136.4683,-11.952,5.6525],[136.4604,-11.9469,0.0],[136.4595,-11.9424,0.5494],[136.4517,-11.9397,4.5101],[136.444,-11.9415,5.0122],[136.4408,-11.9445,0.3227],[136.4474,-11.9466,0.0],[136.4457,-11.9541,0.0],[136.4394,-11.9619,0.0429],[136.4352,-11.9632,0.0],[136.4359,-11.9672,2.9612],[136.4308,-11.9711,2.3749],[136.4261,-11.9584,1.0652],[136.4148,-11.9587,0.0],[136.4068,-11.9726,0.4497],[136.3964,-11.9762,0.0],[136.3994,-11.9774,3.0953],[136.3978,-11.9821,0.3694],[136.394,-11.9837,0.0],[136.391,-11.9899,5.3563],[136.3824,-11.9974,2.7545],[136.3857,-12.0019,2.2727],[136.3816,-12.0048,0.0],[136.384,-12.0052,0.7915],[136.3849,-12.0097,0.0],[136.3887,-12.0092,4.151],[136.3897,-12.0113,5.4104],[136.3822,-12.0116,8.0837],[136.3788,-12.0196,7.8313],[136.3697,-12.0108,1.8701],[136.3675,-12.0114,10.513],[136.3659,-12.0138,12.3151],[136.3707,-12.0177,7.9264],[136.3699,-12.0277,3.1543],[136.3644,-12.0273,1.4704],[136.3595,-12.0214,0.0],[136.3574,-12.0211,0.0],[136.3563,-12.023,7.647],[136.3585,-12.0259,14.1796],[136.3551,-12.031,0.0],[136.344,-12.0328,0.4692],[136.3481,-12.035,6.8619],[136.3488,-12.0439,2.3056],[136.3418,-12.0474,2.1435],[136.3419,-12.0543,4.3987],[136.3394,-12.0592,8.7384],[136.3318,-12.0591,4.2853],[136.331,-12.0526,0.0],[136.3282,-12.0537,8.2188],[136.3251,-12.0495,2.9794],[136.3261,-12.0455,1.3605],[136.3225,-12.0509,8.5911],[136.3118,-12.0526,0.0],[136.3074,-12.0567,3.1753999999999998],[136.3017,-12.0538,4.1682],[136.3048,-12.0533,5.2283],[136.3069,-12.0551,2.3881],[136.3063,-12.0511,0.0],[136.303,-12.0485,3.2033],[136.2935,-12.0518,0.0],[136.2894,-12.0578,6.5246],[136.2906,-12.0619,6.8661],[136.2888,-12.0599,7.6387],[136.2884,-12.056,0.1962],[136.2766,-12.0597,0.5032],[136.2671,-12.065,1.08],[136.265,-12.0674,2.8848],[136.2673,-12.0694,3.3417],[136.2669,-12.0726,2.5674],[136.2593,-12.0814,6.679],[136.251,-12.096,2.8093],[136.2473,-12.0993,0.0],[136.2469,-12.1105,2.671],[136.2424,-12.1146,4.8577],[136.2368,-12.1152,2.2585],[136.2317,-12.1184,0.0],[136.2288,-12.1283,1.8483],[136.2304,-12.1317,2.4972],[136.2243,-12.1325,3.011],[136.2177,-12.1295,0.0],[136.2126,-12.1308,0.0],[136.2111,-12.1365,0.0],[136.2169,-12.1429,2.7999],[136.2172,-12.1524,1.269],[136.2154,-12.1533,8.8299],[136.211,-12.1507,0.606],[136.2077,-12.1516,3.1077],[136.2046,-12.1557,1.1094],[136.2009,-12.155,1.5272],[136.1973,-12.1621,2.2054],[136.1952,-12.1631,5.7098],[136.1897,-12.1605,0.468],[136.1836,-12.1607,0.0],[136.1768,-12.158,3.5744],[136.1729,-12.1583,3.1719],[136.1674,-12.163,2.6699],[136.168,-12.1651,1.9409],[136.1732,-12.1658,12.2508],[136.176,-12.1688,0.0],[136.1752,-12.1735,4.599],[136.1689,-12.1782,1.3237],[136.17,-12.1805,1.8255],[136.1683,-12.1837,1.9626],[136.1721,-12.1869,0.0],[136.1717,-12.1881,3.5056],[136.169,-12.188,1.1265],[136.1696,-12.1907,0.2852],[136.1722,-12.1921,0.0],[136.1803,-12.1921,2.0249],[136.1906,-12.1955,24.4059],[136.1992,-12.1923,3.5086],[136.2082,-12.1848,1.1551],[136.2117,-12.1839,5.1392],[136.2224,-12.1865,2.4202],[136.225,-12.1824,5.4689],[136.2287,-12.1847,3.552],[136.2321,-12.1827,7.0105],[136.2289,-12.1867,6.4393],[136.2253,-12.1838,9.9966],[136.2234,-12.1875,2.4202],[136.2189,-12.1873,0.0],[136.2277,-12.2008,0.6798],[136.2283,-12.2132,0.5645],[136.2398,-12.2125,9.6047],[136.2414,-12.2139,0.0],[136.2719,-12.2077,3.528],[136.2783,-12.2091,2.1335],[136.2882,-12.2054,3.7543],[136.3031,-12.2063,0.0],[136.3096,-12.2085,0.0],[136.3112,-12.2072,5.039],[136.3119,-12.2104,-0.0036],[136.3154,-12.2107,7.9516],[136.3201,-12.2076,11.1231],[136.3215,-12.2043,3.0802],[136.3256,-12.2025,1.7556],[136.3333,-12.2024,3.9437],[136.337,-12.1957,4.0858],[136.3344,-12.203,0.0],[136.3412,-12.205,3.932],[136.3458,-12.2002,3.9416],[136.3421,-12.206,3.932],[136.3497,-12.2121,6.0614],[136.3531,-12.2114,7.4894],[136.3513,-12.2141,9.0126],[136.3591,-12.2304,4.914],[136.3607,-12.2427,1.517],[136.3634,-12.2497,0.0],[136.3628,-12.2575,2.357],[136.3535,-12.2576,0.0],[136.3466,-12.2596,1.5303],[136.3435,-12.2621,0.0],[136.3429,-12.2652,0.0],[136.3458,-12.2696,0.0],[136.3509,-12.271,2.5725],[136.3542,-12.2762,0.0],[136.3589,-12.2745,8.6724],[136.3658,-12.2747,8.0579],[136.3686,-12.2762,8.8822],[136.3685,-12.2785,7.1187],[136.3667,-12.2807,7.2236],[136.3672,-12.2768,8.7678],[136.3633,-12.2753,7.3318],[136.3539,-12.2772,1.1829],[136.3523,-12.2852,0.0],[136.347,-12.2918,0.0],[136.3462,-12.2968,3.9289],[136.342,-12.3013,3.3467],[136.3379,-12.3036,5.3319],[136.3317,-12.3012,0.0],[136.3255,-12.3069,5.2203],[136.3257,-12.3105,4.0071],[136.3338,-12.3156,7.2838],[136.3346,-12.3199,1.5569],[136.3331,-12.326599999999999,4.0887],[136.3259,-12.3429,0.0],[136.3146,-12.3546,8.9066],[136.3109,-12.3612,0.0],[136.3045,-12.3655,8.0611],[136.304,-12.3675,14.8363],[136.3054,-12.3735,5.8823],[136.3038,-12.3763,0.0],[136.3142,-12.3819,5.7863],[136.3113,-12.3836,0.0],[136.3106,-12.3884,3.2681],[136.3048,-12.3991,6.6991],[136.2808,-12.4237,2.5506],[136.2617,-12.4376,2.9667],[136.2633,-12.4414,6.9569],[136.2602,-12.4385,3.09],[136.2528,-12.4434,7.5925],[136.2523,-12.4452,2.7099],[136.2597,-12.4564,8.2069],[136.2494,-12.4454,0.6077],[136.2337,-12.4566,0.0],[136.2321,-12.4625,5.8159],[136.233,-12.465,8.4933],[136.2317,-12.4657,0.0],[136.2251,-12.4657,2.1136],[136.2233,-12.462,2.7334],[136.2193,-12.4613,3.4781],[136.2125,-12.4627,0.186],[136.2088,-12.4654,4.0493],[136.1964,-12.4678,2.1844],[136.1882,-12.4646,2.9926],[136.1854,-12.4662,0.1833],[136.1821,-12.4648,3.2963],[136.1756,-12.467,2.4573],[136.1708,-12.4658,2.2086],[136.1691,-12.4616,1.4316],[136.159,-12.4633,5.9792],[136.1576,-12.4652,5.2283],[136.1584,-12.4705,7.0731],[136.1565,-12.466,5.2283],[136.1601,-12.4613,4.238],[136.1611,-12.453,2.7975],[136.1596,-12.4444,4.5374],[136.1514,-12.4355,1.5909],[136.1452,-12.4383,2.9838],[136.1412,-12.4382,1.3755],[136.1401,-12.4415,5.0759],[136.1337,-12.4455,0.7443],[136.1236,-12.4479,0.4627],[136.1211,-12.4524,4.2458],[136.1197,-12.452,6.0885],[136.1223,-12.4489,4.7239],[136.1145,-12.4473,6.5728],[136.108,-12.4391,0.1621],[136.1069,-12.4489,5.0989],[136.1049,-12.4531,3.8042],[136.0969,-12.457,4.5872],[136.0858,-12.4574,3.8178],[136.0766,-12.4527,0.8714],[136.0736,-12.4481,3.0016],[136.0734,-12.4441,4.7054],[136.0764,-12.4379,0.1419],[136.0758,-12.435,0.0],[136.0637,-12.43,1.6814],[136.063,-12.4344,0.1706],[136.0588,-12.4385,1.6205],[136.0617,-12.4413,4.6972],[136.0564,-12.4412,0.0],[136.051,-12.4472,2.7353],[136.0463,-12.4571,0.0],[136.0463,-12.4709,-0.3692],[136.0518,-12.4703,4.413],[136.0491,-12.4727,4.5468],[136.0456,-12.4724,0.4116],[136.0516,-12.4793,5.5963],[136.0448,-12.4738,2.41],[136.04,-12.4788,0.8777],[136.0368,-12.476,0.0],[136.0366,-12.474,-0.1043],[136.0337,-12.4735,-0.4613],[136.0305,-12.4752,2.2428],[136.0214,-12.4862,0.0],[136.0145,-12.4849,0.0],[136.0182,-12.4619,0.7931],[136.0154,-12.4573,-0.0434],[136.0052,-12.4549,1.6826],[135.998,-12.4618,2.2689],[135.9896,-12.4631,5.2081],[135.9889,-12.4624,6.4875],[135.9964,-12.462,6.8379],[136.0036,-12.4535,3.3763],[135.9933,-12.441,3.8249],[135.9958,-12.4391,8.5986],[136.0004,-12.4259,5.0835],[136.0076,-12.4206,0.0],[136.0081,-12.4107,2.4809],[136.0127,-12.4059,9.2475],[136.0155,-12.3971,2.7593],[136.0126,-12.3958,0.0],[136.0024,-12.3996,2.6538],[135.9961,-12.4001,4.254],[135.9835,-12.3936,1.7018],[135.9756,-12.3951,0.0],[135.9731,-12.3903,1.0955],[135.9736,-12.3878,0.5346],[135.9709,-12.3868,4.1194],[135.9734,-12.3854,2.7032],[135.9725,-12.3771,4.3753],[135.9757,-12.3692,8.2105],[135.9852,-12.3605,5.8868],[135.9953,-12.3598,3.1443],[135.9963,-12.3548,5.636],[135.9999,-12.3536,1.1537],[136.002,-12.3506,1.1719],[136.003,-12.3432,7.8647],[136.0081,-12.3312,0.8116],[136.0157,-12.3208,3.3051],[136.0195,-12.3185,4.763],[136.0236,-12.3193,0.6072],[136.0194,-12.3084,3.429],[136.0159,-12.3044,0.0],[136.0105,-12.3004,0.0],[136.0083,-12.3007,2.387],[136.0118,-12.3086,4.7917],[136.0074,-12.3038,1.8367],[136.009,-12.2908,1.878],[136.0128,-12.2877,6.5229],[136.018,-12.2879,3.4754],[136.0242,-12.2952,1.1547],[136.0299,-12.2948,3.6074],[136.0282,-12.2909,1.0102],[136.0314,-12.2881,3.1685],[136.0299,-12.2859,10.551],[136.0329,-12.2798,0.0],[136.0307,-12.2784,5.5437],[136.0339,-12.271,6.1573],[136.0415,-12.2666,1.6266],[136.0475,-12.2689,3.4963],[136.0485,-12.2725,0.0],[136.0541,-12.269,1.0932],[136.054,-12.2629,5.6629],[136.0587,-12.2505,12.5977],[136.0633,-12.2485,0.0],[136.0606,-12.2459,6.6783],[136.0612,-12.2409,0.0904],[136.0559,-12.2401,13.7919],[136.0492,-12.2318,0.0],[136.0433,-12.2322,0.0],[136.038,-12.2367,0.9117],[136.0281,-12.24,0.0],[136.0215,-12.2395,0.0],[136.0135,-12.2333,0.0],[136.0135,-12.2387,0.0],[136.0211,-12.2404,3.2826],[136.0196,-12.2416,0.0],[136.0196,-12.2462,0.8477],[136.0233,-12.243,2.3913],[136.0259,-12.2451,1.8922],[136.0304,-12.2455,7.6504],[136.0307,-12.2494,4.603],[136.0291,-12.2466,2.1592],[136.0256,-12.2466,4.3913],[136.0232,-12.2445,2.3913],[136.0203,-12.2477,0.8884],[136.0186,-12.2475,0.0],[136.0166,-12.2433,1.0418],[136.0105,-12.2423,0.4617],[136.0058,-12.2597,15.3859],[136.0012,-12.2681,0.6214],[135.9892,-12.2714,4.5188],[135.9832,-12.2679,0.0],[135.9805,-12.2721,1.3238],[135.9739,-12.2717,7.3645],[135.9705,-12.2735,2.4449],[135.9654,-12.2722,0.3074],[135.9615,-12.2739,2.7852],[135.9581,-12.2788,1.8686],[135.9516,-12.2774,2.3183],[135.9501,-12.279,2.5886],[135.9523,-12.276,6.3962],[135.9576,-12.2776,4.5456],[135.9622,-12.2696,4.4528],[135.9619,-12.2677,0.0],[135.9545,-12.2611,0.0],[135.9562,-12.2496,0.3743],[135.9465,-12.2426,0.0],[135.9331,-12.2372,3.3355],[135.9293,-12.2312,2.7668],[135.928,-12.2221,0.0],[135.9312,-12.215,2.5794],[135.9423,-12.1993,3.7174],[135.9472,-12.1956,3.4891],[135.9554,-12.1968,0.7774],[135.9561,-12.1942,3.9608],[135.9535,-12.1877,7.6015],[135.9579,-12.182,2.9759],[135.9621,-12.1813,0.0],[135.9688,-12.1852,2.8698],[135.9735,-12.1853,2.4463],[135.9765,-12.1775,18.5293],[135.9775,-12.1637,21.0042],[135.9831,-12.1519,3.2797],[135.9897,-12.1476,1.5309],[135.9903,-12.1431,1.8924],[135.9965,-12.1378,18.6937],[136.0027,-12.1284,13.2915],[136.012,-12.1234,3.6829],[136.0197,-12.1108,10.9326],[136.0195,-12.0999,11.6747],[136.0226,-12.0994,1.0692],[136.0285,-12.0865,2.6512],[136.0303,-12.0858,10.0234],[136.0327,-12.0876,7.8042],[136.0365,-12.0855,18.4091],[136.0387,-12.0832,10.304],[136.0397,-12.0769,7.7889],[136.0442,-12.0755,0.5546],[136.0407,-12.0723,0.2486],[136.0458,-12.0631,2.8528],[136.0416,-12.0647,7.5032],[136.0416,-12.0684,6.5164],[136.0388,-12.07,1.8388],[136.0358,-12.0691,0.2943],[136.0346,-12.0663,0.3403],[136.0346,-12.0719,3.9348],[136.0316,-12.0762,0.0],[136.0233,-12.0771,1.2847],[136.0201,-12.0801,2.5157],[136.0111,-12.0792,0.0],[136.0093,-12.0871,0.0],[136.0037,-12.084,2.0373],[135.9968,-12.0931,0.0],[135.9985,-12.0966,2.669],[136.0022,-12.0961,6.6412],[136.0048,-12.1005,3.6344],[136.001,-12.1015,2.8305],[135.9963,-12.1054,0.0],[135.9985,-12.1053,8.1572],[136.0023,-12.1081,1.3755],[136.0021,-12.1169,2.9335],[136.0009,-12.1183,2.3181],[135.9953,-12.1188,0.0],[135.9906,-12.1249,3.7612],[135.9821,-12.1274,0.2675],[135.9794,-12.1294,2.4838],[135.9774,-12.134,2.1852],[135.9723,-12.1374,0.0],[135.9663,-12.1389,1.9041],[135.96,-12.137,0.0],[135.9609,-12.14,6.8007],[135.9631,-12.1408,16.9577],[135.9631,-12.1458,3.6264],[135.9591,-12.152,1.8267],[135.9555,-12.1504,0.8063],[135.95,-12.1513,4.4058],[135.9505,-12.1421,13.1195],[135.9486,-12.1385,3.0134],[135.9474,-12.1423,0.4008],[135.9482,-12.1503,4.7166],[135.9458,-12.1522,0.4425],[135.9426,-12.1522,2.9227],[135.9415,-12.1484,3.5987],[135.9384,-12.1487,11.1831],[135.9357,-12.1434,2.6669],[135.9328,-12.1468,0.0],[135.9328,-12.1496,0.0],[135.9358,-12.1548,13.5571],[135.9341,-12.1585,1.9186],[135.9284,-12.1619,2.8647],[135.9237,-12.1613,3.5581],[135.9243,-12.1562,1.6393],[135.9213,-12.154,2.6104],[135.9219,-12.1493,0.0],[135.9203,-12.1502,11.6903],[135.9149,-12.1486,0.3095],[135.9122,-12.1498,2.3759],[135.9104,-12.1517,1.6531],[135.9097,-12.1581,9.6966],[135.9006,-12.1655,8.4949],[135.9011,-12.1699,5.7486],[135.896,-12.1777,0.0],[135.8949,-12.1849,3.22],[135.8895,-12.1848,29.7907],[135.8879,-12.1797,12.536],[135.8816,-12.1774,3.6904],[135.884,-12.1715,8.4592],[135.8793,-12.1692,4.5551],[135.8788,-12.1654,14.7284],[135.8834,-12.1612,0.9419],[135.8813,-12.1593,16.4218],[135.8813,-12.1568,17.4727],[135.8863,-12.1507,0.5122],[135.8856,-12.1496,4.6463],[135.8812,-12.1507,0.0],[135.8784,-12.1539,3.4063],[135.8684,-12.1559,0.0],[135.8658,-12.1586,9.0611],[135.8702,-12.162,4.5808],[135.8685,-12.1698,1.0251],[135.8644,-12.1742,0.0],[135.8621,-12.1748,7.9428],[135.8603,-12.1734,5.2383],[135.8591,-12.1684,2.1081],[135.8553,-12.1691,0.0],[135.8538,-12.1716,1.4763],[135.854,-12.1812,0.0],[135.8505,-12.1841,0.0],[135.8455,-12.186,0.0],[135.8387,-12.1821,0.0],[135.8362,-12.1897,0.5609],[135.8285,-12.1913,8.7698],[135.8252,-12.1844,0.333],[135.8208,-12.1898,7.7019],[135.8179,-12.1908,0.0],[135.8174,-12.1997,1.4807],[135.8159,-12.2012,0.0],[135.8103,-12.2022,1.4794],[135.8036,-12.1989,0.0],[135.8028,-12.2073,1.1379],[135.7984,-12.212,12.8903],[135.7954,-12.2144,0.4408],[135.7901,-12.2144,0.0],[135.7783,-12.2249,1.6763],[135.7775,-12.2316,4.5755],[135.7802,-12.2454,0.6594],[135.7778,-12.2473,0.0],[135.778,-12.2557,2.9792],[135.7763,-12.2591,0.0],[135.7697,-12.2591,0.0],[135.7682,-12.2554,1.7778],[135.7621,-12.2538,0.0],[135.7452,-12.2634,6.8967],[135.7303,-12.2935,2.6275],[135.7107,-12.31,0.0],[135.711,-12.312,3.3445],[135.7167,-12.3141,7.8548],[135.7148,-12.3156,0.0],[135.7061,-12.3103,11.6617],[135.7215,-12.2873,10.1325],[135.7207,-12.2812,6.5093],[135.7146,-12.2721,10.9748],[135.7129,-12.2664,10.7479],[135.7083,-12.261,0.0],[135.6909,-12.2537,0.0],[135.6768,-12.2417,1.9037],[135.6651,-12.2264,0.0],[135.652,-12.2017,0.0],[135.6518,-12.1948,0.0],[135.6494,-12.1889,3.0097],[135.6513,-12.1773,2.0579],[135.6514,-12.171,0.7647],[135.6501,-12.1685,1.3587],[135.6548,-12.1591,0.0],[135.6537,-12.1565,0.2822],[135.6565,-12.1552,0.2947],[135.6592,-12.1499,3.1928],[135.6684,-12.1499,5.7361],[135.6725,-12.1478,9.5666],[135.6816,-12.1402,4.7099],[135.6864,-12.1326,8.0371],[135.7005,-12.1261,13.8277],[135.7049,-12.1175,19.9359],[135.7119,-12.1097,2.4566],[135.7137,-12.104,10.1152],[135.7246,-12.1004,7.5577],[135.7273,-12.1024,3.7859],[135.7296,-12.0983,9.6827],[135.7288,-12.0945,9.533],[135.7312,-12.0903,15.8192],[135.7363,-12.0887,10.0219],[135.7375,-12.0909,0.5037],[135.743,-12.091,8.8744],[135.7467,-12.0809,10.9429],[135.7533,-12.0782,7.5834],[135.7585,-12.0795,4.81],[135.756,-12.0749,16.5283],[135.7578,-12.0692,20.6065],[135.7643,-12.0607,12.3679],[135.7728,-12.0439,23.3552],[135.7772,-12.0419,0.0],[135.7799,-12.0437,0.2518],[135.7788,-12.0413,0.0],[135.7809,-12.0382,1.2919],[135.7869,-12.0356,19.279],[135.7883,-12.0362,5.1168],[135.7903,-12.034,6.9816],[135.7946,-12.0341,0.0],[135.7954,-12.0319,8.4005],[135.7996,-12.0301,16.2632],[135.8003,-12.0242,16.8245],[135.8047,-12.0222,1.5962],[135.8076,-12.0185,17.7751],[135.8144,-12.0172,0.0],[135.8215,-12.0064,0.0],[135.8275,-12.0051,3.719],[135.8328,-12.0007,0.4503],[135.8328,-11.9986,0.333],[135.8265,-11.9954,0.4357],[135.8274,-11.9898,5.1282],[135.8317,-11.9843,11.2233],[135.84,-11.982,8.5328],[135.8434,-11.9837,2.6308],[135.8475,-11.9805,10.1025],[135.86,-11.9815,4.2737],[135.8697,-11.9757,8.2817],[135.8739,-11.9795,10.8955],[135.8717,-11.9858,0.0],[135.8775,-11.9861,12.155],[135.8877,-11.9805,15.2637],[135.8911,-11.9754,5.9665],[135.9113,-11.96,1.4783],[135.9132,-11.9544,0.0],[135.9099,-11.9524,0.0],[135.9,-11.9566,0.0],[135.8866,-11.9657,1.2034],[135.8793,-11.9641,0.0],[135.8761,-11.9668,8.4187],[135.8635,-11.9675,0.0],[135.8544,-11.9714,1.8285],[135.8478,-11.972,0.0],[135.8347,-11.9782,8.215],[135.8184,-11.9791,2.5735],[135.8084,-11.9813,7.3308],[135.7883,-11.9908,4.2707],[135.7821,-11.9919,2.9257],[135.7662,-12.0023,0.0],[135.7545,-12.0078,0.0],[135.7344,-12.0107,0.0],[135.7274,-12.0091,0.0],[135.7187,-12.016,0.0],[135.7066,-12.0226,0.0],[135.694,-12.0242,0.0],[135.6843,-12.0346,3.3711],[135.6755,-12.0345,0.0],[135.6535,-12.0395,0.0],[135.6486,-12.0433,0.8145],[135.6436,-12.0534,0.0],[135.6497,-12.0591,1.6539],[135.6431,-12.0546,2.0571],[135.6356,-12.0605,0.7899],[135.6382,-12.0612,5.0006],[135.6335,-12.0614,6.6906],[135.615,-12.0698,3.651],[135.6054,-12.0769,2.2026],[135.6072,-12.0787,3.9085],[135.6156,-12.0783,4.736],[135.6079,-12.0801,5.5631],[135.6038,-12.0785,0.0],[135.5966,-12.0842,0.4928],[135.5977,-12.0855,3.9921],[135.5909,-12.0866,2.6779],[135.5753,-12.0959,0.0],[135.57,-12.1007,0.0],[135.5514,-12.0923,0.3073],[135.5449,-12.0876,5.3538],[135.5452,-12.0842,3.1244],[135.5401,-12.0791,12.0531],[135.5374,-12.0709,16.1073],[135.5384,-12.0645,0.0],[135.5288,-12.0646,8.8316],[135.519,-12.0598,3.1556],[135.5179,-12.0606,3.1556],[135.5194,-12.0634,0.0],[135.5125,-12.0767,0.5123],[135.5125,-12.0806,0.0],[135.5079,-12.0859,2.3291],[135.4938,-12.0954,1.4022],[135.4873,-12.0969,0.8246],[135.4868,-12.0998,0.0],[135.4716,-12.1066,1.1285],[135.4696,-12.1095,0.0],[135.4544,-12.1141,0.0],[135.4417,-12.1148,3.4446],[135.4327,-12.1135,0.5179],[135.4206,-12.1155,2.8676],[135.4153,-12.1139,1.5488],[135.4078,-12.1033,3.0733],[135.4052,-12.1018,5.4559],[135.4104,-12.0945,9.2203],[135.4226,-12.0831,1.7031],[135.412,-12.0837,1.4024],[135.3969,-12.082,0.0],[135.3974,-12.0858,2.1301],[135.3959,-12.0889,0.0],[135.3865,-12.0928,0.0],[135.3769,-12.0917,6.2862],[135.3754,-12.0865,6.4337],[135.3708,-12.0838,2.1123],[135.3662,-12.0847,8.4231],[135.3566,-12.0941,2.5699],[135.3587,-12.0958,3.8188],[135.3592,-12.0987,0.7933],[135.353,-12.106,0.0],[135.3421,-12.1106,0.0],[135.3268,-12.1127,0.0],[135.3198,-12.116,0.0],[135.3162,-12.1204,6.0183],[135.306,-12.1243,2.1687],[135.3069,-12.1317,8.4529],[135.3042,-12.1358,8.2016],[135.3087,-12.1388,5.2983],[135.3133,-12.139,6.5084],[135.3169,-12.1423,4.2748],[135.3172,-12.145,5.0494],[135.3192,-12.1454,5.1644],[135.3146,-12.1482,2.4575],[135.3064,-12.1603,3.5699],[135.303,-12.1629,0.0],[135.2915,-12.1666,5.5092],[135.2845,-12.164,2.4629],[135.2808,-12.1685,1.4962],[135.2744,-12.1722,0.3853],[135.273,-12.1773,9.054],[135.2691,-12.1797,11.5241],[135.2585,-12.1821,2.7489],[135.2352,-12.1826,-1.1808],[135.2264,-12.1855,-0.0508],[135.2233,-12.1887,0.0],[135.2294,-12.194,3.4626],[135.2384,-12.1926,2.8779],[135.2433,-12.1949,1.6331],[135.2498,-12.2049,0.0],[135.2567,-12.208,0.0],[135.2612,-12.2081,0.0],[135.2644,-12.2063,3.6442],[135.2709,-12.2073,4.9455],[135.2709,-12.2047,5.1188],[135.2727,-12.2032,1.3225],[135.2709,-12.2005,4.85],[135.2725,-12.1994,5.0272],[135.276,-12.2004,6.2229],[135.2734,-12.2011,4.8761],[135.2745,-12.2033,4.842],[135.2725,-12.2047,5.1188],[135.2726,-12.2082,1.8964],[135.2797,-12.218,6.8698],[135.2803,-12.221,6.0613],[135.2874,-12.2273,6.1478],[135.3122,-12.2416,2.3072],[135.3235,-12.2421,2.1051],[135.3312,-12.2398,0.0],[135.3461,-12.2315,3.0095],[135.3521,-12.2322,1.3273],[135.3477,-12.2419,4.5276],[135.3425,-12.2464,3.0132],[135.3306,-12.2509,0.0],[135.3295,-12.2531,3.4044],[135.3262,-12.252,2.9989],[135.3154,-12.2561,0.0],[135.3134,-12.2571,3.0904],[135.3131,-12.2603,4.4816],[135.3102,-12.257,3.5155],[135.2965,-12.2575,0.0],[135.2902,-12.2564,5.012],[135.2833,-12.2529,0.0],[135.267,-12.2249,9.9359],[135.252,-12.2241,0.9135],[135.2362,-12.2296,10.9891],[135.2227,-12.2304,0.7918],[135.2075,-12.2345,0.0],[135.2056,-12.232,2.871],[135.1973,-12.2324,0.9425],[135.1933,-12.2258,0.0],[135.1889,-12.2291,8.7327],[135.1859,-12.2279,0.0],[135.184,-12.2292,1.6566],[135.1782,-12.2284,6.7603],[135.1752,-12.2253,1.1803],[135.1616,-12.225,1.2996],[135.1599,-12.2318,3.4006],[135.1706,-12.2307,4.1461],[135.1758,-12.2372,1.2307],[135.1814,-12.2391,6.5305],[135.1828,-12.2426,13.1613],[135.1868,-12.2461,5.4056],[135.1864,-12.2501,2.4821],[135.1826,-12.2525,3.505],[135.1832,-12.2535,6.1627],[135.2003,-12.2629,4.1868],[135.2099,-12.2743,6.7503],[135.2115,-12.2812,4.9913],[135.2159,-12.2841,4.0633],[135.2189,-12.2886,6.6811],[135.2191,-12.2942,2.5206],[135.2131,-12.2953,0.7754],[135.204,-12.2908,1.6716],[135.1972,-12.2843,1.335],[135.1825,-12.2759,0.0],[135.175,-12.2674,0.7368],[135.1643,-12.2648,1.4607],[135.1602,-12.2498,0.3345],[135.1528,-12.2473,2.373],[135.1491,-12.2427,3.8199],[135.1481,-12.2378,0.0],[135.1447,-12.2367,0.3215],[135.1417,-12.2408,7.427],[135.1378,-12.2428,1.4289],[135.1341,-12.2395,0.2873],[135.1241,-12.2374,1.0365],[135.115,-12.2445,0.7988],[135.1054,-12.2446,9.5243],[135.1,-12.2474,0.98],[135.0956,-12.2471,3.9464],[135.0908,-12.2515,9.8724],[135.0875,-12.2516,3.0515],[135.0847,-12.2564,8.9732],[135.0689,-12.2568,1.5793],[135.0647,-12.2601,3.25],[135.0602,-12.2612,0.2463],[135.059,-12.264099999999999,2.04],[135.056,-12.2636,3.8361],[135.056,-12.2617,4.2715],[135.0449,-12.2465,3.8821],[135.0268,-12.2305,3.3627],[135.0125,-12.2211,3.2546],[135.0046,-12.213,2.1418],[134.9973,-12.2009,0.0],[134.9852,-12.1715,0.0],[134.9803,-12.169,-0.3768],[134.9795,-12.1641,0.0],[134.9716,-12.1584,0.1088],[134.9548,-12.1508,0.0],[134.9486,-12.1457,0.0],[134.9354,-12.1425,0.0],[134.9272,-12.1431,0.0],[134.9075,-12.1533,0.0],[134.9048,-12.1532,1.7126],[134.905,-12.1502,2.1214],[134.8974,-12.1465,7.379],[134.8852,-12.1343,0.0],[134.8673,-12.1312,0.0],[134.8568,-12.131,0.0],[134.8419,-12.1122,1.7221],[134.8405,-12.0854,8.6892],[134.8444,-12.0764,8.1773],[134.8442,-12.0616,3.7664],[134.8381,-12.0555,1.1896],[134.8317,-12.0555,0.0],[134.8314,-12.0622,7.8728],[134.8355,-12.0653,7.5414],[134.8381,-12.07,7.234],[134.837,-12.0749,7.1395],[134.8372,-12.0703,7.234],[134.8346,-12.0652,7.438],[134.8297,-12.063,4.5397],[134.831,-12.059,5.1559],[134.8302,-12.0561,0.0],[134.8224,-12.0556,0.0],[134.8108,-12.0482,0.0],[134.7982,-12.0478,0.0],[134.7903,-12.0328,1.3122],[134.7864,-12.0175,0.0],[134.7823,-12.014099999999999,3.5093],[134.7795,-12.0034,0.0],[134.7692,-12.0042,0.0],[134.7651,-11.9999,1.4866],[134.764,-11.9962,0.0],[134.7607,-11.9952,0.239],[134.7614,-11.9929,4.1313],[134.7656,-11.9919,3.1851],[134.7677,-11.9885,7.4252],[134.7695,-11.9787,0.5181],[134.7666,-11.9755,8.0193],[134.7655,-11.97,3.0547],[134.767,-11.967,2.6518],[134.7723,-11.9633,5.7784],[134.77,-11.9584,4.2052],[134.7602,-11.9535,12.1906],[134.7236,-12.0092,1.8993],[134.7272,-12.0689,0.7695],[134.8064,-12.1089,4.0195],[134.8058,-12.17,3.0982],[134.7667,-12.2333,15.6037],[134.7667,-12.5352,20.2245],[134.7719,-12.5471,22.9857],[134.7724,-12.5619,24.9585],[134.7747,-12.5686,24.3384],[134.7788,-12.5763,24.2203],[134.7869,-12.5846,24.3862],[134.7903,-12.5906,23.2857],[134.7917,-12.5977,26.0382],[134.7917,-12.8833,114.3597],[135.0,-12.8833,49.2943],[135.0,-13.0016,37.5041]],
[[136.7633,-12.1926,16.8563],[136.766,-12.1919,17.6619],[136.7676,-12.1977,12.5842],[136.7649,-12.1984,12.1327],[136.7633,-12.1926,16.8563]],
[[136.7917,-12.1868,3.6132],[136.7962,-12.1866,0.0],[136.7962,-12.1882,1.3554],[136.7747,-12.1958,20.0313],[136.7685,-12.1914,19.8598],[136.7685,-12.1644,0.0],[136.7788,-12.1614,5.7944],[136.7787,-12.1642,8.2303],[136.7806,-12.164,6.7339],[136.7838,-12.1681,6.5459],[136.7857,-12.1766,4.3556],[136.7876,-12.1747,0.0],[136.7891,-12.1829,3.6689],[136.7917,-12.1868,3.6132]],
[[136.7618,-12.1855,10.0756],[136.7618,-12.1827,11.2518],[136.7646,-12.1827,12.3546],[136.7646,-12.1854,12.6512],[136.7618,-12.1855,10.0756]]],
[[[136.0166,-12.2113,5.1539],[136.0148,-12.2187,1.638],[136.0179,-12.2133,0.0],[136.0176,-12.2094,0.2322],[136.0166,-12.2113,5.1539]]],
[[[134.8871,-12.0628,0.0],[134.8771,-12.0597,1.2331],[134.8662,-12.0489,0.0],[134.8611,-12.0473,2.0121],[134.8539,-12.041,0.0],[134.8497,-12.0416,0.0],[134.8469,-12.0443,0.0],[134.8493,-12.0525,7.2266],[134.8493,-12.05,7.7961],[134.8547,-12.0604,0.0],[134.8632,-12.0661,3.0588],[134.8661,-12.0707,5.0219],[134.8664,-12.0751,6.7591],[134.8628,-12.0862,3.3594],[134.8658,-12.0934,3.7728],[134.8665,-12.1036,3.4592],[134.8637,-12.109,2.6392],[134.8703,-12.1192,2.0101],[134.875,-12.1178,4.9724],[134.8693,-12.1208,4.2584],[134.8681,-12.1244,2.5413],[134.8718,-12.1273,3.7323],[134.8835,-12.1294,3.4015],[134.8926,-12.1341,2.6609],[134.8947,-12.1337,4.2012],[134.8942,-12.1359,2.5749],[134.9019,-12.1389,7.9998],[134.9096,-12.1332,3.2821],[134.9143,-12.1274,10.9801],[134.9161,-12.1226,5.4707],[134.9116,-12.1204,4.0857],[134.9155,-12.12,8.0776],[134.916,-12.1179,8.784],[134.9198,-12.1152,1.4805],[134.9182,-12.1127,6.8604],[134.924,-12.1093,0.0],[134.925,-12.1026,3.1755],[134.9292,-12.0988,2.2884],[134.9293,-12.0907,3.3614],[134.9187,-12.0753,3.866],[134.911,-12.0703,1.7161],[134.9107,-12.0681,2.4696],[134.9064,-12.0655,0.0],[134.8871,-12.0628,0.0]]],
[[[136.1092,-13.4412,0.6059],[136.1059,-13.4425,0.1489],[136.1069,-13.4466,0.0],[136.1111,-13.4448,0.0],[136.1092,-13.4412,0.6059]]],
[[[136.0918,-13.313,6.2259],[136.0969,-13.3017,2.0927],[136.0946,-13.2972,0.2961],[136.0865,-13.2988,1.4478],[136.0782,-13.2978,0.0],[136.0836,-13.3094,0.0],[136.0818,-13.3129,0.5119],[136.0865,-13.3134,3.3817],[136.0919,-13.3217,0.0],[136.0918,-13.313,6.2259]]],
[[[136.0238,-12.468,4.2992],[136.0209,-12.4725,3.3083],[136.0201,-12.4806,3.6209],[136.0257,-12.471,6.7861],[136.0238,-12.468,4.2992]]],
[[[136.1682,-12.3719,1.9697],[136.1742,-12.3715,2.2009],[136.1746,-12.3689,0.0],[136.1709,-12.3685,3.1119],[136.1682,-12.3719,1.9697]]],
[[[136.0614,-12.2895,11.6146],[136.0622,-12.2916,3.2379],[136.0653,-12.2893,4.0999],[136.0713,-12.278,5.3378],[136.0707,-12.276,1.2422],[136.0655,-12.2788,2.2119],[136.0623,-12.2833,1.4278],[136.0481,-12.2849,0.0],[136.0436,-12.3005,1.5827],[136.0483,-12.3109,1.3016],[136.0517,-12.3096,0.2478],[136.055,-12.304,1.8664],[136.0545,-12.2954,6.9926],[136.0564,-12.2915,6.4641],[136.0614,-12.2895,11.6146]]],
[[[136.1355,-12.1711,0.0],[136.1299,-12.1777,1.2967],[136.1221,-12.168,5.1266],[136.1191,-12.1685,6.6196],[136.1178,-12.17,0.9032],[136.119,-12.1733,6.6979],[136.1178,-12.1766,2.1449],[136.1137,-12.176,0.0],[136.1094,-12.1803,0.838],[136.1057,-12.1807,1.7512],[136.1077,-12.1842,1.4226],[136.1061,-12.1852,0.0],[136.1078,-12.1881,13.9536],[136.1056,-12.1876,1.3791],[136.1044,-12.1897,15.7367],[136.1084,-12.1978,24.9844],[136.1103,-12.1991,13.2875],[136.1241,-12.1987,15.6933],[136.1289,-12.1949,2.3672],[136.1462,-12.1955,17.0088],[136.1515,-12.1945,40.5985],[136.1558,-12.1911,0.0],[136.1558,-12.1892,0.0],[136.1525,-12.1888,5.9413],[136.1501,-12.1841,1.1344],[136.149,-12.1799,3.5586],[136.1509,-12.1758,0.2431],[136.1493,-12.1726,0.7021],[136.1478,-12.1713,0.7021],[136.1453,-12.1736,1.569],[136.1431,-12.1735,4.9025],[136.1407,-12.1692,0.0],[136.1355,-12.1711,0.0]]],
[[[136.0265,-12.1659,0.0],[136.0207,-12.196,5.1439],[136.0244,-12.1909,0.0],[136.0262,-12.1764,0.0],[136.028,-12.1731,12.8719],[136.0281,-12.1679,4.1855],[136.0265,-12.1659,0.0]]],
[[[136.0475,-12.1015,6.2916],[136.0396,-12.098,6.6483],[136.0356,-12.0926,0.0],[136.0315,-12.0937,0.0],[136.0289,-12.0963,3.2112],[136.0261,-12.1036,14.0361],[136.029,-12.1205,6.3505],[136.027,-12.1255,0.0],[136.0284,-12.1314,11.9563],[136.0261,-12.1445,19.1649],[136.028,-12.1594,10.1126],[136.0301,-12.159,30.8989],[136.0325,-12.1538,0.0],[136.031,-12.1525,26.191],[136.0329,-12.1493,1.1507],[136.032,-12.1455,46.468],[136.034,-12.1373,8.892],[136.0325,-12.1357,0.0],[136.0339,-12.1336,9.162],[136.0373,-12.1334,9.2647],[136.0356,-12.1303,12.3486],[136.0404,-12.1307,18.4826],[136.0413,-12.1282,0.0],[136.041,-12.1261,0.0],[136.0384,-12.1248,18.2855],[136.0407,-12.1235,0.0],[136.0388,-12.1196,4.6604],[136.0407,-12.1194,0.0],[136.0408,-12.1172,0.0],[136.0387,-12.1132,13.1883],[136.0358,-12.1119,2.8862],[136.0361,-12.1107,3.6788],[136.0393,-12.1114,6.2999],[136.037,-12.1061,15.693],[136.0475,-12.1015,6.2916]]],
[[[134.9457,-12.0828,4.482],[134.9503,-12.0922,4.4565],[134.9566,-12.0949,1.9761],[134.9594,-12.088,5.412],[134.9593,-12.0831,8.0478],[134.9549,-12.0731,1.9133],[134.9523,-12.0712,0.0],[134.9432,-12.0698,0.0],[134.9422,-12.0728,2.963],[134.9457,-12.0828,4.482]]],
[[[134.9949,-12.07,0.9032],[134.9809,-12.0652,0.0],[134.9772,-12.065,0.0],[134.9752,-12.0681,0.0],[134.9845,-12.0789,2.6618],[134.9896,-12.0938,2.569],[134.9933,-12.0947,7.9222],[135.0018,-12.0935,0.8654],[135.0032,-12.0916,2.0491],[135.0012,-12.0921,8.9543],[135.0,-12.0897,5.2375],[135.0005,-12.0773,0.0],[134.9978,-12.0757,-0.6594],[134.9987,-12.0736,0.0],[134.9949,-12.07,0.9032]]],
[[[134.9174,-12.0542,7.6991],[134.9185,-12.0581,1.6004],[134.9259,-12.0644,3.2962],[134.9305,-12.0662,5.7106],[134.932,-12.0619,3.7452],[134.9295,-12.0552,0.0],[134.9207,-12.0511,0.0],[134.9174,-12.0542,7.6991]]],
[[[135.518,-12.0558,0.0],[135.5149,-12.0563,0.6014],[135.5155,-12.0598,0.0],[135.5168,-12.0571,0.2098],[135.518,-12.0558,0.0]]],
[[[134.9724,-12.0294,0.0],[134.965,-12.0241,0.0],[134.9608,-12.0181,0.5786],[134.9543,-12.0142,0.0],[134.9412,-12.0157,0.0],[134.9284,-12.021,0.0],[134.9203,-12.0226,0.0],[134.9119,-12.0219,0.3356],[134.9085,-12.0234,0.0],[134.9096,-12.0247,5.386],[134.9082,-12.0289,0.0],[134.9109,-12.034,4.6824],[134.9328,-12.0443,8.6524],[134.9368,-12.0485,3.9696],[134.9406,-12.0614,1.684],[134.944,-12.0626,4.6765],[134.9527,-12.0617,7.1173],[134.9605,-12.0646,6.6802],[134.9622,-12.0562,6.2018],[134.9605,-12.0545,8.096],[134.9586,-12.055,7.1478],[134.9588,-12.0531,6.929],[134.9628,-12.0541,4.7572],[134.9648,-12.0516,5.253],[134.9621,-12.0528,5.3149],[134.9633,-12.0509,6.4236],[134.9682,-12.0474,5.9057],[134.9768,-12.0425,7.6313],[134.9815,-12.043,2.1259],[134.9869,-12.0406,11.7377],[134.9905,-12.0362,0.0],[134.9903,-12.0349,0.0],[134.9814,-12.0343,0.0],[134.9724,-12.0294,0.0]]],
[[[134.8112,-12.0216,6.2837],[134.8133,-12.0236,0.7428],[134.8119,-12.0189,1.191],[134.8038,-12.013,0.0],[134.798,-12.0168,0.0],[134.8002,-12.0171,0.7265],[134.7963,-12.0199,1.4966],[134.7956,-12.0284,6.7495],[134.7982,-12.0331,4.022],[134.8032,-12.0372,2.5086],[134.8126,-12.0412,4.3656],[134.8308,-12.0462,1.5857],[134.8302,-12.0422,5.8994],[134.8155,-12.0304,1.7374],[134.8112,-12.0216,6.2837]]],
[[[134.8522,-12.0108,0.1946],[134.8488,-12.0083,0.2175],[134.8479,-12.0089,0.2175],[134.8501,-12.0111,1.6765],[134.8398,-12.0066,0.0],[134.8356,-12.0071,0.0],[134.8297,-12.0137,0.0],[134.8269,-12.0203,0.6926],[134.8286,-12.0272,4.0364],[134.8457,-12.0365,2.6231],[134.8533,-12.0371,8.2118],[134.8574,-12.0304,10.3091],[134.86,-12.029,6.8914],[134.8594,-12.0256,5.7662],[134.8631,-12.0301,5.8835],[134.8646,-12.0291,10.3136],[134.8636,-12.0282,10.3136],[134.8654,-12.0269,11.831],[134.8654,-12.0241,7.3793],[134.8645,-12.0212,5.865],[134.8599,-12.0181,6.2914],[134.86,-12.0147,0.1339],[134.8555,-12.0137,0.0],[134.8585,-12.0163,1.2221],[134.8569,-12.0166,1.1887],[134.8515,-12.0123,2.3363],[134.8522,-12.0108,0.1946]]],
[[[135.5048,-12.0191,0.0],[135.5068,-12.0239,2.2621],[135.5071,-12.0194,0.9517],[135.5063,-12.0182,0.9517],[135.5048,-12.0191,0.0]]],
[[[135.1129,-11.9256,1.2734],[135.108,-11.9246,2.4447],[135.1025,-11.92,0.2531],[135.0911,-11.9211,0.0],[135.0827,-11.9161,0.1459],[135.0692,-11.9225,1.0077],[135.0571,-11.9192,-0.6531],[135.0528,-11.9224,0.9906],[135.0524,-11.9296,-0.1144],[135.047,-11.9407,0.3437],[135.0508,-11.9472,1.2828],[135.0535,-11.9491,2.3384],[135.0555,-11.9542,0.0],[135.0653,-11.9502,0.0],[135.0715,-11.9512,0.189],[135.081,-11.9494,-1.4637],[135.0889,-11.9412,-0.1787],[135.1044,-11.9431,0.0],[135.113,-11.9394,-0.3871],[135.1226,-11.9285,0.0308],[135.1194,-11.9256,0.1838],[135.1129,-11.9256,1.2734]]],
[[[134.6667,-11.9176,0.0],[134.6676,-11.9187,0.0],[134.6683,-11.9179,0.0],[134.6675,-11.9172,0.0],[134.6667,-11.9176,0.0]]],
[[[135.9,-11.7577,0.0],[135.8893,-11.7622,4.5805],[135.8815,-11.76,5.9871],[135.8815,-11.7564,9.2928],[135.8797,-11.7552,3.762],[135.8765,-11.7556,2.6798],[135.8695,-11.7653,0.0],[135.8649,-11.7676,0.0],[135.8635,-11.7728,0.0],[135.8665,-11.7836,4.4125],[135.8741,-11.7907,12.2947],[135.8855,-11.7921,5.9606],[135.8889,-11.8032,0.919],[135.8954,-11.7996,7.8426],[135.899,-11.8022,7.2925],[135.8995,-11.7974,6.6479],[135.901,-11.7949,3.8794],[135.8973,-11.7948,6.489],[135.9003,-11.7934,7.2859],[135.9037,-11.7939,5.4719],[135.9003,-11.797,6.6479],[135.9007,-11.8023,6.8987],[135.8989,-11.8046,7.7755],[135.9002,-11.8082,6.6451],[135.8989,-11.8085,6.6451],[135.8981,-11.8038,2.9912],[135.8947,-11.8022,2.7971],[135.887,-11.8058,0.0],[135.8835,-11.8041,1.3529],[135.8794,-11.811,0.0],[135.8716,-11.8325,0.0],[135.8648,-11.841,0.0],[135.8606,-11.8421,0.0],[135.8594,-11.8447,0.0],[135.8538,-11.8483,5.4839],[135.8482,-11.8487,0.0],[135.8351,-11.8376,1.523],[135.8357,-11.8415,6.5592],[135.833,-11.8481,7.0722],[135.8335,-11.8542,6.5776],[135.831,-11.8653,7.4242],[135.833,-11.8703,8.0225],[135.8313,-11.8713,11.5678],[135.8293,-11.8664,6.7159],[135.8302,-11.861,0.0],[135.8099,-11.883,0.0],[135.7813,-11.9096,5.1186],[135.776,-11.9127,0.0],[135.7705,-11.9118,1.7502],[135.7649,-11.9148,11.9533],[135.7605,-11.9127,0.6704],[135.7556,-11.9221,0.0],[135.734,-11.9379,0.0],[135.7484,-11.9331,1.6251],[135.7576,-11.9369,7.3878],[135.7528,-11.9367,7.1762],[135.7477,-11.9342,5.8097],[135.7419,-11.9377,1.3105],[135.7339,-11.9394,0.0],[135.7238,-11.9393,0.0],[135.7211,-11.936,1.9722],[135.715,-11.9326,0.0],[135.7019,-11.9385,3.4636],[135.6937,-11.9392,2.5029],[135.6777,-11.9327,0.0],[135.6699,-11.9359,2.2145],[135.6668,-11.9357,1.1562],[135.6658,-11.937,1.5994],[135.6703,-11.9411,7.4826],[135.6698,-11.9459,0.2782],[135.6646,-11.9543,2.0399],[135.657,-11.9597,1.7027],[135.6568,-11.9649,5.0659],[135.6469,-11.9714,5.1776],[135.6321,-11.975,2.2943],[135.6258,-11.9744,0.0],[135.6156,-11.9705,1.0071],[135.6188,-11.9597,0.0],[135.6124,-11.9621,4.6081],[135.6053,-11.9608,0.0],[135.5947,-11.9549,2.0979],[135.5946,-11.9508,0.1658],[135.5846,-11.9599,5.7294],[135.5833,-11.9593,0.0],[135.5815,-11.9612,0.0],[135.5878,-11.965,12.7757],[135.5888,-11.9703,4.3],[135.5842,-11.9822,5.6936],[135.5737,-11.9928,0.8174],[135.5692,-12.0011,0.0],[135.5644,-12.0039,0.0],[135.564,-12.0106,0.1544],[135.5615,-12.0158,0.1153],[135.5641,-12.0189,0.0],[135.5614,-12.0264,4.9443],[135.5636,-12.028,5.6481],[135.5636,-12.032,3.4254],[135.5542,-12.0484,1.4009],[135.5558,-12.052,2.8386],[135.5595,-12.0521,8.005],[135.5644,-12.057,0.0],[135.5646,-12.0698,0.0],[135.5668,-12.0708,5.5865],[135.5697,-12.0691,4.8114],[135.576,-12.0598,1.6066],[135.5821,-12.0554,4.6527],[135.5861,-12.0546,4.1245],[135.5896,-12.0568,0.5768],[135.5921,-12.0555,0.0],[135.5916,-12.0517,12.7696],[135.5943,-12.0427,4.3556],[135.6054,-12.0329,13.3231],[135.6247,-12.0288,5.0484],[135.627,-12.0265,1.5343],[135.6256,-12.0252,4.0053],[135.6371,-12.0179,3.0719],[135.6456,-12.018,0.0],[135.6584,-12.0121,4.4834],[135.6639,-12.0131,1.0359],[135.6706,-12.0094,7.8146],[135.6791,-12.0076,5.063],[135.6924,-12.0069,2.5201],[135.7028,-12.0023,10.3927],[135.716,-12.0033,2.28],[135.7349,-12.0016,2.2167],[135.7385,-11.9805,4.6442],[135.7418,-11.9756,2.968],[135.7492,-11.9718,6.0274],[135.7592,-11.9713,2.8175],[135.776,-11.9765,2.6376],[135.7816,-11.9746,2.2472],[135.7976,-11.9647,1.3288],[135.8024,-11.9575,7.3865],[135.8191,-11.9417,0.6178],[135.8223,-11.935,6.881],[135.8285,-11.9288,6.0445],[135.8398,-11.9024,15.4694],[135.8445,-11.8985,12.6724],[135.8466,-11.8938,23.1878],[135.8517,-11.8903,1.4347],[135.858,-11.8784,1.2704],[135.8709,-11.8676,18.4574],[135.8878,-11.8569,5.9152],[135.8938,-11.8557,5.7916],[135.9007,-11.8515,0.0],[135.9054,-11.842,3.6133],[135.9048,-11.8339,4.517],[135.9078,-11.8236,13.2603],[135.9148,-11.8199,8.6757],[135.9205,-11.81,7.4502],[135.929,-11.809,10.1193],[135.938,-11.8034,2.8017],[135.9347,-11.8004,11.9337],[135.9347,-11.7946,9.4642],[135.9306,-11.7892,6.7769],[135.9317,-11.7803,2.8774],[135.9256,-11.7715,0.0],[135.9099,-11.7682,4.6754],[135.9062,-11.7615,8.1423],[135.9077,-11.7577,3.7872],[135.9,-11.7577,0.0]]],
[[[135.9857,-11.8536,10.5202],[135.9922,-11.8527,7.3621],[135.9926,-11.8511,0.4807],[135.9823,-11.8481,2.4876],[135.9765,-11.8579,0.0],[135.9657,-11.8667,3.0614],[135.9577,-11.8687,2.775],[135.9497,-11.8772,1.3126],[135.9421,-11.8797,1.6577],[135.9415,-11.8818,0.0],[135.9477,-11.8904,1.2492],[135.9465,-11.8993,1.7502],[135.9447,-11.9024,1.505],[135.946,-11.9046,0.5444],[135.9471,-11.9035,4.7329],[135.95,-11.9046,0.3729],[135.9553,-11.9011,7.3637],[135.9622,-11.887,1.8073],[135.9618,-11.8798,2.5139],[135.9643,-11.8784,2.2461],[135.9677,-11.8798,5.2473],[135.9748,-11.8704,1.677],[135.9785,-11.8592,12.2914],[135.9857,-11.8536,10.5202]]],
[[[136.0979,-12.0682,0.4151],[136.0969,-12.0751,2.4646],[136.099,-12.0714,6.1227],[136.0994,-12.0677,0.0],[136.0979,-12.0682,0.4151]]],
[[[136.049,-11.7876,3.3986],[136.0509,-11.7871,-0.0734],[136.0503,-11.7856,1.7589],[136.0468,-11.7858,0.7231],[136.0436,-11.7831,4.7312],[136.0412,-11.7838,11.6533],[136.0387,-11.7876,6.2289],[136.0387,-11.7922,6.1173],[136.0344,-11.8032,8.4429],[136.0288,-11.8124,3.4818],[136.0387,-11.8064,3.065],[136.0435,-11.8013,1.7456],[136.0435,-11.7957,3.1297],[136.0478,-11.7916,4.3987],[136.049,-11.7876,3.3986]]],
[[[136.0919,-11.7567,6.0368],[136.0928,-11.7539,0.8733],[136.0966,-11.7536,0.0],[136.0992,-11.7505,5.476],[136.1042,-11.7484,4.8759],[136.1046,-11.7462,0.0],[136.1028,-11.7454,2.0016],[136.1017,-11.7421,4.3614],[136.0998,-11.7411,0.0],[136.0998,-11.743,4.1514],[136.0939,-11.7484,3.7926],[136.0866,-11.7481,4.4808],[136.0777,-11.7528,9.1392],[136.0804,-11.7565,4.2225],[136.0796,-11.7636,9.0607],[136.0739,-11.7695,6.2442],[136.0747,-11.7713,1.2183],[136.079,-11.7733,0.0],[136.0813,-11.7722,8.1482],[136.0919,-11.7567,6.0368]]],
[[[136.147,-11.7126,4.1615],[136.1492,-11.7083,0.0],[136.1539,-11.7058,0.0],[136.1554,-11.6963,1.0207],[136.1536,-11.6922,6.8397],[136.1466,-11.685,0.0],[136.1391,-11.682,4.3815],[136.1382,-11.6833,7.4629],[136.1419,-11.6877,9.0363],[136.1406,-11.6976,1.0187],[136.1349,-11.7036,0.683],[136.129,-11.7042,1.6531],[136.1253,-11.7112,2.2273],[136.1278,-11.7147,12.0452],[136.1281,-11.721,7.8917],[136.1314,-11.7254,1.0803],[136.1412,-11.7201,6.2804],[136.1453,-11.713,12.5889],[136.147,-11.7126,4.1615]]],
[[[135.9769,-11.7415,3.9388],[135.9781,-11.7371,5.3915],[135.9756,-11.7313,5.1794],[135.9687,-11.7348,6.3823],[135.9644,-11.7321,0.8357],[135.9527,-11.7327,3.5745],[135.9558,-11.7381,5.1004],[135.9524,-11.7422,5.9774],[135.9456,-11.743,7.9269],[135.9412,-11.741,0.0],[135.9403,-11.7458,4.5801],[135.9373,-11.7493,0.7275],[135.9401,-11.7563,4.5136],[135.94,-11.7639,3.8554],[135.9427,-11.7651,7.5785],[135.9484,-11.7612,8.8559],[135.9527,-11.7634,4.1101],[135.9605,-11.7602,2.4022],[135.9669,-11.7536,3.3876],[135.9681,-11.7453,6.7477],[135.9769,-11.7415,3.9388]]],
[[[135.1696,-11.7065,-0.1445],[135.1694,-11.701,-0.0984],[135.162,-11.6979,0.0],[135.1579,-11.6868,0.0],[135.1501,-11.6876,-0.0629],[135.1521,-11.6986,0.593],[135.1565,-11.7057,2.7419],[135.1623,-11.7089,-0.4739],[135.1676,-11.7092,-1.163],[135.1696,-11.7065,-0.1445]]],
[[[136.055,-11.6505,0.3565],[136.0489,-11.6443,0.0],[136.0349,-11.6473,1.7173],[136.0324,-11.6465,5.3552],[136.0242,-11.639,4.983],[136.0098,-11.6484,2.0022],[136.012,-11.6544,11.0739],[136.0089,-11.6502,5.771],[136.0044,-11.6506,0.0],[135.9861,-11.6575,0.0],[135.9672,-11.6686,0.0],[135.9602,-11.6705,0.0],[135.9527,-11.6785,9.3821],[135.9491,-11.6904,7.2747],[135.9502,-11.696,9.127],[135.9593,-11.7048,5.6768],[135.9686,-11.7068,10.4432],[135.9815,-11.7149,6.01],[135.9873,-11.7103,0.0],[135.9906,-11.704,4.6232],[135.9931,-11.7113,0.9412],[135.9917,-11.716,5.3911],[135.9934,-11.7192,7.9895],[135.9992,-11.7162,6.1723],[136.0005,-11.712,4.4858],[136.013,-11.6998,0.0],[136.023,-11.6871,2.482],[136.0298,-11.6862,11.0694],[136.0315,-11.6775,6.2551],[136.0412,-11.6643,4.0228],[136.0449,-11.6636,0.0],[136.0452,-11.6606,1.5859],[136.0501,-11.6553,0.0],[136.056,-11.6531,2.0631],[136.055,-11.6505,0.3565]]],
[[[136.0597,-11.6464,3.9654],[136.0603,-11.6475,3.9654],[136.0628,-11.6469,3.1238],[136.0677,-11.6362,0.0],[136.0626,-11.628,2.425],[136.0627,-11.6316,6.3057],[136.0591,-11.6339,7.5266],[136.0544,-11.6405,3.905],[136.0597,-11.6464,3.9654]]],
[[[136.0779,-11.5937,5.9544],[136.0786,-11.6038,4.9274],[136.0821,-11.6044,5.555],[136.0867,-11.5991,0.0],[136.0905,-11.5876,0.0],[136.0898,-11.5819,0.9508],[136.0875,-11.5813,3.3712],[136.0777,-11.5861,3.4055],[136.076,-11.5922,7.0487],[136.0779,-11.5937,5.9544]]],
[[[136.1216,-11.552,0.0],[136.1221,-11.5436,0.6651],[136.1119,-11.5461,2.7944],[136.106,-11.5591,8.7248],[136.1088,-11.567,4.9256],[136.114,-11.5654,4.1829],[136.1216,-11.552,0.0]]],
[[[136.4191,-13.857,1.2762],[136.4191,-13.8588,0.6228],[136.423,-13.8614,0.0],[136.429,-13.8693,1.1798],[136.4334,-13.8777,0.0],[136.4361,-13.8935,9.6973],[136.4328,-13.9085,0.0],[136.4273,-13.918,0.0],[136.4271,-13.9276,0.0],[136.4256,-13.9343,9.346],[136.4225,-13.9394,0.0],[136.4208,-13.9503,0.0],[136.4121,-13.9641,0.3174],[136.4082,-13.9763,0.0],[136.4182,-13.996,2.6972],[136.4158,-13.9999,0.0],[136.4156,-14.0153,0.0],[136.4219,-14.0466,4.316],[136.4206,-14.0485,5.485],[136.4175,-14.0475,0.0],[136.4204,-14.0523,1.4173],[136.418,-14.058,1.2835],[136.4214,-14.0673,1.0606],[136.4294,-14.0764,0.4848],[136.4306,-14.0799,0.0],[136.4332,-14.0798,2.3972],[136.4294,-14.0849,0.0],[136.4296,-14.0942,6.7353],[136.4351,-14.1001,0.2073],[136.4422,-14.1136,3.0286],[136.4426,-14.1235,0.3882],[136.4395,-14.128,1.6147],[136.4366,-14.1284,1.282],[136.4353,-14.1306,0.4251],[136.4314,-14.1309,0.0],[136.421,-14.1423,0.0],[136.4187,-14.1471,0.0],[136.4199,-14.1545,1.6272],[136.4221,-14.155,2.5889],[136.4114,-14.1695,1.7675],[136.4095,-14.1686,1.0534],[136.398,-14.1779,0.0],[136.344,-14.2018,0.0],[136.3381,-14.2069,0.0],[136.3245,-14.2133,0.6082],[136.3233,-14.2162,1.2281],[136.3256,-14.2201,0.0],[136.3259,-14.2267,0.0],[136.3247,-14.2461,0.3571],[136.3566,-14.2201,1.8048],[136.3743,-14.2132,0.0],[136.3956,-14.2023,7.4773],[136.4131,-14.1993,1.8433],[136.4215,-14.1961,7.3993],[136.4373,-14.1963,1.5534],[136.4456,-14.1993,3.9721],[136.4509,-14.2041,0.8883],[136.4536,-14.2079,3.1166],[136.4555,-14.218,0.4176],[136.4705,-14.2276,1.3238],[136.4793,-14.229,3.0969],[136.4908,-14.237,0.6707],[136.5069,-14.2345,3.2722],[136.5081,-14.2347,0.7646],[136.5051,-14.2361,3.5754],[136.5082,-14.2366,0.0],[136.5105,-14.2331,1.257],[136.5246,-14.2338,4.4518],[136.5297,-14.2383,0.4257],[136.5299,-14.2444,0.0],[136.5405,-14.2541,1.025],[136.5518,-14.2528,13.7585],[136.5566,-14.2541,9.4834],[136.5595,-14.2574,6.5343],[136.5664,-14.2605,6.4319],[136.5726,-14.2589,3.5373],[136.5853,-14.2593,0.0],[136.5903,-14.2604,1.6453],[136.5911,-14.2639,1.5663],[136.6034,-14.2627,6.8616],[136.6282,-14.265,3.3543],[136.6334,-14.2688,12.4613],[136.6311,-14.2763,11.9028],[136.6339,-14.2836,1.858],[136.6456,-14.2861,21.2556],[136.6499,-14.2962,2.9205],[136.6524,-14.2961,0.0],[136.6607,-14.289,1.934],[136.6704,-14.287,12.6919],[136.6728,-14.2935,19.1094],[136.6765,-14.2976,7.6401],[136.6825,-14.2978,3.1747],[136.6833,-14.2963,0.0],[136.6797,-14.2909,3.232],[136.6844,-14.2837,1.5335],[136.6942,-14.2759,3.2723],[136.7008,-14.2748,0.0],[136.706,-14.2761,0.0],[136.7075,-14.2735,3.5972],[136.7101,-14.2747,0.0],[136.7219,-14.2657,3.9856],[136.736,-14.2596,0.0],[136.7435,-14.2589,13.4879],[136.7463,-14.2614,0.0],[136.7555,-14.2581,0.0],[136.7595,-14.2595,42.6019],[136.7583,-14.262,0.7168],[136.7614,-14.2643,5.9569],[136.7663,-14.2616,3.5055],[136.7743,-14.2627,17.253],[136.7843,-14.2603,13.9783],[136.7914,-14.2627,9.56],[136.7928,-14.2667,5.853],[136.7964,-14.2657,11.7118],[136.8094,-14.2707,5.0614],[136.8134,-14.2764,6.9132],[136.813,-14.2794,5.6031],[136.8091,-14.2868,1.6876],[136.8028,-14.2886,1.5771],[136.8091,-14.2899,12.1237],[136.8148,-14.2944,13.0833],[136.8244,-14.2935,2.6815],[136.8124,-14.2874,0.0],[136.8143,-14.2818,0.0],[136.8191,-14.2775,5.1334],[136.8214,-14.2778,7.9446],[136.8214,-14.281,7.1357],[136.8255,-14.2833,1.4089],[136.8273,-14.2823,0.0],[136.8255,-14.2818,0.0],[136.8249,-14.2788,0.0],[136.83,-14.2779,19.4839],[136.8306,-14.2834,9.0594],[136.8352,-14.2864,16.9649],[136.8356,-14.2884,4.2496],[136.8397,-14.2888,11.281],[136.8397,-14.2925,13.1158],[136.8425,-14.2951,2.9784],[136.8455,-14.2898,0.0],[136.8455,-14.2828,6.2817],[136.8531,-14.2788,5.1941],[136.8596,-14.2782,11.5562],[136.8616,-14.2798,24.7982],[136.8604,-14.2828,5.7156],[136.8671,-14.2836,14.4685],[136.8708,-14.287,14.1729],[136.8707,-14.2904,9.3608],[136.8755,-14.2938,12.3387],[136.8757,-14.2974,5.6996],[136.8737,-14.2994,0.0],[136.8746,-14.3011,19.4929],[136.877,-14.3028,8.5109],[136.8835,-14.2991,19.207],[136.8867,-14.301,22.9858],[136.8878,-14.3061,8.5999],[136.8909,-14.3079,0.5431],[136.8953,-14.3048,1.2163],[136.8945,-14.302,3.7851],[136.8964,-14.3018,3.7851],[136.8966,-14.3057,5.0136],[136.9048,-14.3102,0.0],[136.9026,-14.3052,2.1209],[136.9043,-14.3033,0.0],[136.9025,-14.3007,0.0],[136.902,-14.3024,0.0],[136.8995,-14.2997,0.0],[136.899,-14.2971,0.0],[136.9054,-14.2879,1.7804],[136.9096,-14.2849,0.0],[136.9135,-14.2846,1.7078],[136.9158,-14.2852,8.2272],[136.9181,-14.29,6.6034],[136.9274,-14.2939,3.3577],[136.9328,-14.2938,5.7809],[136.9366,-14.299,8.36],[136.9432,-14.2967,4.315],[136.9491,-14.304,4.409],[136.9517,-14.3033,1.1398],[136.9492,-14.3001,0.0],[136.9507,-14.298,2.5031],[136.952,-14.2998,0.4597],[136.9531,-14.298,0.0],[136.9522,-14.2949,0.0],[136.9503,-14.2935,0.0],[136.9491,-14.2957,3.629],[136.9428,-14.2943,0.0],[136.9359,-14.2909,0.0],[136.9353,-14.284,2.2592],[136.9372,-14.2807,17.6941],[136.9402,-14.2819,0.0],[136.9418,-14.28,7.1959],[136.9429,-14.2816,0.0],[136.9467,-14.2777,2.7921],[136.9498,-14.2803,5.4839],[136.9542,-14.2809,1.3209],[136.9582,-14.2845,7.3999],[136.9646,-14.2826,0.0],[136.948,-14.2762,0.0],[136.9457,-14.2728,0.0],[136.9459,-14.2651,0.0],[136.9407,-14.2604,0.0],[136.9429,-14.2543,3.0559],[136.9495,-14.2478,7.4364],[136.9598,-14.2449,0.0],[136.9531,-14.2426,0.0],[136.9499,-14.2345,3.0463],[136.9526,-14.2286,0.0],[136.9457,-14.2255,0.0],[136.9472,-14.2216,0.8001],[136.9519,-14.2196,1.4974],[136.9444,-14.2132,0.0],[136.9361,-14.2122,0.0],[136.9343,-14.2037,0.0],[136.9364,-14.1942,0.0],[136.9402,-14.1892,12.4371],[136.9424,-14.1885,12.6091],[136.9476,-14.1904,12.3301],[136.9484,-14.1948,1.5603],[136.9541,-14.1931,0.0],[136.9556,-14.1872,0.0],[136.9603,-14.1808,0.0],[136.9576,-14.1784,0.0],[136.9575,-14.1764,0.5038],[136.964,-14.1648,0.0135],[136.958,-14.1642,0.0],[136.9452,-14.1571,0.0],[136.9415,-14.1606,0.0],[136.9369,-14.1601,0.0],[136.9331,-14.1619,0.2889],[136.9337,-14.1637,3.2654],[136.9283,-14.1643,0.0],[136.9216,-14.159,0.0],[136.9203,-14.1526,0.3159],[136.9234,-14.1489,2.9712],[136.9296,-14.1468,0.0],[136.9307,-14.1439,0.0],[136.9264,-14.1431,0.6612],[136.9227,-14.1399,0.0],[136.9182,-14.1394,0.0],[136.9156,-14.1363,0.1714],[136.9113,-14.1376,0.0],[136.9106,-14.139,0.6588],[136.9152,-14.1416,3.239],[136.9156,-14.144,1.6517],[136.9091,-14.1521,7.0786],[136.9111,-14.1535,13.9155],[136.912,-14.1581,2.3474],[136.9161,-14.1591,4.2317],[136.9182,-14.1648,3.3985],[136.9147,-14.1715,0.0],[136.9048,-14.1809,1.1841],[136.8956,-14.201599999999999,0.4048],[136.8908,-14.2052,0.5716],[136.8806,-14.2092,0.0],[136.8631,-14.2108,0.0],[136.8539,-14.2065,0.0],[136.8548,-14.2023,0.0],[136.8488,-14.1966,0.5563],[136.847,-14.1897,5.4859],[136.8429,-14.1831,2.2288],[136.8387,-14.181,0.0],[136.8372,-14.1784,0.0],[136.8277,-14.1749,1.3325],[136.822,-14.1697,0.0],[136.8193,-14.1645,0.0],[136.8171,-14.1658,0.0],[136.8109,-14.1642,0.0],[136.8021,-14.1541,0.6652],[136.8035,-14.1503,0.3556],[136.8007,-14.1472,0.0],[136.7974,-14.1513,3.4766],[136.7926,-14.1502,0.0],[136.7886,-14.1516,4.2107],[136.7845,-14.1492,0.0],[136.7813,-14.1441,0.0],[136.777,-14.1442,0.0],[136.7768,-14.1465,1.4216],[136.7812,-14.1512,5.9331],[136.7788,-14.1564,17.3079],[136.7824,-14.1634,6.4254],[136.7789,-14.168,1.7933],[136.7724,-14.1679,0.0],[136.7709,-14.1695,0.4115],[136.7763,-14.176,10.0025],[136.7807,-14.1761,12.9789],[136.7818,-14.1819,12.5109],[136.7886,-14.1864,6.7965],[136.7854,-14.1931,3.7481],[136.7816,-14.1923,0.0],[136.7731,-14.1946,4.8383],[136.7698,-14.1933,0.199],[136.7633,-14.1957,0.0],[136.761,-14.1944,0.0],[136.7605,-14.1911,0.0],[136.7527,-14.1862,0.0],[136.7405,-14.1858,0.0],[136.7334,-14.1905,0.0],[136.7224,-14.1879,2.1169],[136.7244,-14.1875,0.0],[136.7071,-14.169,4.1204],[136.7054,-14.1631,0.0],[136.7075,-14.1572,0.0],[136.7144,-14.1523,1.7485],[136.713,-14.145,4.9179],[136.7156,-14.1422,0.6934],[136.7054,-14.1408,0.0],[136.6998,-14.1218,0.0],[136.6997,-14.1146,0.0],[136.7027,-14.1068,1.4762],[136.7044,-14.1056,1.1737],[136.7092,-14.1075,12.2339],[136.7115,-14.1067,0.0],[136.7093,-14.102,0.0],[136.7131,-14.0994,2.4329],[136.7207,-14.1043,1.8893],[136.7191,-14.0985,0.0],[136.7138,-14.0983,0.0],[136.7133,-14.0931,3.5956],[136.7194,-14.082,6.4258],[136.7241,-14.0781,0.0],[136.7239,-14.0745,0.0],[136.7201,-14.0715,0.0],[136.7221,-14.0687,1.9371],[136.7328,-14.0653,4.2495],[136.7377,-14.0662,4.4029],[136.7416,-14.0719,0.8873],[136.7378,-14.0784,1.0335],[136.7461,-14.0859,9.8204],[136.7495,-14.0848,9.2336],[136.7522,-14.0869,2.7129],[136.7536,-14.0825,0.0],[136.7526,-14.0757,0.0],[136.7476,-14.0731,2.3181],[136.7479,-14.0665,3.1942],[136.7528,-14.0569,1.2523],[136.7559,-14.0555,9.1854],[136.7576,-14.0585,6.4606],[136.7587,-14.0581,0.0],[136.7619,-14.0521,0.0],[136.7604,-14.0507,0.0],[136.7602,-14.0464,0.5974],[136.764,-14.0438,3.1653],[136.769,-14.043,9.0931],[136.7753,-14.0462,11.0328],[136.7776,-14.0514,8.7164],[136.7743,-14.0552,0.0],[136.7773,-14.058,0.0],[136.7825,-14.0526,0.6801],[136.7811,-14.0453,5.474],[136.7841,-14.0398,3.6896],[136.7922,-14.0367,7.7385],[136.7971,-14.0411,11.056],[136.8023,-14.0394,14.6777],[136.8035,-14.0404,8.8684],[136.8042,-14.038,0.0],[136.8076,-14.0359,0.0],[136.8073,-14.0292,3.6439],[136.8094,-14.0252,1.7883],[136.8059,-14.0208,1.9631],[136.8075,-14.0181,0.6461],[136.8018,-14.0204,0.0],[136.7981,-14.0175,0.0],[136.7956,-14.0208,0.0],[136.7902,-14.0189,0.0],[136.7867,-14.0237,3.0806],[136.7827,-14.025,0.0],[136.779,-14.0239,0.0],[136.7702,-14.0174,0.0],[136.7649,-14.0083,0.0],[136.7618,-13.9985,1.6983],[136.7623,-13.9857,2.6823],[136.7709,-13.9511,5.7677],[136.7789,-13.934,3.7904],[136.791,-13.9164,1.7714],[136.7961,-13.912,1.4931],[136.8126,-13.9041,6.9415],[136.8171,-13.9043,11.4745],[136.8218,-13.9086,3.148],[136.8303,-13.9074,6.7127],[136.8363,-13.9099,0.0],[136.8445,-13.9076,11.5227],[136.852,-13.9129,2.7976],[136.8551,-13.9115,2.9181],[136.8578,-13.9128,0.0],[136.8595,-13.9064,0.0],[136.8576,-13.8999,0.0],[136.8585,-13.8932,1.3191],[136.884,-13.8428,10.8888],[136.9005,-13.819,10.0016],[136.912,-13.8076,12.1327],[136.9191,-13.8066,7.7892],[136.9234,-13.808,2.1274],[136.9244,-13.8065,8.1689],[136.9215,-13.7978,0.0],[136.9176,-13.7955,0.3457],[136.9175,-13.7927,0.0],[136.914,-13.7895,10.2575],[136.9133,-13.7796,2.9432],[136.9091,-13.7687,0.0],[136.9052,-13.764099999999999,0.0555],[136.8942,-13.7599,2.0856],[136.8887,-13.7539,0.0],[136.8841,-13.754,0.0],[136.8803,-13.7567,0.0],[136.8773,-13.7557,0.0],[136.8709,-13.7566,2.3115],[136.8467,-13.7502,2.9912],[136.8394,-13.7454,0.2865],[136.8369,-13.7483,0.0],[136.8399,-13.7618,0.0],[136.8377,-13.7699,0.0],[136.8395,-13.7739,1.3526],[136.8393,-13.7803,1.6231],[136.8331,-13.7885,0.0],[136.8147,-13.8019,0.0],[136.806,-13.8201,0.4218],[136.802,-13.824,0.0],[136.797,-13.8342,0.0],[136.7978,-13.8379,0.0],[136.8081,-13.8174,1.8555],[136.8137,-13.8121,1.3223],[136.8248,-13.8052,0.7445],[136.8326,-13.8023,2.0665],[136.8373,-13.8024,2.4074],[136.8423,-13.8074,8.3672],[136.8453,-13.8136,5.4415],[136.8447,-13.824,0.0],[136.8373,-13.8429,0.417],[136.8281,-13.8499,0.4212],[136.8192,-13.8537,0.0],[136.8139,-13.8549,1.0871],[136.8128,-13.8538,0.0],[136.8116,-13.8558,0.0],[136.8014,-13.8552,1.9082],[136.7967,-13.8537,2.0683],[136.7935,-13.8479,0.0],[136.7822,-13.8478,0.0],[136.7767,-13.846,6.6354],[136.7737,-13.8426,0.0],[136.7652,-13.8414,2.9846],[136.7562,-13.8353,8.1438],[136.7545,-13.8324,0.0],[136.746,-13.8338,0.8678],[136.7422,-13.8372,9.237],[136.7372,-13.8383,3.8819],[136.7328,-13.8438,1.1141],[136.7269,-13.8432,2.6067],[136.7237,-13.8409,0.0],[136.7221,-13.8358,0.0032],[136.7183,-13.8358,0.8201],[136.7216,-13.8339,4.0884],[136.7227,-13.831,4.2105],[136.7263,-13.8294,2.6965],[136.7291,-13.8197,2.8967],[136.7229,-13.8169,4.4973],[136.7168,-13.8108,0.9212],[136.7174,-13.8023,1.717],[136.7141,-13.7991,3.3651],[136.7125,-13.7938,3.4977],[136.7147,-13.7883,4.027],[136.7214,-13.7836,1.7902],[136.72,-13.7813,2.7276],[136.7213,-13.7784,4.965],[136.7275,-13.7758,4.6328],[136.7287,-13.7786,0.1319],[136.7326,-13.7783,0.0],[136.7354,-13.771,1.0227],[136.7309,-13.7685,1.2307],[136.7279,-13.7699,4.201],[136.7247,-13.7675,0.0],[136.7244,-13.7707,2.5327],[136.718,-13.7758,1.4519],[136.7132,-13.7755,3.108],[136.7116,-13.773,0.6495],[136.7076,-13.7742,0.0],[136.7072,-13.7765,5.0243],[136.7042,-13.7779,0.0],[136.6971,-13.7749,0.0],[136.6895,-13.7639,0.0],[136.6876,-13.748,6.2877],[136.6906,-13.7446,0.5616],[136.6854,-13.7482,3.5541],[136.6815,-13.7428,1.5616],[136.6811,-13.7394,0.0],[136.6817,-13.7339,2.0781],[136.6861,-13.7272,5.7634],[136.6882,-13.7263,0.0],[136.6945,-13.7288,2.0987],[136.7008,-13.7241,4.5731],[136.7045,-13.7176,7.6711],[136.7073,-13.7157,0.9795],[136.7199,-13.7177,0.5214],[136.7187,-13.7127,2.6043],[136.7208,-13.7062,7.7102],[136.7289,-13.6944,0.4811],[136.728,-13.691,2.8547],[136.731,-13.687,2.0869],[136.7301,-13.6846,2.2726],[136.7315,-13.6813,4.4966],[136.7291,-13.6785,2.4194],[136.7294,-13.6752,4.5788],[136.7324,-13.6736,0.0],[136.7278,-13.67,0.0],[136.7273,-13.6675,4.502],[136.7311,-13.6622,3.2344],[136.7296,-13.6561,0.324],[136.7274,-13.6548,3.2959],[136.7296,-13.6539,1.4052],[136.7259,-13.6507,0.0],[136.7237,-13.6534,4.9436],[136.7249,-13.6551,6.4089],[136.7199,-13.6606,1.8071],[136.7197,-13.6645,6.0177],[136.7175,-13.6659,1.5365],[136.7128,-13.6645,2.3448],[136.7125,-13.6613,4.1074],[136.71,-13.6599,3.1473],[136.7105,-13.6575,0.0],[136.7076,-13.6589,1.2514],[136.7049,-13.6581,0.0],[136.7051,-13.6616,2.1526],[136.6975,-13.6634,6.2333],[136.6924,-13.659,3.5388],[136.6943,-13.6556,8.4184],[136.6965,-13.6552,4.4087],[136.6949,-13.6518,1.2354],[136.6916,-13.654,0.9568],[136.6886,-13.6601,0.0],[136.6901,-13.662,1.8778],[136.6888,-13.6706,15.5606],[136.6785,-13.6801,0.964],[136.6789,-13.6908,0.6429],[136.6753,-13.6988,0.7202],[136.6763,-13.7022,0.0],[136.675,-13.7028,0.0],[136.673,-13.6996,0.7853],[136.6699,-13.6997,6.5112],[136.6674,-13.696,0.8444],[136.664,-13.6944,0.0],[136.6652,-13.6967,4.8907],[136.6619,-13.7041,0.0],[136.659,-13.704,1.5363],[136.6537,-13.6999,0.0],[136.6475,-13.7001,0.275],[136.6466,-13.7024,2.1819],[136.6428,-13.7022,0.0],[136.6395,-13.7041,3.0523],[136.6384,-13.7083,5.2127],[136.6325,-13.7136,0.0],[136.6324,-13.7157,0.0],[136.6357,-13.7171,1.1567],[136.6328,-13.7203,0.799],[136.6244,-13.7181,1.7714],[136.6171,-13.706,3.5796],[136.6196,-13.7043,0.2839],[136.6212,-13.6998,0.8008],[136.6255,-13.6999,0.9107],[136.6317,-13.6907,4.2641],[136.6366,-13.689,1.2723],[136.63,-13.6887,0.0],[136.6255,-13.6907,0.0],[136.6212,-13.6882,1.3109],[136.6189,-13.6887,6.0935],[136.6167,-13.6852,0.7507],[136.6176,-13.6789,0.2321],[136.6117,-13.6788,1.0568],[136.611,-13.6822,9.2227],[136.6086,-13.6842,1.0137],[136.6067,-13.683,1.4214],[136.6025,-13.685,23.8785],[136.5996,-13.6842,0.0],[136.5978,-13.6873,0.0],[136.5958,-13.6866,4.0454],[136.5978,-13.683,3.5455],[136.5958,-13.6788,0.5383],[136.5934,-13.683,5.0655],[136.5871,-13.6834,2.521],[136.5778,-13.6874,1.2596],[136.574,-13.6934,0.2204],[136.5783,-13.6945,4.3881],[136.5859,-13.6925,5.2024],[136.5913,-13.6948,0.0],[136.5927,-13.7034,7.9678],[136.5908,-13.7116,3.5211],[136.5846,-13.718,1.8769],[136.5867,-13.7212,9.1642],[136.5881,-13.7209,10.058],[136.5893,-13.725,0.0],[136.5979,-13.7291,1.283],[136.6053,-13.7292,4.7622],[136.6106,-13.7326,3.9096],[136.6181,-13.7442,1.3567],[136.618,-13.7486,0.0],[136.6161,-13.7559,0.0],[136.6077,-13.7636,0.0],[136.615,-13.7613,0.0],[136.6189,-13.7639,1.6439],[136.6305,-13.7662,1.896],[136.632,-13.7743,4.8501],[136.6293,-13.7773,1.1425],[136.6361,-13.7795,3.0597],[136.6381,-13.7817,2.7307],[136.638,-13.7836,1.3769],[136.632,-13.7888,1.2228],[136.6244,-13.7908,1.2633],[136.6167,-13.7895,0.0],[136.6079,-13.7854,2.3277],[136.5941,-13.787,6.3684],[136.5932,-13.7917,0.5131],[136.5959,-13.7988,0.0],[136.6011,-13.8011,2.3976],[136.6028,-13.8039,4.6134],[136.5998,-13.807,2.9375],[136.5839,-13.8086,3.5776],[136.5814,-13.8059,1.4872],[136.5812,-13.7996,1.6779],[136.5742,-13.7986,1.5034],[136.5723,-13.8008,0.4416],[136.5724,-13.804,1.48],[136.5751,-13.8089,0.0],[136.5712,-13.8125,0.9236],[136.5654,-13.8144,0.7459],[136.5662,-13.8299,1.1995],[136.5641,-13.8189,3.8382],[136.5602,-13.8153,4.2092],[136.5544,-13.8198,6.7452],[136.5522,-13.8198,5.2386],[136.5415,-13.8162,0.0],[136.5392,-13.814,5.3572],[136.5375,-13.8087,7.8984],[136.538,-13.8038,15.4701],[136.5399,-13.8015,4.9895],[136.5401,-13.7953,6.553],[136.5426,-13.7891,0.0],[136.5414,-13.7876,0.0],[136.5308,-13.785,1.1958],[136.527,-13.7872,0.2203],[136.5238,-13.7915,0.0],[136.5239,-13.8094,0.7276],[136.526,-13.8157,0.0],[136.5246,-13.8215,3.5444],[136.5135,-13.8319,3.2903],[136.4949,-13.8381,3.0338],[136.4956,-13.8408,4.3507],[136.4915,-13.8355,3.7306],[136.4837,-13.8338,4.5684],[136.4628,-13.8345,2.0067],[136.4621,-13.8286,2.3824],[136.4571,-13.8192,0.1874],[136.4478,-13.8245,0.7401],[136.449,-13.829,1.5886],[136.4404,-13.8314,1.1765],[136.4404,-13.8242,4.2465],[136.4436,-13.8246,0.0],[136.4461,-13.8232,0.7401],[136.4463,-13.8212,0.0],[136.439,-13.8194,13.3629],[136.4347,-13.8151,10.871],[136.4226,-13.8156,0.0],[136.4202,-13.8205,2.5289],[136.4092,-13.831,6.4131],[136.4078,-13.8425,0.0],[136.4087,-13.8464,0.0],[136.4127,-13.8398,21.6217],[136.4229,-13.8455,16.8809],[136.4272,-13.8455,37.4045],[136.4272,-13.855,24.8419],[136.4191,-13.857,1.2762]]],
[[[136.5713,-13.779,0.0],[136.5731,-13.7865,0.0],[136.5753,-13.7877,0.8339],[136.58,-13.7765,0.0],[136.5728,-13.7731,0.3664],[136.5713,-13.779,0.0]]],
[[[136.5309,-13.7035,0.0],[136.5284,-13.7036,1.4288],[136.5249,-13.7011,0.0],[136.5178,-13.7024,3.0655],[136.5098,-13.6985,0.474],[136.5089,-13.7003,1.1142],[136.512,-13.7017,0.8206],[136.518,-13.71,4.0729],[136.5177,-13.714,0.4609],[136.5146,-13.7186,4.6895],[136.5058,-13.7213,5.1938],[136.5012,-13.7206,4.2155],[136.4952,-13.7134,0.0],[136.4843,-13.7191,0.0],[136.4716,-13.7201,1.2923],[136.4725,-13.7253,0.4127],[136.4684,-13.7304,0.0],[136.4664,-13.7376,0.0],[136.4692,-13.7465,0.0],[136.4728,-13.7504,2.1345],[136.4827,-13.7539,0.8754],[136.4904,-13.7592,3.1282],[136.4948,-13.7763,0.0],[136.4981,-13.7821,2.2437],[136.5069,-13.7883,3.4715],[136.5097,-13.786,3.5638],[136.5131,-13.7865,0.0],[136.5166,-13.7915,0.8668],[136.5195,-13.7927,2.4228],[136.533,-13.78,0.0],[136.536,-13.7734,3.1443],[136.5399,-13.7748,1.3321],[136.5417,-13.7718,2.1531],[136.5404,-13.7656,3.1158],[136.5359,-13.764099999999999,3.4124],[136.5363,-13.759,4.2958],[136.5342,-13.7532,4.1374],[136.5317,-13.7523,1.0518],[136.5374,-13.7443,3.5469],[136.5386,-13.7389,0.9946],[136.5343,-13.7285,4.5288],[136.5342,-13.7201,5.0294],[136.5285,-13.7143,0.9682],[136.5281,-13.71,11.4168],[136.5309,-13.7035,0.0]]],
[[[136.5458,-13.7291,2.3711],[136.5468,-13.727,1.2578],[136.5447,-13.7282,2.3711],[136.5446,-13.7295,0.0],[136.5458,-13.7291,2.3711]]],
[[[136.7438,-13.6886,0.0],[136.7425,-13.6908,3.2364],[136.7397,-13.6895,18.6723],[136.7395,-13.687,8.4717],[136.7365,-13.6869,6.2386],[136.7337,-13.696,0.0],[136.7358,-13.6952,2.5142],[136.7379,-13.6969,1.3751],[136.7418,-13.6937,9.0903],[136.7456,-13.6933,4.414],[136.7456,-13.6958,4.0528],[136.7486,-13.694,5.9825],[136.7505,-13.6958,0.0],[136.7543,-13.6907,0.0],[136.7525,-13.6921,1.4636],[136.7505,-13.6904,0.0],[136.7487,-13.6918,8.4325],[136.7487,-13.6888,4.2144],[136.7445,-13.6905,2.1893],[136.7438,-13.6886,0.0]]],
[[[136.9056,-13.6661,1.5618],[136.9091,-13.6686,0.0],[136.9137,-13.6643,0.0],[136.9113,-13.659,0.0],[136.9085,-13.6584,0.0],[136.9011,-13.6622,0.0],[136.8972,-13.6683,2.1936],[136.8886,-13.673,2.9933],[136.887,-13.6761,1.7741],[136.8887,-13.6773,2.114],[136.8963,-13.6765,0.0],[136.8972,-13.6793,0.9216],[136.9006,-13.678,0.0],[136.9019,-13.6742,0.0],[136.9001,-13.6729,1.7184],[136.9056,-13.6661,1.5618]]],
[[[136.933,-13.6633,2.5763],[136.9361,-13.6645,0.0],[136.9373,-13.6628,0.2025],[136.9326,-13.6617,3.4821],[136.9301,-13.6587,0.0],[136.9258,-13.6618,2.1071],[136.9278,-13.6634,5.8596],[136.9268,-13.6668,0.0],[136.932,-13.6658,0.865],[136.933,-13.6633,2.5763]]],
[[[136.6857,-13.6345,0.0],[136.6847,-13.6325,0.0],[136.6832,-13.6343,4.0061],[136.6824,-13.6321,0.0],[136.6809,-13.6331,0.6132],[136.6812,-13.6381,3.2355],[136.683,-13.6392,4.356],[136.6805,-13.6403,10.1466],[136.6822,-13.6415,10.2014],[136.6793,-13.6443,0.0],[136.6806,-13.6477,5.8992],[136.6827,-13.6478,4.2272],[136.6868,-13.6447,0.0],[136.6878,-13.6401,2.8244],[136.6849,-13.641,2.4388],[136.6849,-13.639099999999999,10.0977],[136.6891,-13.6367,0.0],[136.6884,-13.635,3.1982],[136.6857,-13.6345,0.0]]],
[[[136.6003,-13.6615,1.1713],[136.6026,-13.657,0.105],[136.594,-13.6556,6.8677],[136.5906,-13.6533,9.7487],[136.5863,-13.6538,4.7144],[136.5801,-13.6582,5.2374],[136.5802,-13.6609,7.7569],[136.5755,-13.667,0.0],[136.5813,-13.6691,0.5525],[136.5913,-13.6675,10.0982],[136.5942,-13.6641,2.8946],[136.5973,-13.6642,4.7846],[136.6003,-13.6615,1.1713]]],
[[[136.65,-13.6648,2.0753],[136.6515,-13.6655,2.0753],[136.6532,-13.6636,13.7534],[136.6567,-13.6553,0.0],[136.6544,-13.6543,0.0],[136.6437,-13.6569,0.7621],[136.6465,-13.6582,10.831],[136.644,-13.6589,0.0],[136.6455,-13.6618,5.4666],[136.6489,-13.6604,16.4684],[136.6469,-13.6648,0.8222],[136.65,-13.6648,2.0753]]],
[[[136.6751,-12.8754,1.4451],[136.6752,-12.8708,0.9626],[136.6688,-12.8701,3.8239],[136.6673,-12.8718,0.0],[136.6706,-12.8756,2.4227],[136.6774,-12.8771,3.4924],[136.6751,-12.8754,1.4451]]],
[[[136.6211,-12.8684,1.3854],[136.6248,-12.8686,1.6142],[136.6256,-12.8657,2.3346],[136.6304,-12.8643,3.2015],[136.6263,-12.86,10.9315],[136.6264,-12.8545,0.4305],[136.6182,-12.8585,0.0],[136.6207,-12.8631,0.9121],[136.6211,-12.8684,1.3854]]],
[[[136.957,-13.6342,5.0207],[136.9626,-13.6269,0.0],[136.9616,-13.6253,1.3544],[136.9601,-13.6267,18.2426],[136.9582,-13.6259,0.0],[136.9574,-13.6281,14.121],[136.9542,-13.627,9.3922],[136.9499,-13.6299,0.0],[136.9492,-13.634,5.3774],[136.9451,-13.6358,1.6737],[136.9428,-13.6343,2.8172],[136.9333,-13.6344,0.0],[136.9283,-13.6379,0.4443],[136.9298,-13.6389,5.5114],[136.9255,-13.6445,5.0513],[136.9277,-13.6474,0.2338],[136.9324,-13.6447,0.4992],[136.9344,-13.646,1.3654],[136.942,-13.6432,0.0],[136.9459,-13.6466,0.0],[136.9464,-13.6439,0.0],[136.9503,-13.6435,4.2003],[136.9512,-13.6489,2.3234],[136.9536,-13.6442,0.0],[136.9522,-13.6433,0.0],[136.9568,-13.639099999999999,0.0],[136.957,-13.6342,5.0207]]],
[[[136.7013,-13.622,0.0],[136.7023,-13.6204,0.757],[136.6997,-13.6194,0.0838],[136.7003,-13.6173,0.0024],[136.6979,-13.6182,9.9285],[136.6971,-13.6212,14.8354],[136.6926,-13.6229,0.0],[136.6923,-13.6257,0.0],[136.6861,-13.6277,0.0],[136.6863,-13.6313,0.0],[136.6913,-13.6309,5.4582],[136.6987,-13.6365,0.0],[136.7018,-13.635,0.2289],[136.7015,-13.6318,4.4763],[136.7001,-13.6336,2.7579],[136.6974,-13.6334,1.0465],[136.7,-13.6288,0.2879],[136.6963,-13.6287,4.4547],[136.6953,-13.6259,14.2881],[136.6996,-13.6243,0.0],[136.7013,-13.622,0.0]]],
[[[136.7285,-12.883,10.4496],[136.7241,-12.8851,11.1755],[136.7262,-12.8884,0.8059],[136.7305,-12.8871,2.8198],[136.7301,-12.8831,2.7166],[136.7286,-12.8819,2.1314],[136.7285,-12.883,10.4496]]],
[[[136.9132,-12.2594,2.9283],[136.9129,-12.2576,9.2191],[136.9077,-12.2577,0.0],[136.9115,-12.2601,0.0],[136.9132,-12.2594,2.9283]]],
[[[136.3178,-13.5876,0.0],[136.3176,-13.5918,0.0],[136.3219,-13.5924,2.5852],[136.323,-13.5911,2.298],[136.3203,-13.5873,0.6128],[136.3178,-13.5876,0.0]]],
[[[136.2646,-13.4529,7.293],[136.2596,-13.4473,0.0],[136.2579,-13.4486,5.0755],[136.2543,-13.4459,2.7956],[136.2493,-13.4406,4.2894],[136.2482,-13.4359,0.4665],[136.2464,-13.4356,0.4665],[136.246,-13.4379,0.0],[136.2414,-13.4393,0.0],[136.2387,-13.4427,0.5546],[136.2429,-13.4458,7.2862],[136.244,-13.4489,2.134],[136.2426,-13.4582,2.8667],[136.2443,-13.4619,0.2963],[136.2469,-13.4603,0.6304],[136.2461,-13.4558,3.4534],[136.2536,-13.4538,2.7605],[136.2558,-13.4579,3.7113],[136.2656,-13.4621,3.681],[136.2658,-13.4651,1.5101],[136.2684,-13.4669,0.0],[136.2723,-13.4635,0.6815],[136.2729,-13.4602,4.3402],[136.2696,-13.4543,0.0],[136.2646,-13.4529,7.293]]],
[[[136.2257,-13.4381,2.32],[136.223,-13.4395,0.0],[136.2251,-13.4411,5.9072],[136.2307,-13.4417,0.6896],[136.2293,-13.4395,0.0],[136.2257,-13.4381,2.32]]],
[[[136.3759,-13.3191,6.9512],[136.3823,-13.3161,3.8542],[136.3834,-13.3136,1.5136],[136.3744,-13.3106,0.0582],[136.3725,-13.3129,0.0],[136.3691,-13.3133,0.0],[136.3715,-13.3155,0.4653],[136.371,-13.3184,0.0],[136.3759,-13.3191,6.9512]]],
[[[136.6746,-12.1829,0.0],[136.6732,-12.1819,2.0672],[136.6736,-12.1851,0.0],[136.6747,-12.1843,0.0],[136.6746,-12.1829,0.0]]],
[[[136.4538,-11.9174,24.6086],[136.4585,-11.9125,3.3575],[136.4588,-11.8993,2.6152],[136.457,-11.8971,1.1794],[136.4539,-11.9008,0.4294],[136.4466,-11.9032,3.8758],[136.4406,-11.9102,9.4252],[136.4362,-11.9126,6.7921],[136.4347,-11.9188,0.0],[136.4441,-11.9201,0.0],[136.4501,-11.9173,6.0969],[136.4538,-11.9174,24.6086]]],
[[[136.5768,-11.8683,1.5807],[136.5796,-11.8682,1.6885],[136.5795,-11.8644,0.5442],[136.5737,-11.8628,0.0],[136.5697,-11.8651,3.7644],[136.5715,-11.87,0.0],[136.5768,-11.8683,1.5807]]],
[[[136.4913,-11.8137,0.0],[136.4976,-11.8106,0.0],[136.4998,-11.7973,1.1147],[136.4974,-11.794,0.0],[136.4937,-11.7972,1.3618],[136.4939,-11.8008,0.6607],[136.4914,-11.8026,0.9249],[136.4848,-11.8024,6.3501],[136.4825,-11.799,2.7494],[136.4774,-11.8012,0.0],[136.4801,-11.8049,1.643],[136.4781,-11.8102,0.044],[136.4802,-11.8152,0.7041],[136.4799,-11.8191,3.4257],[136.4767,-11.8249,0.8253],[136.4692,-11.8284,1.8475],[136.4698,-11.8354,0.0],[136.4679,-11.8405,0.967],[136.4645,-11.8417,1.4612],[136.4653,-11.8428,1.4612],[136.4708,-11.8415,12.5104],[136.4703,-11.8481,0.0],[136.4684,-11.8505,0.0],[136.4739,-11.8589,0.116],[136.4673,-11.8605,3.3704],[136.4661,-11.8588,0.0],[136.4605,-11.8666,22.6679],[136.4697,-11.8765,0.0],[136.4691,-11.878,5.0035],[136.4646,-11.8779,0.0],[136.4626,-11.8797,21.1359],[136.4622,-11.8842,0.5763],[136.4603,-11.8862,10.8178],[136.4626,-11.8888,-0.1571],[136.4579,-11.8899,0.0],[136.4641,-11.8959,0.9096],[136.4684,-11.8969,0.9075],[136.463,-11.9021,1.0222],[136.4641,-11.9041,2.7741],[136.4791,-11.8987,0.0],[136.4863,-11.8842,53.4018],[136.4846,-11.8773,19.4646],[136.4819,-11.8752,4.3987],[136.4851,-11.8705,0.0],[136.4815,-11.8624,9.9871],[136.4823,-11.8568,63.4371],[136.478,-11.8467,27.8479],[136.4842,-11.8366,9.195],[136.4956,-11.8259,0.0],[136.4998,-11.8185,0.0],[136.4917,-11.8175,1.0003],[136.4913,-11.8137,0.0]]],
[[[136.3057,-11.9907,3.2142],[136.3071,-11.9826,0.9018],[136.3132,-11.977,0.0],[136.313,-11.9741,0.0],[136.31,-11.9727,0.259],[136.3059,-11.9759,0.26],[136.3024,-11.9729,0.0],[136.2956,-11.9775,2.7698],[136.2913,-11.9785,3.1362],[136.2857,-11.9741,0.0],[136.2818,-11.9752,2.2441],[136.2784,-11.9776,1.186],[136.2808,-11.9804,0.0],[136.2795,-11.9843,7.0303],[136.2727,-11.987,0.7994],[136.276,-11.9918,1.8888],[136.2718,-11.997,8.5912],[136.2729,-12.0,0.0],[136.2715,-12.0024,4.0377],[136.2636,-12.0085,2.857],[136.261,-12.0044,0.0],[136.2562,-12.006,0.0],[136.2573,-12.0102,2.4011],[136.255,-12.0125,1.2166],[136.2446,-12.0165,15.9426],[136.2423,-12.0211,50.5954],[136.238,-12.0245,0.0],[136.2305,-12.0242,0.0],[136.2234,-12.027,0.0],[136.2237,-12.0323,21.2728],[136.2176,-12.0359,0.9622],[136.204,-12.0268,7.6239],[136.1986,-12.0186,13.3702],[136.1993,-12.016,16.6182],[136.2078,-12.0082,0.0],[136.206,-12.0021,2.6445],[136.2039,-12.0005,4.0147],[136.204,-11.9966,3.9608],[136.2017,-11.9969,8.2721],[136.2018,-12.002,9.8681],[136.1985,-12.0062,0.0],[136.1936,-12.0059,0.0],[136.1915,-12.0044,0.6804],[136.1927,-12.0009,0.5858],[136.1892,-12.0008,0.0],[136.1893,-12.0057,5.6483],[136.1942,-12.011,5.3088],[136.1915,-12.0157,1.0762],[136.1872,-12.0174,0.8557],[136.1925,-12.0271,4.1102],[136.1875,-12.0271,0.0],[136.1854,-12.0291,0.7935],[136.183,-12.0229,0.0],[136.1738,-12.0189,0.0],[136.1715,-12.0132,0.6561],[136.1736,-12.0257,10.6274],[136.1727,-12.03,19.484],[136.1704,-12.0329,0.0],[136.1643,-12.0339,2.0437],[136.1646,-12.037,7.866],[136.1604,-12.0404,2.5507],[136.1555,-12.0411,0.0],[136.1463,-12.0377,0.0],[136.1458,-12.0272,0.0],[136.1417,-12.029,0.0],[136.1334,-12.0252,0.3778],[136.1327,-12.0292,0.0],[136.129,-12.0341,3.4006],[136.1314,-12.0396,8.819],[136.1403,-12.0382,10.326],[136.1422,-12.0434,5.1886],[136.1394,-12.0462,2.0233],[136.1434,-12.0475,15.9246],[136.1422,-12.05,0.6786],[136.1476,-12.0549,1.5135],[136.1487,-12.0514,2.2736],[136.1521,-12.0496,2.7037],[136.1563,-12.0509,10.2024],[136.1557,-12.0541,3.8732],[136.1613,-12.0534,6.3943],[136.1562,-12.0554,3.8489],[136.1546,-12.0544,3.8732],[136.1543,-12.051,4.7542],[136.1508,-12.0511,2.6009],[136.1478,-12.0573,1.4467],[136.1382,-12.0605,0.4145],[136.1358,-12.0598,3.6113],[136.1301,-12.0522,0.0],[136.1263,-12.058,5.7398],[136.1234,-12.0565,0.3559],[136.1194,-12.0509,0.0],[136.1173,-12.0545,0.5516],[136.1183,-12.0613,0.0],[136.1203,-12.0632,3.9642],[136.1223,-12.0599,8.9168],[136.1249,-12.0658,9.1214],[136.1285,-12.0681,3.6549],[136.1283,-12.0737,5.8631],[136.1472,-12.0693,32.041],[136.1518,-12.0664,5.7781],[136.159,-12.0668,12.1299],[136.161,-12.0656,23.4715],[136.1652,-12.0666,21.0655],[136.1714,-12.0735,3.9755],[136.178,-12.0769,16.1266],[136.1872,-12.077,21.0879],[136.1912,-12.0736,33.1207],[136.1947,-12.076599999999999,5.2751],[136.2006,-12.0692,3.8741],[136.1958,-12.0634,6.0631],[136.1977,-12.0601,5.376],[136.205,-12.06,13.1836],[136.2066,-12.0567,36.2872],[136.2104,-12.0555,14.2344],[136.2137,-12.0577,30.8856],[136.2192,-12.0571,36.655],[136.2227,-12.0539,24.4037],[136.2315,-12.0518,25.3332],[136.2428,-12.0418,11.6441],[136.2591,-12.039,1.7341],[136.2717,-12.034,3.0647],[136.2767,-12.0353,1.8352],[136.2782,-12.0339,0.0],[136.2773,-12.0304,0.6918],[136.2882,-12.0211,6.2442],[136.2933,-12.0209,27.2386],[136.3017,-12.0145,51.811],[136.3086,-12.0127,20.3824],[136.3133,-12.0071,1.9419],[136.3167,-11.9986,2.4615],[136.3172,-11.9925,0.1803],[136.3136,-11.9857,1.7019],[136.3104,-11.9872,2.071],[136.3093,-11.991,0.0],[136.3043,-11.9934,11.4641],[136.3057,-11.9907,3.2142]]],
[[[136.328,-11.9641,10.398],[136.3351,-11.9608,1.6357],[136.3332,-11.9453,0.0],[136.3281,-11.9484,1.3301],[136.33,-11.9491,30.1335],[136.3319,-11.9552,3.8879],[136.3236,-11.9574,6.9639],[136.324,-11.9634,0.8081],[136.328,-11.9641,10.398]]],
[[[136.4252,-11.9197,5.0027],[136.4236,-11.9192,1.1],[136.4232,-11.9201,0.0],[136.4242,-11.9207,5.0027],[136.4252,-11.9197,5.0027]]],
[[[136.4163,-11.8682,16.6924],[136.4118,-11.8646,4.5245],[136.4113,-11.8591,0.0],[136.4081,-11.8552,0.0],[136.4075,-11.8585,0.0],[136.4055,-11.8576,0.0],[136.4036,-11.8606,1.4324],[136.4097,-11.8635,2.9287],[136.4097,-11.8785,0.8395],[136.4035,-11.8746,5.5079],[136.3964,-11.878,0.7224],[136.3967,-11.8806,2.5541],[136.3999,-11.8826,5.7139],[136.3985,-11.8898,0.3658],[136.3901,-11.8926,0.0],[136.3859,-11.8984,4.8709],[136.3814,-11.8986,0.0],[136.3811,-11.9018,0.0],[136.3789,-11.9033,3.3405],[136.3686,-11.9018,2.4198],[136.3669,-11.9029,0.0],[136.3791,-11.9066,3.8975],[136.386,-11.9066,6.6643],[136.3938,-11.9024,6.7337],[136.3998,-11.9034,38.5223],[136.4046,-11.9022,20.8063],[136.4054,-11.9008,2.7916],[136.4024,-11.897,3.6413],[136.4088,-11.8936,7.5453],[136.4153,-11.8964,0.0],[136.4217,-11.8935,0.0],[136.4315,-11.8943,4.001],[136.4324,-11.8817,23.5149],[136.4315,-11.878,11.0753],[136.4269,-11.872,9.4253],[136.4267,-11.8662,0.2552],[136.4253,-11.8658,0.2552],[136.4234,-11.8692,0.4335],[136.4226,-11.8745,0.0],[136.4185,-11.874,6.3248],[136.4157,-11.8695,16.6924],[136.4163,-11.8682,16.6924]]],
[[[136.2054,-11.6258,0.0],[136.2051,-11.6153,6.2282],[136.2028,-11.6138,1.0317],[136.2016,-11.6157,2.6909],[136.1994,-11.6158,0.0],[136.1934,-11.6138,0.0],[136.193,-11.6236,3.4582],[136.1954,-11.6299,0.0],[136.2011,-11.6339,11.8326],[136.2019,-11.637,2.2973],[136.2063,-11.6383,0.0],[136.2079,-11.6413,0.0],[136.2106,-11.6351,1.1724],[136.2094,-11.6311,0.0],[136.2056,-11.6283,2.4789],[136.2054,-11.6258,0.0]]],
[[[136.368,-11.5716,9.2815],[136.3717,-11.5655,12.4613],[136.3655,-11.5543,0.5338],[136.3615,-11.5529,0.0],[136.3608,-11.5495,0.0],[136.3579,-11.5547,4.033],[136.3582,-11.5601,2.5234],[136.3457,-11.5634,1.1142],[136.3446,-11.5712,0.0],[136.3476,-11.5728,12.6911],[136.3484,-11.5773,2.4732],[136.3406,-11.5779,0.0],[136.3383,-11.5796,0.0],[136.3405,-11.582,5.1315],[136.3412,-11.5852,7.5318],[136.3387,-11.5849,0.0],[136.3406,-11.5887,1.0979],[136.3379,-11.5885,3.6375],[136.333,-11.5832,0.0],[136.3301,-11.5846,3.6059],[136.3276,-11.5826,0.0],[136.328,-11.5846,0.0],[136.3251,-11.5874,1.8137],[136.321,-11.5858,0.0],[136.3089,-11.5709,0.0],[136.3092,-11.573,4.8954],[136.3073,-11.5755,0.9831],[136.3055,-11.5744,0.0],[136.3034,-11.5781,7.1126],[136.3014,-11.5775,0.0],[136.2955,-11.5801,5.3578],[136.2978,-11.588,15.3204],[136.2968,-11.5919,6.7881],[136.3027,-11.5946,0.0],[136.3142,-11.5928,12.3189],[136.3132,-11.5966,2.4222],[136.3177,-11.6026,1.4334],[136.3151,-11.6038,0.8269],[136.3064,-11.6029,0.0],[136.3009,-11.6003,2.5674],[136.2974,-11.6052,2.8822],[136.2922,-11.6019,1.9317],[136.2914,-11.605,3.106],[136.2881,-11.6058,0.0],[136.2843,-11.6015,2.1239],[136.2822,-11.6035,3.9557],[136.2794,-11.601,0.0],[136.2818,-11.5891,0.0],[136.28,-11.583,1.453],[136.2749,-11.5797,0.0],[136.2751,-11.5823,3.5291],[136.271,-11.5853,2.5074],[136.2666,-11.5803,9.2887],[136.269,-11.5745,0.0],[136.2651,-11.5726,0.0],[136.2568,-11.584,5.0006],[136.2521,-11.586,3.0595],[136.2517,-11.5925,3.8482],[136.2503,-11.5939,4.8332],[136.2479,-11.5931,3.6374],[136.2455,-11.5973,0.0],[136.2398,-11.6004,0.0],[136.2461,-11.6106,0.0],[136.2425,-11.6203,7.9059],[136.2357,-11.6231,2.651],[136.2235,-11.6183,0.0],[136.2226,-11.6204,1.0012],[136.2241,-11.624,4.656],[136.2329,-11.6283,0.5687],[136.2323,-11.6332,1.3818],[136.2281,-11.6349,4.0958],[136.232,-11.6399,3.3357],[136.2307,-11.6457,0.4636],[136.2252,-11.6453,3.7406],[136.2229,-11.6416,3.5173],[136.2164,-11.6425,0.0],[136.2149,-11.6452,2.2163],[136.213,-11.6452,3.8639],[136.21,-11.6418,1.6216],[136.2074,-11.6488,6.5885],[136.2092,-11.6548,2.3381],[136.2076,-11.6565,6.2121],[136.2011,-11.6532,0.7254],[136.2011,-11.6504,0.0],[136.1987,-11.6505,4.6103],[136.1944,-11.6474,0.0],[136.1848,-11.6471,2.4555],[136.1824,-11.6458,0.0],[136.179,-11.6474,0.0],[136.1752,-11.6465,2.7762],[136.1734,-11.6431,2.8809],[136.1695,-11.641,0.0],[136.1658,-11.6465,3.4302],[136.1663,-11.6492,6.4603],[136.1704,-11.6495,6.8056],[136.1717,-11.6511,0.0],[136.1714,-11.6539,0.0],[136.1681,-11.6565,1.9984],[136.1708,-11.6608,1.128],[136.174,-11.6613,1.3709],[136.1743,-11.6665,1.6692],[136.1793,-11.6695,5.1832],[136.1809,-11.6752,17.4398],[136.1793,-11.68,3.1053],[136.1748,-11.679,0.0],[136.1685,-11.6816,4.0032],[136.1638,-11.6785,2.8213],[136.1641,-11.6808,5.7124],[136.163,-11.6801,3.4871],[136.1621,-11.6816,5.2351],[136.1632,-11.6858,10.2516],[136.1608,-11.6849,1.6371],[136.1613,-11.6894,0.4317],[136.1595,-11.693,0.0],[136.1725,-11.6943,0.0],[136.1739,-11.6913,6.4863],[136.1797,-11.6891,23.9492],[136.1923,-11.6762,11.514099999999999],[136.2005,-11.6743,1.4024],[136.2039,-11.6659,3.8075],[136.2078,-11.6689,12.8626],[136.2077,-11.6714,2.3378],[136.2143,-11.6741,4.8003],[136.2157,-11.6717,0.0],[136.213,-11.6676,8.3624],[136.2172,-11.6645,0.0],[136.2135,-11.6591,5.3173],[136.2176,-11.6584,0.0],[136.2237,-11.6529,6.4214],[136.2276,-11.6531,0.0],[136.2312,-11.6556,0.6993],[136.2311,-11.6577,0.7427],[136.2289,-11.6586,2.0284],[136.2317,-11.6635,0.0],[136.2298,-11.6669,0.0],[136.2307,-11.668,0.0],[136.243,-11.6618,2.1335],[136.2523,-11.6612,38.5409],[136.2547,-11.6593,35.5475],[136.2588,-11.6622,38.7095],[136.2628,-11.6614,18.1303],[136.2663,-11.6507,30.3566],[136.2663,-11.6448,30.0678],[136.2691,-11.644,5.9802],[136.2722,-11.639,2.9496],[136.2709,-11.6352,19.1389],[136.2719,-11.6294,6.761],[136.2681,-11.6271,0.0],[136.2632,-11.6324,3.1205],[136.2607,-11.6315,3.1619],[136.2579,-11.6333,3.6915],[136.2568,-11.6317,0.7553],[136.2621,-11.6228,4.0725],[136.2642,-11.6227,3.4507],[136.2647,-11.621,9.2124],[136.269,-11.6214,0.0],[136.2728,-11.6172,3.7431],[136.276,-11.6216,0.0],[136.2803,-11.6239,4.5033],[136.2847,-11.6205,2.8945],[136.2898,-11.6223,2.0393],[136.2925,-11.6348,5.0236],[136.2969,-11.6416,2.5151],[136.3004,-11.6345,23.5417],[136.3126,-11.6242,0.0],[136.3173,-11.6172,9.2175],[136.329,-11.6173,9.0206],[136.3315,-11.6193,5.6825],[136.3298,-11.6229,1.1042],[136.3322,-11.6235,0.4227],[136.3381,-11.6174,6.1175],[136.3387,-11.6139,5.8929],[136.3355,-11.6102,12.7202],[136.34,-11.6038,21.9573],[136.3488,-11.6002,3.8884],[136.3526,-11.5954,4.764],[136.3554,-11.5943,5.3134],[136.3596,-11.5946,0.7433],[136.3616,-11.5984,3.7457],[136.3651,-11.598,0.0],[136.3767,-11.5857,4.3765],[136.3771,-11.5835,5.1186],[136.3691,-11.5807,7.0902],[136.3709,-11.5726,4.9341],[136.368,-11.5716,9.2815]]],
[[[136.4688,-11.4882,1.4697],[136.4715,-11.4839,3.1921],[136.4708,-11.4767,0.3425],[136.4736,-11.4709,0.0],[136.4729,-11.4667,0.1412],[136.4666,-11.4689,1.4585],[136.4627,-11.4731,6.3467],[136.4559,-11.4741,0.2388],[136.4563,-11.4784,6.8922],[136.4473,-11.4852,1.7192],[136.4494,-11.4924,0.2178],[136.4466,-11.4943,1.4556],[136.4364,-11.4954,1.0763],[136.4302,-11.4909,1.4575],[136.4317,-11.4928,2.3213],[136.4306,-11.4994,1.6667],[136.4213,-11.508,5.8487],[136.4218,-11.513,9.5193],[136.4157,-11.5186,1.6373],[136.4111,-11.5185,6.0961],[136.4083,-11.5228,0.0],[136.4024,-11.5273,9.4013],[136.4013,-11.5268,9.4013],[136.4029,-11.5233,0.621],[136.4009,-11.5218,3.5181],[136.3933,-11.5238,6.3394],[136.3918,-11.5257,3.7609],[136.3861,-11.5254,1.7766],[136.3869,-11.5312,2.7742],[136.3829,-11.5355,4.411],[136.3834,-11.5376,3.8559],[136.3808,-11.5381,0.0],[136.3816,-11.543,0.0],[136.3842,-11.5417,12.2719],[136.3812,-11.5504,2.2055],[136.3791,-11.5488,2.8265],[136.3807,-11.5487,0.7227],[136.3818,-11.5463,2.2681],[136.3747,-11.5467,3.8468],[136.3709,-11.5424,3.9009],[136.371,-11.54,5.5958],[136.3677,-11.5382,3.6615],[136.3665,-11.5347,3.6288],[136.363,-11.5402,0.0],[136.3665,-11.5399,7.3956],[136.3658,-11.5439,8.3678],[136.3678,-11.5472,11.3244],[136.3667,-11.552,2.5332],[136.3723,-11.5625,8.426],[136.375,-11.5636,11.1343],[136.3737,-11.5651,1.4635],[136.3756,-11.5658,5.0036],[136.3791,-11.563,3.4684],[136.3892,-11.5602,10.7095],[136.3925,-11.5544,18.679],[136.4042,-11.5547,6.9351],[136.4044,-11.5475,23.5035],[136.4079,-11.5465,6.3468],[136.409,-11.5439,17.0486],[136.4131,-11.5422,17.3222],[136.4193,-11.5427,18.9692],[136.4271,-11.5465,2.3379],[136.429,-11.5441,4.4377],[136.4245,-11.5393,5.5175],[136.4259,-11.5367,0.0],[136.4381,-11.5332,0.9734],[136.4444,-11.535,3.6768],[136.449,-11.5319,6.4218],[136.4518,-11.5255,10.1944],[136.4515,-11.5192,3.4093],[136.4576,-11.5192,13.5139],[136.4582,-11.5145,21.281],[136.4639,-11.51,11.9385],[136.4661,-11.5053,2.0315],[136.4617,-11.4986,0.0],[136.4688,-11.4882,1.4697]]],
[[[136.675,-12.2439,0.0],[136.675,-12.2432,0.0],[136.6738,-12.2429,0.0],[136.6743,-12.2445,0.0],[136.675,-12.2439,0.0]]],
[[[136.6963,-12.2397,0.0],[136.6944,-12.2419,0.0],[136.7001,-12.2381,0.0],[136.6973,-12.238,1.5266],[136.6963,-12.2397,0.0]]],
[[[136.6763,-12.2375,0.7485],[136.6755,-12.2367,0.7485],[136.6748,-12.2371,0.7485],[136.6755,-12.2376,0.7485],[136.6763,-12.2375,0.7485]]],
[[[136.7054,-12.2268,0.9646],[136.7054,-12.2269,0.9646],[136.7055,-12.227,0.9646],[136.7056,-12.2269,0.9646],[136.7054,-12.2268,0.9646]]],
[[[136.7044,-12.2272,4.7794],[136.7109,-12.2238,0.4296],[136.7102,-12.2201,0.0],[136.7128,-12.2171,1.862],[136.7091,-12.2037,2.686],[136.7054,-12.2066,4.7324],[136.701,-12.2055,0.0],[136.6966,-12.2071,0.0],[136.697,-12.2081,10.4502],[136.7001,-12.2085,8.5368],[136.7007,-12.2115,13.3448],[136.7056,-12.2119,4.3409],[136.7045,-12.2184,0.893],[136.6995,-12.2191,0.5554],[136.6968,-12.2227,0.0],[136.6988,-12.2236,21.9366],[136.7003,-12.2288,8.7159],[136.7031,-12.2289,0.8965],[136.7044,-12.2272,4.7794]]],
[[[136.7513,-12.1623,0.0],[136.7519,-12.1613,0.0],[136.7515,-12.1611,2.496],[136.7502,-12.1622,0.0],[136.7513,-12.1623,0.0]]],
[[[136.8229,-12.0945,0.0],[136.8237,-12.0767,0.0],[136.8252,-12.0749,0.0],[136.824,-12.0728,0.0],[136.8206,-12.0761,6.6224],[136.8113,-12.0782,2.1676],[136.8087,-12.0825,3.9219],[136.7971,-12.0888,0.1614],[136.8013,-12.0953,0.0],[136.8002,-12.1009,1.7592],[136.7962,-12.1061,6.2081],[136.7968,-12.1137,3.0619],[136.8007,-12.1256,0.0],[136.7997,-12.1321,0.0],[136.8007,-12.1329,0.0],[136.8019,-12.1274,2.3884],[136.8033,-12.1317,0.0],[136.8023,-12.1333,0.0],[136.8054,-12.1333,0.0],[136.8143,-12.1411,1.0211],[136.8203,-12.137,1.2054],[136.8253,-12.1383,0.0],[136.8278,-12.1352,1.0988],[136.8273,-12.1299,0.0],[136.8242,-12.1277,1.7449],[136.8223,-12.1208,0.0],[136.8229,-12.0945,0.0]]],
[[[136.8693,-12.0915,0.0],[136.8693,-12.0893,1.2792],[136.8689,-12.0891,1.2792],[136.8684,-12.0912,2.3675],[136.8693,-12.0915,0.0]]],
[[[136.7872,-12.0425,0.8078],[136.7854,-12.0427,0.8078],[136.7848,-12.0437,0.0],[136.787,-12.0434,0.0],[136.7872,-12.0425,0.8078]]],
[[[136.83,-11.6711,12.1022],[136.8351,-11.6701,1.4951],[136.8376,-11.6643,0.0],[136.8339,-11.6566,7.3662],[136.8282,-11.6602,3.0166],[136.8237,-11.6587,1.1933],[136.8229,-11.6634,1.5816],[136.8197,-11.6649,0.0],[136.8199,-11.667,0.0],[136.8144,-11.6692,0.0],[136.8096,-11.6732,0.0],[136.8126,-11.6747,0.0],[136.8174,-11.673,0.0],[136.8221,-11.6742,7.6446],[136.8239,-11.6763,0.0],[136.8275,-11.6746,1.2532],[136.83,-11.6711,12.1022]]],
[[[136.7457,-11.0192,3.5638],[136.7479,-11.0201,0.3493],[136.7541,-11.0179,5.0593],[136.7566,-11.0146,1.7671],[136.7573,-11.01,1.9065],[136.7622,-11.0054,8.2187],[136.7598,-11.0015,8.1722],[136.7561,-11.0015,0.6984],[136.7551,-11.0034,1.4393],[136.7565,-11.0073,0.0],[136.7526,-11.0103,1.6734],[136.7503,-11.0103,2.5861],[136.7435,-11.0057,0.3554],[136.7366,-11.0073,1.9154],[136.7422,-11.0104,7.1329],[136.7416,-11.0156,-0.2452],[136.7457,-11.0192,3.5638]]],
[[[136.6722,-11.835,20.5704],[136.6801,-11.8299,14.1661],[136.6882,-11.8214,2.1389],[136.6829,-11.8238,4.0271],[136.6769,-11.8232,3.8086],[136.6747,-11.8263,6.985],[136.661,-11.8311,0.0],[136.6598,-11.834,0.0],[136.6514,-11.8348,0.0],[136.643,-11.8397,0.0],[136.6666,-11.8378,14.7279],[136.6722,-11.835,20.5704]]],
[[[136.621,-11.7469,2.2143],[136.6275,-11.7412,0.3233],[136.6223,-11.737,0.0],[136.6149,-11.7378,0.0],[136.6113,-11.7412,0.0],[136.6135,-11.7466,5.5981],[136.6124,-11.7498,3.6815],[136.6096,-11.7513,2.3141],[136.608,-11.7511,7.6915],[136.6052,-11.7452,0.0],[136.5962,-11.7445,0.0],[136.5907,-11.7463,1.389],[136.5875,-11.7441,0.0],[136.589,-11.7467,0.3166],[136.5882,-11.7502,4.9401],[136.5787,-11.7551,3.2818],[136.5873,-11.7563,6.9145],[136.5877,-11.7582,0.9444],[136.586,-11.7596,6.4108],[136.5884,-11.7639,5.0098],[136.579,-11.7661,0.0],[136.574,-11.7631,2.3169],[136.5737,-11.761,0.0],[136.5657,-11.7603,0.0],[136.5667,-11.7635,2.3359],[136.5695,-11.7632,12.3601],[136.5721,-11.765,5.1031],[136.573,-11.7696,1.6308],[136.5674,-11.7703,3.5925],[136.5729,-11.7781,2.1979],[136.567,-11.778,13.0782],[136.5641,-11.7763,8.29],[136.5619,-11.7712,0.0],[136.5576,-11.7674,0.0],[136.5564,-11.7688,0.0],[136.5585,-11.7732,12.9993],[136.5578,-11.7762,6.9229],[136.5597,-11.7778,20.0747],[136.5587,-11.7813,5.1424],[136.5535,-11.7789,0.0],[136.5486,-11.7787,0.0],[136.5468,-11.7811,0.0],[136.5436,-11.7799,2.7615],[136.5468,-11.7717,1.1802],[136.5448,-11.7695,0.0],[136.5433,-11.7715,0.3905],[136.5387,-11.7701,4.3822],[136.5369,-11.7607,0.0],[136.5338,-11.7602,0.0],[136.5322,-11.7696,0.8313],[136.5348,-11.7744,11.6023],[136.5343,-11.7766,0.0],[136.5295,-11.7827,0.0],[136.5243,-11.7839,0.0],[136.5216,-11.7864,1.7787],[136.5157,-11.7869,0.0],[136.5173,-11.7909,1.1162],[136.5151,-11.7928,0.0],[136.5167,-11.7995,3.1127],[136.5115,-11.8049,0.0],[136.5151,-11.8058,6.2538],[136.5214,-11.8011,32.863],[136.5477,-11.792,32.1334],[136.553,-11.7926,44.5493],[136.558,-11.791,35.3954],[136.5693,-11.7922,30.1585],[136.5798,-11.7887,9.2959],[136.5892,-11.7827,0.0],[136.585,-11.7777,0.0],[136.5846,-11.7748,0.0],[136.5867,-11.7698,2.0036],[136.5917,-11.7642,7.025],[136.6001,-11.7583,19.5509],[136.6146,-11.7531,0.0],[136.621,-11.7469,2.2143]]],
[[[136.7659,-11.031,6.984],[136.7654,-11.0276,-0.1374],[136.7621,-11.027,3.0318],[136.7607,-11.0251,0.0],[136.7605,-11.0192,2.7694],[136.7591,-11.0177,0.0],[136.7577,-11.0249,0.9655],[136.7555,-11.0266,1.3182],[136.7519,-11.0264,1.6776],[136.7509,-11.0303,3.7687],[136.7486,-11.027,1.1067],[136.7458,-11.027,0.581],[136.7404,-11.0327,2.0454],[136.7368,-11.0339,1.0887],[136.7381,-11.0359,1.689],[136.7409,-11.0357,0.0],[136.7452,-11.0482,6.079],[136.7401,-11.0461,0.0],[136.7371,-11.0478,0.4262],[136.736,-11.0506,3.5056],[136.7315,-11.0422,3.1708],[136.7278,-11.0421,0.7531],[136.7258,-11.0396,2.7147],[136.7247,-11.0425,2.0598],[136.7211,-11.0441,0.0],[136.7178,-11.0513,10.7751],[136.7128,-11.0547,0.0],[136.7146,-11.0564,0.0],[136.721,-11.0552,4.2432],[136.7248,-11.0593,2.6212],[136.7295,-11.0614,2.2732],[136.7341,-11.0606,3.0778],[136.7345,-11.0705,0.7721],[136.7377,-11.0745,1.2573],[136.7363,-11.0787,2.9147],[136.7306,-11.0831,0.0],[136.7297,-11.0931,0.0],[136.7271,-11.0972,0.7537],[136.7207,-11.0983,3.3107],[136.7206,-11.096,1.6882],[136.7088,-11.091,0.0],[136.7059,-11.0925,0.0],[136.7007,-11.0923,0.5749],[136.7029,-11.0946,0.0],[136.7025,-11.0999,0.4834],[136.7073,-11.1008,0.8542],[136.7119,-11.0973,4.6526],[136.7159,-11.0984,5.2056],[136.7163,-11.1012,2.154],[136.714,-11.1026,0.0],[136.7142,-11.1049,0.0],[136.7203,-11.1072,3.1417],[136.7222,-11.1099,0.5775],[136.7188,-11.1214,2.2411],[136.7158,-11.1247,4.2918],[136.7056,-11.1211,0.0674],[136.7037,-11.1178,-0.0301],[136.703,-11.1219,7.0356],[136.6937,-11.1197,0.007],[136.6983,-11.1239,3.2843],[136.7045,-11.1236,3.4458],[136.7067,-11.1251,0.0],[136.706,-11.1302,0.0],[136.7038,-11.1304,0.644],[136.702,-11.1341,-0.0682],[136.7037,-11.1368,1.2972],[136.701,-11.1382,-0.0333],[136.7045,-11.142,0.0],[136.7048,-11.1479,0.0],[136.7026,-11.1504,0.5999],[136.6982,-11.1498,1.8183],[136.6962,-11.1518,0.0],[136.6981,-11.1532,1.4933],[136.703,-11.1529,5.3125],[136.7067,-11.1679,2.0247],[136.7001,-11.176,0.7245],[136.6973,-11.1757,0.0],[136.6927,-11.1823,1.6936],[136.6931,-11.1874,14.7298],[136.6873,-11.1927,0.0],[136.6724,-11.197,0.0],[136.666,-11.1907,1.7053],[136.6651,-11.1852,0.0],[136.6635,-11.1841,0.1587],[136.6573,-11.1849,3.6477],[136.6512,-11.1909,0.0],[136.6516,-11.196,0.0524],[136.6468,-11.2018,7.2115],[136.6436,-11.2099,5.3606],[136.6373,-11.2121,0.8925],[136.6316,-11.2121,0.0],[136.6324,-11.2132,0.5773],[136.6311,-11.2138,0.5773],[136.627,-11.205,0.0],[136.6229,-11.2101,6.1315],[136.6217,-11.2142,5.0292],[136.6243,-11.22,3.4721],[136.6228,-11.2238,4.0902],[136.6247,-11.2289,0.8983],[136.6203,-11.2381,6.3511],[136.6142,-11.2452,0.0],[136.6101,-11.2472,0.1325],[136.6072,-11.2464,1.2473],[136.6073,-11.2524,2.7246],[136.601,-11.2638,0.0],[136.5879,-11.2789,0.9781],[136.5832,-11.2817,0.0],[136.5872,-11.2836,2.0417],[136.5863,-11.2918,3.8998],[136.5837,-11.2966,0.0],[136.5844,-11.2995,7.7379],[136.5806,-11.3013,0.0],[136.5816,-11.303,0.0],[136.5791,-11.3068,0.0808],[136.5802,-11.3074,1.8494],[136.5788,-11.3098,0.0],[136.5793,-11.3121,0.6015],[136.5778,-11.3122,0.6015],[136.5769,-11.3163,1.1218],[136.5795,-11.3178,2.6189],[136.5794,-11.3213,0.0],[136.5829,-11.3246,10.076],[136.5813,-11.324,0.0],[136.5741,-11.3341,0.0],[136.5705,-11.3342,0.0],[136.5692,-11.3327,0.0],[136.5659,-11.3353,0.0255],[136.5684,-11.3359,4.408],[136.5688,-11.3417,0.0],[136.5632,-11.3474,0.0],[136.5582,-11.3474,0.0],[136.5565,-11.3432,0.3081],[136.551,-11.3457,1.0508],[136.5497,-11.3497,1.5617],[136.5541,-11.3522,2.5794],[136.5544,-11.3561,0.0],[136.5525,-11.3588,2.5011],[136.5493,-11.3587,2.2721],[136.5502,-11.3611,4.3412],[136.5478,-11.365,2.0565],[136.5378,-11.3686,2.7431],[136.536,-11.3648,4.2392],[136.5334,-11.3656,2.6378],[136.5325,-11.3742,8.6834],[136.5302,-11.3775,0.0],[136.5249,-11.3828,1.4032],[136.5175,-11.3842,0.1755],[136.5199,-11.3857,0.0],[136.5168,-11.3939,1.2012],[136.5205,-11.3956,1.7898],[136.5145,-11.3971,2.253],[136.5166,-11.3952,2.1112],[136.5152,-11.3932,0.0],[136.5084,-11.3949,1.2099],[136.5001,-11.3916,1.2306],[136.4978,-11.3922,5.0312],[136.5,-11.3986,6.1811],[136.4972,-11.4005,5.9592],[136.4953,-11.4065,3.6188],[136.4961,-11.4081,0.0],[136.5001,-11.4079,14.6662],[136.5033,-11.4103,3.9431],[136.5029,-11.4127,2.4284],[136.5023,-11.4105,3.9431],[136.4994,-11.4091,3.3094],[136.4995,-11.4117,4.8864],[136.4977,-11.4133,4.415],[136.5011,-11.4192,2.9149],[136.5019,-11.4248,6.0934],[136.4967,-11.4274,3.6781],[136.4958,-11.4326,9.1767],[136.4976,-11.4351,10.2257],[136.4948,-11.4378,0.0],[136.488,-11.4387,0.0],[136.4872,-11.442,8.0952],[136.4744,-11.4491,1.4106],[136.4821,-11.4526,3.2439],[136.4839,-11.4565,3.0152],[136.4937,-11.4608,2.0587],[136.4976,-11.4565,-0.1222],[136.5022,-11.4556,1.7438],[136.5033,-11.4538,2.7472],[136.5024,-11.4526,0.0],[136.4989,-11.4523,0.0],[136.4984,-11.4509,0.0],[136.5,-11.4418,1.1522],[136.5032,-11.4415,1.1581],[136.5051,-11.4386,24.3801],[136.5146,-11.4347,0.0],[136.5184,-11.4308,16.4753],[136.5241,-11.4327,7.7126],[136.5254,-11.4351,1.8946],[136.5244,-11.4392,7.88],[136.5217,-11.4389,0.0],[136.5222,-11.4414,13.2583],[136.5208,-11.4429,0.0],[136.522,-11.4446,-0.0387],[136.5275,-11.445,7.6459],[136.5376,-11.4403,21.0794],[136.5376,-11.4334,13.122],[136.5417,-11.4321,0.0],[136.5377,-11.4261,27.2669],[136.547,-11.4245,39.2843],[136.5551,-11.4168,9.1008],[136.5581,-11.411,22.703],[136.5629,-11.4076,41.5559],[136.5623,-11.3985,21.9297],[136.5666,-11.3988,15.3124],[136.5694,-11.397,5.7682],[136.5696,-11.3934,5.4181],[136.5727,-11.3905,25.6622],[136.5788,-11.3886,10.6514],[136.582,-11.3845,12.1053],[136.5887,-11.3835,10.3478],[136.5885,-11.3775,9.3296],[136.5938,-11.3724,39.0971],[136.5947,-11.3614,0.0],[136.6004,-11.3584,10.9196],[136.5996,-11.3476,4.7823],[136.6045,-11.3446,0.0],[136.6078,-11.3382,51.0866],[136.6131,-11.3344,22.1903],[136.6162,-11.3285,27.7287],[136.6174,-11.328,0.8113],[136.6198,-11.3307,46.0742],[136.6271,-11.3287,0.0],[136.6243,-11.3269,25.8973],[136.6252,-11.3174,4.615],[136.6232,-11.3131,0.833],[136.625,-11.3114,7.2027],[136.6282,-11.313,2.859],[136.6296,-11.3097,0.0],[136.6275,-11.3057,0.0549],[136.6245,-11.3058,8.152],[136.6238,-11.3036,0.0],[136.6291,-11.2969,5.8331],[136.6342,-11.2948,23.3623],[136.6251,-11.2843,5.4364],[136.6333,-11.2777,14.1443],[136.6351,-11.2798,0.0],[136.6363,-11.2794,14.6249],[136.6371,-11.2825,0.0],[136.6402,-11.2814,30.1014],[136.6449,-11.2823,36.009],[136.6467,-11.2779,0.0],[136.6453,-11.2745,44.7851],[136.6481,-11.2717,1.0077],[136.6484,-11.2635,21.814],[136.6547,-11.2592,39.1042],[136.6621,-11.2642,6.7995],[136.6667,-11.2599,0.765],[136.6643,-11.2567,0.0],[136.6703,-11.2467,4.3664],[136.6767,-11.2448,6.6891],[136.681,-11.2491,30.8027],[136.684,-11.2488,8.7945],[136.6787,-11.2398,6.6292],[136.6744,-11.237,0.0],[136.6728,-11.2336,0.0],[136.6739,-11.229,0.5655],[136.668,-11.2275,3.1005],[136.6668,-11.2249,0.0],[136.6721,-11.2233,5.055],[136.6722,-11.2197,13.5705],[136.6747,-11.2191,15.8024],[136.6768,-11.2212,1.7997],[136.6784,-11.2188,9.7638],[136.6822,-11.2189,11.9837],[136.6815,-11.2151,0.0],[136.6847,-11.2133,1.1611],[136.695,-11.2188,1.116],[136.6964,-11.2139,14.9448],[136.703,-11.2099,10.4905],[136.7065,-11.2112,19.1564],[136.7091,-11.207,5.0935],[136.7086,-11.1988,9.041],[136.7116,-11.1947,0.0],[136.72,-11.1938,0.0],[136.7199,-11.1881,0.0],[136.7147,-11.1765,18.6395],[136.7184,-11.1722,0.0],[136.7203,-11.1665,0.0],[136.7196,-11.1608,0.0],[136.722,-11.1559,3.1983],[136.7217,-11.1509,10.6595],[136.737,-11.1278,10.1878],[136.7344,-11.1201,3.5193],[136.7348,-11.1146,4.3269],[136.7367,-11.1132,3.12],[136.7391,-11.1005,22.2288],[136.7442,-11.0975,19.152],[136.7468,-11.0862,16.6263],[136.7495,-11.0813,13.7873],[136.7471,-11.0732,16.2929],[136.7575,-11.0487,5.1312],[136.7574,-11.0445,5.8404],[136.7634,-11.04,0.2131],[136.7666,-11.0328,12.7267],[136.7659,-11.031,6.984]]]]}
,"properties": {"GID_2": "AUS.6.7_1","GID_0": "AUS","country": "Australia","GID_1": "AUS.6_1","state": "NorthernTerritory","NL_NAME_1": "NA","county": "EastArnhem","VARNAME_2": "NA","NL_NAME_2": "NA","TYPE_2": "Shire","ENGTYPE_2": "Shire","CC_2": "71300","HASC_2": "NA","name": "EastArnhem.county","area_km2": 33438.53,"hist_schema_id": "Elevation0-9000","hist_area_km2": {"0": 5848.28,"25": 8284.39,"50": 6621.32,"75": 5401.81,"100": 3396.99,"125": 1766.28,"150": 772.32,"175": 353.59,"200": 240.18,"225": 200.17,"250": 175.42,"275": 180.51,"300": 135.2,"325": 51.45,"350": 10.63}}}