{"type": "Feature","bbox": [129.0006,-25.9995,138.0012,-10.9659],"geometry": {"type": "MultiPolygon","coordinates": [[[[137.0685,-15.8631,6.1847],[137.0677,-15.865,2.2548],[137.0697,-15.8663,0.0],[137.0724,-15.8631,0.0],[137.0745,-15.8547,3.7824],[137.0709,-15.8577,0.4901],[137.0677,-15.8572,2.3606],[137.0685,-15.8631,6.1847]]],
[[[136.9603,-15.7867,3.2696],[136.9591,-15.785,1.1275],[136.958,-15.7857,0.0],[136.9587,-15.7884,0.4262],[136.9603,-15.7867,3.2696]]],
[[[137.1043,-15.7474,0.7803],[137.1027,-15.7505,3.1725],[137.1064,-15.7513,0.0],[137.1064,-15.748,1.8042],[137.1043,-15.7474,0.7803]]],
[[[137.1039,-15.7353,1.5112],[137.1024,-15.7352,1.5112],[137.1028,-15.7371,0.7539],[137.104,-15.7367,0.7539],[137.1039,-15.7353,1.5112]]],
[[[137.1027,-15.733,0.0],[137.1021,-15.732,0.0],[137.1012,-15.7329,0.0],[137.102,-15.734,0.3741],[137.1027,-15.733,0.0]]],
[[[136.7181,-15.7557,0.0],[136.7163,-15.7581,2.1616],[136.717,-15.761,0.9192],[136.7189,-15.7634,0.0],[136.7219,-15.764,0.9699],[136.7235,-15.7613,2.8789],[136.7181,-15.7557,0.0]]],
[[[136.9462,-15.7745,7.6667],[136.9458,-15.7763,0.154],[136.948,-15.7771,0.0],[136.9499,-15.7725,4.4767],[136.9482,-15.7714,4.4767],[136.9487,-15.767,2.3066],[136.946,-15.7631,2.5501],[136.9484,-15.7593,0.0],[136.9435,-15.7616,0.0],[136.94,-15.7677,3.1039],[136.9431,-15.7678,7.6073],[136.9462,-15.7745,7.6667]]],
[[[136.7736,-15.7566,0.0],[136.7741,-15.7555,2.3142],[136.7729,-15.7538,0.0],[136.7724,-15.7561,1.4046],[136.7736,-15.7566,0.0]]],
[[[136.7984,-15.7473,0.2831],[136.7996,-15.7456,0.7405],[136.798,-15.7452,0.7405],[136.798,-15.747,0.2831],[136.7984,-15.7473,0.2831]]],
[[[136.7304,-15.7119,0.0],[136.729,-15.7146,0.0],[136.7312,-15.7161,6.1553],[136.7318,-15.7149,6.1553],[136.7304,-15.7119,0.0]]],
[[[136.8989,-15.7072,0.0],[136.8986,-15.7055,0.0],[136.8972,-15.7077,0.5348],[136.8976,-15.7079,0.5348],[136.8989,-15.7072,0.0]]],
[[[136.8251,-15.7307,7.0092],[136.8276,-15.7327,3.9998],[136.8296,-15.7307,0.0],[136.8188,-15.7238,0.616],[136.8111,-15.7265,4.6892],[136.8034,-15.7261,3.0026],[136.7992,-15.7291,0.0],[136.7996,-15.734,0.0],[136.8028,-15.7362,1.7182],[136.8008,-15.7422,0.7181],[136.8071,-15.7461,12.2989],[136.8122,-15.7373,7.2968],[136.8176,-15.7401,0.0],[136.8156,-15.7469,0.5814],[136.8208,-15.7423,0.2345],[136.816,-15.735,12.3256],[136.8177,-15.7306,3.9922],[136.8209,-15.7293,3.5302],[136.8251,-15.7307,7.0092]]],
[[[136.8813,-15.7194,0.0],[136.884,-15.7187,0.0],[136.8873,-15.7165,0.0],[136.8818,-15.7152,0.0],[136.8813,-15.7194,0.0]]],
[[[136.8307,-15.7165,0.0],[136.8303,-15.7152,0.0],[136.8278,-15.7185,0.0],[136.8287,-15.719,0.0],[136.8307,-15.7165,0.0]]],
[[[136.8335,-15.6639,2.0093],[136.835,-15.6632,0.1612],[136.8308,-15.6606,0.0],[136.8318,-15.6628,3.2941],[136.8335,-15.6639,2.0093]]],
[[[137.0818,-15.6484,4.8548],[137.079,-15.651,0.0],[137.0831,-15.652,0.3372],[137.0853,-15.6502,1.2088],[137.0825,-15.6484,4.8548],[137.0818,-15.6484,4.8548]]],
[[[136.9627,-15.5877,0.5987],[136.9628,-15.5864,0.5987],[136.9597,-15.584,0.0],[136.9611,-15.5885,0.7968],[136.9627,-15.5877,0.5987]]],
[[[136.7261,-15.6511,4.08],[136.7258,-15.6552,6.092],[136.7318,-15.6574,0.9595],[136.729,-15.6539,9.3881],[136.7296,-15.6495,0.7443],[136.7281,-15.6488,0.7443],[136.7261,-15.6511,4.08]]],
[[[136.9727,-15.6473,0.0],[136.9713,-15.6493,1.7905],[136.9751,-15.6523,1.7094],[136.9755,-15.6497,2.3394],[136.9727,-15.6473,0.0]]],
[[[136.9789,-15.5981,8.0846],[136.976,-15.6014,0.0],[136.9788,-15.6068,0.0],[136.981,-15.6051,0.0],[136.9825,-15.6006,9.2305],[136.9819,-15.5982,3.1673],[136.9789,-15.5981,8.0846]]],
[[[137.0128,-15.5899,8.8163],[137.0078,-15.5867,4.6243],[137.0051,-15.5918,0.8697],[137.0017,-15.592,5.0825],[137.0008,-15.5902,8.2186],[137.0022,-15.5876,1.2134],[136.9992,-15.5853,0.3614],[136.9914,-15.5845,0.0],[136.9907,-15.5864,0.0],[136.9931,-15.5897,0.0],[136.9923,-15.5936,0.7457],[136.9967,-15.5994,0.0],[136.9945,-15.6051,0.1183],[137.001,-15.6121,0.0],[136.9988,-15.6119,0.0],[137.0,-15.6229,0.4687],[136.9939,-15.6293,0.0],[136.9859,-15.6341,0.0],[136.9814,-15.6353,2.2829],[136.981,-15.6331,0.0],[136.9768,-15.6345,0.0],[136.9799,-15.644,1.7069],[136.9812,-15.6562,7.1651],[136.9876,-15.661,9.8027],[136.9936,-15.6579,2.173],[136.9955,-15.659,1.9791],[136.9945,-15.6645,0.0],[136.9908,-15.6684,0.0],[136.9907,-15.6729,0.0],[136.9883,-15.6746,1.8892],[136.9839,-15.6745,0.5185],[136.9826,-15.6727,1.0436],[136.985,-15.6695,0.0],[136.9842,-15.667,2.1917],[136.9791,-15.6638,0.0],[136.9757,-15.6637,7.3422],[136.9745,-15.6611,0.0],[136.9708,-15.6621,3.9943],[136.9694,-15.6611,2.7504],[136.9727,-15.6569,0.0],[136.968,-15.6547,3.9525],[136.971,-15.6519,0.0],[136.9679,-15.6479,5.7771],[136.9712,-15.6452,0.0],[136.9693,-15.6422,0.668],[136.9639,-15.6425,3.0498],[136.961,-15.6401,1.6319],[136.9589,-15.6416,3.563],[136.9571,-15.6467,3.6968],[136.9537,-15.6489,2.4132],[136.9527,-15.653,6.854],[136.9499,-15.6547,0.0],[136.9506,-15.6568,0.0],[136.9493,-15.6583,3.2776],[136.9429,-15.6576,0.0],[136.9363,-15.6604,1.194],[136.9405,-15.6619,2.8681],[136.9444,-15.6605,7.0714],[136.9469,-15.6616,3.1992],[136.9464,-15.6686,2.6181],[136.9412,-15.6723,0.0],[136.9471,-15.6739,3.2843],[136.9479,-15.676,0.0],[136.9414,-15.6797,0.0],[136.9412,-15.6828,0.0],[136.9382,-15.685,15.6378],[136.9358,-15.6833,0.7061],[136.9275,-15.6843,0.0],[136.921,-15.6815,3.8138],[136.919,-15.682,0.7005],[136.9183,-15.6847,1.3038],[136.9196,-15.6863,0.0],[136.9248,-15.686,1.9801],[136.9261,-15.6889,3.2693],[136.9366,-15.6873,9.7945],[136.9388,-15.689,5.6942],[136.9395,-15.6947,2.258],[136.934,-15.6973,0.0],[136.9386,-15.7012,4.2529],[136.9345,-15.7037,0.0],[136.9401,-15.7092,2.9133],[136.9362,-15.7144,5.2288],[136.9388,-15.7148,0.0],[136.9401,-15.7199,6.6964],[136.9356,-15.7208,0.0],[136.934,-15.7244,0.0],[136.9292,-15.7255,0.0],[136.9375,-15.7272,3.0026],[136.9395,-15.7253,9.6068],[136.9426,-15.7263,0.0],[136.9446,-15.7309,5.1081],[136.9415,-15.7357,0.0],[136.9415,-15.7398,0.0],[136.9461,-15.7331,1.1252],[136.9481,-15.7337,5.941],[136.9486,-15.7364,1.9095],[136.953,-15.7369,4.2636],[136.9539,-15.74,0.1626],[136.9557,-15.7367,1.2598],[136.9494,-15.73,5.6993],[136.9506,-15.7252,3.0578],[136.9482,-15.7228,2.1608],[136.9503,-15.7212,0.5883],[136.9477,-15.7177,4.6276],[136.9514,-15.717,2.6627],[136.9506,-15.7153,4.4591],[136.9537,-15.7133,4.6903],[136.9543,-15.7102,0.4738],[136.9591,-15.7099,0.0],[136.9604,-15.7118,16.8219],[136.9613,-15.7187,3.9632],[136.9599,-15.7231,0.0],[136.963,-15.7249,1.8917],[136.962,-15.7289,1.2336],[136.9639,-15.7306,1.5375],[136.9684,-15.7254,24.4266],[136.9695,-15.7193,5.6532],[136.9724,-15.7177,5.2486],[136.9753,-15.7128,2.2328],[136.9784,-15.7124,1.4707],[136.9805,-15.7147,0.8289],[136.9829,-15.722,0.0],[136.9823,-15.7258,0.0],[136.9746,-15.7376,0.0],[136.9797,-15.7378,1.7834],[136.9802,-15.7424,0.4071],[136.9727,-15.7445,0.0],[136.9698,-15.7468,0.0],[136.9697,-15.7491,0.0],[136.972,-15.7499,0.2406],[136.9782,-15.7473,3.7257],[136.9824,-15.7496,0.0],[136.9827,-15.7524,0.0],[136.9776,-15.7584,0.0],[136.9788,-15.762,0.0],[136.9838,-15.7581,1.0963],[136.9881,-15.7587,1.7095],[136.9894,-15.7606,0.9543],[136.9897,-15.7664,0.4671],[136.987,-15.7699,0.0],[136.9874,-15.7729,3.0405],[136.9908,-15.7768,0.0],[136.9901,-15.7811,0.9246],[136.9957,-15.7865,1.9976],[136.9926,-15.7921,0.0],[136.9946,-15.7941,0.1038],[136.9972,-15.7925,1.0422],[137.0004,-15.7938,0.742],[137.0163,-15.8056,0.0],[137.0246,-15.7985,0.2092],[137.0315,-15.7964,0.4604],[137.0345,-15.7971,1.2047],[137.0371,-15.8038,0.0],[137.0421,-15.8101,0.3612],[137.0441,-15.8172,0.0],[137.0426,-15.826599999999999,1.5138],[137.0391,-15.8313,0.0],[137.0398,-15.8355,0.0],[137.0494,-15.8382,0.0],[137.0528,-15.8376,2.1405],[137.0549,-15.8412,0.0],[137.0566,-15.8391,4.1767],[137.0609,-15.8385,0.7984],[137.0653,-15.8425,5.3102],[137.075,-15.8462,3.6608],[137.0724,-15.8393,3.8988],[137.0729,-15.8344,4.9812],[137.0768,-15.8323,0.9973],[137.0795,-15.8281,3.3204],[137.0837,-15.8267,4.7832],[137.0843,-15.8222,0.0],[137.0885,-15.8157,1.6107],[137.0904,-15.8158,0.619],[137.0946,-15.8115,0.0],[137.0977,-15.8121,2.2851],[137.1027,-15.7812,3.0796],[137.1062,-15.774,3.0244],[137.1046,-15.7708,0.0],[137.1024,-15.7715,3.0069],[137.0983,-15.7676,0.0],[137.0912,-15.7676,0.0],[137.0853,-15.7619,2.2563],[137.0785,-15.7607,1.4527],[137.0771,-15.7551,1.0866],[137.0808,-15.7531,0.4125],[137.0804,-15.7497,0.9124],[137.0758,-15.7505,2.543],[137.0734,-15.7459,1.5212],[137.0758,-15.7469,1.7554],[137.0767,-15.7496,2.543],[137.083,-15.7479,0.4474],[137.0811,-15.7435,0.5958],[137.0778,-15.7433,1.9732],[137.0794,-15.7401,6.3833],[137.0795,-15.726,7.1449],[137.0827,-15.7216,4.127],[137.0817,-15.7154,6.7864],[137.0829,-15.7134,5.2501],[137.0855,-15.7129,0.2451],[137.0827,-15.6989,4.2198],[137.0792,-15.6939,5.6479],[137.0776,-15.6838,0.0],[137.0812,-15.6742,2.4622],[137.0812,-15.6644,3.5152],[137.0778,-15.6639,4.5738],[137.0761,-15.6616,1.086],[137.0817,-15.6558,0.6289],[137.0772,-15.654,0.4278],[137.0769,-15.6505,2.6307],[137.073,-15.6494,0.0],[137.07,-15.6525,1.1692],[137.0631,-15.6527,0.9999],[137.0621,-15.6446,1.8773],[137.0599,-15.6413,0.9557],[137.0627,-15.6383,1.0386],[137.0631,-15.6328,8.4358],[137.0677,-15.6313,0.0],[137.0651,-15.6269,8.0924],[137.0584,-15.6283,1.2608],[137.0607,-15.635,1.9553],[137.0545,-15.6404,2.2233],[137.0445,-15.6397,3.0117],[137.032,-15.634,3.8184],[137.0306,-15.6314,0.4193],[137.0323,-15.6284,0.8293],[137.0298,-15.6202,7.247],[137.0238,-15.614,6.4592],[137.0228,-15.6109,0.0],[137.0237,-15.6079,3.5937],[137.0274,-15.6056,0.8161],[137.0206,-15.6029,0.6911],[137.0185,-15.5993,4.7057],[137.0199,-15.5949,8.3359],[137.0128,-15.5899,8.8163]]],
[[[136.6556,-15.582,0.2837],[136.6536,-15.5866,0.0],[136.6559,-15.5895,0.263],[136.6591,-15.5848,0.0],[136.6585,-15.5829,0.0],[136.6556,-15.582,0.2837]]],
[[[136.6045,-15.5222,0.7497],[136.5969,-15.5177,0.0],[136.5897,-15.5167,5.5444],[136.5786,-15.5109,0.0],[136.5768,-15.5135,3.8173],[136.5729,-15.5146,0.0],[136.5713,-15.5182,0.0],[136.5738,-15.5225,1.5181],[136.5702,-15.5292,1.6899],[136.5625,-15.532,1.0665],[136.5422,-15.5346,1.2039],[136.5253,-15.5309,0.0],[136.5267,-15.5365,4.2319],[136.5257,-15.5384,2.3143],[136.5119,-15.5434,1.3037],[136.5105,-15.5504,2.2098],[136.5183,-15.554,1.9704],[136.5221,-15.563,3.3325],[136.519,-15.5786,0.4687],[136.5045,-15.5921,0.0],[136.5087,-15.5991,1.8811],[136.509,-15.6026,1.1966],[136.5117,-15.6052,0.3247],[136.5108,-15.6141,0.0],[136.5134,-15.6226,0.687],[136.5109,-15.6263,0.0],[136.4949,-15.6397,0.0],[136.4948,-15.6435,0.0],[136.5055,-15.6435,0.8418],[136.5139,-15.6528,4.3796],[136.5228,-15.6544,1.4456],[136.533,-15.6527,4.0455],[136.5392,-15.6538,0.6064],[136.5416,-15.6509,0.3456],[136.5421,-15.6471,5.7323],[136.5509,-15.6399,1.5152],[136.5703,-15.6493,1.9647],[136.5717,-15.6462,5.2187],[136.5832,-15.6468,1.0549],[136.5897,-15.6453,2.2347],[136.5924,-15.6372,0.0],[136.5919,-15.6309,8.797],[136.5943,-15.626,3.324],[136.605,-15.6238,0.0],[136.604,-15.6223,0.2123],[136.6001,-15.6222,6.8379],[136.599,-15.62,5.5117],[136.6005,-15.6165,2.4235],[136.6048,-15.6152,0.1245],[136.599,-15.6107,3.338],[136.6008,-15.6019,1.0392],[136.5993,-15.5945,1.6613],[136.5953,-15.5887,2.1635],[136.5965,-15.5813,0.0],[136.6019,-15.5768,3.5611],[136.601,-15.5716,2.1137],[136.6048,-15.5609,2.6882],[136.6117,-15.5616,0.0],[136.6107,-15.5587,0.0],[136.6173,-15.5557,0.0],[136.6155,-15.5543,0.3442],[136.6147,-15.5484,0.0],[136.612,-15.5464,7.2171],[136.6147,-15.5455,0.0],[136.6136,-15.5435,0.9486],[136.6157,-15.5418,0.164],[136.6141,-15.5394,1.3743],[136.613,-15.5282,0.0],[136.6096,-15.5232,1.6064],[136.6045,-15.5222,0.7497]]],
[[[136.6792,-15.601,0.0],[136.6739,-15.6005,0.8181],[136.671,-15.5971,1.8999],[136.6684,-15.5967,2.3076],[136.6687,-15.5947,0.0],[136.6727,-15.5929,0.0],[136.6694,-15.5905,0.0],[136.6696,-15.5924,0.0],[136.6665,-15.5951,2.5051],[136.6595,-15.5956,2.7944],[136.6548,-15.5936,1.2316],[136.65,-15.5989,1.5222],[136.649,-15.6042,3.2743],[136.6464,-15.6062,2.2798],[136.6531,-15.6061,2.9957],[136.6621,-15.6106,0.575],[136.6715,-15.6088,1.1475],[136.674,-15.6122,0.4238],[136.6809,-15.6092,0.0],[136.6813,-15.6053,0.0],[136.6792,-15.601,0.0]]],
[[[136.6778,-15.5908,1.984],[136.678,-15.5896,1.984],[136.6763,-15.59,0.0],[136.6767,-15.5906,1.984],[136.6778,-15.5908,1.984]]],
[[[136.9347,-15.6278,0.7273],[136.9329,-15.627,4.1408],[136.929,-15.6274,0.5268],[136.9306,-15.6292,5.6954],[136.9347,-15.6278,0.7273]]],
[[[136.7206,-15.6123,1.4285],[136.7188,-15.6122,10.5399],[136.7187,-15.6096,5.4946],[136.7157,-15.6097,16.8211],[136.7156,-15.6131,0.0],[136.7206,-15.6123,1.4285]]],
[[[136.9072,-15.6092,1.0123],[136.9075,-15.6113,3.7959],[136.9036,-15.6159,0.2338],[136.9056,-15.6164,0.0],[136.9105,-15.6131,0.9901],[136.9092,-15.6066,0.0],[136.9082,-15.6062,0.0],[136.9072,-15.6092,1.0123]]],
[[[136.7838,-15.647,0.9701],[136.7802,-15.6482,3.0426],[136.7751,-15.6436,2.3988],[136.7656,-15.6404,1.0073],[136.7633,-15.6415,5.1101],[136.7588,-15.6407,1.3115],[136.7563,-15.6419,0.0],[136.7548,-15.6454,4.1299],[136.7504,-15.6467,4.1447],[136.743,-15.6467,3.6679],[136.739,-15.6443,0.0],[136.7346,-15.6477,4.7645],[136.7387,-15.6535,2.2965],[136.7352,-15.6608,0.8456],[136.7402,-15.666,3.3788],[136.741,-15.6729,0.0],[136.7345,-15.6776,4.0496],[136.7372,-15.6836,2.1378],[136.7357,-15.6885,3.3623],[136.7371,-15.6908,3.311],[136.7368,-15.6972,5.1308],[136.7339,-15.6997,6.0141],[136.7297,-15.7002,0.0],[136.7309,-15.7025,0.8195],[136.7358,-15.7052,0.0],[136.7388,-15.703,0.0],[136.7459,-15.7049,0.6309],[136.7474,-15.708,1.4504],[136.7494,-15.7075,1.8463],[136.748,-15.7091,1.4504],[136.7513,-15.7128,3.1411],[136.749,-15.7186,3.0988],[136.7489,-15.7164,5.8931],[136.7432,-15.7174,2.7485],[136.7386,-15.7124,0.5028],[136.7371,-15.7245,0.8954],[136.7281,-15.7357,0.993],[136.7283,-15.7514,1.3575],[136.7334,-15.7596,0.0],[136.7375,-15.7589,1.8075],[136.7385,-15.7627,2.4905],[136.7413,-15.7618,2.9198],[136.7403,-15.7595,2.2434],[136.7416,-15.7562,7.5172],[136.7466,-15.7547,0.1699],[136.7462,-15.7499,6.8836],[136.7554,-15.7482,0.0],[136.758,-15.7446,3.3021],[136.764,-15.7455,0.6776],[136.7649,-15.7426,5.667],[136.7684,-15.7425,3.3321],[136.7717,-15.746,0.506],[136.7747,-15.7445,5.2104],[136.7765,-15.7464,0.0],[136.7806,-15.7405,4.0935],[136.7885,-15.7359,2.3586],[136.7915,-15.7287,7.7103],[136.7971,-15.7283,0.0],[136.8044,-15.7238,0.0],[136.8042,-15.7135,0.0],[136.7985,-15.7135,2.5128],[136.7969,-15.7108,0.8434],[136.7964,-15.7062,1.9788],[136.7982,-15.7034,0.8887],[136.7937,-15.7026,0.3706],[136.7855,-15.7065,2.4982],[136.7816,-15.7046,3.1911],[136.7795,-15.7013,2.2021],[136.7835,-15.6906,0.3049],[136.7878,-15.6867,0.0],[136.7911,-15.6843,4.884],[136.7947,-15.6871,0.1405],[136.7992,-15.6848,0.2492],[136.8043,-15.6853,3.076],[136.805,-15.6869,3.3964],[136.8018,-15.6951,0.0],[136.8025,-15.6978,0.9155],[136.8061,-15.6973,11.8904],[136.8138,-15.7003,0.0],[136.8172,-15.6981,1.0806],[136.8189,-15.6937,4.8757],[136.8242,-15.6883,6.8311],[136.8286,-15.6875,25.1634],[136.8338,-15.6902,0.7492],[136.8371,-15.6873,1.5762],[136.8317,-15.6859,0.8379],[136.8309,-15.6814,0.0],[136.8334,-15.6797,0.0],[136.8281,-15.6769,9.773],[136.8283,-15.6751,7.5782],[136.8313,-15.6747,0.0],[136.8324,-15.673,7.4776],[136.827,-15.6684,8.2385],[136.827,-15.6652,2.6423],[136.8291,-15.6635,0.0],[136.8281,-15.662,14.1898],[136.8231,-15.6588,1.3814],[136.8155,-15.6592,0.7749],[136.811,-15.655,7.0808],[136.8076,-15.6553,7.0003],[136.8053,-15.6503,2.0723],[136.7971,-15.6485,4.453],[136.7947,-15.645,0.6995],[136.7838,-15.647,0.9701]]],
[[[136.8071,-15.6107,2.0307],[136.8082,-15.6078,5.9171],[136.8124,-15.6058,4.4567],[136.8154,-15.6069,0.8443],[136.8193,-15.6045,10.365],[136.8191,-15.6032,10.365],[136.8132,-15.5961,0.0],[136.7937,-15.5906,0.0],[136.7881,-15.5919,0.9383],[136.7824,-15.6017,0.9828],[136.7772,-15.607,8.896],[136.779,-15.6091,3.8674],[136.7901,-15.6088,3.5496],[136.7922,-15.6105,5.2278],[136.7904,-15.6141,0.4924],[136.7913,-15.6154,0.5769],[136.7982,-15.6135,0.0],[136.7997,-15.61,5.8066],[136.8023,-15.6086,2.6576],[136.8071,-15.6107,2.0307]]],
[[[136.8768,-15.5309,1.1628],[136.8782,-15.5267,0.0],[136.8803,-15.5266,0.0],[136.8818,-15.5138,24.7674],[136.8838,-15.5121,0.6927],[136.8807,-15.5056,2.9693],[136.8724,-15.5174,2.369],[136.8669,-15.516,2.2218],[136.8663,-15.5119,1.5577],[136.8683,-15.5085,0.0],[136.8672,-15.5075,0.4262],[136.8626,-15.5124,0.0],[136.8585,-15.5213,0.602],[136.8599,-15.5247,0.0],[136.863,-15.526,0.0],[136.8605,-15.5327,0.0],[136.8529,-15.5373,0.0],[136.8433,-15.5397,5.4081],[136.8416,-15.5424,1.4707],[136.8449,-15.5492,0.0],[136.8417,-15.5574,3.6321],[136.842,-15.5629,2.5567],[136.8473,-15.5635,1.5404],[136.8526,-15.5698,0.0],[136.8558,-15.5818,4.9748],[136.8518,-15.5866,2.5042],[136.8464,-15.5876,0.2862],[136.8391,-15.5916,5.2399],[136.8332,-15.5975,1.2733],[136.8311,-15.6017,12.9362],[136.8313,-15.6049,0.0],[136.8411,-15.6039,2.4051],[136.843,-15.6062,0.0],[136.8431,-15.6103,6.148],[136.8395,-15.6134,4.6551],[136.8333,-15.6138,1.5878],[136.8296,-15.6179,3.3429],[136.8426,-15.6174,5.1755],[136.8456,-15.623,0.0],[136.849,-15.6229,3.2857],[136.8517,-15.6247,1.7789],[136.8506,-15.6282,1.5578],[136.847,-15.6304,4.9976],[136.841,-15.6306,1.6182],[136.8388,-15.6281,0.5174],[136.8374,-15.6286,0.5174],[136.8379,-15.6347,0.0],[136.8443,-15.6413,0.0],[136.8436,-15.6445,0.0],[136.8455,-15.6472,1.8368],[136.8525,-15.6451,3.06],[136.8534,-15.6422,2.8297],[136.8586,-15.6419,5.8672],[136.8613,-15.6398,5.1835],[136.8674,-15.6399,0.621],[136.8702,-15.6359,6.9498],[136.8763,-15.633,0.0],[136.8787,-15.634,9.6044],[136.8784,-15.637,1.9138],[136.8815,-15.6357,8.5445],[136.8821,-15.6311,2.5535],[136.8792,-15.6288,9.3511],[136.8776,-15.6222,7.3019],[136.881,-15.6182,5.2132],[136.8819,-15.6135,8.5303],[136.8778,-15.6118,0.0],[136.8754,-15.6172,2.1834],[136.863,-15.6097,6.1857],[136.862,-15.6074,3.2294],[136.8677,-15.6067,1.1904],[136.87,-15.6029,2.4584],[136.8721,-15.6059,4.6943],[136.8708,-15.608,0.0],[136.8719,-15.6104,1.0837],[136.8784,-15.6058,5.8476],[136.8804,-15.6086,0.0],[136.8825,-15.6059,5.7465],[136.884,-15.6073,0.0],[136.8848,-15.6048,0.0],[136.8835,-15.6016,4.7183],[136.8864,-15.5993,0.0],[136.8868,-15.5941,2.965],[136.8895,-15.5943,0.8459],[136.8909,-15.5996,0.0],[136.8928,-15.5977,3.8531],[136.8957,-15.5986,0.6988],[136.8991,-15.5944,8.8499],[136.9017,-15.5944,4.4518],[136.9049,-15.5901,2.5706],[136.9038,-15.5871,9.5085],[136.8963,-15.5855,2.5446],[136.8907,-15.5796,0.0],[136.8878,-15.5708,7.6489],[136.8883,-15.5657,0.0],[136.8847,-15.5576,0.0],[136.8826,-15.5562,0.0],[136.8828,-15.5525,0.0],[136.8805,-15.5463,3.1088],[136.8826,-15.5443,0.0],[136.8817,-15.5411,8.5869],[136.8783,-15.5391,1.1697],[136.8769,-15.5326,1.0817],[136.8737,-15.532,3.3762],[136.8768,-15.5309,1.1628]]],
[[[136.8492,-15.572,3.6567],[136.8489,-15.5735,0.0],[136.8508,-15.5737,1.391],[136.851,-15.5723,3.6567],[136.8492,-15.572,3.6567]]],
[[[136.8328,-15.5647,0.0],[136.8354,-15.5641,1.6765],[136.8365,-15.5603,11.142],[136.834,-15.5555,2.8319],[136.826,-15.5605,1.9903],[136.8075,-15.5581,0.981],[136.8051,-15.5629,1.7424],[136.7931,-15.56,2.044],[136.7887,-15.562,1.3235],[136.7869,-15.569,3.1877],[136.7847,-15.5696,0.0],[136.7811,-15.5749,2.0213],[136.7776,-15.5755,0.4731],[136.7736,-15.5786,0.8987],[136.7816,-15.5824,2.832],[136.7882,-15.577,2.6429],[136.7907,-15.5788,0.756],[136.7922,-15.5752,1.6853],[136.7958,-15.573,0.7372],[136.7984,-15.575,1.4862],[136.8006,-15.5816,0.0],[136.8033,-15.583,0.0],[136.8075,-15.5822,3.2915],[136.8117,-15.5846,0.0],[136.8195,-15.5821,0.9557],[136.8276,-15.5851,0.0],[136.8357,-15.5848,0.5349],[136.8402,-15.5812,2.2361],[136.8406,-15.5772,3.2164],[136.8365,-15.5662,0.0],[136.8338,-15.567,2.3123],[136.8295,-15.5716,2.9264],[136.8279,-15.5706,3.0559],[136.8328,-15.5647,0.0]]],
[[[136.884,-15.5369,0.0],[136.8848,-15.5369,0.0],[136.8852,-15.5365,0.0],[136.884,-15.536,0.3756],[136.884,-15.5369,0.0]]],
[[[136.9561,-15.5001,8.9157],[136.9549,-15.4993,3.5358],[136.9495,-15.5032,0.0],[136.9558,-15.5039,0.0],[136.9561,-15.5001,8.9157]]],
[[[136.9202,-15.493,5.5591],[136.9186,-15.4928,0.3425],[136.9177,-15.4963,0.7346],[136.9196,-15.4985,0.0],[136.9213,-15.4957,1.1953],[136.9202,-15.493,5.5591]]],
[[[129.161,-15.1865,4.5177],[129.1627,-15.1823,4.1458],[129.1589,-15.1856,4.7636],[129.1581,-15.1936,3.285],[129.1608,-15.1906,4.0822],[129.161,-15.1865,4.5177]]],
[[[129.1847,-15.1865,0.5],[129.184,-15.1852,0.5],[129.1858,-15.1893,0.5],[129.1863,-15.1886,0.5],[129.1847,-15.1865,0.5]]],
[[[129.5752,-15.1602,1.5],[129.5742,-15.1567,1.5],[129.5715,-15.1578,1.5],[129.57,-15.1669,5.6827],[129.5725,-15.1628,1.5],[129.5752,-15.1602,1.5]]],
[[[129.2036,-15.1569,0.0],[129.2015,-15.1546,0.0],[129.1986,-15.1572,0.0],[129.2029,-15.1576,0.0],[129.2036,-15.1569,0.0]]],
[[[129.218,-15.1376,0.0],[129.211,-15.1478,0.0],[129.2128,-15.1521,0.0],[129.2188,-15.1472,0.0],[129.2236,-15.1357,1.3239],[129.2203,-15.134,0.0],[129.218,-15.1376,0.0]]],
[[[129.2318,-15.1312,0.0],[129.2303,-15.1312,1.546],[129.2306,-15.1331,0.4196],[129.2319,-15.1318,0.0],[129.2318,-15.1312,0.0]]],
[[[129.2341,-15.1277,0.0],[129.2323,-15.1272,0.0],[129.2315,-15.1281,0.0],[129.2334,-15.1291,0.0],[129.2341,-15.1277,0.0]]],
[[[129.2353,-15.1188,0.0],[129.2339,-15.1211,0.0],[129.2361,-15.1258,4.4624],[129.2369,-15.1195,2.4121],[129.2353,-15.1188,0.0]]],
[[[129.2365,-15.1103,0.0],[129.2338,-15.1142,0.0],[129.2349,-15.1172,0.0],[129.2371,-15.1137,0.0],[129.2365,-15.1103,0.0]]],
[[[135.7846,-15.0933,2.0619],[135.7811,-15.0945,0.0],[135.7789,-15.0985,0.4321],[135.7803,-15.1015,0.0],[135.7828,-15.1014,0.0],[135.7873,-15.0978,8.0911],[135.7906,-15.0913,2.241],[135.7846,-15.0933,2.0619]]],
[[[135.7475,-14.8366,4.1051],[135.7402,-14.8356,1.0641],[135.7305,-14.8368,2.7852],[135.729,-14.8344,0.0],[135.7259,-14.8348,2.816],[135.7195,-14.8419,3.2807],[135.7159,-14.8509,6.1421],[135.7095,-14.852,0.0],[135.7092,-14.8556,9.1667],[135.7106,-14.8571,7.4344],[135.7159,-14.8572,6.6167],[135.721,-14.8604,2.1899],[135.7195,-14.8758,3.4863],[135.7169,-14.8822,1.8145],[135.7132,-14.8839,0.2246],[135.7097,-14.8826,0.3583],[135.7004,-14.8936,2.2903],[135.6974,-14.8947,2.2093],[135.6961,-14.8937,0.0],[135.6939,-14.8973,0.0],[135.69,-14.8989,0.0],[135.6869,-14.9038,0.657],[135.6896,-14.9061,7.4635],[135.6935,-14.9069,2.6373],[135.6982,-14.905,4.0988],[135.6994,-14.9074,4.1393],[135.7021,-14.9074,9.102],[135.7035,-14.9121,8.6582],[135.7063,-14.9116,4.4004],[135.708,-14.9129,0.8844],[135.7164,-14.9024,3.0724],[135.7217,-14.9005,0.0],[135.7283,-14.8938,0.7365],[135.7321,-14.8922,4.1128],[135.7341,-14.8958,3.4774],[135.7359,-14.8951,3.4774],[135.7389,-14.8989,2.2637],[135.7532,-14.8959,9.7478],[135.7641,-14.9018,0.6816],[135.764,-14.8992,4.2496],[135.7675,-14.8948,0.8415],[135.7665,-14.8908,8.5031],[135.7685,-14.8805,6.3291],[135.7672,-14.8672,0.5135],[135.7593,-14.8477,0.0],[135.7547,-14.8456,0.5461],[135.7475,-14.8366,4.1051]]],
[[[129.7049,-14.8117,0.6842],[129.7223,-14.8129,4.7803],[129.7308,-14.8089,0.647],[129.7321,-14.8041,0.0],[129.7014,-14.7892,0.0],[129.6713,-14.7836,0.0],[129.6706,-14.7884,0.0],[129.6784,-14.7955,0.7105],[129.6952,-14.8079,3.7158],[129.7049,-14.8117,0.6842]]],
[[[135.6109,-14.5365,0.0],[135.6117,-14.5358,0.0725],[135.6112,-14.5337,0.1092],[135.6104,-14.5343,0.0],[135.6109,-14.5365,0.0]]],
[[[135.617,-14.5127,0.4511],[135.6196,-14.5066,0.0],[135.6271,-14.5014,0.0],[135.6304,-14.4962,0.0],[135.63,-14.4936,0.0],[135.6249,-14.4884,1.2921],[135.6149,-14.491,0.0],[135.6031,-14.4903,3.3599],[135.6012,-14.5033,0.0],[135.608,-14.5163,0.0],[135.612,-14.5183,0.0],[135.617,-14.5127,0.4511]]],
[[[135.8743,-14.4289,0.0],[135.8683,-14.4367,0.0],[135.8703,-14.4364,0.0],[135.876,-14.4286,0.0],[135.8743,-14.4289,0.0]]],
[[[135.8772,-14.4269,0.0],[135.8785,-14.4248,0.0],[135.8782,-14.424,0.0],[135.8772,-14.4256,0.0],[135.8772,-14.4269,0.0]]],
[[[135.8812,-14.4215,0.0],[135.8823,-14.4187,0.0],[135.8822,-14.4177,0.0],[135.8795,-14.4231,0.0],[135.8812,-14.4215,0.0]]],
[[[135.734,-14.2877,0.0],[135.7279,-14.2905,3.1935],[135.7325,-14.2952,1.709],[135.7349,-14.291,0.0],[135.7351,-14.288,0.0],[135.734,-14.2877,0.0]]],
[[[136.0883,-13.8101,0.5811],[136.0887,-13.8087,0.0],[136.0854,-13.8127,0.0],[136.0858,-13.8129,0.739],[136.0883,-13.8101,0.5811]]],
[[[136.3689,-13.8418,2.9882],[136.373,-13.8256,4.4175],[136.368,-13.8123,0.0],[136.3593,-13.8094,0.0],[136.3532,-13.8114,0.0],[136.3524,-13.8193,0.8092],[136.3496,-13.8221,3.5576],[136.344,-13.8241,0.0],[136.3358,-13.8343,0.0],[136.3339,-13.8392,0.0],[136.3357,-13.8408,2.3194],[136.336,-13.8443,2.1602],[136.3454,-13.8439,5.0829],[136.3493,-13.8459,0.4942],[136.3499,-13.8449,0.4942],[136.3485,-13.8447,1.9497],[136.3536,-13.8418,1.0741],[136.3689,-13.8418,2.9882]]],
[[[136.5717,-13.7758,0.2678],[136.5731,-13.7865,0.0],[136.5753,-13.7877,0.8339],[136.58,-13.7765,0.0],[136.5728,-13.7731,0.3664],[136.5717,-13.7758,0.2678]]],
[[[136.2886,-13.7827,0.0],[136.2902,-13.7859,4.9801],[136.2926,-13.7821,1.7707],[136.2905,-13.783,5.1826],[136.2886,-13.7827,0.0]]],
[[[136.531,-13.7038,0.0],[136.5249,-13.7011,0.0],[136.5178,-13.7024,3.0655],[136.5098,-13.6985,0.474],[136.5089,-13.7003,1.1142],[136.512,-13.7017,0.8206],[136.518,-13.71,4.0729],[136.5177,-13.714,0.4609],[136.5146,-13.7186,4.6895],[136.5058,-13.7213,5.1938],[136.5012,-13.7206,4.2155],[136.4952,-13.7134,0.0],[136.4843,-13.7191,0.0],[136.4716,-13.7201,1.2923],[136.4725,-13.7253,0.4127],[136.4684,-13.7304,0.0],[136.4664,-13.7376,0.0],[136.4692,-13.7465,0.0],[136.4728,-13.7504,2.1345],[136.4827,-13.7539,0.8754],[136.4904,-13.7592,3.1282],[136.4948,-13.7763,0.0],[136.4981,-13.7821,2.2437],[136.5069,-13.7883,3.4715],[136.5097,-13.786,3.5638],[136.5131,-13.7865,0.0],[136.5166,-13.7915,0.8668],[136.5195,-13.7927,2.4228],[136.533,-13.78,0.0],[136.536,-13.7734,3.1443],[136.5399,-13.7748,1.3321],[136.5417,-13.7718,2.1531],[136.5404,-13.7656,3.1158],[136.5359,-13.764099999999999,3.4124],[136.5363,-13.759,4.2958],[136.5342,-13.7532,4.1374],[136.5317,-13.7523,1.0518],[136.5374,-13.7443,3.5469],[136.5386,-13.7389,0.9946],[136.5343,-13.7285,4.5288],[136.5342,-13.7201,5.0294],[136.5285,-13.7143,0.9682],[136.5281,-13.71,11.4168],[136.531,-13.7038,0.0]]],
[[[136.545,-13.7297,0.0],[136.5471,-13.7278,1.2578],[136.5471,-13.7272,1.2578],[136.5447,-13.7282,2.3711],[136.545,-13.7297,0.0]]],
[[[136.5726,-13.7292,2.7893],[136.5789,-13.7295,9.1723],[136.5796,-13.7266,14.0549],[136.5844,-13.7235,0.0],[136.5807,-13.7221,1.8716],[136.5801,-13.7231,0.6624],[136.582,-13.7236,1.0884],[136.5804,-13.7251,1.8047],[136.5777,-13.7225,0.0],[136.5726,-13.7241,5.6708],[136.5701,-13.7233,4.8646],[136.5699,-13.7255,9.5891],[136.5726,-13.7292,2.7893]]],
[[[136.3942,-13.7033,15.7276],[136.3916,-13.6991,1.1571],[136.3859,-13.695,14.6731],[136.3802,-13.6946,2.1029],[136.3849,-13.7052,1.6937],[136.3841,-13.7112,0.0],[136.3946,-13.7152,0.0],[136.4004,-13.7153,0.4672],[136.3942,-13.7033,15.7276]]],
[[[136.7443,-13.6888,0.0],[136.7425,-13.6908,3.2364],[136.7397,-13.6895,18.6723],[136.7395,-13.687,8.4717],[136.7365,-13.6869,6.2386],[136.7335,-13.6957,0.0],[136.7358,-13.6952,2.5142],[136.7379,-13.6969,1.3751],[136.7418,-13.6937,9.0903],[136.7456,-13.6933,4.414],[136.7456,-13.6958,4.0528],[136.7486,-13.694,5.9825],[136.7505,-13.6958,0.0],[136.7543,-13.6907,0.0],[136.7525,-13.6921,1.4636],[136.7505,-13.6904,0.0],[136.7487,-13.6918,8.4325],[136.7487,-13.6888,4.2144],[136.7445,-13.6905,2.1893],[136.7443,-13.6888,0.0]]],
[[[136.5921,-13.6783,0.0],[136.5921,-13.6796,0.0],[136.5944,-13.6749,0.0],[136.5908,-13.6754,0.0],[136.5921,-13.6783,0.0]]],
[[[136.9565,-13.6365,0.0],[136.9583,-13.6316,0.0],[136.9626,-13.6269,0.0],[136.9616,-13.6253,1.3544],[136.9601,-13.6267,18.2426],[136.9582,-13.6259,0.0],[136.9574,-13.6281,14.121],[136.9542,-13.627,9.3922],[136.9499,-13.6299,0.0],[136.9492,-13.634,5.3774],[136.9451,-13.6358,1.6737],[136.9428,-13.6343,2.8172],[136.9333,-13.6344,0.0],[136.9283,-13.6379,0.4443],[136.9298,-13.6389,5.5114],[136.9255,-13.6445,5.0513],[136.9277,-13.6474,0.2338],[136.9324,-13.6447,0.4992],[136.9344,-13.646,1.3654],[136.942,-13.6432,0.0],[136.9459,-13.6466,0.0],[136.9464,-13.6439,0.0],[136.9503,-13.6435,4.2003],[136.9512,-13.6489,2.3234],[136.9536,-13.6442,0.0],[136.9522,-13.6433,0.0],[136.9568,-13.639099999999999,0.0],[136.9565,-13.6365,0.0]]],
[[[136.4191,-13.6306,3.4388],[136.4171,-13.6218,0.0],[136.4098,-13.6233,4.058],[136.4008,-13.6208,0.6988],[136.4017,-13.6216,3.227],[136.3985,-13.6225,0.0],[136.3967,-13.6279,0.6495],[136.403,-13.6317,1.3553],[136.416,-13.6337,0.4833],[136.4195,-13.6331,0.3523],[136.4191,-13.6306,3.4388]]],
[[[136.6861,-13.6347,3.5503],[136.6847,-13.6325,0.0],[136.6832,-13.6343,4.0061],[136.6824,-13.6321,0.0],[136.6809,-13.6331,0.6132],[136.6812,-13.6381,3.2355],[136.683,-13.6392,4.356],[136.6805,-13.6403,10.1466],[136.6822,-13.6415,10.2014],[136.6793,-13.6443,0.0],[136.6806,-13.6477,5.8992],[136.6827,-13.6478,4.2272],[136.6868,-13.6447,0.0],[136.6878,-13.6401,2.8244],[136.6849,-13.641,2.4388],[136.6849,-13.639099999999999,10.0977],[136.6891,-13.6367,0.0],[136.6884,-13.635,3.1982],[136.6861,-13.6347,3.5503]]],
[[[136.6999,-13.6233,0.0],[136.7023,-13.6211,0.757],[136.6997,-13.6194,0.0838],[136.7003,-13.6173,0.0024],[136.6979,-13.6182,9.9285],[136.6959,-13.6222,2.7629],[136.6926,-13.6229,0.0],[136.6923,-13.6257,0.0],[136.6861,-13.6277,0.0],[136.6863,-13.6313,0.0],[136.6913,-13.6309,5.4582],[136.6987,-13.6365,0.0],[136.7018,-13.635,0.2289],[136.7015,-13.6318,4.4763],[136.7001,-13.6336,2.7579],[136.6974,-13.6334,1.0465],[136.7,-13.6288,0.2879],[136.6954,-13.628,4.4547],[136.6953,-13.6259,14.2881],[136.6999,-13.6233,0.0]]],
[[[136.2452,-13.5874,2.363],[136.2454,-13.5842,0.6148],[136.2391,-13.5823,7.6999],[136.2367,-13.5775,3.2168],[136.2331,-13.5784,0.0],[136.2316,-13.5855,0.0],[136.2351,-13.5886,2.3963],[136.2367,-13.5871,2.4149],[136.2364,-13.5948,8.9199],[136.233,-13.5934,9.6437],[136.2266,-13.5866,5.502],[136.2211,-13.5867,4.4775],[136.2193,-13.5884,0.0],[136.2229,-13.5913,0.0],[136.2252,-13.6007,0.0],[136.2362,-13.6031,0.0],[136.2409,-13.6004,2.3867],[136.247,-13.5999,0.0],[136.2463,-13.5973,0.0],[136.2484,-13.5954,0.7101],[136.2452,-13.5874,2.363]]],
[[[136.3203,-13.5873,0.6128],[136.3178,-13.5876,0.0],[136.3172,-13.5915,0.0],[136.3219,-13.5924,2.5852],[136.3231,-13.5905,2.298],[136.3203,-13.5873,0.6128]]],
[[[136.2744,-13.5955,4.1847],[136.2753,-13.592,3.0613],[136.2733,-13.5908,0.251],[136.2709,-13.5927,0.6104],[136.2706,-13.591,0.2881],[136.2693,-13.5914,0.6104],[136.2683,-13.5964,0.0],[136.2744,-13.5955,4.1847]]],
[[[136.4086,-13.8359,0.0],[136.408,-13.8453,0.0],[136.417,-13.8532,0.0],[136.4191,-13.8588,0.6228],[136.423,-13.8614,0.0],[136.429,-13.8693,1.1798],[136.4334,-13.8777,0.0],[136.4361,-13.8908,5.5748],[136.4328,-13.9085,0.0],[136.4268,-13.9198,1.6764],[136.4271,-13.9276,0.0],[136.4256,-13.9343,9.346],[136.4225,-13.9394,0.0],[136.4208,-13.9503,0.0],[136.4121,-13.9641,0.3174],[136.4082,-13.9763,0.0],[136.4182,-13.996,2.6972],[136.4158,-13.9999,0.0],[136.4156,-14.0153,0.0],[136.4219,-14.0466,4.316],[136.4206,-14.0485,5.485],[136.4175,-14.0475,0.0],[136.4204,-14.0523,1.4173],[136.418,-14.058,1.2835],[136.4214,-14.0673,1.0606],[136.4294,-14.0764,0.4848],[136.4306,-14.0799,0.0],[136.4332,-14.0798,2.3972],[136.4294,-14.0849,0.0],[136.4296,-14.0942,6.7353],[136.4351,-14.1001,0.2073],[136.4422,-14.1136,3.0286],[136.4426,-14.1235,0.3882],[136.4395,-14.128,1.6147],[136.4366,-14.1284,1.282],[136.4353,-14.1306,0.4251],[136.4314,-14.1309,0.0],[136.421,-14.1423,0.0],[136.4187,-14.1471,0.0],[136.4199,-14.1545,1.6272],[136.4221,-14.155,2.5889],[136.4114,-14.1695,1.7675],[136.4095,-14.1686,1.0534],[136.398,-14.1779,0.0],[136.344,-14.2018,0.0],[136.3381,-14.2069,0.0],[136.3245,-14.2133,0.6082],[136.3233,-14.2162,1.2281],[136.3256,-14.2201,0.0],[136.3259,-14.2267,0.0],[136.3247,-14.2461,0.3571],[136.3566,-14.2201,1.8048],[136.3743,-14.2132,0.0],[136.3956,-14.2023,7.4773],[136.4131,-14.1993,1.8433],[136.4215,-14.1961,7.3993],[136.4373,-14.1963,1.5534],[136.4456,-14.1993,3.9721],[136.4509,-14.2041,0.8883],[136.4536,-14.2079,3.1166],[136.4555,-14.218,0.4176],[136.4705,-14.2276,1.3238],[136.4793,-14.229,3.0969],[136.4908,-14.237,0.6707],[136.5069,-14.2345,3.2722],[136.5081,-14.2347,0.7646],[136.5051,-14.2361,3.5754],[136.5082,-14.2366,0.0],[136.5105,-14.2331,1.257],[136.5246,-14.2338,4.4518],[136.5297,-14.2383,0.4257],[136.5299,-14.2444,0.0],[136.5405,-14.2541,1.025],[136.5518,-14.2528,13.7585],[136.5566,-14.2541,9.4834],[136.5595,-14.2574,6.5343],[136.5664,-14.2605,6.4319],[136.5726,-14.2589,3.5373],[136.5853,-14.2593,0.0],[136.5903,-14.2604,1.6453],[136.5911,-14.2639,1.5663],[136.6034,-14.2627,6.8616],[136.6282,-14.265,3.3543],[136.6334,-14.2688,12.4613],[136.6311,-14.2763,11.9028],[136.6339,-14.2836,1.858],[136.6456,-14.2861,21.2556],[136.6499,-14.2962,2.9205],[136.6524,-14.2961,0.0],[136.6607,-14.289,1.934],[136.6704,-14.287,12.6919],[136.6728,-14.2935,19.1094],[136.6765,-14.2976,7.6401],[136.6825,-14.2978,3.1747],[136.6833,-14.2963,0.0],[136.6797,-14.2909,3.232],[136.6844,-14.2837,1.5335],[136.6942,-14.2759,3.2723],[136.7008,-14.2748,0.0],[136.706,-14.2761,0.0],[136.7075,-14.2735,3.5972],[136.7101,-14.2747,0.0],[136.7219,-14.2657,3.9856],[136.736,-14.2596,0.0],[136.7435,-14.2589,13.4879],[136.7463,-14.2614,0.0],[136.7555,-14.2581,0.0],[136.7595,-14.2595,42.6019],[136.7583,-14.262,0.7168],[136.7614,-14.2643,5.9569],[136.7663,-14.2616,3.5055],[136.7743,-14.2627,17.253],[136.7843,-14.2603,13.9783],[136.7914,-14.2627,9.56],[136.7928,-14.2667,5.853],[136.7964,-14.2657,11.7118],[136.8094,-14.2707,5.0614],[136.8134,-14.2764,6.9132],[136.813,-14.2794,5.6031],[136.8091,-14.2868,1.6876],[136.8028,-14.2886,1.5771],[136.8091,-14.2899,12.1237],[136.8148,-14.2944,13.0833],[136.8244,-14.2935,2.6815],[136.8124,-14.2874,0.0],[136.8143,-14.2818,0.0],[136.8191,-14.2775,5.1334],[136.8214,-14.2778,7.9446],[136.8214,-14.281,7.1357],[136.8255,-14.2833,1.4089],[136.8273,-14.2823,0.0],[136.8255,-14.2818,0.0],[136.8249,-14.2788,0.0],[136.83,-14.2779,19.4839],[136.8306,-14.2834,9.0594],[136.8352,-14.2864,16.9649],[136.8356,-14.2884,4.2496],[136.8397,-14.2888,11.281],[136.8397,-14.2925,13.1158],[136.8425,-14.2951,2.9784],[136.8455,-14.2898,0.0],[136.8455,-14.2828,6.2817],[136.8531,-14.2788,5.1941],[136.8596,-14.2782,11.5562],[136.8616,-14.2798,24.7982],[136.8604,-14.2828,5.7156],[136.8671,-14.2836,14.4685],[136.8708,-14.287,14.1729],[136.8707,-14.2904,9.3608],[136.8755,-14.2938,12.3387],[136.8757,-14.2974,5.6996],[136.8737,-14.2994,0.0],[136.8746,-14.3011,19.4929],[136.877,-14.3028,8.5109],[136.8835,-14.2991,19.207],[136.8867,-14.301,22.9858],[136.8878,-14.3061,8.5999],[136.8909,-14.3079,0.5431],[136.8953,-14.3048,1.2163],[136.8945,-14.302,3.7851],[136.8964,-14.3018,3.7851],[136.8966,-14.3057,5.0136],[136.9048,-14.3102,0.0],[136.9026,-14.3052,2.1209],[136.9043,-14.3033,0.0],[136.9025,-14.3007,0.0],[136.902,-14.3024,0.0],[136.8995,-14.2997,0.0],[136.899,-14.2971,0.0],[136.9054,-14.2879,1.7804],[136.9096,-14.2849,0.0],[136.9135,-14.2846,1.7078],[136.9158,-14.2852,8.2272],[136.9181,-14.29,6.6034],[136.9274,-14.2939,3.3577],[136.9328,-14.2938,5.7809],[136.9366,-14.299,8.36],[136.9432,-14.2967,4.315],[136.9491,-14.304,4.409],[136.9517,-14.3033,1.1398],[136.9492,-14.3001,0.0],[136.9507,-14.298,2.5031],[136.952,-14.2998,0.4597],[136.9531,-14.298,0.0],[136.9522,-14.2949,0.0],[136.9503,-14.2935,0.0],[136.9491,-14.2957,3.629],[136.9428,-14.2943,0.0],[136.9359,-14.2909,0.0],[136.9353,-14.284,2.2592],[136.9372,-14.2807,17.6941],[136.9402,-14.2819,0.0],[136.9418,-14.28,7.1959],[136.9429,-14.2816,0.0],[136.9467,-14.2777,2.7921],[136.9498,-14.2803,5.4839],[136.9542,-14.2809,1.3209],[136.9582,-14.2845,7.3999],[136.9646,-14.2826,0.0],[136.948,-14.2762,0.0],[136.9457,-14.2728,0.0],[136.9459,-14.2651,0.0],[136.9407,-14.2604,0.0],[136.9429,-14.2543,3.0559],[136.9495,-14.2478,7.4364],[136.9598,-14.2449,0.0],[136.9531,-14.2426,0.0],[136.9499,-14.2345,3.0463],[136.9526,-14.2286,0.0],[136.9457,-14.2255,0.0],[136.9472,-14.2216,0.8001],[136.9519,-14.2196,1.4974],[136.9444,-14.2132,0.0],[136.9361,-14.2122,0.0],[136.9343,-14.2037,0.0],[136.9364,-14.1942,0.0],[136.9402,-14.1892,12.4371],[136.9424,-14.1885,12.6091],[136.9476,-14.1904,12.3301],[136.9484,-14.1948,1.5603],[136.9541,-14.1931,0.0],[136.9556,-14.1872,0.0],[136.9603,-14.1808,0.0],[136.9576,-14.1784,0.0],[136.9575,-14.1764,0.5038],[136.964,-14.1648,0.0135],[136.958,-14.1642,0.0],[136.9452,-14.1571,0.0],[136.9415,-14.1606,0.0],[136.9369,-14.1601,0.0],[136.9331,-14.1619,0.2889],[136.9337,-14.1637,3.2654],[136.9283,-14.1643,0.0],[136.9216,-14.159,0.0],[136.9203,-14.1526,0.3159],[136.9234,-14.1489,2.9712],[136.9296,-14.1468,0.0],[136.9307,-14.1439,0.0],[136.9264,-14.1431,0.6612],[136.9227,-14.1399,0.0],[136.9182,-14.1394,0.0],[136.9156,-14.1363,0.1714],[136.9113,-14.1376,0.0],[136.9106,-14.139,0.6588],[136.9152,-14.1416,3.239],[136.9156,-14.144,1.6517],[136.9091,-14.1521,7.0786],[136.9111,-14.1535,13.9155],[136.912,-14.1581,2.3474],[136.9161,-14.1591,4.2317],[136.9182,-14.1648,3.3985],[136.9147,-14.1715,0.0],[136.9048,-14.1809,1.1841],[136.8956,-14.201599999999999,0.4048],[136.8908,-14.2052,0.5716],[136.8806,-14.2092,0.0],[136.8631,-14.2108,0.0],[136.8539,-14.2065,0.0],[136.8548,-14.2023,0.0],[136.8488,-14.1966,0.5563],[136.847,-14.1897,5.4859],[136.8429,-14.1831,2.2288],[136.8387,-14.181,0.0],[136.8372,-14.1784,0.0],[136.8277,-14.1749,1.3325],[136.822,-14.1697,0.0],[136.8193,-14.1645,0.0],[136.8171,-14.1658,0.0],[136.8109,-14.1642,0.0],[136.8021,-14.1541,0.6652],[136.8035,-14.1503,0.3556],[136.8007,-14.1472,0.0],[136.7974,-14.1513,3.4766],[136.7926,-14.1502,0.0],[136.7886,-14.1516,4.2107],[136.7845,-14.1492,0.0],[136.7813,-14.1441,0.0],[136.777,-14.1442,0.0],[136.7768,-14.1465,1.4216],[136.7812,-14.1512,5.9331],[136.7788,-14.1564,17.3079],[136.7824,-14.1634,6.4254],[136.7789,-14.168,1.7933],[136.7724,-14.1679,0.0],[136.7709,-14.1695,0.4115],[136.7763,-14.176,10.0025],[136.7807,-14.1761,12.9789],[136.7818,-14.1819,12.5109],[136.7886,-14.1864,6.7965],[136.7854,-14.1931,3.7481],[136.7816,-14.1923,0.0],[136.7731,-14.1946,4.8383],[136.7698,-14.1933,0.199],[136.7633,-14.1957,0.0],[136.761,-14.1944,0.0],[136.7605,-14.1911,0.0],[136.7527,-14.1862,0.0],[136.7405,-14.1858,0.0],[136.7334,-14.1905,0.0],[136.7224,-14.1879,2.1169],[136.7244,-14.1875,0.0],[136.7071,-14.169,4.1204],[136.7054,-14.1631,0.0],[136.7075,-14.1572,0.0],[136.7144,-14.1523,1.7485],[136.713,-14.145,4.9179],[136.7156,-14.1422,0.6934],[136.7054,-14.1408,0.0],[136.6998,-14.1218,0.0],[136.6997,-14.1146,0.0],[136.7027,-14.1068,1.4762],[136.7044,-14.1056,1.1737],[136.7092,-14.1075,12.2339],[136.7115,-14.1067,0.0],[136.7093,-14.102,0.0],[136.7131,-14.0994,2.4329],[136.7207,-14.1043,1.8893],[136.7191,-14.0985,0.0],[136.7138,-14.0983,0.0],[136.7133,-14.0931,3.5956],[136.7194,-14.082,6.4258],[136.7241,-14.0781,0.0],[136.7239,-14.0745,0.0],[136.7201,-14.0715,0.0],[136.7221,-14.0687,1.9371],[136.7328,-14.0653,4.2495],[136.7377,-14.0662,4.4029],[136.7416,-14.0719,0.8873],[136.7378,-14.0784,1.0335],[136.7461,-14.0859,9.8204],[136.7495,-14.0848,9.2336],[136.7522,-14.0869,2.7129],[136.7536,-14.0825,0.0],[136.7526,-14.0757,0.0],[136.7476,-14.0731,2.3181],[136.7479,-14.0665,3.1942],[136.7528,-14.0569,1.2523],[136.7559,-14.0555,9.1854],[136.7576,-14.0585,6.4606],[136.7587,-14.0581,0.0],[136.7619,-14.0521,0.0],[136.7604,-14.0507,0.0],[136.7602,-14.0464,0.5974],[136.764,-14.0438,3.1653],[136.769,-14.043,9.0931],[136.7753,-14.0462,11.0328],[136.7776,-14.0514,8.7164],[136.7743,-14.0552,0.0],[136.7773,-14.058,0.0],[136.7825,-14.0526,0.6801],[136.7811,-14.0453,5.474],[136.7841,-14.0398,3.6896],[136.7922,-14.0367,7.7385],[136.7971,-14.0411,11.056],[136.8023,-14.0394,14.6777],[136.8035,-14.0404,8.8684],[136.8042,-14.038,0.0],[136.8076,-14.0359,0.0],[136.8073,-14.0292,3.6439],[136.8094,-14.0252,1.7883],[136.8059,-14.0208,1.9631],[136.8075,-14.0181,0.6461],[136.8018,-14.0204,0.0],[136.7981,-14.0175,0.0],[136.7956,-14.0208,0.0],[136.7902,-14.0189,0.0],[136.7867,-14.0237,3.0806],[136.7827,-14.025,0.0],[136.779,-14.0239,0.0],[136.7702,-14.0174,0.0],[136.7649,-14.0083,0.0],[136.7618,-13.9985,1.6983],[136.7623,-13.9857,2.6823],[136.7709,-13.9511,5.7677],[136.7789,-13.934,3.7904],[136.791,-13.9164,1.7714],[136.7961,-13.912,1.4931],[136.8126,-13.9041,6.9415],[136.8171,-13.9043,11.4745],[136.8218,-13.9086,3.148],[136.8303,-13.9074,6.7127],[136.8363,-13.9099,0.0],[136.8445,-13.9076,11.5227],[136.852,-13.9129,2.7976],[136.8551,-13.9115,2.9181],[136.8578,-13.9128,0.0],[136.8595,-13.9064,0.0],[136.8576,-13.8999,0.0],[136.8585,-13.8932,1.3191],[136.884,-13.8428,10.8888],[136.9005,-13.819,10.0016],[136.912,-13.8076,12.1327],[136.9191,-13.8066,7.7892],[136.9234,-13.808,2.1274],[136.9244,-13.8065,8.1689],[136.9215,-13.7978,0.0],[136.9176,-13.7955,0.3457],[136.9175,-13.7927,0.0],[136.914,-13.7895,10.2575],[136.9133,-13.7796,2.9432],[136.9069,-13.7656,0.8146],[136.8942,-13.7599,2.0856],[136.8887,-13.7539,0.0],[136.8841,-13.754,0.0],[136.8803,-13.7567,0.0],[136.8773,-13.7557,0.0],[136.8709,-13.7566,2.3115],[136.8467,-13.7502,2.9912],[136.8394,-13.7454,0.2865],[136.8369,-13.7483,0.0],[136.8399,-13.7618,0.0],[136.8377,-13.7699,0.0],[136.8395,-13.7739,1.3526],[136.8393,-13.7803,1.6231],[136.8331,-13.7885,0.0],[136.8147,-13.8019,0.0],[136.806,-13.8201,0.4218],[136.802,-13.824,0.0],[136.797,-13.8342,0.0],[136.7978,-13.8379,0.0],[136.8081,-13.8174,1.8555],[136.8137,-13.8121,1.3223],[136.8248,-13.8052,0.7445],[136.8326,-13.8023,2.0665],[136.8373,-13.8024,2.4074],[136.8423,-13.8074,8.3672],[136.8453,-13.8136,5.4415],[136.8447,-13.824,0.0],[136.8373,-13.8429,0.417],[136.8237,-13.8518,0.0],[136.8139,-13.8549,1.0871],[136.8128,-13.8538,0.0],[136.8116,-13.8558,0.0],[136.8014,-13.8552,1.9082],[136.7967,-13.8537,2.0683],[136.7935,-13.8479,0.0],[136.7822,-13.8478,0.0],[136.7767,-13.846,6.6354],[136.7737,-13.8426,0.0],[136.7652,-13.8414,2.9846],[136.7562,-13.8353,8.1438],[136.7545,-13.8324,0.0],[136.746,-13.8338,0.8678],[136.7422,-13.8372,9.237],[136.7372,-13.8383,3.8819],[136.7328,-13.8438,1.1141],[136.7269,-13.8432,2.6067],[136.7237,-13.8409,0.0],[136.7221,-13.8358,0.0032],[136.7183,-13.8358,0.8201],[136.7216,-13.8339,4.0884],[136.7227,-13.831,4.2105],[136.7263,-13.8294,2.6965],[136.7291,-13.8197,2.8967],[136.7229,-13.8169,4.4973],[136.7168,-13.8108,0.9212],[136.7174,-13.8023,1.717],[136.7141,-13.7991,3.3651],[136.7125,-13.7938,3.4977],[136.7147,-13.7883,4.027],[136.7214,-13.7836,1.7902],[136.72,-13.7813,2.7276],[136.7213,-13.7784,4.965],[136.7275,-13.7758,4.6328],[136.7287,-13.7786,0.1319],[136.7326,-13.7783,0.0],[136.7354,-13.771,1.0227],[136.7309,-13.7685,1.2307],[136.7279,-13.7699,4.201],[136.7247,-13.7675,0.0],[136.7244,-13.7707,2.5327],[136.718,-13.7758,1.4519],[136.7132,-13.7755,3.108],[136.7116,-13.773,0.6495],[136.7076,-13.7742,0.0],[136.7072,-13.7765,5.0243],[136.7042,-13.7779,0.0],[136.6971,-13.7749,0.0],[136.6895,-13.7639,0.0],[136.6876,-13.748,6.2877],[136.6906,-13.7446,0.5616],[136.6854,-13.7482,3.5541],[136.6815,-13.7428,1.5616],[136.6811,-13.7394,0.0],[136.6817,-13.7339,2.0781],[136.6861,-13.7272,5.7634],[136.6882,-13.7263,0.0],[136.6945,-13.7288,2.0987],[136.7008,-13.7241,4.5731],[136.7045,-13.7176,7.6711],[136.7073,-13.7157,0.9795],[136.7199,-13.7177,0.5214],[136.7187,-13.7127,2.6043],[136.7208,-13.7062,7.7102],[136.7289,-13.6944,0.4811],[136.728,-13.691,2.8547],[136.731,-13.687,2.0869],[136.7301,-13.6846,2.2726],[136.7315,-13.6813,4.4966],[136.7291,-13.6785,2.4194],[136.7294,-13.6752,4.5788],[136.7324,-13.6736,0.0],[136.7278,-13.67,0.0],[136.7273,-13.6675,4.502],[136.7311,-13.6622,3.2344],[136.7296,-13.6561,0.324],[136.7274,-13.6548,3.2959],[136.7296,-13.6539,1.4052],[136.7259,-13.6507,0.0],[136.7237,-13.6534,4.9436],[136.7249,-13.6551,6.4089],[136.7199,-13.6606,1.8071],[136.7197,-13.6645,6.0177],[136.7175,-13.6659,1.5365],[136.7128,-13.6645,2.3448],[136.7125,-13.6613,4.1074],[136.71,-13.6599,3.1473],[136.7105,-13.6575,0.0],[136.7076,-13.6589,1.2514],[136.7049,-13.6581,0.0],[136.7051,-13.6616,2.1526],[136.6975,-13.6634,6.2333],[136.6924,-13.659,3.5388],[136.6943,-13.6556,8.4184],[136.6965,-13.6552,4.4087],[136.6949,-13.6518,1.2354],[136.6916,-13.654,0.9568],[136.6886,-13.6601,0.0],[136.6901,-13.662,1.8778],[136.6888,-13.6706,15.5606],[136.6785,-13.6801,0.964],[136.6789,-13.6908,0.6429],[136.6753,-13.6988,0.7202],[136.6763,-13.7022,0.0],[136.675,-13.7028,0.0],[136.673,-13.6996,0.7853],[136.6699,-13.6997,6.5112],[136.6674,-13.696,0.8444],[136.664,-13.6944,0.0],[136.6652,-13.6967,4.8907],[136.6619,-13.7041,0.0],[136.659,-13.704,1.5363],[136.6537,-13.6999,0.0],[136.6475,-13.7001,0.275],[136.6466,-13.7024,2.1819],[136.6428,-13.7022,0.0],[136.6395,-13.7041,3.0523],[136.6384,-13.7083,5.2127],[136.6325,-13.7136,0.0],[136.6324,-13.7157,0.0],[136.6357,-13.7171,1.1567],[136.6328,-13.7203,0.799],[136.6244,-13.7181,1.7714],[136.6171,-13.706,3.5796],[136.6196,-13.7043,0.2839],[136.6212,-13.6998,0.8008],[136.6255,-13.6999,0.9107],[136.6317,-13.6907,4.2641],[136.6366,-13.689,1.2723],[136.63,-13.6887,0.0],[136.6255,-13.6907,0.0],[136.6212,-13.6882,1.3109],[136.6189,-13.6887,6.0935],[136.6167,-13.6852,0.7507],[136.6176,-13.6789,0.2321],[136.6117,-13.6788,1.0568],[136.611,-13.6822,9.2227],[136.6086,-13.6842,1.0137],[136.6067,-13.683,1.4214],[136.6025,-13.685,23.8785],[136.5996,-13.6842,0.0],[136.5978,-13.6873,0.0],[136.5958,-13.6866,4.0454],[136.5978,-13.683,3.5455],[136.5958,-13.6788,0.5383],[136.5934,-13.683,5.0655],[136.5871,-13.6834,2.521],[136.5778,-13.6874,1.2596],[136.574,-13.6934,0.2204],[136.5783,-13.6945,4.3881],[136.5859,-13.6925,5.2024],[136.5913,-13.6948,0.0],[136.5927,-13.7034,7.9678],[136.5908,-13.7116,3.5211],[136.5846,-13.718,1.8769],[136.5867,-13.7212,9.1642],[136.5881,-13.7209,10.058],[136.5893,-13.725,0.0],[136.5979,-13.7291,1.283],[136.6053,-13.7292,4.7622],[136.6106,-13.7326,3.9096],[136.6181,-13.7442,1.3567],[136.618,-13.7486,0.0],[136.6161,-13.7559,0.0],[136.6077,-13.7636,0.0],[136.615,-13.7613,0.0],[136.6189,-13.7639,1.6439],[136.6305,-13.7662,1.896],[136.632,-13.7743,4.8501],[136.6293,-13.7773,1.1425],[136.6361,-13.7795,3.0597],[136.6381,-13.7817,2.7307],[136.638,-13.7836,1.3769],[136.632,-13.7888,1.2228],[136.6244,-13.7908,1.2633],[136.6167,-13.7895,0.0],[136.6079,-13.7854,2.3277],[136.5941,-13.787,6.3684],[136.5932,-13.7917,0.5131],[136.5959,-13.7988,0.0],[136.6011,-13.8011,2.3976],[136.6028,-13.8039,4.6134],[136.5998,-13.807,2.9375],[136.5839,-13.8086,3.5776],[136.5814,-13.8059,1.4872],[136.5812,-13.7996,1.6779],[136.5742,-13.7986,1.5034],[136.5723,-13.8008,0.4416],[136.5724,-13.804,1.48],[136.5751,-13.8089,0.0],[136.5712,-13.8125,0.9236],[136.5654,-13.8144,0.7459],[136.5662,-13.8299,1.1995],[136.5641,-13.8189,3.8382],[136.5602,-13.8153,4.2092],[136.5544,-13.8198,6.7452],[136.5522,-13.8198,5.2386],[136.5415,-13.8162,0.0],[136.5392,-13.814,5.3572],[136.5375,-13.8087,7.8984],[136.538,-13.8038,15.4701],[136.5399,-13.8015,4.9895],[136.5401,-13.7953,6.553],[136.5426,-13.7891,0.0],[136.5414,-13.7876,0.0],[136.5308,-13.785,1.1958],[136.527,-13.7872,0.2203],[136.5238,-13.7915,0.0],[136.5239,-13.8094,0.7276],[136.526,-13.8157,0.0],[136.5246,-13.8215,3.5444],[136.5135,-13.8319,3.2903],[136.4949,-13.8381,3.0338],[136.4956,-13.8408,4.3507],[136.4915,-13.8355,3.7306],[136.4837,-13.8338,4.5684],[136.4628,-13.8345,2.0067],[136.4621,-13.8286,2.3824],[136.4571,-13.8192,0.1874],[136.4478,-13.8245,0.7401],[136.449,-13.829,1.5886],[136.4404,-13.8314,1.1765],[136.4404,-13.8242,4.2465],[136.4436,-13.8246,0.0],[136.4467,-13.8221,5.8306],[136.4447,-13.8203,4.7181],[136.439,-13.8194,13.3629],[136.4347,-13.8151,10.871],[136.4215,-13.8164,2.1613],[136.4202,-13.8205,2.5289],[136.4092,-13.831,6.4131],[136.4086,-13.8359,0.0]]],
[[[136.2267,-13.6646,2.9483],[136.2218,-13.6624,0.981],[136.2181,-13.6638,6.8278],[136.213,-13.6623,0.0],[136.2066,-13.6633,1.9419],[136.1996,-13.6653,2.509],[136.1983,-13.6687,0.0],[136.1912,-13.6709,1.4367],[136.1874,-13.6752,1.3029],[136.1832,-13.6751,2.9866],[136.1814,-13.6777,0.715],[136.1925,-13.6796,0.2917],[136.1884,-13.685,0.0],[136.188,-13.6881,0.0],[136.1906,-13.6928,0.0],[136.1875,-13.6997,0.8],[136.1855,-13.7022,0.9802],[136.1789,-13.7032,4.7145],[136.1737,-13.7071,0.2038],[136.1771,-13.7086,0.7425],[136.1762,-13.7115,0.0],[136.1794,-13.7131,0.0],[136.1809,-13.7183,5.8949],[136.1736,-13.7274,0.8588],[136.1817,-13.7363,3.1529],[136.1792,-13.743,0.564],[136.1736,-13.7483,3.7603],[136.1609,-13.7507,17.8951],[136.1557,-13.7472,1.7869],[136.1452,-13.7474,13.9573],[136.1398,-13.7436,1.971],[136.1395,-13.7357,0.0],[136.1328,-13.739,4.0683],[136.128,-13.7364,1.2818],[136.1251,-13.7258,1.2606],[136.1225,-13.7223,2.1234],[136.1194,-13.7225,1.6151],[136.1165,-13.7285,3.2955],[136.1129,-13.7313,3.1653],[136.1092,-13.7422,0.0],[136.1111,-13.752,2.1645],[136.1098,-13.7643,0.0],[136.1113,-13.7706,0.7355],[136.1189,-13.7813,3.515],[136.1198,-13.7878,3.6445],[136.1165,-13.7984,0.531],[136.1093,-13.8077,0.0],[136.1057,-13.8158,1.7868],[136.115,-13.8236,3.5643],[136.1161,-13.8274,1.4906],[136.1218,-13.8323,3.9946],[136.1279,-13.8358,5.2128],[136.1333,-13.8355,5.5028],[136.1354,-13.8371,1.9092],[136.1556,-13.8341,5.1955],[136.1682,-13.8346,0.1798],[136.1692,-13.8206,2.5953],[136.1599,-13.8209,0.0],[136.1552,-13.8168,1.9427],[136.1554,-13.8113,1.8849],[136.1589,-13.8055,0.7946],[136.1562,-13.8034,0.9782],[136.1576,-13.7999,1.0343],[136.1545,-13.8,1.3927],[136.1513,-13.7886,2.0188],[136.1479,-13.7888,3.2394],[136.1447,-13.7854,7.2376],[136.1462,-13.7806,0.7018],[136.1501,-13.7767,1.325],[136.1544,-13.7793,0.1784],[136.1554,-13.7773,3.9882],[136.1581,-13.7773,0.4341],[136.1691,-13.7692,3.6087],[136.1764,-13.7675,2.7834],[136.1857,-13.7682,0.0],[136.1922,-13.7734,5.5233],[136.1903,-13.7745,2.8167],[136.1894,-13.7827,5.7208],[136.192,-13.7892,2.7143],[136.1891,-13.7948,4.9828],[136.1938,-13.8014,0.594],[136.1986,-13.8043,1.1982],[136.1984,-13.806,0.0],[136.2063,-13.811,4.6451],[136.2112,-13.8241,0.0],[136.2105,-13.8296,6.9872],[136.1985,-13.848,0.0],[136.1994,-13.8538,8.5045],[136.2047,-13.8569,2.6825],[136.2134,-13.8561,2.3568],[136.2165,-13.8527,6.104],[136.2377,-13.8467,7.0971],[136.2408,-13.8469,5.0054],[136.2461,-13.8506,4.4683],[136.2479,-13.85,1.4615],[136.2485,-13.8462,0.0],[136.2456,-13.8439,1.1165],[136.2462,-13.8402,1.8621],[136.2447,-13.8384,0.0],[136.2498,-13.8317,6.0835],[136.2546,-13.8321,0.0],[136.2543,-13.8212,8.4828],[136.2576,-13.8106,9.4426],[136.2599,-13.808,1.3206],[136.2586,-13.7993,11.8186],[136.259,-13.7974,0.7234],[136.2607,-13.7971,0.0],[136.2607,-13.7919,0.0],[136.2588,-13.7883,0.0],[136.26,-13.7842,5.1179],[136.2635,-13.7831,1.7904],[136.2715,-13.7882,5.2361],[136.2735,-13.7932,0.8882],[136.2792,-13.7922,0.5367],[136.2837,-13.787,2.1798],[136.2781,-13.7838,0.0],[136.2755,-13.7779,2.4165],[136.2739,-13.76,5.6803],[136.2764,-13.7564,15.0563],[136.2661,-13.7577,0.0],[136.2602,-13.7607,1.7959],[136.2549,-13.7597,3.9031],[136.2525,-13.7549,0.0],[136.2539,-13.7477,0.993],[136.2662,-13.7375,4.7301],[136.2716,-13.7366,2.1334],[136.2804,-13.7383,1.1978],[136.2834,-13.7407,1.94],[136.2904,-13.7365,1.4556],[136.2969,-13.738,0.0],[136.3006,-13.7367,2.6347],[136.3018,-13.7344,8.0127],[136.2965,-13.7289,0.0],[136.2938,-13.7233,0.0],[136.2925,-13.7075,0.0],[136.2811,-13.7041,1.7148],[136.274,-13.7055,1.7384],[136.2723,-13.7034,3.563],[136.2745,-13.7001,2.1363],[136.2706,-13.7012,4.3425],[136.2696,-13.6965,0.5401],[136.2666,-13.6957,3.3112],[136.2691,-13.6937,0.4607],[136.2666,-13.6919,1.4262],[136.2589,-13.6961,3.9536],[136.2562,-13.6954,1.1883],[136.2564,-13.6935,1.2044],[136.2523,-13.693,5.4961],[136.2512,-13.6911,7.4313],[136.2526,-13.6912,3.026],[136.2527,-13.6831,4.1443],[136.2546,-13.6814,0.8255],[136.2533,-13.6809,10.028],[136.2543,-13.6737,2.4765],[136.2496,-13.6757,9.7363],[136.2443,-13.673,8.4271],[136.244,-13.671,1.3655],[136.246,-13.6696,1.1204],[136.2427,-13.6668,0.6427],[136.2397,-13.6666,0.0],[136.2356,-13.6695,2.8238],[136.2351,-13.6671,2.1063],[136.2267,-13.6646,2.9483]]],
[[[136.9044,-13.6667,2.0936],[136.9072,-13.6663,0.9026],[136.9091,-13.6686,0.0],[136.9137,-13.6643,0.0],[136.9113,-13.659,0.0],[136.9085,-13.6584,0.0],[136.9011,-13.6622,0.0],[136.8972,-13.6683,2.1936],[136.8886,-13.673,2.9933],[136.887,-13.6761,1.7741],[136.8887,-13.6773,2.114],[136.8963,-13.6765,0.0],[136.8972,-13.6793,0.9216],[136.9006,-13.678,0.0],[136.9019,-13.6742,0.0],[136.9001,-13.6729,1.7184],[136.9044,-13.6667,2.0936]]],
[[[136.1828,-13.6674,0.6023],[136.1844,-13.665,7.8704],[136.1829,-13.6632,10.6607],[136.1797,-13.6637,0.0],[136.18,-13.6649,0.0],[136.1828,-13.6674,0.6023]]],
[[[136.6826,-13.6588,0.0],[136.6785,-13.6565,6.9667],[136.6719,-13.6564,13.1989],[136.6673,-13.6543,0.0],[136.6624,-13.6563,5.2123],[136.6628,-13.658,0.5516],[136.6644,-13.6579,6.6881],[136.662,-13.6622,2.7045],[136.6653,-13.6632,1.3756],[136.6643,-13.665,2.2667],[136.6687,-13.6638,3.8532],[136.6649,-13.6685,2.6219],[136.6652,-13.6713,4.38],[136.6612,-13.6743,0.0],[136.6615,-13.6771,0.0],[136.6597,-13.6797,0.0],[136.6633,-13.6796,0.3512],[136.666,-13.6847,0.0],[136.6762,-13.6789,5.9542],[136.6765,-13.6731,0.5893],[136.6812,-13.6654,0.0],[136.6799,-13.6612,14.2231],[136.6826,-13.6588,0.0]]],
[[[136.9326,-13.6638,2.5763],[136.9368,-13.6644,0.0],[136.9373,-13.6628,0.2025],[136.9326,-13.6617,3.4821],[136.9301,-13.6587,0.0],[136.9258,-13.6618,2.1071],[136.9278,-13.6634,5.8596],[136.9268,-13.6668,0.0],[136.932,-13.6658,0.865],[136.9326,-13.6638,2.5763]]],
[[[136.5982,-13.6629,9.8828],[136.6026,-13.657,0.105],[136.594,-13.6556,6.8677],[136.5906,-13.6533,9.7487],[136.5863,-13.6538,4.7144],[136.5801,-13.6582,5.2374],[136.5802,-13.6609,7.7569],[136.5755,-13.667,0.0],[136.583,-13.669,3.7636],[136.5859,-13.6675,6.741],[136.5913,-13.6675,10.0982],[136.5942,-13.6641,2.8946],[136.5982,-13.6629,9.8828]]],
[[[136.6386,-13.6615,8.0256],[136.6411,-13.6569,1.8645],[136.6379,-13.6573,0.5664],[136.6382,-13.6559,0.0],[136.6365,-13.6565,0.0],[136.637,-13.6587,4.945],[136.6342,-13.6581,2.5958],[136.6317,-13.6601,0.8202],[136.6295,-13.6675,7.2492],[136.6302,-13.6705,1.6566],[136.632,-13.6714,0.3274],[136.6317,-13.6737,1.1038],[136.6342,-13.6728,6.3202],[136.6344,-13.6703,7.4497],[136.6366,-13.6717,0.0],[136.6424,-13.6685,3.7717],[136.6414,-13.663,0.0],[136.6386,-13.6615,8.0256]]],
[[[136.6488,-13.6656,6.2577],[136.6515,-13.6655,2.0753],[136.6532,-13.6636,13.7534],[136.6567,-13.6553,0.0],[136.6544,-13.6543,0.0],[136.6437,-13.6569,0.7621],[136.6465,-13.6582,10.831],[136.644,-13.6589,0.0],[136.6455,-13.6618,5.4666],[136.6489,-13.6604,16.4684],[136.6469,-13.6641,0.9764],[136.6488,-13.6656,6.2577]]],
[[[130.1032,-13.2033,5.9506],[130.101,-13.2011,2.1305],[130.1029,-13.1969,1.5756],[130.1019,-13.194,0.0],[130.091,-13.1928,1.0985],[130.0892,-13.1947,1.5856],[130.0915,-13.1956,3.1772],[130.0883,-13.1975,1.4691],[130.0866,-13.2013,1.7476],[130.088,-13.2027,3.66],[130.0844,-13.2086,0.9078],[130.085,-13.2099,1.2832],[130.0864,-13.2076,5.2435],[130.0878,-13.2127,5.0066],[130.0953,-13.2173,5.7222],[130.0976,-13.2212,4.2645],[130.1056,-13.2237,3.7303],[130.1074,-13.2221,3.7152],[130.1078,-13.2241,1.5466],[130.1096,-13.2201,1.2195],[130.105,-13.2148,0.377],[130.1046,-13.2114,0.0],[130.105,-13.21,2.1575],[130.1077,-13.2103,0.8015],[130.1059,-13.2085,1.9655],[130.1057,-13.205,0.8939],[130.1032,-13.2033,5.9506]]],
[[[130.0482,-13.1515,1.6452],[130.0414,-13.1547,2.7735],[130.0346,-13.1548,2.6697],[130.0277,-13.1509,0.7161],[130.0217,-13.1433,0.8345],[130.0208,-13.1396,4.3822],[130.0247,-13.1198,0.0],[130.0222,-13.1131,4.5216],[130.0185,-13.1112,0.0],[130.0169,-13.114,3.7314],[130.0168,-13.1248,4.023],[130.019,-13.1423,3.2679],[130.0186,-13.1659,4.3826],[130.0204,-13.1798,1.7674],[130.0308,-13.1799,1.7028],[130.0411,-13.1832,1.0455],[130.0435,-13.1775,1.655],[130.0472,-13.1759,4.9869],[130.0448,-13.1783,0.0],[130.0541,-13.1773,1.5914],[130.0681,-13.1824,0.8213],[130.0728,-13.1799,0.6317],[130.075,-13.1712,14.5564],[130.0716,-13.1649,10.5601],[130.0577,-13.1521,1.2795],[130.0512,-13.1505,0.0],[130.0482,-13.1515,1.6452]]],
[[[136.7286,-12.8819,2.1314],[136.728,-12.8836,10.4496],[136.7241,-12.8851,11.1755],[136.7262,-12.8884,0.8059],[136.7305,-12.8871,2.8198],[136.7286,-12.8819,2.1314]]],
[[[135.9664,-13.3334,0.2819],[135.9692,-13.3346,1.1294],[135.9757,-13.3439,0.8229],[135.9719,-13.3276,0.0],[135.9682,-13.3238,0.0],[135.9613,-13.3214,0.6425],[135.9616,-13.3295,7.1624],[135.9664,-13.3334,0.2819]]],
[[[136.3749,-13.3194,6.9512],[136.3823,-13.3161,3.8542],[136.3834,-13.3136,1.5136],[136.3744,-13.3106,0.0582],[136.3725,-13.3129,0.0],[136.3696,-13.3129,0.0],[136.3718,-13.3164,1.9997],[136.371,-13.3184,0.0],[136.3749,-13.3194,6.9512]]],
[[[136.0923,-13.3142,0.0],[136.0925,-13.3091,0.0],[136.0969,-13.3017,2.0927],[136.0946,-13.2972,0.2961],[136.0865,-13.2988,1.4478],[136.0782,-13.2978,0.0],[136.0836,-13.3094,0.0],[136.0818,-13.3129,0.5119],[136.0865,-13.3134,3.3817],[136.0919,-13.3217,0.0],[136.0923,-13.3142,0.0]]],
[[[136.6763,-12.8754,1.4451],[136.6745,-12.8746,1.4451],[136.6752,-12.8708,0.9626],[136.6688,-12.8701,3.8239],[136.6673,-12.8718,0.0],[136.6706,-12.8756,2.4227],[136.677,-12.8774,3.4924],[136.6763,-12.8754,1.4451]]],
[[[136.6211,-12.8656,8.9821],[136.6214,-12.8688,1.3854],[136.6228,-12.8677,3.0509],[136.6248,-12.8686,1.6142],[136.6256,-12.8657,2.3346],[136.6304,-12.8643,3.2015],[136.6263,-12.86,10.9315],[136.6264,-12.8545,0.4305],[136.6182,-12.8585,0.0],[136.6211,-12.8656,8.9821]]],
[[[130.3941,-12.6257,6.2337],[130.3932,-12.6219,2.8238],[130.3856,-12.6174,0.0],[130.381,-12.6183,5.9682],[130.3778,-12.6167,0.5647],[130.3707,-12.6195,0.3265],[130.3685,-12.6233,5.5928],[130.3649,-12.625,1.7604],[130.3669,-12.6334,1.9187],[130.3701,-12.6363,3.1579],[130.3689,-12.6427,0.127],[130.3779,-12.6436,1.5927],[130.3801,-12.6416,4.5962],[130.3804,-12.6435,1.6516],[130.3834,-12.6438,2.7738],[130.388,-12.6422,0.0],[130.3963,-12.633,0.0],[130.3947,-12.6301,7.9356],[130.3964,-12.6266,7.9597],[130.3941,-12.6257,6.2337]]],
[[[130.9455,-12.6193,1.4147],[130.9461,-12.6263,7.7221],[130.9524,-12.6357,1.3298],[130.9538,-12.6301,0.0],[130.9526,-12.6246,3.1808],[130.948,-12.6174,0.0],[130.9455,-12.6193,1.4147]]],
[[[130.9462,-12.6152,0.0],[130.9439,-12.614,1.8429],[130.9449,-12.6178,6.1793],[130.9462,-12.6167,0.0],[130.9462,-12.6152,0.0]]],
[[[130.6033,-12.7005,2.1192],[130.5997,-12.6997,1.5998],[130.6018,-12.7028,4.1128],[130.6043,-12.7015,0.0],[130.6033,-12.7005,2.1192]]],
[[[130.6249,-12.6808,4.2982],[130.6224,-12.6849,3.0779],[130.6252,-12.6885,0.0],[130.6289,-12.6852,0.0],[130.627,-12.6807,0.0],[130.6249,-12.6808,4.2982]]],
[[[130.8775,-12.5563,1.7686],[130.8772,-12.5571,1.7686],[130.8776,-12.5574,1.7686],[130.8778,-12.5567,5.3709],[130.8775,-12.5563,1.7686]]],
[[[130.5178,-12.5902,1.366],[130.5213,-12.5893,0.3445],[130.5165,-12.5837,0.0],[130.5168,-12.5805,0.7607],[130.5184,-12.5779,1.3626],[130.5228,-12.5758,0.3221],[130.5224,-12.5731,0.0],[130.5179,-12.5692,0.0],[130.5201,-12.564,0.0],[130.5173,-12.5576,0.4251],[130.5156,-12.5621,4.8237],[130.5104,-12.5654,2.9858],[130.5113,-12.57,2.8646],[130.5081,-12.5742,10.7493],[130.4904,-12.5817,9.0462],[130.4868,-12.5817,2.8999],[130.4883,-12.5807,0.7886],[130.4875,-12.579,0.0677],[130.4848,-12.5804,0.2847],[130.4853,-12.5852,0.2384],[130.4928,-12.5909,0.943],[130.4949,-12.5964,1.8426],[130.4948,-12.6051,0.0],[130.4916,-12.609,0.8267],[130.4887,-12.6195,13.9],[130.4872,-12.6181,0.4253],[130.4866,-12.6237,0.0],[130.4913,-12.628,3.8234],[130.492,-12.6346,1.1478],[130.4964,-12.6373,1.8407],[130.4992,-12.6455,3.4666],[130.5061,-12.6495,6.3959],[130.5075,-12.6521,6.5676],[130.5153,-12.6529,5.6868],[130.524,-12.6618,5.3109],[130.523,-12.6681,0.8382],[130.5261,-12.6751,7.3965],[130.5271,-12.6847,6.3645],[130.5236,-12.6918,0.0],[130.5243,-12.7001,7.4595],[130.5339,-12.7095,7.915],[130.541,-12.7097,0.8472],[130.5436,-12.7087,0.0],[130.5443,-12.7045,0.0],[130.539,-12.6924,1.3844],[130.5422,-12.6812,0.0],[130.5361,-12.6718,0.0],[130.5302,-12.6678,0.0],[130.5298,-12.6591,2.2827],[130.5178,-12.6506,0.0],[130.5178,-12.6477,0.0],[130.5147,-12.6434,3.7119],[130.516,-12.6328,0.0],[130.5108,-12.6246,1.3079],[130.511,-12.617,1.2391],[130.5095,-12.6149,0.1393],[130.5041,-12.6127,0.0],[130.503,-12.6103,2.4544],[130.5036,-12.6043,0.3381],[130.5101,-12.5907,1.002],[130.5141,-12.5883,1.9485],[130.5178,-12.5902,1.366]]],
[[[130.4076,-12.607,2.1744],[130.4044,-12.6082,8.2043],[130.3917,-12.6008,0.9662],[130.385,-12.6025,0.8209],[130.3857,-12.6084,1.4056],[130.388,-12.6109,7.6373],[130.4018,-12.6151,2.1548],[130.4065,-12.6127,3.1369],[130.4084,-12.6095,6.1004],[130.4076,-12.607,2.1744]]],
[[[130.8626,-12.5591,4.0027],[130.8636,-12.5604,0.0],[130.8684,-12.5583,0.9607],[130.8718,-12.5544,0.6982],[130.8717,-12.5474,0.0],[130.867,-12.5451,0.0],[130.8641,-12.5461,0.0],[130.8657,-12.5501,5.4842],[130.8629,-12.5531,0.5768],[130.8642,-12.5555,8.3913],[130.8626,-12.5591,4.0027]]],
[[[130.871,-12.5901,1.021],[130.869,-12.5917,2.5869],[130.869,-12.5931,0.7985],[130.8709,-12.5913,0.7264],[130.871,-12.5901,1.021]]],
[[[130.4157,-12.594,5.7347],[130.4118,-12.5895,9.3081],[130.40952377260984,-12.584056847545284,8.2321],[130.40948059701492,-12.583989925373123,8.2321],[130.4043,-12.5813,1.0691],[130.3971,-12.5818,0.0],[130.3918,-12.5871,0.0],[130.3916,-12.5916,0.0],[130.3941,-12.5976,7.1073],[130.4007,-12.6018,3.6528],[130.4145,-12.5985,6.7518],[130.4157,-12.594,5.7347]]],
[[[130.40948059701492,-12.583989925373123,8.2321],[130.4095,-12.584,8.2321],[130.40952377260984,-12.584056847545284,8.2321],[130.4131,-12.5896,8.3023],[130.4168,-12.5921,7.2909],[130.4245,-12.5882,0.7011],[130.4278,-12.5838,1.1558],[130.4309,-12.5831,0.2339],[130.4344,-12.5798,-0.26],[130.4294,-12.5684,1.0341],[130.4207,-12.5636,3.5784],[130.4109,-12.5671,2.9566],[130.4059,-12.5722,0.0],[130.4051,-12.5772,1.3902],[130.40948059701492,-12.583989925373123,8.2321]]],
[[[136.2665,-13.4542,5.0255],[136.2596,-13.4473,0.0],[136.2579,-13.4486,5.0755],[136.2543,-13.4459,2.7956],[136.2493,-13.4406,4.2894],[136.2482,-13.4359,0.4665],[136.2464,-13.4356,0.4665],[136.246,-13.4379,0.0],[136.2414,-13.4393,0.0],[136.2387,-13.4427,0.5546],[136.2429,-13.4458,7.2862],[136.244,-13.4489,2.134],[136.2426,-13.4582,2.8667],[136.2443,-13.4619,0.2963],[136.2469,-13.4603,0.6304],[136.2461,-13.4558,3.4534],[136.2536,-13.4538,2.7605],[136.2558,-13.4579,3.7113],[136.2656,-13.4621,3.681],[136.2658,-13.4651,1.5101],[136.2684,-13.4669,0.0],[136.2723,-13.4635,0.6815],[136.2729,-13.4602,4.3402],[136.2696,-13.4543,0.0],[136.2665,-13.4542,5.0255]]],
[[[136.1039,-13.4589,1.0907],[136.1001,-13.4544,2.0591],[136.0972,-13.4553,8.4911],[136.0864,-13.4524,0.0],[136.0822,-13.4436,3.8188],[136.0784,-13.4462,0.0],[136.0785,-13.454,13.385],[136.0813,-13.4592,0.0],[136.0797,-13.4628,6.7899],[136.076,-13.462,2.7559],[136.0742,-13.4652,1.7046],[136.0741,-13.4664,0.0],[136.077,-13.4659,5.2544],[136.0791,-13.4678,3.2732],[136.0776,-13.4689,3.382],[136.0789,-13.4816,0.3634],[136.0748,-13.4826,0.0],[136.0768,-13.4851,0.0],[136.0804,-13.4827,0.0],[136.0795,-13.4776,0.0],[136.0827,-13.472,1.2571],[136.085,-13.474,4.6144],[136.0938,-13.4738,1.5919],[136.097,-13.4713,0.0],[136.1068,-13.4713,0.0],[136.1066,-13.4672,0.4382],[136.1091,-13.465,2.8876],[136.1077,-13.4606,0.9155],[136.1039,-13.4589,1.0907]]],
[[[136.1126,-13.3573,2.0137],[136.1094,-13.3611,0.0],[136.1061,-13.3617,4.8695],[136.0961,-13.3573,0.0],[136.0926,-13.3583,6.6662],[136.0882,-13.3639,0.0],[136.0969,-13.367,2.7249],[136.1042,-13.3647,0.0],[136.1093,-13.3652,0.0],[136.1207,-13.37,0.0],[136.127,-13.3746,5.4153],[136.1297,-13.3826,6.0483],[136.1269,-13.3893,0.0],[136.1334,-13.3931,4.0453],[136.1343,-13.4065,1.4923],[136.1418,-13.4191,5.2102],[136.1363,-13.4269,2.0873],[136.1304,-13.4285,3.4193],[136.1286,-13.4391,3.3925],[136.1349,-13.446,0.6587],[136.136,-13.4526,1.1373],[136.1314,-13.4656,12.2063],[136.1239,-13.4723,7.7481],[136.1246,-13.4794,0.2262],[136.1218,-13.4822,3.3087],[136.1225,-13.4837,0.9318],[136.125,-13.4819,2.5026],[136.128,-13.4822,5.6481],[136.1321,-13.488,3.0752],[136.1318,-13.4905,6.461],[136.1293,-13.492,5.6446],[136.1315,-13.4986,5.7496],[136.1269,-13.5035,0.0],[136.1391,-13.4981,0.0],[136.1434,-13.5005,1.7782],[136.1444,-13.5049,0.0],[136.1472,-13.505,0.0],[136.1501,-13.511,1.6328],[136.147,-13.5177,0.5364],[136.1417,-13.5216,4.86],[136.1412,-13.5307,0.0],[136.1395,-13.5336,8.0144],[136.1349,-13.5364,6.3504],[136.1328,-13.5347,2.1406],[136.1288,-13.5385,1.5023],[136.1266,-13.5438,0.0],[136.1322,-13.5483,0.3473],[136.1362,-13.5493,4.6309],[136.1368,-13.5523,0.0],[136.1352,-13.5574,3.9005],[136.1413,-13.5642,2.5213],[136.1419,-13.5597,2.483],[136.1444,-13.5622,2.5746],[136.1472,-13.5617,11.8034],[136.15,-13.5579,0.0],[136.1469,-13.5544,4.1986],[136.146,-13.5462,0.0],[136.1495,-13.5308,4.5342],[136.148,-13.528,0.7398],[136.1492,-13.525,3.4131],[136.1529,-13.5194,5.5601],[136.1551,-13.5187,1.6848],[136.159,-13.519,1.6849],[136.1597,-13.5234,0.0],[136.1621,-13.5225,6.0477],[136.1636,-13.5245,1.9915],[136.165,-13.5239,0.8243],[136.1677,-13.5098,9.4509],[136.1628,-13.5051,1.1112],[136.1629,-13.4984,1.0429],[136.16,-13.4975,0.0],[136.1563,-13.4913,0.419],[136.1545,-13.4914,3.1044],[136.1539,-13.4953,6.9218],[136.1491,-13.4953,6.1052],[136.1436,-13.4872,0.6134],[136.1438,-13.4789,0.0],[136.142,-13.4773,0.4564],[136.1446,-13.4764,0.0],[136.1422,-13.4754,0.0],[136.1421,-13.4703,0.5317],[136.1468,-13.4673,2.6981],[136.151,-13.4683,0.3275],[136.1515,-13.4748,0.0],[136.1607,-13.4798,1.9305],[136.1604,-13.4819,0.5911],[136.1632,-13.4821,7.2238],[136.1633,-13.4847,1.6994],[136.1655,-13.4853,1.2367],[136.1694,-13.4804,0.1841],[136.1669,-13.479,0.5889],[136.1667,-13.4772,0.0],[136.1679,-13.4718,3.521],[136.1708,-13.4685,0.591],[136.177,-13.4645,3.8037],[136.1813,-13.4636,3.426],[136.1845,-13.4646,0.0],[136.1849,-13.4668,0.8541],[136.1942,-13.4725,3.2613],[136.2003,-13.4685,0.0],[136.2059,-13.4547,3.4557],[136.2049,-13.4515,3.364],[136.1999,-13.4551,5.762],[136.1952,-13.4533,4.7898],[136.1771,-13.4376,0.7487],[136.1752,-13.432,1.6194],[136.1772,-13.4278,2.2446],[136.1805,-13.4275,0.0],[136.1804,-13.4263,1.2355],[136.175,-13.4213,2.1062],[136.1696,-13.4214,11.1257],[136.1619,-13.4174,0.0],[136.1523,-13.4004,1.3519],[136.1505,-13.3847,1.585],[136.1459,-13.3884,10.5711],[136.1408,-13.3864,4.0125],[136.1368,-13.3821,8.9349],[136.1358,-13.376,1.0123],[136.1246,-13.3689,2.4937],[136.1207,-13.3687,3.4762],[136.1167,-13.3592,0.0],[136.1126,-13.3573,2.0137]]],
[[[136.0745,-13.4438,8.1201],[136.0725,-13.4415,14.1811],[136.0709,-13.4419,1.5355],[136.0714,-13.4464,0.0],[136.0745,-13.4438,8.1201]]],
[[[136.1103,-13.4422,3.3408],[136.1082,-13.4409,0.389],[136.1059,-13.4425,0.1489],[136.106,-13.4459,0.4997],[136.1102,-13.4457,3.9043],[136.1103,-13.4422,3.3408]]],
[[[136.2277,-13.4383,2.32],[136.223,-13.4395,0.0],[136.2301,-13.4422,0.6896],[136.2303,-13.4405,0.4734],[136.2277,-13.4383,2.32]]],
[[[132.2903,-11.1021,0.0],[132.2897,-11.1009,0.0],[132.2883,-11.102,0.0],[132.2887,-11.1048,0.0],[132.2902,-11.1027,0.0],[132.2903,-11.1021,0.0]]],
[[[132.991,-11.0807,2.6317],[132.9942,-11.0875,4.4341],[133.0054,-11.0865,0.0774],[133.0109,-11.0731,1.5772],[133.0168,-11.0676,0.0],[133.0113,-11.0652,0.8683],[133.0087,-11.0622,0.0],[132.9877,-11.0526,0.396],[132.9779,-11.0435,0.0],[132.9783,-11.0534,0.0],[132.9853,-11.0588,6.262],[132.9895,-11.0651,5.2841],[132.991,-11.0807,2.6317]]],
[[[132.864,-11.0572,1.8964],[132.8692,-11.0606,0.1538],[132.8724,-11.0589,0.0],[132.87,-11.0587,0.0],[132.8706,-11.0552,0.8335],[132.8772,-11.0473,0.0],[132.8677,-11.044,0.0],[132.8586,-11.0449,3.9532],[132.8539,-11.0515,0.0],[132.8524,-11.0586,0.0],[132.8556,-11.0599,0.8375],[132.864,-11.0572,1.8964]]],
[[[132.4587,-11.0283,0.0],[132.4574,-11.0252,0.0],[132.4596,-11.0252,1.3575],[132.4585,-11.0223,0.0],[132.4568,-11.0253,0.0],[132.4587,-11.0283,0.0]]],
[[[136.7457,-11.0192,3.5638],[136.7479,-11.0201,0.3493],[136.7541,-11.0179,5.0593],[136.7566,-11.0146,1.7671],[136.7573,-11.01,1.9065],[136.7622,-11.0054,8.2187],[136.7598,-11.0015,8.1722],[136.7561,-11.0015,0.6984],[136.7551,-11.0034,1.4393],[136.7565,-11.0073,0.0],[136.7526,-11.0103,1.6734],[136.7503,-11.0103,2.5861],[136.7435,-11.0057,0.3554],[136.7366,-11.0073,1.9154],[136.7422,-11.0104,7.1329],[136.7416,-11.0156,-0.2452],[136.7457,-11.0192,3.5638]]],
[[[132.8308,-10.9673,0.0],[132.8284,-10.9715,0.2137],[132.8256,-10.9718,0.3511],[132.8233,-10.9702,0.0],[132.8238,-10.9666,0.4197],[132.8218,-10.9659,0.0],[132.8191,-10.9679,0.0],[132.819,-10.9736,0.8289],[132.8213,-10.9756,0.0],[132.8207,-10.9711,1.1004],[132.8218,-10.9704,1.1004],[132.8246,-10.9805,2.2738],[132.8223,-10.9787,0.0],[132.8244,-10.987,1.9564],[132.8233,-10.9922,10.911],[132.8255,-10.9981,0.4699],[132.828,-10.9928,3.6261],[132.8283,-10.9824,1.7547],[132.8322,-10.9762,0.0],[132.8308,-10.9673,0.0]]],
[[[137.9989,-25.5831,40.6256],[137.996,-18.9985,246.8104],[137.9966,-18.8682,249.6556],[138.0012,-18.6465,220.2761],[138.0012,-16.5445,0.9067],[137.9807,-16.5254,1.7641],[137.9682,-16.5188,6.1554],[137.9564,-16.5079,0.0],[137.9406,-16.4879,0.0],[137.9368,-16.4903,3.0206],[137.9401,-16.4854,0.0],[137.9367,-16.4818,0.0],[137.8857,-16.4451,2.8975],[137.862,-16.4227,0.0],[137.8478,-16.4027,0.0],[137.8404,-16.3899,0.0],[137.8385,-16.3837,0.0],[137.8298,-16.3718,0.0],[137.8141,-16.3582,4.7973],[137.8138,-16.3542,0.0],[137.8045,-16.3403,0.0],[137.7899,-16.326,0.0],[137.7823,-16.3136,0.0],[137.7751,-16.2953,2.5564],[137.7688,-16.2857,0.0],[137.7494,-16.265,1.6725],[137.7409,-16.2618,2.0181],[137.7395,-16.2475,0.6168],[137.7297,-16.2323,0.0],[137.7254,-16.2302,0.0],[137.7194,-16.2297,0.4542],[137.7271,-16.2345,1.3796],[137.7264,-16.2359,5.4626],[137.7159,-16.229,0.0],[137.7029,-16.2277,0.7231],[137.6995,-16.2251,0.0],[137.6806,-16.2223,0.0],[137.667,-16.2166,0.0],[137.6534,-16.2076,0.0],[137.6369,-16.2011,0.0],[137.6338,-16.2015,1.1159],[137.6211,-16.1943,0.0],[137.6232,-16.1979,0.4388],[137.6293,-16.2003,1.9398],[137.6238,-16.2005,-0.3891],[137.6175,-16.1935,0.6593],[137.6049,-16.1864,0.0],[137.5802,-16.1773,0.0],[137.5777,-16.1777,0.0],[137.5738,-16.1748,0.0],[137.5588,-16.1726,0.0],[137.5515,-16.169,0.0],[137.5343,-16.1642,0.0],[137.5316,-16.165,1.3549],[137.5366,-16.168,0.5068],[137.5484,-16.1693,0.0],[137.5453,-16.1705,3.0565],[137.5569,-16.1743,1.9712],[137.5498,-16.1734,2.2416],[137.5457,-16.175,1.2418],[137.538,-16.1749,2.0136],[137.5338,-16.1711,0.0],[137.5073,-16.1648,0.0],[137.5034,-16.1655,0.0],[137.5006,-16.1684,0.2125],[137.4985,-16.168,1.0626],[137.4854,-16.1637,0.0],[137.4821,-16.1601,0.0],[137.4541,-16.1465,1.0235],[137.4508,-16.1473,0.8792],[137.4408,-16.143,1.0228],[137.4257,-16.1393,0.0],[137.4159,-16.1411,0.5272],[137.4156,-16.1426,0.8482],[137.4181,-16.1432,3.6553],[137.4173,-16.1445,3.6553],[137.4092,-16.1443,0.0],[137.4022,-16.136,0.0],[137.3884,-16.1266,0.0],[137.3696,-16.1187,0.5916],[137.3569,-16.1156,0.4997],[137.3758,-16.1254,1.7111],[137.3803,-16.1321,0.6555],[137.3838,-16.1319,1.3731],[137.3816,-16.1337,1.1424],[137.3813,-16.137,0.5159],[137.3767,-16.1279,2.2607],[137.3736,-16.1264,0.601],[137.374,-16.1313,1.3276],[137.3726,-16.1333,0.4708],[137.3711,-16.1276,0.8998],[137.3564,-16.1183,0.3677],[137.3543,-16.115,0.0],[137.3371,-16.1083,3.9548],[137.321,-16.0993,0.0],[137.3085,-16.0901,0.99],[137.3006,-16.0802,1.2216],[137.2949,-16.0811,1.7576],[137.2985,-16.0787,2.138],[137.3015,-16.079,1.0828],[137.309,-16.0851,1.1559],[137.3064,-16.0796,0.9091],[137.2855,-16.06,0.0],[137.2739,-16.0459,0.5243],[137.2664,-16.0339,0.2244],[137.2673,-16.0273,0.0],[137.2544,-16.0123,0.0],[137.2456,-16.008,0.0],[137.227,-16.0044,0.0],[137.2272,-16.0062,0.0],[137.2469,-16.0098,0.0],[137.2518,-16.0128,0.0],[137.2389,-16.0091,0.1558],[137.2292,-16.0088,1.0384],[137.2153,-16.0024,0.6897],[137.2041,-15.9993,0.4606],[137.1964,-15.9955,5.6587],[137.1604,-15.9706,0.0],[137.1195,-15.9534,1.2736],[137.1118,-15.9531,0.4383],[137.1102,-15.9552,0.3802],[137.0836,-15.9442,1.5459],[137.0776,-15.939,0.0],[137.0637,-15.9312,0.2678],[137.0539,-15.9211,0.0],[137.0503,-15.9195,0.0],[137.0481,-15.9223,2.2053],[137.0458,-15.9184,1.4969],[137.0402,-15.9149,1.927],[137.0411,-15.9138,0.653],[137.0219,-15.8916,0.8067],[137.0119,-15.8851,2.2324],[137.0035,-15.8731,1.8596],[137.0024,-15.874,1.8596],[136.9979,-15.8695,0.0],[136.9996,-15.8738,3.1017],[137.0059,-15.8793,0.9415],[136.9999,-15.875,3.0914],[137.0006,-15.879,0.902],[136.9987,-15.8807,1.165],[136.9969,-15.8806,0.0],[136.9957,-15.8778,0.0],[136.9873,-15.8751,5.3456],[136.9853,-15.8711,4.9249],[136.988,-15.8696,0.4622],[136.9878,-15.8656,0.0],[136.9853,-15.8625,0.0],[136.9817,-15.8612,0.9422],[136.9801,-15.8627,5.2344],[136.9795,-15.8601,4.7678],[136.9779,-15.8599,4.2097],[136.9828,-15.8569,1.0246],[136.9818,-15.8536,0.0],[136.978,-15.851,0.0],[136.9723,-15.8525,0.0],[136.9672,-15.8586,2.8407],[136.9662,-15.8652,0.0],[136.968,-15.8699,0.0],[136.9717,-15.8712,3.8807],[136.9699,-15.8731,0.0],[136.9704,-15.8749,0.0],[136.9627,-15.8764,4.7447],[136.9557,-15.874,0.0],[136.9468,-15.8775,0.0],[136.9459,-15.8818,3.8863],[136.9428,-15.8795,0.0],[136.9395,-15.8802,0.1661],[136.9309,-15.8851,0.0],[136.9127,-15.8997,0.0],[136.9162,-15.9131,0.0],[136.9188,-15.9171,0.5612],[136.9296,-15.9249,1.155],[136.9497,-15.9312,0.5403],[136.951,-15.9369,3.2631],[136.9532,-15.9383,3.1565],[136.9443,-15.9329,0.9979],[136.9407,-15.934,1.1504],[136.9388,-15.9383,0.1707],[136.9306,-15.9332,1.6397],[136.9187,-15.9358,0.0],[136.9148,-15.9354,4.6342],[136.9133,-15.9331,0.7071],[136.9088,-15.9333,0.0],[136.9046,-15.9365,0.0841],[136.9081,-15.9285,2.5965],[136.9035,-15.9267,2.6175],[136.8969,-15.929,5.3398],[136.8929,-15.9248,0.8559],[136.8909,-15.9307,3.1124],[136.8888,-15.9323,3.4363],[136.8905,-15.9273,4.7922],[136.8878,-15.9224,0.0],[136.8785,-15.9243,1.1996],[136.8717,-15.9236,4.0137],[136.8688,-15.9206,5.256],[136.8681,-15.9147,0.0392],[136.8665,-15.9136,0.1651],[136.861,-15.9134,1.1349],[136.857,-15.9155,3.3248],[136.8494,-15.9163,0.0],[136.857,-15.9119,2.3555],[136.8563,-15.9075,4.8869],[136.8535,-15.9065,4.7309],[136.8352,-15.9083,1.2297],[136.823,-15.8992,0.0],[136.8184,-15.9006,0.0],[136.8089,-15.9002,0.0],[136.7959,-15.9045,0.0],[136.7941,-15.9059,1.0494],[136.7975,-15.9098,0.435],[136.7958,-15.9118,2.1905],[136.786,-15.9028,0.0],[136.7836,-15.9067,6.2576],[136.7762,-15.9088,0.0],[136.7673,-15.9156,0.4716],[136.7647,-15.9142,2.3474],[136.7607,-15.9163,2.8207],[136.7732,-15.9064,0.4302],[136.7757,-15.8992,0.8198],[136.7753,-15.8945,0.0],[136.7735,-15.8902,0.1414],[136.7715,-15.8894,0.0],[136.7695,-15.8897,1.1917],[136.7636,-15.8972,0.6902],[136.7592,-15.8992,0.4012],[136.7376,-15.9256,0.5167],[136.7295,-15.9324,2.7453],[136.7159,-15.9345,2.3657],[136.7064,-15.9312,5.2184],[136.7008,-15.923,2.8756],[136.6991,-15.9148,0.0],[136.696,-15.9143,0.0],[136.6949,-15.9068,0.1321],[136.6908,-15.9034,1.8918],[136.6948,-15.8998,3.3322],[136.6919,-15.8987,3.455],[136.6916,-15.8971,4.8448],[136.6973,-15.8928,0.0],[136.6985,-15.8901,2.6723],[136.71,-15.8861,0.0],[136.7093,-15.8833,0.0],[136.7048,-15.8822,3.82],[136.7057,-15.8809,5.3474],[136.7109,-15.8805,6.7092],[136.7147,-15.8773,4.2729],[136.7151,-15.8736,2.95],[136.7126,-15.87,0.0],[136.7122,-15.8662,3.4524],[136.7151,-15.8656,2.8073],[136.7134,-15.8614,2.9484],[136.7138,-15.8568,4.785],[136.7082,-15.85,1.7455],[136.7015,-15.8507,1.0506],[136.7007,-15.848,0.0],[136.7045,-15.8456,7.2934],[136.7039,-15.8418,2.6445],[136.7014,-15.8391,0.3316],[136.6932,-15.8358,0.6681],[136.6956,-15.8316,0.8726],[136.6928,-15.8271,0.0],[136.6876,-15.8249,3.1166],[136.6769,-15.8148,3.0437],[136.6746,-15.8145,0.1653],[136.6747,-15.8091,0.5382],[136.6787,-15.8066,0.1642],[136.6786,-15.8052,0.3891],[136.6705,-15.7941,0.9699],[136.6605,-15.7904,1.3526],[136.6531,-15.7921,1.3409],[136.6447,-15.7916,3.0107],[136.6459,-15.788,0.0],[136.6532,-15.7869,1.8465],[136.6555,-15.7858,2.1974],[136.6536,-15.7846,4.6899],[136.6539,-15.7832,0.0],[136.6584,-15.7816,2.1737],[136.6536,-15.7793,0.0],[136.6495,-15.7809,0.9873],[136.6454,-15.779,2.4019],[136.648,-15.7723,0.9088],[136.6428,-15.7691,0.0],[136.6462,-15.7673,1.76],[136.6571,-15.7741,0.8772],[136.6688,-15.7742,2.5354],[136.6756,-15.7776,0.3937],[136.6827,-15.7779,1.0206],[136.6891,-15.7594,0.6352],[136.6947,-15.7557,0.986],[136.694,-15.7531,1.4382],[136.6998,-15.7446,0.0],[136.7042,-15.7414,0.8189],[136.7062,-15.7364,1.2986],[136.7139,-15.7264,0.4413],[136.7152,-15.7204,3.6374],[136.7201,-15.7124,0.0],[136.7241,-15.6963,0.0],[136.7116,-15.6968,3.6285],[136.7093,-15.695,0.5501],[136.7072,-15.697,1.6095],[136.7045,-15.6968,1.699],[136.7027,-15.6943,1.1296],[136.7019,-15.6877,0.2788],[136.6969,-15.6835,1.5148],[136.692,-15.6826,0.1082],[136.6903,-15.6861,0.1628],[136.6878,-15.6866,3.5493],[136.6818,-15.6846,5.317],[136.6795,-15.6811,4.8944],[136.6803,-15.6739,3.6715],[136.6772,-15.6711,2.0172],[136.6793,-15.6678,0.0],[136.6739,-15.6665,4.6794],[136.6716,-15.6639,0.0],[136.6688,-15.6766,1.9758],[136.6649,-15.6785,1.1215],[136.6601,-15.6775,0.0879],[136.6582,-15.6754,0.097],[136.656,-15.6768,4.3478],[136.649,-15.6762,0.0],[136.6441,-15.6724,0.0],[136.6395,-15.6788,0.657],[136.6395,-15.6825,1.5315],[136.6307,-15.6977,0.0],[136.6238,-15.702,0.2904],[136.621,-15.7062,1.8243],[136.6172,-15.7042,0.0],[136.6137,-15.7089,0.8494],[136.6065,-15.7094,4.5268],[136.6021,-15.7154,0.8482],[136.5957,-15.7166,0.0],[136.5849,-15.725,1.2442],[136.5759,-15.7228,0.8779],[136.5679,-15.7268,3.2685],[136.5594,-15.7276,4.4795],[136.5602,-15.7338,1.5654],[136.5684,-15.7418,0.76],[136.564,-15.7419,0.0],[136.5633,-15.7466,3.5367],[136.5555,-15.7504,1.0244],[136.5577,-15.7477,0.8884],[136.5584,-15.7421,0.0],[136.5536,-15.7409,0.0],[136.5537,-15.7437,1.3605],[136.5522,-15.7427,0.0],[136.5511,-15.7438,1.2342],[136.5506,-15.7418,3.9113],[136.5437,-15.7411,0.0],[136.5409,-15.7392,0.2373],[136.5475,-15.7315,0.8207],[136.5476,-15.7289,0.9086],[136.5457,-15.7283,1.2951],[136.5365,-15.733,0.7935],[136.5339,-15.7319,1.3041],[136.5369,-15.7301,0.4289],[136.5255,-15.721,0.0],[136.5119,-15.713,1.1158],[136.51,-15.7085,0.1614],[136.5047,-15.7056,1.7123],[136.5045,-15.7029,0.3294],[136.4849,-15.6833,3.718],[136.4799,-15.6808,1.826],[136.4689,-15.6664,2.2558],[136.4631,-15.6633,1.037],[136.4539,-15.6546,0.877],[136.4346,-15.6466,1.2709],[136.4263,-15.6399,0.1724],[136.4231,-15.6325,0.0591],[136.4121,-15.6262,0.0],[136.3913,-15.6271,0.0],[136.3881,-15.6229,0.0],[136.3761,-15.6158,0.0],[136.3663,-15.6131,0.0],[136.356,-15.6164,0.0],[136.3462,-15.6133,0.0],[136.3413,-15.6134,0.0],[136.3383,-15.6114,3.197],[136.3338,-15.6031,0.3455],[136.3326,-15.6026,0.1414],[136.3315,-15.6049,2.1275],[136.3364,-15.6114,0.7445],[136.3264,-15.602,0.3069],[136.3239,-15.6029,0.0],[136.3226,-15.6091,1.1283],[136.3164,-15.6147,1.2144],[136.3199,-15.6239,1.6613],[136.3199,-15.626,0.862],[136.3175,-15.626,1.1228],[136.3179,-15.622,0.9278],[136.3145,-15.6143,0.485],[136.3195,-15.6083,1.4029],[136.3208,-15.6017,0.0],[136.3173,-15.5896,0.071],[136.2903,-15.5724,1.1986],[136.2901,-15.5694,0.0568],[136.2823,-15.5571,1.3475],[136.2771,-15.5524,3.0736],[136.2763,-15.5476,4.4147],[136.2704,-15.5358,3.0334],[136.2646,-15.5175,5.1393],[136.2632,-15.4967,0.0],[136.2592,-15.4931,0.0],[136.2538,-15.4838,2.9322],[136.2415,-15.4486,6.668],[136.239,-15.4301,5.3575],[136.2429,-15.4275,0.0],[136.2396,-15.423,5.4999],[136.2397,-15.4161,1.3076],[136.2314,-15.4105,1.0784],[136.225,-15.4092,0.0],[136.2152,-15.4026,4.1631],[136.2071,-15.4011,0.0],[136.2061,-15.3981,1.2235],[136.2099,-15.3951,1.802],[136.2097,-15.3929,0.0],[136.2077,-15.394,0.7475],[136.201,-15.3911,0.0],[136.1833,-15.3909,0.0],[136.1804,-15.3925,0.4795],[136.1808,-15.3941,2.9204],[136.1778,-15.3931,0.4162],[136.1703,-15.3946,1.9314],[136.1692,-15.3929,0.0],[136.1647,-15.3923,0.0],[136.1584,-15.3858,0.0],[136.1457,-15.3789,0.0],[136.14,-15.3717,0.0],[136.1297,-15.3643,0.0],[136.12,-15.3609,0.0],[136.1165,-15.3579,0.0],[136.0975,-15.3528,0.7695],[136.0716,-15.3392,0.0],[136.0648,-15.3324,0.0],[136.0536,-15.3259,2.5512],[136.0498,-15.3168,0.4387],[136.0452,-15.3191,1.6159],[136.043,-15.3141,0.0],[136.0324,-15.312,0.0],[135.9948,-15.2912,0.0],[135.9815,-15.287,0.8569],[135.98,-15.2819,0.1679],[135.9738,-15.2795,0.0],[135.9667,-15.2725,0.0],[135.9498,-15.2626,0.0],[135.9469,-15.2627,0.0],[135.9422,-15.2587,0.0],[135.9395,-15.2595,0.0],[135.9252,-15.2492,0.0],[135.9127,-15.2358,0.4622],[135.8996,-15.2158,0.5123],[135.8832,-15.1988,0.1135],[135.8628,-15.1827,0.346],[135.7997,-15.1508,0.4481],[135.7732,-15.1336,0.0],[135.7608,-15.1274,4.9566],[135.7588,-15.1236,1.6622],[135.749,-15.1165,2.1465],[135.7386,-15.1134,0.403],[135.7373,-15.1152,5.9285],[135.7354,-15.1141,1.2037],[135.7241,-15.1163,4.9272],[135.7178,-15.1096,0.0],[135.7168,-15.1036,0.0],[135.714,-15.1017,0.0],[135.7096,-15.1015,3.6933],[135.7039,-15.0967,6.5419],[135.703,-15.0926,7.9808],[135.705,-15.0926,7.9302],[135.7019,-15.0875,0.0],[135.6899,-15.0781,0.0],[135.6798,-15.0745,0.0],[135.6744,-15.0751,2.8138],[135.6698,-15.0716,3.5584],[135.6693,-15.0631,0.7997],[135.6559,-15.0517,0.0],[135.6397,-15.0444,0.0],[135.6261,-15.0471,0.0],[135.6268,-15.0499,6.9353],[135.6231,-15.0488,4.2965],[135.6123,-15.052,0.0],[135.58,-15.0453,0.0],[135.5756,-15.0379,0.0],[135.5475,-15.0201,0.0],[135.5363,-15.0145,0.0],[135.534,-15.0155,2.2869],[135.5407,-15.0192,2.3001],[135.531,-15.0172,2.1698],[135.5246,-15.0087,0.0],[135.5029,-14.9884,0.0],[135.4844,-14.9755,2.1117],[135.476,-14.9735,3.628],[135.478,-14.9778,5.3565],[135.488,-14.9844,5.5778],[135.4883,-14.9872,8.829],[135.4855,-14.9832,4.9631],[135.48,-14.9803,3.2673],[135.4705,-14.9702,2.7688],[135.4558,-14.949,1.6421],[135.4402,-14.9193,0.0],[135.4311,-14.9107,0.8556],[135.433,-14.9014,1.7401],[135.4155,-14.8706,3.9634],[135.4132,-14.8696,7.2457],[135.4122,-14.8735,6.4074],[135.4109,-14.8731,6.4074],[135.4122,-14.8699,5.1281],[135.4091,-14.8625,2.9208],[135.4128,-14.8592,0.4783],[135.4128,-14.8508,0.0],[135.3962,-14.811,0.9335],[135.3938,-14.8086,0.0],[135.3962,-14.8021,0.0],[135.3938,-14.7719,6.8383],[135.3869,-14.7515,2.3982],[135.3821,-14.7257,0.0],[135.3933,-14.7192,0.746],[135.3994,-14.7237,0.0],[135.4053,-14.7366,0.4063],[135.4072,-14.7374,2.5248],[135.4163,-14.735,2.2287],[135.4261,-14.7263,0.0],[135.4347,-14.7138,0.0],[135.4359,-14.7092,0.0],[135.4392,-14.7053,0.4111],[135.4374,-14.7034,5.629],[135.4415,-14.7016,0.0],[135.44,-14.6981,0.0],[135.4405,-14.6941,0.0],[135.4477,-14.6934,0.0],[135.465,-14.6758,3.9103],[135.4793,-14.6678,7.4556],[135.4849,-14.6671,6.3529],[135.4945,-14.675,0.7761],[135.4995,-14.6758,0.0],[135.4997,-14.6701,0.7863],[135.5044,-14.6657,0.0],[135.5072,-14.6637,0.0],[135.5146,-14.6646,0.0],[135.5167,-14.656,0.0],[135.5191,-14.6533,0.3338],[135.5248,-14.6527,2.4757],[135.5347,-14.6578,0.3199],[135.5375,-14.6571,0.0],[135.5411,-14.6527,0.0],[135.5396,-14.6425,0.2163],[135.5346,-14.6402,0.2176],[135.5275,-14.6409,0.8382],[135.5215,-14.6314,0.0],[135.519,-14.6302,0.5692],[135.5184,-14.6255,0.0],[135.5217,-14.6222,5.1332],[135.5263,-14.5887,0.0],[135.5366,-14.5611,0.7617],[135.5443,-14.5487,3.7143],[135.5552,-14.5363,0.0],[135.5581,-14.5351,1.6101],[135.5593,-14.5383,2.1006],[135.564,-14.5399,0.0],[135.5668,-14.5375,2.3691],[135.5685,-14.5338,0.0],[135.5678,-14.5283,0.0],[135.5639,-14.5252,0.0],[135.5649,-14.5236,0.0],[135.5639,-14.5222,1.2781],[135.5681,-14.5184,0.0],[135.5661,-14.518,4.3085],[135.5684,-14.515,0.8397],[135.5752,-14.5092,6.9536],[135.5815,-14.5104,1.5801],[135.5895,-14.5051,0.7614],[135.5902,-14.4958,0.0],[135.5888,-14.4886,4.1593],[135.5867,-14.4875,6.1447],[135.5876,-14.4859,4.5148],[135.5866,-14.4847,4.5148],[135.5881,-14.4857,4.4692],[135.5873,-14.4875,6.1447],[135.5889,-14.4881,4.1593],[135.5955,-14.4713,1.1762],[135.6002,-14.4682,0.7226],[135.5986,-14.4569,1.9661],[135.6026,-14.4536,0.0],[135.6027,-14.4491,0.5673],[135.6068,-14.4471,0.0],[135.6079,-14.4402,1.2184],[135.6184,-14.4287,2.7855],[135.6171,-14.4264,5.8818],[135.6196,-14.4231,3.363],[135.6281,-14.4276,2.7419],[135.6295,-14.4256,0.0],[135.6287,-14.4215,2.3662],[135.631,-14.4195,1.5474],[135.6383,-14.4227,6.7571],[135.6563,-14.4184,7.9409],[135.6668,-14.4275,4.3935],[135.6703,-14.4244,0.9739],[135.6725,-14.4147,0.0],[135.67,-14.4109,5.2814],[135.6705,-14.4054,0.8923],[135.6676,-14.402,4.7361],[135.6677,-14.3992,0.8901],[135.6776,-14.3889,0.8449],[135.6816,-14.3778,0.0],[135.6907,-14.3669,0.0],[135.6903,-14.3635,0.0],[135.6979,-14.3558,2.3006],[135.7049,-14.3436,2.8484],[135.7126,-14.3349,1.3218],[135.7134,-14.3237,0.0],[135.723,-14.3062,2.1654],[135.7301,-14.2967,0.0],[135.7148,-14.2796,2.7375],[135.706,-14.275,1.6684],[135.7025,-14.2714,2.4187],[135.7068,-14.2732,1.3049],[135.7065,-14.2694,1.8656],[135.7214,-14.2823,1.7835],[135.7363,-14.2819,1.2036],[135.7483,-14.2769,0.4436],[135.7583,-14.2646,1.2272],[135.7662,-14.2607,0.7111],[135.7768,-14.2418,2.0655],[135.7836,-14.235,3.6135],[135.7943,-14.2285,1.9572],[135.794,-14.2261,9.4602],[135.7947,-14.2288,1.9572],[135.7912,-14.2315,0.544],[135.803,-14.2277,5.9604],[135.8092,-14.228,0.3515],[135.8132,-14.2298,0.3997],[135.8158,-14.229,4.1896],[135.8298,-14.219,1.717],[135.8355,-14.211,1.2644],[135.848,-14.2013,0.0],[135.8659,-14.1891,0.9585],[135.8815,-14.1813,1.1889],[135.8899,-14.1801,3.5496],[135.893,-14.1814,5.4004],[135.8948,-14.1886,7.258],[135.8984,-14.191,2.3145],[135.8983,-14.1938,0.6986],[135.9036,-14.1905,0.0],[135.8996,-14.1819,1.367],[135.8949,-14.1773,0.0],[135.8825,-14.1727,0.0],[135.8788,-14.1668,3.3479],[135.885,-14.1605,0.0],[135.8836,-14.1548,0.0],[135.8874,-14.1343,0.0],[135.8921,-14.1134,1.9969],[135.8949,-14.1074,0.0],[135.8939,-14.1037,1.3151],[135.8935,-14.1074,0.2715],[135.8901,-14.1075,3.6058],[135.8911,-14.0943,0.8172],[135.897,-14.089,0.3773],[135.9052,-14.0746,0.0],[135.9078,-14.0626,6.708],[135.9103,-14.0581,0.0],[135.9097,-14.0504,0.0],[135.9132,-14.0425,0.0],[135.9147,-14.034,1.8962],[135.9152,-14.0202,0.0],[135.9131,-14.0138,0.0],[135.915,-14.0086,0.0],[135.9088,-13.9986,0.0],[135.9097,-13.9904,1.4251],[135.9176,-13.9779,6.2405],[135.9388,-13.9586,0.7846],[135.941,-13.9537,9.1315],[135.9449,-13.9524,1.6123],[135.9484,-13.9542,3.287],[135.9558,-13.9493,5.4061],[135.9569,-13.9467,1.6784],[135.9556,-13.9431,6.9447],[135.9563,-13.9396,0.0],[135.9636,-13.9316,1.318],[135.9637,-13.9274,4.7532],[135.9699,-13.9137,7.3691],[135.9891,-13.8961,0.0],[135.9884,-13.8932,4.4204],[135.9907,-13.888,4.918],[135.9899,-13.8831,3.1374],[135.9937,-13.8769,5.5686],[135.9903,-13.8647,0.0],[135.9917,-13.8578,1.3768],[135.9997,-13.8462,7.0496],[136.0076,-13.8404,1.1204],[136.0092,-13.8411,1.1204],[136.0088,-13.8381,4.1791],[136.0138,-13.8332,0.0],[136.0157,-13.8283,2.4142],[136.0155,-13.8213,3.7073],[136.0064,-13.7916,1.539],[136.0088,-13.7866,1.5288],[136.008,-13.7857,2.1186],[136.0134,-13.7774,7.9101],[136.0145,-13.7668,0.0],[136.0135,-13.7628,7.1871],[136.0199,-13.7528,5.2279],[136.0352,-13.7468,0.0],[136.0346,-13.7402,0.0],[136.0379,-13.7321,3.4761],[136.0337,-13.7201,2.0963],[136.0343,-13.7165,0.3872],[136.0412,-13.7086,0.0],[136.0444,-13.7024,0.7107],[136.0554,-13.6947,0.0],[136.0523,-13.6885,0.0],[136.0549,-13.6806,0.0],[136.0591,-13.6761,0.0],[136.0691,-13.6699,0.0],[136.0743,-13.6691,3.1974],[136.0756,-13.6728,0.0],[136.0768,-13.6678,0.2057],[136.0788,-13.6667,0.0],[136.0822,-13.6602,0.0],[136.0831,-13.6555,0.0],[136.076,-13.6575,6.1088],[136.0656,-13.6497,2.1721],[136.0642,-13.6512,6.8236],[136.0587,-13.6503,2.8178],[136.0514,-13.6448,0.0],[136.0459,-13.649,9.4485],[136.0445,-13.6542,6.5464],[136.0401,-13.6561,0.6197],[136.0259,-13.6521,1.1367],[136.0266,-13.656,7.022],[136.031,-13.6592,6.9866],[136.0322,-13.6628,3.203],[136.0295,-13.6726,4.3011],[136.0341,-13.6767,3.3337],[136.0336,-13.6825,5.4086],[136.0262,-13.6889,5.5614],[136.02,-13.6913,8.3212],[136.0124,-13.6885,9.4904],[136.0111,-13.6936,1.8119],[136.0126,-13.7022,3.1925],[136.009,-13.7074,0.0],[136.0026,-13.7119,0.1732],[135.9957,-13.714,1.0479],[135.991,-13.7086,3.3473],[135.9883,-13.71,7.5806],[135.9883,-13.7175,5.5654],[135.9782,-13.7316,0.5515],[135.9697,-13.7379,0.0],[135.9562,-13.7434,0.6541],[135.9318,-13.7461,0.0],[135.9163,-13.7451,7.4578],[135.9145,-13.7472,5.229],[135.9088,-13.7409,0.0],[135.9007,-13.7372,7.6798],[135.8991,-13.7379,6.4943],[135.8893,-13.7283,7.3226],[135.8794,-13.712,3.994],[135.8778,-13.7004,8.214],[135.8803,-13.6959,9.1588],[135.8891,-13.688,7.7637],[135.9012,-13.6799,1.0699],[135.9064,-13.6783,2.7542],[135.914,-13.6829,7.4241],[135.9187,-13.6818,1.5371],[135.9197,-13.6774,1.7038],[135.9216,-13.676,0.0],[135.9135,-13.6698,1.2036],[135.9077,-13.6617,3.6589],[135.9074,-13.6582,0.027],[135.8929,-13.6695,2.1177],[135.8871,-13.6704,0.6898],[135.8806,-13.6691,1.4323],[135.8712,-13.6566,0.2854],[135.8698,-13.649,0.0228],[135.8712,-13.6404,0.7013],[135.8661,-13.6286,0.0],[135.8652,-13.6223,1.7628],[135.8621,-13.6197,1.347],[135.8567,-13.6199,4.1643],[135.8524,-13.6162,0.0],[135.8459,-13.6152,2.5965],[135.843,-13.613,1.9367],[135.8413,-13.5972,0.9517],[135.8353,-13.5908,0.0],[135.8412,-13.5815,0.0],[135.8402,-13.5781,7.2675],[135.8369,-13.5771,8.7474],[135.8382,-13.5754,8.7051],[135.8366,-13.5719,6.2103],[135.8412,-13.5696,0.0],[135.8397,-13.5664,6.4111],[135.8484,-13.5646,0.0],[135.8549,-13.5668,0.0],[135.859,-13.5647,0.9385],[135.8606,-13.5655,0.4689],[135.8607,-13.5633,0.7121],[135.8656,-13.5622,4.7032],[135.8678,-13.5635,0.8637],[135.8693,-13.5617,2.0248],[135.866,-13.5557,0.0],[135.8668,-13.5455,1.9756],[135.865,-13.5413,11.2134],[135.8667,-13.538,0.0],[135.8637,-13.5329,7.5082],[135.8651,-13.5314,7.5082],[135.862,-13.5263,9.3482],[135.857,-13.5241,0.9908],[135.855,-13.52,8.0445],[135.8596,-13.5064,0.0],[135.8598,-13.4992,0.0],[135.8623,-13.4945,0.2459],[135.8577,-13.4823,0.0],[135.8597,-13.4787,0.2134],[135.8637,-13.4769,0.1331],[135.862,-13.4734,0.5169],[135.8641,-13.4688,0.1369],[135.8627,-13.4643,0.2819],[135.8589,-13.4614,3.5393],[135.8576,-13.4554,0.0],[135.8597,-13.4402,0.0],[135.8629,-13.4352,3.6917],[135.8726,-13.4289,1.4188],[135.8828,-13.4247,0.0],[135.8943,-13.4252,3.8088],[135.8967,-13.4275,4.6765],[135.8973,-13.4356,1.3653],[135.8995,-13.439,0.3943],[135.9031,-13.4416,0.8955],[135.9063,-13.4411,7.4309],[135.9127,-13.444,1.9994],[135.9152,-13.454,1.4788],[135.9195,-13.4625,2.949],[135.9245,-13.4659,0.2408],[135.9312,-13.4668,0.5703],[135.9315,-13.464,2.9812],[135.9357,-13.4582,0.0],[135.9332,-13.4542,2.3407],[135.9273,-13.4502,1.5305],[135.9295,-13.4424,0.5168],[135.9366,-13.4365,0.0],[135.9453,-13.435,1.7185],[135.9496,-13.4369,0.0],[135.9518,-13.4481,0.0],[135.9561,-13.4482,2.411],[135.9611,-13.4456,0.168],[135.9626,-13.4359,0.0],[135.9682,-13.428,2.2213],[135.9692,-13.4213,1.9625],[135.9676,-13.4146,2.0077],[135.973,-13.4023,0.0],[135.9705,-13.4039,0.0],[135.9686,-13.4088,1.4937],[135.9652,-13.4105,3.1762],[135.9535,-13.4108,0.0],[135.9449,-13.4148,3.9554],[135.9265,-13.4177,0.0],[135.9218,-13.4116,0.6568],[135.9191,-13.4044,0.0],[135.9216,-13.3989,0.2308],[135.9256,-13.3963,0.0],[135.9212,-13.3869,0.0],[135.9206,-13.3775,0.1198],[135.9158,-13.3801,2.0438],[135.9058,-13.379,9.1391],[135.9032,-13.3772,2.2685],[135.9005,-13.3712,0.0],[135.8988,-13.3727,0.3776],[135.8915,-13.3714,10.1635],[135.8891,-13.3682,5.5072],[135.88,-13.3631,3.1956],[135.8796,-13.3501,1.8913],[135.8831,-13.3326,0.0],[135.8866,-13.3237,0.0],[135.8957,-13.31,0.713],[135.9035,-13.3056,1.1157],[135.9133,-13.2951,0.0],[135.9091,-13.291,0.0],[135.9086,-13.2868,4.2806],[135.9187,-13.2684,10.5495],[135.9215,-13.2683,5.6173],[135.9406,-13.2554,6.3208],[135.944,-13.2556,5.21],[135.9483,-13.2534,11.4171],[135.9583,-13.2837,3.8678],[135.9616,-13.2869,7.5076],[135.9609,-13.2917,7.193],[135.9636,-13.2948,0.0],[135.9657,-13.2902,7.0754],[135.9634,-13.273,5.4339],[135.9698,-13.268,1.7219],[135.9691,-13.2644,4.436],[135.9734,-13.2511,0.4029],[135.9756,-13.2484,0.0],[135.9735,-13.2429,0.0],[135.975,-13.2358,0.0],[135.9811,-13.2257,0.0],[135.9791,-13.2226,4.3769],[135.9827,-13.2242,8.3289],[135.9973,-13.2164,0.0],[135.998,-13.2129,8.18],[136.0009,-13.2139,11.2116],[136.0036,-13.2126,8.8515],[136.0121,-13.2149,6.9545],[136.0189,-13.2208,9.3164],[136.0239,-13.2372,2.8844],[136.0304,-13.2432,1.4982],[136.031,-13.2451,2.2847],[136.029,-13.2485,0.316],[136.0322,-13.2515,0.0],[136.0327,-13.2606,7.3506],[136.0361,-13.2647,0.0],[136.0363,-13.2743,0.0],[136.0393,-13.2798,0.9015],[136.0386,-13.2835,4.1273],[136.0419,-13.2892,4.6001],[136.0417,-13.2917,7.27],[136.0369,-13.2992,1.6807],[136.0392,-13.299,3.3707],[136.0392,-13.3027,0.2067],[136.0442,-13.3107,2.0339],[136.0472,-13.3098,0.3245],[136.0537,-13.3016,1.173],[136.0525,-13.295,3.3578],[136.0547,-13.2886,4.9745],[136.0524,-13.2825,3.8195],[136.0549,-13.2729,1.5816],[136.0576,-13.2674,0.0],[136.0621,-13.2631,0.1923],[136.0593,-13.2562,0.0],[136.0539,-13.2541,6.4606],[136.0501,-13.2478,0.5337],[136.0499,-13.2411,0.0],[136.0532,-13.2344,0.0],[136.0584,-13.2281,0.0],[136.0642,-13.2263,0.0],[136.0654,-13.2277,0.858],[136.0678,-13.2269,11.9179],[136.0701,-13.2295,10.4982],[136.0812,-13.2349,0.0],[136.0844,-13.2326,0.116],[136.0853,-13.2255,1.6542],[136.0822,-13.2233,7.1039],[136.0812,-13.2187,6.9329],[136.0776,-13.2164,2.7199],[136.0778,-13.2095,0.0],[136.0881,-13.1976,0.0],[136.0901,-13.1906,1.4714],[136.0944,-13.1841,0.0],[136.0981,-13.1803,2.6704],[136.1048,-13.1769,0.0],[136.1079,-13.1724,3.199],[136.1064,-13.1693,0.0],[136.0985,-13.1665,3.7689],[136.0991,-13.1586,6.8145],[136.1073,-13.1498,0.0],[136.1203,-13.1448,0.0],[136.1272,-13.1319,0.0],[136.138,-13.1255,10.8143],[136.1423,-13.1251,3.8523],[136.1452,-13.1205,11.5149],[136.1445,-13.1266,6.1454],[136.1492,-13.1319,10.2428],[136.1531,-13.1457,10.181],[136.1515,-13.1597,3.6299],[136.1483,-13.171,2.7682],[136.1502,-13.1835,8.9067],[136.1462,-13.1904,9.116],[136.137,-13.1944,0.0],[136.1364,-13.1976,0.0],[136.1384,-13.197,3.2056],[136.14,-13.201599999999999,3.9871],[136.1342,-13.2073,0.0],[136.1354,-13.2111,1.2453],[136.1444,-13.2151,0.0],[136.1478,-13.2189,6.0105],[136.146,-13.2369,4.8651],[136.1498,-13.2406,4.1433],[136.1524,-13.2466,0.0],[136.1531,-13.2606,0.0],[136.1555,-13.2666,0.0],[136.1604,-13.2711,1.7352],[136.1691,-13.2721,0.0],[136.1749,-13.2815,0.0],[136.1816,-13.2808,0.8098],[136.1839,-13.2747,1.7976],[136.1722,-13.2692,4.2583],[136.1672,-13.2647,6.2755],[136.1619,-13.2538,0.0],[136.1594,-13.2517,6.4032],[136.1619,-13.2421,0.0],[136.1698,-13.2347,0.0],[136.1749,-13.233,0.0],[136.1823,-13.2383,1.1212],[136.1864,-13.2449,0.0],[136.1957,-13.2476,2.6177],[136.2014,-13.247,0.1565],[136.2134,-13.2332,0.0],[136.2108,-13.2265,5.264],[136.2144,-13.209,5.625],[136.2185,-13.2038,0.8736],[136.2242,-13.2022,1.0536],[136.23,-13.2061,1.3151],[136.2341,-13.2043,3.4239],[136.2388,-13.2046,0.9455],[136.2381,-13.2058,0.9455],[136.241,-13.2127,0.0],[136.2437,-13.2144,1.1198],[136.2452,-13.2125,1.1375],[136.2455,-13.2087,1.9912],[136.2389,-13.2007,3.575],[136.2388,-13.1945,2.573],[136.2353,-13.1876,1.8039],[136.2392,-13.177,1.8011],[136.2425,-13.1742,1.9385],[136.247,-13.175,0.0],[136.2472,-13.1735,0.9467],[136.2426,-13.1693,0.661],[136.2394,-13.1706,2.983],[136.2358,-13.1697,4.9027],[136.2347,-13.1609,0.0],[136.2312,-13.1551,5.3216],[136.2241,-13.1535,3.4517],[136.2161,-13.1552,1.7928],[136.2141,-13.1543,2.3673],[136.22,-13.1511,2.7145],[136.2231,-13.1463,10.1553],[136.2175,-13.142,0.5437],[136.218,-13.1383,0.0],[136.2214,-13.1359,3.1046],[136.2253,-13.1355,0.7476],[136.2299,-13.1415,0.9557],[136.236,-13.1451,1.3386],[136.2434,-13.1456,1.7522],[136.2434,-13.137,2.7834],[136.2453,-13.1342,2.9312],[136.2502,-13.1324,6.6933],[136.2505,-13.1262,0.0],[136.2526,-13.1213,0.0],[136.2592,-13.1328,1.7364],[136.2584,-13.1351,3.2441],[136.258,-13.1329,1.4533],[136.2559,-13.1339,0.0],[136.2542,-13.1403,0.0],[136.2545,-13.1515,2.5184],[136.2563,-13.1547,0.2701],[136.2624,-13.153,0.0],[136.2663,-13.1547,0.0],[136.2675,-13.1573,1.3551],[136.2738,-13.1586,0.4168],[136.2796,-13.156,1.994],[136.282,-13.1471,2.6332],[136.2887,-13.1452,2.8588],[136.2902,-13.1463,3.4092],[136.2829,-13.1479,2.6332],[136.2814,-13.1518,3.4585],[136.283,-13.1598,1.4252],[136.2802,-13.1638,0.0],[136.2831,-13.1681,0.0],[136.2899,-13.1672,0.7676],[136.2965,-13.1688,0.0],[136.3033,-13.1641,5.562],[136.3102,-13.1657,1.8031],[136.3156,-13.1596,0.5158],[136.3152,-13.1575,2.1177],[136.3106,-13.1546,7.4903],[136.3067,-13.1448,3.4337],[136.3103,-13.1379,4.0788],[136.3199,-13.1283,2.4609],[136.3212,-13.1201,0.0],[136.3184,-13.1152,0.6033],[136.3116,-13.1089,5.0628],[136.3068,-13.1073,1.7124],[136.2986,-13.1095,0.0],[136.2915,-13.1076,11.1723],[136.2967,-13.0981,0.5658],[136.3014,-13.0973,3.1657],[136.3065,-13.0935,0.0],[136.3088,-13.0715,7.0226],[136.3313,-13.0474,7.4542],[136.3334,-13.0341,11.9698],[136.3333,-13.0389,11.2145],[136.3355,-13.0449,6.7849],[136.3412,-13.046,9.04],[136.3469,-13.0516,0.0],[136.3541,-13.0515,0.0],[136.3639,-13.0563,1.5587],[136.367,-13.0598,1.0831],[136.3714,-13.0704,0.0],[136.3701,-13.0811,3.6748],[136.3627,-13.0926,0.0],[136.3632,-13.0969,0.0],[136.3696,-13.1036,0.0],[136.3687,-13.1088,1.6752],[136.3645,-13.1137,7.7923],[136.3582,-13.1168,3.0432],[136.3541,-13.1165,0.0],[136.3629,-13.1225,0.0],[136.3618,-13.1287,3.0628],[136.3605,-13.1292,0.0],[136.3659,-13.1289,6.48],[136.3682,-13.1308,3.8486],[136.3714,-13.136,0.0],[136.3716,-13.1395,0.0],[136.3709,-13.1408,4.367],[136.3598,-13.1435,1.6047],[136.356,-13.1471,0.7069],[136.3606,-13.1527,0.7086],[136.3612,-13.1563,0.0],[136.3698,-13.1666,3.5682],[136.3683,-13.1724,1.4885],[136.3702,-13.1822,0.7494],[136.3676,-13.1862,0.0],[136.3661,-13.1968,0.6192],[136.3783,-13.2045,2.76],[136.3805,-13.203,2.5173],[136.3803,-13.2057,1.8193],[136.3789,-13.2063,0.0],[136.3814,-13.2122,0.0],[136.3815,-13.2177,0.0],[136.3869,-13.222,0.0],[136.3881,-13.2271,0.0],[136.3818,-13.2407,0.0],[136.3726,-13.2499,4.5771],[136.3676,-13.2527,1.238],[136.3585,-13.2542,4.292],[136.352,-13.2507,10.8626],[136.3506,-13.246,2.7032],[136.3426,-13.2465,3.8133],[136.3305,-13.2507,4.2296],[136.3281,-13.25,0.0],[136.3275,-13.2564,0.0],[136.3323,-13.2583,0.0],[136.3362,-13.2636,0.0],[136.3385,-13.2714,0.0],[136.3381,-13.2766,0.0],[136.3353,-13.2845,1.1003],[136.3299,-13.2922,2.5058],[136.3268,-13.2942,0.9711],[136.3204,-13.2948,8.8786],[136.319,-13.2986,1.071],[136.3224,-13.3029,7.963],[136.323,-13.3085,1.077],[136.3285,-13.3092,2.7117],[136.3316,-13.3117,3.5259],[136.3333,-13.3168,8.0512],[136.3314,-13.3247,2.1546],[136.333,-13.3257,1.5194],[136.3344,-13.3239,7.1756],[136.3407,-13.3241,8.7755],[136.343,-13.3259,3.745],[136.3582,-13.3099,0.0],[136.3631,-13.2992,11.1355],[136.3657,-13.2983,0.0],[136.3698,-13.2922,9.1248],[136.3717,-13.2935,0.0],[136.3735,-13.2913,9.5051],[136.3745,-13.2853,4.8027],[136.3768,-13.2842,5.9627],[136.3834,-13.2706,4.6165],[136.3866,-13.2673,0.0],[136.3924,-13.2534,0.0],[136.3999,-13.2433,1.2402],[136.4068,-13.2384,0.0],[136.4206,-13.2327,3.666],[136.4282,-13.231,6.9762],[136.4348,-13.2319,0.275],[136.437,-13.2306,2.2847],[136.4378,-13.2264,0.0],[136.4359,-13.2223,0.0],[136.4397,-13.2174,1.3182],[136.4447,-13.2168,2.2545],[136.4465,-13.2205,0.8317],[136.4518,-13.2216,0.0],[136.4542,-13.2244,2.8545],[136.4544,-13.2308,1.5696],[136.4518,-13.2378,1.3348],[136.4501,-13.2385,2.7538],[136.4499,-13.2368,0.0],[136.4487,-13.2381,0.5433],[136.4468,-13.2485,0.0],[136.4533,-13.2509,8.6331],[136.4549,-13.2547,0.0],[136.4599,-13.2516,1.6209],[136.4615,-13.2525,0.5275],[136.466,-13.2471,6.5563],[136.4678,-13.2475,0.0],[136.4756,-13.2343,2.6012],[136.4761,-13.2253,4.5181],[136.4722,-13.2159,1.5692],[136.474,-13.2017,1.6474],[136.4792,-13.1865,0.0],[136.4839,-13.1849,0.3096],[136.4834,-13.1829,0.0],[136.4811,-13.1835,0.0],[136.4794,-13.1816,0.0],[136.4793,-13.1697,0.0],[136.4912,-13.1509,1.2762],[136.5009,-13.1418,5.7223],[136.5,-13.1407,0.5511],[136.4931,-13.1415,5.4308],[136.4905,-13.1382,9.08],[136.4904,-13.1351,8.0765],[136.4922,-13.132,7.8543],[136.4949,-13.1308,6.5874],[136.4917,-13.1354,2.8463],[136.493,-13.1405,4.3684],[136.5,-13.139099999999999,4.9188],[136.5043,-13.1412,4.1116],[136.511,-13.1393,3.4038],[136.5144,-13.1399,1.1517],[136.519,-13.1427,1.8204],[136.5185,-13.1484,8.6951],[136.5212,-13.1518,0.0],[136.5277,-13.1522,11.8664],[136.5295,-13.1555,0.0],[136.5312,-13.1544,1.049],[136.5293,-13.1457,5.9273],[136.535,-13.133,0.0],[136.5353,-13.1254,2.9909],[136.539,-13.1108,2.6248],[136.5445,-13.1016,0.0],[136.5498,-13.0865,0.0],[136.5667,-13.0588,9.2434],[136.5641,-13.057,3.3944],[136.5607,-13.0585,7.5397],[136.5555,-13.056,0.0],[136.5501,-13.0567,8.5685],[136.5492,-13.0553,0.0],[136.54,-13.0578,3.177],[136.5329,-13.0519,1.2007],[136.5302,-13.0367,11.4942],[136.533,-13.0261,1.649],[136.535,-13.0243,0.0],[136.5353,-13.019,0.0],[136.5324,-13.0223,8.069],[136.5288,-13.0226,0.0],[136.5231,-13.0186,1.8778],[136.521,-13.0191,3.854],[136.5184,-13.015,1.9028],[136.514,-13.0176,7.3669],[136.5107,-13.016,1.4835],[136.5084,-13.012,1.0972],[136.5088,-12.9995,1.5278],[136.5071,-12.9966,4.3905],[136.4963,-12.9943,0.0],[136.4917,-12.9968,1.8737],[136.4929,-12.9986,0.7052],[136.4919,-12.9998,1.6201],[136.4888,-12.9977,1.0892],[136.4841,-12.998,1.0755],[136.4799,-13.0027,1.7846],[136.4806,-13.0065,1.9711],[136.479,-13.0015,1.7846],[136.4801,-12.9986,0.0],[136.478,-12.9959,0.3066],[136.4765,-12.9972,1.4214],[136.4713,-12.9934,0.6811],[136.469,-12.9966,1.0675],[136.4635,-12.9958,0.5288],[136.4527,-12.9914,0.4465],[136.4519,-12.984,1.9728],[136.4552,-12.9782,1.6927],[136.4623,-12.9731,0.0],[136.4657,-12.9746,0.7597],[136.4694,-12.9791,0.8223],[136.4743,-12.9774,3.4082],[136.4792,-12.9846,0.9893],[136.4919,-12.9925,2.5653],[136.4974,-12.9884,0.0],[136.5013,-12.9819,6.5073],[136.5054,-12.9832,0.0],[136.5158,-12.9772,2.0344],[136.5199,-12.9768,0.0],[136.5227,-12.9784,13.9183],[136.5245,-12.9864,0.342],[136.5296,-12.9867,0.0],[136.5298,-12.9903,0.0],[136.5318,-12.9919,3.1461],[136.5329,-12.9902,0.0],[136.5329,-12.9865,0.5569],[136.531,-12.9841,0.0],[136.5319,-12.9822,0.7111],[136.5365,-12.9795,3.5754],[136.5398,-12.9807,0.3338],[136.5404,-12.9792,6.7474],[136.5424,-12.9792,6.0324],[136.5415,-12.9763,2.7473],[136.5377,-12.9738,4.6106],[136.5395,-12.9704,0.7788],[136.5435,-12.972,0.0],[136.5452,-12.9691,3.5487],[136.5493,-12.968,0.0],[136.5529,-12.9648,0.0],[136.5587,-12.965,0.0],[136.5589,-12.9703,0.0],[136.5644,-12.9814,0.3902],[136.5615,-12.9843,1.5892],[136.5546,-12.9828,0.0],[136.5511,-12.9868,4.3984],[136.5572,-12.9874,4.1952],[136.5606,-12.9906,0.4021],[136.5649,-12.992,0.0],[136.5668,-12.9946,0.2361],[136.5656,-12.998,0.0],[136.5691,-12.9978,1.5005],[136.5668,-13.0038,0.7368],[136.5632,-13.0066,3.4556],[136.5642,-13.0104,0.0],[136.5625,-13.0181,0.0],[136.5641,-13.0188,0.7288],[136.566,-13.0157,7.0357],[136.5725,-13.0139,1.6668],[136.579,-13.0187,0.4274],[136.5845,-13.0184,0.0],[136.5834,-13.0133,20.6197],[136.5858,-13.012,0.9558],[136.5859,-13.0104,0.0],[136.5795,-13.008,19.3825],[136.5788,-13.0046,1.8433],[136.5801,-13.0013,0.4232],[136.5902,-12.9931,0.0],[136.5923,-12.9935,0.0],[136.5932,-12.9917,0.0],[136.5981,-12.9899,0.0],[136.5966,-12.9816,0.0],[136.6009,-12.9751,0.0],[136.6104,-12.9726,2.1267],[136.613,-12.9685,0.0],[136.6176,-12.9676,1.628],[136.6236,-12.9697,0.0],[136.6275,-12.9746,5.7595],[136.6265,-12.9816,0.0],[136.6302,-12.9911,2.1219],[136.6275,-12.9947,3.5708],[136.6319,-12.9968,1.0427],[136.6352,-13.0016,2.4538],[136.6323,-13.0079,0.0],[136.6334,-13.0125,1.642],[136.6292,-13.0174,1.2299],[136.6396,-13.0157,4.0172],[136.6417,-13.0173,0.2535],[136.6466,-13.0135,0.0],[136.65,-13.0157,4.3397],[136.6545,-13.0158,1.0146],[136.6617,-13.0069,14.1543],[136.668,-13.0043,0.1506],[136.6652,-13.0034,11.4233],[136.6646,-13.0001,0.0],[136.6621,-13.0005,3.2232],[136.6592,-12.9986,10.4854],[136.655,-12.9933,2.8894],[136.6505,-12.9945,0.0],[136.6449,-12.9905,11.0244],[136.6402,-12.9802,3.0335],[136.6403,-12.9734,0.0],[136.6375,-12.9652,0.0],[136.6392,-12.9585,2.67],[136.6362,-12.957,5.9049],[136.636,-12.9552,5.4604],[136.638,-12.9535,0.0],[136.6381,-12.9507,0.0],[136.6345,-12.9526,0.0],[136.6254,-12.9529,0.0],[136.617,-12.9453,0.7392],[136.6114,-12.9376,0.4941],[136.6079,-12.9365,3.0427],[136.6044,-12.938,7.6304],[136.5982,-12.9301,0.4063],[136.5962,-12.9319,13.767],[136.5926,-12.9316,24.4572],[136.5892,-12.9262,0.3671],[136.5866,-12.9277,0.0],[136.5817,-12.9246,15.1814],[136.5752,-12.9246,9.4624],[136.5724,-12.9201,5.5509],[136.5666,-12.9193,1.5543],[136.5591,-12.9142,0.0],[136.5575,-12.9149,5.6769],[136.5591,-12.9188,3.984],[136.5552,-12.9201,3.5089],[136.5502,-12.9194,1.4879],[136.5462,-12.9163,4.7038],[136.5434,-12.9096,2.0758],[136.5428,-12.8963,0.0],[136.5499,-12.8823,0.0],[136.5544,-12.8805,0.0],[136.5525,-12.8742,2.3168],[136.548,-12.8737,0.0],[136.5486,-12.8768,0.0],[136.5466,-12.8786,1.1942],[136.5388,-12.8816,5.1395],[136.5337,-12.8804,1.325],[136.5264,-12.8742,0.0],[136.5183,-12.8755,1.4578],[136.5143,-12.8704,0.0],[136.5092,-12.8671,13.3429],[136.5086,-12.8569,0.0],[136.5059,-12.8518,0.0],[136.5004,-12.8499,0.0],[136.4994,-12.8513,5.0623],[136.4944,-12.847,0.0],[136.4932,-12.8474,0.0],[136.4967,-12.8501,1.5776],[136.4853,-12.8453,0.5943],[136.4841,-12.8478,3.8674],[136.4834,-12.8447,3.0501],[136.4786,-12.8416,7.0998],[136.4816,-12.8425,0.0],[136.4771,-12.8304,0.692],[136.4783,-12.8222,2.873],[136.4804,-12.8165,0.0],[136.4835,-12.8139,4.0046],[136.4886,-12.815,0.6302],[136.4893,-12.8124,0.0],[136.487,-12.8087,12.7198],[136.488,-12.8016,0.0],[136.4856,-12.7993,0.0],[136.4753,-12.7989,3.7159],[136.4714,-12.7945,0.0],[136.468,-12.7935,10.8679],[136.468,-12.7872,12.4701],[136.4637,-12.772,2.2235],[136.4672,-12.7763,3.2712],[136.4679,-12.7802,0.9092],[136.4715,-12.773,0.0],[136.4834,-12.768,1.9355],[136.4885,-12.774,6.1587],[136.492,-12.7758,13.0835],[136.4938,-12.7826,6.5803],[136.4998,-12.7825,5.6615],[136.5055,-12.7897,0.0],[136.5093,-12.7915,1.4093],[136.5114,-12.8019,0.0],[136.5177,-12.8071,0.6231],[136.5301,-12.8047,1.6848],[136.5379,-12.8075,2.4999],[136.5428,-12.8068,0.0],[136.5378,-12.8058,1.5229],[136.5312,-12.8019,0.0],[136.531,-12.798,0.0],[136.5349,-12.7922,1.1073],[136.5325,-12.7867,0.0],[136.5331,-12.7828,0.0],[136.5262,-12.7753,0.0],[136.5294,-12.7661,2.1643],[136.5255,-12.7583,1.2759],[136.5318,-12.75,1.3381],[136.5309,-12.7467,0.0],[136.5321,-12.7454,0.6589],[136.5458,-12.74,0.0],[136.5498,-12.7404,3.1293],[136.5522,-12.7444,2.1282],[136.5534,-12.7511,6.8103],[136.5629,-12.7544,2.3266],[136.5675,-12.7638,4.0125],[136.5766,-12.7686,0.0],[136.5792,-12.7666,0.3031],[136.582,-12.7671,0.7323],[136.5849,-12.7698,1.5447],[136.5848,-12.774,3.9543],[136.5901,-12.7795,2.7327],[136.5944,-12.7803,4.8528],[136.5945,-12.7828,2.9776],[136.6021,-12.7862,2.7313],[136.6055,-12.7901,1.4604],[136.5958,-12.7888,4.0505],[136.5914,-12.7842,0.0],[136.5861,-12.7828,0.0],[136.5838,-12.779,0.0],[136.5849,-12.7853,1.1673],[136.581,-12.7895,0.0],[136.5827,-12.7932,0.0],[136.5806,-12.804,0.0],[136.583,-12.8066,0.0],[136.5832,-12.8132,0.0],[136.5873,-12.8216,0.0],[136.5896,-12.8235,0.0],[136.5926,-12.8234,0.5597],[136.5954,-12.8264,0.0],[136.6027,-12.826,11.5047],[136.6114,-12.8315,1.1078],[136.6184,-12.8397,0.0],[136.6218,-12.8395,0.0],[136.6112,-12.8261,0.0],[136.6084,-12.8149,7.5164],[136.6158,-12.789,2.025],[136.6248,-12.774,3.6311],[136.6198,-12.7673,0.0],[136.6211,-12.7595,0.0],[136.6198,-12.7567,1.148],[136.6152,-12.7534,2.9981],[136.6058,-12.751,1.4255],[136.6028,-12.7467,0.0],[136.601,-12.7403,5.6698],[136.6048,-12.7262,0.0],[136.6113,-12.7149,0.0],[136.6194,-12.7071,0.0],[136.6313,-12.7002,0.0],[136.6255,-12.6962,1.6977],[136.6216,-12.6905,2.8247],[136.6174,-12.6898,1.9254],[136.6228,-12.69,2.8247],[136.6335,-12.6996,0.0],[136.6482,-12.7029,3.4805],[136.6528,-12.7114,0.0],[136.6623,-12.7119,0.0],[136.6688,-12.7064,0.0],[136.6753,-12.7044,4.2839],[136.6818,-12.706,1.2386],[136.681,-12.7105,3.7033],[136.6856,-12.7128,0.5762],[136.6939,-12.7111,5.2932],[136.6949,-12.705,0.0],[136.6991,-12.7041,0.0],[136.6944,-12.6979,10.3548],[136.6896,-12.6961,0.0],[136.6877,-12.6923,11.2209],[136.6841,-12.6915,34.215],[136.681,-12.6876,0.0],[136.6799,-12.6784,14.1954],[136.6823,-12.6727,0.1327],[136.6787,-12.6691,1.3909],[136.6824,-12.6536,1.606],[136.6879,-12.6431,0.3834],[136.6906,-12.6323,3.4632],[136.704,-12.6097,0.0],[136.7187,-12.5934,0.0],[136.7354,-12.5792,4.4431],[136.743,-12.5753,0.8707],[136.7521,-12.5738,2.3759],[136.7564,-12.5783,0.0],[136.7619,-12.5774,5.2708],[136.7622,-12.5727,16.6721],[136.7597,-12.5696,2.6698],[136.7555,-12.5678,0.6348],[136.7536,-12.5645,1.8503],[136.7544,-12.5562,0.8565],[136.7518,-12.5567,6.9523],[136.7474,-12.5516,2.0405],[136.7415,-12.5551,0.0],[136.744,-12.5597,3.3026],[136.739,-12.5687,6.3045],[136.7349,-12.5709,4.9446],[136.7289,-12.5698,9.2713],[136.7237,-12.5628,0.0],[136.7204,-12.5695,6.7473],[136.7158,-12.5719,10.1554],[136.7019,-12.568,3.433],[136.6971,-12.5692,3.4829],[136.6959,-12.5755,0.5],[136.6979,-12.5802,14.3485],[136.6961,-12.5867,0.8065],[136.6916,-12.5906,1.6096],[136.683,-12.5908,1.1965],[136.6815,-12.593,2.2003],[136.6829,-12.5966,12.0006],[136.6817,-12.5986,9.2379],[136.6796,-12.5935,2.9319],[136.6768,-12.5936,2.1402],[136.6799,-12.5986,2.2524],[136.679,-12.5998,1.6498],[136.6804,-12.6036,5.7715],[136.6759,-12.5968,1.9405],[136.6693,-12.5906,1.8746],[136.6695,-12.5844,2.123],[136.6758,-12.5812,0.9027],[136.6791,-12.5819,2.1337],[136.6865,-12.5881,0.5],[136.6916,-12.5876,2.2178],[136.6933,-12.5855,0.5],[136.6926,-12.5708,1.2785],[136.6938,-12.5674,2.9912],[136.7005,-12.563,0.0],[136.7143,-12.5663,0.0],[136.7161,-12.5624,0.0],[136.7145,-12.5611,5.1356],[136.7195,-12.5567,6.2453],[136.7153,-12.5572,4.1292],[136.7201,-12.5538,0.7669],[136.7289,-12.5539,0.5336],[136.7298,-12.5569,0.0],[136.7283,-12.5611,1.518],[136.731,-12.5629,4.6928],[136.7379,-12.5544,3.2405],[136.7445,-12.5359,0.0],[136.7484,-12.5339,0.0],[136.7464,-12.5309,0.8037],[136.7433,-12.5335,4.954],[136.7405,-12.5331,7.8488],[136.7388,-12.5353,4.4594],[136.7334,-12.5361,2.1121],[136.7321,-12.5314,0.0],[136.7269,-12.529,0.7649],[136.7275,-12.5246,1.7578],[136.7299,-12.5227,1.3436],[136.7321,-12.5225,2.7468],[136.7347,-12.5254,1.0633],[136.7377,-12.5251,0.0],[136.7393,-12.5205,6.8675],[136.7422,-12.5179,0.0],[136.7392,-12.5161,2.0002],[136.7376,-12.5095,0.0],[136.7347,-12.5098,3.5936],[136.7339,-12.5062,2.2886],[136.7268,-12.5037,5.1774],[136.7253,-12.4973,1.1447],[136.7218,-12.494,0.8453],[136.7218,-12.4913,1.9515],[136.7273,-12.484,3.0365],[136.725,-12.4827,2.8654],[136.7295,-12.4783,4.0814],[136.7282,-12.474,3.7526],[136.7237,-12.4705,3.5453],[136.7227,-12.4671,3.0042],[136.7192,-12.4686,1.6236],[136.7238,-12.464,5.1],[136.7235,-12.4604,2.4223],[136.7209,-12.4582,7.2228],[136.7247,-12.4607,4.9288],[136.7245,-12.4696,3.5453],[136.7258,-12.4708,3.6683],[136.7271,-12.4694,3.3987],[136.7321,-12.4755,2.0308],[136.7346,-12.476,1.8946],[136.7333,-12.4777,3.1284],[136.7354,-12.4786,0.6984],[136.7424,-12.4759,0.2917],[136.7458,-12.4709,2.0343],[136.7482,-12.4726,1.9473],[136.7591,-12.4674,0.6818],[136.761,-12.4633,0.0],[136.7779,-12.4505,2.5086],[136.7759,-12.4473,3.2968],[136.7787,-12.4489,3.9015],[136.7887,-12.4492,4.1658],[136.7919,-12.4514,0.0],[136.7944,-12.4498,0.5529],[136.7935,-12.4528,0.0],[136.7959,-12.4601,8.8054],[136.7929,-12.4668,0.0],[136.7961,-12.4772,3.3853],[136.7958,-12.4922,3.2964],[136.79,-12.4973,1.9148],[136.776,-12.4961,0.0],[136.7769,-12.5025,0.0],[136.7745,-12.5096,0.0],[136.7686,-12.5188,0.0],[136.7607,-12.5257,1.1632],[136.7605,-12.5299,0.0],[136.7633,-12.5336,3.6021],[136.7629,-12.5387,4.0161],[136.7683,-12.5426,0.0],[136.7685,-12.5524,0.0],[136.7708,-12.5554,0.0],[136.7727,-12.5555,2.4606],[136.7719,-12.5384,6.024],[136.779,-12.5253,0.8122],[136.7896,-12.5146,0.0],[136.7948,-12.5129,0.0],[136.8005,-12.5074,6.4701],[136.8051,-12.5063,0.0],[136.8083,-12.4978,11.1594],[136.8442,-12.4525,12.9648],[136.8633,-12.4313,23.2612],[136.8758,-12.4214,1.4351],[136.8899,-12.4137,4.5655],[136.8915,-12.4045,2.8667],[136.8997,-12.3924,1.3538],[136.9036,-12.389099999999999,1.6025],[136.9057,-12.3885,0.0],[136.9075,-12.3901,2.0308],[136.9136,-12.3831,0.0],[136.9159,-12.3835,0.0],[136.9174,-12.3814,0.0],[136.9221,-12.3797,0.0],[136.9263,-12.3799,0.0],[136.9371,-12.3726,3.26],[136.9455,-12.3698,0.0],[136.9482,-12.3703,1.208],[136.9526,-12.3744,7.7917],[136.9627,-12.3746,0.0],[136.961,-12.369,0.0],[136.9618,-12.3638,1.3745],[136.9653,-12.3589,1.0862],[136.9707,-12.3581,0.0],[136.972,-12.3528,9.892],[136.9789,-12.3454,0.0079],[136.9782,-12.3432,6.1132],[136.9653,-12.3408,1.5356],[136.964,-12.3415,4.7101],[136.9657,-12.3475,0.0],[136.9642,-12.3503,1.8465],[136.9581,-12.3528,0.0],[136.9544,-12.3573,20.6899],[136.9462,-12.3565,12.6054],[136.9443,-12.3579,7.627],[136.9357,-12.3553,0.0],[136.9285,-12.3495,1.2487],[136.9256,-12.3489,0.0],[136.922,-12.3435,0.9311],[136.9206,-12.3439,0.4127],[136.9199,-12.3488,3.3951],[136.9149,-12.3515,0.0],[136.9105,-12.3677,2.0422],[136.9049,-12.3686,4.1536],[136.8951,-12.3666,5.4385],[136.8824,-12.3679,0.0],[136.8781,-12.3708,3.1865],[136.8728,-12.3807,2.1496],[136.8763,-12.3689,0.6093],[136.8792,-12.3663,1.3503],[136.8985,-12.3626,2.4256],[136.909,-12.3539,0.0],[136.9179,-12.3422,0.6778],[136.9258,-12.342,1.1041],[136.9299,-12.3364,1.3686],[136.9296,-12.3338,2.0338],[136.9339,-12.3339,3.3684],[136.9353,-12.3247,21.6944],[136.9392,-12.3241,1.2995],[136.9317,-12.3138,2.8126],[136.9318,-12.3057,0.9407],[136.9289,-12.3034,7.2313],[136.9306,-12.3007,5.4359],[136.9268,-12.2954,8.7926],[136.9264,-12.291,2.9171],[136.9288,-12.2876,4.4688],[136.9281,-12.2827,0.8142],[136.9239,-12.2783,18.0327],[136.9149,-12.2757,0.0],[136.9117,-12.2833,13.3162],[136.9089,-12.2842,1.0438],[136.9024,-12.2808,1.396],[136.9,-12.2772,1.1746],[136.9009,-12.2645,0.1065],[136.9026,-12.2606,9.065],[136.9009,-12.2555,0.0],[136.9026,-12.2521,0.0],[136.9019,-12.2478,0.5759],[136.9051,-12.246,0.0],[136.8957,-12.2459,0.0],[136.8912,-12.2477,0.0],[136.8845,-12.2437,0.0],[136.8819,-12.2398,5.0153],[136.8802,-12.2297,0.0],[136.8755,-12.2273,1.2462],[136.8732,-12.2197,13.0417],[136.8593,-12.2143,2.6352],[136.8577,-12.2124,0.0],[136.8467,-12.2102,2.7348],[136.8417,-12.2142,1.608],[136.8337,-12.2124,8.7739],[136.8289,-12.2095,0.0],[136.8224,-12.2126,1.8505],[136.8182,-12.2116,2.0037],[136.8031,-12.1962,12.5228],[136.7971,-12.1868,0.0],[136.7907,-12.1851,3.0119],[136.7888,-12.1807,1.7878],[136.7867,-12.1642,0.0],[136.7824,-12.1591,2.569],[136.7637,-12.1653,3.482],[136.7541,-12.1641,0.0],[136.7545,-12.1672,3.9364],[136.7491,-12.1704,3.674],[136.7519,-12.1645,0.0],[136.7418,-12.1711,0.0],[136.7271,-12.1724,1.0714],[136.7254,-12.1738,0.5344],[136.7279,-12.1754,0.8359],[136.7286,-12.1782,2.7052],[136.726,-12.1814,4.5653],[136.7113,-12.1868,2.6908],[136.7011,-12.1867,3.5348],[136.6849,-12.1831,6.6414],[136.6814,-12.1863,4.9934],[136.6821,-12.1904,5.645],[136.6787,-12.1969,3.2841],[136.6771,-12.2056,0.0],[136.6832,-12.1959,0.0],[136.6904,-12.1937,0.0],[136.6925,-12.1962,0.8877],[136.6942,-12.1912,3.8696],[136.6987,-12.1903,0.0],[136.7074,-12.1945,4.3562],[136.7096,-12.1997,0.0],[136.7113,-12.1979,2.8303],[136.7145,-12.1988,1.0778],[136.7166,-12.2008,2.931],[136.7174,-12.2062,1.645],[136.7224,-12.2125,0.875],[136.7291,-12.2114,3.2578],[136.7315,-12.2201,1.0356],[136.7232,-12.2298,0.0],[136.7281,-12.23,0.0],[136.7333,-12.2233,0.0],[136.7346,-12.2186,0.0],[136.7522,-12.2141,1.5285],[136.7484,-12.2172,1.833],[136.7489,-12.2203,2.08],[136.747,-12.2246,2.1158],[136.7512,-12.233,0.7506],[136.7661,-12.2351,1.5167],[136.7614,-12.2376,1.4262],[136.7647,-12.2415,2.5808],[136.7636,-12.2451,4.2281],[136.7542,-12.2497,1.1645],[136.7492,-12.2592,0.9857],[136.7482,-12.2665,1.5064],[136.7423,-12.2718,4.7678],[136.7263,-12.2761,0.8376],[136.7231,-12.2729,5.1499],[136.7209,-12.2669,1.1547],[136.7175,-12.2706,4.4524],[136.7188,-12.2739,3.3852],[136.7143,-12.2796,0.0],[136.715,-12.2822,0.0],[136.7109,-12.2869,2.7343],[136.7057,-12.2885,2.4167],[136.6986,-12.2857,1.0099],[136.6962,-12.28,4.4515],[136.6913,-12.276,1.2554],[136.6816,-12.2812,2.2965],[136.6694,-12.2777,0.0],[136.6677,-12.2818,0.5],[136.6703,-12.2858,5.8905],[136.6772,-12.2869,3.1232],[136.6748,-12.2882,8.9641],[136.6716,-12.2879,2.3],[136.6645,-12.2838,5.5251],[136.6602,-12.2741,0.0],[136.6568,-12.2731,3.8513],[136.6545,-12.275,7.6954],[136.6475,-12.2697,6.3359],[136.6459,-12.2626,0.0],[136.6474,-12.2523,2.1444],[136.6458,-12.246,0.0],[136.6464,-12.2355,0.573],[136.6408,-12.2316,5.7105],[136.6367,-12.2319,5.7894],[136.6376,-12.2306,0.0],[136.6245,-12.2242,2.7202],[136.5993,-12.2023,3.2805],[136.6007,-12.1985,5.2215],[136.5966,-12.1848,2.9804],[136.5857,-12.1683,10.0145],[136.5777,-12.1461,0.0],[136.5812,-12.141,7.4925],[136.5811,-12.1311,3.0895],[136.5858,-12.1284,0.0],[136.587,-12.1256,1.3736],[136.5812,-12.1078,3.9904],[136.5845,-12.1056,0.0],[136.5874,-12.0959,4.261],[136.5903,-12.0951,0.0],[136.5872,-12.0845,2.4473],[136.5818,-12.0875,5.0633],[136.5807,-12.0911,3.699],[136.5792,-12.0867,5.0201],[136.5712,-12.0868,6.7043],[136.567,-12.0842,2.9911],[136.5644,-12.0857,1.3325],[136.5575,-12.0762,4.8475],[136.5553,-12.0752,5.7686],[136.5579,-12.0755,4.8475],[136.5639,-12.0839,3.721],[136.5657,-12.0831,2.9911],[136.5553,-12.0648,2.462],[136.5478,-12.0398,12.8917],[136.5431,-12.036,1.0581],[136.5435,-12.034,0.0],[136.5358,-12.0139,2.7344],[136.5311,-11.9914,0.0],[136.5283,-11.9917,0.0],[136.5219,-11.9873,0.0],[136.5123,-11.988,0.8454],[136.5031,-11.9979,0.0],[136.5059,-12.0008,8.0663],[136.506,-12.0034,8.0472],[136.496,-12.0095,4.2835],[136.4968,-12.0149,2.9381],[136.499,-12.0134,3.4937],[136.5017,-12.0162,2.1834],[136.4998,-12.0186,7.1673],[136.4972,-12.017,3.4579],[136.4951,-12.0195,5.8486],[136.4975,-12.0202,3.6623],[136.4988,-12.0241,3.9951],[136.4958,-12.0227,5.8101],[136.4941,-12.0239,6.1304],[136.498,-12.0269,2.5751],[136.4983,-12.029,4.5815],[136.4969,-12.0303,5.8298],[136.4961,-12.0281,6.6286],[136.4954,-12.0326,3.5278],[136.4945,-12.0289,4.218],[136.4921,-12.0273,4.1763],[136.4936,-12.036,2.9278],[136.491,-12.0339,4.2661],[136.489,-12.0401,5.2714],[136.4882,-12.0347,3.5313],[136.4905,-12.0308,5.3245],[136.487,-12.0317,1.8447],[136.4869,-12.035,2.9608],[136.4843,-12.0358,2.0567],[136.4866,-12.0457,3.9141],[136.4843,-12.0465,2.8846],[136.4845,-12.0517,3.3176],[136.4867,-12.052,2.6332],[136.4893,-12.0563,1.7945],[136.4819,-12.0522,2.456],[136.4783,-12.0533,4.4474],[136.4731,-12.0513,2.7163],[136.4648,-12.0509,5.6577],[136.4674,-12.0493,7.9979],[136.4719,-12.0494,7.9158],[136.4794,-12.052,2.3686],[136.4816,-12.0501,2.7116],[136.4831,-12.0481,3.2462],[136.4823,-12.046,5.072],[136.4841,-12.0383,2.9154],[136.483,-12.0355,2.0567],[136.4846,-12.0316,1.0609],[136.4835,-12.0326,1.0609],[136.4834,-12.0314,1.0609],[136.4875,-12.0281,0.5],[136.4888,-12.024,4.0961],[136.4864,-12.0214,5.2968],[136.4775,-12.0182,12.8463],[136.474,-12.0124,2.378],[136.4732,-12.0074,0.0],[136.4704,-12.0047,15.7288],[136.4698,-11.9997,6.8053],[136.466,-12.0018,3.4368],[136.4671,-12.0035,7.0712],[136.4641,-12.0052,8.0243],[136.4558,-12.0057,3.5045],[136.4538,-12.0037,3.7295],[136.4558,-12.0026,3.2032],[136.4573,-12.0041,2.7275],[136.4571,-11.9999,3.0124],[136.4524,-11.9998,7.5487],[136.4507,-12.0025,4.8565],[136.4458,-11.9989,1.0373],[136.4464,-11.9954,4.7964],[136.448,-11.9986,3.5318],[136.4508,-12.0006,4.3311],[136.452,-11.9996,4.3311],[136.4489,-11.9875,6.0546],[136.4505,-11.9832,3.0835],[136.4561,-11.9789,9.7991],[136.4636,-11.982,3.7217],[136.4646,-11.9857,2.7583],[136.4634,-11.9882,0.0],[136.4674,-11.996,1.3353],[136.4703,-11.9976,0.0],[136.4728,-11.9966,0.0],[136.4686,-11.9818,0.4421],[136.4702,-11.9767,4.8244],[136.469,-11.9737,2.2851],[136.4698,-11.9643,7.9492],[136.4721,-11.9603,20.6916],[136.4919,-11.9592,18.9346],[136.507,-11.9555,9.0306],[136.5112,-11.9519,28.8525],[136.5342,-11.9473,41.5827],[136.5394,-11.9432,39.4331],[136.5445,-11.9429,54.3369],[136.5517,-11.9396,3.446],[136.555,-11.9371,13.0868],[136.5581,-11.9318,3.3501],[136.5666,-11.927,27.5687],[136.5693,-11.9228,36.3919],[136.5804,-11.9155,23.8798],[136.582,-11.9121,25.8097],[136.5818,-11.9029,0.0],[136.5688,-11.894,2.9837],[136.5686,-11.884,2.8255],[136.563,-11.8766,6.3891],[136.5591,-11.8792,5.3824],[136.5604,-11.882,4.4117],[136.558,-11.8833,1.203],[136.5576,-11.8863,4.6011],[136.5612,-11.8888,13.1525],[136.56,-11.8898,1.1437],[136.5621,-11.8932,0.9916],[136.5723,-11.8991,16.2374],[136.5738,-11.9021,0.9149],[136.5696,-11.9105,0.0],[136.5657,-11.9122,0.0],[136.5614,-11.9175,0.0],[136.5576,-11.9185,1.6549],[136.5542,-11.9218,0.3968],[136.5482,-11.9233,2.166],[136.5453,-11.9215,1.8419],[136.5445,-11.917,0.1395],[136.5333,-11.9186,0.0],[136.5312,-11.9146,0.0],[136.5285,-11.9218,2.7561],[136.5253,-11.9235,1.1886],[136.5238,-11.927,0.5989],[136.5248,-11.931,5.5038],[136.5275,-11.9323,3.5567],[136.5233,-11.9392,0.0],[136.5167,-11.9418,1.2389],[136.5139,-11.9386,0.0],[136.5139,-11.936,0.0],[136.5106,-11.9388,0.1114],[136.5112,-11.9418,0.0],[136.5082,-11.9464,1.1796],[136.4924,-11.9526,0.0],[136.4856,-11.9527,0.9344],[136.4844,-11.9513,4.3271],[136.475,-11.9498,4.3008],[136.4683,-11.952,5.6525],[136.4604,-11.9469,0.0],[136.4595,-11.9424,0.5494],[136.4517,-11.9397,4.5101],[136.444,-11.9415,5.0122],[136.4408,-11.9445,0.3227],[136.4474,-11.9466,0.0],[136.4457,-11.9541,0.0],[136.4394,-11.9619,0.0429],[136.4352,-11.9632,0.0],[136.4359,-11.9672,2.9612],[136.4308,-11.9711,2.3749],[136.4261,-11.9584,1.0652],[136.4148,-11.9587,0.0],[136.4068,-11.9726,0.4497],[136.3964,-11.9762,0.0],[136.3994,-11.9774,3.0953],[136.3978,-11.9821,0.3694],[136.394,-11.9837,0.0],[136.391,-11.9899,5.3563],[136.3824,-11.9974,2.7545],[136.3857,-12.0019,2.2727],[136.3816,-12.0048,0.0],[136.384,-12.0052,0.7915],[136.3849,-12.0097,0.0],[136.3887,-12.0092,4.151],[136.3897,-12.0113,5.4104],[136.3822,-12.0116,8.0837],[136.3788,-12.0196,7.8313],[136.3697,-12.0108,1.8701],[136.3675,-12.0114,10.513],[136.3659,-12.0138,12.3151],[136.3707,-12.0177,7.9264],[136.3699,-12.0277,3.1543],[136.3644,-12.0273,1.4704],[136.3595,-12.0214,0.0],[136.3574,-12.0211,0.0],[136.3563,-12.023,7.647],[136.3585,-12.0259,14.1796],[136.3551,-12.031,0.0],[136.344,-12.0328,0.4692],[136.3481,-12.035,6.8619],[136.3488,-12.0439,2.3056],[136.3418,-12.0474,2.1435],[136.3419,-12.0543,4.3987],[136.3394,-12.0592,8.7384],[136.3318,-12.0591,4.2853],[136.331,-12.0526,0.0],[136.3282,-12.0537,8.2188],[136.3251,-12.0495,2.9794],[136.3261,-12.0455,1.3605],[136.3225,-12.0509,8.5911],[136.3118,-12.0526,0.0],[136.3074,-12.0567,3.1753999999999998],[136.3017,-12.0538,4.1682],[136.3048,-12.0533,5.2283],[136.3069,-12.0551,2.3881],[136.3063,-12.0511,0.0],[136.303,-12.0485,3.2033],[136.2935,-12.0518,0.0],[136.2894,-12.0578,6.5246],[136.2906,-12.0619,6.8661],[136.2888,-12.0599,7.6387],[136.2884,-12.056,0.1962],[136.2766,-12.0597,0.5032],[136.2671,-12.065,1.08],[136.265,-12.0674,2.8848],[136.2673,-12.0694,3.3417],[136.2669,-12.0726,2.5674],[136.2593,-12.0814,6.679],[136.251,-12.096,2.8093],[136.2473,-12.0993,0.0],[136.2469,-12.1105,2.671],[136.2424,-12.1146,4.8577],[136.2368,-12.1152,2.2585],[136.2317,-12.1184,0.0],[136.2288,-12.1283,1.8483],[136.2304,-12.1317,2.4972],[136.2243,-12.1325,3.011],[136.2177,-12.1295,0.0],[136.2126,-12.1308,0.0],[136.2111,-12.1365,0.0],[136.2169,-12.1429,2.7999],[136.2172,-12.1524,1.269],[136.2154,-12.1533,8.8299],[136.211,-12.1507,0.606],[136.2077,-12.1516,3.1077],[136.2046,-12.1557,1.1094],[136.2009,-12.155,1.5272],[136.1973,-12.1621,2.2054],[136.1952,-12.1631,5.7098],[136.1897,-12.1605,0.468],[136.1836,-12.1607,0.0],[136.1768,-12.158,3.5744],[136.1729,-12.1583,3.1719],[136.1674,-12.163,2.6699],[136.168,-12.1651,1.9409],[136.1732,-12.1658,12.2508],[136.176,-12.1688,0.0],[136.1752,-12.1735,4.599],[136.1689,-12.1782,1.3237],[136.17,-12.1805,1.8255],[136.1683,-12.1837,1.9626],[136.1721,-12.1869,0.0],[136.1717,-12.1881,3.5056],[136.169,-12.188,1.1265],[136.1696,-12.1907,0.2852],[136.1722,-12.1921,0.0],[136.1803,-12.1921,2.0249],[136.1906,-12.1955,24.4059],[136.1992,-12.1923,3.5086],[136.2082,-12.1848,1.1551],[136.2117,-12.1839,5.1392],[136.2224,-12.1865,2.4202],[136.225,-12.1824,5.4689],[136.2287,-12.1847,3.552],[136.2321,-12.1827,7.0105],[136.2289,-12.1867,6.4393],[136.2253,-12.1838,9.9966],[136.2234,-12.1875,2.4202],[136.2189,-12.1873,0.0],[136.2277,-12.2008,0.6798],[136.2283,-12.2132,0.5645],[136.2398,-12.2125,9.6047],[136.2414,-12.2139,0.0],[136.2719,-12.2077,3.528],[136.2783,-12.2091,2.1335],[136.2882,-12.2054,3.7543],[136.3031,-12.2063,0.0],[136.3096,-12.2085,0.0],[136.3112,-12.2072,5.039],[136.3119,-12.2104,-0.0036],[136.3154,-12.2107,7.9516],[136.3201,-12.2076,11.1231],[136.3215,-12.2043,3.0802],[136.3256,-12.2025,1.7556],[136.3333,-12.2024,3.9437],[136.337,-12.1957,4.0858],[136.3344,-12.203,0.0],[136.3412,-12.205,3.932],[136.3458,-12.2002,3.9416],[136.3421,-12.206,3.932],[136.3497,-12.2121,6.0614],[136.3531,-12.2114,7.4894],[136.3513,-12.2141,9.0126],[136.3591,-12.2304,4.914],[136.3607,-12.2427,1.517],[136.3634,-12.2497,0.0],[136.3628,-12.2575,2.357],[136.3535,-12.2576,0.0],[136.3466,-12.2596,1.5303],[136.3435,-12.2621,0.0],[136.3429,-12.2652,0.0],[136.3458,-12.2696,0.0],[136.3509,-12.271,2.5725],[136.3542,-12.2762,0.0],[136.3589,-12.2745,8.6724],[136.3658,-12.2747,8.0579],[136.3686,-12.2762,8.8822],[136.3685,-12.2785,7.1187],[136.3667,-12.2807,7.2236],[136.3672,-12.2768,8.7678],[136.3633,-12.2753,7.3318],[136.3539,-12.2772,1.1829],[136.3523,-12.2852,0.0],[136.347,-12.2918,0.0],[136.3462,-12.2968,3.9289],[136.342,-12.3013,3.3467],[136.3379,-12.3036,5.3319],[136.3317,-12.3012,0.0],[136.3255,-12.3069,5.2203],[136.3257,-12.3105,4.0071],[136.3338,-12.3156,7.2838],[136.3339,-12.3235,1.9229],[136.3259,-12.3429,0.0],[136.3146,-12.3546,8.9066],[136.3109,-12.3612,0.0],[136.3045,-12.3655,8.0611],[136.3054,-12.3735,5.8823],[136.3038,-12.3763,0.0],[136.3142,-12.3819,5.7863],[136.3113,-12.3836,0.0],[136.3106,-12.3884,3.2681],[136.3048,-12.3991,6.6991],[136.2808,-12.4237,2.5506],[136.2617,-12.4376,2.9667],[136.2633,-12.4414,6.9569],[136.2602,-12.4385,3.09],[136.2528,-12.4434,7.5925],[136.2523,-12.4452,2.7099],[136.2597,-12.4564,8.2069],[136.2494,-12.4454,0.6077],[136.2337,-12.4566,0.0],[136.2321,-12.4625,5.8159],[136.233,-12.465,8.4933],[136.2317,-12.4657,0.0],[136.2251,-12.4657,2.1136],[136.2233,-12.462,2.7334],[136.2193,-12.4613,3.4781],[136.2125,-12.4627,0.186],[136.2088,-12.4654,4.0493],[136.1964,-12.4678,2.1844],[136.1882,-12.4646,2.9926],[136.1854,-12.4662,0.1833],[136.1821,-12.4648,3.2963],[136.1756,-12.467,2.4573],[136.1708,-12.4658,2.2086],[136.1691,-12.4616,1.4316],[136.159,-12.4633,5.9792],[136.1576,-12.4652,5.2283],[136.1584,-12.4705,7.0731],[136.1565,-12.466,5.2283],[136.1601,-12.4613,4.238],[136.1611,-12.453,2.7975],[136.1596,-12.4444,4.5374],[136.1574,-12.4407,1.8309],[136.1506,-12.4353,1.5909],[136.1452,-12.4383,2.9838],[136.1412,-12.4382,1.3755],[136.1401,-12.4415,5.0759],[136.1337,-12.4455,0.7443],[136.1236,-12.4479,0.4627],[136.1211,-12.4524,4.2458],[136.1197,-12.452,6.0885],[136.1223,-12.4489,4.7239],[136.1145,-12.4473,6.5728],[136.108,-12.4391,0.1621],[136.1069,-12.4489,5.0989],[136.1049,-12.4531,3.8042],[136.0969,-12.457,4.5872],[136.0858,-12.4574,3.8178],[136.0766,-12.4527,0.8714],[136.0736,-12.4481,3.0016],[136.0734,-12.4441,4.7054],[136.0764,-12.4379,0.1419],[136.0758,-12.435,0.0],[136.0646,-12.43,1.6814],[136.0634,-12.4304,1.6814],[136.063,-12.4344,0.1706],[136.0588,-12.4385,1.6205],[136.0617,-12.4413,4.6972],[136.0564,-12.4412,0.0],[136.051,-12.4472,2.7353],[136.0463,-12.4571,0.0],[136.0463,-12.4709,-0.3692],[136.0518,-12.4703,4.413],[136.0491,-12.4727,4.5468],[136.0456,-12.4724,0.4116],[136.0516,-12.4793,5.5963],[136.0448,-12.4738,2.41],[136.04,-12.4788,0.8777],[136.0368,-12.476,0.0],[136.0366,-12.474,-0.1043],[136.0337,-12.4735,-0.4613],[136.0305,-12.4752,2.2428],[136.0214,-12.4862,0.0],[136.0145,-12.4849,0.0],[136.0182,-12.4619,0.7931],[136.0154,-12.4573,-0.0434],[136.0052,-12.4549,1.6826],[135.998,-12.4618,2.2689],[135.9896,-12.4631,5.2081],[135.9889,-12.4624,6.4875],[135.9964,-12.462,6.8379],[136.0036,-12.4535,3.3763],[135.9933,-12.441,3.8249],[135.9958,-12.4391,8.5986],[136.0004,-12.4259,5.0835],[136.0076,-12.4206,0.0],[136.0081,-12.4107,2.4809],[136.0127,-12.4059,9.2475],[136.0155,-12.3971,2.7593],[136.0126,-12.3958,0.0],[136.0024,-12.3996,2.6538],[135.9961,-12.4001,4.254],[135.9835,-12.3936,1.7018],[135.9756,-12.3951,0.0],[135.9731,-12.3903,1.0955],[135.9736,-12.3878,0.5346],[135.9709,-12.3868,4.1194],[135.9734,-12.3854,2.7032],[135.9725,-12.3771,4.3753],[135.9757,-12.3692,8.2105],[135.9852,-12.3605,5.8868],[135.9953,-12.3598,3.1443],[135.9963,-12.3548,5.636],[135.9999,-12.3536,1.1537],[136.002,-12.3506,1.1719],[136.003,-12.3432,7.8647],[136.0081,-12.3312,0.8116],[136.0157,-12.3208,3.3051],[136.0195,-12.3185,4.763],[136.0236,-12.3193,0.6072],[136.0194,-12.3084,3.429],[136.0159,-12.3044,0.0],[136.0105,-12.3004,0.0],[136.0083,-12.3007,2.387],[136.0118,-12.3086,4.7917],[136.0074,-12.3038,1.8367],[136.009,-12.2908,1.878],[136.0128,-12.2877,6.5229],[136.018,-12.2879,3.4754],[136.0242,-12.2952,1.1547],[136.0299,-12.2948,3.6074],[136.0282,-12.2909,1.0102],[136.0314,-12.2881,3.1685],[136.0299,-12.2859,10.551],[136.0329,-12.2798,0.0],[136.0307,-12.2784,5.5437],[136.0339,-12.271,6.1573],[136.0415,-12.2666,1.6266],[136.0475,-12.2689,3.4963],[136.0485,-12.2725,0.0],[136.0541,-12.269,1.0932],[136.054,-12.2629,5.6629],[136.0587,-12.2505,12.5977],[136.0633,-12.2485,0.0],[136.0606,-12.2459,6.6783],[136.0612,-12.2409,0.0904],[136.0559,-12.2401,13.7919],[136.0492,-12.2318,0.0],[136.0433,-12.2322,0.0],[136.038,-12.2367,0.9117],[136.0281,-12.24,0.0],[136.0215,-12.2395,0.0],[136.0135,-12.2333,0.0],[136.0135,-12.2387,0.0],[136.0211,-12.2404,3.2826],[136.0196,-12.2416,0.0],[136.0196,-12.2462,0.8477],[136.0233,-12.243,2.3913],[136.0259,-12.2451,1.8922],[136.0304,-12.2455,7.6504],[136.0307,-12.2494,4.603],[136.0291,-12.2466,2.1592],[136.0256,-12.2466,4.3913],[136.0232,-12.2445,2.3913],[136.0203,-12.2477,0.8884],[136.0186,-12.2475,0.0],[136.0166,-12.2433,1.0418],[136.0105,-12.2423,0.4617],[136.0058,-12.2597,15.3859],[136.0012,-12.2681,0.6214],[135.9892,-12.2714,4.5188],[135.9832,-12.2679,0.0],[135.9805,-12.2721,1.3238],[135.9739,-12.2717,7.3645],[135.9705,-12.2735,2.4449],[135.9654,-12.2722,0.3074],[135.9615,-12.2739,2.7852],[135.9581,-12.2788,1.8686],[135.9516,-12.2774,2.3183],[135.9501,-12.279,2.5886],[135.9523,-12.276,6.3962],[135.9576,-12.2776,4.5456],[135.9622,-12.2696,4.4528],[135.9619,-12.2677,0.0],[135.9545,-12.2611,0.0],[135.9562,-12.2496,0.3743],[135.9465,-12.2426,0.0],[135.9331,-12.2372,3.3355],[135.9293,-12.2312,2.7668],[135.928,-12.2221,0.0],[135.9312,-12.215,2.5794],[135.9423,-12.1993,3.7174],[135.9472,-12.1956,3.4891],[135.9554,-12.1968,0.7774],[135.9561,-12.1942,3.9608],[135.9535,-12.1877,7.6015],[135.9579,-12.182,2.9759],[135.9621,-12.1813,0.0],[135.9688,-12.1852,2.8698],[135.9735,-12.1853,2.4463],[135.9765,-12.1775,18.5293],[135.9775,-12.1637,21.0042],[135.9831,-12.1519,3.2797],[135.9897,-12.1476,1.5309],[135.9903,-12.1431,1.8924],[135.9965,-12.1378,18.6937],[136.0027,-12.1284,13.2915],[136.012,-12.1234,3.6829],[136.0197,-12.1108,10.9326],[136.0195,-12.0999,11.6747],[136.0226,-12.0994,1.0692],[136.0285,-12.0865,2.6512],[136.0303,-12.0858,10.0234],[136.0327,-12.0876,7.8042],[136.0365,-12.0855,18.4091],[136.0387,-12.0832,10.304],[136.0397,-12.0769,7.7889],[136.0442,-12.0755,0.5546],[136.0407,-12.0723,0.2486],[136.0452,-12.0656,2.4823],[136.0453,-12.0629,0.0],[136.0416,-12.0647,7.5032],[136.0416,-12.0684,6.5164],[136.0388,-12.07,1.8388],[136.0358,-12.0691,0.2943],[136.0346,-12.0663,0.3403],[136.0346,-12.0719,3.9348],[136.0316,-12.0762,0.0],[136.0233,-12.0771,1.2847],[136.0201,-12.0801,2.5157],[136.0111,-12.0792,0.0],[136.0093,-12.0871,0.0],[136.0037,-12.084,2.0373],[135.9968,-12.0931,0.0],[135.9985,-12.0966,2.669],[136.0022,-12.0961,6.6412],[136.0048,-12.1005,3.6344],[136.001,-12.1015,2.8305],[135.9963,-12.1054,0.0],[135.9985,-12.1053,8.1572],[136.0023,-12.1081,1.3755],[136.0021,-12.1169,2.9335],[136.0009,-12.1183,2.3181],[135.9953,-12.1188,0.0],[135.9906,-12.1249,3.7612],[135.9821,-12.1274,0.2675],[135.9794,-12.1294,2.4838],[135.9774,-12.134,2.1852],[135.9723,-12.1374,0.0],[135.9663,-12.1389,1.9041],[135.96,-12.137,0.0],[135.9609,-12.14,6.8007],[135.9631,-12.1408,16.9577],[135.9631,-12.1458,3.6264],[135.9591,-12.152,1.8267],[135.9555,-12.1504,0.8063],[135.95,-12.1513,4.4058],[135.9505,-12.1421,13.1195],[135.9486,-12.1385,3.0134],[135.9474,-12.1423,0.4008],[135.9482,-12.1503,4.7166],[135.9458,-12.1522,0.4425],[135.9426,-12.1522,2.9227],[135.9415,-12.1484,3.5987],[135.9384,-12.1487,11.1831],[135.9357,-12.1434,2.6669],[135.9328,-12.1468,0.0],[135.9328,-12.1496,0.0],[135.9358,-12.1548,13.5571],[135.9341,-12.1585,1.9186],[135.9284,-12.1619,2.8647],[135.9237,-12.1613,3.5581],[135.9243,-12.1562,1.6393],[135.9213,-12.154,2.6104],[135.9219,-12.1493,0.0],[135.9203,-12.1502,11.6903],[135.9149,-12.1486,0.3095],[135.9122,-12.1498,2.3759],[135.9104,-12.1517,1.6531],[135.9097,-12.1581,9.6966],[135.9006,-12.1655,8.4949],[135.9011,-12.1699,5.7486],[135.896,-12.1777,0.0],[135.8949,-12.1849,3.22],[135.8895,-12.1848,29.7907],[135.8879,-12.1797,12.536],[135.8816,-12.1774,3.6904],[135.884,-12.1715,8.4592],[135.8793,-12.1692,4.5551],[135.8788,-12.1654,14.7284],[135.8834,-12.1612,0.9419],[135.8813,-12.1593,16.4218],[135.8813,-12.1568,17.4727],[135.8863,-12.1507,0.5122],[135.8856,-12.1496,4.6463],[135.8812,-12.1507,0.0],[135.8784,-12.1539,3.4063],[135.8684,-12.1559,0.0],[135.8658,-12.1586,9.0611],[135.8702,-12.162,4.5808],[135.8685,-12.1698,1.0251],[135.8644,-12.1742,0.0],[135.8621,-12.1748,7.9428],[135.8603,-12.1734,5.2383],[135.8591,-12.1684,2.1081],[135.8553,-12.1691,0.0],[135.8538,-12.1716,1.4763],[135.854,-12.1812,0.0],[135.8505,-12.1841,0.0],[135.8455,-12.186,0.0],[135.8387,-12.1821,0.0],[135.8362,-12.1897,0.5609],[135.8285,-12.1913,8.7698],[135.8252,-12.1844,0.333],[135.8208,-12.1898,7.7019],[135.8179,-12.1908,0.0],[135.8174,-12.1997,1.4807],[135.8159,-12.2012,0.0],[135.8103,-12.2022,1.4794],[135.8036,-12.1989,0.0],[135.8028,-12.2073,1.1379],[135.7984,-12.212,12.8903],[135.7954,-12.2144,0.4408],[135.7901,-12.2144,0.0],[135.7783,-12.2249,1.6763],[135.7775,-12.2316,4.5755],[135.7802,-12.2454,0.6594],[135.7778,-12.2473,0.0],[135.778,-12.2557,2.9792],[135.7763,-12.2591,0.0],[135.7697,-12.2591,0.0],[135.7682,-12.2554,1.7778],[135.7621,-12.2538,0.0],[135.7462,-12.2625,0.0],[135.7303,-12.2935,2.6275],[135.7107,-12.31,0.0],[135.711,-12.312,3.3445],[135.7167,-12.3141,7.8548],[135.7148,-12.3156,0.0],[135.7061,-12.3103,11.6617],[135.7215,-12.2873,10.1325],[135.7207,-12.2812,6.5093],[135.7103,-12.2625,0.0],[135.6909,-12.2537,0.0],[135.6768,-12.2417,1.9037],[135.6651,-12.2264,0.0],[135.6524,-12.2028,0.0],[135.6518,-12.1948,0.0],[135.6494,-12.1889,3.0097],[135.6513,-12.1773,2.0579],[135.6514,-12.171,0.7647],[135.6501,-12.1685,1.3587],[135.6548,-12.1591,0.0],[135.6537,-12.1565,0.2822],[135.6565,-12.1552,0.2947],[135.6598,-12.1495,11.7507],[135.6684,-12.1499,5.7361],[135.6725,-12.1478,9.5666],[135.6816,-12.1402,4.7099],[135.6864,-12.1326,8.0371],[135.7005,-12.1261,13.8277],[135.7049,-12.1175,19.9359],[135.7119,-12.1097,2.4566],[135.7137,-12.104,10.1152],[135.7246,-12.1004,7.5577],[135.7273,-12.1024,3.7859],[135.7296,-12.0983,9.6827],[135.7288,-12.0945,9.533],[135.7312,-12.0903,15.8192],[135.7363,-12.0887,10.0219],[135.7375,-12.0909,0.5037],[135.743,-12.091,8.8744],[135.7467,-12.0809,10.9429],[135.7533,-12.0782,7.5834],[135.7585,-12.0795,4.81],[135.756,-12.0749,16.5283],[135.7578,-12.0692,20.6065],[135.7643,-12.0607,12.3679],[135.7728,-12.0439,23.3552],[135.7772,-12.0419,0.0],[135.7799,-12.0437,0.2518],[135.7788,-12.0413,0.0],[135.7809,-12.0382,1.2919],[135.7869,-12.0356,19.279],[135.7883,-12.0362,5.1168],[135.7903,-12.034,6.9816],[135.7946,-12.0341,0.0],[135.7954,-12.0319,8.4005],[135.7996,-12.0301,16.2632],[135.8003,-12.0242,16.8245],[135.8047,-12.0222,1.5962],[135.8076,-12.0185,17.7751],[135.8144,-12.0172,0.0],[135.8215,-12.0064,0.0],[135.8275,-12.0051,3.719],[135.8328,-12.0007,0.4503],[135.8328,-11.9986,0.333],[135.8265,-11.9954,0.4357],[135.8274,-11.9898,5.1282],[135.8317,-11.9843,11.2233],[135.84,-11.982,8.5328],[135.8434,-11.9837,2.6308],[135.8475,-11.9805,10.1025],[135.86,-11.9815,4.2737],[135.8697,-11.9757,8.2817],[135.8739,-11.9795,10.8955],[135.8717,-11.9858,0.0],[135.8775,-11.9861,12.155],[135.8877,-11.9805,15.2637],[135.8911,-11.9754,5.9665],[135.9113,-11.96,1.4783],[135.9132,-11.9544,0.0],[135.9099,-11.9524,0.0],[135.9,-11.9566,0.0],[135.8866,-11.9657,1.2034],[135.8793,-11.9641,0.0],[135.8761,-11.9668,8.4187],[135.8635,-11.9675,0.0],[135.8544,-11.9714,1.8285],[135.8478,-11.972,0.0],[135.8347,-11.9782,8.215],[135.8184,-11.9791,2.5735],[135.8084,-11.9813,7.3308],[135.7883,-11.9908,4.2707],[135.7821,-11.9919,2.9257],[135.7662,-12.0023,0.0],[135.7545,-12.0078,0.0],[135.7344,-12.0107,0.0],[135.7274,-12.0091,0.0],[135.7187,-12.016,0.0],[135.7066,-12.0226,0.0],[135.694,-12.0242,0.0],[135.6843,-12.0346,3.3711],[135.6755,-12.0345,0.0],[135.6535,-12.0395,0.0],[135.6486,-12.0433,0.8145],[135.6436,-12.0534,0.0],[135.6497,-12.0591,1.6539],[135.6431,-12.0546,2.0571],[135.6356,-12.0605,0.7899],[135.6382,-12.0612,5.0006],[135.6335,-12.0614,6.6906],[135.615,-12.0698,3.651],[135.6054,-12.0769,2.2026],[135.6072,-12.0787,3.9085],[135.6156,-12.0783,4.736],[135.6079,-12.0801,5.5631],[135.6038,-12.0785,0.0],[135.5966,-12.0842,0.4928],[135.5977,-12.0855,3.9921],[135.5909,-12.0866,2.6779],[135.5753,-12.0959,0.0],[135.57,-12.1007,0.0],[135.5514,-12.0923,0.3073],[135.5449,-12.0876,5.3538],[135.5452,-12.0842,3.1244],[135.5401,-12.0791,12.0531],[135.5374,-12.0709,16.1073],[135.5384,-12.0645,0.0],[135.5288,-12.0646,8.8316],[135.519,-12.0598,3.1556],[135.5179,-12.0606,3.1556],[135.5194,-12.0634,0.0],[135.5125,-12.0767,0.5123],[135.5125,-12.0806,0.0],[135.5079,-12.0859,2.3291],[135.4938,-12.0954,1.4022],[135.4873,-12.0969,0.8246],[135.4868,-12.0998,0.0],[135.4716,-12.1066,1.1285],[135.4696,-12.1095,0.0],[135.4544,-12.1141,0.0],[135.4417,-12.1148,3.4446],[135.4327,-12.1135,0.5179],[135.4206,-12.1155,2.8676],[135.4153,-12.1139,1.5488],[135.4078,-12.1033,3.0733],[135.4052,-12.1018,5.4559],[135.4104,-12.0945,9.2203],[135.4226,-12.0831,1.7031],[135.412,-12.0837,1.4024],[135.3969,-12.082,0.0],[135.3974,-12.0858,2.1301],[135.3959,-12.0889,0.0],[135.3865,-12.0928,0.0],[135.3769,-12.0917,6.2862],[135.3754,-12.0865,6.4337],[135.3708,-12.0838,2.1123],[135.3662,-12.0847,8.4231],[135.3566,-12.0941,2.5699],[135.3587,-12.0958,3.8188],[135.3592,-12.0987,0.7933],[135.353,-12.106,0.0],[135.3421,-12.1106,0.0],[135.3268,-12.1127,0.0],[135.3198,-12.116,0.0],[135.3162,-12.1204,6.0183],[135.306,-12.1243,2.1687],[135.3069,-12.1317,8.4529],[135.3042,-12.1358,8.2016],[135.3087,-12.1388,5.2983],[135.3133,-12.139,6.5084],[135.3169,-12.1423,4.2748],[135.3172,-12.145,5.0494],[135.3192,-12.1454,5.1644],[135.3146,-12.1482,2.4575],[135.3064,-12.1603,3.5699],[135.303,-12.1629,0.0],[135.2915,-12.1666,5.5092],[135.2845,-12.164,2.4629],[135.2808,-12.1685,1.4962],[135.2744,-12.1722,0.3853],[135.273,-12.1773,9.054],[135.2691,-12.1797,11.5241],[135.2585,-12.1821,2.7489],[135.2352,-12.1826,-1.1808],[135.2264,-12.1855,-0.0508],[135.2233,-12.1887,0.0],[135.2294,-12.194,3.4626],[135.2384,-12.1926,2.8779],[135.2433,-12.1949,1.6331],[135.2498,-12.2049,0.0],[135.2567,-12.208,0.0],[135.2612,-12.2081,0.0],[135.2644,-12.2063,3.6442],[135.2709,-12.2073,4.9455],[135.2709,-12.2047,5.1188],[135.2727,-12.2032,1.3225],[135.2709,-12.2005,4.85],[135.2725,-12.1994,5.0272],[135.276,-12.2004,6.2229],[135.2734,-12.2011,4.8761],[135.2745,-12.2033,4.842],[135.2725,-12.2047,5.1188],[135.2726,-12.2082,1.8964],[135.2797,-12.218,6.8698],[135.2803,-12.221,6.0613],[135.2874,-12.2273,6.1478],[135.3122,-12.2416,2.3072],[135.3235,-12.2421,2.1051],[135.3312,-12.2398,0.0],[135.3461,-12.2315,3.0095],[135.3521,-12.2322,1.3273],[135.3477,-12.2419,4.5276],[135.3425,-12.2464,3.0132],[135.3306,-12.2509,0.0],[135.3295,-12.2531,3.4044],[135.3262,-12.252,2.9989],[135.3154,-12.2561,0.0],[135.3134,-12.2571,3.0904],[135.3131,-12.2603,4.4816],[135.3102,-12.257,3.5155],[135.2965,-12.2575,0.0],[135.2902,-12.2564,5.012],[135.2833,-12.2529,0.0],[135.267,-12.2249,9.9359],[135.252,-12.2241,0.9135],[135.2362,-12.2296,10.9891],[135.2227,-12.2304,0.7918],[135.2075,-12.2345,0.0],[135.2056,-12.232,2.871],[135.1973,-12.2324,0.9425],[135.1933,-12.2258,0.0],[135.1889,-12.2291,8.7327],[135.1859,-12.2279,0.0],[135.184,-12.2292,1.6566],[135.1782,-12.2284,6.7603],[135.1752,-12.2253,1.1803],[135.1616,-12.225,1.2996],[135.1599,-12.2318,3.4006],[135.1706,-12.2307,4.1461],[135.1758,-12.2372,1.2307],[135.1814,-12.2391,6.5305],[135.1828,-12.2426,13.1613],[135.1868,-12.2461,5.4056],[135.1864,-12.2501,2.4821],[135.1826,-12.2525,3.505],[135.1832,-12.2535,6.1627],[135.2003,-12.2629,4.1868],[135.2099,-12.2743,6.7503],[135.2115,-12.2812,4.9913],[135.2159,-12.2841,4.0633],[135.2189,-12.2886,6.6811],[135.2191,-12.2942,2.5206],[135.2131,-12.2953,0.7754],[135.204,-12.2908,1.6716],[135.1972,-12.2843,1.335],[135.1825,-12.2759,0.0],[135.175,-12.2674,0.7368],[135.1643,-12.2648,1.4607],[135.1602,-12.2498,0.3345],[135.1528,-12.2473,2.373],[135.1491,-12.2427,3.8199],[135.1481,-12.2378,0.0],[135.1447,-12.2367,0.3215],[135.1417,-12.2408,7.427],[135.1378,-12.2428,1.4289],[135.1341,-12.2395,0.2873],[135.1241,-12.2374,1.0365],[135.115,-12.2445,0.7988],[135.1054,-12.2446,9.5243],[135.1,-12.2474,0.98],[135.0956,-12.2471,3.9464],[135.0908,-12.2515,9.8724],[135.0875,-12.2516,3.0515],[135.0847,-12.2564,8.9732],[135.0689,-12.2568,1.5793],[135.0647,-12.2601,3.25],[135.0602,-12.2612,0.2463],[135.059,-12.264099999999999,2.04],[135.056,-12.2636,3.8361],[135.056,-12.2617,4.2715],[135.0449,-12.2465,3.8821],[135.0268,-12.2305,3.3627],[135.0125,-12.2211,3.2546],[135.0046,-12.213,2.1418],[134.9973,-12.2009,0.0],[134.9852,-12.1715,0.0],[134.9803,-12.169,-0.3768],[134.9795,-12.1641,0.0],[134.9716,-12.1584,0.1088],[134.9548,-12.1508,0.0],[134.9486,-12.1457,0.0],[134.9354,-12.1425,0.0],[134.9272,-12.1431,0.0],[134.9075,-12.1533,0.0],[134.9048,-12.1532,1.7126],[134.905,-12.1502,2.1214],[134.8974,-12.1465,7.379],[134.8852,-12.1343,0.0],[134.8673,-12.1312,0.0],[134.8568,-12.131,0.0],[134.8419,-12.1122,1.7221],[134.8405,-12.0854,8.6892],[134.8444,-12.0764,8.1773],[134.8442,-12.0616,3.7664],[134.8381,-12.0555,1.1896],[134.8317,-12.0555,0.0],[134.8314,-12.0622,7.8728],[134.8355,-12.0653,7.5414],[134.8381,-12.07,7.234],[134.837,-12.0749,7.1395],[134.8372,-12.0703,7.234],[134.8346,-12.0652,7.438],[134.8297,-12.063,4.5397],[134.831,-12.059,5.1559],[134.8302,-12.0561,0.0],[134.8224,-12.0556,0.0],[134.8108,-12.0482,0.0],[134.7982,-12.0478,0.0],[134.7903,-12.0328,1.3122],[134.7864,-12.0175,0.0],[134.7823,-12.014099999999999,3.5093],[134.7795,-12.0034,0.0],[134.7692,-12.0042,0.0],[134.7651,-11.9999,1.4866],[134.764,-11.9962,0.0],[134.7607,-11.9952,0.239],[134.7614,-11.9929,4.1313],[134.7656,-11.9919,3.1851],[134.7677,-11.9885,7.4252],[134.7695,-11.9787,0.5181],[134.7666,-11.9755,8.0193],[134.7655,-11.97,3.0547],[134.767,-11.967,2.6518],[134.7723,-11.9633,5.7784],[134.7708,-11.9598,10.1024],[134.7582,-11.9517,5.1649],[134.7476,-11.9493,0.581],[134.7449,-11.9497,0.0],[134.7444,-11.9569,4.4195],[134.7397,-11.9599,3.9452],[134.7294,-11.961,0.0],[134.7191,-11.9598,0.0],[134.716,-11.9631,1.6984],[134.7033,-11.9671,2.1985],[134.6909,-11.9653,4.0018],[134.6878,-11.9628,0.0],[134.6868,-11.9677,0.0],[134.6715,-11.9908,0.0],[134.6664,-12.0018,2.7384],[134.6559,-12.0151,2.7032],[134.642,-12.0257,0.0],[134.6051,-12.049,0.0],[134.5821,-12.054,0.0],[134.5699,-12.0546,0.0],[134.5431,-12.0633,2.2227],[134.526,-12.067,0.0],[134.5045,-12.0692,0.0],[134.4942,-12.0723,3.73],[134.4909,-12.0772,8.0152],[134.4928,-12.0716,5.1259],[134.4854,-12.0709,0.0],[134.4834,-12.0719,1.0905],[134.4839,-12.0738,6.221],[134.482,-12.0725,0.8225],[134.4811,-12.0738,4.3067],[134.4794,-12.0719,0.0],[134.4796,-12.0759,6.2129],[134.4777,-12.0706,0.0],[134.4756,-12.0709,0.0],[134.4769,-12.0722,2.4375],[134.4646,-12.0725,0.0],[134.4611,-12.0694,2.909],[134.4558,-12.0746,5.3533],[134.4529,-12.0748,7.8615],[134.4555,-12.0778,9.2234],[134.4512,-12.0743,11.0977],[134.4475,-12.0746,5.8009],[134.4498,-12.0733,11.3477],[134.4553,-12.0737,9.816],[134.4584,-12.0693,2.9322],[134.4609,-12.0683,2.909],[134.4672,-12.0702,12.698],[134.4652,-12.0651,0.0],[134.4683,-12.0686,10.1262],[134.4683,-12.0667,5.661],[134.4703,-12.0675,3.793],[134.4667,-12.0647,0.0],[134.4422,-12.067,1.8763],[134.4162,-12.0645,0.0],[134.3989,-12.0584,6.9702],[134.3963,-12.0524,0.0],[134.3928,-12.0521,0.0],[134.3887,-12.049,0.0],[134.3856,-12.0506,0.0],[134.3737,-12.0482,1.3819],[134.3648,-12.0449,0.0],[134.3646,-12.0426,0.0],[134.3562,-12.0422,1.3266],[134.348,-12.0391,0.0],[134.3315,-12.0273,0.0],[134.3279,-12.0225,0.0],[134.3065,-12.0084,0.3064],[134.2867,-11.9838,1.3877],[134.259,-11.9893,2.0404],[134.2518,-11.9882,5.6485],[134.2458,-11.9847,1.2519],[134.2446,-11.9858,1.2519],[134.2464,-11.9879,4.3049],[134.2459,-11.9911,0.0],[134.248,-11.9922,0.0],[134.2499,-11.9965,0.0],[134.2492,-12.0025,0.4073],[134.2535,-12.014099999999999,1.8225],[134.2535,-12.0341,3.0062],[134.2509,-12.0364,4.541],[134.2487,-12.0353,1.0978],[134.2424,-12.0389,3.6451],[134.2284,-12.0365,0.6769],[134.2226,-12.0475,5.9615],[134.2154,-12.0518,3.8111],[134.2152,-12.0539,0.2736],[134.2086,-12.0573,1.9091],[134.2056,-12.0651,3.4064],[134.1938,-12.0745,0.0],[134.1932,-12.0903,4.7042],[134.188,-12.1053,0.0],[134.1684,-12.1148,6.6468],[134.1633,-12.1065,3.7109],[134.1622,-12.1004,3.7301],[134.1728,-12.0783,0.0],[134.1791,-12.0696,3.2713],[134.1791,-12.059,2.6783],[134.1807,-12.0521,0.0],[134.1865,-12.045,0.0],[134.1879,-12.0395,9.2925],[134.1907,-12.0368,0.0],[134.1914,-12.0321,0.0],[134.1942,-12.0287,1.5603],[134.1871,-12.0244,1.5785],[134.1811,-12.015,0.0],[134.1821,-12.0124,0.0],[134.1787,-12.0074,4.0967],[134.1817,-12.0012,2.5847],[134.1817,-11.9942,0.5823],[134.1769,-11.9973,0.5198],[134.1751,-12.0019,1.3938],[134.1729,-12.0023,0.0],[134.1651,-11.9989,1.6504],[134.1623,-11.9939,5.3139],[134.1589,-11.9926,0.0712],[134.1564,-11.9937,1.1137],[134.152,-11.988,6.5674],[134.1499,-11.9828,0.2193],[134.1526,-11.9673,0.9505],[134.1499,-11.9635,0.4146],[134.1516,-11.9636,0.2804],[134.1557,-11.9687,0.0],[134.1685,-11.9725,0.4269],[134.1687,-11.9662,3.9301],[134.1712,-11.9624,7.5451],[134.1756,-11.9602,0.6992],[134.1754,-11.9568,3.1311],[134.1689,-11.9565,7.7156],[134.1505,-11.9391,1.0877],[134.14,-11.9239,0.2824],[134.136,-11.9204,0.0],[134.1342,-11.9206,1.1852],[134.1356,-11.9153,3.1475],[134.1323,-11.902,6.721],[134.1272,-11.8973,1.607],[134.1211,-11.8964,8.2119],[134.1199,-11.8974,5.9395],[134.1225,-11.9043,0.4311],[134.1207,-11.9076,4.1409],[134.1128,-11.9099,5.5007],[134.1098,-11.9082,0.1237],[134.1083,-11.9095,0.1237],[134.1091,-11.9114,1.9925],[134.1045,-11.9129,0.0],[134.1017,-11.9245,0.0],[134.0948,-11.9285,2.4705],[134.0859,-11.9262,0.0],[134.0809,-11.9296,0.3826],[134.075,-11.9368,0.2682],[134.0764,-11.9399,0.3903],[134.0748,-11.9418,0.4164],[134.0743,-11.9387,0.2451],[134.066,-11.9343,1.2383],[134.0716,-11.9335,0.152],[134.0722,-11.929,0.0406],[134.0707,-11.9278,1.0613],[134.0685,-11.9159,1.9008],[134.0716,-11.9113,0.0],[134.0801,-11.9043,-0.0286],[134.0755,-11.9014,0.0],[134.0784,-11.8982,0.0],[134.0707,-11.8981,2.5951],[134.0639,-11.8922,1.4989],[134.0611,-11.8854,0.0],[134.0612,-11.8823,0.1259],[134.0646,-11.8782,0.8678],[134.0636,-11.8695,0.3146],[134.0554,-11.8627,0.0886],[134.0527,-11.8636,3.8422],[134.0445,-11.8617,2.3723],[134.0395,-11.8555,1.5343],[134.0308,-11.855,0.8358],[134.0259,-11.8569,0.0],[134.0231,-11.8606,0.0],[134.0045,-11.8638,0.0],[134.0028,-11.8713,0.3454],[133.9922,-11.8813,1.2193],[133.9908,-11.8858,0.0],[133.992,-11.8873,0.9255],[133.9841,-11.895,0.0],[133.9568,-11.908,2.5346],[133.9395,-11.9124,0.0],[133.9326,-11.9171,0.0],[133.9332,-11.9203,1.1706],[133.9305,-11.9204,0.7375],[133.9309,-11.9185,0.5126],[133.9223,-11.9162,0.0],[133.9199,-11.9168,0.0],[133.9136,-11.9222,0.0],[133.9129,-11.9253,0.2999],[133.9108,-11.9238,0.1504],[133.9077,-11.9276,0.7809],[133.9092,-11.9231,0.1498],[133.914,-11.9175,0.2159],[133.9123,-11.9157,2.8351],[133.9136,-11.9127,1.5918],[133.9124,-11.9069,0.0],[133.9112,-11.909,0.0],[133.9059,-11.9084,1.2092],[133.9046,-11.9067,0.0],[133.9021,-11.9073,0.0],[133.8954,-11.9138,2.9508],[133.8888,-11.9128,1.2272],[133.8893,-11.9103,0.9864],[133.8933,-11.9127,0.9115],[133.8944,-11.9118,0.9052],[133.8918,-11.9103,1.0955],[133.8948,-11.9092,0.0],[133.8907,-11.908,0.0],[133.8906,-11.9098,1.0955],[133.888,-11.908,0.0],[133.8854,-11.9114,0.0],[133.8823,-11.9125,0.0],[133.876,-11.9105,0.1683],[133.8764,-11.9091,0.0],[133.8731,-11.9074,0.7865],[133.8753,-11.9061,0.4744],[133.875,-11.9043,0.2537],[133.8707,-11.9008,0.5248],[133.8677,-11.9014,0.542],[133.871,-11.8995,0.7401],[133.8771,-11.9033,0.2459],[133.8779,-11.9025,0.0],[133.8685,-11.8929,0.0],[133.8592,-11.8789,0.5084],[133.8537,-11.8773,0.0],[133.8495,-11.8794,0.0],[133.8461,-11.8781,0.0],[133.8421,-11.8799,0.0],[133.8358,-11.8721,1.4953],[133.8319,-11.8588,0.7399],[133.8306,-11.8658,1.888],[133.8296,-11.865,3.5866],[133.8297,-11.8615,2.5795],[133.8281,-11.8596,2.5028],[133.83,-11.8596,1.6972],[133.831,-11.853,0.0],[133.8273,-11.8467,0.0],[133.8248,-11.8462,0.0],[133.8226,-11.8427,0.0],[133.8231,-11.8381,0.3224],[133.8261,-11.8354,1.0701],[133.8258,-11.8317,1.3773],[133.8272,-11.8346,0.3067],[133.8339,-11.8325,1.3155],[133.8465,-11.8135,1.2032],[133.8607,-11.806,1.7594],[133.8676,-11.8051,0.797],[133.8786,-11.8073,2.8635],[133.8827,-11.8113,0.9188],[133.8899,-11.8124,5.8612],[133.8958,-11.8079,6.3457],[133.9017,-11.8057,0.0],[133.9003,-11.8032,5.9863],[133.9055,-11.785,2.482],[133.9163,-11.7724,4.3318],[133.9237,-11.7683,2.1652],[133.9267,-11.7684,1.2621],[133.9321,-11.7699,0.8656],[133.9344,-11.7757,0.6771],[133.9403,-11.7704,3.036],[133.9372,-11.7659,0.0],[133.932,-11.7666,1.0371],[133.9276,-11.764099999999999,0.0],[133.9218,-11.754,0.5449],[133.9191,-11.7448,0.0],[133.9156,-11.7424,0.0],[133.914,-11.7449,0.4302],[133.9051,-11.749,0.0],[133.8994,-11.7542,0.0],[133.8905,-11.7555,0.0],[133.8856,-11.7533,0.0],[133.8675,-11.7539,0.0],[133.8534,-11.7491,0.0],[133.8482,-11.7444,0.0],[133.8431,-11.7383,2.0976],[133.8392,-11.7251,0.636],[133.837,-11.7232,1.8973],[133.8325,-11.7238,0.0],[133.8233,-11.7286,0.0],[133.8124,-11.7302,0.0],[133.8034,-11.7286,0.3652],[133.7939,-11.7247,0.0],[133.7987,-11.73,0.0],[133.8071,-11.7309,0.0],[133.8087,-11.7338,1.7617],[133.7993,-11.733,8.9331],[133.7938,-11.7275,0.0],[133.7859,-11.7321,0.0],[133.7769,-11.741,0.0],[133.7765,-11.7483,0.0],[133.779,-11.754,0.0],[133.7736,-11.7611,0.0],[133.7385,-11.7826,0.3915],[133.6906,-11.7828,0.0],[133.6796,-11.7802,1.7836],[133.6701,-11.7739,0.0],[133.6646,-11.7796,0.6061],[133.6762,-11.7827,3.8961],[133.6779,-11.7873,0.0],[133.6909,-11.7891,3.4435],[133.692,-11.7941,0.0],[133.6909,-11.7948,0.7292],[133.6906,-11.7915,1.0082],[133.689,-11.7905,0.0],[133.678,-11.7886,0.0],[133.6679,-11.8021,0.0],[133.6559,-11.8091,0.2659],[133.6626,-11.8133,0.0],[133.6631,-11.8189,0.3191],[133.6501,-11.8254,0.0],[133.6389,-11.8251,0.0],[133.6311,-11.8321,0.4044],[133.631,-11.836,2.2706],[133.6261,-11.8372,0.9758],[133.623,-11.8347,0.3631],[133.6204,-11.8383,2.2402],[133.6135,-11.8377,0.0],[133.6111,-11.8428,1.0773],[133.6044,-11.8392,0.0],[133.5988,-11.8334,2.7904],[133.5969,-11.8331,4.1992],[133.5973,-11.8352,3.2975],[133.5952,-11.8337,5.2104],[133.6007,-11.8297,3.2939],[133.607,-11.8163,2.353],[133.6056,-11.8114,1.7154],[133.6021,-11.8092,0.0],[133.5915,-11.8098,2.6084],[133.5656,-11.8068,0.0],[133.561,-11.8095,0.0],[133.5546,-11.821,0.0],[133.5551,-11.8245,0.2802],[133.5492,-11.827,0.0],[133.545,-11.8264,1.4465],[133.5431,-11.8244,0.0],[133.5422,-11.8255,0.0],[133.5301,-11.813,2.2586],[133.5322,-11.81,0.0],[133.5311,-11.8068,5.036],[133.5342,-11.8034,0.0],[133.5328,-11.8026,1.7933],[133.5344,-11.8008,0.0],[133.5322,-11.7998,0.4675],[133.5289,-11.7911,5.2813],[133.536,-11.7799,5.6767],[133.5395,-11.7703,6.1059],[133.5386,-11.7655,1.8191],[133.5338,-11.7603,0.0743],[133.5266,-11.7622,0.4328],[133.5184,-11.7701,0.0],[133.5139,-11.7733,2.9159],[133.5115,-11.7732,0.0],[133.5092,-11.7763,0.228],[133.5012,-11.7812,0.0],[133.4934,-11.782,0.0],[133.4855,-11.7793,0.0],[133.4801,-11.7813,2.8964],[133.4783,-11.7849,1.7159],[133.4787,-11.7885,5.7007],[133.4729,-11.7917,2.571],[133.4615,-11.8017,5.6466],[133.4591,-11.802,3.1746],[133.4481,-11.7904,0.0],[133.4503,-11.7815,0.0],[133.4481,-11.7783,-0.0152],[133.4425,-11.777,0.4402],[133.4385,-11.774,0.0],[133.4227,-11.7775,0.0],[133.4156,-11.7773,0.0],[133.4104,-11.7796,1.8559],[133.3987,-11.7678,0.0],[133.3988,-11.7575,2.6568],[133.4133,-11.7587,0.6925],[133.4146,-11.7575,-0.082],[133.4113,-11.7531,0.0],[133.4101,-11.7481,0.1438],[133.4113,-11.7443,2.0608],[133.4158,-11.7415,0.2253],[133.4156,-11.7394,0.0],[133.4086,-11.7368,1.0953],[133.4028,-11.7321,0.0],[133.3904,-11.7427,0.6543],[133.3893,-11.7483,2.1471],[133.3856,-11.7521,1.3323],[133.3788,-11.7555,0.6693],[133.3715,-11.7553,-0.0526],[133.3692,-11.7577,0.0],[133.3764,-11.7674,3.0243],[133.3753,-11.771,2.3159],[133.3696,-11.7761,4.9383],[133.3599,-11.777,0.0],[133.3569,-11.7755,3.2745],[133.3546,-11.7724,2.4443],[133.3531,-11.7647,0.0],[133.3416,-11.7681,2.9662],[133.3328,-11.7667,0.9661],[133.3263,-11.7696,2.0456],[133.3209,-11.7698,4.0349],[133.3165,-11.7662,0.0],[133.3133,-11.76,0.0],[133.3098,-11.7582,3.0813],[133.3111,-11.7538,1.7251],[133.3081,-11.739,0.0],[133.3115,-11.7319,8.9633],[133.316,-11.7279,3.997],[133.3175,-11.7218,3.9686],[133.3204,-11.7196,4.3584],[133.3185,-11.7224,2.8123],[133.3197,-11.7243,3.1275],[133.3261,-11.7228,5.8264],[133.3406,-11.7272,1.4511],[133.3456,-11.7191,5.0346],[133.3545,-11.7179,1.4243],[133.3512,-11.7022,0.0],[133.3489,-11.6981,0.0],[133.3434,-11.6937,0.0],[133.336,-11.6928,0.0],[133.3026,-11.7038,0.0],[133.2994,-11.7044,0.0],[133.2955,-11.7028,0.0],[133.292,-11.7091,0.4377],[133.2852,-11.714,1.9873],[133.2839,-11.7177,0.0],[133.2716,-11.7228,0.0],[133.2699,-11.7253,5.7022],[133.2632,-11.7288,2.8239],[133.2526,-11.7308,0.0468],[133.2561,-11.7359,1.7426],[133.259,-11.7374,5.2223],[133.2675,-11.7366,6.8531],[133.2804,-11.74,6.2004],[133.2841,-11.7378,0.6736],[133.2816,-11.7406,5.2034],[133.2679,-11.7382,3.9667],[133.2623,-11.7397,4.7902],[133.2557,-11.7381,4.8414],[133.2523,-11.7319,1.7932],[133.231,-11.7325,0.0],[133.219,-11.7286,0.0],[133.1941,-11.7248,0.0],[133.1907,-11.7286,6.6718],[133.1922,-11.7267,2.6913],[133.1902,-11.7237,0.6246],[133.1652,-11.7138,0.0],[133.1499,-11.7022,0.0],[133.1444,-11.6942,2.451],[133.1452,-11.6884,5.7182],[133.1386,-11.6823,0.0],[133.1312,-11.6712,0.0],[133.1306,-11.663,3.8688],[133.1124,-11.6433,0.0],[133.1056,-11.6331,8.2974],[133.1066,-11.6265,0.0],[133.1029,-11.6174,0.0],[133.1031,-11.6126,0.0],[133.0941,-11.5998,0.2323],[133.0941,-11.5912,0.0],[133.0917,-11.5899,10.3813],[133.0818,-11.5754,0.0],[133.0696,-11.5483,0.0],[133.0708,-11.5411,28.0718],[133.0727,-11.5398,6.5482],[133.0764,-11.5295,0.0],[133.0769,-11.521,0.0],[133.0706,-11.5148,1.5027],[133.0591,-11.5132,0.0],[133.046,-11.5028,0.0],[133.0377,-11.4915,11.7087],[133.0312,-11.4772,0.0],[133.0243,-11.4691,0.0],[133.0119,-11.4445,0.0],[133.0079,-11.4328,0.0],[132.9966,-11.4253,0.0],[132.9923,-11.4261,0.0],[132.9772,-11.4185,0.0],[132.9724,-11.4199,0.6204],[132.9681,-11.4168,3.2844],[132.9607,-11.4006,0.0],[132.9573,-11.3959,0.9683],[132.9544,-11.3951,0.0],[132.9522,-11.3883,1.1171],[132.9491,-11.3849,1.8179],[132.9452,-11.3676,0.0],[132.9436,-11.3664,0.0],[132.9387,-11.3674,0.0],[132.9333,-11.3636,0.0],[132.9265,-11.347,8.9265],[132.9247,-11.3382,11.9997],[132.918,-11.3317,3.2507],[132.905,-11.3386,5.0693],[132.8979,-11.3399,4.6543],[132.8898,-11.3331,4.4871],[132.8854,-11.3341,0.0],[132.8846,-11.331,0.0],[132.8816,-11.3325,0.0],[132.8763,-11.3299,0.0],[132.872,-11.3298,2.1443],[132.865,-11.3401,-0.009],[132.866,-11.3422,3.6187],[132.8703,-11.3426,6.1633],[132.8805,-11.3475,5.6477],[132.8834,-11.3536,0.4124],[132.8905,-11.3583,4.1653],[132.8936,-11.3712,9.9604],[132.9016,-11.3742,8.9828],[132.9071,-11.3838,2.0972],[132.9092,-11.3847,2.043],[132.9051,-11.3882,0.9271],[132.9025,-11.3987,5.8849],[132.8997,-11.4027,0.0],[132.8999,-11.4068,0.0],[132.9039,-11.4131,3.0815],[132.9036,-11.4172,3.791],[132.8964,-11.4259,0.5724],[132.8858,-11.4298,0.0],[132.8804,-11.4278,0.0],[132.8731,-11.4169,0.0],[132.8663,-11.4161,0.0],[132.864,-11.419,1.725],[132.8634,-11.416,0.0],[132.8566,-11.411,1.4974],[132.8572,-11.405,0.0],[132.8513,-11.3965,0.0],[132.8503,-11.3926,0.0],[132.8422,-11.3951,0.9778],[132.8397,-11.3981,7.8948],[132.8232,-11.4047,0.9008],[132.8244,-11.4072,7.5339],[132.8237,-11.4104,1.5151],[132.8267,-11.4129,1.9475],[132.8255,-11.4207,0.9944],[132.8114,-11.4381,0.0],[132.8032,-11.4438,0.0],[132.7839,-11.4464,3.9501],[132.7817,-11.4501,0.7816],[132.7831,-11.4535,9.4442],[132.7782,-11.4701,2.7879],[132.7664,-11.4799,0.9368],[132.7678,-11.4812,6.406],[132.7673,-11.4836,1.6121],[132.763,-11.4886,2.1817],[132.7518,-11.4922,0.0],[132.7478,-11.4953,1.2121],[132.7477,-11.4984,2.078],[132.7435,-11.5061,0.9719],[132.7355,-11.5134,0.1557],[132.7329,-11.5191,0.0],[132.7234,-11.5227,0.0],[132.7145,-11.5233,0.0],[132.7093,-11.5225,0.0],[132.6946,-11.5142,0.0],[132.69,-11.5143,0.0],[132.6829,-11.5183,0.6773],[132.669,-11.5156,0.0],[132.6605,-11.51,0.0],[132.6551,-11.5041,2.0878],[132.6378,-11.4775,0.0],[132.6337,-11.4579,0.7062],[132.6354,-11.4366,0.0],[132.6304,-11.4238,0.0],[132.622,-11.4103,0.0],[132.6169,-11.4073,0.0],[132.6022,-11.406,0.0],[132.5854,-11.3945,1.3763],[132.5703,-11.3728,0.0],[132.5648,-11.3721,0.753],[132.5592,-11.3679,0.0],[132.5526,-11.3549,2.7862],[132.5511,-11.3478,0.0],[132.547,-11.342,0.0],[132.5335,-11.3397,1.7621],[132.5285,-11.3405,0.0],[132.5205,-11.344,0.0],[132.52,-11.3475,0.6295],[132.5151,-11.3492,3.1192],[132.5172,-11.3513,2.8827],[132.5142,-11.3499,1.9812],[132.5199,-11.3454,1.284],[132.5133,-11.3371,2.416],[132.5125,-11.3309,0.7351],[132.5019,-11.3299,2.8342],[132.5035,-11.3185,6.0289],[132.5114,-11.3187,4.2467],[132.5172,-11.317,3.6346],[132.5114,-11.313,3.9587],[132.5066,-11.3124,0.0],[132.5053,-11.3101,0.0],[132.5071,-11.3064,0.0],[132.5118,-11.3038,1.5986],[132.5113,-11.3005,1.5465],[132.508,-11.2977,0.0],[132.5101,-11.2927,0.0],[132.5058,-11.296,5.6536],[132.5017,-11.2943,0.0],[132.4964,-11.3004,0.0],[132.4868,-11.2995,0.5524],[132.4887,-11.295,4.0727],[132.4959,-11.2888,2.4016],[132.4952,-11.2857,6.8496],[132.4973,-11.2822,8.0368],[132.5026,-11.283,0.0],[132.5041,-11.2849,0.6362],[132.5051,-11.2841,1.4418],[132.5038,-11.2777,3.7795],[132.5068,-11.2723,0.0],[132.501,-11.2682,3.5917],[132.4918,-11.2667,1.0322],[132.4876,-11.2608,0.0],[132.4767,-11.2584,0.0],[132.4731,-11.2479,0.0],[132.4667,-11.2423,0.0],[132.4636,-11.2339,0.0],[132.4527,-11.2238,4.5092],[132.451,-11.2181,6.6009],[132.4453,-11.2158,3.7917],[132.445,-11.2142,0.0],[132.4388,-11.2144,0.0],[132.4372,-11.2119,0.0],[132.4339,-11.2113,2.9855],[132.4332,-11.2139,0.0],[132.42,-11.2256,0.0],[132.4137,-11.2379,0.0],[132.4217,-11.2499,2.324],[132.4222,-11.2622,0.5109],[132.4207,-11.2656,0.0],[132.4141,-11.27,0.6616],[132.4093,-11.2646,0.0],[132.4061,-11.2645,0.0],[132.4053,-11.2683,1.7637],[132.4032,-11.269,0.0],[132.4044,-11.2714,0.0],[132.4022,-11.2719,0.0],[132.405,-11.2796,6.1642],[132.4031,-11.2889,3.7786],[132.3974,-11.2992,0.0],[132.3959,-11.2978,0.0],[132.3857,-11.2969,1.9598],[132.3848,-11.294,1.2002],[132.3862,-11.2879,0.0],[132.3844,-11.2874,0.0],[132.3777,-11.2956,0.0],[132.3737,-11.2955,0.0],[132.3723,-11.2899,3.9651],[132.3759,-11.2859,0.0],[132.3747,-11.2809,4.0457],[132.3788,-11.277,8.3029],[132.3792,-11.2746,7.2527],[132.3794,-11.2693,3.2973],[132.3776,-11.2648,0.5042],[132.3737,-11.2637,0.0],[132.3759,-11.2607,0.0],[132.377,-11.2533,0.9095],[132.3797,-11.2476,4.1874],[132.3791,-11.2314,8.0823],[132.3817,-11.225,8.0023],[132.3802,-11.2132,3.1348],[132.3823,-11.208,2.591],[132.3774,-11.2013,0.8818],[132.3693,-11.1983,0.9311],[132.3649,-11.1938,8.1695],[132.3649,-11.1871,1.7493],[132.3589,-11.1776,3.1758],[132.3568,-11.1627,4.0542],[132.3578,-11.1609,0.0],[132.3551,-11.1525,5.7985],[132.3569,-11.1489,2.459],[132.3514,-11.1417,0.0],[132.3413,-11.1339,0.0],[132.3404,-11.1282,1.6166],[132.3437,-11.1199,0.0],[132.3358,-11.1195,0.0],[132.3333,-11.1157,0.0],[132.3321,-11.1201,0.0],[132.3384,-11.1251,0.9296],[132.3373,-11.1283,0.0],[132.3388,-11.1302,1.5766],[132.3389,-11.1404,3.7757],[132.3312,-11.1508,0.0],[132.3195,-11.1559,0.0],[132.318,-11.1612,0.0],[132.3214,-11.1613,2.8615],[132.3222,-11.1656,3.8188],[132.3135,-11.172,0.0],[132.3057,-11.1732,0.0],[132.3019,-11.1699,0.0],[132.2953,-11.1695,2.0004],[132.2934,-11.1684,2.0004],[132.2934,-11.1665,0.0],[132.2879,-11.1649,0.0],[132.2868,-11.1675,0.0],[132.2816,-11.1711,0.0],[132.278,-11.1712,0.0],[132.2704,-11.1751,0.0],[132.2664,-11.1735,0.0],[132.2651,-11.1754,0.0],[132.2682,-11.187,0.0],[132.2675,-11.1899,0.0],[132.2688,-11.1926,3.4967],[132.2736,-11.1942,4.3871],[132.274,-11.1994,0.0],[132.2666,-11.2078,0.0],[132.2647,-11.2136,2.5851],[132.2678,-11.2189,0.6526],[132.2723,-11.22,1.5064],[132.2746,-11.2284,0.0],[132.28,-11.2297,6.1238],[132.2816,-11.2331,4.7797],[132.2826,-11.2403,0.0],[132.2777,-11.2449,0.0],[132.2802,-11.2484,2.8177],[132.2795,-11.2519,7.444],[132.2845,-11.2552,3.5479],[132.2874,-11.2626,3.9564],[132.2852,-11.2663,1.2995],[132.2823,-11.2673,0.3666],[132.284,-11.2712,2.8677],[132.2836,-11.2767,1.9644],[132.2744,-11.2665,1.3327],[132.2653,-11.2638,0.2593],[132.2602,-11.2566,9.485],[132.2592,-11.2489,1.8313],[132.2551,-11.2398,3.094],[132.2568,-11.2342,0.0],[132.252,-11.2336,10.5875],[132.2497,-11.2293,4.9446],[132.2499,-11.2216,0.0],[132.2459,-11.2234,0.9417],[132.2398,-11.2185,9.4662],[132.2391,-11.2141,12.033],[132.243,-11.2082,0.4616],[132.2419,-11.2037,0.0],[132.2435,-11.1974,0.0],[132.2393,-11.1956,0.0],[132.2372,-11.1974,0.0],[132.2309,-11.1968,4.3728],[132.2251,-11.1889,8.8067],[132.2262,-11.1837,1.771],[132.2284,-11.183,0.6117],[132.2275,-11.1803,0.0],[132.2257,-11.1788,0.0],[132.2248,-11.1822,0.0],[132.2179,-11.1845,0.0],[132.2115,-11.1832,1.1559],[132.206,-11.1784,3.0112],[132.2025,-11.17,0.7335],[132.196,-11.1649,1.8196],[132.1932,-11.16,0.4312],[132.1903,-11.1474,14.4137],[132.193,-11.1431,0.2776],[132.1868,-11.1303,0.0],[132.183,-11.1278,0.0],[132.1754,-11.1277,0.0],[132.1636,-11.1299,0.7118],[132.1562,-11.1276,0.0],[132.1506,-11.123,0.0],[132.1403,-11.1238,0.0],[132.1356,-11.1224,0.0],[132.1434,-11.1338,0.8621],[132.1441,-11.1423,0.0],[132.1413,-11.1537,2.3647],[132.1446,-11.1555,7.9811],[132.1479,-11.1543,14.8742],[132.1512,-11.1561,7.2941],[132.1563,-11.1557,15.4806],[132.1586,-11.1593,12.3877],[132.162,-11.1608,20.5844],[132.1636,-11.1692,0.0],[132.1614,-11.1743,0.0],[132.1608,-11.1837,0.0],[132.1694,-11.1851,2.1207],[132.1847,-11.2031,3.4011],[132.1917,-11.2052,2.5959],[132.1946,-11.2077,7.1138],[132.1976,-11.2143,3.1193],[132.1975,-11.2199,0.0],[132.2025,-11.2268,4.3089],[132.1994,-11.2373,4.0725],[132.1984,-11.2355,5.033],[132.2008,-11.232,1.8531],[132.2012,-11.2273,4.3089],[132.199,-11.2258,2.9],[132.1948,-11.2347,1.8785],[132.1887,-11.2415,0.5793],[132.1841,-11.2428,0.0],[132.1799,-11.2407,0.0],[132.1837,-11.2461,10.8695],[132.1859,-11.245,9.9259],[132.1902,-11.2486,0.0],[132.1899,-11.2543,0.0],[132.1922,-11.2611,1.4117],[132.1973,-11.2662,7.1652],[132.1977,-11.2694,0.0],[132.1925,-11.2787,0.0],[132.1946,-11.2804,1.3931],[132.1941,-11.2791,1.2089],[132.1969,-11.2752,6.9317],[132.1971,-11.28,1.9649],[132.1955,-11.2817,1.6463],[132.1927,-11.2797,2.8521],[132.1913,-11.2807,1.4735],[132.1955,-11.2857,3.9061],[132.192,-11.293,1.1233],[132.1926,-11.2975,4.2525],[132.1756,-11.313,0.0],[132.1726,-11.3234,0.8631],[132.1781,-11.3201,3.8712],[132.1892,-11.3035,1.4404],[132.194,-11.301,7.0374],[132.1975,-11.3012,5.3839],[132.2024,-11.3055,2.2163],[132.211,-11.3078,5.6246],[132.2142,-11.3151,1.5561],[132.2194,-11.316,1.6688],[132.2217,-11.3193,5.6303],[132.2267,-11.3215,2.23],[132.2269,-11.3278,0.0],[132.2309,-11.3304,3.3571],[132.2365,-11.3399,1.9102],[132.2358,-11.3441,1.5492],[132.2308,-11.3501,0.0],[132.2301,-11.3585,1.0214],[132.2313,-11.363,0.0],[132.2221,-11.3696,2.2339],[132.2195,-11.3695,0.0],[132.2153,-11.3654,0.0],[132.2014,-11.358,2.0784],[132.1968,-11.3515,1.1385],[132.1936,-11.3502,0.8044],[132.1903,-11.351,0.0],[132.1829,-11.3654,6.525],[132.1884,-11.3801,1.6159],[132.1911,-11.3818,1.9577],[132.1991,-11.3808,2.763],[132.2,-11.3825,3.4372],[132.1978,-11.3975,0.0],[132.2062,-11.3981,0.0],[132.2076,-11.401,4.4251],[132.2064,-11.4098,0.0],[132.2081,-11.4134,1.6583],[132.1991,-11.4174,0.0],[132.1968,-11.4155,3.0705],[132.1963,-11.4114,4.8966],[132.1941,-11.4088,0.0],[132.1851,-11.4051,0.5653],[132.1792,-11.3974,0.0],[132.176,-11.3969,0.0],[132.1753,-11.3983,1.028],[132.1787,-11.4025,4.9792],[132.1813,-11.4109,0.0],[132.1808,-11.4163,0.0],[132.1754,-11.4208,0.0],[132.1704,-11.4204,0.9172],[132.1643,-11.4126,2.1263],[132.1697,-11.4113,2.5488],[132.1693,-11.407,3.6138],[132.1608,-11.4033,6.085],[132.1564,-11.3954,0.0],[132.152,-11.392,2.6398],[132.1563,-11.3898,0.9354],[132.158,-11.3825,0.0],[132.1558,-11.3811,0.0],[132.1535,-11.383,2.611],[132.1499,-11.3825,0.0],[132.1473,-11.3839,0.6144],[132.1447,-11.3824,2.207],[132.1464,-11.3768,12.0249],[132.1541,-11.3745,1.0839],[132.1513,-11.3694,14.3916],[132.1536,-11.3602,3.6225],[132.1473,-11.3601,0.0],[132.1454,-11.3564,1.3332],[132.1491,-11.3325,4.8104],[132.1533,-11.3288,12.4693],[132.1559,-11.3227,0.0],[132.1454,-11.3185,1.1541],[132.1409,-11.315,2.1941],[132.1381,-11.3086,0.345],[132.1397,-11.3018,0.0],[132.1368,-11.2962,0.0],[132.1317,-11.3009,0.0],[132.1305,-11.3071,0.0],[132.125,-11.313,1.6269],[132.1243,-11.3203,0.0],[132.1255,-11.3248,1.8559],[132.1225,-11.3363,0.0],[132.1254,-11.3421,0.3596],[132.123,-11.3455,1.742],[132.1227,-11.3493,3.1376],[132.1202,-11.3437,5.484],[132.1132,-11.3399,0.4968],[132.1088,-11.3285,1.1473],[132.1056,-11.3293,0.0],[132.1015,-11.3276,3.1969],[132.1015,-11.3296,0.9813],[132.1,-11.3291,2.2655],[132.1005,-11.3232,2.4163],[132.1073,-11.3153,2.3212],[132.1059,-11.3142,17.0514],[132.1069,-11.3118,1.0724],[132.1053,-11.3082,0.3957],[132.0997,-11.3079,2.4195],[132.0983,-11.3029,4.949],[132.101,-11.2989,13.9769],[132.1045,-11.297,0.0],[132.1044,-11.2901,3.1513],[132.1133,-11.288,3.5196],[132.1164,-11.2789,1.0442],[132.1164,-11.2737,0.0],[132.1142,-11.2685,0.0],[132.1054,-11.2744,0.0],[132.1005,-11.2748,3.7994],[132.0962,-11.2698,0.8336],[132.0958,-11.2621,0.6653],[132.1048,-11.2558,4.4045],[132.1074,-11.2442,13.5592],[132.11,-11.2414,17.643],[132.1113,-11.236,19.2135],[132.1139,-11.2342,5.4359],[132.1107,-11.2278,19.6721],[132.1135,-11.2111,0.0],[132.1091,-11.2096,0.0],[132.1086,-11.2168,0.0],[132.1027,-11.2202,0.0],[132.1023,-11.2246,3.134],[132.098,-11.227,0.0],[132.1002,-11.2287,5.3604],[132.0986,-11.2319,0.0],[132.0951,-11.2336,0.0],[132.0845,-11.2315,8.5698],[132.0781,-11.2233,2.759],[132.0818,-11.219,2.1794],[132.0755,-11.2094,15.4654],[132.0759,-11.2039,15.5481],[132.0804,-11.1999,5.8619],[132.0802,-11.1964,3.5203],[132.0826,-11.1947,1.9509],[132.0708,-11.197,0.0],[132.0664,-11.1917,16.2367],[132.0723,-11.1825,4.5018],[132.0754,-11.1806,1.328],[132.0748,-11.1788,1.2507],[132.0683,-11.1758,0.0],[132.0687,-11.1827,0.0],[132.0656,-11.1845,0.0],[132.0607,-11.1843,0.0],[132.0602,-11.1882,0.0],[132.0547,-11.1911,0.0],[132.0588,-11.1988,15.5821],[132.0567,-11.2019,0.0],[132.0525,-11.1989,1.9278],[132.0521,-11.1961,0.0],[132.0507,-11.1996,6.3718],[132.0461,-11.1995,0.0],[132.0441,-11.1976,12.5763],[132.0472,-11.1913,4.5682],[132.0424,-11.1948,2.781],[132.037,-11.1928,0.0],[132.0346,-11.1896,2.9],[132.0331,-11.1824,0.0],[132.0291,-11.1787,9.183],[132.0294,-11.1764,5.8935],[132.0218,-11.1634,4.1992],[132.0206,-11.1568,0.0],[132.0163,-11.1507,2.5684],[132.0173,-11.1456,0.9815],[132.0102,-11.1342,6.6281],[132.0114,-11.133,6.6281],[132.0107,-11.1299,0.0],[132.0063,-11.1295,0.0],[131.9941,-11.1242,0.0],[131.985,-11.1293,0.0],[131.9778,-11.1302,2.2031],[131.9728,-11.1283,0.0],[131.9703,-11.1342,0.9712],[131.9703,-11.1403,2.9833],[131.9773,-11.1416,1.1734],[131.9823,-11.1495,4.3661],[131.9859,-11.151,5.0607],[131.9879,-11.1566,0.0],[131.9865,-11.1709,0.0],[131.9885,-11.1729,0.0],[131.9885,-11.1763,0.0],[131.9923,-11.1722,1.7021],[131.9937,-11.1731,2.309],[131.9935,-11.1757,1.7451],[131.9919,-11.1776,0.0],[131.9824,-11.1801,0.0],[131.9788,-11.1787,2.1253],[131.9774,-11.1748,2.4878999999999998],[131.97,-11.1708,0.0],[131.9651,-11.1764,1.9222],[131.9624,-11.1767,0.6227],[131.9614,-11.1791,0.0],[131.9648,-11.183,2.557],[131.9646,-11.1863,1.6443],[131.9688,-11.1876,5.1638],[131.9713,-11.1914,6.5027],[131.9701,-11.1998,0.0],[131.9798,-11.2055,0.0],[131.9849,-11.2152,4.962],[131.9838,-11.2164,1.2639],[131.9865,-11.2186,2.9544],[131.982,-11.2283,0.4337],[131.9742,-11.2352,0.0],[131.964,-11.2339,1.675],[131.9613,-11.2289,0.0],[131.9644,-11.2451,3.7719],[131.9612,-11.2531,1.4352],[131.9552,-11.247,0.0],[131.951,-11.2474,0.0],[131.9448,-11.2445,0.0],[131.9427,-11.2466,0.0],[131.9457,-11.2494,9.0495],[131.9455,-11.2516,0.0],[131.9351,-11.2549,0.0],[131.93,-11.2599,3.3261],[131.9267,-11.2568,6.7321],[131.9259,-11.2512,10.9004],[131.9315,-11.2433,0.0],[131.9265,-11.2383,10.0199],[131.9275,-11.235,0.0],[131.9226,-11.2363,1.248],[131.9203,-11.2338,0.8712],[131.9207,-11.2303,0.0],[131.9183,-11.2298,5.2584],[131.9156,-11.2266,9.0016],[131.9168,-11.2232,2.6305],[131.9151,-11.2188,0.0],[131.9097,-11.221,0.0],[131.9051,-11.2192,0.0],[131.9041,-11.2164,5.5241],[131.9046,-11.2125,8.1912],[131.908,-11.2114,9.6593],[131.9086,-11.2088,8.1359],[131.912,-11.2069,0.0],[131.9069,-11.2053,0.0],[131.9045,-11.2064,0.0],[131.9023,-11.205,3.7793],[131.901,-11.202,0.0],[131.9023,-11.1957,0.0],[131.8889,-11.1857,0.0],[131.8811,-11.1854,1.9309],[131.8824,-11.1826,0.0],[131.8831,-11.1837,0.0],[131.8848,-11.1824,0.0],[131.8825,-11.1815,0.0],[131.8772,-11.1869,0.0],[131.8756,-11.1931,0.0],[131.8764,-11.1996,3.2214],[131.8788,-11.2032,1.7964],[131.8862,-11.2073,7.9729],[131.883,-11.2164,0.0],[131.8796,-11.2171,0.0],[131.8822,-11.2231,1.4623],[131.8802,-11.2266,1.0198],[131.8824,-11.2322,3.3428],[131.8794,-11.2349,0.0],[131.8759,-11.2346,0.0],[131.868,-11.2193,0.0],[131.8647,-11.2184,0.0],[131.8587,-11.2222,0.0],[131.8564,-11.2196,11.7511],[131.8604,-11.2091,0.0],[131.852,-11.2128,0.0],[131.8469,-11.2225,1.1773],[131.84,-11.2266,1.4861],[131.8311,-11.2233,0.0],[131.8301,-11.2186,5.3704],[131.8313,-11.216,0.0],[131.8266,-11.2133,0.626],[131.8218,-11.2064,0.0],[131.8198,-11.2092,0.0],[131.8148,-11.2117,2.0711],[131.818,-11.2217,5.2122],[131.8158,-11.2213,0.0],[131.8298,-11.2338,1.405],[131.8346,-11.2408,4.6438],[131.8369,-11.2477,4.4462],[131.8483,-11.253,0.0],[131.8468,-11.2622,0.0],[131.8504,-11.264099999999999,11.0963],[131.8515,-11.268,7.632],[131.8563,-11.2728,10.5661],[131.8552,-11.2767,0.0],[131.8509,-11.2814,0.0],[131.8454,-11.2827,0.0],[131.8433,-11.2863,5.3549],[131.8402,-11.2864,6.0581],[131.8389,-11.2853,5.195],[131.8398,-11.2829,1.0699],[131.8427,-11.284,0.0],[131.8406,-11.2818,1.0699],[131.8334,-11.2788,0.0],[131.8248,-11.2787,0.0],[131.8221,-11.2733,6.0591],[131.8158,-11.2682,3.2629],[131.8096,-11.2662,0.0],[131.7944,-11.2683,0.0],[131.7923,-11.27,2.3266],[131.7929,-11.2719,0.0],[131.8042,-11.2784,6.3504],[131.8065,-11.2831,4.1868],[131.8062,-11.2913,7.107],[131.7993,-11.2978,0.0],[131.8065,-11.2966,2.9243],[131.7998,-11.2994,3.0411],[131.7799,-11.2913,1.2028],[131.7768,-11.2969,0.0],[131.7767,-11.3008,0.0],[131.7816,-11.3049,4.9397],[131.7763,-11.3113,3.1174],[131.772,-11.3106,0.0],[131.77,-11.3087,1.4721],[131.7712,-11.3054,5.7007],[131.774,-11.3042,2.9896],[131.7729,-11.3022,0.0],[131.7593,-11.2997,0.0],[131.761,-11.3075,5.6084],[131.7626,-11.3095,5.3186],[131.7644,-11.3089,5.3186],[131.7645,-11.3141,9.8058],[131.7619,-11.3126,4.066],[131.7634,-11.3168,4.2662],[131.7675,-11.3174,8.4785],[131.7701,-11.3241,7.0284],[131.7775,-11.3252,6.5314],[131.7901,-11.324,7.6548],[131.7948,-11.3207,17.2145],[131.8022,-11.3216,3.9156],[131.8109,-11.3185,7.4671],[131.8211,-11.3183,4.0033],[131.8384,-11.3141,6.3096],[131.8421,-11.3126,5.6031],[131.8521,-11.2967,4.11],[131.8598,-11.2928,5.5432],[131.8664,-11.2957,7.886],[131.87,-11.2952,7.1945],[131.8772,-11.3013,0.0],[131.8841,-11.3028,4.7536],[131.8914,-11.3121,3.6032],[131.8999,-11.3124,5.0185],[131.9053,-11.3175,5.3021],[131.9081,-11.3177,6.586],[131.9095,-11.3225,0.0],[131.9147,-11.3248,0.0],[131.9306,-11.3245,4.6359],[131.9332,-11.3163,4.5522],[131.9435,-11.3199,1.9051],[131.9456,-11.3251,5.1233],[131.9407,-11.3282,0.0],[131.9369,-11.3282,0.0],[131.9261,-11.337,0.0],[131.9202,-11.3492,0.0],[131.9208,-11.353,0.0],[131.9163,-11.3536,0.0],[131.9169,-11.3575,3.721],[131.9229,-11.3634,0.0],[131.9304,-11.3657,2.9184],[131.9282,-11.3579,4.8087],[131.9295,-11.3566,5.2384],[131.9332,-11.3572,6.9647],[131.9376,-11.3508,3.6197],[131.9406,-11.3493,3.9059],[131.942,-11.3508,4.8515],[131.9517,-11.3515,4.3892],[131.9555,-11.3443,2.8685],[131.9513,-11.3412,4.339],[131.9596,-11.3437,4.4021],[131.9659,-11.3425,5.5093],[131.9737,-11.3453,4.4671],[131.9756,-11.3518,0.0],[131.9736,-11.3619,4.4322],[131.9717,-11.3567,0.0],[131.967,-11.3577,0.0],[131.9648,-11.3608,0.926],[131.9659,-11.363,0.7078],[131.9712,-11.3642,3.3687],[131.9669,-11.3664,0.7674],[131.968,-11.3695,0.5489],[131.9746,-11.3747,2.5725],[131.9829,-11.3761,4.5223],[131.9875,-11.3742,3.753],[131.989,-11.3714,3.7418],[131.989,-11.3733,4.2463],[131.9847,-11.3766,2.9211],[131.9806,-11.3835,3.4089],[131.9774,-11.3843,0.0],[131.9654,-11.3803,0.0],[131.9599,-11.3806,0.0],[131.9398,-11.3923,0.0],[131.939,-11.3938,0.0],[131.9424,-11.3999,0.0],[131.947,-11.4002,5.5542],[131.9566,-11.407,0.6311],[131.9581,-11.4064,3.2844],[131.9624,-11.4111,6.8837],[131.9739,-11.4087,4.0681],[131.9848,-11.4023,4.6705],[131.9901,-11.4015,4.2499],[131.9942,-11.4059,0.827],[131.9913,-11.4096,2.8709],[131.9926,-11.4118,0.0],[131.9885,-11.4141,0.0],[131.986,-11.4228,0.0],[131.9915,-11.4286,4.9635],[131.9966,-11.43,1.0285],[132.0092,-11.4307,3.9089],[132.0154,-11.4293,4.9616],[132.0248,-11.4241,6.5691],[132.0412,-11.4204,2.7457],[132.0483,-11.4248,0.2199],[132.0532,-11.4306,4.673],[132.0594,-11.4321,2.907],[132.0609,-11.4349,2.0046],[132.0539,-11.44,0.0],[132.0585,-11.443,0.0],[132.0582,-11.4469,0.0],[132.0511,-11.4552,2.8376],[132.0529,-11.4582,0.0],[132.0509,-11.4602,1.137],[132.0442,-11.4591,0.0],[132.0433,-11.4607,2.7071],[132.0418,-11.4584,1.5347],[132.0363,-11.4563,0.9395],[132.0302,-11.4589,0.0],[132.0339,-11.4821,0.0],[132.0371,-11.4841,12.7544],[132.0409,-11.4905,13.5882],[132.0554,-11.4965,1.8927],[132.0604,-11.5061,0.0],[132.0589,-11.515,0.0],[132.0679,-11.525,1.6846],[132.0807,-11.5302,2.5777],[132.0895,-11.5313,0.1859],[132.0981,-11.5295,4.6347],[132.0976,-11.531,1.6984],[132.1021,-11.5313,0.0],[132.1024,-11.5288,3.7649],[132.1045,-11.5281,4.2361],[132.1057,-11.5289,4.2361],[132.1037,-11.5287,3.7649],[132.1042,-11.531,4.661],[132.1086,-11.5326,3.4288],[132.1138,-11.5399,0.0],[132.1156,-11.5396,4.0679],[132.1171,-11.5335,5.4684],[132.1226,-11.5264,0.2499],[132.1218,-11.5235,2.7892],[132.1169,-11.5208,3.4377],[132.1149,-11.5166,5.0932],[132.1181,-11.5186,0.92],[132.1181,-11.5149,7.2842],[132.1221,-11.5134,5.8612],[132.1221,-11.5086,6.4436],[132.1187,-11.5049,5.8901],[132.1186,-11.4999,5.1345],[132.1203,-11.5052,5.8901],[132.124,-11.5095,2.5104],[132.1234,-11.5138,2.2566],[132.1198,-11.5152,2.3811],[132.1218,-11.5164,0.0],[132.1282,-11.5152,2.9988],[132.1317,-11.5217,0.6834],[132.1381,-11.5211,4.5574],[132.1421,-11.5193,3.6279],[132.1497,-11.5122,0.0],[132.1479,-11.5123,1.9094],[132.1502,-11.5032,3.6915],[132.1534,-11.5012,4.4143],[132.1603,-11.5003,3.4531],[132.1673,-11.4916,3.0353],[132.1727,-11.4898,5.4834],[132.1808,-11.4923,2.1618],[132.1938,-11.4902,0.8816],[132.2101,-11.4692,3.0553],[132.2187,-11.4639,9.473],[132.2231,-11.4646,0.0],[132.2252,-11.4609,8.5189],[132.2298,-11.4604,0.8234],[132.2333,-11.4569,11.0636],[132.2388,-11.4552,7.3645],[132.2382,-11.4561,7.3645],[132.2436,-11.4568,1.6961],[132.253,-11.4554,4.518],[132.2618,-11.4584,0.2328],[132.2618,-11.4566,4.2979],[132.2652,-11.455,4.7801],[132.2666,-11.4574,4.4817],[132.269,-11.4571,4.3472],[132.2662,-11.4583,4.7996],[132.2642,-11.4567,0.9022],[132.2652,-11.4603,1.7265],[132.2708,-11.4628,4.0976],[132.281,-11.4616,11.3037],[132.287,-11.465,0.0],[132.2961,-11.4628,6.6018],[132.3019,-11.4651,0.3527],[132.323,-11.454,8.7949],[132.3271,-11.4546,-0.4688],[132.3368,-11.4469,11.6998],[132.3535,-11.4413,1.7623],[132.3609,-11.4449,-0.0638],[132.3618,-11.4431,2.6455],[132.3839,-11.4512,2.9077],[132.3861,-11.4502,2.3404],[132.3865,-11.4519,0.3974],[132.3992,-11.4549,-0.0349],[132.4127,-11.4537,5.6427],[132.4157,-11.4519,17.2171],[132.4251,-11.4537,0.2189],[132.4287,-11.452,2.3527],[132.4317,-11.4542,0.8808],[132.4572,-11.4578,3.3983],[132.463,-11.4617,1.7123],[132.4725,-11.477,2.8554],[132.4805,-11.4841,0.0],[132.487,-11.4852,6.685],[132.4942,-11.4825,3.093],[132.4991,-11.4883,0.0],[132.4961,-11.4915,0.0],[132.4952,-11.4987,0.0],[132.4974,-11.5067,0.9791],[132.4998,-11.5095,1.9448],[132.5158,-11.5208,6.3152],[132.5214,-11.5218,5.0266],[132.5289,-11.5177,4.0499],[132.5319,-11.5205,0.0],[132.5283,-11.5272,0.5335],[132.5287,-11.5293,2.8596],[132.5304,-11.5299,3.4583],[132.5292,-11.5329,0.0],[132.5242,-11.5378,0.3283],[132.5248,-11.545,1.3775],[132.5304,-11.5503,2.0057],[132.5377,-11.5541,2.1162],[132.5531,-11.5549,3.2053],[132.5542,-11.5596,0.5398],[132.5473,-11.5699,0.7934],[132.5491,-11.5742,2.6949],[132.5454,-11.5775,0.0],[132.5392,-11.5772,0.0],[132.5363,-11.5803,2.9337],[132.5375,-11.5859,0.0],[132.5455,-11.5979,1.4414],[132.5449,-11.6022,5.5935],[132.5478,-11.6087,0.2154],[132.551,-11.6114,2.0142],[132.5679,-11.6187,7.9709],[132.5945,-11.6397,3.3236],[132.5993,-11.6411,5.2865],[132.6071,-11.64,3.703],[132.616,-11.6491,0.0],[132.6166,-11.6548,1.6553],[132.5983,-11.6537,0.0],[132.5836,-11.6575,0.0],[132.5762,-11.6552,0.8749],[132.5708,-11.6641,1.851],[132.5646,-11.6674,2.5809],[132.5703,-11.663,1.851],[132.5742,-11.655,6.1746],[132.5649,-11.6467,5.3955],[132.5577,-11.6364,0.0],[132.5505,-11.6357,0.0],[132.5312,-11.6384,0.0],[132.5138,-11.6376,0.0],[132.5074,-11.6357,0.0],[132.5045,-11.6375,0.0],[132.5009,-11.6452,0.0],[132.5021,-11.6707,1.5125],[132.4987,-11.6789,0.0],[132.4998,-11.6821,0.0],[132.5097,-11.6832,3.3086],[132.519,-11.6876,3.1907],[132.5321,-11.71,4.4358],[132.5402,-11.7182,0.0],[132.5947,-11.73,0.8086],[132.6075,-11.7264,1.4773],[132.6231,-11.7242,6.6506],[132.631,-11.7205,4.2979],[132.638,-11.7089,1.2667],[132.643,-11.6816,4.2845],[132.6547,-11.6856,0.0],[132.6514,-11.7148,6.0432],[132.6489,-11.7224,0.0],[132.623,-11.7473,0.0],[132.6206,-11.7581,11.4696],[132.5967,-11.7679,0.0],[132.596,-11.771,5.4779],[132.5903,-11.7738,0.274],[132.5901,-11.777,1.6007],[132.5881,-11.779,1.3969],[132.5832,-11.7805,0.0],[132.583,-11.7839,0.0],[132.5807,-11.786,0.0],[132.5823,-11.7894,0.0349],[132.5885,-11.7939,2.9131],[132.5892,-11.7978,1.3146],[132.5949,-11.8053,0.2229],[132.605,-11.8085,0.0],[132.6154,-11.8086,0.6071],[132.6185,-11.805,7.439],[132.6195,-11.8083,0.2265],[132.6261,-11.812,0.2297],[132.6304,-11.8167,0.2052],[132.6311,-11.8158,6.2904],[132.6365,-11.822,0.2541],[132.6442,-11.8503,0.2195],[132.6479,-11.8582,0.6156],[132.6456,-11.8751,0.0],[132.6507,-11.8826,0.0],[132.653,-11.8835,0.0],[132.6553,-11.8898,0.0],[132.6444,-11.8952,0.0],[132.6408,-11.9013,0.0],[132.6383,-11.9195,0.0],[132.6387,-11.9428,2.6612],[132.6307,-11.9675,0.0],[132.6234,-12.0053,4.7893],[132.619,-12.0167,0.0],[132.6242,-12.0375,0.0],[132.6264,-12.0542,0.0],[132.6234,-12.0638,0.0],[132.6233,-12.0726,0.9396],[132.6293,-12.0854,1.7804],[132.5784,-12.1055,0.0],[132.5674,-12.0971,3.3833],[132.5642,-12.0923,9.525],[132.5633,-12.0869,0.0307],[132.5562,-12.0858,0.3807],[132.5543,-12.0874,0.3332],[132.5558,-12.0951,4.3133],[132.5548,-12.0983,2.8997],[132.5522,-12.0981,4.9327],[132.5331,-12.1131,5.8667],[132.513,-12.1241,0.0],[132.4828,-12.1375,2.0776],[132.442,-12.1465,0.8433],[132.4371,-12.1544,2.0259],[132.4375,-12.1575,3.8962],[132.4353,-12.1597,0.0],[132.4333,-12.1669,2.7525],[132.4176,-12.1953,3.5185],[132.4162,-12.2017,3.2856],[132.4171,-12.2224,3.7003],[132.3894,-12.2364,0.5904],[132.3791,-12.226,0.0],[132.369,-12.2194,0.0],[132.3588,-12.2027,0.0],[132.3532,-12.1988,0.0],[132.334,-12.201599999999999,1.3213],[132.3151,-12.2111,0.0],[132.2919,-12.2178,0.0],[132.287,-12.2219,0.0],[132.2866,-12.2241,0.0],[132.2785,-12.2242,8.5942],[132.2737,-12.2172,3.3245],[132.2717,-12.2166,4.2805],[132.2711,-12.2134,0.0449],[132.2686,-12.2121,6.0808],[132.2643,-12.203,1.8042],[132.2633,-12.1909,0.0],[132.2649,-12.1829,0.0],[132.2617,-12.1734,-0.691],[132.2562,-12.1743,1.0207],[132.2538,-12.171,-0.3954],[132.2502,-12.1745,12.1079],[132.2449,-12.1754,1.5028],[132.2419,-12.1745,0.0],[132.2405,-12.1708,-0.2948],[132.2382,-12.1698,3.0873],[132.2349,-12.1719,9.1172],[132.2324,-12.1762,0.4564],[132.2312,-12.1846,6.8022],[132.2293,-12.1874,2.3078],[132.2282,-12.1869,2.3078],[132.2268,-12.1925,9.0749],[132.2244,-12.1946,8.9291],[132.1967,-12.2088,1.9202],[132.1863,-12.2116,4.5715],[132.1834,-12.2087,0.2235],[132.1791,-12.2119,4.3625],[132.1732,-12.2117,0.259],[132.1708,-12.2133,0.1017],[132.1695,-12.2171,0.3199],[132.1679,-12.2173,0.3199],[132.1683,-12.222,4.0042],[132.1476,-12.2459,0.5868],[132.1308,-12.2592,0.0],[132.1114,-12.2708,0.0],[132.0739,-12.289,0.0],[132.0689,-12.2972,5.7733],[132.0697,-12.3035,4.0942],[132.0616,-12.3029,0.0],[132.05,-12.2995,0.0],[132.0365,-12.2998,0.0],[132.0212,-12.2967,2.423],[131.9966,-12.2865,3.3247],[131.9677,-12.2824,0.0],[131.9394,-12.2729,0.0],[131.924,-12.2625,0.6783],[131.9175,-12.2559,1.4016],[131.9158,-12.2445,0.0],[131.9132,-12.2423,0.0],[131.9109,-12.2425,0.0],[131.9036,-12.2328,1.0907],[131.9053,-12.2281,0.2336],[131.9042,-12.2244,0.0],[131.8984,-12.222,1.9136],[131.8918,-12.2153,3.6923],[131.8793,-12.2146,0.0],[131.8712,-12.2164,0.0],[131.8647,-12.2223,0.0],[131.8305,-12.2451,3.2538],[131.8154,-12.2519,2.8769],[131.7977,-12.2569,5.4302],[131.7965,-12.2587,5.3977],[131.7875,-12.2594,1.077],[131.7772,-12.2649,0.0],[131.7753,-12.2682,0.0],[131.7728,-12.2677,0.0],[131.7545,-12.2739,2.5976],[131.7101,-12.2775,1.883],[131.7011,-12.2814,1.5682],[131.6992,-12.2796,0.0],[131.6904,-12.2808,0.0],[131.6834,-12.2828,0.0],[131.6828,-12.2847,2.6525],[131.6802,-12.2824,0.0],[131.6783,-12.2842,1.4307],[131.6607,-12.2855,0.9307],[131.6402,-12.2837,0.0],[131.6016,-12.2834,0.0],[131.5881,-12.2811,0.0],[131.5745,-12.281,0.0],[131.5637,-12.2785,0.0],[131.5545,-12.2806,0.2428],[131.5481,-12.2782,0.0],[131.5287,-12.2817,0.7507],[131.5045,-12.2837,0.0],[131.4723,-12.2837,2.4542],[131.4452,-12.2803,1.7092],[131.4268,-12.2754,1.2437],[131.3962,-12.264099999999999,1.4512],[131.3939,-12.2612,0.0],[131.3822,-12.2542,0.0],[131.3809,-12.2565,2.0707],[131.3811,-12.2534,0.5969],[131.3668,-12.245,1.6203],[131.3431,-12.2223,0.0],[131.3228,-12.1934,0.0],[131.3177,-12.181,4.8422],[131.3141,-12.1657,0.6638],[131.32,-12.1576,13.4282],[131.3228,-12.1472,0.0],[131.316,-12.1417,0.0],[131.3141,-12.1382,0.0],[131.315,-12.1335,0.0],[131.3129,-12.1324,5.2129],[131.3218,-12.1226,2.7965],[131.3214,-12.1202,2.3782],[131.3139,-12.1127,0.0],[131.3158,-12.0987,4.3105],[131.3209,-12.0899,1.6416],[131.3174,-12.0892,1.9424],[131.3133,-12.085,6.9988],[131.3103,-12.0775,0.0],[131.3072,-12.078,4.7246],[131.2995,-12.0702,0.8556],[131.3008,-12.068,0.5944],[131.2984,-12.0589,1.6281],[131.3034,-12.053,6.3891],[131.3008,-12.0468,2.7548],[131.3018,-12.043,0.0],[131.2971,-12.0426,0.0],[131.289,-12.0464,3.6636],[131.2883,-12.0493,7.2937],[131.2782,-12.0627,0.0],[131.27,-12.0706,7.5718],[131.2664,-12.0769,0.0],[131.2706,-12.0983,2.3064],[131.2736,-12.1001,3.5099],[131.271,-12.102,3.0884],[131.2707,-12.1074,4.1982],[131.2688,-12.108,4.2861],[131.2639,-12.1147,3.3071],[131.2617,-12.1222,13.6349],[131.2508,-12.1359,0.3701],[131.2504,-12.1462,3.7751],[131.2558,-12.1532,2.602],[131.2539,-12.1628,4.1336],[131.247,-12.1746,2.3796],[131.2462,-12.179,4.9452],[131.2327,-12.1951,2.3953],[131.2296,-12.2047,2.6043],[131.2289,-12.2087,0.8619],[131.2311,-12.2144,0.7494],[131.2468,-12.2152,2.5881],[131.2509,-12.22,3.9812],[131.2458,-12.2244,0.0],[131.2336,-12.2259,0.0],[131.2251,-12.232,0.0],[131.2252,-12.234,2.1491],[131.2144,-12.2371,1.6497],[131.2123,-12.2402,5.5763],[131.2133,-12.2533,4.335],[131.2066,-12.2599,1.1517],[131.207,-12.2631,2.6059],[131.2177,-12.2623,1.84],[131.2288,-12.2636,2.126],[131.234,-12.2663,5.9129],[131.2337,-12.2697,5.9524],[131.2311,-12.2727,1.431],[131.2336,-12.2755,4.0763],[131.2313,-12.2745,0.7161],[131.2294,-12.2755,2.8449],[131.2285,-12.2814,2.71],[131.2277,-12.2773,7.4013],[131.2291,-12.2732,3.4008],[131.2229,-12.2779,1.2651],[131.2225,-12.2811,5.4949],[131.225,-12.285,2.4798],[131.2223,-12.2824,3.074],[131.222,-12.278,2.2411],[131.2252,-12.2746,1.2955],[131.2322,-12.2693,2.9636],[131.232,-12.2668,2.0031],[131.2176,-12.2643,0.0],[131.2083,-12.2667,0.0],[131.206,-12.2704,1.777],[131.207,-12.2669,0.0],[131.2038,-12.2613,0.6223],[131.211,-12.2522,0.0],[131.2098,-12.2396,0.0],[131.2035,-12.2426,2.2928],[131.1934,-12.2377,0.9714],[131.2052,-12.2417,0.5876],[131.2202,-12.2303,0.9269],[131.222,-12.2272,0.0],[131.2115,-12.22,1.4593],[131.208,-12.2199,1.8368],[131.2027,-12.2112,0.4828],[131.1956,-12.2049,1.3485],[131.1877,-12.2019,1.7404],[131.1759,-12.1921,2.3136],[131.1695,-12.1836,4.5173],[131.1703,-12.1765,0.0],[131.1691,-12.1732,1.6184],[131.1576,-12.1688,0.2793],[131.1483,-12.1804,4.4805],[131.1443,-12.1824,1.6711],[131.1377,-12.184,2.4424],[131.1254,-12.1826,0.6952],[131.1143,-12.175,2.2124],[131.1164,-12.1713,0.0],[131.1143,-12.1631,0.0],[131.1157,-12.1575,1.5075],[131.1132,-12.1551,1.9602],[131.0876,-12.1538,3.0779],[131.0762,-12.1588,0.8019],[131.072,-12.1648,3.8756],[131.0653,-12.1668,3.853],[131.0579,-12.1638,2.0243],[131.0518,-12.1583,0.0],[131.0488,-12.1515,1.2783],[131.0514,-12.1467,0.6727],[131.0459,-12.1428,0.0],[131.0306,-12.1464,6.5333],[131.0198,-12.1533,6.9009],[131.0104,-12.1561,0.0],[131.0091,-12.1624,6.2881],[131.0081,-12.1577,1.6788],[131.0046,-12.1595,0.0],[130.996,-12.1686,4.1811],[130.9946,-12.1778,4.659],[130.9961,-12.1839,4.184],[130.9946,-12.1861,1.7932],[131.0024,-12.205,1.0379],[131.0056,-12.2038,4.998],[131.0047,-12.2091,2.2002],[131.0119,-12.2157,8.0074],[131.0185,-12.215,0.327],[131.0216,-12.2163,0.0],[131.0247,-12.223,0.2028],[131.0292,-12.2268,5.4459],[131.0305,-12.2315,8.3555],[131.0312,-12.2385,4.3194],[131.0274,-12.2651,3.7087],[131.0149,-12.3047,0.0],[131.0145,-12.3123,0.8577],[131.0125,-12.3165,0.0],[131.013,-12.3233,0.0],[131.0177,-12.3269,0.0],[131.0171,-12.3244,6.309],[131.0269,-12.313,1.6673],[131.0286,-12.3068,2.5654],[131.0253,-12.3057,3.2903],[131.0284,-12.3055,8.0165],[131.0296,-12.3065,2.5654],[131.0278,-12.3106,3.3297],[131.028,-12.3178,11.4418],[131.034,-12.3165,6.1919],[131.0319,-12.319,3.3915],[131.0333,-12.3206,5.9936],[131.0426,-12.3242,15.2051],[131.0462,-12.3226,7.2899],[131.0468,-12.326599999999999,8.8458],[131.0516,-12.3317,8.0545],[131.061,-12.3321,6.8773],[131.0516,-12.3331,6.1428],[131.0446,-12.3284,0.0],[131.0334,-12.3253,4.2511],[131.0298,-12.3256,0.0],[131.025,-12.3352,0.0],[131.0288,-12.3396,3.1853],[131.0326,-12.3393,14.8282],[131.0312,-12.342,10.7116],[131.0285,-12.3424,4.8482],[131.0298,-12.3464,0.0],[131.0337,-12.3488,6.4845],[131.0488,-12.3462,15.0531],[131.0551,-12.3478,11.2285],[131.0521,-12.3493,4.6089],[131.0481,-12.3482,16.2978],[131.045,-12.3492,15.4526],[131.0403,-12.353,13.251],[131.0402,-12.3578,12.6471],[131.0349,-12.3609,0.0],[131.0338,-12.3595,0.0],[131.0246,-12.3586,0.0],[131.0204,-12.3602,0.0],[131.0089,-12.3564,4.5193],[131.0078,-12.3591,9.2001],[131.0132,-12.3663,7.8406],[131.0164,-12.3612,0.0],[131.0193,-12.3621,3.5123],[131.0188,-12.3716,3.5638],[131.0179,-12.3618,3.5123],[131.0147,-12.3663,8.8444],[131.0125,-12.367,7.8406],[131.007,-12.3593,5.437],[131.0072,-12.3545,2.7458],[131.0048,-12.3522,3.1076],[130.9897,-12.3489,5.564],[130.9913,-12.3474,3.9707],[130.9828,-12.3419,0.0],[130.9792,-12.3415,0.4997],[130.9758,-12.3439,0.0],[130.966,-12.3435,2.085],[130.9579,-12.3479,2.6416],[130.9602,-12.345,1.8587],[130.9542,-12.3468,3.1471],[130.9501,-12.346,0.8888],[130.9467,-12.3489,4.851],[130.9473,-12.3572,4.6406],[130.9461,-12.3572,4.6406],[130.9446,-12.3495,3.6551],[130.9476,-12.3441,0.0],[130.946,-12.342,0.0],[130.9234,-12.3448,4.0233],[130.9214,-12.3442,5.7547],[130.9241,-12.3428,0.0],[130.9094,-12.3379,1.1815],[130.896,-12.3301,4.9645],[130.8882,-12.3405,18.839],[130.8829,-12.3428,0.0],[130.8705,-12.3554,4.2305],[130.8638,-12.3669,4.9072],[130.8611,-12.3758,1.9531],[130.8529,-12.374,0.0],[130.8512,-12.3759,8.9104],[130.8478,-12.3761,0.0],[130.8457,-12.3792,1.2155],[130.8421,-12.3789,1.2823],[130.8412,-12.381,6.6484],[130.8435,-12.3871,4.8746],[130.8487,-12.3906,2.9472],[130.8458,-12.4026,4.3153],[130.8421,-12.4066,2.7283],[130.8432,-12.4078,7.7081],[130.8397,-12.4079,0.0],[130.8377,-12.4116,2.9114],[130.8325,-12.4078,0.0],[130.8232,-12.4046,6.0296],[130.8184,-12.4052,4.9739],[130.8164,-12.4071,9.1713],[130.8196,-12.4146,0.0],[130.8282,-12.4116,3.2587],[130.8356,-12.427,5.2976],[130.8308,-12.4454,8.6519],[130.8275,-12.4495,4.7061],[130.8231,-12.4472,0.0],[130.8218,-12.4504,0.9957],[130.8192,-12.4504,0.0],[130.8186,-12.4517,0.0],[130.8204,-12.4509,0.9957],[130.8205,-12.4522,2.0531],[130.816,-12.4526,0.0],[130.8151,-12.4542,5.5073],[130.8181,-12.4555,13.6487],[130.8175,-12.4583,0.0],[130.8212,-12.4619,0.0],[130.8235,-12.4621,0.0],[130.8208,-12.4615,0.0],[130.8218,-12.4599,5.2699],[130.8262,-12.4603,9.9227],[130.8265,-12.4615,0.0],[130.8327,-12.4598,16.7343],[130.8396,-12.4673,0.0],[130.8431,-12.4686,14.3147],[130.8412,-12.4731,0.0],[130.8443,-12.4737,0.0],[130.8519,-12.4705,0.0],[130.8513,-12.4592,0.0],[130.8492,-12.459,0.0],[130.8504,-12.4564,1.3053],[130.8488,-12.4559,2.7295],[130.8527,-12.4484,1.6116],[130.8492,-12.4454,4.8349],[130.8501,-12.4388,6.5352],[130.8541,-12.4417,2.9169],[130.8598,-12.4431,1.9142],[130.8646,-12.4429,6.878],[130.867,-12.4406,5.2121],[130.867,-12.4426,5.88],[130.8639,-12.4456,4.4489],[130.8575,-12.446,3.191],[130.8564,-12.451,2.5686],[130.8688,-12.4567,5.0754],[130.8787,-12.4636,5.55],[130.8819,-12.4645,7.3702],[130.8859,-12.462,1.9432],[130.8824,-12.4511,3.0396],[130.8783,-12.4505,5.1597],[130.8838,-12.4476,6.385],[130.886,-12.443,4.2697],[130.8865,-12.4465,5.3822],[130.8845,-12.4483,6.7926],[130.8844,-12.4513,5.4552],[130.8882,-12.456,4.4686],[130.8868,-12.4575,4.4602],[130.8907,-12.4652,3.2567],[130.9071,-12.4648,0.0],[130.9106,-12.4627,2.2075],[130.9101,-12.4602,4.6763],[130.9169,-12.4577,4.6926],[130.917,-12.4592,4.7607],[130.9145,-12.4592,1.9014],[130.9079,-12.4665,5.7573],[130.8989,-12.4673,2.4651],[130.8919,-12.4728,0.0],[130.8931,-12.4819,5.1855],[130.8974,-12.4877,6.8972],[130.9022,-12.4878,2.8935],[130.905,-12.4846,0.0],[130.9054,-12.4807,4.652],[130.9088,-12.4809,4.391],[130.9132,-12.4842,3.3956],[130.9161,-12.4827,4.4433],[130.9259,-12.483,0.4029],[130.9334,-12.4765,0.0],[130.9364,-12.4714,2.1169],[130.9403,-12.4736,1.6146],[130.9467,-12.471,5.1075],[130.9426,-12.4748,7.1472],[130.9376,-12.4755,3.1015],[130.9312,-12.4835,4.9787],[130.9306,-12.4867,4.8131],[130.9319,-12.4918,5.0182],[130.9409,-12.5043,5.3127],[130.9443,-12.5026,5.2833],[130.9473,-12.4965,6.0187],[130.9472,-12.5007,5.0104],[130.9433,-12.5052,1.0884],[130.9419,-12.5218,6.2529],[130.9431,-12.5249,1.7103],[130.9451,-12.524,4.1977],[130.9458,-12.5282,4.3453],[130.9552,-12.5294,4.5424],[130.9564,-12.5374,2.0439],[130.9542,-12.5391,4.4875],[130.9573,-12.5472,4.1249],[130.9565,-12.5529,4.8929],[130.9538,-12.5551,3.9302],[130.9557,-12.5458,1.0925],[130.9535,-12.5421,3.3156],[130.9494,-12.5396,1.9025],[130.9473,-12.549,2.093],[130.9417,-12.5505,1.5917],[130.939,-12.5541,1.9796],[130.9407,-12.5503,2.2383],[130.946,-12.5482,2.093],[130.947,-12.5417,0.0],[130.9437,-12.5375,0.0],[130.9343,-12.5322,0.0],[130.934,-12.5344,3.3814],[130.9359,-12.5363,5.1113],[130.9348,-12.5406,1.4617],[130.9315,-12.5353,0.0],[130.9274,-12.5366,4.0865],[130.9309,-12.5265,1.2479],[130.9305,-12.5202,0.0],[130.9278,-12.5144,0.0],[130.9226,-12.5093,0.0],[130.916,-12.5124,0.0],[130.9104,-12.5175,0.0],[130.9114,-12.5306,5.1757],[130.9131,-12.5318,2.4576],[130.9154,-12.53,1.9701],[130.9166,-12.5309,1.9701],[130.9106,-12.5347,4.9625],[130.9109,-12.5375,4.9185],[130.908,-12.5407,1.7202],[130.9101,-12.5311,2.8607],[130.9071,-12.5165,0.0],[130.9054,-12.5169,3.4286],[130.9013,-12.5251,7.7694],[130.8965,-12.5283,6.2101],[130.8966,-12.532,6.5596],[130.8956,-12.5298,3.777],[130.8957,-12.528,1.7372],[130.9047,-12.5165,3.4286],[130.9036,-12.5133,1.4856],[130.8849,-12.5208,0.0],[130.8796,-12.5211,0.7099],[130.8715,-12.5152,0.0],[130.8718,-12.5102,0.0],[130.8698,-12.5058,0.0],[130.8629,-12.5029,0.0],[130.8592,-12.5066,5.398],[130.8612,-12.5098,7.3767],[130.8621,-12.5263,3.8034],[130.8652,-12.5268,2.5376],[130.8675,-12.5255,6.9341],[130.8739,-12.528,4.3412],[130.8795,-12.5479,5.8962],[130.8867,-12.5525,6.2064],[130.8889,-12.5507,2.5476],[130.8886,-12.5534,3.5951],[130.8943,-12.5585,1.8971],[130.8976,-12.5586,1.9121],[130.9014,-12.5563,4.449],[130.9,-12.5597,3.4189],[130.8934,-12.5605,0.0],[130.8877,-12.5559,0.0],[130.8778,-12.5524,0.0],[130.8846,-12.5748,4.4684],[130.8909,-12.5747,1.1878],[130.9026,-12.5789,0.0],[130.9029,-12.5727,5.1812],[130.9057,-12.574,3.317],[130.9075,-12.5728,2.4554],[130.9173,-12.5788,5.765],[130.9231,-12.5799,7.6092],[130.933,-12.5883,0.6979],[130.935,-12.5929,0.6378],[130.937,-12.594,3.4269],[130.9378,-12.598,6.4505],[130.9455,-12.6065,0.0],[130.9484,-12.6062,1.8126],[130.9533,-12.5969,4.0309],[130.9481,-12.6084,7.8507],[130.9532,-12.6178,3.8326],[130.9562,-12.6195,6.7056],[130.9572,-12.6309,7.3299],[130.9602,-12.6321,3.118],[130.9668,-12.6298,6.5675],[130.9598,-12.6333,2.0532],[130.9555,-12.6322,0.0],[130.9547,-12.637,6.8236],[130.9453,-12.6379,3.6321],[130.94,-12.63,0.0],[130.9329,-12.6111,0.0],[130.923,-12.6085,0.9306],[130.9222,-12.6104,4.4139],[130.9206,-12.6078,0.0],[130.9166,-12.6062,0.0],[130.9005,-12.6075,0.0],[130.8941,-12.6049,3.3241],[130.8823,-12.6062,0.0],[130.8837,-12.6103,0.0],[130.8815,-12.6176,0.0],[130.8828,-12.6246,1.1647],[130.8869,-12.6254,5.4133],[130.8857,-12.6279,4.6166],[130.8872,-12.63,4.1183],[130.8936,-12.6343,6.6506],[130.8901,-12.6341,2.7112],[130.8906,-12.639099999999999,6.0444],[130.8925,-12.6402,3.8102],[130.8904,-12.6418,2.8317],[130.8992,-12.6465,1.5319],[130.9045,-12.652,4.3517],[130.9052,-12.6558,3.4438],[130.9082,-12.6564,3.3231],[130.9037,-12.658,4.4782],[130.9012,-12.6617,5.1827],[130.8999,-12.6611,0.0],[130.8983,-12.6628,1.9746],[130.8988,-12.6759,5.0527],[130.8952,-12.6825,2.5166],[130.8978,-12.6752,2.1413],[130.8962,-12.665,1.3339],[130.9,-12.6553,2.7289],[130.8948,-12.6507,0.0],[130.8885,-12.6474,0.0],[130.8871,-12.6482,4.2004],[130.8864,-12.6446,0.0],[130.8848,-12.6454,2.8492],[130.8858,-12.6423,0.0],[130.8846,-12.6353,0.0],[130.8798,-12.6313,1.5654],[130.8714,-12.6397,3.5744],[130.8716,-12.6551,6.1788],[130.8698,-12.6587,3.7691],[130.8707,-12.6521,2.0348],[130.8691,-12.6502,1.4282],[130.8688,-12.6411,1.5578],[130.8766,-12.6288,0.0],[130.8705,-12.6209,0.0],[130.8693,-12.6116,1.7834],[130.8622,-12.6143,0.0],[130.859,-12.6174,1.8542],[130.859,-12.6206,3.4766],[130.8571,-12.6173,1.8542],[130.8521,-12.618,0.886],[130.8472,-12.6135,1.194],[130.8468,-12.6102,5.6978],[130.8503,-12.6152,2.5626],[130.8573,-12.6152,0.0],[130.868,-12.6015,0.0],[130.8665,-12.5995,0.0],[130.8672,-12.5966,0.0],[130.8598,-12.5862,0.0],[130.8498,-12.5789,0.0],[130.8493,-12.5738,0.0],[130.8428,-12.5673,0.0],[130.8415,-12.5553,0.0],[130.8361,-12.5543,0.0],[130.8301,-12.5574,0.0],[130.8161,-12.5582,7.402],[130.8171,-12.5636,6.4572],[130.8206,-12.5685,3.9432],[130.8188,-12.5724,4.0268],[130.8195,-12.5755,1.5668],[130.8284,-12.5803,4.3673],[130.8309,-12.5836,5.3339],[130.8309,-12.5875,6.2813],[130.8288,-12.5881,1.6902],[130.8301,-12.5851,5.5618],[130.8255,-12.5799,0.6257],[130.8179,-12.5787,0.6018],[130.8142,-12.582,5.1934],[130.8118,-12.5667,0.0],[130.8103,-12.5648,1.1491],[130.8051,-12.5635,3.7299],[130.8073,-12.5633,0.567],[130.8076,-12.5554,3.145],[130.8094,-12.5557,2.426],[130.8121,-12.5501,0.0],[130.8102,-12.5399,0.0],[130.7999,-12.5393,0.0],[130.7882,-12.5483,8.7822],[130.7868,-12.5542,0.0],[130.7889,-12.5598,4.7299],[130.7919,-12.5612,2.9871],[130.7909,-12.563,1.7472],[130.7944,-12.5723,3.2799],[130.7945,-12.5784,0.8086],[130.788,-12.5834,4.9496],[130.7837,-12.5894,3.0676],[130.7829,-12.593,1.8393],[130.7861,-12.5963,4.288],[130.7856,-12.5995,4.4696],[130.7901,-12.6026,4.4865],[130.7853,-12.6042,1.7737],[130.7838,-12.6086,3.6742],[130.7845,-12.6122,3.9812],[130.7823,-12.6122,2.5006],[130.7804,-12.6169,4.2532],[130.7822,-12.6191,5.3915],[130.7922,-12.6195,3.9167],[130.7919,-12.6219,4.1918],[130.7901,-12.6205,0.0],[130.7823,-12.6208,0.0],[130.7799,-12.6195,1.2915],[130.7787,-12.615,4.9222],[130.7813,-12.6034,0.0],[130.7771,-12.5996,0.8771],[130.7751,-12.6015,5.5666],[130.7747,-12.616,2.1818],[130.7724,-12.6016,0.8485],[130.7674,-12.6017,2.5264],[130.7742,-12.5972,1.5033],[130.7817,-12.5737,0.0],[130.781,-12.562,0.0],[130.7786,-12.5591,0.0],[130.7743,-12.5599,1.4144],[130.7614,-12.5695,1.2362],[130.7557,-12.5784,2.8487],[130.749,-12.584,0.0],[130.7459,-12.585,0.994],[130.7335,-12.5819,0.0],[130.7301,-12.5831,5.9611],[130.7307,-12.5915,3.4891],[130.7348,-12.5982,5.3305],[130.7344,-12.6007,6.416],[130.732,-12.5969,1.1872],[130.7294,-12.5907,2.6394],[130.7293,-12.5816,2.871],[130.7489,-12.58,1.0862],[130.7545,-12.5692,0.0],[130.7676,-12.5596,1.9001],[130.7677,-12.5512,4.2911],[130.7728,-12.5487,0.0],[130.7744,-12.5456,2.1488],[130.774,-12.5422,0.6752],[130.7705,-12.5368,5.883],[130.7725,-12.5319,2.368],[130.7694,-12.5271,4.6961],[130.7772,-12.5204,0.0],[130.7765,-12.5137,3.4988],[130.7785,-12.5096,3.2192],[130.772,-12.5005,1.6426],[130.7714,-12.4939,0.0],[130.7759,-12.4883,0.0],[130.7789,-12.4748,0.0],[130.778,-12.4769,5.3529],[130.7742,-12.4774,6.8739],[130.7699,-12.4817,3.5658],[130.7634,-12.481,0.8049],[130.7616,-12.4825,3.6095],[130.7519,-12.4934,0.0],[130.7436,-12.5115,0.0],[130.7382,-12.518,4.3333],[130.7375,-12.5199,3.2958],[130.739,-12.5216,4.0654],[130.7368,-12.5246,5.4474],[130.7308,-12.5254,1.7657],[130.7278,-12.5288,5.9913],[130.7271,-12.5262,1.2689],[130.7443,-12.5056,0.0],[130.7497,-12.4916,2.7357],[130.7574,-12.4822,2.4774],[130.7584,-12.4716,0.7764],[130.7599,-12.4703,13.0471],[130.7596,-12.464,1.6911],[130.7664,-12.4533,2.896],[130.7673,-12.4431,1.2815],[130.7652,-12.4374,0.0],[130.7592,-12.4366,11.062],[130.7529,-12.4288,0.0],[130.7498,-12.4271,0.9874],[130.742,-12.4268,4.4111],[130.737,-12.429,4.9746],[130.726,-12.4279,0.0],[130.7117,-12.4234,4.6211],[130.7106,-12.4178,0.8054],[130.7057,-12.4141,0.0],[130.695,-12.4164,7.3374],[130.6838,-12.4161,0.0],[130.6721,-12.4098,6.0928],[130.6687,-12.4032,4.502],[130.6614,-12.402,2.9551],[130.6568,-12.3994,1.0115],[130.6543,-12.394,1.459],[130.6516,-12.3926,0.4468],[130.6475,-12.3934,9.6151],[130.6383,-12.389,0.0],[130.6241,-12.3889,1.3633],[130.6206,-12.3863,0.0],[130.6193,-12.3814,0.5369],[130.617,-12.3821,-0.1495],[130.6174,-12.387,1.9575],[130.6116,-12.3931,0.0],[130.6069,-12.3958,0.9219],[130.6047,-12.3948,1.6899],[130.6031,-12.398,6.9786],[130.5915,-12.4039,-0.2038],[130.579,-12.4049,0.2029],[130.5797,-12.4108,2.3596],[130.582,-12.413,5.1207],[130.581,-12.416,0.3583],[130.5836,-12.4207,1.6441],[130.5855,-12.4208,4.545],[130.5873,-12.4252,-1.061],[130.5931,-12.4251,3.7378999999999998],[130.5989,-12.4279,4.69],[130.6019,-12.4269,9.3706],[130.6042,-12.4295,6.186],[130.6122,-12.4318,8.8779],[130.6176,-12.4437,3.4361],[130.6232,-12.4478,5.7806],[130.616,-12.4511,0.7765],[130.6082,-12.4501,1.2627],[130.6045,-12.4528,1.3246],[130.6005,-12.452,0.4092],[130.5929,-12.4553,5.8768],[130.5884,-12.4528,0.8628],[130.581,-12.4626,5.1884],[130.5818,-12.469,9.6537],[130.5868,-12.4711,22.4027],[130.5911,-12.4799,3.9042],[130.6041,-12.4879,8.7873],[130.6041,-12.4971,4.4015],[130.6058,-12.5015,2.4815],[130.5887,-12.5013,3.4708],[130.5874,-12.5096,9.6593],[130.5828,-12.5128,0.2095],[130.5819,-12.5191,8.6317],[130.5805,-12.5195,0.7285],[130.581,-12.5237,1.925],[130.5776,-12.5292,5.8717],[130.578,-12.5348,12.1861],[130.5744,-12.5413,1.6818],[130.5754,-12.5433,6.3695],[130.5717,-12.5485,1.7929],[130.5659,-12.5667,1.7014],[130.5693,-12.572,11.8789],[130.5694,-12.5756,9.2682],[130.5668,-12.5815,0.0],[130.5691,-12.5872,15.632],[130.5684,-12.5901,2.525],[130.5719,-12.5935,3.804],[130.5723,-12.5965,0.0],[130.578,-12.5957,1.494],[130.5821,-12.5924,1.1291],[130.5786,-12.59,0.6843],[130.5845,-12.5907,3.1195],[130.589,-12.5805,1.9744],[130.5914,-12.5835,0.8617],[130.6039,-12.5784,0.9443],[130.6001,-12.5819,4.845],[130.5896,-12.5867,5.3522],[130.5892,-12.5921,0.7152],[130.5975,-12.5992,3.0304],[130.6036,-12.5983,2.5581],[130.612,-12.6015,0.0],[130.6148,-12.6052,5.3953],[130.6166,-12.6121,7.2159],[130.6185,-12.6129,8.6613],[130.6279,-12.6085,3.5055],[130.6315,-12.609,6.1854],[130.6358,-12.6201,1.9123],[130.6441,-12.6238,6.7396],[130.6436,-12.6276,4.4186],[130.6391,-12.6326,7.7107],[130.642,-12.6365,4.1754],[130.6424,-12.6394,3.6178],[130.6412,-12.6442,6.4234],[130.6414,-12.6369,4.1754],[130.6382,-12.6329,8.3286],[130.6429,-12.6252,3.2041],[130.6339,-12.6194,0.0],[130.6311,-12.6114,0.0],[130.629,-12.6106,0.0],[130.6189,-12.6156,1.479],[130.6148,-12.6132,0.0],[130.6108,-12.6056,1.3994],[130.6072,-12.6043,0.0],[130.6059,-12.605,3.4939],[130.6047,-12.6145,4.3551],[130.6002,-12.6164,3.8824],[130.5994,-12.6184,1.3336],[130.5952,-12.6192,1.019],[130.5882,-12.6294,1.2737],[130.5867,-12.638,6.543],[130.5896,-12.6469,6.8003],[130.5888,-12.6544,6.8651],[130.5908,-12.6548,2.4549],[130.5943,-12.6527,5.2795],[130.5962,-12.654,6.8484],[130.5893,-12.6562,2.6346],[130.5865,-12.6605,6.0432],[130.588,-12.6478,1.4015],[130.5851,-12.642,5.3795],[130.5849,-12.6264,5.9895],[130.5828,-12.623,2.907],[130.5596,-12.6265,3.3409],[130.5569,-12.6256,0.0],[130.5499,-12.6161,0.0],[130.5498,-12.6244,1.6367],[130.546,-12.6297,1.2381],[130.5457,-12.6343,2.9715],[130.5511,-12.6355,8.2419],[130.5734,-12.6522,5.9504],[130.5733,-12.6635,6.5002],[130.5775,-12.667,5.1469],[130.5796,-12.6747,7.4924],[130.5859,-12.6844,0.0],[130.59,-12.6765,0.0],[130.595,-12.6755,0.0],[130.5972,-12.6708,5.0911],[130.6064,-12.6728,6.417],[130.6121,-12.6766,0.0],[130.6174,-12.6764,0.7999],[130.6183,-12.6726,0.876],[130.6165,-12.6687,4.7154],[130.619,-12.6712,4.5037],[130.6219,-12.67,3.1095],[130.6225,-12.6723,5.3092],[130.6301,-12.6785,7.0912],[130.6327,-12.6829,5.829],[130.6377,-12.6837,2.5085],[130.633,-12.6849,4.0546],[130.6334,-12.6863,1.6849],[130.6449,-12.6881,0.6618],[130.6483,-12.6855,5.9581],[130.6554,-12.6923,0.5321],[130.658,-12.6905,2.1502],[130.658,-12.6871,4.5895],[130.6607,-12.6921,3.2503],[130.6639,-12.6921,3.0432],[130.6669,-12.6942,0.5424],[130.6677,-12.6913,1.3108],[130.6739,-12.6915,4.9997],[130.6647,-12.7005,7.7547],[130.6663,-12.7036,4.4112],[130.6741,-12.7079,6.289],[130.6844,-12.7068,0.0],[130.6934,-12.698,0.0],[130.7007,-12.6955,1.5824],[130.702,-12.6905,1.3566],[130.7027,-12.6956,1.5824],[130.6933,-12.7003,2.5531],[130.6896,-12.7066,1.289],[130.6791,-12.7135,2.6095],[130.6828,-12.7169,4.1791],[130.6902,-12.7198,0.0],[130.6953,-12.7198,1.0122],[130.7061,-12.711,4.1871],[130.7297,-12.7086,3.1882],[130.7388,-12.7105,2.8941],[130.7282,-12.7109,0.0],[130.7073,-12.7165,3.408],[130.7065,-12.7201,0.0],[130.7082,-12.7227,2.1251],[130.6985,-12.7274,0.0],[130.6976,-12.7319,2.1066],[130.6926,-12.7387,4.7879],[130.6846,-12.7445,4.1115],[130.686,-12.7472,3.9206],[130.6897,-12.7475,5.3794],[130.693,-12.7453,0.9205],[130.6939,-12.7467,1.1007],[130.6891,-12.7515,1.7727],[130.6817,-12.7485,0.3479],[130.6797,-12.7453,4.45],[130.683,-12.7384,0.0],[130.6907,-12.7327,0.0],[130.6871,-12.728,1.6842],[130.6726,-12.7232,1.9348],[130.6691,-12.724,1.5224],[130.6606,-12.7147,3.6986],[130.6496,-12.7131,2.5458],[130.6476,-12.717,6.1744],[130.647,-12.7135,5.3132],[130.6411,-12.7124,0.0],[130.6363,-12.715,2.6366],[130.6301,-12.7152,2.1602],[130.6247,-12.7069,0.0],[130.6215,-12.7052,0.9976],[130.6175,-12.7077,0.4641],[130.6163,-12.7109,5.1727],[130.6221,-12.7183,3.2563],[130.6299,-12.7219,4.6465],[130.6363,-12.7271,2.6112],[130.6377,-12.7408,3.2303],[130.6393,-12.7413,0.0],[130.6399,-12.7393,4.6409],[130.6436,-12.7437,5.4314],[130.6393,-12.7437,4.9351],[130.6346,-12.7594,0.0],[130.6317,-12.7645,4.5163],[130.6247,-12.7697,6.04],[130.6267,-12.7739,6.6724],[130.6352,-12.7742,5.7848],[130.6343,-12.7755,2.414],[130.6243,-12.7751,2.0641],[130.6237,-12.7678,3.2445],[130.6285,-12.7592,3.8624],[130.6285,-12.7566,4.3664],[130.6252,-12.7535,2.4656],[130.6286,-12.7531,3.5912],[130.6309,-12.7453,0.0],[130.6295,-12.7278,0.0],[130.6187,-12.7267,2.4175],[130.6103,-12.7223,0.379],[130.6025,-12.7278,0.0],[130.605,-12.7327,7.5214],[130.5997,-12.7303,5.6322],[130.5998,-12.7291,7.0389],[130.607,-12.7225,1.2555],[130.6077,-12.7199,2.1109],[130.6045,-12.7182,1.2303],[130.596,-12.718,2.2752],[130.5945,-12.7255,4.9956],[130.5868,-12.7287,3.887],[130.5851,-12.7319,0.0],[130.5853,-12.7339,0.0],[130.5911,-12.7392,1.4433],[130.5846,-12.7353,0.9329],[130.5805,-12.7392,1.0599],[130.5795,-12.7424,5.7401],[130.5783,-12.7396,0.7839],[130.5699,-12.7438,5.0201],[130.5695,-12.7399,1.3368],[130.5736,-12.7396,0.476],[130.5807,-12.7339,1.9372],[130.5833,-12.7192,2.6438],[130.5805,-12.7143,0.0],[130.5758,-12.7135,2.8664],[130.5726,-12.7077,0.0],[130.5672,-12.7064,1.7289],[130.5637,-12.7069,1.3899],[130.5603,-12.7097,6.2838],[130.561,-12.7172,6.0627],[130.5586,-12.7186,5.1633],[130.5599,-12.7049,0.0],[130.5573,-12.702,3.4088],[130.5545,-12.7025,0.0],[130.5422,-12.7131,4.5113],[130.5427,-12.7169,4.6537],[130.5408,-12.7138,1.0133],[130.5382,-12.7135,2.3499],[130.5358,-12.719,2.0962],[130.5359,-12.7134,1.4414],[130.5267,-12.7089,0.0],[130.5206,-12.7035,1.6948],[130.5114,-12.7103,5.9352],[130.5115,-12.7166,9.7187],[130.5154,-12.7227,4.2591],[130.5268,-12.7221,2.9716],[130.5311,-12.7249,3.0049],[130.5301,-12.7301,6.1926],[130.5253,-12.7343,4.5943],[130.5295,-12.7409,3.5897],[130.5338,-12.7397,2.756],[130.531,-12.7422,2.5627],[130.5277,-12.7402,3.9875],[130.5243,-12.7341,4.5943],[130.5294,-12.7281,0.0],[130.5294,-12.725,2.4938],[130.5262,-12.724,0.0],[130.5238,-12.7258,5.8433],[130.5175,-12.7256,1.3504],[130.5206,-12.7332,4.4448],[130.5173,-12.742,2.3872],[130.5178,-12.7466,5.8533],[130.5209,-12.7505,5.0865],[130.5192,-12.7501,3.4495],[130.5164,-12.746,3.6078],[130.5154,-12.7405,3.6043],[130.5182,-12.7315,0.0],[130.5061,-12.715,2.3765],[130.5012,-12.718,5.0896],[130.5183,-12.6914,0.0],[130.5184,-12.6809,0.0],[130.5136,-12.6678,0.0],[130.5089,-12.6644,0.0],[130.496,-12.666,0.0],[130.4948,-12.6684,5.3588],[130.4921,-12.6673,0.4127],[130.491,-12.662,1.1105],[130.4717,-12.6505,7.6735],[130.4664,-12.6433,0.5486],[130.4609,-12.6392,0.9137],[130.4551,-12.6396,4.0217],[130.453,-12.6442,3.9067],[130.4504,-12.6425,0.3981],[130.4466,-12.643,5.3542],[130.4447,-12.6455,4.242],[130.44,-12.6342,0.0],[130.4386,-12.6337,0.4285],[130.4341,-12.6359,0.0],[130.4326,-12.6393,0.0],[130.4279,-12.643,5.0868],[130.4215,-12.644,0.6369],[130.4203,-12.6454,1.6661],[130.4243,-12.6531,0.0],[130.4245,-12.657,2.1568],[130.4142,-12.6645,0.0],[130.4128,-12.6635,0.0],[130.4112,-12.6651,3.2976],[130.4096,-12.6635,6.1116],[130.4134,-12.6586,1.846],[130.4128,-12.6556,0.0],[130.3936,-12.6623,2.6588],[130.3929,-12.6647,3.145],[130.3983,-12.6714,3.3074],[130.3965,-12.6801,1.5036],[130.4026,-12.6868,0.6985],[130.4055,-12.6853,3.1857],[130.4049,-12.687,3.2894],[130.4072,-12.693,2.5202],[130.4041,-12.7015,0.0],[130.3928,-12.6907,3.0614],[130.3897,-12.685,6.8028],[130.3789,-12.6777,0.0],[130.3725,-12.682,4.3006],[130.3738,-12.6786,1.985],[130.3647,-12.6777,3.2034],[130.3573,-12.6714,1.0364],[130.354,-12.6697,6.2504],[130.352,-12.6703,2.7608],[130.3477,-12.6885,0.037],[130.3486,-12.6894,0.037],[130.3468,-12.6993,0.0],[130.3485,-12.705,0.0],[130.3463,-12.7152,0.0354],[130.3539,-12.7255,2.3149],[130.3562,-12.7348,0.0],[130.352,-12.7632,2.348],[130.3531,-12.7717,3.7106],[130.356,-12.7754,0.0],[130.3528,-12.7954,0.0],[130.3542,-12.8012,1.6154],[130.358,-12.8041,6.8177],[130.3583,-12.8072,1.9308],[130.3475,-12.8482,2.1052],[130.3332,-12.8811,0.0],[130.3338,-12.8828,0.0],[130.3389,-12.8847,3.4252],[130.3382,-12.8901,0.0],[130.3322,-12.8951,0.0],[130.3219,-12.8992,3.4234],[130.3208,-12.8983,3.4234],[130.3145,-12.9025,0.7558],[130.3029,-12.9166,2.2529],[130.2953,-12.9201,4.937],[130.2948,-12.9221,0.0],[130.2897,-12.9235,0.0],[130.2795,-12.9325,1.8386],[130.2711,-12.935,0.7587],[130.2608,-12.9419,0.9093],[130.2494,-12.9453,0.0],[130.2498,-12.9467,1.285],[130.2471,-12.9484,3.8909],[130.2451,-12.9483,3.5011],[130.2456,-12.9465,2.7237],[130.2214,-12.9493,0.0],[130.2132,-12.947,0.0],[130.2033,-12.9408,1.4388],[130.1926,-12.9278,0.1686],[130.1916,-12.9223,3.5584],[130.1938,-12.9105,1.3958],[130.19,-12.9136,3.3753],[130.1861,-12.9143,6.4316],[130.1758,-12.9103,3.372],[130.1677,-12.9174,7.6169],[130.1591,-12.9292,1.2957],[130.1514,-12.932,6.0534],[130.1455,-12.9309,3.3464],[130.1411,-12.9335,5.9807],[130.1393,-12.9504,4.4481],[130.1297,-12.9653,4.348],[130.1282,-12.9737,0.0],[130.1283,-12.9791,0.0],[130.1303,-12.9822,2.2286],[130.1346,-12.9851,0.1705],[130.138,-12.9853,1.2159],[130.141,-12.9942,8.2829],[130.1412,-13.0007,6.2104],[130.1302,-13.0287,4.7338],[130.1309,-13.0329,10.2034],[130.1293,-13.0334,2.4946],[130.1284,-13.0496,0.0],[130.1221,-13.068,2.2426],[130.1201,-13.0794,0.0],[130.1203,-13.0898,0.0],[130.1339,-13.1045,6.4019],[130.134,-13.1075,2.4384],[130.1282,-13.12,0.0],[130.1189,-13.1334,3.9549],[130.1174,-13.1447,0.0],[130.1187,-13.1526,6.0427],[130.1162,-13.1641,0.0],[130.1189,-13.1681,0.0],[130.1268,-13.1721,6.0037],[130.1305,-13.1765,0.0],[130.1538,-13.1737,2.2068],[130.1603,-13.1751,3.2814],[130.1642,-13.178,4.3972],[130.1649,-13.1812,2.6422],[130.1752,-13.1909,2.1495],[130.1886,-13.2079,8.1705],[130.1994,-13.2177,7.2623],[130.1986,-13.2191,10.4235],[130.2116,-13.2314,9.0135],[130.2252,-13.2492,2.6499],[130.2306,-13.2697,3.8778],[130.2397,-13.2825,5.9968],[130.2465,-13.2863,6.6668],[130.2451,-13.2877,4.4168],[130.246,-13.289,5.7092],[130.248,-13.2885,4.6431],[130.2841,-13.3058,1.4269],[130.2813,-13.314,0.0],[130.2779,-13.3349,4.2344],[130.2697,-13.3327,0.0],[130.2502,-13.3341,7.1206],[130.2422,-13.3358,0.0],[130.2355,-13.3397,0.0],[130.2247,-13.3509,0.0],[130.2144,-13.3682,0.0],[130.2062,-13.3731,2.9188],[130.1998,-13.373,6.028],[130.1984,-13.3742,0.0],[130.1905,-13.3934,27.3811],[130.1822,-13.4086,30.0329],[130.1575,-13.4427,3.1648],[130.1416,-13.4571,3.0996],[130.1252,-13.4662,0.0],[130.1173,-13.4659,0.0],[130.1129,-13.4606,0.0],[130.1088,-13.4603,3.8625],[130.1064,-13.4563,5.3097],[130.072,-13.4904,2.0279],[130.0641,-13.5037,3.8079],[130.0615,-13.4996,0.0],[130.0587,-13.4994,0.0],[130.0424,-13.5155,11.3517],[130.0193,-13.5288,4.0448],[130.0133,-13.5282,0.0],[130.0125,-13.531,1.6803],[130.0084,-13.5333,10.524],[130.0006,-13.534,2.2919],[129.9998,-13.5329,0.0],[130.0032,-13.532,0.0],[130.0021,-13.5305,0.0],[129.9992,-13.5312,0.0],[129.9953,-13.5354,0.0],[129.9905,-13.5361,0.0],[129.9729,-13.5353,3.4891],[129.9843,-13.5347,0.8836],[129.984,-13.5336,0.4936],[129.9767,-13.5333,1.566],[129.9568,-13.5358,0.0],[129.9485,-13.5318,2.7148],[129.9286,-13.5283,4.1483],[129.9241,-13.5213,1.0931],[129.9216,-13.5212,0.0],[129.9151,-13.5162,0.0],[129.9099,-13.5143,2.8314],[129.9005,-13.4986,0.4174],[129.9013,-13.4952,1.6651],[129.9,-13.4919,6.9626],[129.9026,-13.4877,0.0],[129.8999,-13.4779,19.1733],[129.9015,-13.4702,12.0955],[129.899,-13.468,18.9409],[129.8976,-13.4636,7.6577],[129.9007,-13.4604,0.3277],[129.8965,-13.4565,3.205],[129.8975,-13.4534,1.1909],[129.8952,-13.4503,2.1412],[129.8959,-13.4477,11.3758],[129.8981,-13.4472,3.5306],[129.8974,-13.4404,2.6803],[129.8915,-13.4431,1.4809],[129.8844,-13.4532,14.8205],[129.8837,-13.4581,7.3274],[129.8784,-13.4602,9.2188],[129.8774,-13.4664,8.3687],[129.8694,-13.4798,3.6652],[129.8711,-13.4834,3.8323],[129.8687,-13.4876,5.4489],[129.8712,-13.4934,0.9455],[129.8793,-13.4994,5.197],[129.8797,-13.5021,2.3425],[129.885,-13.5014,8.348],[129.8853,-13.5032,7.4632],[129.8825,-13.5018,6.2959],[129.8782,-13.5045,1.8837],[129.8786,-13.503,1.8837],[129.8756,-13.5024,0.7977],[129.8732,-13.4991,0.0],[129.8641,-13.5012,0.0],[129.8544,-13.5076,0.0],[129.8472,-13.5097,1.6484],[129.8312,-13.5115,3.1703],[129.8261,-13.5102,2.0121],[129.8236,-13.5069,0.5359],[129.8231,-13.5024,0.0],[129.8193,-13.501,1.5011],[129.8173,-13.5018,3.3793],[129.8166,-13.5068,3.8196],[129.8232,-13.5099,1.5315],[129.8277,-13.5181,0.0],[129.8323,-13.5567,0.0],[129.8348,-13.5612,0.0],[129.8319,-13.5633,0.0],[129.828,-13.5796,0.0],[129.8143,-13.6161,7.0317],[129.7902,-13.6669,5.2686],[129.7897,-13.677,12.5871],[129.7858,-13.6929,0.0],[129.784,-13.7201,1.7548],[129.7891,-13.7228,5.1633],[129.7914,-13.7318,4.1147],[129.7851,-13.7682,0.0],[129.7893,-13.7768,0.0],[129.794,-13.7792,0.0],[129.7948,-13.7895,0.0],[129.7863,-13.7879,0.0],[129.7818,-13.7894,1.1331],[129.7739,-13.7961,0.8491],[129.7623,-13.8114,22.4209],[129.74,-13.8269,4.6209],[129.7314,-13.8396,3.0892],[129.7226,-13.8479,2.4913],[129.7193,-13.8618,7.8331],[129.72,-13.8666,6.2572],[129.7155,-13.8789,3.433],[129.7151,-13.8935,2.4278],[129.7169,-13.8963,0.0],[129.7194,-13.8976,1.1693],[129.7264,-13.8964,0.0],[129.7351,-13.8972,1.4403],[129.7412,-13.9061,0.0],[129.7426,-13.9141,1.0697],[129.7473,-13.9192,5.9085],[129.746,-13.929,11.7396],[129.7486,-13.9357,1.9116],[129.7459,-13.947,11.8219],[129.7509,-13.9495,7.065],[129.7524,-13.9522,7.2665],[129.7464,-13.969,2.4419],[129.746,-13.9751,1.8046],[129.7421,-13.9757,10.5685],[129.74,-13.9826,5.4078],[129.7316,-13.9923,1.5676],[129.7248,-14.0069,0.0],[129.7265,-14.0082,3.3488],[129.7213,-14.0134,3.0242],[129.7125,-14.017,2.3127],[129.7073,-14.0145,3.3409],[129.7,-14.021,2.1634],[129.6964,-14.0196,9.1002],[129.6809,-14.0297,16.6341],[129.6655,-14.0355,0.2387],[129.6556,-14.043,6.645],[129.6409,-14.0472,0.9077],[129.6287,-14.0459,0.0],[129.6205,-14.042,0.0],[129.6182,-14.0382,2.2727],[129.6144,-14.0384,1.8467],[129.6093,-14.0356,0.6796],[129.6005,-14.0238,0.7006],[129.6017,-14.0172,5.6461],[129.5998,-14.0112,0.1362],[129.5981,-14.0111,1.4618],[129.5961,-14.026,6.7618],[129.5906,-14.0329,0.2967],[129.5971,-14.0352,2.5096],[129.5976,-14.038,0.5798],[129.6117,-14.0536,0.1902],[129.6122,-14.0577,3.449],[129.6093,-14.0696,2.6671],[129.5988,-14.0825,0.8569],[129.5962,-14.0834,2.9323],[129.5949,-14.0912,1.9081],[129.5902,-14.0911,3.0892],[129.5905,-14.0874,0.0],[129.5888,-14.0872,0.0],[129.5851,-14.0903,0.0],[129.5853,-14.0919,0.0],[129.5822,-14.0928,0.9557],[129.5793,-14.0858,0.0],[129.5725,-14.0815,0.3915],[129.5672,-14.0839,0.3838],[129.5588,-14.0955,3.5219],[129.5548,-14.1119,3.5554],[129.5567,-14.1422,1.336],[129.542,-14.1445,5.5108],[129.5389,-14.1377,0.0],[129.5345,-14.1344,0.0],[129.53,-14.1344,0.3226],[129.5277,-14.13,4.5712],[129.5298,-14.1285,0.0],[129.5317,-14.1233,6.5553],[129.5305,-14.1142,2.8548],[129.5322,-14.1064,1.2708],[129.5365,-14.0979,3.4615],[129.5415,-14.0951,3.4636],[129.5422,-14.0911,0.0],[129.5399,-14.0862,0.9357],[129.5351,-14.0814,6.5211],[129.5357,-14.0755,10.545],[129.5386,-14.0705,1.9072],[129.538,-14.0625,0.0871],[129.5356,-14.0584,0.0017],[129.5344,-14.0606,0.4179],[129.5339,-14.0569,7.8513],[129.5251,-14.0523,0.6686],[129.5255,-14.0553,0.8139],[129.5289,-14.0552,4.015],[129.5281,-14.058,9.1488],[129.5175,-14.0678,2.4965],[129.5185,-14.072,3.467],[129.5158,-14.0754,2.6583],[129.5172,-14.0695,0.7477],[129.5141,-14.0704,1.2676],[129.506,-14.0683,4.3622],[129.5066,-14.0671,0.4612],[129.5049,-14.0671,1.1441],[129.4981,-14.0606,3.0476],[129.4914,-14.0474,0.0],[129.4855,-14.0459,-0.0099],[129.4797,-14.0473,0.484],[129.4775,-14.0509,0.3489],[129.4815,-14.0551,-0.0075],[129.482,-14.0529,7.3068],[129.4836,-14.0535,6.0296],[129.4865,-14.0583,0.8777],[129.4863,-14.0785,0.6732],[129.4914,-14.0757,6.8081],[129.4995,-14.079,11.1862],[129.5025,-14.0882,0.0],[129.5025,-14.102,0.0],[129.5061,-14.1044,4.7482],[129.5079,-14.1036,5.8834],[129.5049,-14.1084,7.5222],[129.5055,-14.1052,2.3629],[129.5032,-14.1042,0.0],[129.5015,-14.1053,0.6785],[129.4983,-14.1165,0.0],[129.501,-14.1205,1.1655],[129.5068,-14.1244,0.0],[129.5079,-14.1242,1.6864],[129.5068,-14.1225,0.7585],[129.5088,-14.1232,1.6864],[129.512,-14.127,7.4256],[129.5081,-14.1275,3.4493],[129.5088,-14.1305,5.0449],[129.5071,-14.1332,8.1198],[129.5034,-14.1314,5.0675],[129.5009,-14.1278,0.0],[129.4964,-14.1279,0.0],[129.4879,-14.1419,0.0],[129.4722,-14.1769,5.781],[129.4642,-14.1884,4.371],[129.4639,-14.1937,0.0],[129.4568,-14.1957,0.0],[129.4532,-14.1912,0.0],[129.4488,-14.1975,0.0],[129.4418,-14.2132,4.2867],[129.4311,-14.2264,1.4083],[129.4222,-14.2327,0.5361],[129.4204,-14.2322,2.0097],[129.4217,-14.2311,0.0],[129.4157,-14.2301,1.934],[129.4093,-14.2359,0.8426],[129.4115,-14.2415,3.9742],[129.4076,-14.2473,0.0],[129.4096,-14.2494,2.5677],[129.41,-14.2581,0.1203],[129.4126,-14.2636,7.3886],[129.4116,-14.2795,0.0],[129.4158,-14.2755,5.0974],[129.4184,-14.2771,4.4533],[129.418,-14.2797,11.3564],[129.4159,-14.2782,1.6435],[129.4145,-14.2825,0.0],[129.4162,-14.2883,0.0],[129.4196,-14.2895,6.1877],[129.4194,-14.2911,4.9598],[129.418,-14.2926,4.9894],[129.4186,-14.2902,3.8221],[129.4118,-14.2873,0.0],[129.4105,-14.2883,6.1985],[129.3935,-14.3168,1.1996],[129.3863,-14.3226,0.0],[129.3819,-14.3218,5.5523],[129.3749,-14.3312,0.6717],[129.3689,-14.3337,4.9576],[129.367,-14.3381,1.3866],[129.3667,-14.3397,1.3611],[129.3723,-14.3443,2.9317],[129.3735,-14.347,4.7639],[129.3739,-14.3547,6.045],[129.3698,-14.3646,5.7959],[129.3702,-14.3667,6.049],[129.3607,-14.3825,3.9149],[129.3598,-14.3926,7.325],[129.3617,-14.3983,7.8885],[129.3556,-14.4188,3.7572],[129.3568,-14.4236,0.2737],[129.3667,-14.424,6.9069],[129.3693,-14.4203,0.9563],[129.3793,-14.4194,1.6868],[129.3886,-14.4216,0.0289],[129.3979,-14.4265,0.0],[129.4018,-14.4219,2.7212],[129.398,-14.4182,3.4891],[129.3978,-14.4161,1.9305],[129.4024,-14.4215,4.9666],[129.4006,-14.4283,0.0],[129.4069,-14.4327,0.8219],[129.4099,-14.4379,0.0],[129.4129,-14.4391,1.0903],[129.4133,-14.4418,0.8559],[129.4162,-14.4431,-0.1799],[129.4207,-14.4499,4.9555],[129.4182,-14.4497,0.0],[129.4193,-14.4541,4.8623],[129.4182,-14.4587,0.0],[129.4199,-14.4617,1.0889],[129.4216,-14.4606,8.8157],[129.4227,-14.4673,1.2593],[129.4344,-14.4788,0.5891],[129.4446,-14.476,4.4314],[129.4462,-14.4772,4.128],[129.4432,-14.4786,0.0],[129.4474,-14.4831,0.0],[129.4493,-14.4819,2.4233],[129.4512,-14.4836,0.0],[129.4516,-14.4873,5.7264],[129.4472,-14.4897,0.0],[129.4493,-14.4918,0.2025],[129.45,-14.4969,2.0035],[129.4474,-14.4996,0.0],[129.4497,-14.5001,1.612],[129.451,-14.5037,0.0277],[129.4532,-14.5051,0.1963],[129.4643,-14.4982,0.1381],[129.4693,-14.4979,0.0],[129.4734,-14.4941,0.703],[129.4745,-14.491,0.0],[129.4728,-14.4718,0.0],[129.4686,-14.4606,1.953],[129.4586,-14.4493,1.4401],[129.454,-14.4464,3.2682],[129.4577,-14.4469,1.093],[129.4626,-14.4511,3.3986],[129.4648,-14.4418,2.5874],[129.464,-14.4515,4.6526],[129.47,-14.4582,0.0],[129.4817,-14.4496,2.813],[129.4807,-14.4529,4.5621],[129.4732,-14.4566,2.1064],[129.4719,-14.4594,0.5581],[129.4758,-14.4712,1.4056],[129.4775,-14.4954,0.2687],[129.4814,-14.4981,1.9957],[129.4827,-14.5009,2.1511],[129.4966,-14.4907,3.586],[129.5069,-14.4717,3.3885],[129.5042,-14.4666,4.2166],[129.4996,-14.463,3.2183],[129.4932,-14.4647,4.4729],[129.4904,-14.4602,3.386],[129.4937,-14.462,1.3888],[129.4989,-14.4609,3.3747],[129.5023,-14.4622,2.0283],[129.5064,-14.4664,0.6799],[129.5089,-14.472,0.9306],[129.5231,-14.4656,4.0788],[129.5137,-14.4719,1.5429],[129.5168,-14.4744,2.6587],[129.5121,-14.4727,0.0],[129.5081,-14.4748,3.1963],[129.5012,-14.4908,3.5634],[129.4923,-14.4979,0.0],[129.4882,-14.5033,0.0],[129.4945,-14.5076,4.0783],[129.494,-14.5098,0.4605],[129.4966,-14.511,2.5867],[129.4954,-14.5133,0.1258],[129.4967,-14.5147,0.0],[129.5103,-14.5253,1.4025],[129.5108,-14.5286,0.0],[129.5143,-14.5301,3.5491],[129.5193,-14.5425,0.1993],[129.5216,-14.5446,1.081],[129.5214,-14.5468,0.0],[129.5263,-14.5523,0.0],[129.5318,-14.5478,6.5977],[129.5522,-14.5514,0.0],[129.5569,-14.5508,3.4718],[129.5576,-14.5533,0.0],[129.5603,-14.5541,1.1576],[129.5597,-14.5572,0.0],[129.5668,-14.5625,0.0],[129.5811,-14.5655,0.0],[129.5848,-14.5641,0.0],[129.5866,-14.5664,0.0],[129.5945,-14.5677,0.0],[129.6102,-14.5681,0.0],[129.6538,-14.5797,0.0],[129.6693,-14.5805,1.7011],[129.6755,-14.5788,0.0],[129.6877,-14.5698,2.1379],[129.7011,-14.5636,0.0],[129.7626,-14.5446,1.0],[129.7715,-14.5387,1.921],[129.7754,-14.5442,1.0],[129.7739,-14.5476,2.3254],[129.7563,-14.5648,6.4796],[129.7549,-14.5673,1.6644],[129.7563,-14.5697,1.5093],[129.7519,-14.569,0.5],[129.7474,-14.5751,0.0],[129.7412,-14.5791,1.5131],[129.7375,-14.5777,0.0],[129.7303,-14.5779,0.0],[129.7189,-14.5828,0.7334],[129.713,-14.5921,1.3132],[129.6924,-14.6128,1.8764],[129.679,-14.6138,1.362],[129.6667,-14.6114,1.7618],[129.6368,-14.6106,1.1059],[129.6126,-14.6132,2.8609],[129.6078,-14.6151,0.5553],[129.5869,-14.613,0.0],[129.5836,-14.6162,0.0],[129.5812,-14.6239,0.0],[129.5807,-14.6379,0.0],[129.5811,-14.6411,0.0],[129.5842,-14.6432,0.0],[129.5892,-14.6613,0.0],[129.5978,-14.6744,1.2169],[129.6096,-14.6795,1.2106],[129.6174,-14.6786,0.3315],[129.6193,-14.6797,0.0],[129.6235,-14.6888,0.4312],[129.6337,-14.6981,0.0],[129.6367,-14.7053,0.0],[129.6449,-14.7153,0.0],[129.6538,-14.7224,0.9362],[129.6647,-14.7261,0.0],[129.6673,-14.7327,1.6681],[129.6628,-14.7346,0.8755],[129.6622,-14.7462,0.6039],[129.6659,-14.7555,3.7494],[129.6726,-14.7608,1.9096],[129.6724,-14.7635,0.0],[129.6928,-14.7705,7.4814],[129.7099,-14.7788,4.2638],[129.712,-14.7831,2.0552],[129.7162,-14.7866,0.0],[129.7246,-14.7915,0.0],[129.7344,-14.794,0.0],[129.7515,-14.7874,4.7506],[129.7585,-14.782,1.1601],[129.7614,-14.7851,3.8884],[129.7747,-14.7831,0.0],[129.7732,-14.7774,0.8799],[129.776,-14.7713,7.5875],[129.7859,-14.7652,7.0541],[129.7941,-14.7564,5.5075],[129.7982,-14.7573,4.875],[129.7968,-14.763,1.5],[129.8007,-14.7668,4.0907],[129.8081,-14.7635,2.2877],[129.81,-14.7603,4.175],[129.81,-14.7633,4.7177],[129.806,-14.7652,7.0577],[129.8061,-14.7675,3.8342],[129.804,-14.7694,1.0],[129.7995,-14.768,4.2188],[129.7938,-14.7691,1.0],[129.7915,-14.7745,5.924],[129.7955,-14.7753,4.5724],[129.7862,-14.78,0.0],[129.7768,-14.7954,3.7145],[129.773,-14.7979,0.924],[129.7541,-14.803,4.7876],[129.7495,-14.8097,0.0],[129.7494,-14.8155,1.4784],[129.7565,-14.8236,10.8995],[129.7636,-14.8249,0.0],[129.769,-14.828,0.0],[129.7846,-14.8271,3.4846],[129.7918,-14.8218,0.9563],[129.8008,-14.8189,2.4841],[129.8127,-14.8229,1.0643],[129.8107,-14.8204,2.6414],[129.8116,-14.8193,5.7513],[129.8212,-14.8182,0.0],[129.8359,-14.8133,0.0],[129.8349,-14.8097,0.0],[129.8373,-14.8043,3.7958],[129.855,-14.7869,0.944],[129.8683,-14.7762,3.8996],[129.8774,-14.7723,3.6025],[129.8899,-14.7703,5.7509],[129.9028,-14.7732,10.9826],[129.9023,-14.7811,0.0],[129.8923,-14.7855,28.6154],[129.8826,-14.7994,1.3279],[129.8781,-14.8018,5.2402],[129.8717,-14.7992,0.0],[129.864,-14.8017,7.5543],[129.8644,-14.8106,2.6925],[129.8687,-14.8079,7.8876],[129.8763,-14.8069,2.4674],[129.8856,-14.8139,1.7332],[129.8814,-14.8201,3.8442],[129.8732,-14.8192,0.0],[129.8514,-14.8262,0.0],[129.8461,-14.8297,0.0],[129.8535,-14.8411,19.8977],[129.8501,-14.8433,1.9885],[129.8437,-14.8432,4.9022],[129.8215,-14.8535,1.8193],[129.8025,-14.858,3.536],[129.7957,-14.8569,1.7279],[129.7865,-14.8516,10.2055],[129.7757,-14.8486,1.8384],[129.7717,-14.849,1.3335],[129.768,-14.8453,4.1836],[129.7682,-14.8414,17.1199],[129.7635,-14.8443,3.3551],[129.7436,-14.85,0.9554],[129.7446,-14.8523,5.003],[129.7386,-14.8506,0.7141],[129.711,-14.8524,2.2586],[129.6883,-14.8481,2.8865],[129.6849,-14.8488,1.5628],[129.6583,-14.8363,3.61],[129.6486,-14.8344,0.4408],[129.644,-14.8356,0.0],[129.6437,-14.8418,2.142],[129.6321,-14.8439,1.5616],[129.6261,-14.834,3.9769],[129.6176,-14.8255,1.394],[129.5829,-14.7996,0.7054],[129.5775,-14.7983,0.0],[129.5745,-14.8008,0.0],[129.5741,-14.8068,0.0],[129.581,-14.8223,2.2799],[129.5862,-14.8394,3.9313],[129.5994,-14.8561,0.8677],[129.6125,-14.8633,2.9441],[129.6171,-14.8695,5.1062],[129.6184,-14.8756,7.2246],[129.618,-14.8816,0.0],[129.6063,-14.887,3.31],[129.5921,-14.891,0.0],[129.5844,-14.878,3.2434],[129.5756,-14.8563,1.365],[129.57,-14.8476,0.0],[129.5663,-14.845,3.5864],[129.5642,-14.8407,2.394],[129.5566,-14.8326,0.0],[129.5501,-14.8284,8.4623],[129.5483,-14.8241,1.6883],[129.5338,-14.8068,0.0],[129.5062,-14.7888,0.0],[129.4997,-14.7901,0.0],[129.4984,-14.7943,0.0],[129.5003,-14.8032,0.0],[129.5061,-14.8083,0.0],[129.5077,-14.8131,2.1548],[129.5144,-14.82,2.61],[129.5304,-14.8439,0.5018],[129.5379,-14.8625,0.0],[129.5365,-14.869,1.1924],[129.5455,-14.8787,0.9055],[129.5479,-14.8785,3.0994],[129.547,-14.8811,3.4684],[129.5549,-14.895,1.9475],[129.5706,-14.9181,2.1127],[129.5839,-14.9421,3.1021],[129.5902,-14.9621,3.282],[129.5932,-14.9671,0.0],[129.5981,-14.9697,1.6533],[129.5981,-14.9713,0.0],[129.5995,-14.9704,1.6533],[129.5964,-14.9569,0.0],[129.6085,-14.9477,1.163],[129.6194,-14.9486,0.0],[129.623,-14.9533,0.0],[129.6246,-14.9715,4.7801],[129.6206,-14.9894,3.7429],[129.6211,-14.9986,5.0167],[129.6353,-15.0329,2.8418],[129.6396,-15.0341,2.3811],[129.6543,-15.0234,4.9167],[129.6586,-15.0242,5.1234],[129.6633,-15.0281,0.5],[129.664,-15.0301,1.5859],[129.6611,-15.0342,2.8598],[129.6582,-15.0344,8.1089],[129.6573,-15.0323,1.7486],[129.6553,-15.0323,5.8193],[129.6486,-15.0408,6.9406],[129.6405,-15.0422,2.7166],[129.6414,-15.0577,3.9264],[129.6398,-15.0712,4.5333],[129.6416,-15.079,5.2331],[129.6524,-15.0993,2.5961],[129.6689,-15.1179,3.9024],[129.6857,-15.131,7.1295],[129.685,-15.1427,0.5],[129.683,-15.1446,1.6349],[129.6709,-15.1485,1.2904],[129.6567,-15.1395,0.5],[129.6404,-15.1366,0.5],[129.6297,-15.1387,0.5],[129.6262,-15.138,0.5],[129.6228,-15.1432,2.1189],[129.6117,-15.1537,0.5],[129.5893,-15.1537,1.0],[129.5789,-15.1556,1.5],[129.5767,-15.1581,1.5],[129.5763,-15.1616,4.9657],[129.5702,-15.1691,5.4699],[129.5694,-15.1773,2.763],[129.5636,-15.1799,2.6605],[129.5573,-15.1705,3.0981],[129.5602,-15.1551,1.5],[129.5635,-15.1504,1.5],[129.5662,-15.1491,3.5045],[129.5712,-15.1501,1.5],[129.5858,-15.142,1.5566],[129.6022,-15.1289,1.252],[129.6056,-15.1189,2.8426],[129.6028,-15.1144,0.5],[129.6039,-15.108,0.5],[129.5873,-15.0856,0.0],[129.5794,-15.0783,0.0],[129.5711,-15.0642,0.0],[129.5607,-15.0538,0.0],[129.5582,-15.0537,2.1441],[129.5561,-15.0487,0.0],[129.5376,-15.0339,2.7636],[129.5248,-15.0281,2.778],[129.526,-15.0186,0.6201],[129.5223,-15.0057,3.8339],[129.5063,-14.979,3.9943],[129.4961,-14.9665,3.6082],[129.4825,-14.9411,0.0],[129.4749,-14.9366,3.3422],[129.4633,-14.9347,3.978],[129.4591,-14.9307,3.4086],[129.4453,-14.9269,3.8244],[129.4353,-14.9214,2.5364],[129.4312,-14.9218,3.4655],[129.4095,-14.9176,3.9377],[129.4086,-14.9249,3.4445],[129.4081,-14.9178,0.7966],[129.4016,-14.9167,2.9685],[129.4001,-14.9141,0.0],[129.3922,-14.9091,0.0],[129.3805,-14.909,0.0],[129.3779,-14.9068,0.0],[129.3673,-14.9032,2.3439],[129.3646,-14.894,2.3656],[129.3597,-14.8883,4.0268],[129.36,-14.8854,0.0],[129.3501,-14.8737,0.0],[129.3471,-14.8724,0.2047],[129.3408,-14.8739,3.2185],[129.3389,-14.8721,2.895],[129.3349,-14.873,3.9727],[129.3346,-14.8681,0.9602],[129.3292,-14.8648,4.5908],[129.3227,-14.8639,1.7428],[129.3174,-14.8595,0.1325],[129.3042,-14.8567,0.0],[129.2902,-14.8573,0.0],[129.2671,-14.8649,0.9217],[129.2573,-14.865,2.6498],[129.2623,-14.8563,0.0],[129.2629,-14.8501,0.0],[129.2576,-14.8472,0.0],[129.2439,-14.8453,0.0],[129.2408,-14.8526,3.1432],[129.2432,-14.8413,1.625],[129.2376,-14.8404,0.0],[129.2377,-14.8392,0.0],[129.2284,-14.8394,0.0],[129.2253,-14.8406,0.0],[129.2217,-14.8459,3.8275],[129.2217,-14.8554,0.0],[129.2289,-14.8697,2.571],[129.232,-14.8964,2.0234],[129.2418,-14.9107,2.1112],[129.2399,-14.9133,2.6526],[129.2361,-14.9124,2.3804],[129.2349,-14.9141,0.0],[129.2339,-14.9244,0.6934],[129.233,-14.9572,0.0],[129.2408,-14.9804,0.0],[129.2414,-14.9865,0.0],[129.2383,-14.9987,3.5682],[129.2328,-15.0038,1.2567],[129.2335,-15.0083,2.4492],[129.2363,-15.0136,1.137],[129.2511,-15.0191,0.9494],[129.2651,-15.0329,7.9773],[129.2813,-15.0268,2.006],[129.2931,-15.0405,2.0928],[129.2995,-15.0356,2.5004],[129.3016,-15.0365,2.9029],[129.293,-15.0418,3.1195],[129.2844,-15.0341,2.8859],[129.2813,-15.029,1.7876],[129.2782,-15.0293,1.3762],[129.2713,-15.0338,7.9739],[129.2616,-15.0435,7.2179],[129.2563,-15.062,7.059],[129.2549,-15.0577,6.066],[129.2569,-15.048,7.5189],[129.2619,-15.0384,7.2373],[129.2583,-15.0342,0.0],[129.256,-15.034,0.0],[129.2543,-15.037,1.2536],[129.2553,-15.0484,2.5206],[129.2515,-15.056,4.3581],[129.2365,-15.0678,0.0],[129.2387,-15.0776,0.0],[129.2448,-15.0884,0.0],[129.2494,-15.0915,0.0],[129.2459,-15.0917,0.0],[129.2473,-15.0956,0.0],[129.2411,-15.1032,0.0],[129.2374,-15.1028,0.0],[129.2352,-15.1086,0.0],[129.239,-15.1104,1.0867],[129.2376,-15.1155,5.7776],[129.2381,-15.1287,6.6897],[129.2303,-15.1349,0.8817],[129.2293,-15.1334,2.9371],[129.2274,-15.1346,1.4625],[129.2203,-15.149,1.6316],[129.2155,-15.1538,0.0],[129.2269,-15.1618,4.3762],[129.2312,-15.1759,4.3371],[129.2256,-15.1772,0.5],[129.2205,-15.1724,0.5],[129.2176,-15.1717,0.5],[129.2174,-15.1698,0.125],[129.2062,-15.159,0.0],[129.1956,-15.1593,0.0],[129.2011,-15.153,0.0],[129.2037,-15.1471,0.0],[129.1996,-15.1467,0.3563],[129.1939,-15.1558,0.0],[129.1866,-15.1739,0.5],[129.1852,-15.1852,0.5],[129.1877,-15.1894,0.5],[129.1847,-15.1898,0.5],[129.1805,-15.1831,0.5],[129.1727,-15.1919,0.5],[129.1711,-15.1957,0.5],[129.1582,-15.1976,0.5],[129.1564,-15.1892,4.3356],[129.1575,-15.1844,4.2739],[129.1681,-15.1762,4.6561],[129.1708,-15.1705,4.5655],[129.1749,-15.1684,1.7777],[129.1734,-15.1619,4.8637],[129.1747,-15.1475,2.0842],[129.1854,-15.1421,3.4736],[129.1858,-15.1385,6.3557],[129.1895,-15.1353,2.872],[129.1946,-15.1256,0.605],[129.2005,-15.1226,3.5122],[129.1975,-15.1149,2.9687],[129.1983,-15.1106,3.7557],[129.1958,-15.1078,0.9874],[129.1967,-15.1057,0.0],[129.1954,-15.1027,0.0],[129.1926,-15.0994,0.0],[129.1886,-15.0995,3.9837],[129.1888,-15.0966,5.0495],[129.1854,-15.0915,3.5686],[129.1776,-15.0889,2.3374],[129.181,-15.0844,2.9811],[129.1804,-15.0764,0.4372],[129.1695,-15.0515,3.8147],[129.1697,-15.0358,0.0],[129.1799,-15.0248,1.0693],[129.1821,-15.009,0.0],[129.1889,-14.9872,1.1333],[129.1757,-14.9768,3.1199],[129.1582,-14.9693,0.0],[129.1567,-14.9788,3.3185],[129.1533,-14.9834,2.5877],[129.1559,-14.9779,2.0061],[129.1568,-14.9691,0.0],[129.1508,-14.9658,0.2727],[129.1307,-14.949,0.0],[129.1249,-14.9504,3.4392],[129.1226,-14.9531,2.6437],[129.1114,-14.9763,0.0],[129.1109,-14.9828,0.0],[129.1132,-14.9875,2.4078],[129.1084,-14.9892,0.427],[129.106,-14.9778,0.0],[129.1103,-14.9608,0.7271],[129.1128,-14.943,0.0],[129.1128,-14.9365,0.0],[129.1113,-14.9359,4.307],[129.1127,-14.9344,0.0],[129.1013,-14.9151,0.0],[129.0957,-14.9102,0.0],[129.093,-14.9114,2.8015],[129.0919,-14.9067,0.0],[129.077,-14.8963,3.0017],[129.0659,-14.8911,0.0],[129.0601,-14.8908,0.0],[129.0541,-14.8953,0.0],[129.0566,-14.9079,0.4101],[129.0525,-14.91,2.3612],[129.0441,-14.9075,0.0],[129.0439,-14.9018,0.0],[129.0317,-14.8864,1.1978],[129.0204,-14.8825,0.0],[129.0012,-14.8795,0.0],[129.0006,-25.9986,643.0139],[131.7513,-25.9995,658.7211],[137.9991,-25.9969,20.6883],[137.9989,-25.5831,40.6256]],
[[130.8494,-12.4414,4.5624],[130.8496,-12.4414,4.5624],[130.8497,-12.4415,4.5624],[130.8495,-12.4415,4.5624],[130.8494,-12.4414,4.5624]]],
[[[130.9541,-12.5371,0.8191],[130.9538,-12.5362,0.0],[130.9513,-12.5367,1.2394],[130.9525,-12.5379,3.2851],[130.9541,-12.5371,0.8191]]],
[[[130.9434,-12.5285,5.1892],[130.9429,-12.5271,0.7022],[130.9419,-12.5269,0.7022],[130.9416,-12.5286,5.1892],[130.9434,-12.5285,5.1892]]],
[[[130.9444,-12.5263,1.6439],[130.9448,-12.5268,1.6439],[130.9452,-12.5258,1.8595],[130.9448,-12.5258,1.8595],[130.9444,-12.5263,1.6439]]],
[[[136.0242,-12.468,0.4694],[136.0209,-12.4725,3.3083],[136.0201,-12.4806,3.6209],[136.0257,-12.471,6.7861],[136.0242,-12.468,0.4694]]],
[[[130.8498,-12.4415,4.5624],[130.8499,-12.4416,4.5624],[130.8501,-12.4416,4.5624],[130.8501,-12.4415,4.5624],[130.8498,-12.4415,4.5624]]],
[[[136.1683,-12.3714,1.9697],[136.1685,-12.3724,1.9697],[136.1742,-12.3715,2.2009],[136.1746,-12.3689,0.0],[136.1709,-12.3685,3.1119],[136.1683,-12.3714,1.9697]]],
[[[136.0605,-12.2894,9.3985],[136.0622,-12.2916,3.2379],[136.0653,-12.2893,4.0999],[136.0713,-12.278,5.3378],[136.0707,-12.276,1.2422],[136.0655,-12.2788,2.2119],[136.0623,-12.2833,1.4278],[136.0481,-12.2849,0.0],[136.0436,-12.3005,1.5827],[136.0483,-12.3109,1.3016],[136.0517,-12.3096,0.2478],[136.055,-12.304,1.8664],[136.0545,-12.2954,6.9926],[136.0564,-12.2915,6.4641],[136.0605,-12.2894,9.3985]]],
[[[136.9128,-12.2599,0.0],[136.9129,-12.2576,9.2191],[136.9077,-12.2577,0.0],[136.9105,-12.2598,0.0],[136.9128,-12.2599,0.0]]],
[[[136.6743,-12.2445,0.0],[136.675,-12.2432,0.0],[136.6738,-12.2429,0.0],[136.6736,-12.2431,1.3464],[136.6743,-12.2445,0.0]]],
[[[136.6973,-12.238,1.5266],[136.6943,-12.2416,0.0],[136.6944,-12.2419,0.0],[136.7001,-12.2381,0.0],[136.6973,-12.238,1.5266]]],
[[[136.6755,-12.2376,0.7485],[136.6763,-12.2375,0.7485],[136.6753,-12.2367,0.7485],[136.6748,-12.2371,0.7485],[136.6755,-12.2376,0.7485]]],
[[[136.0172,-12.2104,2.7742],[136.0148,-12.2187,1.638],[136.0179,-12.2133,0.0],[136.0176,-12.2094,0.2322],[136.0172,-12.2104,2.7742]]],
[[[136.7056,-12.2269,0.9646],[136.7055,-12.2269,0.9646],[136.7054,-12.2268,0.9646],[136.7054,-12.227,0.9646],[136.7056,-12.2269,0.9646]]],
[[[136.7043,-12.2272,4.7794],[136.7109,-12.2238,0.4296],[136.7102,-12.2201,0.0],[136.7128,-12.2171,1.862],[136.7091,-12.2037,2.686],[136.7054,-12.2066,4.7324],[136.701,-12.2055,0.0],[136.6966,-12.2071,0.0],[136.697,-12.2081,10.4502],[136.7001,-12.2085,8.5368],[136.7007,-12.2115,13.3448],[136.7056,-12.2119,4.3409],[136.7045,-12.2184,0.893],[136.6995,-12.2191,0.5554],[136.6968,-12.2227,0.0],[136.6988,-12.2236,21.9366],[136.7003,-12.2288,8.7159],[136.7031,-12.2289,0.8965],[136.7043,-12.2272,4.7794]]],
[[[136.7509,-12.1625,0.0],[136.7518,-12.1619,0.0],[136.7519,-12.1613,0.0],[136.7502,-12.1622,0.0],[136.7509,-12.1625,0.0]]],
[[[131.0499,-12.0962,0.0],[131.0467,-12.0941,0.0],[131.0387,-12.0943,0.0],[131.0449,-12.0993,0.0],[131.0522,-12.1015,0.0],[131.0546,-12.109,0.0],[131.0495,-12.1013,0.0],[131.0321,-12.0953,0.0],[131.0235,-12.0992,0.0],[131.0153,-12.1095,0.0],[131.0021,-12.1179,0.0],[131.0108,-12.1233,0.0],[131.0319,-12.1301,0.0],[131.0435,-12.1296,0.0],[131.0537,-12.1231,0.0],[131.0588,-12.1266,0.0],[131.0651,-12.1255,0.0],[131.0629,-12.1242,0.0],[131.0715,-12.1182,0.0],[131.0713,-12.1145,0.0],[131.0648,-12.1049,0.0],[131.0499,-12.0962,0.0]]],
[[[131.0126,-12.1509,2.8701],[131.0114,-12.1511,2.8701],[131.0104,-12.1524,1.8214],[131.0141,-12.1511,1.003],[131.0126,-12.1509,2.8701]]],
[[[131.0241,-12.1457,0.0],[131.0203,-12.1437,6.2111],[131.0148,-12.1495,0.0],[131.0161,-12.1501,0.0],[131.0241,-12.1457,0.0]]],
[[[131.0006,-12.1528,0.0],[130.9959,-12.1549,3.4935],[130.9961,-12.1602,2.5918],[130.9984,-12.1612,9.2659],[131.0041,-12.1553,2.1182],[131.0006,-12.1528,0.0]]],
[[[136.869,-12.0917,0.0],[136.8693,-12.0893,1.2792],[136.8689,-12.0891,1.2792],[136.8684,-12.0912,2.3675],[136.869,-12.0917,0.0]]],
[[[136.823,-12.0965,0.0],[136.8234,-12.0798,0.0],[136.8252,-12.0749,0.0],[136.824,-12.0728,0.0],[136.8206,-12.0761,6.6224],[136.8113,-12.0782,2.1676],[136.8087,-12.0825,3.9219],[136.7971,-12.0888,0.1614],[136.8013,-12.0953,0.0],[136.8002,-12.1009,1.7592],[136.7962,-12.1061,6.2081],[136.7968,-12.1137,3.0619],[136.8007,-12.1256,0.0],[136.7997,-12.1321,0.0],[136.8007,-12.1329,0.0],[136.8019,-12.1274,2.3884],[136.8033,-12.1317,0.0],[136.8023,-12.1333,0.0],[136.8054,-12.1333,0.0],[136.8143,-12.1411,1.0211],[136.8203,-12.137,1.2054],[136.8253,-12.1383,0.0],[136.8278,-12.1352,1.0988],[136.8273,-12.1299,0.0],[136.8242,-12.1277,1.7449],[136.8223,-12.1208,0.0],[136.823,-12.0965,0.0]]],
[[[131.3495,-12.0969,2.4343],[131.3443,-12.1047,2.4369],[131.3439,-12.1076,4.7756],[131.3454,-12.111,10.1916],[131.351,-12.1127,6.173],[131.3573,-12.1091,0.0],[131.3556,-12.1017,1.271],[131.3511,-12.0961,0.0],[131.3495,-12.0969,2.4343]]],
[[[136.138,-12.1696,8.6526],[136.1299,-12.1777,1.2967],[136.1221,-12.168,5.1266],[136.1191,-12.1685,6.6196],[136.1178,-12.17,0.9032],[136.119,-12.1733,6.6979],[136.1178,-12.1766,2.1449],[136.1137,-12.176,0.0],[136.1094,-12.1803,0.838],[136.1059,-12.1804,1.7512],[136.1078,-12.1881,13.9536],[136.1056,-12.1876,1.3791],[136.1044,-12.1897,15.7367],[136.1084,-12.1978,24.9844],[136.1103,-12.1991,13.2875],[136.1241,-12.1987,15.6933],[136.1289,-12.1949,2.3672],[136.1462,-12.1955,17.0088],[136.1515,-12.1945,40.5985],[136.1558,-12.1911,0.0],[136.1558,-12.1892,0.0],[136.1525,-12.1888,5.9413],[136.1501,-12.1841,1.1344],[136.149,-12.1799,3.5586],[136.1509,-12.1758,0.2431],[136.1493,-12.1726,0.7021],[136.1478,-12.1713,0.7021],[136.1453,-12.1736,1.569],[136.1431,-12.1735,4.9025],[136.1413,-12.1721,6.9201],[136.1411,-12.1695,0.0],[136.138,-12.1696,8.6526]]],
[[[136.6748,-12.1836,0.0],[136.6741,-12.1824,2.0672],[136.6732,-12.1819,2.0672],[136.6736,-12.1851,0.0],[136.6748,-12.1836,0.0]]],
[[[136.0281,-12.1679,4.1855],[136.026,-12.1663,0.0],[136.0207,-12.196,5.1439],[136.0244,-12.1909,0.0],[136.0281,-12.1679,4.1855]]],
[[[132.3451,-12.1741,6.2153],[132.3446,-12.1783,0.1692],[132.3469,-12.1855,4.4569],[132.352,-12.189,1.1121],[132.358,-12.1856,0.0],[132.3583,-12.1767,0.0],[132.3602,-12.1739,0.0],[132.3602,-12.1705,0.0],[132.3584,-12.1602,0.0],[132.3561,-12.1563,1.2094],[132.3541,-12.1552,2.2944],[132.3541,-12.1567,4.3786],[132.3504,-12.1577,1.2347],[132.3459,-12.1652,0.4543],[132.3451,-12.1741,6.2153]]],
[[[131.1214,-12.0209,0.0],[131.1235,-12.0195,0.0],[131.1222,-12.0179,0.5265],[131.1331,-12.0171,0.0],[131.1355,-12.0147,0.0],[131.1321,-12.0058,0.0],[131.1271,-12.001,0.0],[131.0839,-12.0145,0.0],[131.0729,-12.015,0.0],[131.1045,-12.0236,0.0],[131.117,-12.0231,0.0],[131.1214,-12.0209,0.0]]],
[[[134.2124,-11.9581,0.0],[134.2079,-11.9622,1.2069],[134.2175,-11.9636,0.0],[134.2218,-11.9598,0.0],[134.2221,-11.9539,0.0],[134.2179,-11.9526,0.0],[134.2128,-11.954,0.0],[134.2124,-11.9581,0.0]]],
[[[136.3258,-11.9634,2.2702],[136.3288,-11.964,10.9569],[136.3351,-11.9608,1.6357],[136.3332,-11.9453,0.0],[136.3281,-11.9484,1.3301],[136.33,-11.9491,30.1335],[136.3319,-11.9552,3.8879],[136.3236,-11.9574,6.9639],[136.3232,-11.9612,24.1287],[136.324,-11.9634,0.8081],[136.3258,-11.9634,2.2702]]],
[[[134.8515,-12.0123,2.3363],[134.8522,-12.0108,0.1946],[134.8488,-12.0083,0.2175],[134.8479,-12.0089,0.2175],[134.8501,-12.0111,1.6765],[134.8398,-12.0066,0.0],[134.8356,-12.0071,0.0],[134.8297,-12.0137,0.0],[134.8269,-12.0203,0.6926],[134.8286,-12.0272,4.0364],[134.8457,-12.0365,2.6231],[134.8533,-12.0371,8.2118],[134.8574,-12.0304,10.3091],[134.86,-12.029,6.8914],[134.8594,-12.0256,5.7662],[134.8631,-12.0301,5.8835],[134.8646,-12.0291,10.3136],[134.8636,-12.0282,10.3136],[134.8654,-12.0269,11.831],[134.8654,-12.0241,7.3793],[134.8645,-12.0212,5.865],[134.8599,-12.0181,6.2914],[134.86,-12.0147,0.1339],[134.8555,-12.0137,0.0],[134.8585,-12.0163,1.2221],[134.8569,-12.0166,1.1887],[134.8515,-12.0123,2.3363]]],
[[[135.5061,-12.0182,0.9517],[135.5049,-12.0202,0.1254],[135.5068,-12.0239,2.2621],[135.5076,-12.021,0.0],[135.5061,-12.0182,0.9517]]],
[[[136.0469,-12.1023,6.2916],[136.0474,-12.1012,0.0],[136.0396,-12.098,6.6483],[136.0356,-12.0926,0.0],[136.0315,-12.0937,0.0],[136.0289,-12.0963,3.2112],[136.0261,-12.1036,14.0361],[136.029,-12.1205,6.3505],[136.027,-12.1255,0.0],[136.0284,-12.1314,11.9563],[136.0261,-12.1445,19.1649],[136.028,-12.1594,10.1126],[136.0301,-12.159,30.8989],[136.0325,-12.1538,0.0],[136.031,-12.1525,26.191],[136.0329,-12.1493,1.1507],[136.032,-12.1455,46.468],[136.034,-12.1373,8.892],[136.0325,-12.1357,0.0],[136.0339,-12.1336,9.162],[136.0373,-12.1334,9.2647],[136.0356,-12.1303,12.3486],[136.0404,-12.1307,18.4826],[136.0413,-12.1282,0.0],[136.041,-12.1261,0.0],[136.0384,-12.1248,18.2855],[136.0407,-12.1235,0.0],[136.0388,-12.1196,4.6604],[136.0407,-12.1194,0.0],[136.0408,-12.1172,0.0],[136.0387,-12.1132,13.1883],[136.0358,-12.1119,2.8862],[136.0361,-12.1107,3.6788],[136.0393,-12.1114,6.2999],[136.037,-12.1061,15.693],[136.0411,-12.105,0.0],[136.0435,-12.1023,8.2712],[136.045,-12.1034,7.092],[136.0469,-12.1023,6.2916]]],
[[[132.4057,-12.079,0.0],[132.4014,-12.0762,0.0],[132.3834,-12.0749,2.8527],[132.3775,-12.073,0.0],[132.3609,-12.0831,2.3275],[132.3503,-12.0831,0.2278],[132.349,-12.0852,3.6455],[132.3406,-12.0815,0.605],[132.3373,-12.0826,0.0],[132.3361,-12.0868,0.4879],[132.3388,-12.0902,12.5328],[132.3364,-12.0935,0.5511],[132.3392,-12.0933,7.3137],[132.3439,-12.0964,6.2832],[132.3444,-12.1013,1.0403],[132.3472,-12.1029,5.292],[132.3509,-12.1089,1.6833],[132.3616,-12.114,5.4389],[132.3639,-12.119,1.9028],[132.3668,-12.1183,8.0363],[132.3664,-12.124,4.6369],[132.3764,-12.1296,5.5219],[132.3875,-12.1389,1.536],[132.4006,-12.1415,0.0],[132.4113,-12.1383,0.0],[132.422,-12.1206,0.0],[132.422,-12.1169,0.0],[132.418,-12.114,10.9057],[132.4193,-12.112,0.0],[132.4153,-12.1054,0.0],[132.4148,-12.0922,0.0],[132.4057,-12.079,0.0]]],
[[[134.1655,-12.0993,0.0],[134.1647,-12.1024,2.8733],[134.1668,-12.1072,2.9172],[134.1721,-12.1125,0.0],[134.1845,-12.0981,0.0],[134.1836,-12.0876,2.0509],[134.1809,-12.0868,6.2629],[134.1727,-12.0894,0.0],[134.1655,-12.0993,0.0]]],
[[[134.8921,-12.0638,1.375],[134.8836,-12.0626,0.0],[134.8771,-12.0597,1.2331],[134.8662,-12.0489,0.0],[134.8611,-12.0473,2.0121],[134.8539,-12.041,0.0],[134.8497,-12.0416,0.0],[134.8469,-12.0443,0.0],[134.8493,-12.0525,7.2266],[134.8493,-12.05,7.7961],[134.8547,-12.0604,0.0],[134.8632,-12.0661,3.0588],[134.8661,-12.0707,5.0219],[134.8664,-12.0751,6.7591],[134.8628,-12.0862,3.3594],[134.8658,-12.0934,3.7728],[134.8665,-12.1036,3.4592],[134.8637,-12.109,2.6392],[134.8703,-12.1192,2.0101],[134.875,-12.1178,4.9724],[134.8693,-12.1208,4.2584],[134.8681,-12.1244,2.5413],[134.8718,-12.1273,3.7323],[134.8835,-12.1294,3.4015],[134.8926,-12.1341,2.6609],[134.8947,-12.1337,4.2012],[134.8942,-12.1359,2.5749],[134.9019,-12.1389,7.9998],[134.9096,-12.1332,3.2821],[134.9143,-12.1274,10.9801],[134.9161,-12.1226,5.4707],[134.9116,-12.1204,4.0857],[134.9155,-12.12,8.0776],[134.916,-12.1179,8.784],[134.9198,-12.1152,1.4805],[134.9182,-12.1127,6.8604],[134.924,-12.1093,0.0],[134.925,-12.1026,3.1755],[134.9292,-12.0988,2.2884],[134.9293,-12.0907,3.3614],[134.9187,-12.0753,3.866],[134.911,-12.0703,1.7161],[134.9107,-12.0681,2.4696],[134.9064,-12.0655,0.0],[134.8921,-12.0638,1.375]]],
[[[134.9448,-12.0817,4.482],[134.9503,-12.0922,4.4565],[134.9566,-12.0949,1.9761],[134.9594,-12.088,5.412],[134.9565,-12.0749,0.0],[134.9523,-12.0712,0.0],[134.9432,-12.0698,0.0],[134.9422,-12.0728,2.963],[134.9448,-12.0817,4.482]]],
[[[136.787,-12.0434,0.0],[136.7872,-12.0425,0.8078],[136.7847,-12.0434,0.0],[136.786,-12.0438,0.0],[136.787,-12.0434,0.0]]],
[[[131.063,-12.036,4.7867],[131.0641,-12.0341,1.4027],[131.0512,-12.0305,2.4983],[131.0472,-12.0328,0.0],[131.0394,-12.032,2.0185],[131.0233,-12.0362,0.0],[131.0181,-12.0399,5.8175],[131.0126,-12.0412,0.0],[131.0019,-12.0524,3.4398],[131.0061,-12.0548,0.0],[131.0307,-12.0583,0.0],[131.0433,-12.0555,3.6193],[131.0629,-12.0468,0.0],[131.062,-12.0424,4.3417],[131.0588,-12.0431,5.5583],[131.06,-12.0419,5.8914],[131.0643,-12.0403,5.2296],[131.0648,-12.0376,6.0121],[131.063,-12.036,4.7867]]],
[[[131.1259,-12.057,4.1167],[131.1238,-12.0553,1.449],[131.0983,-12.0527,0.0],[131.0829,-12.0598,3.5248],[131.0761,-12.0609,0.0],[131.065,-12.066,0.5554],[131.0618,-12.0694,4.0013],[131.0708,-12.073,0.0],[131.0823,-12.0735,1.5564],[131.0863,-12.0759,3.2204],[131.106,-12.0753,2.1471],[131.1164,-12.0733,0.2785],[131.1228,-12.0702,0.0],[131.1271,-12.0626,0.2215],[131.1259,-12.057,4.1167]]],
[[[134.9971,-12.0722,0.9725],[134.9924,-12.0687,0.0],[134.9845,-12.0658,0.0],[134.9772,-12.065,0.0],[134.9752,-12.0681,0.0],[134.9845,-12.0789,2.6618],[134.9896,-12.0938,2.569],[135.0007,-12.0938,3.2803],[135.0032,-12.0916,2.0491],[135.0012,-12.0921,8.9543],[135.0,-12.0897,5.2375],[135.0005,-12.0773,0.0],[134.9978,-12.0757,-0.6594],[134.9987,-12.0736,0.0],[134.9971,-12.0722,0.9725]]],
[[[136.0981,-12.0677,0.0],[136.0969,-12.0751,2.4646],[136.099,-12.0714,6.1227],[136.0994,-12.0677,0.0],[136.0981,-12.0677,0.0]]],
[[[134.9184,-12.0526,6.7427],[134.9174,-12.0542,7.6991],[134.9185,-12.0581,1.6004],[134.9259,-12.0644,3.2962],[134.9305,-12.0662,5.7106],[134.932,-12.0619,3.7452],[134.9295,-12.0552,0.0],[134.9247,-12.0519,1.0545],[134.9207,-12.0511,0.0],[134.9184,-12.0526,6.7427]]],
[[[135.5182,-12.056,0.0],[135.5149,-12.0563,0.6014],[135.5155,-12.0598,0.0],[135.5168,-12.0571,0.2098],[135.5182,-12.056,0.0]]],
[[[134.974,-12.0305,0.2606],[134.965,-12.0241,0.0],[134.9608,-12.0181,0.5786],[134.9543,-12.0142,0.0],[134.9412,-12.0157,0.0],[134.9284,-12.021,0.0],[134.9203,-12.0226,0.0],[134.9119,-12.0219,0.3356],[134.9085,-12.0234,0.0],[134.9096,-12.0247,5.386],[134.9082,-12.0289,0.0],[134.9109,-12.034,4.6824],[134.931,-12.0431,4.9649],[134.9368,-12.0485,3.9696],[134.9406,-12.0614,1.684],[134.944,-12.0626,4.6765],[134.9527,-12.0617,7.1173],[134.9575,-12.0645,7.871],[134.9605,-12.0646,6.6802],[134.9619,-12.0616,8.8341],[134.9622,-12.0562,6.2018],[134.9605,-12.0545,8.096],[134.9586,-12.055,7.1478],[134.9588,-12.0531,6.929],[134.9628,-12.0541,4.7572],[134.9648,-12.0516,5.253],[134.9621,-12.0528,5.3149],[134.9633,-12.0509,6.4236],[134.9682,-12.0474,5.9057],[134.9768,-12.0425,7.6313],[134.9815,-12.043,2.1259],[134.9869,-12.0406,11.7377],[134.9905,-12.0362,0.0],[134.9903,-12.0349,0.0],[134.9814,-12.0343,0.0],[134.974,-12.0305,0.2606]]],
[[[136.3043,-11.9929,1.9243],[136.3072,-11.9863,1.1739],[136.3071,-11.9826,0.9018],[136.3132,-11.977,0.0],[136.313,-11.9741,0.0],[136.31,-11.9727,0.259],[136.3059,-11.9759,0.26],[136.3024,-11.9729,0.0],[136.2956,-11.9775,2.7698],[136.2913,-11.9785,3.1362],[136.2857,-11.9741,0.0],[136.2818,-11.9752,2.2441],[136.2784,-11.9776,1.186],[136.2808,-11.9804,0.0],[136.2795,-11.9843,7.0303],[136.2727,-11.987,0.7994],[136.276,-11.9918,1.8888],[136.2718,-11.997,8.5912],[136.2729,-12.0,0.0],[136.2715,-12.0024,4.0377],[136.2636,-12.0085,2.857],[136.261,-12.0044,0.0],[136.2562,-12.006,0.0],[136.2573,-12.0102,2.4011],[136.255,-12.0125,1.2166],[136.2446,-12.0165,15.9426],[136.2423,-12.0211,50.5954],[136.238,-12.0245,0.0],[136.2305,-12.0242,0.0],[136.2234,-12.027,0.0],[136.2237,-12.0323,21.2728],[136.2176,-12.0359,0.9622],[136.204,-12.0268,7.6239],[136.1986,-12.0186,13.3702],[136.1993,-12.016,16.6182],[136.2078,-12.0082,0.0],[136.206,-12.0021,2.6445],[136.2039,-12.0005,4.0147],[136.204,-11.9966,3.9608],[136.2017,-11.9969,8.2721],[136.2018,-12.002,9.8681],[136.1985,-12.0062,0.0],[136.1936,-12.0059,0.0],[136.1915,-12.0044,0.6804],[136.1927,-12.0009,0.5858],[136.1892,-12.0008,0.0],[136.1893,-12.0057,5.6483],[136.1942,-12.011,5.3088],[136.1915,-12.0157,1.0762],[136.1872,-12.0174,0.8557],[136.1925,-12.0271,4.1102],[136.1875,-12.0271,0.0],[136.1854,-12.0291,0.7935],[136.183,-12.0229,0.0],[136.1738,-12.0189,0.0],[136.1715,-12.0132,0.6561],[136.1736,-12.0257,10.6274],[136.1727,-12.03,19.484],[136.1704,-12.0329,0.0],[136.1643,-12.0339,2.0437],[136.1646,-12.037,7.866],[136.1604,-12.0404,2.5507],[136.1555,-12.0411,0.0],[136.1463,-12.0377,0.0],[136.1458,-12.0272,0.0],[136.1417,-12.029,0.0],[136.1334,-12.0252,0.3778],[136.1327,-12.0292,0.0],[136.129,-12.0341,3.4006],[136.1314,-12.0396,8.819],[136.1403,-12.0382,10.326],[136.1422,-12.0434,5.1886],[136.1394,-12.0462,2.0233],[136.1434,-12.0475,15.9246],[136.1422,-12.05,0.6786],[136.1476,-12.0549,1.5135],[136.1487,-12.0514,2.2736],[136.1521,-12.0496,2.7037],[136.1563,-12.0509,10.2024],[136.1557,-12.0541,3.8732],[136.1613,-12.0534,6.3943],[136.1562,-12.0554,3.8489],[136.1546,-12.0544,3.8732],[136.1543,-12.051,4.7542],[136.1508,-12.0511,2.6009],[136.1478,-12.0573,1.4467],[136.1382,-12.0605,0.4145],[136.1358,-12.0598,3.6113],[136.1301,-12.0522,0.0],[136.1263,-12.058,5.7398],[136.1234,-12.0565,0.3559],[136.1194,-12.0509,0.0],[136.1173,-12.0545,0.5516],[136.1183,-12.0613,0.0],[136.1203,-12.0632,3.9642],[136.1223,-12.0599,8.9168],[136.1249,-12.0658,9.1214],[136.1285,-12.0681,3.6549],[136.1283,-12.0737,5.8631],[136.1472,-12.0693,32.041],[136.1518,-12.0664,5.7781],[136.159,-12.0668,12.1299],[136.161,-12.0656,23.4715],[136.1652,-12.0666,21.0655],[136.1714,-12.0735,3.9755],[136.178,-12.0769,16.1266],[136.1872,-12.077,21.0879],[136.1912,-12.0736,33.1207],[136.1947,-12.076599999999999,5.2751],[136.2006,-12.0692,3.8741],[136.1958,-12.0634,6.0631],[136.1977,-12.0601,5.376],[136.205,-12.06,13.1836],[136.2066,-12.0567,36.2872],[136.2104,-12.0555,14.2344],[136.2137,-12.0577,30.8856],[136.2192,-12.0571,36.655],[136.2227,-12.0539,24.4037],[136.2315,-12.0518,25.3332],[136.2428,-12.0418,11.6441],[136.2591,-12.039,1.7341],[136.2717,-12.034,3.0647],[136.2767,-12.0353,1.8352],[136.2782,-12.0339,0.0],[136.2773,-12.0304,0.6918],[136.2882,-12.0211,6.2442],[136.2933,-12.0209,27.2386],[136.3017,-12.0145,51.811],[136.3086,-12.0127,20.3824],[136.3133,-12.0071,1.9419],[136.3167,-11.9986,2.4615],[136.3172,-11.9925,0.1803],[136.3152,-11.9907,0.7133],[136.3144,-11.9865,0.0],[136.3124,-11.9857,1.7019],[136.3093,-11.991,0.0],[136.3043,-11.9929,1.9243]]],
[[[134.8113,-12.0231,5.6066],[134.8116,-12.0213,6.2837],[134.8133,-12.0236,0.7428],[134.8119,-12.0189,1.191],[134.8031,-12.0129,0.0],[134.7963,-12.0199,1.4966],[134.7959,-12.0297,7.8554],[134.8032,-12.0372,2.5086],[134.8308,-12.0462,1.5857],[134.8302,-12.0422,5.8994],[134.8155,-12.0304,1.7374],[134.8113,-12.0231,5.6066]]],
[[[136.8326,-11.6715,0.0],[136.8351,-11.6701,1.4951],[136.8376,-11.6643,0.0],[136.8339,-11.6566,7.3662],[136.8282,-11.6602,3.0166],[136.8237,-11.6587,1.1933],[136.8229,-11.6634,1.5816],[136.8197,-11.6649,0.0],[136.8199,-11.667,0.0],[136.8144,-11.6692,0.0],[136.8096,-11.6732,0.0],[136.8126,-11.6747,0.0],[136.8174,-11.673,0.0],[136.8221,-11.6742,7.6446],[136.8239,-11.6763,0.0],[136.8275,-11.6746,1.2532],[136.83,-11.6711,12.1022],[136.8326,-11.6715,0.0]]],
[[[130.1683,-11.5554,0.0],[130.169,-11.5548,0.0],[130.1687,-11.5544,0.0],[130.1681,-11.5547,0.0],[130.1683,-11.5554,0.0]]],
[[[132.1545,-11.5618,0.0],[132.1522,-11.5663,0.0],[132.1535,-11.5718,0.0],[132.1548,-11.5712,1.0584],[132.156,-11.5643,1.4613],[132.1545,-11.5618,0.0]]],
[[[130.6514,-11.8142,7.5178],[130.6494,-11.8122,6.4486],[130.6471,-11.8143,0.0],[130.6456,-11.8096,0.0],[130.647,-11.8213,0.0],[130.6587,-11.8185,0.0],[130.6612,-11.815,0.0],[130.6581,-11.8174,0.0],[130.6554,-11.815,4.6612],[130.6573,-11.8149,4.6612],[130.6566,-11.8127,12.4106],[130.6526,-11.8102,5.5334],[130.6514,-11.8142,7.5178]]],
[[[130.6141,-11.7359,4.5479],[130.6133,-11.735,4.5479],[130.6108,-11.7358,0.0],[130.6128,-11.7366,4.0928],[130.6141,-11.7359,4.5479]]],
[[[136.1453,-11.713,12.5889],[136.1478,-11.7119,0.0],[136.1492,-11.7083,0.0],[136.1539,-11.7058,0.0],[136.1554,-11.6963,1.0207],[136.1536,-11.6922,6.8397],[136.1466,-11.685,0.0],[136.1391,-11.682,4.3815],[136.1382,-11.6833,7.4629],[136.1419,-11.6877,9.0363],[136.1406,-11.6976,1.0187],[136.1349,-11.7036,0.683],[136.129,-11.7042,1.6531],[136.1253,-11.7112,2.2273],[136.1278,-11.7147,12.0452],[136.1281,-11.721,7.8917],[136.1314,-11.7254,1.0803],[136.1412,-11.7201,6.2804],[136.1453,-11.713,12.5889]]],
[[[135.1696,-11.7065,-0.1445],[135.1694,-11.701,-0.0984],[135.162,-11.6979,0.0],[135.1579,-11.6868,0.0],[135.1501,-11.6876,-0.0629],[135.1521,-11.6986,0.593],[135.1565,-11.7057,2.7419],[135.1623,-11.7089,-0.4739],[135.1676,-11.7092,-1.163],[135.1696,-11.7065,-0.1445]]],
[[[136.056,-11.6531,2.0631],[136.0489,-11.6443,0.0],[136.0349,-11.6473,1.7173],[136.0305,-11.6453,5.5403],[136.0242,-11.639,4.983],[136.0098,-11.6484,2.0022],[136.012,-11.6544,11.0739],[136.0089,-11.6502,5.771],[136.0044,-11.6506,0.0],[135.9861,-11.6575,0.0],[135.9672,-11.6686,0.0],[135.9602,-11.6705,0.0],[135.9527,-11.6785,9.3821],[135.9491,-11.6904,7.2747],[135.9502,-11.696,9.127],[135.9593,-11.7048,5.6768],[135.9686,-11.7068,10.4432],[135.9815,-11.7149,6.01],[135.9873,-11.7103,0.0],[135.9906,-11.704,4.6232],[135.9931,-11.7113,0.9412],[135.9917,-11.716,5.3911],[135.9934,-11.7192,7.9895],[135.9992,-11.7162,6.1723],[136.0005,-11.712,4.4858],[136.013,-11.6998,0.0],[136.023,-11.6871,2.482],[136.0298,-11.6862,11.0694],[136.0315,-11.6775,6.2551],[136.0412,-11.6643,4.0228],[136.0449,-11.6636,0.0],[136.0452,-11.6606,1.5859],[136.0501,-11.6553,0.0],[136.056,-11.6531,2.0631]]],
[[[133.3194,-11.6658,10.3839],[133.3213,-11.6663,1.6352],[133.3229,-11.66,0.0],[133.3185,-11.6609,0.0],[133.3166,-11.6583,0.2212],[133.3162,-11.6631,9.4648],[133.3139,-11.6659,1.2628],[133.3156,-11.6669,2.2099],[133.3194,-11.6658,10.3839]]],
[[[136.0544,-11.6405,3.905],[136.0603,-11.6475,3.9654],[136.0628,-11.6469,3.1238],[136.0677,-11.6357,0.0],[136.0626,-11.628,2.425],[136.0627,-11.6316,6.3057],[136.0591,-11.6339,7.5266],[136.0544,-11.6405,3.905]]],
[[[133.4437,-11.5923,0.0],[133.439,-11.5879,0.0],[133.4239,-11.5855,0.0],[133.4139,-11.5861,0.0],[133.4094,-11.5844,0.0],[133.4049,-11.5878,0.0],[133.3986,-11.5978,0.4873],[133.393,-11.6033,2.7235],[133.3772,-11.613,2.627],[133.3495,-11.6234,3.2205],[133.3522,-11.6264,3.6333],[133.3524,-11.6329,3.8],[133.3614,-11.6371,8.6642],[133.3649,-11.6428,8.334],[133.363,-11.655,0.0],[133.3588,-11.6649,5.7824],[133.363,-11.6702,1.2239],[133.367,-11.6725,6.5792],[133.3668,-11.6759,3.2423],[133.3691,-11.6807,2.3434],[133.3778,-11.6794,0.5113],[133.3825,-11.6765,0.2007],[133.3844,-11.6733,1.0496],[133.3901,-11.6711,9.491],[133.396,-11.6735,1.1425],[133.4023,-11.6598,1.4061],[133.4018,-11.6568,0.0504],[133.3979,-11.6555,0.6157],[133.3968,-11.6509,0.0],[133.3932,-11.6494,0.0],[133.3922,-11.6455,0.0],[133.3869,-11.6407,0.0],[133.3862,-11.6361,0.7851],[133.3883,-11.6334,1.1969],[133.3986,-11.6347,0.8866],[133.4125,-11.6251,2.1736],[133.4152,-11.6252,4.4706],[133.415,-11.6286,3.0651],[133.4185,-11.635,0.0],[133.4189,-11.6418,0.0],[133.4214,-11.6453,0.0655],[133.4239,-11.6337,1.6725],[133.4266,-11.6293,1.4046],[133.4341,-11.6292,1.7086],[133.441,-11.6253,1.5443],[133.4456,-11.6216,0.5097],[133.4466,-11.6171,6.7952],[133.4562,-11.6185,0.4862],[133.4573,-11.6152,7.9368],[133.4587,-11.6185,4.1693],[133.4614,-11.6192,5.8442],[133.4684,-11.6167,6.5496],[133.4667,-11.6183,2.8576],[133.4678,-11.6185,2.8576],[133.4642,-11.6198,0.0],[133.4741,-11.6193,5.9639],[133.4738,-11.6204,4.6702],[133.4792,-11.6232,0.039],[133.4806,-11.6226,0.0],[133.4817,-11.6159,0.0],[133.4775,-11.6103,0.0],[133.4737,-11.5951,-0.0718],[133.4712,-11.5953,0.4287],[133.4662,-11.591,0.0],[133.4624,-11.5944,1.7759],[133.4553,-11.5917,0.0],[133.4527,-11.5937,0.1629],[133.4448,-11.5926,0.0],[133.4452,-11.5946,2.0947],[133.4413,-11.599,7.1614],[133.4444,-11.5936,0.5555],[133.4437,-11.5923,0.0]]],
[[[136.2056,-11.6283,2.4789],[136.2051,-11.6153,6.2282],[136.2028,-11.6138,1.0317],[136.2016,-11.6157,2.6909],[136.1994,-11.6158,0.0],[136.1934,-11.6138,0.0],[136.193,-11.6236,3.4582],[136.1954,-11.6299,0.0],[136.2011,-11.6339,11.8326],[136.2019,-11.637,2.2973],[136.2063,-11.6383,0.0],[136.2079,-11.6413,0.0],[136.2106,-11.6351,1.1724],[136.2094,-11.6311,0.0],[136.2056,-11.6283,2.4789]]],
[[[136.3697,-11.5715,9.2815],[136.3677,-11.5714,9.2815],[136.3717,-11.5655,12.4613],[136.3655,-11.5543,0.5338],[136.3615,-11.5529,0.0],[136.3608,-11.5495,0.0],[136.3579,-11.5547,4.033],[136.3582,-11.5601,2.5234],[136.3457,-11.5634,1.1142],[136.3446,-11.5712,0.0],[136.3476,-11.5728,12.6911],[136.3484,-11.5773,2.4732],[136.3406,-11.5779,0.0],[136.3383,-11.5796,0.0],[136.3405,-11.582,5.1315],[136.3412,-11.5852,7.5318],[136.3387,-11.5849,0.0],[136.3406,-11.5887,1.0979],[136.3379,-11.5885,3.6375],[136.333,-11.5832,0.0],[136.3301,-11.5846,3.6059],[136.3276,-11.5826,0.0],[136.328,-11.5846,0.0],[136.3251,-11.5874,1.8137],[136.321,-11.5858,0.0],[136.3089,-11.5709,0.0],[136.3092,-11.573,4.8954],[136.3073,-11.5755,0.9831],[136.3055,-11.5744,0.0],[136.3034,-11.5781,7.1126],[136.3014,-11.5775,0.0],[136.2955,-11.5801,5.3578],[136.2978,-11.588,15.3204],[136.2968,-11.5919,6.7881],[136.3027,-11.5946,0.0],[136.3142,-11.5928,12.3189],[136.3132,-11.5966,2.4222],[136.3177,-11.6026,1.4334],[136.3151,-11.6038,0.8269],[136.3064,-11.6029,0.0],[136.3009,-11.6003,2.5674],[136.2974,-11.6052,2.8822],[136.2922,-11.6019,1.9317],[136.2914,-11.605,3.106],[136.2881,-11.6058,0.0],[136.2843,-11.6015,2.1239],[136.2822,-11.6035,3.9557],[136.2794,-11.601,0.0],[136.2818,-11.5891,0.0],[136.28,-11.583,1.453],[136.2749,-11.5797,0.0],[136.2751,-11.5823,3.5291],[136.271,-11.5853,2.5074],[136.2666,-11.5803,9.2887],[136.269,-11.5745,0.0],[136.2651,-11.5726,0.0],[136.2568,-11.584,5.0006],[136.2521,-11.586,3.0595],[136.2517,-11.5925,3.8482],[136.2503,-11.5939,4.8332],[136.2479,-11.5931,3.6374],[136.2455,-11.5973,0.0],[136.2398,-11.6004,0.0],[136.2461,-11.6106,0.0],[136.2425,-11.6203,7.9059],[136.2357,-11.6231,2.651],[136.2235,-11.6183,0.0],[136.2226,-11.6204,1.0012],[136.2241,-11.624,4.656],[136.2329,-11.6283,0.5687],[136.2323,-11.6332,1.3818],[136.2281,-11.6349,4.0958],[136.232,-11.6399,3.3357],[136.2307,-11.6457,0.4636],[136.2252,-11.6453,3.7406],[136.2229,-11.6416,3.5173],[136.2164,-11.6425,0.0],[136.2149,-11.6452,2.2163],[136.213,-11.6452,3.8639],[136.21,-11.6418,1.6216],[136.2074,-11.6488,6.5885],[136.2092,-11.6548,2.3381],[136.2076,-11.6565,6.2121],[136.2011,-11.6532,0.7254],[136.2011,-11.6504,0.0],[136.1987,-11.6505,4.6103],[136.1944,-11.6474,0.0],[136.1848,-11.6471,2.4555],[136.1824,-11.6458,0.0],[136.179,-11.6474,0.0],[136.1752,-11.6465,2.7762],[136.1734,-11.6431,2.8809],[136.1695,-11.641,0.0],[136.1658,-11.6465,3.4302],[136.1663,-11.6492,6.4603],[136.1704,-11.6495,6.8056],[136.1717,-11.6511,0.0],[136.1714,-11.6539,0.0],[136.1681,-11.6565,1.9984],[136.1708,-11.6608,1.128],[136.174,-11.6613,1.3709],[136.1743,-11.6665,1.6692],[136.1793,-11.6695,5.1832],[136.1809,-11.6752,17.4398],[136.1793,-11.68,3.1053],[136.1748,-11.679,0.0],[136.1685,-11.6816,4.0032],[136.1638,-11.6785,2.8213],[136.1641,-11.6808,5.7124],[136.163,-11.6801,3.4871],[136.1621,-11.6816,5.2351],[136.1632,-11.6858,10.2516],[136.1608,-11.6849,1.6371],[136.1613,-11.6894,0.4317],[136.1595,-11.693,0.0],[136.1725,-11.6943,0.0],[136.1739,-11.6913,6.4863],[136.1797,-11.6891,23.9492],[136.1923,-11.6762,11.514099999999999],[136.2005,-11.6743,1.4024],[136.2039,-11.6659,3.8075],[136.2078,-11.6689,12.8626],[136.2077,-11.6714,2.3378],[136.2143,-11.6741,4.8003],[136.2157,-11.6717,0.0],[136.213,-11.6676,8.3624],[136.2172,-11.6645,0.0],[136.2135,-11.6591,5.3173],[136.2176,-11.6584,0.0],[136.2237,-11.6529,6.4214],[136.2276,-11.6531,0.0],[136.2312,-11.6556,0.6993],[136.2311,-11.6577,0.7427],[136.2289,-11.6586,2.0284],[136.2317,-11.6635,0.0],[136.2298,-11.6669,0.0],[136.2307,-11.668,0.0],[136.243,-11.6618,2.1335],[136.2523,-11.6612,38.5409],[136.2547,-11.6593,35.5475],[136.2588,-11.6622,38.7095],[136.2628,-11.6614,18.1303],[136.2663,-11.6507,30.3566],[136.2663,-11.6448,30.0678],[136.2691,-11.644,5.9802],[136.2722,-11.639,2.9496],[136.2709,-11.6352,19.1389],[136.2719,-11.6294,6.761],[136.2681,-11.6271,0.0],[136.2632,-11.6324,3.1205],[136.2607,-11.6315,3.1619],[136.2579,-11.6333,3.6915],[136.2568,-11.6317,0.7553],[136.2621,-11.6228,4.0725],[136.2642,-11.6227,3.4507],[136.2647,-11.621,9.2124],[136.269,-11.6214,0.0],[136.2728,-11.6172,3.7431],[136.276,-11.6216,0.0],[136.2803,-11.6239,4.5033],[136.2847,-11.6205,2.8945],[136.2898,-11.6223,2.0393],[136.2925,-11.6348,5.0236],[136.2969,-11.6416,2.5151],[136.3004,-11.6345,23.5417],[136.3126,-11.6242,0.0],[136.3173,-11.6172,9.2175],[136.329,-11.6173,9.0206],[136.3315,-11.6193,5.6825],[136.3298,-11.6229,1.1042],[136.3322,-11.6235,0.4227],[136.3381,-11.6174,6.1175],[136.3387,-11.6139,5.8929],[136.3355,-11.6102,12.7202],[136.34,-11.6038,21.9573],[136.3488,-11.6002,3.8884],[136.3526,-11.5954,4.764],[136.3554,-11.5943,5.3134],[136.3596,-11.5946,0.7433],[136.3616,-11.5984,3.7457],[136.3651,-11.598,0.0],[136.3759,-11.5869,9.8168],[136.3771,-11.5835,5.1186],[136.3691,-11.5807,7.0902],[136.3709,-11.5771,6.0087],[136.3697,-11.5715,9.2815]]],
[[[132.1125,-11.6225,4.074],[132.118,-11.6249,0.0],[132.134,-11.6272,3.0051],[132.1404,-11.6216,2.0078],[132.1437,-11.6122,3.3593],[132.1476,-11.6109,0.9925],[132.1492,-11.608,2.0463],[132.1473,-11.6018,0.3338],[132.1384,-11.5902,1.4378],[132.1348,-11.5782,4.0869],[132.135,-11.5689,1.0022],[132.1294,-11.5649,2.5691],[132.1219,-11.5648,0.2506],[132.1171,-11.573,0.0],[132.1136,-11.5759,0.0],[132.1183,-11.579,0.0],[132.1208,-11.585,1.8362],[132.1209,-11.5901,1.3639],[132.1195,-11.5979,0.0],[132.1161,-11.605,0.0],[132.1093,-11.6122,0.0],[132.1097,-11.617,0.0],[132.1125,-11.6225,4.074]]],
[[[132.4594,-11.6281,0.7825],[132.463,-11.6214,0.0],[132.4585,-11.6212,0.0],[132.4512,-11.6172,0.0],[132.4495,-11.618,0.0],[132.4476,-11.6226,0.0],[132.4572,-11.6287,0.3075],[132.4594,-11.6281,0.7825]]],
[[[136.076,-11.5908,6.2728],[136.0788,-11.5967,6.7613],[136.0786,-11.6038,4.9274],[136.0821,-11.6044,5.555],[136.0867,-11.5991,0.0],[136.0905,-11.5876,0.0],[136.0905,-11.5827,0.0],[136.0875,-11.5813,3.3712],[136.0777,-11.5861,3.4055],[136.076,-11.5908,6.2728]]],
[[[132.1718,-11.5773,1.2422],[132.1703,-11.5767,1.2422],[132.168,-11.5794,0.3967],[132.1679,-11.5852,0.4768],[132.1704,-11.5873,2.2886],[132.1731,-11.5872,3.1025],[132.1745,-11.585,1.5127],[132.1718,-11.5773,1.2422]]],
[[[132.3181,-11.5949,1.5612],[132.3165,-11.5932,7.2922],[132.3242,-11.5825,2.7505],[132.3221,-11.5759,5.2055],[132.3035,-11.5638,0.0],[132.3016,-11.5651,0.6356],[132.2957,-11.5867,1.4159],[132.3003,-11.5945,0.369],[132.3057,-11.5946,2.0319],[132.3141,-11.6001,-1.2099],[132.3184,-11.5983,-0.7049],[132.3181,-11.5949,1.5612]]],
[[[132.1903,-11.1178,0.0132],[132.1903,-11.1153,0.0],[132.1886,-11.1173,0.0132],[132.1893,-11.1199,0.0],[132.1903,-11.1178,0.0132]]],
[[[132.1548,-11.5409,0.0],[132.1552,-11.5414,0.0],[132.156,-11.5407,0.0],[132.1551,-11.5403,0.0],[132.1548,-11.5409,0.0]]],
[[[132.3332,-11.5298,2.7363],[132.3309,-11.5329,0.2166],[132.3303,-11.538,0.0],[132.3362,-11.5414,-0.3649],[132.3376,-11.5402,2.9082],[132.3369,-11.5354,3.2862],[132.3396,-11.5243,0.3497],[132.3347,-11.5145,0.0],[132.3363,-11.5186,0.0],[132.3354,-11.5278,0.2071],[132.3332,-11.5298,2.7363]]],
[[[136.4688,-11.4882,1.4697],[136.4715,-11.4839,3.1921],[136.4708,-11.4767,0.3425],[136.4736,-11.4709,0.0],[136.4729,-11.4667,0.1412],[136.4666,-11.4689,1.4585],[136.4627,-11.4731,6.3467],[136.4559,-11.4741,0.2388],[136.4563,-11.4784,6.8922],[136.4473,-11.4852,1.7192],[136.4494,-11.4924,0.2178],[136.4466,-11.4943,1.4556],[136.4364,-11.4954,1.0763],[136.4302,-11.4909,1.4575],[136.4317,-11.4928,2.3213],[136.4306,-11.4994,1.6667],[136.4213,-11.508,5.8487],[136.4218,-11.513,9.5193],[136.4157,-11.5186,1.6373],[136.4111,-11.5185,6.0961],[136.4083,-11.5228,0.0],[136.4024,-11.5273,9.4013],[136.4013,-11.5268,9.4013],[136.4029,-11.5233,0.621],[136.4009,-11.5218,3.5181],[136.3933,-11.5238,6.3394],[136.3918,-11.5257,3.7609],[136.3861,-11.5254,1.7766],[136.3869,-11.5312,2.7742],[136.3829,-11.5355,4.411],[136.3834,-11.5376,3.8559],[136.3808,-11.5381,0.0],[136.3816,-11.543,0.0],[136.3842,-11.5417,12.2719],[136.3812,-11.5504,2.2055],[136.3791,-11.5488,2.8265],[136.3807,-11.5487,0.7227],[136.3818,-11.5463,2.2681],[136.3747,-11.5467,3.8468],[136.3709,-11.5424,3.9009],[136.371,-11.54,5.5958],[136.3677,-11.5382,3.6615],[136.3665,-11.5347,3.6288],[136.363,-11.5402,0.0],[136.3665,-11.5399,7.3956],[136.3658,-11.5439,8.3678],[136.3678,-11.5472,11.3244],[136.3667,-11.552,2.5332],[136.3723,-11.5625,8.426],[136.375,-11.5636,11.1343],[136.3737,-11.5651,1.4635],[136.3756,-11.5658,5.0036],[136.3791,-11.563,3.4684],[136.3892,-11.5602,10.7095],[136.3925,-11.5544,18.679],[136.4042,-11.5547,6.9351],[136.4044,-11.5475,23.5035],[136.4079,-11.5465,6.3468],[136.409,-11.5439,17.0486],[136.4131,-11.5422,17.3222],[136.4193,-11.5427,18.9692],[136.4271,-11.5465,2.3379],[136.429,-11.5441,4.4377],[136.4245,-11.5393,5.5175],[136.4259,-11.5367,0.0],[136.4381,-11.5332,0.9734],[136.4444,-11.535,3.6768],[136.449,-11.5319,6.4218],[136.4518,-11.5255,10.1944],[136.4515,-11.5192,3.4093],[136.4576,-11.5192,13.5139],[136.4582,-11.5145,21.281],[136.4639,-11.51,11.9385],[136.4661,-11.5053,2.0315],[136.4617,-11.4986,0.0],[136.4688,-11.4882,1.4697]]],
[[[136.1187,-11.5567,0.0],[136.1211,-11.5548,0.0],[136.1221,-11.5436,0.6651],[136.1134,-11.5452,5.9887],[136.1106,-11.5479,11.125],[136.106,-11.5591,8.7248],[136.1088,-11.567,4.9256],[136.114,-11.5654,4.1829],[136.1187,-11.5567,0.0]]],
[[[130.3502,-11.3404,1.4477],[130.3535,-11.3461,1.2775],[130.3536,-11.3386,4.2189],[130.3455,-11.3283,1.098],[130.3423,-11.3205,0.0],[130.3374,-11.3186,0.0],[130.3088,-11.3348,2.4471],[130.3032,-11.3387,2.7585],[130.3029,-11.3414,6.8666],[130.2998,-11.3395,0.6892],[130.2931,-11.3403,0.0],[130.2866,-11.3434,0.7256],[130.2852,-11.3453,2.9641],[130.2877,-11.3494,4.7979],[130.2855,-11.3481,3.4447],[130.2849,-11.3506,0.8153],[130.2896,-11.3531,4.5683],[130.2879,-11.3556,4.5519],[130.2856,-11.3539,6.4647],[130.2837,-11.3548,5.1664],[130.2847,-11.3581,6.0822],[130.2895,-11.356,4.6634],[130.2865,-11.3581,5.83],[130.2872,-11.3602,7.0428],[130.2864,-11.3612,7.0832],[130.2849,-11.3604,7.7345],[130.2867,-11.3604,7.0832],[130.2858,-11.3583,5.83],[130.2834,-11.3584,6.0822],[130.2824,-11.357,5.3916],[130.2836,-11.346,2.9653],[130.2803,-11.3429,8.6734],[130.2679,-11.3439,4.377],[130.2635,-11.3427,0.823],[130.2517,-11.3465,0.0],[130.2477,-11.3545,0.0],[130.2484,-11.3613,0.0],[130.2494,-11.3659,0.0],[130.2513,-11.3677,0.0],[130.2514,-11.3654,0.6614],[130.2527,-11.3674,5.5899],[130.2548,-11.3765,6.2649],[130.2472,-11.3875,7.5017],[130.2458,-11.3945,3.812],[130.2479,-11.3981,0.0],[130.2449,-11.3997,6.6343],[130.2411,-11.3957,5.137],[130.2387,-11.3884,5.5558],[130.2435,-11.3726,0.0],[130.2459,-11.3691,0.0],[130.2452,-11.3666,0.0],[130.2422,-11.3706,0.0],[130.2301,-11.407,3.1104],[130.224,-11.4134,8.1931],[130.2189,-11.4129,0.0],[130.2098,-11.419,6.5889],[130.2067,-11.4177,0.0],[130.2013,-11.4229,8.5359],[130.1919,-11.4263,16.2427],[130.1888,-11.4265,15.4877],[130.1861,-11.4241,0.0],[130.1825,-11.4296,16.0172],[130.1801,-11.4292,2.8087],[130.1766,-11.4439,9.953],[130.1691,-11.4627,0.6597],[130.1547,-11.474,0.0],[130.1495,-11.4756,5.1601],[130.148,-11.4821,4.323],[130.1506,-11.49,0.0],[130.154,-11.4894,9.4025],[130.1566,-11.4912,1.7533],[130.1629,-11.4871,5.0614],[130.1689,-11.4886,0.0],[130.1694,-11.4856,10.3844],[130.173,-11.4835,8.6697],[130.1824,-11.4832,1.7872],[130.1851,-11.4845,6.3106],[130.1938,-11.4944,3.3973],[130.1984,-11.5074,0.0],[130.2028,-11.5108,3.0518],[130.2088,-11.5116,0.0],[130.2141,-11.51,0.0],[130.2201,-11.5017,0.0],[130.2278,-11.4965,0.0],[130.2316,-11.4978,2.4542],[130.2309,-11.4847,5.9593],[130.2323,-11.4862,6.0367],[130.2334,-11.498,0.0],[130.2358,-11.4935,7.7292],[130.2385,-11.4939,7.2171],[130.2395,-11.4951,5.5688],[130.2392,-11.4968,8.5021],[130.238,-11.4942,7.2171],[130.2359,-11.4942,7.7292],[130.2348,-11.4991,0.0],[130.2379,-11.5066,4.9613],[130.2378,-11.5109,5.7974],[130.2404,-11.5107,6.8755],[130.2346,-11.5179,0.0],[130.2353,-11.521,0.0],[130.2473,-11.5276,5.1677],[130.2525,-11.5288,0.0],[130.2609,-11.5271,6.9028],[130.2579,-11.533,0.0],[130.2633,-11.5428,3.2565],[130.2693,-11.544,0.8021],[130.2833,-11.5399,5.1911],[130.2823,-11.5415,7.4986],[130.275,-11.5427,3.4541],[130.2673,-11.5465,7.0493],[130.2664,-11.5538,0.0],[130.2631,-11.5594,2.5032],[130.2665,-11.5675,3.786],[130.2731,-11.5693,2.6302],[130.2793,-11.5744,4.4079],[130.2813,-11.5812,4.2177],[130.2789,-11.5781,4.6268],[130.2788,-11.575,3.55],[130.2725,-11.5701,4.6385],[130.2686,-11.569,2.6333],[130.2615,-11.571,6.2825],[130.2657,-11.5685,3.5943],[130.2639,-11.5664,3.8894],[130.2609,-11.5525,0.0],[130.257,-11.5466,6.9666],[130.2553,-11.5373,1.8496],[130.2529,-11.535,7.0696],[130.2436,-11.5347,8.149],[130.239,-11.5393,6.4973],[130.2422,-11.5342,8.7601],[130.2323,-11.5274,19.9534],[130.2306,-11.5286,17.8913],[130.2312,-11.5239,0.0],[130.225,-11.5072,7.3323],[130.2158,-11.5144,0.0],[130.2007,-11.5144,0.0],[130.1956,-11.5162,0.0],[130.1947,-11.5279,3.2043],[130.1924,-11.5315,17.9413],[130.192,-11.5367,5.1447],[130.1895,-11.5397,11.9562],[130.1841,-11.54,9.3259],[130.1799,-11.5459,0.0],[130.1785,-11.5526,1.7647],[130.1748,-11.5578,8.2016],[130.1794,-11.5651,0.0],[130.1828,-11.566,5.0873],[130.1832,-11.5688,0.0],[130.1857,-11.5689,6.4081],[130.1857,-11.5721,0.0],[130.1953,-11.5719,5.6652],[130.2008,-11.5856,5.0105],[130.1971,-11.6163,10.7642],[130.1932,-11.6265,5.4879],[130.1906,-11.6396,13.8801],[130.1913,-11.6427,14.4013],[130.193,-11.6438,7.4992],[130.2099,-11.6426,6.7161],[130.2138,-11.6389,3.284],[130.2132,-11.6337,2.4914],[130.2178,-11.6311,5.8217],[130.2179,-11.6364,4.9831],[130.2249,-11.6336,6.2041],[130.2196,-11.6372,5.1411],[130.2171,-11.6364,4.9831],[130.2165,-11.6352,3.7367],[130.2175,-11.6321,4.6272],[130.2141,-11.6344,2.4914],[130.2172,-11.6381,4.1941],[130.2304,-11.6438,2.1202],[130.2355,-11.651,0.0],[130.237,-11.6618,1.0063],[130.2506,-11.6673,2.602],[130.2535,-11.6733,2.5088],[130.2549,-11.674,4.1743],[130.2575,-11.6718,5.0002],[130.2592,-11.6672,5.2695],[130.2596,-11.6651,7.7144],[130.257,-11.6633,5.5987],[130.2655,-11.6617,8.1321],[130.2585,-11.6752,6.1057],[130.252,-11.6768,7.9237],[130.2477,-11.6739,1.5571],[130.2463,-11.6786,4.2434],[130.252,-11.6822,0.0],[130.2554,-11.6924,1.9714],[130.2566,-11.6917,6.3309],[130.2578,-11.6955,0.0],[130.2614,-11.698,0.0],[130.2707,-11.6949,0.0],[130.2765,-11.691,6.68],[130.2787,-11.6914,0.0],[130.2811,-11.6942,2.9974],[130.2897,-11.6954,1.1395],[130.2932,-11.6922,4.992],[130.292,-11.7009,1.9762],[130.2946,-11.7073,0.0],[130.2991,-11.7107,3.8503],[130.2975,-11.7213,4.2445],[130.3059,-11.733,7.0638],[130.3044,-11.7327,7.6101],[130.3023,-11.7282,6.3416],[130.2951,-11.7258,5.5482],[130.2967,-11.7251,0.9217],[130.2932,-11.7203,5.556],[130.2909,-11.7113,3.2288],[130.2835,-11.6986,6.4693],[130.2754,-11.6995,3.2773],[130.2653,-11.7075,0.6971],[130.2609,-11.7068,1.7702],[130.2549,-11.7001,1.4405],[130.2497,-11.6978,6.7349],[130.2429,-11.6877,2.7934],[130.2404,-11.6873,1.1561],[130.2408,-11.6899,4.2436],[130.2391,-11.6919,6.3565],[130.24,-11.6886,4.7313],[130.2381,-11.6845,0.8682],[130.2329,-11.6809,0.0],[130.2305,-11.6832,2.9605],[130.2312,-11.6887,5.8324],[130.2256,-11.6928,4.0178],[130.2303,-11.6875,7.2156],[130.2286,-11.6773,10.4305],[130.223,-11.6704,9.8022],[130.2176,-11.6722,4.2826],[130.2129,-11.6853,0.0],[130.2065,-11.6938,0.0],[130.2085,-11.6959,0.0],[130.2209,-11.6956,1.7786],[130.2244,-11.6978,0.7217],[130.2258,-11.704,7.0993],[130.2298,-11.704,6.0063],[130.2256,-11.7054,5.7799],[130.2229,-11.7121,0.0],[130.226,-11.7144,8.5509],[130.226,-11.7172,6.6885],[130.2244,-11.7143,6.8927],[130.2213,-11.7137,7.5838],[130.2171,-11.7173,10.0931],[130.2193,-11.7195,5.4866],[130.2252,-11.7201,0.0],[130.2291,-11.7246,0.0],[130.2339,-11.7253,0.0],[130.2355,-11.724,5.541],[130.2337,-11.7268,0.0],[130.2355,-11.7296,0.8481],[130.2333,-11.7286,0.0],[130.2324,-11.7335,0.0],[130.2352,-11.7342,4.6548],[130.2322,-11.7385,0.0],[130.2378,-11.7441,8.0901],[130.2372,-11.7466,4.8659],[130.2363,-11.7434,3.5527],[130.2307,-11.7392,4.1139],[130.2289,-11.7331,2.5577],[130.2244,-11.7262,0.0],[130.22,-11.7304,6.664],[130.2223,-11.7252,7.4491],[130.2178,-11.7236,3.5776],[130.2145,-11.7198,6.3448],[130.2105,-11.7194,2.3175],[130.2066,-11.7248,6.9995],[130.2075,-11.7204,6.3779],[130.211,-11.718,0.0],[130.2106,-11.7146,6.6494],[130.2138,-11.7099,7.1727],[130.2094,-11.7054,3.8691],[130.2063,-11.7063,3.3475],[130.204,-11.7091,6.1425],[130.2055,-11.7059,5.7121],[130.2072,-11.7049,2.277],[130.2113,-11.7049,0.8938],[130.2151,-11.7105,0.0],[130.2132,-11.715,0.0],[130.2217,-11.7039,3.4626],[130.2208,-11.7023,5.1559],[130.2087,-11.6999,7.1055],[130.2047,-11.6969,5.5035],[130.2035,-11.6941,3.5475],[130.2038,-11.6868,7.503],[130.2117,-11.677,1.4188],[130.2143,-11.6644,7.8396],[130.2093,-11.6542,0.0],[130.2047,-11.6514,7.5037],[130.2023,-11.6533,8.6047],[130.2037,-11.6507,3.0824],[130.2023,-11.6494,0.0],[130.1954,-11.6549,0.0],[130.186,-11.6715,0.0],[130.1793,-11.6797,0.0],[130.16,-11.6986,0.0],[130.1573,-11.7051,0.0],[130.1293,-11.704,3.7905],[130.1234,-11.7022,3.6453],[130.1224,-11.7033,5.8465],[130.1242,-11.7054,4.7968],[130.1225,-11.7072,5.406],[130.1236,-11.7053,4.7968],[130.1213,-11.7029,6.6004],[130.1235,-11.7013,3.6453],[130.1166,-11.6992,1.1478],[130.1068,-11.686,2.5174],[130.0939,-11.6775,0.0],[130.09,-11.671,0.0],[130.085,-11.6693,0.0],[130.0787,-11.6709,2.2339],[130.0765,-11.6691,0.0],[130.0736,-11.6715,1.6273],[130.072,-11.6778,0.0],[130.0718,-11.6805,0.0],[130.0733,-11.6796,2.7561],[130.0746,-11.6823,2.9986],[130.0716,-11.6819,2.0025],[130.0688,-11.6862,0.0],[130.0711,-11.6985,9.6486],[130.0717,-11.7229,5.9749],[130.0671,-11.7409,2.0177],[130.0615,-11.7509,1.9025],[130.0642,-11.7509,5.72],[130.0618,-11.7533,0.9912],[130.0639,-11.7567,0.0],[130.0705,-11.7592,6.0878],[130.0727,-11.7582,3.3535],[130.0707,-11.7599,0.0],[130.0739,-11.767,4.5916],[130.0808,-11.7688,4.8109],[130.0735,-11.7716,8.3182],[130.0705,-11.7657,7.5193],[130.0672,-11.7632,9.2168],[130.066,-11.7638,0.0],[130.0679,-11.7671,7.832],[130.0652,-11.7647,7.1891],[130.0569,-11.766,0.0],[130.0549,-11.765,1.7764],[130.0532,-11.761,1.0224],[130.0497,-11.7606,10.0116],[130.0442,-11.756,2.66],[130.0427,-11.7555,2.66],[130.04,-11.758,12.5324],[130.0332,-11.7563,1.097],[130.032,-11.7599,5.2974],[130.0286,-11.7623,1.7827],[130.028,-11.7664,10.6879],[130.0224,-11.7714,1.8978],[130.0204,-11.7759,1.9756],[130.0204,-11.7789,5.4118],[130.0244,-11.7834,14.7646],[130.0257,-11.7927,0.0],[130.0238,-11.7973,14.7359],[130.0263,-11.7983,14.0558],[130.0308,-11.8062,9.7745],[130.0384,-11.8119,5.4223],[130.0409,-11.8165,0.0],[130.0489,-11.8241,5.3263],[130.052,-11.8237,2.3445],[130.0522,-11.8212,16.7924],[130.0547,-11.8195,16.2524],[130.0592,-11.8201,0.0],[130.0649,-11.8185,3.3499],[130.0879,-11.8254,1.5097],[130.089,-11.8232,7.3991],[130.1,-11.8205,5.4912],[130.1182,-11.8271,1.481],[130.1308,-11.8252,0.0],[130.1605,-11.816,7.6563],[130.1745,-11.81,0.0],[130.1923,-11.806,12.9244],[130.2031,-11.8054,2.7317],[130.2418,-11.7913,0.0],[130.2539,-11.7896,0.0],[130.2636,-11.7853,7.092],[130.2983,-11.777,1.5371],[130.3123,-11.7709,16.3607],[130.3314,-11.7759,14.0705],[130.3551,-11.7798,2.0202],[130.3639,-11.7842,4.8038],[130.3678,-11.7801,10.5513],[130.367,-11.7828,4.1893],[130.3686,-11.7842,10.3401],[130.3659,-11.7846,0.0],[130.3746,-11.7885,0.0],[130.3844,-11.7967,2.2081],[130.3931,-11.8014,0.0],[130.3927,-11.8002,11.1001],[130.4224,-11.8054,3.0619],[130.4356,-11.8129,3.1643],[130.4373,-11.813,3.0478],[130.4372,-11.8111,8.836],[130.4384,-11.8145,3.0478],[130.4453,-11.8169,1.1107],[130.4504,-11.8139,11.6908],[130.4543,-11.8136,6.3013],[130.5034,-11.8303,38.5083],[130.5126,-11.8295,34.8605],[130.5458,-11.819,2.925],[130.5678,-11.821,0.0],[130.5632,-11.8164,5.3326],[130.5667,-11.8118,11.0003],[130.5706,-11.8107,10.1186],[130.572,-11.8111,7.6946],[130.5696,-11.8136,5.7519],[130.5698,-11.8174,1.3418],[130.5832,-11.8276,0.0],[130.5905,-11.8256,10.3538],[130.6064,-11.8265,4.3103],[130.6125,-11.8212,1.2154],[130.6199,-11.8069,8.3391],[130.6215,-11.7967,1.6446],[130.6316,-11.7819,3.7688],[130.632,-11.7763,5.0159],[130.635,-11.7745,6.6666],[130.6408,-11.7604,5.6698],[130.6407,-11.7541,1.5383],[130.6174,-11.734,1.4399],[130.6139,-11.7369,4.0928],[130.6107,-11.7371,3.3102],[130.6005,-11.7349,7.6261],[130.5923,-11.7305,2.2227],[130.5892,-11.7248,3.9772],[130.5895,-11.7158,7.5185],[130.5849,-11.7089,4.8687],[130.582,-11.7081,4.6545],[130.5764,-11.7111,3.1918],[130.5643,-11.707,4.9818],[130.5561,-11.6928,1.4334],[130.5493,-11.6898,0.8317],[130.5334,-11.6944,0.0],[130.5169,-11.6912,0.0],[130.5096,-11.6836,0.0],[130.5054,-11.6846,5.8364],[130.507,-11.6825,1.3066],[130.485,-11.6699,4.2215],[130.4801,-11.67,0.0],[130.4684,-11.6662,4.5646],[130.469,-11.662,9.3557],[130.4629,-11.6469,2.4944],[130.4647,-11.6294,0.0],[130.4612,-11.6289,4.7354],[130.4602,-11.6239,1.6761],[130.4549,-11.6257,3.7025],[130.4552,-11.6287,3.4329],[130.4545,-11.6294,3.4329],[130.4487,-11.6271,6.4003],[130.4521,-11.627,4.8006],[130.4546,-11.6288,3.4329],[130.4542,-11.6252,3.7025],[130.4604,-11.6218,5.0469],[130.4599,-11.6168,1.8627],[130.4629,-11.6083,0.0],[130.4622,-11.592,0.0],[130.4642,-11.5851,0.0],[130.4637,-11.575,9.7039],[130.4526,-11.567,0.0],[130.4533,-11.5726,1.2408],[130.4521,-11.5732,3.7036],[130.4415,-11.5597,4.1033],[130.4299,-11.5498,4.617],[130.4242,-11.5465,9.4682],[130.4117,-11.5449,5.6372],[130.4024,-11.5399,6.8462],[130.3856,-11.5222,3.6773],[130.3762,-11.507,3.9193],[130.3767,-11.5011,3.9169],[130.3808,-11.4944,10.3094],[130.3752,-11.4841,6.9076],[130.3789,-11.4829,4.3047],[130.3822,-11.4765,0.8687],[130.3866,-11.4726,2.5719],[130.3895,-11.4714,0.0],[130.3928,-11.4728,0.0],[130.3942,-11.4623,0.0],[130.397,-11.4584,2.658],[130.3969,-11.454,3.7348],[130.4033,-11.4491,1.8902],[130.4039,-11.4467,5.8244],[130.3997,-11.4402,6.5598],[130.4004,-11.4359,0.6549],[130.3988,-11.4297,3.0246],[130.4001,-11.425,13.2243],[130.3978,-11.4204,9.4237],[130.3944,-11.4161,0.0],[130.3852,-11.4184,4.0751],[130.388,-11.4133,0.0],[130.3852,-11.4098,3.9594],[130.3843,-11.4053,0.0],[130.3795,-11.4033,14.2807],[130.3726,-11.3971,3.0318],[130.3647,-11.3824,7.9404],[130.3613,-11.3798,5.807],[130.3607,-11.3781,6.3006],[130.3623,-11.3764,1.7831],[130.3604,-11.3669,2.813],[130.3562,-11.3569,4.1163],[130.3548,-11.3487,2.6758],[130.3496,-11.3466,6.0431],[130.3495,-11.3412,1.4477],[130.3469,-11.3345,1.5176],[130.3427,-11.3293,4.7697],[130.3426,-11.3263,0.9057],[130.336,-11.3242,5.5283],[130.3345,-11.3257,7.5918],[130.3347,-11.3291,7.1907],[130.3291,-11.3304,7.1965],[130.3262,-11.3336,4.7459],[130.3223,-11.3333,6.3619],[130.327,-11.3325,4.9319],[130.3283,-11.3299,7.1965],[130.3341,-11.3285,5.8717],[130.3339,-11.325,4.8384],[130.3358,-11.3235,5.5283],[130.338,-11.3235,8.6763],[130.3433,-11.3259,0.0],[130.3442,-11.3305,3.0164],[130.3481,-11.3334,1.5176],[130.3502,-11.3404,1.4477]]],
[[[133.4911,-11.5029,0.0],[133.4866,-11.5014,0.6129],[133.4816,-11.4962,0.0],[133.48,-11.4865,0.0],[133.4747,-11.4713,0.0],[133.4676,-11.4644,0.0],[133.4632,-11.466,-0.0413],[133.4606,-11.4693,0.3162],[133.455,-11.4695,-0.0164],[133.4507,-11.4772,1.0402],[133.4337,-11.4841,0.0],[133.4236,-11.4906,0.0],[133.418,-11.4913,3.8896],[133.4089,-11.4891,0.0],[133.4042,-11.4903,0.0],[133.3984,-11.4881,0.5111],[133.3912,-11.488,1.9587],[133.3898,-11.4897,0.3199],[133.3917,-11.4944,0.6801],[133.4003,-11.5012,13.037],[133.4016,-11.5062,11.1219],[133.398,-11.5233,0.4785],[133.3946,-11.5289,3.8119],[133.3889,-11.5335,1.0242],[133.3831,-11.5431,0.593],[133.3859,-11.5466,0.0],[133.3924,-11.5417,0.0],[133.4029,-11.5291,1.2675],[133.4073,-11.5268,2.3417],[133.4165,-11.5268,1.8164],[133.4248,-11.5114,2.9232],[133.4345,-11.506,3.5178],[133.4408,-11.5055,11.2705],[133.4502,-11.5112,12.2971],[133.4536,-11.5155,1.6925],[133.4592,-11.5164,1.8665],[133.4747,-11.5145,9.3259],[133.4788,-11.5172,3.7369],[133.4875,-11.5164,3.333],[133.4911,-11.5193,0.0],[133.4935,-11.5136,0.0],[133.493,-11.5056,0.0364],[133.4911,-11.5029,0.0]]],
[[[130.4082,-11.4231,1.3997],[130.4063,-11.4273,0.0],[130.4075,-11.4295,7.9948],[130.4093,-11.4286,9.8848],[130.4082,-11.4231,1.3997]]],
[[[131.9623,-11.487,0.0],[131.9631,-11.4839,2.398],[131.9649,-11.4838,0.0],[131.9614,-11.4768,0.7739],[131.9544,-11.4725,0.0],[131.9484,-11.4737,0.6832],[131.9477,-11.4785,3.5315],[131.9504,-11.4837,2.6428],[131.9592,-11.4883,1.2686],[131.9623,-11.487,0.0]]],
[[[132.7255,-11.4736,0.0],[132.7229,-11.4745,0.0],[132.7249,-11.4776,0.0],[132.7264,-11.4753,0.146],[132.7255,-11.4736,0.0]]],
[[[130.568,-11.363,3.2823],[130.5682,-11.3645,3.2823],[130.5703,-11.3643,1.5407],[130.5693,-11.3616,1.5169],[130.568,-11.363,3.2823]]],
[[[132.6746,-11.1987,0.0],[132.6763,-11.194,4.3283],[132.681,-11.1932,3.7914],[132.682,-11.1883,3.7331],[132.6704,-11.1841,0.0],[132.6636,-11.1859,0.0],[132.6531,-11.194,0.0],[132.6505,-11.204,0.0],[132.6428,-11.2095,0.0],[132.6488,-11.2123,20.2269],[132.6558,-11.2075,5.6204],[132.6604,-11.2111,14.9467],[132.6683,-11.1999,1.2111],[132.6719,-11.1981,7.2874],[132.6746,-11.1987,0.0]]],
[[[132.8931,-11.1412,0.0],[132.8768,-11.1467,0.7524],[132.868,-11.1442,0.0],[132.8633,-11.1395,0.0],[132.8606,-11.1411,0.0],[132.8568,-11.1475,0.0],[132.86,-11.1511,16.543],[132.8665,-11.1523,2.2468],[132.8719,-11.1561,5.1972],[132.8746,-11.1684,2.5833],[132.8767,-11.1701,12.489],[132.8805,-11.1695,15.3976],[132.8973,-11.16,1.1187],[132.9038,-11.161,0.4742],[132.9061,-11.1537,0.6894],[132.9042,-11.1501,0.7398],[132.9071,-11.152,1.112],[132.9053,-11.1612,0.8111],[132.9138,-11.1653,4.4851],[132.917,-11.1698,16.5639],[132.9197,-11.1692,0.0],[132.914,-11.1588,0.8249],[132.9146,-11.1433,0.7481],[132.9173,-11.1399,0.0],[132.9157,-11.1398,0.2889],[132.9121,-11.1428,0.0],[132.9068,-11.1398,0.0],[132.9041,-11.1427,0.0],[132.8972,-11.1401,0.0],[132.8931,-11.1412,0.0]]],
[[[132.7976,-11.3929,4.0242],[132.8032,-11.3886,1.9995],[132.7961,-11.3864,0.0],[132.7814,-11.3744,0.0],[132.7792,-11.3733,0.0],[132.7764,-11.3742,0.0],[132.7751,-11.3774,19.4682],[132.7789,-11.3819,14.4629],[132.7801,-11.3894,10.6596],[132.7875,-11.3882,1.984],[132.7973,-11.3946,3.2475],[132.8005,-11.3948,0.1482],[132.7976,-11.3929,4.0242]]],
[[[132.7846,-11.3165,2.9863],[132.7846,-11.3156,0.0],[132.7824,-11.3162,0.0],[132.7834,-11.3167,2.9863],[132.7846,-11.3165,2.9863]]],
[[[132.7292,-11.2938,1.2523],[132.7307,-11.2957,2.6741],[132.7333,-11.2918,2.2039],[132.7328,-11.2848,1.4307],[132.7199,-11.2845,0.0],[132.7214,-11.2866,3.2453],[132.7198,-11.2894,1.0878],[132.7239,-11.2902,0.7731],[132.7292,-11.2938,1.2523]]],
[[[136.766,-11.0347,3.6697],[136.7662,-11.0285,1.4279],[136.7607,-11.0251,0.0],[136.7605,-11.0192,2.7694],[136.7591,-11.0177,0.0],[136.7577,-11.0249,0.9655],[136.7555,-11.0266,1.3182],[136.7519,-11.0264,1.6776],[136.7509,-11.0303,3.7687],[136.7486,-11.027,1.1067],[136.7458,-11.027,0.581],[136.7404,-11.0327,2.0454],[136.7368,-11.0339,1.0887],[136.7381,-11.0359,1.689],[136.7409,-11.0357,0.0],[136.7452,-11.0482,6.079],[136.7401,-11.0461,0.0],[136.7371,-11.0478,0.4262],[136.736,-11.0506,3.5056],[136.7315,-11.0422,3.1708],[136.7278,-11.0421,0.7531],[136.7258,-11.0396,2.7147],[136.7247,-11.0425,2.0598],[136.7211,-11.0441,0.0],[136.7178,-11.0513,10.7751],[136.7128,-11.0547,0.0],[136.7146,-11.0564,0.0],[136.721,-11.0552,4.2432],[136.7248,-11.0593,2.6212],[136.7295,-11.0614,2.2732],[136.7341,-11.0606,3.0778],[136.7345,-11.0705,0.7721],[136.7377,-11.0745,1.2573],[136.7363,-11.0787,2.9147],[136.7306,-11.0831,0.0],[136.7297,-11.0931,0.0],[136.7271,-11.0972,0.7537],[136.7207,-11.0983,3.3107],[136.7206,-11.096,1.6882],[136.7088,-11.091,0.0],[136.7059,-11.0925,0.0],[136.7007,-11.0923,0.5749],[136.7029,-11.0946,0.0],[136.7025,-11.0999,0.4834],[136.7073,-11.1008,0.8542],[136.7119,-11.0973,4.6526],[136.7159,-11.0984,5.2056],[136.7163,-11.1012,2.154],[136.714,-11.1026,0.0],[136.7142,-11.1049,0.0],[136.7203,-11.1072,3.1417],[136.7222,-11.1099,0.5775],[136.7188,-11.1214,2.2411],[136.7158,-11.1247,4.2918],[136.7056,-11.1211,0.0674],[136.7037,-11.1178,-0.0301],[136.703,-11.1219,7.0356],[136.6937,-11.1197,0.007],[136.6983,-11.1239,3.2843],[136.7045,-11.1236,3.4458],[136.7067,-11.1251,0.0],[136.706,-11.1302,0.0],[136.7038,-11.1304,0.644],[136.702,-11.1341,-0.0682],[136.7037,-11.1368,1.2972],[136.701,-11.1382,-0.0333],[136.7045,-11.142,0.0],[136.7048,-11.1479,0.0],[136.7026,-11.1504,0.5999],[136.6982,-11.1498,1.8183],[136.6962,-11.1518,0.0],[136.6981,-11.1532,1.4933],[136.703,-11.1529,5.3125],[136.7067,-11.1679,2.0247],[136.7001,-11.176,0.7245],[136.6973,-11.1757,0.0],[136.6927,-11.1823,1.6936],[136.6931,-11.1874,14.7298],[136.6873,-11.1927,0.0],[136.6724,-11.197,0.0],[136.666,-11.1907,1.7053],[136.6651,-11.1852,0.0],[136.6635,-11.1841,0.1587],[136.6573,-11.1849,3.6477],[136.6512,-11.1909,0.0],[136.6516,-11.196,0.0524],[136.6468,-11.2018,7.2115],[136.6436,-11.2099,5.3606],[136.6373,-11.2121,0.8925],[136.6316,-11.2121,0.0],[136.6324,-11.2132,0.5773],[136.6311,-11.2138,0.5773],[136.6279,-11.2093,0.0],[136.6275,-11.2051,0.0],[136.6248,-11.2076,0.0],[136.6217,-11.2134,5.0292],[136.6243,-11.22,3.4721],[136.6228,-11.2238,4.0902],[136.6247,-11.2289,0.8983],[136.6203,-11.2381,6.3511],[136.6142,-11.2452,0.0],[136.6101,-11.2472,0.1325],[136.6072,-11.2464,1.2473],[136.6073,-11.2524,2.7246],[136.601,-11.2638,0.0],[136.5879,-11.2789,0.9781],[136.5832,-11.2817,0.0],[136.5872,-11.2836,2.0417],[136.5863,-11.2918,3.8998],[136.5837,-11.2966,0.0],[136.5844,-11.2995,7.7379],[136.5806,-11.3013,0.0],[136.5816,-11.303,0.0],[136.5791,-11.3068,0.0808],[136.5802,-11.3074,1.8494],[136.5788,-11.3098,0.0],[136.5793,-11.3121,0.6015],[136.5778,-11.3122,0.6015],[136.5769,-11.3163,1.1218],[136.5795,-11.3178,2.6189],[136.5794,-11.3213,0.0],[136.5829,-11.3246,10.076],[136.5813,-11.324,0.0],[136.5741,-11.3341,0.0],[136.5705,-11.3342,0.0],[136.5692,-11.3327,0.0],[136.5659,-11.3353,0.0255],[136.5684,-11.3359,4.408],[136.5688,-11.3417,0.0],[136.5632,-11.3474,0.0],[136.5582,-11.3474,0.0],[136.5565,-11.3432,0.3081],[136.551,-11.3457,1.0508],[136.5497,-11.3497,1.5617],[136.5541,-11.3522,2.5794],[136.5544,-11.3561,0.0],[136.5525,-11.3588,2.5011],[136.5493,-11.3587,2.2721],[136.5502,-11.3611,4.3412],[136.5478,-11.365,2.0565],[136.5378,-11.3686,2.7431],[136.536,-11.3648,4.2392],[136.5334,-11.3656,2.6378],[136.5325,-11.3742,8.6834],[136.5302,-11.3775,0.0],[136.5249,-11.3828,1.4032],[136.5175,-11.3842,0.1755],[136.5199,-11.3857,0.0],[136.5168,-11.3939,1.2012],[136.5205,-11.3956,1.7898],[136.5145,-11.3971,2.253],[136.5166,-11.3952,2.1112],[136.5152,-11.3932,0.0],[136.5084,-11.3949,1.2099],[136.5001,-11.3916,1.2306],[136.4978,-11.3922,5.0312],[136.5,-11.3986,6.1811],[136.4972,-11.4005,5.9592],[136.4953,-11.4065,3.6188],[136.4961,-11.4081,0.0],[136.5001,-11.4079,14.6662],[136.5033,-11.4103,3.9431],[136.5029,-11.4127,2.4284],[136.5023,-11.4105,3.9431],[136.4994,-11.4091,3.3094],[136.4995,-11.4117,4.8864],[136.4977,-11.4133,4.415],[136.5011,-11.4192,2.9149],[136.5019,-11.4248,6.0934],[136.4962,-11.4283,12.083],[136.4958,-11.4326,9.1767],[136.4975,-11.4353,10.2257],[136.4948,-11.4378,0.0],[136.488,-11.4387,0.0],[136.4872,-11.442,8.0952],[136.476,-11.448,3.5457],[136.4746,-11.4502,0.6669],[136.4794,-11.4507,4.0379],[136.4839,-11.4565,3.0152],[136.4937,-11.4608,2.0587],[136.4976,-11.4565,-0.1222],[136.5033,-11.4544,2.7472],[136.4984,-11.4509,0.0],[136.5,-11.4418,1.1522],[136.5032,-11.4415,1.1581],[136.5051,-11.4386,24.3801],[136.5146,-11.4347,0.0],[136.5184,-11.4308,16.4753],[136.5241,-11.4327,7.7126],[136.5254,-11.4351,1.8946],[136.5244,-11.4392,7.88],[136.5217,-11.4389,0.0],[136.5222,-11.4414,13.2583],[136.5208,-11.4429,0.0],[136.522,-11.4446,-0.0387],[136.5275,-11.445,7.6459],[136.536,-11.4419,18.7108],[136.5385,-11.4387,0.0],[136.5376,-11.4334,13.122],[136.5417,-11.4321,0.0],[136.5377,-11.4261,27.2669],[136.547,-11.4245,39.2843],[136.5551,-11.4168,9.1008],[136.5581,-11.411,22.703],[136.5629,-11.4076,41.5559],[136.5623,-11.3985,21.9297],[136.5666,-11.3988,15.3124],[136.5694,-11.397,5.7682],[136.5696,-11.3934,5.4181],[136.5727,-11.3905,25.6622],[136.5788,-11.3886,10.6514],[136.582,-11.3845,12.1053],[136.5887,-11.3835,10.3478],[136.5885,-11.3775,9.3296],[136.5938,-11.3724,39.0971],[136.5947,-11.3614,0.0],[136.6004,-11.3584,10.9196],[136.5996,-11.3476,4.7823],[136.6045,-11.3446,0.0],[136.6078,-11.3382,51.0866],[136.6131,-11.3344,22.1903],[136.6162,-11.3285,27.7287],[136.6174,-11.328,0.8113],[136.6198,-11.3307,46.0742],[136.6271,-11.3287,0.0],[136.6243,-11.3269,25.8973],[136.6252,-11.3174,4.615],[136.6232,-11.3131,0.833],[136.625,-11.3114,7.2027],[136.6282,-11.313,2.859],[136.6296,-11.3097,0.0],[136.6275,-11.3057,0.0549],[136.6245,-11.3058,8.152],[136.6238,-11.3036,0.0],[136.6291,-11.2969,5.8331],[136.6342,-11.2948,23.3623],[136.6251,-11.2843,5.4364],[136.6333,-11.2777,14.1443],[136.6351,-11.2798,0.0],[136.6363,-11.2794,14.6249],[136.6371,-11.2825,0.0],[136.6402,-11.2814,30.1014],[136.6449,-11.2823,36.009],[136.6467,-11.2779,0.0],[136.6453,-11.2745,44.7851],[136.6481,-11.2717,1.0077],[136.6484,-11.2635,21.814],[136.6547,-11.2592,39.1042],[136.6621,-11.2642,6.7995],[136.6667,-11.2599,0.765],[136.6643,-11.2567,0.0],[136.6703,-11.2467,4.3664],[136.6767,-11.2448,6.6891],[136.681,-11.2491,30.8027],[136.684,-11.2488,8.7945],[136.6787,-11.2398,6.6292],[136.6744,-11.237,0.0],[136.6728,-11.2336,0.0],[136.6739,-11.229,0.5655],[136.668,-11.2275,3.1005],[136.6668,-11.2249,0.0],[136.6721,-11.2233,5.055],[136.6722,-11.2197,13.5705],[136.6747,-11.2191,15.8024],[136.6768,-11.2212,1.7997],[136.6784,-11.2188,9.7638],[136.6822,-11.2189,11.9837],[136.6815,-11.2151,0.0],[136.6847,-11.2133,1.1611],[136.695,-11.2188,1.116],[136.6964,-11.2139,14.9448],[136.703,-11.2099,10.4905],[136.7065,-11.2112,19.1564],[136.7091,-11.207,5.0935],[136.7086,-11.1988,9.041],[136.7116,-11.1947,0.0],[136.72,-11.1938,0.0],[136.7199,-11.1881,0.0],[136.7147,-11.1765,18.6395],[136.7184,-11.1722,0.0],[136.7203,-11.1665,0.0],[136.7196,-11.1608,0.0],[136.722,-11.1559,3.1983],[136.7217,-11.1509,10.6595],[136.737,-11.1278,10.1878],[136.7344,-11.1201,3.5193],[136.7348,-11.1146,4.3269],[136.7367,-11.1132,3.12],[136.7391,-11.1005,22.2288],[136.7442,-11.0975,19.152],[136.7468,-11.0862,16.6263],[136.7495,-11.0813,13.7873],[136.7471,-11.0732,16.2929],[136.7575,-11.0487,5.1312],[136.7574,-11.0445,5.8404],[136.7634,-11.04,0.2131],[136.766,-11.0347,3.6697]]],
[[[132.5927,-10.98,12.8549],[132.5974,-10.9764,6.2921],[132.5947,-10.9699,1.1308],[132.5872,-10.9737,0.0],[132.5705,-10.9734,0.7442],[132.5645,-10.9792,0.0],[132.5653,-10.9821,2.8061],[132.5638,-10.9857,0.0],[132.5568,-10.9943,0.623],[132.5585,-11.0018,0.0],[132.5617,-11.0067,1.3419],[132.5593,-11.0146,4.3447],[132.5617,-11.0232,0.0],[132.56,-11.0292,0.0],[132.554,-11.0364,0.0],[132.5455,-11.0425,0.0],[132.5336,-11.043,0.1294],[132.5412,-11.0461,1.3101],[132.5425,-11.0508,2.5446],[132.5452,-11.0525,4.461],[132.541,-11.0516,0.0],[132.5397,-11.0477,0.0],[132.5272,-11.0426,0.0],[132.5208,-11.0536,0.0],[132.5128,-11.0536,0.0],[132.502,-11.0578,0.0],[132.4962,-11.0559,0.0],[132.4915,-11.0496,0.0],[132.4837,-11.0482,0.8637],[132.4784,-11.0409,0.0],[132.4671,-11.0319,0.0],[132.4624,-11.0326,0.3267],[132.4615,-11.0372,0.0],[132.4686,-11.0429,5.9889],[132.4681,-11.0514,0.0],[132.4702,-11.0578,0.0],[132.474,-11.0586,5.9876],[132.4775,-11.0622,4.7583],[132.4857,-11.0784,3.602],[132.4884,-11.0788,10.863],[132.4923,-11.0757,11.771],[132.4968,-11.0773,3.5814],[132.5025,-11.085,4.7839],[132.5063,-11.0816,1.6344],[132.5094,-11.0825,0.9594],[132.5122,-11.0866,0.2329],[132.5133,-11.0925,0.0],[132.5098,-11.1034,0.0],[132.5092,-11.1171,0.0],[132.5046,-11.1244,0.0],[132.5055,-11.1283,0.8461],[132.511,-11.1298,0.0],[132.5117,-11.1345,1.5893],[132.5099,-11.1382,0.6714],[132.5021,-11.1487,0.299],[132.4918,-11.1552,0.0],[132.4848,-11.1559,0.0],[132.4816,-11.1494,0.0],[132.4764,-11.1489,0.0],[132.4695,-11.1535,0.0],[132.4698,-11.1569,0.0],[132.4712,-11.1587,4.942],[132.4777,-11.1592,5.1491],[132.4812,-11.167,6.5593],[132.4895,-11.1749,5.5425],[132.4945,-11.1879,0.0],[132.4995,-11.1952,12.76],[132.5006,-11.2051,2.721],[132.5126,-11.2123,6.0923],[132.518,-11.2245,3.2832],[132.5239,-11.2316,4.1545],[132.5275,-11.2333,0.0],[132.5306,-11.2436,2.7201],[132.5379,-11.2451,0.435],[132.5433,-11.2523,0.8427],[132.5425,-11.2611,5.9446],[132.5456,-11.2668,0.0],[132.546,-11.2791,0.0],[132.5496,-11.2836,0.7006],[132.5481,-11.2919,0.0],[132.5512,-11.2958,3.2106],[132.5552,-11.3107,0.8872],[132.5576,-11.3162,0.4228],[132.5646,-11.3238,0.2884],[132.5661,-11.3287,0.9282],[132.5796,-11.3315,9.9016],[132.5845,-11.3365,0.9152],[132.5876,-11.3436,3.9109],[132.5855,-11.3537,0.0],[132.588,-11.3558,1.0791],[132.5902,-11.3541,0.34],[132.5928,-11.345,1.5908],[132.5918,-11.3313,1.1006],[132.5997,-11.3001,3.3329],[132.604,-11.2992,1.3223],[132.6084,-11.2943,7.5568],[132.6101,-11.2873,25.0478],[132.6145,-11.2854,8.8471],[132.6185,-11.2863,0.0],[132.6194,-11.2848,2.4823],[132.6193,-11.2708,1.5444],[132.6161,-11.244,6.7795],[132.6192,-11.2321,6.2423],[132.6152,-11.2303,2.9483],[132.6128,-11.2242,0.0],[132.6077,-11.2224,4.3921],[132.6043,-11.2188,0.0],[132.6027,-11.2047,0.0],[132.6083,-11.1937,0.6403],[132.6151,-11.1861,12.5289],[132.6255,-11.1878,10.4685],[132.6313,-11.1862,0.0],[132.6245,-11.1773,7.9645],[132.6248,-11.1728,0.0],[132.6224,-11.1734,0.0],[132.6201,-11.1719,0.0],[132.6175,-11.175,0.0],[132.6073,-11.1706,0.0],[132.6004,-11.1703,0.0],[132.6013,-11.1741,0.7928],[132.6002,-11.1767,0.3082],[132.597,-11.1787,0.0],[132.5922,-11.179,0.0],[132.5859,-11.1752,0.0],[132.581,-11.1658,2.1833],[132.5797,-11.1542,1.7101],[132.5868,-11.1404,1.3229],[132.5901,-11.1388,8.7494],[132.5932,-11.1395,12.4759],[132.5968,-11.1437,5.2197],[132.6024,-11.1428,15.5744],[132.6097,-11.1355,4.3679],[132.6104,-11.1325,0.0],[132.6144,-11.1297,0.0],[132.6132,-11.1257,0.0],[132.6064,-11.124,0.0],[132.6023,-11.1178,0.0],[132.6017,-11.111,5.5335],[132.6035,-11.106,0.6563],[132.598,-11.0955,0.0],[132.5975,-11.0741,1.7526],[132.5868,-11.0567,2.3241],[132.5852,-11.0479,9.6013],[132.5855,-11.028,5.7472],[132.5806,-11.0175,6.8096],[132.579,-11.0046,7.338],[132.5831,-10.9908,5.5321],[132.5872,-10.9868,0.7373],[132.5796,-10.9866,7.3971],[132.5794,-10.9826,3.397],[132.5802,-10.9854,2.2963],[132.5881,-10.9849,6.376],[132.5893,-10.9893,1.1269],[132.5921,-10.9848,1.9544],[132.5927,-10.98,12.8549]]],
[[[134.213,-11.8918,0.0],[134.2124,-11.8901,0.5598],[134.2113,-11.8894,0.0],[134.2115,-11.8919,0.0],[134.213,-11.8918,0.0]]],
[[[136.4157,-11.8695,16.6924],[136.4163,-11.8682,16.6924],[136.4118,-11.8646,4.5245],[136.4113,-11.8591,0.0],[136.4081,-11.8552,0.0],[136.4075,-11.8585,0.0],[136.4055,-11.8576,0.0],[136.4036,-11.8606,1.4324],[136.4097,-11.8635,2.9287],[136.4097,-11.8785,0.8395],[136.4035,-11.8746,5.5079],[136.3964,-11.878,0.7224],[136.3967,-11.8806,2.5541],[136.3999,-11.8826,5.7139],[136.3985,-11.8898,0.3658],[136.3901,-11.8926,0.0],[136.3859,-11.8984,4.8709],[136.3814,-11.8986,0.0],[136.3811,-11.9018,0.0],[136.3789,-11.9033,3.3405],[136.3686,-11.9018,2.4198],[136.3669,-11.9029,0.0],[136.3791,-11.9066,3.8975],[136.386,-11.9066,6.6643],[136.3938,-11.9024,6.7337],[136.3998,-11.9034,38.5223],[136.4046,-11.9022,20.8063],[136.4054,-11.9008,2.7916],[136.4024,-11.897,3.6413],[136.4088,-11.8936,7.5453],[136.4153,-11.8964,0.0],[136.4217,-11.8935,0.0],[136.4315,-11.8943,4.001],[136.4324,-11.8817,23.5149],[136.4315,-11.878,11.0753],[136.4269,-11.872,9.4253],[136.4267,-11.8662,0.2552],[136.4253,-11.8658,0.2552],[136.4234,-11.8692,0.4335],[136.4226,-11.8745,0.0],[136.4185,-11.874,6.3248],[136.4157,-11.8695,16.6924]]],
[[[135.9823,-11.8552,7.5749],[135.9922,-11.8527,7.3621],[135.9926,-11.8511,0.4807],[135.9823,-11.8481,2.4876],[135.9765,-11.8579,0.0],[135.9657,-11.8667,3.0614],[135.9577,-11.8687,2.775],[135.9497,-11.8772,1.3126],[135.9421,-11.8797,1.6577],[135.9415,-11.8818,0.0],[135.9477,-11.8904,1.2492],[135.9465,-11.8993,1.7502],[135.9447,-11.9024,1.505],[135.946,-11.9046,0.5444],[135.9522,-11.9037,1.0609],[135.9569,-11.899,2.4984],[135.9622,-11.887,1.8073],[135.9618,-11.8798,2.5139],[135.9643,-11.8784,2.2461],[135.9677,-11.8798,5.2473],[135.9748,-11.8704,1.677],[135.976,-11.8638,9.7753],[135.9823,-11.8552,7.5749]]],
[[[135.1194,-11.9256,0.1838],[135.108,-11.9246,2.4447],[135.1025,-11.92,0.2531],[135.0911,-11.9211,0.0],[135.0827,-11.9161,0.1459],[135.0692,-11.9225,1.0077],[135.0571,-11.9192,-0.6531],[135.0528,-11.9224,0.9906],[135.0524,-11.9296,-0.1144],[135.047,-11.9407,0.3437],[135.0508,-11.9472,1.2828],[135.0535,-11.9491,2.3384],[135.0555,-11.9542,0.0],[135.0569,-11.9545,0.7927],[135.0653,-11.9502,0.0],[135.0715,-11.9512,0.189],[135.081,-11.9494,-1.4637],[135.0889,-11.9412,-0.1787],[135.1014,-11.943,0.0],[135.1075,-11.9423,-0.2793],[135.1151,-11.9378,-0.1502],[135.1219,-11.9298,0.0],[135.1225,-11.9274,0.0],[135.1194,-11.9256,0.1838]]],
[[[134.6669,-11.9172,0.0],[134.6667,-11.9176,0.0],[134.6676,-11.9187,0.0],[134.6683,-11.9179,0.0],[134.6669,-11.9172,0.0]]],
[[[136.4501,-11.9173,6.0969],[136.4538,-11.9174,24.6086],[136.4585,-11.9125,3.3575],[136.4588,-11.8993,2.6152],[136.457,-11.8971,1.1794],[136.4539,-11.9008,0.4294],[136.4466,-11.9032,3.8758],[136.4406,-11.9102,9.4252],[136.4362,-11.9126,6.7921],[136.4347,-11.9188,0.0],[136.4441,-11.9201,0.0],[136.4501,-11.9173,6.0969]]],
[[[136.4242,-11.9207,5.0027],[136.4252,-11.9197,5.0027],[136.425,-11.9193,1.1],[136.4232,-11.9196,0.0],[136.4242,-11.9207,5.0027]]],
[[[135.9014,-11.7574,0.0],[135.8893,-11.7622,4.5805],[135.8815,-11.76,5.9871],[135.8815,-11.7564,9.2928],[135.8797,-11.7552,3.762],[135.8765,-11.7556,2.6798],[135.8695,-11.7653,0.0],[135.8649,-11.7676,0.0],[135.8635,-11.772,0.0],[135.8665,-11.7836,4.4125],[135.8741,-11.7907,12.2947],[135.8855,-11.7921,5.9606],[135.8889,-11.8032,0.919],[135.8954,-11.7996,7.8426],[135.899,-11.8022,7.2925],[135.8995,-11.7974,6.6479],[135.901,-11.7949,3.8794],[135.8973,-11.7948,6.489],[135.9003,-11.7934,7.2859],[135.9037,-11.7939,5.4719],[135.9003,-11.797,6.6479],[135.9007,-11.8023,6.8987],[135.8989,-11.8046,7.7755],[135.9002,-11.8082,6.6451],[135.8989,-11.8085,6.6451],[135.8981,-11.8038,2.9912],[135.8947,-11.8022,2.7971],[135.887,-11.8058,0.0],[135.8835,-11.8041,1.3529],[135.8794,-11.811,0.0],[135.8716,-11.8325,0.0],[135.8648,-11.841,0.0],[135.8606,-11.8421,0.0],[135.8594,-11.8447,0.0],[135.8538,-11.8483,5.4839],[135.8482,-11.8487,0.0],[135.8351,-11.8376,1.523],[135.8357,-11.8415,6.5592],[135.833,-11.8481,7.0722],[135.8335,-11.8542,6.5776],[135.831,-11.8653,7.4242],[135.833,-11.8703,8.0225],[135.8313,-11.8713,11.5678],[135.8293,-11.8664,6.7159],[135.8302,-11.861,0.0],[135.8099,-11.883,0.0],[135.7813,-11.9096,5.1186],[135.776,-11.9127,0.0],[135.7705,-11.9118,1.7502],[135.7649,-11.9148,11.9533],[135.7605,-11.9127,0.6704],[135.7556,-11.9221,0.0],[135.734,-11.9379,0.0],[135.7484,-11.9331,1.6251],[135.7576,-11.9369,7.3878],[135.7528,-11.9367,7.1762],[135.7477,-11.9342,5.8097],[135.7419,-11.9377,1.3105],[135.7339,-11.9394,0.0],[135.7238,-11.9393,0.0],[135.7211,-11.936,1.9722],[135.715,-11.9326,0.0],[135.7019,-11.9385,3.4636],[135.6937,-11.9392,2.5029],[135.6777,-11.9327,0.0],[135.6699,-11.9359,2.2145],[135.6668,-11.9357,1.1562],[135.6658,-11.937,1.5994],[135.6703,-11.9411,7.4826],[135.6698,-11.9459,0.2782],[135.6646,-11.9543,2.0399],[135.657,-11.9597,1.7027],[135.6568,-11.9649,5.0659],[135.6469,-11.9714,5.1776],[135.6321,-11.975,2.2943],[135.6258,-11.9744,0.0],[135.6156,-11.9705,1.0071],[135.6188,-11.9597,0.0],[135.6124,-11.9621,4.6081],[135.6053,-11.9608,0.0],[135.5947,-11.9549,2.0979],[135.5946,-11.9508,0.1658],[135.5846,-11.9599,5.7294],[135.5833,-11.9593,0.0],[135.5815,-11.9612,0.0],[135.5878,-11.965,12.7757],[135.5888,-11.9703,4.3],[135.5842,-11.9822,5.6936],[135.5737,-11.9928,0.8174],[135.5692,-12.0011,0.0],[135.5644,-12.0039,0.0],[135.564,-12.0106,0.1544],[135.5615,-12.0158,0.1153],[135.5641,-12.0189,0.0],[135.5614,-12.0264,4.9443],[135.5636,-12.028,5.6481],[135.5636,-12.032,3.4254],[135.5542,-12.0484,1.4009],[135.5558,-12.052,2.8386],[135.5595,-12.0521,8.005],[135.5644,-12.057,0.0],[135.5646,-12.0698,0.0],[135.5668,-12.0708,5.5865],[135.5697,-12.0691,4.8114],[135.576,-12.0598,1.6066],[135.5821,-12.0554,4.6527],[135.5861,-12.0546,4.1245],[135.5896,-12.0568,0.5768],[135.5921,-12.0555,0.0],[135.5916,-12.0517,12.7696],[135.5943,-12.0427,4.3556],[135.6054,-12.0329,13.3231],[135.6247,-12.0288,5.0484],[135.627,-12.0265,1.5343],[135.6256,-12.0252,4.0053],[135.6371,-12.0179,3.0719],[135.6456,-12.018,0.0],[135.6584,-12.0121,4.4834],[135.6639,-12.0131,1.0359],[135.6706,-12.0094,7.8146],[135.6791,-12.0076,5.063],[135.6924,-12.0069,2.5201],[135.7028,-12.0023,10.3927],[135.716,-12.0033,2.28],[135.7349,-12.0016,2.2167],[135.7385,-11.9805,4.6442],[135.7418,-11.9756,2.968],[135.7492,-11.9718,6.0274],[135.7592,-11.9713,2.8175],[135.776,-11.9765,2.6376],[135.7816,-11.9746,2.2472],[135.7976,-11.9647,1.3288],[135.8024,-11.9575,7.3865],[135.8191,-11.9417,0.6178],[135.8223,-11.935,6.881],[135.8285,-11.9288,6.0445],[135.8398,-11.9024,15.4694],[135.8445,-11.8985,12.6724],[135.8466,-11.8938,23.1878],[135.8517,-11.8903,1.4347],[135.858,-11.8784,1.2704],[135.8709,-11.8676,18.4574],[135.8878,-11.8569,5.9152],[135.8938,-11.8557,5.7916],[135.9007,-11.8515,0.0],[135.9054,-11.842,3.6133],[135.9048,-11.8339,4.517],[135.9078,-11.8236,13.2603],[135.9148,-11.8199,8.6757],[135.9205,-11.81,7.4502],[135.929,-11.809,10.1193],[135.938,-11.8034,2.8017],[135.9347,-11.8004,11.9337],[135.9347,-11.7946,9.4642],[135.9306,-11.7892,6.7769],[135.9317,-11.7803,2.8774],[135.9256,-11.7715,0.0],[135.9099,-11.7682,4.6754],[135.9062,-11.7615,8.1423],[135.9077,-11.7577,3.7872],[135.9014,-11.7574,0.0]]],
[[[136.575,-11.8684,11.9375],[136.5796,-11.8682,1.6885],[136.5795,-11.8644,0.5442],[136.5737,-11.8628,0.0],[136.5697,-11.8651,3.7644],[136.5715,-11.87,0.0],[136.575,-11.8684,11.9375]]],
[[[136.6594,-11.8388,1.6713],[136.6698,-11.8367,3.6641],[136.6886,-11.8221,2.1389],[136.6829,-11.8238,4.0271],[136.6769,-11.8232,3.8086],[136.6747,-11.8263,6.985],[136.661,-11.8311,0.0],[136.6598,-11.834,0.0],[136.6514,-11.8348,0.0],[136.643,-11.8397,0.0],[136.6594,-11.8388,1.6713]]],
[[[136.6164,-11.7503,15.2348],[136.6272,-11.7403,0.3233],[136.6246,-11.74,3.489],[136.6223,-11.737,0.0],[136.6149,-11.7378,0.0],[136.6113,-11.7412,0.0],[136.6135,-11.7466,5.5981],[136.6124,-11.7498,3.6815],[136.6096,-11.7513,2.3141],[136.608,-11.7511,7.6915],[136.6052,-11.7452,0.0],[136.5962,-11.7445,0.0],[136.5907,-11.7463,1.389],[136.5875,-11.7441,0.0],[136.589,-11.7467,0.3166],[136.5882,-11.7502,4.9401],[136.5787,-11.7551,3.2818],[136.5873,-11.7563,6.9145],[136.5877,-11.7582,0.9444],[136.586,-11.7596,6.4108],[136.5884,-11.7639,5.0098],[136.579,-11.7661,0.0],[136.574,-11.7631,2.3169],[136.5737,-11.761,0.0],[136.5657,-11.7603,0.0],[136.5667,-11.7635,2.3359],[136.5695,-11.7632,12.3601],[136.5721,-11.765,5.1031],[136.573,-11.7696,1.6308],[136.5674,-11.7703,3.5925],[136.5729,-11.7781,2.1979],[136.567,-11.778,13.0782],[136.5641,-11.7763,8.29],[136.5619,-11.7712,0.0],[136.5576,-11.7674,0.0],[136.5564,-11.7688,0.0],[136.5585,-11.7732,12.9993],[136.5578,-11.7762,6.9229],[136.5597,-11.7778,20.0747],[136.5587,-11.7813,5.1424],[136.5535,-11.7789,0.0],[136.5486,-11.7787,0.0],[136.5468,-11.7811,0.0],[136.5436,-11.7799,2.7615],[136.5468,-11.7717,1.1802],[136.5448,-11.7695,0.0],[136.5433,-11.7715,0.3905],[136.5387,-11.7701,4.3822],[136.5369,-11.7607,0.0],[136.5338,-11.7602,0.0],[136.5322,-11.7696,0.8313],[136.5348,-11.7744,11.6023],[136.5343,-11.7766,0.0],[136.5295,-11.7827,0.0],[136.5243,-11.7839,0.0],[136.5216,-11.7864,1.7787],[136.5157,-11.7869,0.0],[136.5173,-11.7909,1.1162],[136.5151,-11.7928,0.0],[136.5167,-11.7995,3.1127],[136.5115,-11.8049,0.0],[136.5151,-11.8058,6.2538],[136.5214,-11.8011,32.863],[136.5477,-11.792,32.1334],[136.553,-11.7926,44.5493],[136.558,-11.791,35.3954],[136.5693,-11.7922,30.1585],[136.5798,-11.7887,9.2959],[136.5892,-11.7827,0.0],[136.585,-11.7777,0.0],[136.5846,-11.7748,0.0],[136.5867,-11.7698,2.0036],[136.5917,-11.7642,7.025],[136.6001,-11.7583,19.5509],[136.6146,-11.7531,0.0],[136.6164,-11.7503,15.2348]]],
[[[136.0907,-11.7581,1.4479],[136.0928,-11.7539,0.8733],[136.0966,-11.7536,0.0],[136.0992,-11.7505,5.476],[136.1042,-11.7484,4.8759],[136.1046,-11.7462,0.0],[136.1028,-11.7454,2.0016],[136.1017,-11.7421,4.3614],[136.0998,-11.7411,0.0],[136.0998,-11.743,4.1514],[136.0939,-11.7484,3.7926],[136.0866,-11.7481,4.4808],[136.0777,-11.7528,9.1392],[136.0804,-11.7565,4.2225],[136.0796,-11.7636,9.0607],[136.0739,-11.7695,6.2442],[136.0747,-11.7713,1.2183],[136.079,-11.7733,0.0],[136.0813,-11.7722,8.1482],[136.0907,-11.7581,1.4479]]],
[[[136.4912,-11.8168,1.0003],[136.4919,-11.8126,9.5565],[136.4976,-11.8106,0.0],[136.4998,-11.7973,1.1147],[136.4974,-11.794,0.0],[136.4937,-11.7972,1.3618],[136.4939,-11.8008,0.6607],[136.4914,-11.8026,0.9249],[136.4848,-11.8024,6.3501],[136.4825,-11.799,2.7494],[136.4774,-11.8012,0.0],[136.4801,-11.8049,1.643],[136.4781,-11.8102,0.044],[136.4802,-11.8152,0.7041],[136.4799,-11.8191,3.4257],[136.4767,-11.8249,0.8253],[136.4692,-11.8284,1.8475],[136.4698,-11.8354,0.0],[136.4679,-11.8405,0.967],[136.4645,-11.8417,1.4612],[136.4653,-11.8428,1.4612],[136.4708,-11.8415,12.5104],[136.4703,-11.8481,0.0],[136.4684,-11.8505,0.0],[136.4739,-11.8589,0.116],[136.4673,-11.8605,3.3704],[136.4661,-11.8588,0.0],[136.4605,-11.8666,22.6679],[136.4697,-11.8765,0.0],[136.4691,-11.878,5.0035],[136.4646,-11.8779,0.0],[136.4626,-11.8797,21.1359],[136.4622,-11.8842,0.5763],[136.4603,-11.8862,10.8178],[136.4626,-11.8888,-0.1571],[136.4579,-11.8899,0.0],[136.4641,-11.8959,0.9096],[136.4684,-11.8969,0.9075],[136.463,-11.9021,1.0222],[136.4641,-11.9041,2.7741],[136.4791,-11.8987,0.0],[136.4863,-11.8842,53.4018],[136.4846,-11.8773,19.4646],[136.4819,-11.8752,4.3987],[136.4851,-11.8705,0.0],[136.4815,-11.8624,9.9871],[136.4823,-11.8568,63.4371],[136.478,-11.8467,27.8479],[136.4842,-11.8366,9.195],[136.4956,-11.8259,0.0],[136.4998,-11.8185,0.0],[136.4912,-11.8168,1.0003]]],
[[[136.0478,-11.7916,4.3987],[136.049,-11.7876,3.3986],[136.0509,-11.7863,-0.0734],[136.0468,-11.7858,0.7231],[136.0421,-11.783,11.6533],[136.0387,-11.7876,6.2289],[136.0387,-11.7922,6.1173],[136.0321,-11.8084,0.0],[136.0288,-11.8124,3.4818],[136.0397,-11.8056,12.9863],[136.0435,-11.8013,1.7456],[136.0435,-11.7957,3.1297],[136.0478,-11.7916,4.3987]]],
[[[135.9764,-11.7422,7.7571],[135.9781,-11.7371,5.3915],[135.9756,-11.7313,5.1794],[135.9687,-11.7348,6.3823],[135.9644,-11.7321,0.8357],[135.9527,-11.7327,3.5745],[135.9558,-11.7381,5.1004],[135.9524,-11.7422,5.9774],[135.9456,-11.743,7.9269],[135.9412,-11.741,0.0],[135.9403,-11.7458,4.5801],[135.9373,-11.7493,0.7275],[135.9401,-11.7563,4.5136],[135.94,-11.7639,3.8554],[135.9427,-11.7651,7.5785],[135.9484,-11.7612,8.8559],[135.9527,-11.7634,4.1101],[135.9605,-11.7602,2.4022],[135.9669,-11.7536,3.3876],[135.9681,-11.7453,6.7477],[135.9735,-11.7421,7.1147],[135.9764,-11.7422,7.7571]]],
[[[130.4164,-11.1831,4.144],[130.4087,-11.1726,14.6496],[130.4017,-11.1661,18.8398],[130.3958,-11.1666,18.8916],[130.3918,-11.17,20.1767],[130.3797,-11.1677,4.3115],[130.3734,-11.1697,0.0],[130.3724,-11.1917,3.0605],[130.3635,-11.2512,11.7945],[130.3662,-11.2591,20.6055],[130.3701,-11.2649,0.0],[130.3763,-11.2661,4.2926],[130.3885,-11.2746,0.0],[130.3908,-11.2733,0.0],[130.3884,-11.2685,1.775],[130.3931,-11.2708,6.6342],[130.394,-11.267,2.8523],[130.392,-11.2683,1.7219],[130.3909,-11.2668,4.8373],[130.392,-11.268,1.7219],[130.3939,-11.2666,2.8523],[130.3944,-11.2669,7.6686],[130.3939,-11.2714,13.3085],[130.3892,-11.2698,0.0],[130.392,-11.274,17.381],[130.3905,-11.2765,0.424],[130.3922,-11.284,2.9356],[130.4025,-11.2968,3.389],[130.4045,-11.3018,0.0],[130.4072,-11.3001,4.3582],[130.4119,-11.3017,2.8511],[130.4106,-11.2995,1.9747],[130.412,-11.2998,2.8296],[130.4127,-11.3015,6.2243],[130.4116,-11.3025,2.8511],[130.407,-11.3014,1.1225],[130.4092,-11.3048,1.0465],[130.4094,-11.3075,4.4112],[130.4065,-11.3103,3.5681],[130.4102,-11.3144,0.85],[130.409,-11.3181,5.3376],[130.3983,-11.3181,4.9909],[130.3962,-11.3233,21.7431],[130.3937,-11.3247,0.0],[130.3952,-11.3264,7.6013],[130.3934,-11.3381,3.0573],[130.3891,-11.3446,10.3556],[130.384,-11.3463,2.5081],[130.3888,-11.3511,5.5847],[130.3911,-11.3667,0.0],[130.4015,-11.3674,0.9958],[130.4025,-11.3656,0.0],[130.3995,-11.363,5.3842],[130.3995,-11.3595,6.119],[130.4008,-11.3589,3.7423],[130.4077,-11.3607,5.5809],[130.4048,-11.3559,6.3551],[130.4019,-11.3567,5.6885],[130.4042,-11.3551,6.0715],[130.4083,-11.36,5.5809],[130.4078,-11.3616,3.299],[130.4012,-11.3597,5.2843],[130.4001,-11.3622,4.589],[130.4085,-11.365,0.0],[130.4095,-11.3673,0.0],[130.4075,-11.3747,0.0],[130.4079,-11.3821,0.0],[130.4149,-11.4004,7.8231],[130.4115,-11.4087,5.7384],[130.4178,-11.4111,5.7633],[130.419,-11.4147,6.601],[130.4172,-11.4171,3.5256],[130.4258,-11.4255,0.0],[130.4263,-11.4282,0.0],[130.4208,-11.4451,21.7823],[130.4211,-11.4502,14.0599],[130.4182,-11.4549,0.0],[130.4205,-11.4599,0.0],[130.4295,-11.4637,5.5458],[130.4335,-11.475,2.7582],[130.4319,-11.5026,3.1672],[130.4521,-11.5167,0.0],[130.461,-11.5356,1.0204],[130.4742,-11.5391,6.8956],[130.4816,-11.5502,2.0043],[130.4873,-11.5476,0.0],[130.4915,-11.5624,3.3987],[130.4938,-11.5641,6.4167],[130.491,-11.5676,3.3771],[130.485,-11.5826,3.4506],[130.4869,-11.586,5.4592],[130.4862,-11.5895,0.0],[130.4823,-11.5896,6.8218],[130.4783,-11.5929,0.0],[130.4765,-11.6206,5.5434],[130.4821,-11.6371,0.0],[130.4866,-11.6417,0.0],[130.4871,-11.646,1.4906],[130.4926,-11.6549,0.0],[130.5036,-11.6653,1.2312],[130.529,-11.6795,6.1853],[130.5334,-11.6799,5.8532],[130.5406,-11.6723,5.0277],[130.5493,-11.672,5.4984],[130.5528,-11.6735,3.4735],[130.5564,-11.6724,0.0],[130.5682,-11.6855,4.0233],[130.5718,-11.6957,9.199],[130.5716,-11.7015,0.0],[130.5795,-11.6971,0.0],[130.5905,-11.702,2.296],[130.5934,-11.7043,4.4376],[130.5975,-11.7172,0.0],[130.5998,-11.7188,0.0],[130.6227,-11.7234,5.7373],[130.6353,-11.7358,1.953],[130.6411,-11.7476,4.0121],[130.6521,-11.7531,0.0],[130.6593,-11.7546,0.446],[130.672,-11.7628,5.5704],[130.6798,-11.7617,3.545],[130.6812,-11.7635,1.1161],[130.6743,-11.7723,2.4194],[130.6753,-11.7804,0.6427],[130.6779,-11.7859,0.0],[130.6856,-11.7903,1.7852],[130.6856,-11.7926,0.9078],[130.6843,-11.7915,0.9078],[130.6842,-11.7927,0.9078],[130.6863,-11.7964,0.0],[130.6953,-11.7997,0.0],[130.7041,-11.8001,1.036],[130.7047,-11.7979,7.5878],[130.7086,-11.8013,0.0],[130.7104,-11.7989,4.1979],[130.725,-11.8027,3.7891],[130.728,-11.806,0.0],[130.7373,-11.8091,3.8562],[130.7395,-11.8107,2.4188],[130.7374,-11.8103,0.0],[130.7381,-11.8118,0.0],[130.758,-11.8242,1.8126],[130.7699,-11.8283,0.0],[130.7711,-11.8283,3.3758],[130.7711,-11.8261,8.4031],[130.7744,-11.8272,4.1875],[130.7763,-11.8298,6.257],[130.7749,-11.8295,4.2794],[130.7747,-11.831,3.2059],[130.7701,-11.8295,0.0],[130.7737,-11.8316,0.0],[130.7802,-11.8322,6.4727],[130.8019,-11.8451,1.345],[130.8077,-11.8444,16.0649],[130.8286,-11.8503,5.9613],[130.8344,-11.848,0.0],[130.844,-11.8489,6.5011],[130.8464,-11.8508,6.0054],[130.8529,-11.8502,2.8892],[130.8623,-11.8546,1.0248],[130.8875,-11.8757,4.249],[130.8893,-11.8746,3.4882],[130.8922,-11.8755,10.1635],[130.8984,-11.8826,6.5715],[130.9091,-11.8904,2.08],[130.9153,-11.8988,3.1339],[130.9193,-11.9004,4.0103],[130.9166,-11.8985,3.1339],[130.9165,-11.8954,10.3013],[130.9218,-11.901,7.8038],[130.9281,-11.9135,4.4972],[130.936,-11.9208,8.4307],[130.9354,-11.9242,8.9172],[130.9405,-11.9299,2.9179],[130.9385,-11.932,3.544],[130.9493,-11.9401,1.4732],[130.9619,-11.9397,1.1699],[130.9636,-11.9377,6.0301],[130.9666,-11.9381,1.1675],[130.9764,-11.9331,2.3606],[130.9861,-11.9235,4.2817],[130.9874,-11.9194,5.7957],[130.9899,-11.9189,1.3358],[130.998,-11.9081,0.0],[130.9955,-11.9051,9.3638],[130.991,-11.9076,7.7861],[130.99,-11.9068,9.4259],[130.9944,-11.9038,8.05],[130.9994,-11.9046,0.0],[131.0071,-11.8981,3.1904],[131.0094,-11.8942,3.5074],[131.0136,-11.8934,2.5984],[131.0183,-11.886,9.1876],[131.0278,-11.8818,5.1123],[131.0483,-11.8816,1.2521],[131.0591,-11.864,1.4464],[131.0748,-11.847,8.5512],[131.0819,-11.8362,1.2179],[131.0855,-11.8341,0.0],[131.0925,-11.8348,1.8203],[131.0973,-11.8336,0.0],[131.108,-11.8292,5.5087],[131.1226,-11.8189,0.9518],[131.1273,-11.8182,0.0],[131.1364,-11.8117,4.3215],[131.139,-11.812,0.0],[131.144,-11.8068,7.5443],[131.1487,-11.8046,5.6517],[131.1552,-11.8048,0.5265],[131.1603,-11.803,0.0],[131.1759,-11.7933,1.5449],[131.1819,-11.7917,0.0],[131.2001,-11.7719,0.0],[131.2025,-11.7715,0.0],[131.2277,-11.7526,7.2236],[131.2331,-11.752,1.8721],[131.2444,-11.7405,0.0],[131.2541,-11.7345,2.9296],[131.2646,-11.7321,1.4393],[131.2701,-11.7342,3.3701],[131.2701,-11.7361,1.0848],[131.2724,-11.7374,0.0],[131.2758,-11.7381,0.0],[131.2774,-11.7366,4.2157],[131.2804,-11.7398,0.0],[131.2882,-11.7308,3.3468],[131.2896,-11.7263,2.3826],[131.2887,-11.7236,6.086],[131.297,-11.7177,2.9694],[131.3061,-11.7077,0.9949],[131.3089,-11.7022,1.0079],[131.3115,-11.701599999999999,0.4712],[131.3232,-11.6915,1.6913],[131.3307,-11.6836,0.3513],[131.3323,-11.6805,2.1981],[131.3267,-11.6853,1.7714],[131.332,-11.6792,1.3255],[131.334,-11.6793,1.8645],[131.3415,-11.661,1.0692],[131.3397,-11.6571,4.4975],[131.338,-11.6589,1.3227],[131.337,-11.6581,1.3227],[131.34,-11.6564,4.4975],[131.3416,-11.6584,3.0759],[131.3497,-11.65,0.4826],[131.3568,-11.639,1.3662],[131.3706,-11.6097,3.8315],[131.3716,-11.6054,1.1647],[131.3701,-11.6035,4.0408],[131.3684,-11.6038,5.5205],[131.3682,-11.606,5.4697],[131.3649,-11.6069,6.3859],[131.3654,-11.6086,5.9306],[131.363,-11.6073,4.908],[131.3629,-11.6095,3.6587],[131.3598,-11.6034,6.126],[131.3632,-11.6059,4.29],[131.3675,-11.6055,5.4697],[131.3679,-11.6025,4.439],[131.3711,-11.6022,10.1989],[131.3689,-11.6009,4.4473],[131.3791,-11.592,8.1105],[131.3789,-11.5874,5.1723],[131.3733,-11.5856,6.3538],[131.369,-11.5808,4.4854],[131.3673,-11.5817,2.9378],[131.3669,-11.5851,7.1976],[131.3692,-11.588,7.422],[131.363,-11.5899,8.3023],[131.3671,-11.5905,7.7108],[131.3674,-11.5929,9.1785],[131.3665,-11.5909,7.7108],[131.3627,-11.5912,8.3023],[131.3624,-11.5887,8.9065],[131.3684,-11.5876,9.304],[131.3612,-11.579,5.1246],[131.3602,-11.579,5.2992],[131.3609,-11.5807,4.642],[131.3581,-11.5803,4.815],[131.3557,-11.5778,5.4015],[131.3594,-11.5799,4.642],[131.3598,-11.5778,3.9152],[131.3611,-11.5782,5.2992],[131.3663,-11.5822,2.9378],[131.3667,-11.5805,4.1376],[131.37,-11.5801,4.6225],[131.3759,-11.5848,4.2267],[131.3797,-11.5833,8.7971],[131.3868,-11.5888,3.1576],[131.4028,-11.5888,7.3961],[131.415,-11.6003,2.8827],[131.4185,-11.6079,0.0],[131.4244,-11.6096,0.0],[131.426,-11.6137,0.0],[131.4311,-11.6073,3.8781],[131.4277,-11.6067,3.9992],[131.4311,-11.6053,6.5986],[131.4402,-11.6059,3.2801],[131.444,-11.6106,0.0],[131.4465,-11.6095,14.7773],[131.4482,-11.6113,1.1707],[131.4568,-11.6108,4.4734],[131.4595,-11.6087,14.1485],[131.4651,-11.6103,6.1978],[131.4698,-11.6081,8.7666],[131.4726,-11.6026,0.7436],[131.4703,-11.5867,0.0],[131.4689,-11.5854,3.4148],[131.4581,-11.5867,2.7049],[131.456,-11.5855,2.792],[131.4577,-11.5848,2.792],[131.4552,-11.5809,5.7509],[131.4555,-11.5771,2.8129],[131.4613,-11.5764,5.0318],[131.4644,-11.5725,2.8232],[131.4646,-11.5664,3.0854],[131.4599,-11.5612,0.5772],[131.4557,-11.5603,3.6908],[131.4545,-11.5466,7.9965],[131.4597,-11.5284,4.4154],[131.4611,-11.5155,2.8702],[131.46,-11.5121,6.5257],[131.4607,-11.5111,4.7939],[131.4625,-11.5129,1.9627],[131.4635,-11.5115,1.9627],[131.4668,-11.5024,4.5397],[131.4667,-11.4992,0.6993],[131.465,-11.4979,7.3802],[131.4666,-11.4971,5.7269],[131.4673,-11.4988,0.6993],[131.4696,-11.4987,2.1339],[131.4747,-11.4922,3.3529],[131.4807,-11.4878,4.5887],[131.4826,-11.4876,2.9532],[131.4798,-11.4906,1.2523],[131.484,-11.4877,2.9532],[131.4899,-11.4772,6.6216],[131.4866,-11.4783,16.4056],[131.4862,-11.4746,10.482],[131.4914,-11.4764,2.8615],[131.4981,-11.4689,5.9633],[131.5101,-11.4649,1.5885],[131.5038,-11.4647,4.0719],[131.5025,-11.4627,1.8302],[131.5055,-11.4642,3.2963],[131.5099,-11.463,6.6441],[131.5159,-11.4735,8.3034],[131.527,-11.4763,1.7025],[131.5303,-11.4734,4.2029],[131.5314,-11.4666,9.4937],[131.5401,-11.4599,5.8556],[131.5431,-11.4537,1.4637],[131.5405,-11.4491,0.0],[131.5373,-11.4473,3.2893],[131.5372,-11.4418,1.9967],[131.5345,-11.4377,3.9885],[131.5361,-11.4361,0.0],[131.5365,-11.4314,0.0],[131.5324,-11.4247,1.0204],[131.5373,-11.4235,2.3484],[131.5371,-11.4132,0.4204],[131.5339,-11.4117,4.3084],[131.5336,-11.4082,0.8602],[131.5277,-11.4032,5.3324],[131.5274,-11.3978,0.1846],[131.524,-11.3941,0.0],[131.5169,-11.3913,1.8293],[131.5131,-11.3929,0.0],[131.5108,-11.3961,0.0],[131.5051,-11.3868,5.3569],[131.5002,-11.3836,0.5018],[131.4953,-11.383,0.9754],[131.488,-11.3872,0.0],[131.4882,-11.3895,0.0],[131.4842,-11.3944,0.0],[131.4843,-11.3982,0.9522],[131.4816,-11.402,4.5768],[131.4796,-11.4019,0.8564],[131.475,-11.4061,0.0],[131.4689,-11.4083,1.2691],[131.4622,-11.4179,1.9634],[131.4588,-11.4204,2.1647],[131.4565,-11.4196,1.0643],[131.4611,-11.4177,2.5837],[131.4642,-11.4125,1.2719],[131.4561,-11.4138,1.9518],[131.4567,-11.4121,2.1334],[131.465,-11.4115,1.2719],[131.4667,-11.4088,1.6659],[131.4735,-11.4053,1.2797],[131.47,-11.406,2.6136],[131.4714,-11.4034,2.4008],[131.4682,-11.4035,1.7546],[131.4679,-11.4052,2.1527],[131.4677,-11.4019,1.4206],[131.4716,-11.4025,4.7679],[131.4718,-11.4053,2.5841],[131.4813,-11.3988,3.6582],[131.4735,-11.3951,5.8609],[131.4651,-11.3857,2.3641],[131.4635,-11.3769,5.1894],[131.4703,-11.3745,0.0],[131.471,-11.3704,0.4582],[131.4629,-11.3631,1.1778],[131.4565,-11.351,0.0],[131.4561,-11.3537,3.1594],[131.4552,-11.3514,6.9979],[131.454,-11.3421,0.0],[131.4633,-11.3343,2.2844],[131.4627,-11.328,0.8588],[131.4532,-11.3218,3.9893],[131.4508,-11.318,1.1459],[131.4511,-11.3211,0.7685],[131.4482,-11.3189,0.799],[131.4442,-11.3129,0.0],[131.4396,-11.3139,0.0],[131.4334,-11.3112,3.2702],[131.4297,-11.3041,2.7016],[131.4295,-11.2955,1.6016],[131.4378,-11.2934,0.0],[131.4409,-11.2909,1.732],[131.4426,-11.2867,2.2376],[131.4386,-11.2804,1.8464],[131.4407,-11.277,1.0731],[131.4398,-11.2722,0.0],[131.4364,-11.2697,3.0199],[131.4372,-11.2678,0.0],[131.4358,-11.2659,0.0],[131.4325,-11.2656,2.3013],[131.4284,-11.2621,2.7378],[131.417,-11.2577,0.0],[131.41,-11.2564,1.4532],[131.4013,-11.2583,2.2544],[131.3955,-11.2671,0.0],[131.4031,-11.2816,0.476],[131.4008,-11.2855,0.7831],[131.4002,-11.2912,0.0],[131.3951,-11.2955,2.216],[131.3841,-11.2952,0.0],[131.3826,-11.298,0.0],[131.3808,-11.2982,2.0966],[131.372,-11.2879,2.9707],[131.3709,-11.2837,1.7365],[131.3719,-11.2747,0.2733],[131.3755,-11.2708,1.4713],[131.375,-11.2643,3.028],[131.3703,-11.2612,0.0],[131.3627,-11.2607,1.0258],[131.3583,-11.252,0.0],[131.3533,-11.25,0.1448],[131.3438,-11.2488,0.6104],[131.3289,-11.256,0.0],[131.3278,-11.2654,0.0],[131.3306,-11.2718,2.8753],[131.3265,-11.273,1.5574],[131.3259,-11.2752,0.8588],[131.3281,-11.2792,0.6496],[131.3204,-11.2767,1.4621],[131.3234,-11.2755,1.2983],[131.3244,-11.273,1.9354],[131.3227,-11.2747,1.2983],[131.3147,-11.2761,0.0],[131.3051,-11.2746,2.4136],[131.2962,-11.2681,0.9252],[131.2966,-11.2639,3.3624],[131.2984,-11.2619,1.2304],[131.2973,-11.259,10.2313],[131.2995,-11.2583,0.0],[131.3002,-11.2502,1.1087],[131.3029,-11.2487,2.2047],[131.3063,-11.2436,0.0],[131.3048,-11.2422,2.0279],[131.3152,-11.2358,1.5908],[131.3153,-11.2282,0.0],[131.3067,-11.2171,0.0],[131.2969,-11.2107,0.0],[131.2989,-11.2035,1.207],[131.297,-11.2022,0.6409],[131.2942,-11.2034,1.519],[131.2902,-11.201,0.0],[131.2882,-11.1939,0.0],[131.2849,-11.1963,0.5326],[131.282,-11.2029,2.5977],[131.2837,-11.2063,3.443],[131.2794,-11.2043,2.7171],[131.281,-11.2025,2.5977],[131.2812,-11.1961,0.0],[131.2798,-11.1918,0.0],[131.2771,-11.1895,0.0],[131.2743,-11.1904,0.184],[131.2747,-11.1945,1.1403],[131.2697,-11.1997,2.375],[131.2653,-11.199,2.65],[131.2649,-11.201599999999999,1.8312],[131.2622,-11.2032,2.9319],[131.2658,-11.2043,2.745],[131.2627,-11.2068,2.9178],[131.2645,-11.2092,2.1837],[131.2603,-11.211,1.6886],[131.2636,-11.2091,2.854],[131.2618,-11.2063,2.1968],[131.2648,-11.2044,2.745],[131.2609,-11.2039,2.9319],[131.2647,-11.2008,2.3234],[131.2637,-11.1984,2.1629],[131.2694,-11.1975,0.0],[131.2633,-11.1914,0.781],[131.258,-11.1904,0.0],[131.2508,-11.1939,0.351],[131.251,-11.1962,0.6088],[131.2494,-11.1976,0.0],[131.25,-11.208,0.0],[131.2475,-11.2178,0.0],[131.2358,-11.2252,1.0428],[131.227,-11.2232,0.0],[131.2193,-11.2246,2.6646],[131.2195,-11.2266,2.8994],[131.2157,-11.2277,0.0],[131.2139,-11.231,0.0],[131.2097,-11.2295,0.0],[131.2074,-11.2311,0.0],[131.204,-11.236,0.0],[131.2073,-11.2419,0.3651],[131.2049,-11.2449,2.7342],[131.2051,-11.2475,3.5709],[131.1988,-11.2535,3.881],[131.2004,-11.2541,3.881],[131.1986,-11.2575,0.0],[131.2004,-11.2623,0.0],[131.1978,-11.2696,0.0],[131.1997,-11.2708,5.0987],[131.1984,-11.276,0.0],[131.203,-11.2843,5.6065],[131.1978,-11.292,0.6872],[131.1909,-11.2964,4.9393],[131.1907,-11.3031,4.4824],[131.1938,-11.3058,5.6488],[131.2027,-11.3012,6.8959],[131.2153,-11.3048,2.1041],[131.222,-11.314,2.2668],[131.2264,-11.3131,1.2957],[131.2248,-11.3082,2.5769],[131.2237,-11.3097,1.4545],[131.2225,-11.309,2.9256],[131.2244,-11.3045,7.8285],[131.226,-11.3032,2.2245],[131.2277,-11.3055,2.413],[131.22559999999999,-11.3039,2.2245],[131.2235,-11.308,2.5769],[131.2259,-11.3079,1.6636],[131.2271,-11.3139,1.2957],[131.221,-11.3151,0.0],[131.2157,-11.3217,0.6931],[131.2122,-11.3343,0.0],[131.2135,-11.3408,2.6407],[131.2093,-11.3441,0.0],[131.2058,-11.3392,1.3338],[131.2101,-11.3167,0.0],[131.2081,-11.3109,0.0],[131.1997,-11.3118,0.9876],[131.1948,-11.3196,2.019],[131.1923,-11.3297,0.4549],[131.1876,-11.3349,5.9924],[131.1867,-11.3307,0.0],[131.1817,-11.3247,2.0592],[131.1785,-11.3256,2.6584],[131.179,-11.3192,4.6951],[131.1756,-11.3194,0.0],[131.1684,-11.3135,0.8397],[131.1669,-11.3078,3.5831],[131.168,-11.3016,0.6329],[131.1706,-11.2977,2.1573],[131.1722,-11.2864,5.5914],[131.1637,-11.2781,0.0],[131.1642,-11.274,1.9527],[131.1659,-11.2723,0.0],[131.1656,-11.2656,3.2141],[131.1627,-11.2615,2.7989],[131.1568,-11.2565,2.6379],[131.1516,-11.2545,0.0],[131.1478,-11.2499,1.5462],[131.1414,-11.2558,0.9508],[131.1246,-11.2542,0.0],[131.1127,-11.2591,1.6501],[131.1107,-11.2629,0.0],[131.1151,-11.2645,5.2454],[131.1115,-11.2803,0.0],[131.1067,-11.2858,0.0],[131.091,-11.2962,0.0],[131.0876,-11.3004,2.7556],[131.0945,-11.3009,6.2709],[131.1012,-11.3048,0.0],[131.1058,-11.3035,4.9209],[131.1108,-11.3082,0.0],[131.1066,-11.3093,5.1725],[131.1064,-11.3073,0.0],[131.103,-11.3061,0.4663],[131.1031,-11.3092,1.9495],[131.1059,-11.3116,2.1423],[131.1038,-11.3124,0.0],[131.0999,-11.3068,0.682],[131.0954,-11.3059,0.0],[131.0934,-11.3106,2.1815],[131.0963,-11.313,1.2588],[131.0932,-11.3185,1.387],[131.0988,-11.3238,2.2512],[131.098,-11.3251,2.6817],[131.0975,-11.3228,2.3614],[131.0927,-11.3201,1.8741],[131.0935,-11.3224,2.5618],[131.0889,-11.3251,4.6488],[131.0907,-11.3282,4.0767],[131.0893,-11.3318,3.1804],[131.0877,-11.3319,3.1804],[131.0899,-11.3273,4.012],[131.088,-11.3249,4.6488],[131.0924,-11.3213,2.5618],[131.0875,-11.3212,2.6087],[131.0915,-11.3188,3.2012],[131.095,-11.3129,0.0],[131.0924,-11.311,2.1815],[131.0937,-11.306,0.0],[131.0919,-11.3037,0.0],[131.0844,-11.305,0.0],[131.0853,-11.309,5.4301],[131.084,-11.3105,3.4583],[131.0827,-11.3104,5.0605],[131.0848,-11.3074,1.2895],[131.0826,-11.3022,0.0],[131.0716,-11.3034,0.0],[131.0626,-11.3118,0.0],[131.0535,-11.3132,0.0],[131.0409,-11.3178,0.0],[131.0421,-11.3221,0.0],[131.0407,-11.3263,1.8473],[131.0486,-11.3341,3.0911],[131.0511,-11.343,2.959],[131.0454,-11.3549,2.4562],[131.0316,-11.3673,0.0],[131.0242,-11.367,0.0],[131.0221,-11.3629,1.6523],[131.018,-11.3598,3.3343],[131.0007,-11.3584,4.6586],[130.9902,-11.3545,9.0453],[130.989,-11.3491,0.0],[130.9845,-11.3429,13.3859],[130.9878,-11.3396,3.6782],[130.9657,-11.3334,1.0404],[130.9622,-11.3344,2.72],[130.9577,-11.3324,0.966],[130.9583,-11.3355,3.0649],[130.9565,-11.3355,3.3844],[130.9543,-11.3332,4.0393],[130.9512,-11.3348,3.2544],[130.9498,-11.334,3.0323],[130.9501,-11.3314,3.2694],[130.9482,-11.3325,1.3485],[130.9494,-11.3305,3.8581],[130.9512,-11.3317,3.2694],[130.9513,-11.334,3.0323],[130.9551,-11.3324,5.1741],[130.9569,-11.3349,3.3844],[130.9566,-11.3316,0.966],[130.9637,-11.3327,0.0],[130.9251,-11.3175,1.2363],[130.9216,-11.3122,0.0],[130.9156,-11.3135,3.117],[130.9094,-11.3108,0.0],[130.8973,-11.3089,0.0],[130.8873,-11.3163,0.0],[130.885,-11.3253,0.0],[130.8798,-11.3273,0.0],[130.8715,-11.3349,1.8783],[130.8659,-11.3376,0.0],[130.865,-11.3426,0.0],[130.8524,-11.3499,3.238],[130.8537,-11.354,0.0],[130.8438,-11.3582,5.4597],[130.8416,-11.3583,6.1957],[130.8512,-11.3533,0.0],[130.8444,-11.3545,0.0],[130.8439,-11.3563,2.2268],[130.8406,-11.3554,0.0],[130.8314,-11.3597,6.2498],[130.808,-11.3632,3.5397],[130.8077,-11.3647,5.3888],[130.7987,-11.3635,2.7169],[130.7845,-11.3656,0.0],[130.7723,-11.3644,0.0],[130.7677,-11.3725,0.0],[130.763,-11.3755,2.9787],[130.7356,-11.3801,0.0],[130.7334,-11.3863,3.9362],[130.7338,-11.3823,0.4912],[130.7211,-11.3843,0.0],[130.7137,-11.3833,6.1028],[130.7046,-11.3853,0.0],[130.7049,-11.3885,0.0],[130.7004,-11.3934,0.0],[130.7001,-11.3977,0.0],[130.7019,-11.3999,3.6172],[130.6954,-11.4085,0.0],[130.6973,-11.4113,0.0],[130.698,-11.418,0.0],[130.6969,-11.4267,0.0],[130.6979,-11.4224,0.0],[130.7004,-11.4246,0.0],[130.7051,-11.4231,0.279],[130.7019,-11.4224,1.7289],[130.7015,-11.4167,3.5794],[130.7039,-11.4108,3.6667],[130.7038,-11.4147,3.5599],[130.7022,-11.4168,3.5794],[130.7028,-11.422,7.2845],[130.7077,-11.4176,5.3417],[130.7067,-11.4207,4.8921],[130.7105,-11.4229,7.0741],[130.713,-11.4206,12.1606],[130.7177,-11.4225,8.352],[130.7192,-11.4207,2.7432],[130.7235,-11.4205,1.4616],[130.7337,-11.4276,5.5287],[130.7401,-11.4425,16.8432],[130.7457,-11.4418,1.3349],[130.7544,-11.447,2.3879],[130.7556,-11.4599,0.0],[130.7586,-11.4623,5.2779],[130.7694,-11.4657,10.5272],[130.7661,-11.4765,0.0],[130.7662,-11.4846,0.0],[130.7699,-11.4873,3.0282],[130.7774,-11.4876,5.154],[130.7891,-11.4932,1.1078],[130.7913,-11.4918,3.8348],[130.7908,-11.4947,1.7508],[130.7932,-11.4956,1.0336],[130.7961,-11.5009,4.4941],[130.8065,-11.5082,4.2073],[130.8098,-11.5157,6.8558],[130.8123,-11.5172,0.0],[130.8151,-11.5269,2.1585],[130.8214,-11.5313,0.0],[130.824,-11.5384,2.275],[130.8203,-11.5383,3.7236],[130.8161,-11.5357,1.7105],[130.8127,-11.5389,0.0],[130.8108,-11.5385,8.0425],[130.8098,-11.5259,0.0],[130.795,-11.5111,4.9836],[130.7849,-11.5097,9.1681],[130.7684,-11.4993,1.8967],[130.7612,-11.4983,1.3452],[130.756,-11.4912,1.4439],[130.7566,-11.4813,0.0],[130.7554,-11.4799,3.1458],[130.7516,-11.4781,9.584],[130.7372,-11.4772,3.3879],[130.7228,-11.4703,10.6731],[130.7175,-11.4723,6.2718],[130.7179,-11.4806,6.8243],[130.7194,-11.4836,5.0845],[130.7142,-11.4932,2.3523],[130.7154,-11.4962,2.6982],[130.7142,-11.4991,1.9597],[130.7178,-11.501,5.5312],[130.7215,-11.5074,5.451],[130.7189,-11.5074,5.5634],[130.7205,-11.5062,4.7697],[130.718,-11.505,3.282],[130.7187,-11.5034,4.773],[130.7136,-11.4994,1.9597],[130.7137,-11.4898,3.3257],[130.7105,-11.4891,0.9051],[130.7093,-11.495,3.8503],[130.7049,-11.495,4.3002],[130.7052,-11.4993,2.0372],[130.71,-11.5028,4.4119],[130.7094,-11.5043,5.7512],[130.7062,-11.5045,3.8083],[130.7077,-11.5077,5.1007999999999996],[130.7064,-11.5094,6.2096],[130.707,-11.5133,4.219],[130.7059,-11.5136,4.2132],[130.7054,-11.5045,3.8083],[130.7087,-11.503,3.9823],[130.703,-11.5002,3.0354],[130.7044,-11.4981,6.1745],[130.7035,-11.4942,2.9736],[130.7088,-11.4937,1.872],[130.7077,-11.4903,4.9788],[130.7098,-11.4865,1.971],[130.6942,-11.4643,6.1893],[130.6947,-11.4603,1.1048],[130.6996,-11.4554,1.5985],[130.7013,-11.4414,0.0],[130.6953,-11.4471,3.0853],[130.6906,-11.447,3.4854],[130.6855,-11.4436,4.9919],[130.6808,-11.4449,6.4771],[130.679,-11.4382,3.4971],[130.6803,-11.4387,2.4398],[130.681,-11.4433,5.1782],[130.6851,-11.4424,0.0],[130.6828,-11.4404,0.9964],[130.6808,-11.4271,13.0867],[130.6752,-11.4216,6.198],[130.6758,-11.4191,2.341],[130.6641,-11.4106,0.0],[130.6614,-11.4047,9.0445],[130.6573,-11.4006,5.0229],[130.6591,-11.3933,7.5943],[130.662,-11.3918,1.4443],[130.6578,-11.3843,1.4647],[130.6555,-11.3753,0.0],[130.657,-11.3726,12.4464],[130.6619,-11.3725,6.9784],[130.6582,-11.366,5.9691],[130.6573,-11.3612,15.0744],[130.6605,-11.3594,2.9631],[130.6591,-11.3516,5.2457],[130.6617,-11.35,1.7112],[130.6631,-11.3414,1.9059],[130.6585,-11.3414,15.5406],[130.6566,-11.336,0.0],[130.6501,-11.3483,2.1739],[130.6411,-11.3563,9.5277],[130.6394,-11.3639,15.6745],[130.6417,-11.3679,6.9979],[130.6403,-11.3725,3.1195],[130.6367,-11.3758,0.0],[130.6263,-11.38,0.0],[130.6262,-11.3824,0.0],[130.6192,-11.3876,0.0],[130.6095,-11.3881,8.7107],[130.6014,-11.3865,4.0714],[130.5988,-11.3888,0.0],[130.5975,-11.3934,0.7512],[130.5887,-11.397,2.436],[130.5857,-11.4008,4.4621],[130.5813,-11.4024,0.0],[130.575,-11.3977,0.0],[130.5683,-11.3976,1.7607],[130.5593,-11.3894,0.0],[130.5565,-11.3832,7.8204],[130.5546,-11.361,2.5593],[130.5561,-11.359,4.19],[130.559,-11.3587,0.0],[130.5577,-11.3565,3.8233],[130.5588,-11.3534,0.0],[130.5658,-11.3501,3.1169],[130.5635,-11.3467,2.5376],[130.5669,-11.3407,0.0],[130.5792,-11.341,3.1233],[130.5867,-11.3429,0.7427],[130.582,-11.3368,4.7527],[130.5781,-11.3344,4.084],[130.5818,-11.3319,3.3501],[130.5793,-11.3293,4.626],[130.5795,-11.3268,3.8119],[130.5806,-11.3293,4.626],[130.5836,-11.3275,5.5828],[130.5831,-11.3325,3.3501],[130.5795,-11.3343,5.6087],[130.5862,-11.3365,0.1831],[130.592,-11.3326,1.5889],[130.5942,-11.3223,7.6541],[130.5957,-11.3246,0.5397],[130.6038,-11.3214,0.0],[130.6,-11.3076,9.3964],[130.6001,-11.3038,9.1297],[130.6028,-11.3003,11.1265],[130.601,-11.2976,6.4443],[130.5948,-11.2892,0.0],[130.5767,-11.2826,0.4941],[130.5744,-11.2836,2.2347],[130.5747,-11.2818,2.7922],[130.5653,-11.2726,3.4335],[130.5566,-11.2696,12.9341],[130.5538,-11.2664,7.3114],[130.5518,-11.2668,1.1161],[130.5486,-11.2711,0.0],[130.549,-11.2733,0.0],[130.5459,-11.2769,0.0],[130.5469,-11.2809,0.0],[130.5388,-11.2844,0.0],[130.5306,-11.2849,3.4046],[130.5161,-11.2801,0.0],[130.5169,-11.2812,0.0],[130.5125,-11.285,4.3097],[130.5046,-11.2772,5.3505],[130.4998,-11.2746,5.6613],[130.498,-11.2782,3.4291],[130.4963,-11.2786,5.9335],[130.4949,-11.2776,4.3939],[130.4973,-11.2779,3.1694],[130.4984,-11.2745,2.3611],[130.4971,-11.2731,2.3611],[130.4999,-11.272,0.9039],[130.5137,-11.2791,1.1011],[130.4894,-11.2621,3.6194],[130.4753,-11.2473,36.2365],[130.4451,-11.206,32.5845],[130.4387,-11.2019,30.5103],[130.4106,-11.1739,1.5622],[130.4184,-11.186,5.8828],[130.4164,-11.1831,4.144]]]]}
,"properties": {"GID_1": "AUS.6_1","GID_0": "AUS","country": "Australia","state": "NorthernTerritory","VARNAME_1": "NA","NL_NAME_1": "NA","TYPE_1": "Territory","ENGTYPE_1": "Territory","CC_1": "7","HASC_1": "AU.NT","ISO_1": "AU-NT","name": "NorthernTerritory.state","area_km2": 1352192.3,"hist_schema_id": "Elevation0-9000","hist_area_km2": {"0": 42395.4,"25": 57634.8,"50": 46190.8,"75": 40921.4,"100": 40973.0,"125": 43395.7,"150": 42948.2,"175": 50444.3,"200": 79017.9,"225": 127579.5,"250": 116187.4,"275": 79407.3,"300": 58815.5,"325": 43086.1,"350": 43301.5,"375": 48796.9,"400": 50347.6,"425": 42268.9,"450": 34374.7,"475": 37567.7,"500": 33018.6,"525": 29261.8,"550": 30448.6,"575": 28195.5,"600": 22325.3,"625": 18717.2,"650": 15904.2,"675": 14097.0,"700": 11235.5,"725": 7918.0,"750": 4976.8,"775": 3446.9,"800": 2257.6,"825": 1457.3,"850": 1009.7,"875": 692.9,"900": 447.6,"925": 317.4,"950": 228.5,"975": 167.6,"1000": 112.0,"1025": 80.2,"1050": 59.1,"1075": 43.8,"1100": 34.8,"1125": 26.5,"1150": 19.8,"1175": 12.7}}}