{"type": "Feature","bbox": [129.0013,-38.0626,141.003,-25.9964],"geometry": {"type": "MultiPolygon","coordinates": [[[[140.661,-38.0624,0.0],[140.6608,-38.0623,0.0],[140.66,-38.0624,0.0],[140.6605,-38.0626,0.0],[140.661,-38.0624,0.0]]],
[[[140.6628,-38.0621,0.0],[140.6629,-38.0618,0.0],[140.6623,-38.0619,0.0],[140.6625,-38.0622,0.0],[140.6628,-38.0621,0.0]]],
[[[140.6615,-38.062,0.0],[140.6615,-38.0617,0.0],[140.6608,-38.0618,0.0],[140.6609,-38.062,0.0],[140.6615,-38.062,0.0]]],
[[[133.6034,-32.2441,1.3955],[133.6087,-32.241,0.3431],[133.6064,-32.2406,0.3509],[133.602,-32.2432,0.0],[133.5986,-32.2464,0.0],[133.5971,-32.2493,0.0],[133.5979,-32.2498,0.0],[133.5986,-32.2472,0.0],[133.6034,-32.2441,1.3955]]],
[[[133.8499,-32.379,2.0035],[133.8492,-32.3777,2.3952],[133.8468,-32.3789,3.792],[133.8488,-32.3795,1.9789],[133.8499,-32.379,2.0035]]],
[[[133.8473,-32.3765,2.5149],[133.8477,-32.3761,2.4621],[133.844,-32.3757,2.3573],[133.8449,-32.3766,2.6935],[133.8473,-32.3765,2.5149]]],
[[[133.3397,-32.3687,0.0],[133.3397,-32.369,0.0],[133.3409,-32.3689,0.0],[133.3402,-32.3686,0.0],[133.3397,-32.3687,0.0]]],
[[[133.3483,-32.3659,0.2563],[133.3493,-32.3672,4.4475],[133.3522,-32.3663,1.0705],[133.351,-32.3655,1.4831],[133.3483,-32.3659,0.2563]]],
[[[133.3549,-32.3656,0.0],[133.3548,-32.366,0.0],[133.3555,-32.3659,0.1613],[133.3551,-32.3657,0.0],[133.3549,-32.3656,0.0]]],
[[[133.485,-32.369,2.856],[133.4862,-32.3676,0.5907],[133.4825,-32.3676,0.0],[133.4769,-32.3708,0.8159],[133.4783,-32.3731,0.0],[133.4754,-32.3764,0.0],[133.4761,-32.3814,0.0],[133.4821,-32.3837,0.8267],[133.4839,-32.3826,5.5435],[133.4852,-32.3805,0.7174],[133.4847,-32.3732,21.5417],[133.4871,-32.3711,1.6941],[133.485,-32.369,2.856]]],
[[[133.8456,-32.3657,0.315],[133.8439,-32.3636,0.66],[133.8389,-32.3612,0.0],[133.8446,-32.3661,1.6166],[133.8456,-32.3657,0.315]]],
[[[133.5617,-32.3217,0.0],[133.5611,-32.321,0.0],[133.5605,-32.3223,0.4204],[133.5612,-32.3223,0.0],[133.5617,-32.3217,0.0]]],
[[[133.6084,-32.304,0.5123],[133.608,-32.304,0.8717],[133.6081,-32.3049,0.0],[133.6087,-32.3045,0.5123],[133.6084,-32.304,0.5123]]],
[[[133.5315,-32.3159,0.3135],[133.5322,-32.3148,0.0],[133.5296,-32.317,0.2444],[133.531,-32.3166,0.698],[133.5315,-32.3159,0.3135]]],
[[[133.526,-32.3035,18.604],[133.5219,-32.3035,14.7887],[133.5204,-32.3008,3.3576],[133.515,-32.3013,14.8256],[133.5115,-32.3044,1.3604],[133.5063,-32.306,5.5514],[133.5032,-32.3097,0.0],[133.5035,-32.3158,8.9915],[133.5014,-32.3184,1.2507],[133.5067,-32.3192,2.9537],[133.5222,-32.313,0.0],[133.5241,-32.3101,1.4821],[133.5278,-32.3091,13.56],[133.5307,-32.3049,4.2479],[133.5285,-32.3027,1.3226],[133.526,-32.3035,18.604]]],
[[[133.8147,-32.356,3.0083],[133.7975,-32.3543,0.0],[133.7881,-32.3589,0.9706],[133.7943,-32.3637,0.4848],[133.8049,-32.3654,1.7404],[133.8197,-32.3763,0.0],[133.8393,-32.379,1.8572],[133.8497,-32.3856,1.3561],[133.8575,-32.3876,0.0],[133.8517,-32.3805,1.2021],[133.8451,-32.3807,2.0251],[133.8373,-32.3751,1.138],[133.8371,-32.3726,0.8447],[133.8405,-32.3734,1.9849],[133.8408,-32.372,1.5594],[133.8299,-32.3684,1.3635],[133.8359,-32.3715,1.6821],[133.8325,-32.3717,1.7952],[133.8262,-32.3687,1.2424],[133.8255,-32.3664,0.9909],[133.8213,-32.3655,0.5934],[133.8214,-32.3627,1.3119],[133.8244,-32.3631,2.0307],[133.8212,-32.3612,2.4544],[133.8206,-32.3625,1.3119],[133.8185,-32.3616,1.3214],[133.8196,-32.3634,0.9384],[133.8171,-32.3626,1.112],[133.8185,-32.3646,0.4116],[133.8112,-32.3626,0.6073],[133.8138,-32.3613,0.8916],[133.8119,-32.3594,2.4512],[133.8125,-32.3611,1.9461],[133.8103,-32.3612,1.4783],[133.8068,-32.3588,0.9739],[133.8131,-32.3585,3.5086],[133.8147,-32.356,3.0083]]],
[[[133.8373,-32.3605,1.1934],[133.8366,-32.3606,2.1462],[133.838,-32.3608,1.1934],[133.838,-32.3607,1.1934],[133.8373,-32.3605,1.1934]]],
[[[133.834,-32.3566,1.1197],[133.8348,-32.3555,0.7804],[133.8327,-32.3536,0.4421],[133.8267,-32.3517,0.6424],[133.8162,-32.3547,1.906],[133.82,-32.3553,1.1785],[133.8244,-32.359,1.3611],[133.8253,-32.3581,1.3611],[133.8227,-32.3555,1.8317],[133.8268,-32.3582,2.8854],[133.83,-32.3577,1.3257],[133.8353,-32.3601,2.1462],[133.8327,-32.3579,1.1197],[133.8271,-32.3557,1.1769],[133.8271,-32.3547,1.1769],[133.8289,-32.3541,1.0053],[133.834,-32.3566,1.1197]]],
[[[133.7603,-32.3653,0.0],[133.7672,-32.3645,1.1052],[133.7749,-32.3619,1.2714],[133.7596,-32.3642,0.0],[133.7603,-32.3653,0.0]]],
[[[133.7591,-32.3602,0.0],[133.7605,-32.3608,0.0],[133.7575,-32.3591,0.0],[133.7582,-32.3613,0.0],[133.76,-32.3619,0.0],[133.7582,-32.3605,0.0],[133.7591,-32.3602,0.0]]],
[[[133.6493,-32.2384,5.396],[133.674,-32.2325,0.642],[133.6681,-32.2309,0.0],[133.6554,-32.2322,0.9417],[133.631,-32.2406,1.3378],[133.6238,-32.2393,1.3353],[133.5979,-32.2593,3.3771],[133.5817,-32.2684,4.919],[133.5758,-32.2679,3.3426],[133.5769,-32.2664,3.3426],[133.5754,-32.2645,2.5639],[133.5772,-32.266,3.035],[133.5791,-32.2653,3.6142],[133.5826,-32.2613,4.7779],[133.5845,-32.2558,3.0176],[133.5835,-32.2558,2.876],[133.5936,-32.251,0.0],[133.5857,-32.2542,0.7977],[133.5796,-32.254,2.0913],[133.5672,-32.2669,8.691],[133.5591,-32.2625,0.0],[133.5558,-32.2649,12.5254],[133.5509,-32.2637,0.0],[133.5482,-32.2664,0.0],[133.5505,-32.2678,5.7344],[133.5514,-32.2731,26.1177],[133.5402,-32.2788,0.0],[133.5407,-32.2809,10.1631],[133.5438,-32.282,3.993],[133.5447,-32.2977,5.0778],[133.5506,-32.3038,2.1981],[133.5497,-32.3081,0.32],[133.5567,-32.3079,6.4394],[133.5603,-32.3107,12.946],[133.5633,-32.3171,2.22],[133.5671,-32.3162,23.8538],[133.573,-32.3191,4.1785],[133.5749,-32.3183,1.8179],[133.5734,-32.3169,3.9957],[133.5807,-32.3133,1.2881],[133.5793,-32.3108,13.8863],[133.5803,-32.3066,2.1112],[133.5907,-32.3062,8.7805],[133.5939,-32.3041,6.6931],[133.5974,-32.305,1.1789],[133.6003,-32.3079,7.7125],[133.6078,-32.3012,12.6374],[133.608,-32.2937,11.8307],[133.612,-32.2828,3.0638],[133.6284,-32.2713,1.8743],[133.6189,-32.2736,3.7607],[133.6116,-32.2658,0.0],[133.6113,-32.2605,0.0],[133.6222,-32.2509,10.3157],[133.6357,-32.2448,0.4784],[133.638,-32.2423,2.1121],[133.6476,-32.2395,5.396],[133.6443,-32.2376,2.6964],[133.6502,-32.2379,2.8449],[133.6493,-32.2384,5.396]]],
[[[137.8763,-33.3335,2.3023],[137.8743,-33.331,2.2687],[137.8741,-33.3318,2.4286],[137.8754,-33.3336,2.2126],[137.8763,-33.3335,2.3023]]],
[[[134.7035,-33.2181,0.0],[134.7041,-33.2178,0.0],[134.704,-33.2176,0.0],[134.7034,-33.2175,0.0],[134.7035,-33.2181,0.0]]],
[[[134.698,-33.2162,1.0454],[134.6988,-33.2162,1.0454],[134.6998,-33.2152,0.0],[134.6972,-33.2152,1.0454],[134.698,-33.2162,1.0454]]],
[[[134.6783,-33.204,0.7878],[134.6707,-33.2025,0.0],[134.6733,-33.2077,0.2671],[134.6715,-33.2098,0.2468],[134.6696,-33.2086,0.5772],[134.6679,-33.2096,0.4733],[134.6662,-33.2128,0.3847],[134.6663,-33.2097,0.4733],[134.6661,-33.2131,-0.0385],[134.6673,-33.2162,1.5957],[134.6774,-33.2166,0.758],[134.6793,-33.2134,0.5582],[134.6765,-33.2151,0.6266],[134.6818,-33.2091,0.4146],[134.6818,-33.2081,0.4146],[134.6803,-33.2095,0.2704],[134.6783,-33.204,0.7878]]],
[[[134.3667,-33.1863,0.0],[134.3682,-33.1841,0.5779],[134.3671,-33.1823,0.0],[134.364,-33.1875,0.0],[134.3667,-33.1863,0.0]]],
[[[134.6273,-33.182,0.7825],[134.6283,-33.1826,0.7825],[134.6257,-33.1793,0.782],[134.6229,-33.1793,1.3526],[134.6238,-33.1825,1.0687],[134.6273,-33.182,0.7825]]],
[[[134.5999,-33.1694,0.0],[134.6028,-33.171,6.6974],[134.6094,-33.1704,0.6611],[134.6053,-33.1684,3.81],[134.5999,-33.1694,0.0]]],
[[[134.6153,-33.1794,0.0],[134.6131,-33.1799,3.069],[134.6123,-33.1829,0.6047],[134.6134,-33.1828,1.3117],[134.6153,-33.1794,0.0]]],
[[[134.2815,-33.0813,4.4347],[134.2856,-33.0834,0.0],[134.2867,-33.0791,0.0],[134.2824,-33.0797,5.1431],[134.2815,-33.0813,4.4347]]],
[[[133.9668,-32.7227,11.2843],[133.9695,-32.7233,0.2478],[133.9709,-32.7204,0.0],[133.9698,-32.7189,0.6821],[133.9662,-32.7209,0.0],[133.9656,-32.7227,0.1689],[133.9668,-32.7227,11.2843]]],
[[[134.2761,-32.6954,0.0],[134.2777,-32.6964,0.0],[134.2806,-32.6952,0.0],[134.2781,-32.694,0.0],[134.2761,-32.6954,0.0]]],
[[[134.2794,-32.6797,0.0],[134.2753,-32.6772,3.358],[134.2746,-32.6742,0.0],[134.2706,-32.6765,9.0086],[134.2612,-32.6744,0.0],[134.2597,-32.6784,0.0],[134.261,-32.6797,0.0],[134.2685,-32.6801,3.1129],[134.2705,-32.6824,0.814],[134.277,-32.6818,1.9001],[134.2794,-32.6797,0.0]]],
[[[133.1344,-32.6443,0.0],[133.1313,-32.6439,0.0],[133.1313,-32.6482,0.0],[133.1328,-32.648,0.0],[133.1344,-32.6443,0.0]]],
[[[133.2891,-32.5833,4.3618],[133.2874,-32.5833,4.3618],[133.285,-32.5787,7.4608],[133.2788,-32.5811,1.6405],[133.2763,-32.5848,0.0],[133.2777,-32.5873,15.5707],[133.2813,-32.5888,0.0],[133.2894,-32.5865,0.0],[133.2891,-32.5833,4.3618]]],
[[[137.8202,-32.5734,1.5444],[137.8222,-32.5755,1.5732],[137.8207,-32.5732,1.1718],[137.8225,-32.5704,0.9875],[137.8223,-32.5662,1.0761],[137.8221,-32.5703,1.3178],[137.8202,-32.5734,1.5444]]],
[[[133.287,-32.5551,29.0283],[133.2868,-32.5534,6.9659],[133.2837,-32.5541,2.349],[133.282,-32.5572,10.9867],[133.2826,-32.5595,7.1851],[133.286,-32.5603,14.0858],[133.286,-32.5641,22.2011],[133.2764,-32.5623,1.2343],[133.2754,-32.5655,5.1098],[133.2812,-32.5684,0.0],[133.2917,-32.5675,0.0],[133.2901,-32.5644,17.0781],[133.2948,-32.5628,14.591],[133.2988,-32.5566,0.0],[133.2907,-32.5583,35.6852],[133.287,-32.5551,29.0283]]],
[[[133.2545,-32.5105,0.0],[133.2556,-32.5086,2.0301],[133.2541,-32.507,5.4229],[133.2516,-32.5087,13.8412],[133.2495,-32.5072,0.0],[133.2492,-32.5102,0.0],[133.2515,-32.5134,0.0],[133.2545,-32.5105,0.0]]],
[[[133.3064,-32.5228,1.9864],[133.3077,-32.5231,0.6845],[133.3079,-32.5214,0.0],[133.3068,-32.5218,1.9864],[133.3064,-32.5228,1.9864]]],
[[[133.261,-32.5073,3.4965],[133.2621,-32.508,0.0],[133.2641,-32.5044,0.0],[133.2612,-32.5063,3.4965],[133.261,-32.5073,3.4965]]],
[[[133.3356,-32.4867,4.0833],[133.3364,-32.4836,9.8402],[133.3305,-32.4841,1.1941],[133.3322,-32.4896,6.2334],[133.3342,-32.4902,21.2416],[133.3338,-32.4934,0.9343],[133.3371,-32.4899,2.6592],[133.3356,-32.4867,4.0833]]],
[[[133.3073,-32.4867,2.5056],[133.3108,-32.4861,16.9644],[133.3118,-32.4839,9.2127],[133.3092,-32.4835,4.8472],[133.3073,-32.4867,2.5056]]],
[[[133.347,-32.4819,0.0],[133.347,-32.4789,0.0],[133.3432,-32.4809,5.555],[133.344,-32.4823,6.7034],[133.347,-32.4819,0.0]]],
[[[133.3199,-32.4714,25.1173],[133.3192,-32.4695,0.0],[133.3176,-32.4699,3.622],[133.3132,-32.4773,3.8795],[133.3172,-32.4761,19.0362],[133.3201,-32.4733,18.6613],[133.3199,-32.4714,25.1173]]],
[[[133.2887,-32.493,0.0],[133.2886,-32.4906,0.4315],[133.2814,-32.4954,16.4917],[133.2773,-32.4946,5.5629],[133.2759,-32.4962,1.3262],[133.271,-32.496,0.0],[133.2678,-32.5005,0.2456],[133.2695,-32.5025,9.0481],[133.2778,-32.5042,38.337],[133.2814,-32.5102,14.7031],[133.2835,-32.5112,32.6183],[133.2822,-32.5154,33.2824],[133.2784,-32.5159,0.0],[133.2774,-32.5176,23.1679],[133.2791,-32.5191,3.6181],[133.2876,-32.5173,49.1409],[133.2886,-32.5189,42.2925],[133.2852,-32.5244,5.0552],[133.2876,-32.5285,0.0],[133.2921,-32.5243,29.048],[133.3045,-32.522,0.0],[133.3048,-32.5207,0.0],[133.3019,-32.5186,1.4578],[133.3034,-32.5153,36.4067],[133.3111,-32.5105,5.0151],[133.3097,-32.5077,27.6372],[133.3109,-32.5035,3.0429],[133.3076,-32.5023,7.6787],[133.3101,-32.4993,0.0],[133.3077,-32.4978,0.0],[133.301,-32.5033,12.9403],[133.2946,-32.5029,0.5019],[133.2891,-32.5006,3.4182],[133.2858,-32.4972,5.2206],[133.2858,-32.4946,3.4696],[133.2887,-32.493,0.0]]],
[[[133.6338,-32.4701,0.4286],[133.6324,-32.4706,0.2743],[133.6319,-32.4712,0.2743],[133.6342,-32.4705,0.4286],[133.6338,-32.4701,0.4286]]],
[[[133.6445,-32.4659,0.1017],[133.6428,-32.4673,0.0],[133.6427,-32.4679,0.0],[133.6462,-32.4661,0.0],[133.6445,-32.4659,0.1017]]],
[[[133.6826,-32.4385,0.0],[133.6785,-32.4344,0.0],[133.6691,-32.4364,0.2371],[133.67,-32.4386,14.4656],[133.6681,-32.4427,7.0897],[133.6616,-32.444,0.0],[133.6611,-32.4479,0.3762],[133.6565,-32.4508,0.0],[133.658,-32.4515,27.5535],[133.6578,-32.4549,4.8526],[133.661,-32.4552,3.7091],[133.6709,-32.4473,13.7884],[133.6777,-32.4467,0.0349],[133.6781,-32.4437,21.7012],[133.6824,-32.4427,0.0],[133.6826,-32.4385,0.0]]],
[[[133.6943,-32.4338,3.4164],[133.6929,-32.4327,0.0],[133.6902,-32.4376,0.0],[133.6932,-32.4359,0.8979],[133.6943,-32.4338,3.4164]]],
[[[133.7192,-32.3993,0.4279],[133.7193,-32.3988,0.4279],[133.7187,-32.3993,0.4279],[133.719,-32.3995,0.4279],[133.7192,-32.3993,0.4279]]],
[[[133.3817,-32.3955,23.3412],[133.3814,-32.3932,17.6581],[133.379,-32.3924,0.8212],[133.3758,-32.3938,7.6142],[133.3677,-32.3934,5.9089],[133.3691,-32.3987,4.3614],[133.3663,-32.3983,5.2941],[133.3667,-32.4029,13.5441],[133.3757,-32.403,1.1174],[133.3777,-32.3973,33.0296],[133.3817,-32.3955,23.3412]]],
[[[133.6399,-32.4531,3.1895],[133.6376,-32.4499,0.0],[133.634,-32.45,2.3217],[133.6273,-32.4521,1.4914],[133.6255,-32.4572,3.7751],[133.6279,-32.459,4.3705],[133.6309,-32.4573,28.1518],[133.6344,-32.462,3.5281],[133.6396,-32.4632,0.0],[133.6418,-32.4611,27.3309],[133.6486,-32.4607,0.4288],[133.6533,-32.4555,11.7992],[133.655,-32.4511,0.0],[133.6508,-32.45,1.0977],[133.6469,-32.4534,9.3276],[133.6399,-32.4531,3.1895]]],
[[[136.3187,-34.6537,1.4746],[136.3179,-34.6558,0.0],[136.3214,-34.655,0.0],[136.3212,-34.6543,0.0],[136.3187,-34.6537,1.4746]]],
[[[136.3742,-34.6505,0.0],[136.3741,-34.6501,0.0],[136.3733,-34.6502,-0.1044],[136.3741,-34.6505,0.0],[136.3742,-34.6505,0.0]]],
[[[136.3654,-34.6469,1.8713],[136.3663,-34.6484,1.4984],[136.3701,-34.648,0.0],[136.3687,-34.6452,2.7875],[136.3663,-34.6452,3.3927],[136.3654,-34.6469,1.8713]]],
[[[136.1832,-34.6426,4.0107],[136.1845,-34.6418,4.0107],[136.1836,-34.6407,1.1369],[136.1812,-34.6406,3.3293],[136.1799,-34.6471,0.0],[136.1839,-34.6495,9.1831],[136.1857,-34.6487,0.5981],[136.1859,-34.6465,3.0562],[136.1832,-34.6426,4.0107]]],
[[[136.1951,-34.637,2.433],[136.1953,-34.6385,0.9272],[136.1968,-34.6388,0.9272],[136.1968,-34.6374,2.433],[136.1951,-34.637,2.433]]],
[[[135.4337,-34.6209,2.6645],[135.4332,-34.6194,0.0],[135.431,-34.6193,0.0],[135.4328,-34.6213,0.0],[135.4337,-34.6209,2.6645]]],
[[[135.9816,-34.6078,3.337],[135.9818,-34.6093,4.123],[135.9841,-34.6098,0.0],[135.9864,-34.6047,7.3933],[135.9849,-34.604,0.0],[135.9816,-34.6078,3.337]]],
[[[135.3738,-34.594,0.0],[135.3744,-34.5952,1.1122],[135.3761,-34.5954,0.0],[135.375,-34.5943,0.0],[135.3738,-34.594,0.0]]],
[[[136.3188,-34.5897,9.8588],[136.3097,-34.5895,0.0],[136.3065,-34.5939,2.7428],[136.3123,-34.5935,6.2512],[136.3222,-34.5963,0.0],[136.3253,-34.5913,2.5626],[136.3219,-34.5893,0.0],[136.3188,-34.5897,9.8588]]],
[[[136.296,-34.5801,1.7747],[136.2909,-34.5777,0.0],[136.2872,-34.5796,0.0],[136.2904,-34.5822,1.0467],[136.2967,-34.5839,2.5201],[136.3025,-34.5818,1.0063],[136.3016,-34.5805,1.2357],[136.296,-34.5801,1.7747]]],
[[[135.3784,-34.5959,0.0],[135.3784,-34.5957,0.0],[135.3771,-34.5957,0.0],[135.3774,-34.5959,0.0],[135.3784,-34.5959,0.0]]],
[[[136.2555,-34.5963,0.5582],[136.2593,-34.5926,0.0],[136.2557,-34.5942,1.1109],[136.2508,-34.5936,3.3908],[136.2486,-34.597,0.8642],[136.2535,-34.5974,3.6789],[136.2555,-34.5963,0.5582]]],
[[[136.2355,-34.5637,0.9053],[136.2367,-34.5645,3.133],[136.2389,-34.562,0.5961],[136.2366,-34.5622,2.1825],[136.2355,-34.5637,0.9053]]],
[[[135.2097,-34.5627,0.0],[135.2126,-34.5639,0.0],[135.2131,-34.5633,0.0],[135.2106,-34.5613,0.0],[135.2097,-34.5627,0.0]]],
[[[136.2092,-34.5517,0.0],[136.2142,-34.553,0.0],[136.2167,-34.5505,0.5287],[136.2167,-34.5474,0.2287],[136.2108,-34.5482,4.7496],[136.2092,-34.5517,0.0]]],
[[[136.2533,-34.5267,0.5973],[136.2582,-34.526,5.8649],[136.261,-34.5235,0.0],[136.2557,-34.519,0.4119],[136.2508,-34.5222,2.974],[136.2513,-34.5266,1.863],[136.2533,-34.5267,0.5973]]],
[[[136.2494,-34.5127,1.0225],[136.2524,-34.5139,0.9922],[136.2513,-34.5102,0.2225],[136.2495,-34.5106,0.2965],[136.2494,-34.5127,1.0225]]],
[[[136.2872,-34.4895,0.7594],[136.2827,-34.4871,2.6028],[136.2794,-34.4875,2.8046],[136.2852,-34.4922,0.3196],[136.2872,-34.4895,0.7594]]],
[[[137.3661,-34.5335,0.0],[137.3662,-34.5329,0.0],[137.366,-34.5329,0.0],[137.3659,-34.5335,0.0],[137.3661,-34.5335,0.0]]],
[[[137.3632,-34.5311,0.0],[137.3631,-34.5308,0.0],[137.3629,-34.5308,0.0],[137.363,-34.5312,0.0],[137.3632,-34.5311,0.0]]],
[[[136.2613,-34.5434,0.0],[136.2616,-34.5405,0.0],[136.2597,-34.5404,1.3383],[136.257,-34.544,1.8687],[136.2593,-34.5447,0.0],[136.2613,-34.5434,0.0]]],
[[[137.3652,-34.5335,0.0],[137.3655,-34.5332,0.0],[137.3654,-34.533,0.0],[137.3649,-34.5333,0.0],[137.3652,-34.5335,0.0]]],
[[[137.3553,-34.5348,0.0],[137.3556,-34.5348,0.0],[137.3554,-34.5345,0.0],[137.3553,-34.5346,0.0],[137.3553,-34.5348,0.0]]],
[[[137.3549,-34.5346,0.0],[137.355,-34.5346,0.0],[137.3551,-34.5343,0.0],[137.3548,-34.5343,0.0],[137.3549,-34.5346,0.0]]],
[[[136.3056,-34.5053,1.2238],[136.3024,-34.502,1.5974],[136.2953,-34.5025,0.0642],[136.293,-34.5063,-0.1319],[136.2887,-34.5078,0.0],[136.2838,-34.5035,2.2664],[136.2799,-34.5039,2.8061],[136.2784,-34.5075,0.8497],[136.2797,-34.511,5.1051],[136.2766,-34.5187,0.0],[136.2781,-34.5233,2.3864],[136.2757,-34.527,0.0],[136.2769,-34.5358,0.0],[136.2706,-34.5421,1.6868],[136.2712,-34.5462,8.4852],[136.2749,-34.5493,0.0],[136.2838,-34.5483,0.6397],[136.2865,-34.5453,0.0],[136.2849,-34.5448,14.3638],[136.2838,-34.5406,0.357],[136.2808,-34.5406,3.2004],[136.2786,-34.5377,0.0],[136.2812,-34.5305,2.5748],[136.2875,-34.5303,0.0],[136.2836,-34.5264,0.3347],[136.2856,-34.5238,0.0],[136.2826,-34.5208,1.1295],[136.2845,-34.5155,1.3065],[136.294,-34.5066,0.0],[136.2969,-34.5056,4.0774],[136.3028,-34.5073,1.6553],[136.3056,-34.5053,1.2238]]],
[[[135.9559,-34.5714,6.6557],[135.9557,-34.5696,5.9298],[135.9528,-34.5678,0.0],[135.946,-34.5685,2.7568],[135.9461,-34.5747,4.2698],[135.9538,-34.5837,3.4845],[135.9518,-34.5875,0.0],[135.9527,-34.5938,2.6211],[135.9588,-34.589,1.8409],[135.9585,-34.5857,3.327],[135.9604,-34.5831,0.0],[135.9576,-34.5813,4.8953],[135.959,-34.5751,2.4829],[135.9559,-34.5714,6.6557]]],
[[[136.2906,-34.5688,0.2973],[136.2929,-34.5686,1.111],[136.2938,-34.5674,0.0],[136.2911,-34.5672,0.0],[136.2906,-34.5688,0.2973]]],
[[[137.4245,-34.485,0.2572],[137.4242,-34.4849,0.2572],[137.4239,-34.4857,0.2572],[137.4244,-34.4853,0.2572],[137.4245,-34.485,0.2572]]],
[[[137.4042,-34.4616,1.0952],[137.4036,-34.462,1.0952],[137.4039,-34.4626,1.0952],[137.4047,-34.4621,1.0952],[137.4042,-34.4616,1.0952]]],
[[[137.3647,-34.4571,3.568],[137.3662,-34.4565,0.0],[137.3654,-34.455,4.1284],[137.3626,-34.4559,0.5522],[137.3626,-34.4571,1.3878],[137.3647,-34.4571,3.568]]],
[[[137.3613,-34.4517,0.1268],[137.3616,-34.4532,0.1021],[137.362,-34.4536,0.1021],[137.3621,-34.4522,0.4565],[137.3613,-34.4517,0.1268]]],
[[[137.4125,-34.4423,1.5242],[137.4127,-34.4434,0.8666],[137.4144,-34.4439,1.7307],[137.4138,-34.4429,0.5164],[137.4125,-34.4423,1.5242]]],
[[[135.2598,-34.2606,0.0],[135.261,-34.2599,27.8037],[135.2593,-34.2563,0.0],[135.2585,-34.2587,0.0],[135.2598,-34.2606,0.0]]],
[[[137.3667,-34.4531,0.7023],[137.3666,-34.453,0.7023],[137.366,-34.4531,0.7023],[137.3667,-34.4537,0.7023],[137.3667,-34.4531,0.7023]]],
[[[137.541,-34.0095,0.4381],[137.54,-34.0098,0.7533],[137.5398,-34.0103,0.7533],[137.541,-34.0098,0.4574],[137.541,-34.0095,0.4381]]],
[[[137.537,-34.0091,0.5712],[137.5372,-34.0087,0.5712],[137.5367,-34.0083,0.5712],[137.5367,-34.0089,0.5712],[137.537,-34.0091,0.5712]]],
[[[137.5192,-34.0073,0.7151],[137.5219,-34.006,0.6579],[137.5207,-34.0055,0.6579],[137.5141,-34.008,0.8662],[137.5109,-34.0075,0.9949],[137.5079,-34.0091,0.2348],[137.5113,-34.0095,1.2273],[137.5192,-34.0073,0.7151]]],
[[[137.5246,-34.0048,0.9199],[137.5228,-34.0057,0.9981],[137.5227,-34.0061,0.9981],[137.5242,-34.0056,0.9199],[137.5246,-34.0048,0.9199]]],
[[[137.5451,-33.9857,0.0],[137.5467,-33.9876,0.0],[137.5486,-33.9878,0.453],[137.5459,-33.9858,0.0],[137.5451,-33.9857,0.0]]],
[[[137.5375,-33.9825,1.0184],[137.5319,-33.9805,0.2877],[137.5327,-33.9829,1.7732],[137.5351,-33.9841,0.6296],[137.5429,-33.984,0.0],[137.5375,-33.9825,1.0184]]],
[[[134.2834,-33.7437,5.8604],[134.2865,-33.7453,0.0],[134.2887,-33.744,0.0],[134.2826,-33.7385,16.3964],[134.2834,-33.7437,5.8604]]],
[[[134.5313,-33.6895,20.4829],[134.5272,-33.6776,0.7433],[134.5208,-33.6786,4.2182],[134.5132,-33.6834,4.7689],[134.5012,-33.6869,8.3697],[134.4973,-33.6849,2.1354],[134.4914,-33.6908,4.7436],[134.4834,-33.694,0.8194],[134.4754,-33.6939,1.1939],[134.4732,-33.6903,3.4738],[134.4707,-33.6915,23.7872],[134.4688,-33.6941,2.9305],[134.4717,-33.6971,22.4557],[134.4713,-33.701,26.3021],[134.4661,-33.7052,0.0],[134.4687,-33.7156,6.3383],[134.4653,-33.7245,1.9365],[134.4683,-33.7289,0.0],[134.4679,-33.7334,0.0],[134.4613,-33.7401,9.6501],[134.4538,-33.7406,4.2181],[134.4581,-33.7507,10.5169],[134.4509,-33.7602,3.368],[134.4504,-33.7661,3.5178],[134.4469,-33.7718,6.5066],[134.4476,-33.7733,0.0],[134.4518,-33.7734,0.0],[134.4605,-33.7674,4.9185],[134.4637,-33.7677,6.2568],[134.4879,-33.7477,5.3394],[134.4961,-33.7458,0.8352],[134.4936,-33.7437,1.1198],[134.5069,-33.7315,0.0],[134.5072,-33.7293,0.5508],[134.5034,-33.7276,0.0],[134.5067,-33.723,0.0],[134.5108,-33.7239,8.2262],[134.5179,-33.7179,8.2761],[134.5232,-33.722,7.808],[134.5267,-33.7201,14.7113],[134.531,-33.7254,0.0],[134.5318,-33.7195,33.1513],[134.5353,-33.7184,0.0],[134.5397,-33.7189,9.5936],[134.5414,-33.7221,22.8509],[134.547,-33.7245,12.6366],[134.5472,-33.7189,4.156],[134.5378,-33.7126,2.3633],[134.5349,-33.7049,0.0],[134.5357,-33.6993,1.7006],[134.5314,-33.6926,10.0918],[134.5313,-33.6895,20.4829]]],
[[[137.5378,-34.013,0.0],[137.5391,-34.0142,0.0],[137.5385,-34.0101,0.3907],[137.5372,-34.0107,0.3907],[137.5378,-34.013,0.0]]],
[[[134.7646,-33.5945,5.6866],[134.7571,-33.5924,5.2227],[134.752,-33.5933,0.5248],[134.7616,-33.5966,0.0],[134.7666,-33.5954,2.9444],[134.7646,-33.5945,5.6866]]],
[[[137.8797,-33.3344,2.3852],[137.8774,-33.3339,2.3023],[137.8761,-33.3353,2.6481],[137.8755,-33.3405,1.977],[137.877,-33.3431,2.0771],[137.882,-33.3451,2.1957],[137.8778,-33.3385,2.7048],[137.8797,-33.3344,2.3852]]],
[[[134.8085,-33.5991,4.5864],[134.813,-33.5945,0.0],[134.8096,-33.5908,0.4513],[134.8056,-33.5954,13.675],[134.7916,-33.5923,4.5316],[134.7875,-33.5936,23.3201],[134.7837,-33.5917,14.9506],[134.7814,-33.5925,5.711],[134.7813,-33.5941,15.9867],[134.776,-33.595,0.0],[134.7766,-33.598,0.0],[134.7798,-33.6005,0.0],[134.7874,-33.5993,18.8966],[134.7931,-33.6035,0.0],[134.8021,-33.6061,17.5437],[134.8067,-33.6104,0.5667],[134.8096,-33.6082,2.1841],[134.8066,-33.6054,2.9553],[134.8085,-33.5991,4.5864]]],
[[[134.6256,-33.724,0.0],[134.6239,-33.7238,0.0],[134.6235,-33.7249,0.0],[134.6242,-33.7253,0.0],[134.6256,-33.724,0.0]]],
[[[134.6243,-33.7197,0.0],[134.6241,-33.7201,0.0],[134.6249,-33.7205,0.0],[134.6249,-33.7202,0.0],[134.6243,-33.7197,0.0]]],
[[[134.6176,-33.7168,0.0],[134.6177,-33.7173,0.0],[134.6182,-33.7172,0.0],[134.6181,-33.7166,0.0],[134.6176,-33.7168,0.0]]],
[[[134.6127,-33.7126,0.0],[134.6104,-33.712,5.6288],[134.6095,-33.7134,0.0],[134.6115,-33.7167,11.8032],[134.6169,-33.7164,0.0],[134.6141,-33.7134,23.4655],[134.6127,-33.7126,0.0]]],
[[[137.3691,-34.4656,1.7546],[137.3635,-34.4625,0.0],[137.3612,-34.463,0.0],[137.3611,-34.4686,4.0741],[137.3568,-34.4703,2.0265],[137.3566,-34.4756,13.9441],[137.354,-34.4761,0.0],[137.353,-34.4793,0.3229],[137.3497,-34.4795,1.465],[137.3501,-34.4818,9.6053],[137.3442,-34.4872,2.9364],[137.3397,-34.487,3.8158],[137.3383,-34.4885,0.0],[137.3391,-34.4934,12.0169],[137.3377,-34.4938,0.5409],[137.3392,-34.4982,16.6067],[137.3373,-34.4993,1.0911],[137.3397,-34.5016,7.7188],[137.3394,-34.5063,1.225],[137.342,-34.5091,3.4694],[137.3413,-34.5205,6.1352],[137.3427,-34.5232,1.9956],[137.3408,-34.5243,0.1791],[137.341,-34.5263,0.5436],[137.3489,-34.5282,0.742],[137.3515,-34.5341,1.7418],[137.3579,-34.5293,3.711],[137.3636,-34.5302,0.0],[137.3661,-34.5288,0.0],[137.3653,-34.5238,0.8595],[137.3682,-34.5199,0.0],[137.3715,-34.5059,1.3295],[137.3759,-34.5,1.3336],[137.3818,-34.4973,1.1306],[137.3782,-34.4932,0.2724],[137.3778,-34.4936,1.447],[137.3799,-34.4969,1.952],[137.3787,-34.4961,0.9943],[137.3763,-34.4925,0.5306],[137.3767,-34.486,0.1742],[137.3732,-34.4825,1.5922],[137.3762,-34.4748,0.0],[137.3758,-34.471,3.1224],[137.3749,-34.4688,0.2303],[137.3691,-34.4656,1.7546]]],
[[[140.9727,-37.6461,68.998],[140.9739,-37.4621,67.655],[140.9713,-37.2288,117.091],[140.9719,-37.0361,100.4696],[140.9631,-35.7485,123.8195],[140.9662,-35.3891,135.6064],[140.9644,-34.4973,27.8278],[140.9663,-34.4955,22.2986],[140.9644,-34.4927,31.0855],[140.9617,-34.0958,59.1256],[140.9636,-33.9806,18.5],[140.9693,-33.9835,21.9711],[140.9677,-33.9898,22.8715],[140.9693,-33.9972,19.3176],[140.9763,-33.9972,19.6055],[140.9806,-34.0,18.9741],[140.9808,-34.0046,19.4492],[140.9759,-34.0073,20.3992],[140.9753,-34.0093,18.5],[140.9867,-34.0102,19.9936],[140.9805,-34.016,18.5],[140.9854,-34.0205,27.0573],[140.9854,-34.0268,19.7863],[140.9873,-34.0297,20.8405],[140.9898,-34.0317,20.4382],[140.9934,-34.0311,25.1096],[140.9947,-34.0229,25.9786],[140.9976,-34.0199,18.5],[141.003,-34.0219,21.6462],[140.9991,-28.5386,97.3163],[140.9957,-28.0692,89.2489],[140.9975,-26.9092,73.5977],[140.9979,-26.7616,79.1524],[140.9994,-26.734,95.8258],[140.9994,-25.9964,89.5229],[131.7513,-25.9995,658.7211],[129.0018,-25.9986,644.0564],[129.0013,-31.6871,5.53],[129.0167,-31.6846,0.0],[129.029,-31.6792,82.9869],[129.0528,-31.6742,60.963],[129.1006,-31.6691,8.1995],[129.1395,-31.6679,14.5123],[129.1947,-31.6587,9.1811],[129.2397,-31.656,16.1772],[129.2457,-31.6542,40.366],[129.2717,-31.652,23.179],[129.2892,-31.6518,14.7315],[129.2949,-31.6494,84.8564],[129.3174,-31.6479,77.2535],[129.3261,-31.6457,83.294],[129.338,-31.6461,62.7909],[129.3702,-31.6403,91.9474],[129.3904,-31.641,70.1302],[129.4328,-31.6372,47.8926],[129.463,-31.6318,51.5176],[129.4986,-31.6282,26.4705],[129.5278,-31.6227,78.9877],[129.5576,-31.6217,12.2429],[129.6297,-31.6157,80.2561],[129.6809,-31.6167,25.5729],[129.7024,-31.6138,72.4646],[129.7261,-31.6141,34.2903],[129.7719,-31.6079,71.437],[129.8431,-31.6077,60.4382],[129.8661,-31.604,32.4825],[129.886,-31.5956,37.1826],[129.9182,-31.5903,40.0772],[129.9384,-31.5886,38.7963],[129.9704,-31.5911,32.7052],[130.0107,-31.5861,58.1112],[130.0506,-31.5879,59.7524],[130.0873,-31.5858,66.8921],[130.1204,-31.5864,0.0],[130.1259,-31.5848,22.3902],[130.1338,-31.5798,30.4418],[130.1371,-31.5806,19.6382],[130.1522,-31.5765,21.0494],[130.2222,-31.5798,0.0],[130.2474,-31.5738,57.2434],[130.2751,-31.5737,30.2305],[130.3137,-31.5799,0.0],[130.3357,-31.5811,61.7352],[130.345,-31.5836,23.8316],[130.377,-31.5846,0.0],[130.3877,-31.5833,33.4513],[130.4068,-31.5848,0.0],[130.426,-31.5835,42.4309],[130.4888,-31.593,0.0],[130.5253,-31.5924,46.3502],[130.54,-31.5874,50.7884],[130.5679,-31.5857,55.8289],[130.5994,-31.5887,41.7804],[130.6643,-31.5997,0.0],[130.7345,-31.6061,48.6745],[130.7787,-31.6076,31.1184],[130.8061,-31.6056,15.9048],[130.8461,-31.5978,35.2265],[130.8934,-31.5798,9.7866],[130.9354,-31.5693,17.9512],[130.9573,-31.5603,17.4575],[130.9831,-31.5533,0.0],[130.987,-31.5506,23.4904],[131.0264,-31.5376,7.9342],[131.0576,-31.5215,18.3487],[131.0627,-31.5155,22.5141],[131.0656,-31.5058,42.7653],[131.0818,-31.4909,39.1745],[131.1016,-31.482,15.586],[131.1098,-31.4766,24.8685],[131.1149,-31.4758,17.2661],[131.1285,-31.4647,34.7094],[131.1486,-31.4637,1.5071],[131.1869,-31.472,3.0736],[131.228,-31.4864,4.9683],[131.2331,-31.4896,0.0],[131.2448,-31.4923,9.6804],[131.2721,-31.5045,5.4483],[131.2775,-31.5052,2.3165],[131.3185,-31.5217,4.8982],[131.3235,-31.5252,0.0],[131.3476,-31.5344,13.2508],[131.3519,-31.5374,7.1978],[131.3647,-31.5408,1.2663],[131.3722,-31.5457,2.3024],[131.3763,-31.5452,5.9433],[131.3847,-31.5487,2.7222],[131.3858,-31.5521,0.0],[131.388,-31.5521,2.4234],[131.3891,-31.5539,0.0],[131.3926,-31.5533,6.9998],[131.4025,-31.5578,12.0749],[131.4103,-31.5594,7.3576],[131.4142,-31.5624,1.1292],[131.4171,-31.562,3.8201],[131.4188,-31.564,2.1108],[131.4225,-31.5639,2.2237],[131.4353,-31.5702,1.1184],[131.4422,-31.5718,1.1903],[131.4551,-31.5788,0.0],[131.4996,-31.596,6.19],[131.57,-31.6276,4.4018],[131.683,-31.6814,0.0],[131.7586,-31.7203,1.4673],[131.7801,-31.734,1.7723],[131.8028,-31.7449,1.1417],[131.8291,-31.7623,0.0],[131.8519,-31.7789,17.7316],[131.8579,-31.7875,16.06],[131.9094,-31.8143,2.471],[131.9339,-31.8311,4.9186],[131.9541,-31.8423,9.6433],[132.0014,-31.8774,8.1003],[132.073,-31.9177,8.3463],[132.0833,-31.9295,0.0],[132.1041,-31.9415,12.6044],[132.1106,-31.9482,0.0],[132.1128,-31.9465,28.1096],[132.1173,-31.9554,4.696],[132.1157,-31.959,0.0],[132.1168,-31.9611,12.9561],[132.1217,-31.9678,12.3207],[132.1244,-31.9679,32.5794],[132.1255,-31.9708,8.5425],[132.128,-31.9713,0.0],[132.1287,-31.9748,0.0],[132.1315,-31.976,26.3873],[132.1309,-31.9803,12.6193],[132.1351,-31.9824,19.4835],[132.1459,-31.9936,0.0],[132.1477,-31.9994,10.4983],[132.1514,-32.0013,12.6688],[132.1512,-32.003,0.0],[132.1573,-32.0013,0.0],[132.1611,-32.0027,13.6341],[132.1612,-32.0047,0.0],[132.1662,-32.0047,2.3271],[132.1764,-32.0183,0.0],[132.184,-32.0182,0.0],[132.189,-32.0215,0.0],[132.1959,-32.0229,4.9117],[132.2006,-32.0273,5.2229],[132.2029,-32.0273,0.0],[132.2045,-32.0243,7.1908],[132.2075,-32.027,0.0],[132.2073,-32.0241,8.2519],[132.2132,-32.0271,3.8316],[132.2193,-32.0246,0.0],[132.22559999999999,-32.025,1.0596],[132.236,-32.0281,0.0],[132.2453,-32.028,0.9547],[132.2536,-32.0305,3.5994],[132.2554,-32.0295,21.1168],[132.2565,-32.0312,16.6354],[132.2604,-32.0322,0.0],[132.2688,-32.0317,5.0098],[132.2712,-32.0338,0.0],[132.2716,-32.0276,13.3617],[132.2767,-32.0241,29.4313],[132.2856,-32.0225,15.9459],[132.2931,-32.0263,0.0],[132.2947,-32.0251,13.7563],[132.3034,-32.0275,0.9624],[132.3066,-32.0261,38.7365],[132.3083,-32.0284,0.0],[132.3183,-32.0263,5.4884],[132.3196,-32.0277,5.4884],[132.322,-32.0261,42.0582],[132.3231,-32.0274,1.685],[132.3251,-32.0262,35.1781],[132.3352,-32.0291,5.0391],[132.3361,-32.026,36.5515],[132.3377,-32.0269,1.0373],[132.341,-32.0227,0.0],[132.3404,-32.0181,0.0],[132.3432,-32.0145,6.1823],[132.3532,-32.0116,0.0],[132.3782,-32.0119,0.0],[132.3805,-32.0099,0.0],[132.3828,-32.0113,0.9411],[132.3839,-32.0157,2.9893],[132.3882,-32.0137,0.0],[132.3868,-32.0089,0.0],[132.3934,-32.0017,0.0],[132.4155,-31.9988,1.1743],[132.421,-31.9998,0.8358],[132.4308,-32.0068,0.0],[132.4329,-32.0097,0.0],[132.4315,-32.0118,0.7229],[132.4324,-32.0128,0.7229],[132.438,-32.0108,18.6867],[132.4376,-32.013,2.6321],[132.4477,-32.0191,20.2104],[132.4494,-32.0227,1.8374],[132.4532,-32.024,0.0],[132.4581,-32.0219,16.3544],[132.4678,-32.0281,0.0],[132.4688,-32.0305,3.2415],[132.4732,-32.0301,0.0],[132.4761,-32.0258,1.2011],[132.4634,-32.0168,10.3741],[132.4616,-32.0106,3.8559],[132.4523,-32.0089,0.7333],[132.4478,-32.0062,0.0],[132.4449,-32.0072,0.0],[132.4467,-32.0086,1.2926],[132.444,-32.0084,4.9736],[132.4379,-32.001,0.0],[132.4379,-31.9911,0.0],[132.4464,-31.9707,0.0],[132.455,-31.9607,1.5512],[132.4785,-31.9463,1.4899],[132.4945,-31.9418,0.4527],[132.5313,-31.9349,0.0],[132.5537,-31.9328,4.8867],[132.5952,-31.9343,5.382],[132.63,-31.9415,0.0],[132.6438,-31.9464,0.0],[132.6458,-31.9455,0.0],[132.6532,-31.9502,0.0],[132.6537,-31.9483,2.4552],[132.6555,-31.9482,2.4552],[132.6583,-31.9552,4.0452],[132.6606,-31.9572,0.0],[132.6626,-31.9558,22.1053],[132.6663,-31.9571,3.2027],[132.6696,-31.9552,14.3698],[132.6701,-31.9569,2.1932],[132.6737,-31.9559,16.663],[132.677,-31.9576,8.4016],[132.6802,-31.9546,0.0],[132.6829,-31.955,0.0],[132.6869,-31.9507,1.3667],[132.6935,-31.9514,1.085],[132.696,-31.9542,3.6374],[132.7004,-31.9524,7.2429],[132.7036,-31.9528,22.763],[132.705,-31.9553,0.0],[132.709,-31.9537,13.9933],[132.7147,-31.9559,12.6396],[132.7179,-31.9539,0.908],[132.7306,-31.9542,4.0712],[132.7343,-31.9566,0.0],[132.7367,-31.9501,0.7559],[132.7466,-31.9493,1.5482],[132.7851,-31.9619,0.0],[132.8265,-31.9816,0.0],[132.849,-31.9946,3.7738],[132.8532,-32.0013,1.1168],[132.86,-32.0018,1.9679],[132.8701,-32.0092,11.4783],[132.8709,-32.0118,0.0],[132.8884,-32.0225,8.9723],[132.8912,-32.0257,0.0],[132.8941,-32.0262,11.3811],[132.8948,-32.0284,3.6679],[132.9011,-32.0321,14.5786],[132.9038,-32.0362,5.8867],[132.9176,-32.0405,2.9994],[132.9229,-32.0442,1.2325],[132.9252,-32.0485,0.7278],[132.9315,-32.0528,4.7703],[132.9338,-32.0525,6.7933],[132.9348,-32.0545,1.1049],[132.9473,-32.0543,7.0024],[132.9636,-32.0652,0.0],[132.9742,-32.0725,0.0],[132.9791,-32.0786,2.3535],[132.9783,-32.0812,0.0],[132.9816,-32.082,5.2196],[132.9817,-32.0893,4.8852],[132.9777,-32.0924,0.0],[132.9826,-32.0972,2.7197],[132.9821,-32.1,16.7178],[132.9797,-32.102,9.3528],[132.9796,-32.1065,0.0],[132.9831,-32.1035,8.9698],[132.9901,-32.1027,2.025],[132.9915,-32.099,0.0],[132.9881,-32.0976,16.4366],[132.9887,-32.0948,17.2612],[132.9968,-32.0879,22.1146],[133.0024,-32.0869,0.0],[133.003,-32.0837,4.5414],[133.0066,-32.0834,0.0],[133.0208,-32.0901,0.0],[133.0328,-32.098,0.0],[133.0535,-32.1041,0.0],[133.0883,-32.127,0.994],[133.1144,-32.1479,3.781],[133.1342,-32.1683,0.0],[133.1381,-32.1749,0.0],[133.14,-32.18,3.0075],[133.1369,-32.1853,0.0],[133.1337,-32.1874,4.9729],[133.1301,-32.1868,1.792],[133.131,-32.1892,17.2758],[133.1283,-32.1908,0.0],[133.129,-32.1935,0.0],[133.1313,-32.194,7.2548],[133.1333,-32.1979,18.655],[133.1308,-32.2023,0.4247],[133.1279,-32.2033,0.0],[133.1258,-32.2088,0.2198],[133.1335,-32.2041,2.1089],[133.1382,-32.1978,15.9129],[133.143,-32.1977,11.82],[133.1475,-32.1945,0.0],[133.1507,-32.1879,0.0],[133.1447,-32.1875,2.9784],[133.1427,-32.1845,7.9842],[133.1466,-32.1748,0.0],[133.1554,-32.171,1.9844],[133.1647,-32.1701,0.0],[133.1869,-32.1738,0.0],[133.2086,-32.1843,0.7118],[133.2212,-32.187,0.0],[133.23,-32.1908,1.9349],[133.2464,-32.204,4.3727],[133.2526,-32.2051,10.4971],[133.2531,-32.2072,10.5734],[133.2511,-32.2082,0.0],[133.2532,-32.2109,3.3727],[133.2585,-32.2105,0.3789],[133.2578,-32.2065,5.202],[133.2671,-32.2032,0.0],[133.2694,-32.1971,1.3289],[133.2752,-32.1949,0.0],[133.2741,-32.1875,10.7308],[133.2782,-32.1835,1.4796],[133.293,-32.1809,9.0408],[133.3119,-32.1809,11.2719],[133.3147,-32.1822,0.2735],[133.3228,-32.1799,0.0],[133.3316,-32.1823,0.0],[133.3379,-32.1801,0.0],[133.3714,-32.1888,0.0],[133.3848,-32.194,7.2906],[133.3854,-32.1972,0.1065],[133.3898,-32.2002,0.0],[133.3951,-32.1951,0.346],[133.4036,-32.1975,9.0666],[133.4053,-32.1999,0.0],[133.4083,-32.1985,8.6063],[133.4091,-32.1957,0.9902],[133.4131,-32.1946,0.0],[133.4194,-32.1963,3.5193],[133.421,-32.1984,0.0],[133.4235,-32.198,0.0],[133.4264,-32.194,12.2801],[133.4256,-32.1908,8.3201],[133.4283,-32.1922,0.2217],[133.4287,-32.191,0.2606],[133.4247,-32.188,16.5837],[133.4256,-32.1847,0.6609],[133.436,-32.1788,0.0],[133.4462,-32.1785,0.5226],[133.4708,-32.188,0.0],[133.4856,-32.1962,6.9615],[133.4854,-32.199,1.1779],[133.4884,-32.2004,0.0],[133.4858,-32.2035,0.0],[133.4877,-32.2061,1.5932],[133.4881,-32.2033,7.1758],[133.4916,-32.1997,0.0],[133.4918,-32.1956,3.0867],[133.4906,-32.1943,0.3082],[133.4864,-32.1944,8.0764],[133.4858,-32.1903,6.8976],[133.4829,-32.1884,5.4077],[133.4789,-32.1883,8.5471],[133.4788,-32.1858,1.8103],[133.4742,-32.1812,9.0358],[133.4732,-32.1771,2.9042],[133.4684,-32.1742,1.0068],[133.4641,-32.1738,8.0292],[133.4643,-32.1722,1.2889],[133.4567,-32.1726,0.0],[133.452,-32.1699,5.0141],[133.4466,-32.1727,5.3877],[133.4403,-32.1708,1.3706],[133.4387,-32.172,0.5175],[133.4386,-32.1705,0.0],[133.437,-32.1764,4.1639],[133.4341,-32.1779,0.6184],[133.4297,-32.1788,1.3359],[133.427,-32.1748,7.7679],[133.4266,-32.1804,3.3235],[133.426,-32.1751,7.7679],[133.4272,-32.1728,1.1072],[133.4305,-32.1723,0.5656],[133.4264,-32.1725,0.5832],[133.418,-32.1746,2.3282],[133.4153,-32.1784,2.4527],[133.4118,-32.1778,1.1778],[133.4128,-32.1769,0.3472],[133.4112,-32.1757,1.2792],[133.4148,-32.1699,0.3899],[133.4116,-32.1713,1.5914],[133.4044,-32.1682,-0.0012],[133.4009,-32.1691,0.2227],[133.3979,-32.1645,2.3207],[133.3999,-32.1629,0.2908],[133.3961,-32.1614,0.6698],[133.3955,-32.1596,0.2568],[133.3923,-32.1594,0.223],[133.398,-32.1567,0.1705],[133.396,-32.1552,0.0313],[133.3971,-32.1501,0.2007],[133.3936,-32.1484,0.4198],[133.3956,-32.1445,0.4157],[133.3951,-32.1416,0.3056],[133.4004,-32.1372,3.3998],[133.4104,-32.1361,0.6814],[133.4133,-32.1316,0.0],[133.4191,-32.1283,0.0],[133.4245,-32.1287,0.3946],[133.4273,-32.1319,0.2051],[133.4322,-32.1301,0.5317],[133.4381,-32.123,1.2587],[133.4379,-32.1249,0.1355],[133.4431,-32.1266,0.0],[133.4466,-32.1358,2.4039],[133.4514,-32.136,1.1874],[133.4491,-32.1197,1.1825],[133.451,-32.1127,0.4681],[133.4604,-32.1029,0.9818],[133.466,-32.1021,0.8437],[133.4679,-32.1,1.1085],[133.4728,-32.1001,0.4614],[133.4783,-32.1043,0.0],[133.4809,-32.1032,0.3286],[133.4843,-32.1042,0.3127],[133.4822,-32.1082,0.2476],[133.4837,-32.1102,0.1958],[133.4895,-32.1098,0.6289],[133.4883,-32.1111,0.5829],[133.4895,-32.1129,0.7799],[133.48,-32.116,0.3595],[133.4804,-32.1177,0.6676],[133.4845,-32.1185,0.3411],[133.4864,-32.121,0.0],[133.4857,-32.1242,0.1533],[133.4831,-32.1263,0.0],[133.4924,-32.1286,1.3135],[133.4995,-32.1284,0.9502],[133.5029,-32.1311,0.2493],[133.5003,-32.1388,0.5774],[133.5013,-32.1392,0.5162],[133.4987,-32.1402,0.403],[133.4941,-32.1459,0.0446],[133.4968,-32.1506,0.0],[133.5034,-32.155,0.2675],[133.5044,-32.1537,2.1451],[133.5113,-32.1533,0.5777],[133.517,-32.1469,0.5165],[133.519,-32.1435,0.6738],[133.5174,-32.1419,2.1746],[133.5177,-32.1455,0.2186],[133.516,-32.1472,0.5165],[133.5165,-32.1422,2.1746],[133.5143,-32.1437,0.873],[133.5129,-32.1408,1.6723],[133.5117,-32.142,0.699],[133.5126,-32.1443,0.5665],[133.5103,-32.144,0.7728],[133.5097,-32.1463,0.8902],[133.5069,-32.1428,1.1308],[133.5045,-32.1437,0.4361],[133.5048,-32.1419,0.5179],[133.5075,-32.1408,1.026],[133.509,-32.1372,0.6787],[133.5151,-32.1347,1.2211],[133.5132,-32.1319,0.4986],[133.5173,-32.1337,1.13],[133.5253,-32.1274,0.5318],[133.5208,-32.1313,1.6705],[133.5191,-32.1357,1.6788],[133.5195,-32.1399,0.3688],[133.5209,-32.1408,0.9216],[133.5251,-32.1371,0.9009],[133.5228,-32.1412,0.8341],[133.5249,-32.1429,0.7935],[133.5216,-32.1517,0.0],[133.5221,-32.1553,1.7352],[133.5379,-32.1673,1.0722],[133.5535,-32.1696,0.0],[133.5558,-32.159,8.9526],[133.5672,-32.1552,0.0],[133.5713,-32.1499,0.0],[133.5775,-32.1468,0.0],[133.5791,-32.1435,4.0449],[133.5847,-32.141,3.9289],[133.5778,-32.1325,0.4401],[133.5771,-32.1299,3.7629],[133.5791,-32.1262,1.5024],[133.574,-32.1227,1.4167],[133.5725,-32.1175,1.2569],[133.5804,-32.1078,1.2383],[133.5779,-32.1041,0.1582],[133.5816,-32.0959,1.1462],[133.5923,-32.0873,1.6744],[133.5999,-32.0845,2.589],[133.6136,-32.086,1.8899],[133.621,-32.0921,2.693],[133.6282,-32.0906,0.9647],[133.628,-32.0938,0.1342],[133.6329,-32.0954,0.0917],[133.6306,-32.1001,0.3288],[133.6366,-32.1007,0.996],[133.6365,-32.099,2.722],[133.6438,-32.0959,2.6334],[133.6514,-32.0987,0.3994],[133.6538,-32.1021,2.3257],[133.6533,-32.1037,0.0],[133.661,-32.1057,4.37],[133.6675,-32.1044,1.7109],[133.6716,-32.1071,0.0],[133.671,-32.1094,0.4354],[133.6726,-32.1122,0.9142],[133.6702,-32.1209,1.1814],[133.6721,-32.1282,7.1007],[133.6705,-32.135,5.2083],[133.6669,-32.1386,3.3361],[133.6559,-32.1431,4.6513],[133.6476,-32.1413,5.6426],[133.6427,-32.1446,0.2523],[133.6435,-32.1488,2.3301],[133.6478,-32.1522,1.0651],[133.6618,-32.1474,1.3631],[133.6658,-32.1439,2.1948],[133.6747,-32.1426,5.6679],[133.6841,-32.1477,4.994],[133.6929,-32.1552,9.2464],[133.6946,-32.1614,3.0862],[133.6915,-32.1654,12.1169],[133.6892,-32.166,0.7759],[133.6869,-32.1708,1.9474],[133.6881,-32.1791,-0.0129],[133.6838,-32.1849,2.9555],[133.683,-32.1929,7.7862],[133.6789,-32.1962,0.7075],[133.6791,-32.2026,0.8821],[133.6876,-32.1994,12.9745],[133.6995,-32.1987,0.0],[133.7024,-32.1967,2.8141],[133.7149,-32.195,0.0],[133.7228,-32.1963,0.0],[133.7256,-32.1983,0.0],[133.7332,-32.1987,1.769],[133.738,-32.2038,12.1676],[133.7362,-32.2076,2.6041],[133.7451,-32.2016,0.3222],[133.7567,-32.2058,5.8982],[133.7596,-32.2098,-0.1058],[133.7592,-32.2162,0.0],[133.7622,-32.2249,1.7155],[133.7588,-32.2313,4.333],[133.7557,-32.2319,0.6982],[133.7554,-32.2353,2.3859],[133.7574,-32.2413,0.0],[133.7643,-32.2491,2.3143],[133.7629,-32.2566,5.7232],[133.7657,-32.2586,2.4939],[133.7654,-32.261,1.2936],[133.7697,-32.2638,6.1196],[133.7736,-32.2633,0.0],[133.7762,-32.2573,17.5601],[133.7816,-32.2542,11.0878],[133.7863,-32.2533,2.1443],[133.7922,-32.2546,0.0],[133.7971,-32.2527,6.056],[133.7995,-32.2495,6.7546],[133.7988,-32.2483,6.7546],[133.8012,-32.247,1.8659],[133.8005,-32.245,1.9832],[133.8082,-32.2432,0.0],[133.8047,-32.2402,0.7521],[133.8082,-32.2329,1.2828],[133.806,-32.2312,0.9469],[133.8143,-32.2315,0.537],[133.8214,-32.234,0.6994],[133.8255,-32.2376,1.2008],[133.8271,-32.2428,1.2631],[133.8211,-32.2442,0.3008],[133.8181,-32.2472,0.0],[133.8254,-32.2479,8.1377],[133.8257,-32.2511,0.1938],[133.8293,-32.2546,0.2927],[133.8284,-32.2561,0.0],[133.8354,-32.254,4.1257],[133.8429,-32.2563,1.8042],[133.8477,-32.2629,8.168],[133.8539,-32.2676,8.027],[133.8598,-32.2784,2.4315],[133.8667,-32.2788,4.3409],[133.8694,-32.2805,1.4592],[133.8766,-32.2914,2.7083],[133.8801,-32.3062,1.8953],[133.8826,-32.3062,12.2594],[133.8837,-32.3094,0.4487],[133.8899,-32.3106,3.9591],[133.902,-32.3182,2.0326],[133.911,-32.3326,11.2098],[133.912,-32.3382,1.3347],[133.9216,-32.3512,4.3148],[133.9232,-32.3565,1.726],[133.931,-32.3618,0.0],[133.9343,-32.3722,0.5305],[133.9327,-32.3799,0.5659],[133.9343,-32.3819,0.0035],[133.9393,-32.38,1.9523],[133.945,-32.3806,1.3991],[133.9511,-32.3885,2.2615],[133.952,-32.3989,3.8812],[133.9506,-32.4022,1.7399],[133.948,-32.4034,2.8535],[133.949,-32.4081,1.7581],[133.9469,-32.4116,3.2146],[133.9414,-32.4125,0.0],[133.9419,-32.4153,2.1971],[133.9382,-32.419,0.9568],[133.9386,-32.4206,1.2064],[133.9342,-32.4198,1.3054],[133.9312,-32.4229,0.9232],[133.9309,-32.4217,0.9232],[133.9251,-32.424,-0.1029],[133.9238,-32.4268,1.1309],[133.9183,-32.4269,1.4929],[133.9193,-32.4283,0.9583],[133.9176,-32.427,1.4929],[133.9167,-32.4282,1.1076],[133.914,-32.4276,1.2751999999999999],[133.9081,-32.4243,1.548],[133.9013,-32.4295,0.9751],[133.9043,-32.4249,1.0572],[133.9026,-32.4228,1.4046],[133.9009,-32.428,0.9751],[133.8938,-32.4288,0.8066],[133.8934,-32.4267,1.6029],[133.8913,-32.4267,1.2922],[133.8875,-32.4231,1.125],[133.889,-32.42,1.1858],[133.8937,-32.4188,1.5559],[133.8918,-32.4158,0.8734],[133.899,-32.416,0.8745],[133.8973,-32.4134,0.7342],[133.9018,-32.4125,0.9199],[133.9043,-32.413,1.075],[133.904,-32.4152,1.441],[133.9056,-32.4134,1.1903],[133.9039,-32.4109,1.3008],[133.8951,-32.4098,0.9323],[133.8912,-32.4113,1.824],[133.8969,-32.4129,0.7476],[133.8945,-32.4141,0.8467],[133.889,-32.4115,3.8602],[133.8883,-32.4092,1.3201],[133.8912,-32.4103,1.6361],[133.8922,-32.4091,0.8268],[133.8909,-32.4083,0.8268],[133.8937,-32.4086,1.8481],[133.8895,-32.4066,1.1882],[133.8867,-32.4024,0.9998],[133.8927,-32.4014,1.5926],[133.8939,-32.4034,2.1387],[133.893,-32.4005,1.7112],[133.8896,-32.3988,0.9989],[133.8918,-32.399,1.3465],[133.8941,-32.4006,1.7112],[133.8943,-32.4016,2.1277],[133.8949,-32.4004,1.0474],[133.8934,-32.3989,0.9519],[133.8972,-32.3996,2.0089],[133.8905,-32.3979,0.3698],[133.8764,-32.4004,0.4856],[133.8729,-32.3983,0.7316],[133.8671,-32.3988,1.5918],[133.8675,-32.4204,1.1913],[133.8645,-32.428,2.4903],[133.8625,-32.4293,0.0],[133.8626,-32.4367,5.6871],[133.8557,-32.4458,0.0],[133.8562,-32.4475,0.0],[133.8535,-32.4515,2.4626],[133.855,-32.4539,0.0147],[133.8535,-32.459,7.4627],[133.8506,-32.4614,1.5493],[133.8624,-32.4835,2.0939],[133.8593,-32.4899,24.9127],[133.855,-32.49,0.3871],[133.8507,-32.4931,2.2456],[133.8523,-32.4986,2.8332],[133.8513,-32.501,8.4426],[133.847,-32.5037,13.3187],[133.8473,-32.5078,20.9196],[133.8531,-32.5091,7.4461],[133.8571,-32.5195,0.0],[133.8567,-32.5288,0.0],[133.854,-32.5321,3.0254],[133.8501,-32.5327,1.4105],[133.8486,-32.5357,2.0399],[133.849,-32.5417,7.8741],[133.8526,-32.5421,12.08],[133.8558,-32.5338,12.4418],[133.8611,-32.5319,1.1558],[133.8668,-32.5372,3.4444],[133.8714,-32.5339,21.4361],[133.8725,-32.5348,0.4637],[133.8766,-32.5327,10.6962],[133.8814,-32.537,0.0],[133.8937,-32.5412,3.6617],[133.8955,-32.537,1.2545],[133.8934,-32.5349,1.6388],[133.893,-32.5311,0.3691],[133.8962,-32.5233,2.7062],[133.9,-32.5202,4.854],[133.9088,-32.5175,0.0],[133.9053,-32.513,1.0556],[133.9074,-32.5088,3.6986],[133.9187,-32.4968,0.4571],[133.9227,-32.4949,0.978],[133.9456,-32.4933,0.0],[133.955,-32.4944,1.6129],[133.9643,-32.4967,1.0417],[133.9754,-32.5025,2.856],[133.9916,-32.5054,0.9195],[133.9958,-32.5007,4.654],[133.9929,-32.4966,10.0797],[133.9936,-32.4944,1.1609],[133.9915,-32.4892,0.5925],[133.9951,-32.4845,2.6054],[134.0032,-32.4796,0.9612],[134.0087,-32.4738,1.1767],[134.0232,-32.4667,1.4463],[134.0325,-32.4643,0.1842],[134.037,-32.4598,0.0],[134.0479,-32.4593,1.9454],[134.0567,-32.461,2.4019],[134.0785,-32.4696,0.0],[134.0862,-32.4708,0.1721],[134.0864,-32.4656,0.0],[134.0823,-32.4665,0.7583],[134.0701,-32.4585,0.2376],[134.0619,-32.4563,0.5608],[134.0615,-32.4448,0.1931],[134.0583,-32.4414,0.3099],[134.0554,-32.4408,0.2882],[134.0571,-32.4407,0.3212],[134.0591,-32.4411,0.4578],[134.0623,-32.4449,0.1931],[134.0628,-32.4558,0.0976],[134.0739,-32.4591,0.5634],[134.0812,-32.4573,1.1603],[134.0824,-32.4585,1.8872],[134.0814,-32.4596,0.8118],[134.0739,-32.4607,0.0],[134.0801,-32.4628,0.4546],[134.0824,-32.4656,0.3634],[134.0838,-32.4651,0.136],[134.083,-32.4621,1.2667],[134.0863,-32.4582,0.0],[134.08461939163496,-32.458781749049429,0.0],[134.0863,-32.4572,0.4879],[134.0916,-32.4565,0.0073],[134.0907,-32.454,0.7391],[134.093,-32.455,0.0483],[134.0969,-32.4527,0.4841],[134.097,-32.4547,0.1261],[134.0995,-32.4535,0.2669],[134.0998,-32.4512,0.6312],[134.1028,-32.4501,0.2879],[134.104,-32.4512,0.2879],[134.1007,-32.4523,0.2023],[134.0972,-32.4569,0.0],[134.0922,-32.4568,-0.1236],[134.0922,-32.4579,-0.1236],[134.1063,-32.457,0.6524],[134.1213,-32.4541,3.2458],[134.1363,-32.4577,2.4432],[134.1588,-32.4691,4.078],[134.1631,-32.4691,5.5559],[134.1839,-32.4826,4.0597],[134.1981,-32.4961,3.8187],[134.2075,-32.5077,8.3719],[134.2148,-32.5117,0.0],[134.2226,-32.5246,0.0],[134.2371,-32.5373,5.9657],[134.2563,-32.5577,1.0417],[134.2663,-32.5738,0.0],[134.272,-32.5872,2.1012],[134.2778,-32.6087,3.2015],[134.2794,-32.6482,7.329],[134.2824,-32.6537,0.0],[134.2854,-32.6542,16.5144],[134.2868,-32.6562,5.8555],[134.2896,-32.6558,12.3602],[134.2943,-32.662,0.4332],[134.2921,-32.6727,1.2873],[134.2848,-32.6796,0.1229],[134.2838,-32.6849,2.3097],[134.2844,-32.6879,0.7138],[134.289,-32.6873,1.1317],[134.2904,-32.6929,1.477],[134.2873,-32.7003,3.5155],[134.2821,-32.7006,0.9556],[134.2805,-32.7069,2.1879],[134.2758,-32.7067,1.3646],[134.2725,-32.71,0.0],[134.2721,-32.7149,2.2884],[134.2605,-32.7348,0.3672],[134.2519,-32.7421,3.8062],[134.241,-32.7481,1.3568],[134.2402,-32.7588,3.3455],[134.2314,-32.7624,0.0],[134.2306,-32.7644,0.2269],[134.2329,-32.7729,0.0],[134.2318,-32.7796,4.5557],[134.2282,-32.783,6.8444],[134.2226,-32.7835,1.0432],[134.2219,-32.7898,9.2068],[134.2131,-32.795,5.1906],[134.2027,-32.7969,2.2213],[134.1966,-32.7953,1.9529],[134.1962,-32.793,0.9347],[134.193,-32.7906,0.0],[134.1941,-32.7789,3.6326],[134.1892,-32.7697,6.6949],[134.19,-32.7653,10.2884],[134.1972,-32.7559,0.6522],[134.1955,-32.7538,2.2772],[134.2014,-32.7492,0.0],[134.2001,-32.7467,0.2988],[134.199,-32.746,0.6415],[134.1991,-32.7493,2.0415],[134.1941,-32.7491,1.8945],[134.1892,-32.7456,4.8593],[134.1897,-32.744,4.1831],[134.1928,-32.746,1.7938],[134.1898,-32.7422,1.1859],[134.1826,-32.743,3.4886],[134.1774,-32.74,1.2164],[134.1768,-32.7418,2.1112],[134.1738,-32.7406,1.9592],[134.1766,-32.7395,2.3053],[134.1646,-32.737,1.1588],[134.1551,-32.7283,4.0218],[134.1528,-32.724,1.9483],[134.1556,-32.7241,2.5387],[134.1548,-32.7256,2.5534],[134.1591,-32.7266,1.3241],[134.1675,-32.7247,1.4814],[134.1713,-32.7262,0.9681],[134.1693,-32.7271,1.1424],[134.1774,-32.7284,1.2668],[134.1839,-32.7274,1.6103],[134.1775,-32.7264,0.7531],[134.1797,-32.7245,2.0205],[134.1831,-32.7253,1.7981],[134.1853,-32.7237,1.2844],[134.1844,-32.7259,1.7981],[134.186,-32.7267,1.8294],[134.2151,-32.7308,0.5952],[134.2078,-32.7283,0.7397],[134.2049,-32.7252,2.0752],[134.1831,-32.7227,0.1097],[134.1817,-32.7203,0.3715],[134.1743,-32.7179,0.0],[134.1576,-32.7215,0.7983],[134.1433,-32.7195,0.0],[134.1212,-32.722,2.3101],[134.1198,-32.7197,1.0595],[134.1071,-32.7213,9.2702],[134.1003,-32.7191,1.9192],[134.0961,-32.7144,0.0],[134.0934,-32.7145,15.5451],[134.0901,-32.7117,9.1355],[134.0806,-32.7096,16.1013],[134.0762,-32.7131,29.1446],[134.0711,-32.7122,0.0],[134.0716,-32.7136,13.4237],[134.0701,-32.7145,0.0],[134.0642,-32.7154,0.0],[134.0656,-32.7162,3.951],[134.0632,-32.7176,4.6106],[134.0642,-32.7199,17.8676],[134.0603,-32.7225,0.0],[134.0629,-32.7249,0.0],[134.0617,-32.7271,0.0],[134.0656,-32.7267,5.1191],[134.0646,-32.7304,0.0],[134.0683,-32.7299,5.2131],[134.0678,-32.7311,5.2131],[134.0701,-32.7314,0.0],[134.0707,-32.7334,6.2625],[134.0692,-32.7345,6.2625],[134.0732,-32.7369,0.0],[134.0732,-32.74,0.0],[134.0771,-32.7426,11.106],[134.0814,-32.743,0.0],[134.0806,-32.7447,0.0],[134.083,-32.7467,0.0],[134.0909,-32.7504,3.6495],[134.0977,-32.7565,0.0],[134.1189,-32.7834,16.4721],[134.1333,-32.813,8.5072],[134.1341,-32.8208,0.0],[134.1384,-32.8321,29.9233],[134.1385,-32.8397,29.0835],[134.1369,-32.8428,0.0],[134.1343,-32.8433,0.0],[134.1337,-32.8539,5.3448],[134.132,-32.8565,11.5928],[134.1255,-32.8589,3.1935],[134.1169,-32.8681,5.8227],[134.1114,-32.8698,2.5093],[134.1084,-32.8686,3.2813],[134.1032,-32.8695,0.0],[134.0993,-32.8672,0.0],[134.0972,-32.8688,0.7088],[134.099,-32.8709,18.2908],[134.0977,-32.8736,0.0],[134.0993,-32.8755,0.0],[134.0961,-32.8786,19.2874],[134.0926,-32.8794,0.0],[134.0886,-32.8776,0.0],[134.0715,-32.8838,3.045],[134.0717,-32.8863,0.6584],[134.0759,-32.8872,39.1194],[134.0775,-32.8919,25.9361],[134.0778,-32.8908,40.1266],[134.0795,-32.8954,46.232],[134.0786,-32.8991,15.0433],[134.076,-32.9008,6.9066],[134.0754,-32.906,42.9522],[134.0704,-32.9094,0.0],[134.0611,-32.9058,0.0],[134.0605,-32.9079,3.3171],[134.0643,-32.9111,9.0202],[134.0724,-32.9133,0.3554],[134.0733,-32.917,3.0788],[134.0811,-32.9186,7.5634],[134.0817,-32.9208,6.6868],[134.0787,-32.923,3.7804],[134.0809,-32.9265,0.7548],[134.0841,-32.9251,4.395],[134.0913,-32.9263,0.1571],[134.0935,-32.9227,10.8907],[134.0971,-32.9211,1.9041],[134.097,-32.9184,2.1446],[134.1065,-32.9124,5.3702],[134.1192,-32.9146,3.7348],[134.1293,-32.9264,9.9163],[134.1295,-32.9305,8.4795],[134.1236,-32.9321,0.0],[134.1315,-32.9348,9.8656],[134.1314,-32.9366,1.6183],[134.1339,-32.9362,12.8898],[134.1355,-32.9411,1.4305],[134.1412,-32.9443,5.7559],[134.1458,-32.9406,0.0],[134.1452,-32.9383,2.854],[134.1418,-32.9388,2.2444],[134.1401,-32.9361,0.7411],[134.1412,-32.9315,0.0],[134.1441,-32.9282,0.8864],[134.1565,-32.9245,4.1685],[134.1674,-32.9268,0.9323],[134.179,-32.9322,0.9535],[134.1891,-32.9424,2.9978],[134.2019,-32.9638,3.1758],[134.2053,-32.9769,5.5703],[134.2048,-32.9953,0.0],[134.2015,-33.0057,4.2783],[134.1935,-33.0135,5.9221],[134.189,-33.0157,2.7439],[134.1673,-33.0093,0.0],[134.1614,-33.0119,21.8636],[134.1584,-33.0112,0.0],[134.1519,-33.0154,13.8377],[134.1487,-33.016,0.0],[134.1451,-33.0145,0.0],[134.1407,-33.0157,0.0],[134.1385,-33.0181,0.0],[134.1434,-33.0222,37.927],[134.1422,-33.0243,3.0101],[134.1455,-33.0248,30.3516],[134.1451,-33.0267,0.0],[134.1485,-33.0259,43.0975],[134.1469,-33.0289,7.4356],[134.151,-33.0305,0.0],[134.1507,-33.0321,0.0],[134.1532,-33.0324,4.7999],[134.1549,-33.0353,0.0],[134.1582,-33.0351,18.3586],[134.1609,-33.0412,5.9816],[134.1638,-33.0401,13.4416],[134.1653,-33.0414,2.9926],[134.1658,-33.0469,0.0],[134.1693,-33.0503,6.1578],[134.1678,-33.0515,0.0],[134.1679,-33.0557,0.0],[134.1728,-33.0504,0.0],[134.1721,-33.0474,0.0],[134.1753,-33.0465,0.0],[134.1805,-33.0494,4.4918],[134.1848,-33.0474,0.0],[134.1863,-33.0442,6.1828],[134.183,-33.0413,0.0],[134.187,-33.0373,14.7405],[134.192,-33.0352,1.6248],[134.2027,-33.0357,5.537],[134.2093,-33.0396,0.0],[134.2127,-33.0389,11.6691],[134.2195,-33.0409,5.2813],[134.2232,-33.0397,0.0],[134.231,-33.044,1.2761],[134.2371,-33.0509,3.7855],[134.2372,-33.0585,0.0],[134.2401,-33.0595,23.6224],[134.2421,-33.0634,34.7927],[134.2392,-33.0681,0.0],[134.2416,-33.0706,1.5349],[134.2413,-33.0736,0.0],[134.2457,-33.076,30.5486],[134.2457,-33.0782,0.0],[134.2482,-33.0799,11.0211],[134.2482,-33.0842,1.1118],[134.2502,-33.0844,1.1118],[134.2472,-33.0873,0.0],[134.2507,-33.0877,35.0538],[134.25,-33.0898,0.0],[134.2535,-33.0905,20.6148],[134.2529,-33.0943,11.493],[134.259,-33.0945,13.1843],[134.2617,-33.0982,11.2457],[134.2625,-33.1076,1.685],[134.2597,-33.1103,0.3641],[134.2645,-33.1219,0.0],[134.2668,-33.1385,8.1253],[134.2638,-33.1413,2.1598],[134.2651,-33.1428,18.3525],[134.2641,-33.1459,4.8375],[134.2608,-33.1471,22.464],[134.2602,-33.1526,0.1629],[134.2659,-33.156,33.0534],[134.2716,-33.1633,6.4374],[134.2777,-33.163,43.524],[134.2782,-33.1651,0.0],[134.2812,-33.1644,68.4456],[134.2883,-33.1679,73.5839],[134.2912,-33.1733,0.0],[134.2949,-33.1761,0.0],[134.2979,-33.1756,95.1289],[134.2978,-33.1782,5.6244],[134.304,-33.1821,20.2593],[134.3097,-33.1822,27.837],[134.3169,-33.1867,15.7385],[134.3183,-33.1885,57.5624],[134.3163,-33.1917,36.9536],[134.317,-33.194,16.7867],[134.3247,-33.1953,43.8196],[134.3284,-33.1995,10.2312],[134.3359,-33.1982,0.0],[134.3513,-33.1903,0.0],[134.3479,-33.1801,0.0],[134.3451,-33.1779,1.2303],[134.3458,-33.1745,1.8237],[134.3445,-33.1721,3.5728],[134.3472,-33.1655,0.0],[134.3448,-33.1622,1.2292],[134.3528,-33.1574,0.614],[134.3499,-33.1572,0.6742],[134.3449,-33.1612,4.2446],[134.346,-33.1592,4.5869],[134.358,-33.151,0.1198],[134.3585,-33.1483,0.0856],[134.3513,-33.139,0.1203],[134.3475,-33.1402,0.2337],[134.3376,-33.1377,0.1621],[134.3262,-33.132,0.783],[134.3237,-33.1279,0.0],[134.3165,-33.1253,0.159],[134.3216,-33.1183,0.9506],[134.3179,-33.1167,0.0],[134.3187,-33.1184,0.4986],[134.3166,-33.1183,0.2309],[134.3126,-33.112,0.0],[134.3054,-33.1129,0.0],[134.2923,-33.1186,0.5447],[134.2916,-33.1175,0.0555],[134.2928,-33.1175,0.0555],[134.2877,-33.1137,0.0],[134.2844,-33.1132,1.4299],[134.2788,-33.1074,0.7306],[134.28,-33.1034,0.8254],[134.2842,-33.1004,0.0],[134.2802,-33.1007,0.7957],[134.2661,-33.088,11.9334],[134.2628,-33.0834,0.0],[134.261,-33.0731,0.0],[134.263,-33.0651,0.0],[134.2624,-33.06,0.4595],[134.2684,-33.057,0.5806],[134.2731,-33.0578,2.8626],[134.2739,-33.0553,8.1514],[134.2796,-33.0533,0.0],[134.2817,-33.0504,0.0],[134.2763,-33.0495,2.7763],[134.2738,-33.0467,4.3304],[134.2742,-33.0445,0.0],[134.2715,-33.0423,0.4102],[134.2741,-33.0391,4.9163],[134.2785,-33.0376,1.1273],[134.2785,-33.0362,0.0766],[134.2728,-33.0339,0.7621],[134.2674,-33.0363,2.113],[134.2653,-33.0354,2.5974],[134.264,-33.0321,3.375],[134.2681,-33.028,3.3086],[134.273,-33.0272,0.0],[134.2755,-33.0248,0.5449],[134.2807,-33.0249,0.0],[134.2841,-33.0285,0.2956],[134.285,-33.0355,0.0],[134.2813,-33.0374,2.0363],[134.2815,-33.0394,5.9087],[134.2908,-33.0386,0.8721],[134.2959,-33.0423,13.794],[134.2997,-33.0492,3.9207],[134.2991,-33.0538,0.1093],[134.2935,-33.0558,0.2005],[134.29,-33.0604,6.1451],[134.29,-33.0638,4.0339],[134.2939,-33.0715,0.2606],[134.2926,-33.0759,0.0],[134.2992,-33.0801,0.1637],[134.3071,-33.089,1.7505],[134.3244,-33.0906,0.4716],[134.3335,-33.0985,0.3136],[134.3397,-33.1126,2.0289],[134.3421,-33.1137,1.2881],[134.3476,-33.1205,1.4514],[134.3585,-33.1253,1.3343],[134.3624,-33.1495,0.0],[134.3669,-33.1611,3.0143],[134.3689,-33.1759,2.421],[134.3855,-33.173,0.0],[134.3886,-33.1773,1.2008],[134.3889,-33.1748,4.0197],[134.3918,-33.1735,4.3331],[134.3899,-33.1693,9.9992],[134.3919,-33.1661,15.9485],[134.4017,-33.1601,1.7063],[134.4068,-33.1595,6.6198],[134.4155,-33.1489,10.2931],[134.4344,-33.1454,13.9277],[134.4476,-33.1469,2.7194],[134.4509,-33.1447,0.0],[134.4634,-33.1495,5.6492],[134.4718,-33.1552,3.0232],[134.4789,-33.1529,12.1575],[134.4957,-33.1573,26.1027],[134.4968,-33.1599,0.0],[134.5003,-33.1592,38.8496],[134.5062,-33.1614,19.1912],[134.5141,-33.1678,81.8135],[134.5145,-33.1703,2.29],[134.5182,-33.1707,51.2821],[134.5262,-33.1756,0.0],[134.5304,-33.1751,21.625],[134.5343,-33.1776,98.4425],[134.5344,-33.1809,0.0],[134.5363,-33.1797,11.6167],[134.537,-33.1817,0.0],[134.5415,-33.1808,79.7544],[134.5448,-33.184,65.0732],[134.5439,-33.1868,0.0],[134.5471,-33.1875,51.3218],[134.5476,-33.1898,0.0],[134.5516,-33.1891,62.371],[134.5518,-33.1909,10.3366],[134.5608,-33.1925,41.5688],[134.5623,-33.1944,11.8166],[134.5683,-33.1918,7.213],[134.5735,-33.192,8.3649],[134.577,-33.1954,5.4977],[134.5812,-33.1963,0.0],[134.5826,-33.1995,11.8522],[134.5867,-33.2011,61.7457],[134.5883,-33.2041,45.0504],[134.591,-33.205,0.0],[134.5958,-33.2034,16.2654],[134.5964,-33.2067,12.3831],[134.5992,-33.2069,23.4624],[134.5965,-33.21,18.412],[134.5971,-33.2111,18.412],[134.6033,-33.2139,44.385],[134.6055,-33.2175,7.8228],[134.609,-33.2176,53.5165],[134.6091,-33.2206,5.862],[134.6111,-33.2205,68.7876],[134.6109,-33.2225,24.5768],[134.6129,-33.2224,72.0251],[134.6184,-33.2274,12.5704],[134.6176,-33.2297,0.0],[134.6261,-33.2362,28.778],[134.6308,-33.2452,0.0],[134.6348,-33.2395,36.7093],[134.6338,-33.2366,19.743],[134.635,-33.2339,58.603],[134.6366,-33.2346,0.0],[134.6382,-33.2323,20.3405],[134.6404,-33.2322,0.0],[134.6424,-33.2289,1.9266],[134.6405,-33.2265,2.6817],[134.6425,-33.2243,10.2269],[134.6522,-33.2231,0.0],[134.6601,-33.2271,0.0],[134.6638,-33.2232,11.8844],[134.6622,-33.2191,0.2204],[134.6532,-33.2194,0.8396],[134.6519,-33.2187,0.8396],[134.654,-33.2181,0.9118],[134.653,-33.2174,0.0],[134.6419,-33.2214,5.3933],[134.6355,-33.2188,0.2673],[134.6312,-33.2138,0.0],[134.6316,-33.2102,0.0],[134.6232,-33.1979,0.4544],[134.6284,-33.1948,0.2829],[134.6358,-33.1988,3.6737],[134.6445,-33.195,3.4256],[134.6474,-33.1954,0.0],[134.6472,-33.1948,0.0],[134.6435,-33.1942,0.6423],[134.641,-33.1905,9.1485],[134.6407,-33.1827,0.2947],[134.6372,-33.1809,0.0],[134.6354,-33.1879,0.5383],[134.6255,-33.1951,0.2466],[134.621,-33.1942,0.0],[134.6135,-33.1891,0.2713],[134.6066,-33.1974,2.0781],[134.5981,-33.1965,4.3114],[134.5764,-33.1893,0.0],[134.5737,-33.1856,1.4349],[134.5747,-33.1821,2.1683],[134.5697,-33.1786,0.7019],[134.5597,-33.1666,0.6568],[134.5584,-33.1613,0.5261],[134.5785,-33.1518,0.0],[134.5882,-33.1406,0.1114],[134.5952,-33.1388,0.5932],[134.6012,-33.1412,0.895],[134.6178,-33.1541,0.5376],[134.6324,-33.1622,0.1957],[134.6351,-33.1612,2.2521],[134.6479,-33.1628,1.3766],[134.6579,-33.1606,0.6602],[134.6667,-33.161,3.1803],[134.6848,-33.1712,2.6665],[134.6944,-33.1711,2.2449],[134.7021,-33.1747,0.2277],[134.709,-33.1827,0.6218],[134.7091,-33.1874,0.0],[134.7108,-33.1871,0.7],[134.7135,-33.1914,0.5579],[134.7157,-33.1916,2.1537],[134.7174,-33.1957,2.3876],[134.7178,-33.1978,3.8569],[134.7155,-33.2008,9.2998],[134.7186,-33.2033,0.5755],[134.7183,-33.2074,0.8516],[134.7149,-33.2078,0.0],[134.7096,-33.2148,0.0784],[134.717,-33.213,0.1337],[134.7183,-33.2141,1.0992],[134.7177,-33.2179,0.8202],[134.714,-33.219,0.0],[134.7224,-33.2188,0.6999],[134.7229,-33.224,0.0],[134.7191,-33.23,1.8398],[134.7116,-33.2309,0.0],[134.7091,-33.2331,1.3418],[134.7101,-33.2305,0.0],[134.7077,-33.2294,0.5005],[134.7113,-33.2276,0.0],[134.7002,-33.2249,2.2742],[134.6999,-33.2232,0.2404],[134.7021,-33.2244,0.0],[134.6985,-33.2218,0.0],[134.6913,-33.2295,0.7962],[134.6808,-33.231,0.9131],[134.6764,-33.2332,3.093],[134.6734,-33.2308,0.0],[134.6691,-33.2317,5.0462],[134.6607,-33.2301,3.0341],[134.6583,-33.2336,0.0],[134.6641,-33.2333,12.3088],[134.6831,-33.2477,12.4406],[134.6839,-33.2498,0.0],[134.688,-33.2502,1.1155],[134.6966,-33.2635,0.0],[134.7079,-33.265,0.0],[134.7123,-33.2631,0.0],[134.7193,-33.2639,9.0705],[134.7274,-33.27,0.0],[134.7368,-33.2738,17.9154],[134.752,-33.2914,1.0165],[134.755,-33.296,21.5548],[134.7549,-33.2994,2.6155],[134.7575,-33.3011,8.0453],[134.7553,-33.3036,1.2426],[134.7577,-33.3044,13.4748],[134.7607,-33.309,0.3286],[134.762,-33.3074,16.4393],[134.7651,-33.3075,10.093],[134.7656,-33.3114,0.0],[134.7683,-33.3135,0.0],[134.7808,-33.3149,0.0],[134.781,-33.3163,0.0],[134.7838,-33.3168,2.8404],[134.7831,-33.3196,0.0],[134.7905,-33.3252,0.6115],[134.795,-33.3277,2.4927],[134.802,-33.3288,0.8094],[134.8266,-33.3818,1.2649],[134.8449,-33.436,0.0],[134.8606,-33.5054,0.0],[134.8634,-33.5466,0.0],[134.8571,-33.5585,3.0168],[134.8542,-33.5585,1.0714],[134.8467,-33.584,0.0],[134.8405,-33.5929,0.0],[134.8438,-33.61,0.824],[134.8427,-33.6214,1.605],[134.8404,-33.6237,10.7349],[134.832,-33.6218,10.7517],[134.8293,-33.6236,0.0],[134.8302,-33.6263,0.0],[134.8319,-33.6278,12.3857],[134.8363,-33.6264,3.636],[134.8389,-33.6307,18.7605],[134.8428,-33.6298,6.0228],[134.8425,-33.6317,0.0],[134.8452,-33.6323,25.795],[134.8507,-33.6375,8.9282],[134.8527,-33.6372,45.164],[134.8608,-33.644,1.5665],[134.8665,-33.6419,0.0],[134.8652,-33.6397,28.5405],[134.87,-33.6353,0.7559],[134.8791,-33.6361,8.8063],[134.8849,-33.64,2.9385],[134.8861,-33.6432,8.9409],[134.8841,-33.6454,2.542],[134.8825,-33.6522,6.2434],[134.8783,-33.6523,0.9042],[134.8788,-33.6538,0.8672],[134.8846,-33.6548,7.5906],[134.8867,-33.6595,16.3587],[134.8952,-33.6625,8.7702],[134.8984,-33.6672,0.0],[134.9027,-33.6674,48.9977],[134.9075,-33.6706,9.3136],[134.907,-33.6731,0.0],[134.9144,-33.6738,25.9019],[134.9144,-33.676,0.0],[134.9189,-33.6767,17.4498],[134.92,-33.6794,42.2732],[134.9247,-33.6814,0.0],[134.9255,-33.6833,0.0],[134.9306,-33.6844,41.1271],[134.9338,-33.6892,42.1666],[134.9467,-33.6975,42.9635],[134.9497,-33.6979,69.5861],[134.9519,-33.7006,3.3249],[134.9576,-33.7016,10.5981],[134.9689,-33.7086,13.7971],[134.9728,-33.7089,72.6141],[134.977,-33.7129,46.6251],[134.982,-33.714,51.5243],[134.9845,-33.7172,0.0],[134.9948,-33.7224,37.0507],[135.0107,-33.7345,17.1819],[135.0175,-33.7372,15.16],[135.0177,-33.7387,0.0],[135.0403,-33.755,0.0],[135.0645,-33.78,0.0],[135.0788,-33.7998,3.7534],[135.0843,-33.8004,11.9501],[135.0822,-33.8041,0.0],[135.087,-33.8078,16.9284],[135.0949,-33.8097,2.7518],[135.0973,-33.8157,3.3359],[135.1013,-33.8157,17.197],[135.1016,-33.8173,0.0],[135.1039,-33.8174,13.9841],[135.1081,-33.8209,1.2918],[135.1081,-33.8225,0.0],[135.1138,-33.8241,5.5923],[135.1175,-33.8302,0.0],[135.129,-33.8359,7.0491],[135.1324,-33.8401,0.6905],[135.1319,-33.8425,0.0],[135.1344,-33.8448,0.9638],[135.1347,-33.8476,0.0],[135.1428,-33.8498,0.0],[135.1458,-33.8524,7.7851],[135.1515,-33.8584,0.0],[135.1538,-33.8652,18.8464],[135.1617,-33.8775,0.0],[135.1704,-33.8726,4.2219],[135.1763,-33.8735,3.4237],[135.1822,-33.8778,4.4389],[135.1879,-33.8864,0.0],[135.1921,-33.8978,2.8348],[135.1889,-33.907,8.7174],[135.1927,-33.9094,17.0422],[135.1914,-33.9118,6.8056],[135.194,-33.9128,14.4971],[135.194,-33.9198,0.0],[135.2034,-33.9263,24.2682],[135.2103,-33.9347,0.0],[135.2236,-33.9456,88.7197],[135.2289,-33.9517,16.6707],[135.2285,-33.9535,4.4448],[135.237,-33.9618,19.2608],[135.2522,-33.9813,0.0],[135.2552,-33.9917,2.6576],[135.2574,-33.9928,20.3459],[135.2567,-33.9949,5.4145],[135.2582,-33.9959,5.4145],[135.2588,-33.9998,0.0],[135.2621,-34.0029,45.1359],[135.2627,-34.0062,52.8277],[135.2674,-34.0115,19.4069],[135.2664,-34.0137,0.0],[135.2693,-34.0145,31.4123],[135.2715,-34.0196,32.1864],[135.2696,-34.0233,14.1878],[135.272,-34.0248,15.3769],[135.2691,-34.0264,30.3345],[135.2689,-34.0285,39.3359],[135.2662,-34.0292,0.6446],[135.2648,-34.0321,17.7464],[135.269,-34.0349,43.6332],[135.2727,-34.0427,5.6155],[135.2753,-34.0569,0.0],[135.2811,-34.0703,0.0],[135.278,-34.0791,31.8108],[135.2731,-34.0864,25.0912],[135.2745,-34.0897,3.8902],[135.2727,-34.0946,0.6123],[135.2748,-34.0988,0.0],[135.2751,-34.1153,12.3227],[135.2783,-34.1169,9.3049],[135.2795,-34.1197,9.5507],[135.2729,-34.1258,0.0],[135.2621,-34.1282,13.1573],[135.2526,-34.1379,6.4484],[135.2516,-34.1418,24.1251],[135.244,-34.1408,0.469],[135.244,-34.1425,2.0059],[135.2415,-34.1434,0.0],[135.2439,-34.1435,15.4992],[135.2411,-34.1475,0.0],[135.2436,-34.1486,13.0847],[135.2412,-34.1501,0.0775],[135.2482,-34.1551,0.3875],[135.2502,-34.1527,30.8488],[135.2557,-34.1552,4.4065],[135.2557,-34.158,0.6999],[135.2664,-34.1674,2.2739],[135.2659,-34.1736,0.1636],[135.2677,-34.1736,3.3844],[135.2679,-34.1773,0.0469],[135.2693,-34.1752,0.0],[135.2683,-34.1736,3.3844],[135.271,-34.1701,2.0332],[135.28,-34.1703,6.3593],[135.2923,-34.1751,2.2392],[135.3035,-34.1841,1.2832],[135.32,-34.2105,0.0],[135.3462,-34.2676,4.53],[135.3499,-34.2836,4.6329],[135.3513,-34.2842,31.7332],[135.3503,-34.288,2.8368],[135.3515,-34.2884,33.97],[135.3495,-34.2903,29.4155],[135.3504,-34.2931,13.874],[135.349,-34.2937,0.9799],[135.3501,-34.2946,18.0428],[135.349,-34.2962,0.0],[135.3518,-34.2993,18.2204],[135.351,-34.3049,0.0],[135.3534,-34.307,20.6397],[135.3528,-34.3106,0.0],[135.3561,-34.3132,38.3582],[135.3541,-34.3158,0.2028],[135.3565,-34.3173,26.7879],[135.3553,-34.3195,30.5918],[135.3577,-34.3237,34.9749],[135.3587,-34.3433,1.6725],[135.3598,-34.3441,17.7544],[135.356,-34.3491,4.7002],[135.3578,-34.3501,3.2435],[135.3571,-34.3557,1.3087],[135.3586,-34.3583,8.2121],[135.3574,-34.3662,23.6634],[135.3549,-34.3683,29.629],[135.353,-34.3668,4.2575],[135.3499,-34.3686,5.1881],[135.3555,-34.3738,31.8188],[135.3564,-34.3781,0.0],[135.3578,-34.3762,27.2533],[135.3615,-34.377,17.0321],[135.3646,-34.3807,1.9474],[135.3656,-34.385,14.2253],[135.3648,-34.3912,0.0],[135.3634,-34.392,0.0],[135.3637,-34.4114,16.8702],[135.362,-34.4171,10.108],[135.3589,-34.4187,6.0154],[135.3612,-34.4239,1.2787],[135.3658,-34.4231,37.6431],[135.3691,-34.4306,2.8632],[135.3717,-34.43,7.1849],[135.3728,-34.4319,0.0],[135.3747,-34.4302,8.4445],[135.3782,-34.4308,18.3976],[135.381,-34.4342,3.4859],[135.38,-34.4374,2.2979],[135.3856,-34.438,0.0],[135.3884,-34.4413,24.2458],[135.3869,-34.4533,12.5008],[135.3879,-34.4571,1.2788],[135.3905,-34.4589,45.871],[135.3913,-34.4645,35.3924],[135.3884,-34.4707,13.0266],[135.3922,-34.4751,8.9264],[135.393,-34.4795,31.0276],[135.3911,-34.4881,9.0756],[135.3949,-34.4917,13.4865],[135.3958,-34.4968,2.5683],[135.3895,-34.5058,0.6095],[135.379,-34.5104,0.0],[135.3769,-34.516,0.5782],[135.3776,-34.5248,0.0],[135.3819,-34.529,0.0],[135.3849,-34.5287,3.1059],[135.3867,-34.5302,2.8979],[135.3903,-34.5418,3.5676],[135.3953,-34.5467,1.4361],[135.3957,-34.5524,0.6703],[135.3983,-34.5557,0.1587],[135.397,-34.5597,0.8049],[135.3992,-34.5671,0.7749],[135.394,-34.5771,0.2645],[135.3947,-34.5787,2.0402],[135.3892,-34.5951,0.0],[135.3932,-34.5995,2.577],[135.3961,-34.5977,2.096],[135.3983,-34.5992,0.1728],[135.4222,-34.6015,1.449],[135.4034,-34.5952,2.7355],[135.4021,-34.5934,0.4629],[135.4036,-34.591,0.0],[135.4002,-34.5931,4.9381],[135.3963,-34.5931,0.3324],[135.3968,-34.5925,0.6196],[135.3991,-34.5917,0.36],[135.4002,-34.5887,1.2918],[135.4037,-34.5883,0.0],[135.4053,-34.5906,0.3565],[135.407,-34.5888,0.4175],[135.4095,-34.5905,0.0779],[135.4136,-34.5879,0.3838],[135.4086,-34.5825,0.3208],[135.4113,-34.5814,0.0],[135.4097,-34.5742,0.0],[135.4105,-34.568,0.0597],[135.4093,-34.5673,0.0],[135.4118,-34.5623,0.2417],[135.4075,-34.5597,1.9024],[135.4064,-34.555,1.1893],[135.4088,-34.5517,0.0],[135.4128,-34.5496,0.0],[135.4222,-34.549,1.9083],[135.4218,-34.5473,0.0],[135.4153,-34.5428,0.0],[135.4132,-34.545,1.1182],[135.4042,-34.5448,1.0696],[135.4022,-34.5434,1.9988],[135.4022,-34.5408,0.3744],[135.3914,-34.534,0.0501],[135.3941,-34.5306,1.7161],[135.4012,-34.5334,0.0],[135.3973,-34.5303,0.4365],[135.398,-34.529,0.4479],[135.3952,-34.5243,1.4973],[135.3995,-34.5189,0.311],[135.3998,-34.5152,0.2885],[135.3996,-34.5181,0.311],[135.4011,-34.5188,0.3423],[135.4001,-34.5218,0.0],[135.4014,-34.5217,0.0],[135.4014,-34.5097,0.0],[135.4023,-34.5071,0.2103],[135.4051,-34.5072,0.8312],[135.4123,-34.5136,2.7604],[135.4146,-34.5208,0.2929],[135.4137,-34.5262,2.9905],[135.4093,-34.529,6.2655],[135.4109,-34.5313,16.0704],[135.4093,-34.537,16.1544],[135.4104,-34.5388,4.9356],[135.4203,-34.5392,6.302],[135.4202,-34.5351,2.816],[135.4225,-34.5312,9.8489],[135.4287,-34.5274,0.93],[135.432,-34.5287,0.5701],[135.4315,-34.5317,0.681],[135.4364,-34.5323,1.5891],[135.4458,-34.5371,1.2998],[135.4444,-34.5412,1.4202],[135.4374,-34.5404,2.8892],[135.4357,-34.5416,13.9813],[135.4362,-34.5441,6.3048],[135.4425,-34.5475,0.7855],[135.4431,-34.5519,0.0],[135.4417,-34.5549,3.4504],[135.444,-34.57,11.5098],[135.4317,-34.6034,1.8514],[135.4458,-34.609,2.7347],[135.4584,-34.6104,7.1645],[135.473,-34.6166,0.0],[135.4736,-34.6147,1.7519],[135.467,-34.612,7.4146],[135.4636,-34.6085,6.039],[135.4524,-34.6054,1.3946],[135.4431,-34.6006,9.7536],[135.4453,-34.5947,0.0],[135.4526,-34.5916,0.0],[135.4558,-34.5869,3.0084],[135.4581,-34.5864,0.0],[135.4673,-34.5918,0.2344],[135.4757,-34.5944,2.6458],[135.4782,-34.5974,0.7978],[135.4838,-34.5963,0.0],[135.4962,-34.5997,0.0],[135.5069,-34.5993,0.2202],[135.5026,-34.5977,1.7565],[135.4982,-34.5983,1.4824],[135.5025,-34.597,1.7565],[135.5005,-34.5943,2.3757],[135.508,-34.595,1.6305],[135.5144,-34.6042,1.5799],[135.5139,-34.6067,3.1303],[135.5106,-34.6074,0.3724],[135.5152,-34.609,1.5938],[135.5168,-34.613,3.8218],[135.5136,-34.6186,0.1048],[135.5104,-34.621,0.4546],[135.5013,-34.6202,3.5433],[135.4991,-34.6188,1.5986],[135.4989,-34.6161,0.921],[135.494,-34.6133,5.308],[135.4787,-34.6166,0.0],[135.4769,-34.6215,6.6978],[135.474,-34.6228,0.0],[135.4652,-34.6202,3.5112],[135.4648,-34.616,0.0],[135.4627,-34.615,1.9564],[135.4549,-34.6161,0.0],[135.4515,-34.6144,0.0],[135.4523,-34.6222,4.676],[135.4511,-34.6268,0.2599],[135.4463,-34.6309,2.2331],[135.4383,-34.6336,2.7754],[135.4315,-34.6349,9.5399],[135.4274,-34.6329,0.0],[135.4221,-34.6359,0.5983],[135.412,-34.6381,10.2159],[135.4079,-34.6359,0.522],[135.4028,-34.6379,0.0],[135.399,-34.6369,0.6812],[135.3938,-34.6409,1.3505],[135.3857,-34.6441,0.487],[135.3778,-34.6449,0.3315],[135.373,-34.6439,0.356],[135.3719,-34.642,0.0853],[135.3658,-34.6421,4.1665],[135.3626,-34.6397,5.666],[135.3638,-34.6373,0.4369],[135.3714,-34.6385,0.0],[135.374,-34.6417,0.0967],[135.3769,-34.6407,0.2588],[135.3752,-34.6372,0.7726],[135.3725,-34.6359,1.0051],[135.3728,-34.6298,2.7969],[135.3743,-34.6288,3.1778],[135.3848,-34.6312,5.0385],[135.3904,-34.6301,5.9563],[135.39,-34.6332,0.5581],[135.3878,-34.6337,0.0],[135.3925,-34.6366,0.0],[135.392,-34.6376,0.4779],[135.3965,-34.634,0.0],[135.3971,-34.6316,0.1461],[135.3996,-34.6341,0.0],[135.4022,-34.6334,0.9541],[135.3983,-34.6303,1.4735],[135.3987,-34.6272,1.4176],[135.3942,-34.6265,4.9221],[135.3911,-34.623,0.0],[135.3817,-34.6219,3.1194],[135.3706,-34.6228,0.0],[135.3616,-34.6207,1.2324],[135.3588,-34.6133,0.7044],[135.3522,-34.6083,3.0814],[135.3505,-34.6035,1.7154],[135.3519,-34.5969,0.6511],[135.3581,-34.5892,0.0],[135.3561,-34.587,0.0],[135.3547,-34.5801,13.4448],[135.3497,-34.5754,1.8875],[135.3444,-34.5761,1.3336],[135.3408,-34.573,9.6232],[135.3306,-34.5723,2.4094],[135.327,-34.5702,1.4256],[135.3275,-34.568,4.9653],[135.3258,-34.5668,6.9922],[135.3165,-34.5662,0.0],[135.3095,-34.5637,7.2819],[135.3044,-34.56,2.1346],[135.3012,-34.556,2.8431],[135.3012,-34.5539,2.4966],[135.2976,-34.5523,10.335],[135.299,-34.5472,4.0258],[135.3061,-34.5366,0.0],[135.3037,-34.5391,5.2555],[135.3041,-34.5365,0.0899],[135.3057,-34.5351,0.9432],[135.3061,-34.5362,0.0],[135.3084,-34.5317,0.0],[135.3141,-34.527,0.801],[135.315,-34.5256,0.0],[135.3133,-34.5264,0.801],[135.3123,-34.5247,0.2746],[135.3163,-34.5207,0.1399],[135.3247,-34.5194,1.2892],[135.3443,-34.5229,1.4978],[135.3539,-34.5221,0.0],[135.3462,-34.5197,3.2697],[135.3041,-34.5165,3.1705],[135.3009,-34.5146,2.9364],[135.2989,-34.5102,1.7563],[135.2952,-34.5089,0.8831],[135.2851,-34.5082,2.3268],[135.2613,-34.5101,6.3083],[135.239,-34.505,5.6304],[135.2214,-34.4986,2.3361],[135.2154,-34.493899999999996,0.0],[135.2153,-34.4847,2.5137],[135.2126,-34.4815,2.3687],[135.2142,-34.4728,2.987],[135.2116,-34.4625,2.7984],[135.2165,-34.4556,0.7503],[135.2115,-34.4408,1.5289],[135.2174,-34.4334,0.0],[135.2096,-34.434,4.1675],[135.2076,-34.4318,2.0425],[135.2083,-34.4298,1.7288],[135.2063,-34.4293,0.4571],[135.195,-34.4341,1.4891],[135.1945,-34.4379,0.0958],[135.1909,-34.4406,13.0009],[135.1903,-34.4531,8.6448],[135.1866,-34.4599,14.7402],[135.1837,-34.4618,17.1292],[135.1814,-34.4608,1.1247],[135.1789,-34.4643,0.9322],[135.1732,-34.4648,6.3234],[135.173,-34.4668,27.867],[135.169,-34.4688,0.0],[135.1704,-34.4709,5.1458],[135.1688,-34.4744,0.7174],[135.1596,-34.4889,0.0],[135.1463,-34.5017,12.9213],[135.1407,-34.5019,4.0099],[135.139,-34.5033,3.5426],[135.1389,-34.5059,1.4581],[135.1437,-34.5093,6.8858],[135.1432,-34.5167,1.8439],[135.1417,-34.5183,2.0808],[135.1436,-34.5198,6.6493],[135.1415,-34.5228,4.9266],[135.136,-34.5229,0.0],[135.1299,-34.5278,1.5913],[135.1326,-34.532,0.0],[135.1342,-34.5443,0.0],[135.1307,-34.5538,8.5669],[135.1233,-34.5574,0.5352],[135.1265,-34.5594,3.4607],[135.1251,-34.5609,1.9243],[135.1264,-34.5674,0.0],[135.1244,-34.5715,0.0],[135.1256,-34.572,4.1632],[135.1254,-34.5765,15.8971],[135.1221,-34.5769,5.2586],[135.1174,-34.5813,13.7755],[135.1119,-34.5816,7.8228],[135.1092,-34.5882,0.3281],[135.1138,-34.5901,0.0],[135.1155,-34.5882,4.6826],[135.1183,-34.5887,2.7598],[135.118,-34.587,20.6809],[135.1196,-34.5877,1.87],[135.1214,-34.5852,8.8371],[135.1244,-34.5873,1.2061],[135.1286,-34.5876,2.524],[135.1289,-34.5902,0.0],[135.1335,-34.5875,12.7445],[135.1358,-34.5905,0.0],[135.1385,-34.5894,9.745],[135.1399,-34.5912,4.9658],[135.1435,-34.5918,1.7412],[135.1459,-34.5889,0.0],[135.1456,-34.587,1.8623],[135.1476,-34.586,0.0],[135.1454,-34.5816,0.0],[135.1478,-34.5765,0.0],[135.1466,-34.5729,9.8043],[135.1499,-34.5689,7.2525],[135.155,-34.5676,0.0745],[135.154,-34.566,2.705],[135.1586,-34.5618,1.8807],[135.166,-34.561,0.983],[135.168,-34.5581,15.047],[135.1737,-34.555,0.0],[135.1775,-34.5546,0.0],[135.1811,-34.557,3.798],[135.1905,-34.5561,22.3087],[135.1923,-34.5577,13.1928],[135.1963,-34.5551,9.1358],[135.2027,-34.5553,0.0],[135.2088,-34.5586,0.0],[135.2103,-34.5574,2.0296],[135.2065,-34.5525,17.058],[135.2066,-34.55,7.3032],[135.2136,-34.5455,2.3357],[135.2252,-34.5436,1.5843],[135.2387,-34.546,5.3121],[135.2524,-34.5519,4.9633],[135.2752,-34.5672,14.6074],[135.279,-34.5709,11.9595],[135.2804,-34.5749,0.0],[135.2837,-34.576,19.9895],[135.2848,-34.5797,0.0],[135.288,-34.582,14.1536],[135.2856,-34.5848,8.8038],[135.2906,-34.5875,17.3419],[135.2946,-34.5933,0.0],[135.2968,-34.5936,11.607],[135.299,-34.6,0.0],[135.2971,-34.6032,0.0],[135.3032,-34.6014,10.8224],[135.3085,-34.6021,3.2645],[135.3214,-34.608,2.0371],[135.334,-34.6181,0.0],[135.3417,-34.6291,10.3755],[135.3423,-34.6349,1.2147],[135.3455,-34.6396,1.4656],[135.3496,-34.6529,18.3244],[135.3473,-34.666,25.6213],[135.3406,-34.6713,28.8467],[135.3374,-34.6702,10.9419],[135.3323,-34.6712,2.5962],[135.3294,-34.6694,0.0],[135.3258,-34.6748,0.0],[135.3255,-34.6799,18.5936],[135.3208,-34.6803,7.147],[135.325,-34.6864,0.0],[135.3294,-34.6892,6.7982],[135.3417,-34.682,2.4181],[135.3505,-34.6805,4.8837],[135.3672,-34.6832,0.0],[135.3797,-34.6871,3.4877],[135.4138,-34.7028,6.9296],[135.4552,-34.729,5.4463],[135.4743,-34.7441,8.8238],[135.4788,-34.7486,68.4045],[135.4791,-34.7528,33.5365],[135.4869,-34.7586,0.0],[135.4928,-34.766,2.5532],[135.4941,-34.7657,24.4441],[135.4944,-34.7692,3.8797],[135.4915,-34.7727,5.3101],[135.4963,-34.779,1.8641],[135.4948,-34.7811,0.0],[135.4959,-34.7826,0.5597],[135.5031,-34.7851,0.0],[135.5293,-34.8051,6.5176],[135.5329,-34.809,71.8164],[135.533,-34.8111,27.5242],[135.5406,-34.8141,74.1277],[135.542,-34.8179,35.0723],[135.5537,-34.8267,29.5449],[135.5524,-34.8307,0.0],[135.5567,-34.832,0.0],[135.5556,-34.8332,0.0],[135.5585,-34.8338,69.8906],[135.5578,-34.836,45.4424],[135.5698,-34.8448,44.7274],[135.5761,-34.8538,0.0],[135.5806,-34.8556,51.741],[135.5789,-34.8571,0.0],[135.5828,-34.8583,10.4882],[135.5817,-34.8608,0.0],[135.5861,-34.862,65.3061],[135.5861,-34.8643,1.8682],[135.5883,-34.8637,48.8809],[135.5878,-34.8658,2.4973],[135.5908,-34.8656,40.8398],[135.5934,-34.8692,79.044],[135.5923,-34.8717,0.0],[135.597,-34.8719,38.7185],[135.5999,-34.8768,0.0],[135.6045,-34.8787,98.0064],[135.6028,-34.8834,21.2953],[135.6044,-34.8846,53.6169],[135.6049,-34.8917,7.7905],[135.6145,-34.8927,28.2541],[135.6143,-34.8956,2.5748],[135.6186,-34.8988,0.0],[135.6181,-34.9046,0.0],[135.624,-34.9064,8.1256],[135.6229,-34.9112,9.0329],[135.6243,-34.9157,4.7331],[135.6223,-34.9163,3.7223],[135.6216,-34.9193,10.2863],[135.6165,-34.9188,0.0],[135.617,-34.9213,2.1311],[135.6147,-34.9245,2.0183],[135.6159,-34.9253,5.9801],[135.618,-34.9212,8.5189],[135.6195,-34.9231,0.0],[135.6215,-34.922,12.9743],[135.6222,-34.9242,5.2925],[135.62,-34.9277,4.8681],[135.6212,-34.931,23.0716],[135.6183,-34.9328,0.0],[135.6197,-34.9369,31.553],[135.6188,-34.9445,8.6554],[135.6225,-34.9421,9.9327],[135.624,-34.9459,3.2072],[135.6263,-34.9465,0.0],[135.6299,-34.9417,0.0],[135.6346,-34.9412,32.7821],[135.6358,-34.9429,6.7744],[135.6394,-34.9429,1.4021],[135.64,-34.9371,9.2481],[135.6513,-34.9377,26.9766],[135.6536,-34.9364,6.7454],[135.668,-34.9426,18.621],[135.6687,-34.9467,0.7345],[135.6706,-34.9467,0.8472],[135.671,-34.9434,72.0582],[135.6734,-34.9426,85.921],[135.6771,-34.9453,8.4851],[135.6859,-34.9449,6.0577],[135.6903,-34.9387,8.2284],[135.6869,-34.936,12.7525],[135.6887,-34.9329,0.0],[135.6865,-34.9297,76.6135],[135.6884,-34.9233,27.7947],[135.6792,-34.9137,7.3954],[135.682,-34.9103,2.4782],[135.6866,-34.9086,5.9422],[135.692,-34.9139,2.8131],[135.6925,-34.9103,15.7374],[135.6958,-34.9061,21.6915],[135.7011,-34.9052,12.7954],[135.7038,-34.9077,8.2816],[135.7058,-34.9057,3.2716],[135.7037,-34.9017,4.223],[135.7049,-34.8966,10.8882],[135.7078,-34.8951,0.0],[135.7078,-34.8744,2.7165],[135.7127,-34.8651,13.9334],[135.7187,-34.8644,4.0543],[135.7269,-34.8597,0.0],[135.7518,-34.8561,9.8858],[135.7921,-34.861,12.903],[135.8229,-34.8703,7.1675],[135.8462,-34.8805,0.0],[135.8507,-34.8867,0.0],[135.8538,-34.8866,0.0],[135.8551,-34.8895,0.0],[135.8522,-34.8915,0.0],[135.8593,-34.8994,5.2973],[135.8557,-34.9066,61.2932],[135.8558,-34.9149,54.1569],[135.8526,-34.9202,0.0],[135.8561,-34.9273,4.3965],[135.858,-34.9267,0.0],[135.8624,-34.92,8.499],[135.8678,-34.9199,0.0],[135.8705,-34.9208,7.6255],[135.8712,-34.9241,0.4498],[135.8736,-34.9222,25.724],[135.8757,-34.9226,11.2992],[135.8802,-34.9291,9.5666],[135.8932,-34.9309,45.777],[135.9096,-34.9368,31.6315],[135.9193,-34.942,68.6717],[135.9198,-34.9451,3.6216],[135.9236,-34.9453,29.5018],[135.9289,-34.9484,4.3882],[135.9324,-34.9529,11.1123],[135.9275,-34.9596,31.773],[135.9317,-34.9708,10.3381],[135.9346,-34.9735,0.0],[135.9468,-34.9754,14.4535],[135.9485,-34.9806,16.6899],[135.945,-34.9851,23.8486],[135.9413,-34.9857,0.0],[135.945,-34.9907,29.4304],[135.9431,-34.9917,0.0],[135.9445,-34.9962,37.5066],[135.9431,-34.9978,0.0],[135.9434,-35.0029,0.0],[135.9473,-35.0055,3.5383],[135.9545,-35.0063,0.0],[135.9609,-35.0048,0.0],[135.9583,-34.9972,8.7798],[135.9603,-34.9919,0.0],[135.9708,-34.9905,14.953],[135.9766,-34.9947,0.0],[135.9841,-34.9895,15.9118],[135.9872,-34.9817,0.0],[135.9938,-34.98,2.7227],[135.9954,-34.9828,17.0024],[136.0026,-34.9859,6.5249],[136.0024,-34.9819,33.7799],[136.0045,-34.9803,7.589],[135.9986,-34.9694,4.2846],[135.998,-34.9592,0.0],[135.9916,-34.9627,4.6626],[135.9873,-34.9587,2.28],[135.9898,-34.9543,0.0],[135.9885,-34.9527,12.6278],[135.9924,-34.9489,5.5308],[135.993,-34.9449,17.8139],[135.9914,-34.9425,1.9918],[135.9896,-34.9435,16.1858],[135.9864,-34.9411,28.0823],[135.9865,-34.9338,30.869],[135.989,-34.9303,15.4937],[135.9914,-34.9315,0.0],[135.9932,-34.9299,0.0],[135.9896,-34.9209,0.0],[135.9869,-34.92,38.5901],[135.9871,-34.9182,0.0],[135.9847,-34.9166,38.5763],[135.9871,-34.912,0.0],[135.9862,-34.9093,10.5026],[135.9761,-34.9064,12.5559],[135.9753,-34.9024,2.5704],[135.9769,-34.8953,4.4],[135.9713,-34.8915,3.2088],[135.9725,-34.8857,6.4262],[135.9679,-34.8823,28.6412],[135.9627,-34.8754,0.0],[135.9605,-34.8627,0.0],[135.9614,-34.8583,0.0],[135.9601,-34.8543,1.8878],[135.9613,-34.8515,0.0],[135.9599,-34.8486,12.2277],[135.9651,-34.8413,0.0],[135.9836,-34.8289,2.8688],[135.9883,-34.827,3.067],[135.9935,-34.8278,6.6224],[136.0007,-34.8157,4.9665],[136.003,-34.8076,9.4196],[136.0085,-34.8057,0.792],[136.0037,-34.8018,4.3777],[136.0043,-34.7988,2.3859],[136.0081,-34.7948,0.0],[136.0138,-34.7959,0.5847],[136.0157,-34.7945,3.0353],[136.0105,-34.7936,7.3965],[136.0073,-34.7911,0.0],[136.0052,-34.7921,3.3166],[136.0019,-34.7873,3.5291],[136.0031,-34.7762,21.7563],[136.0108,-34.7634,3.616],[136.013,-34.7625,8.5309],[136.0127,-34.7578,20.9531],[136.0145,-34.7552,0.0],[136.0095,-34.7518,12.2195],[136.0109,-34.7433,8.1815],[136.0065,-34.7359,0.0],[136.0019,-34.7362,0.3952],[136.0003,-34.7337,0.6739],[135.9974,-34.7334,1.3297],[135.9952,-34.7253,3.0299],[135.9905,-34.7281,10.2774],[135.9843,-34.7269,2.7872],[135.9798,-34.7294,6.0954],[135.9804,-34.7347,0.0],[135.9857,-34.7349,1.5045],[135.9881,-34.7379,5.2528],[135.9884,-34.7423,5.2284],[135.9863,-34.7448,0.0],[135.9908,-34.7471,3.9862],[135.9913,-34.7508,4.2461],[135.9895,-34.7557,6.8203],[135.9873,-34.757,9.9222],[135.985,-34.7561,0.3601],[135.9836,-34.7579,2.2597],[135.9865,-34.7592,0.8011],[135.987,-34.7642,19.1406],[135.9901,-34.7695,8.1261],[135.9888,-34.7736,5.1661],[135.9842,-34.7775,0.0],[135.9853,-34.7803,6.5917],[135.9835,-34.7832,13.7372],[135.9806,-34.7846,8.3218],[135.9677,-34.7862,0.0],[135.9609,-34.7838,0.0],[135.9623,-34.7726,0.0],[135.9605,-34.7671,0.0],[135.9567,-34.7637,3.2374],[135.9575,-34.7594,9.2373],[135.9564,-34.7571,2.2887],[135.9543,-34.7581,15.5225],[135.953,-34.7627,7.4458],[135.9496,-34.7657,2.1357],[135.9467,-34.7653,6.135],[135.9386,-34.7696,14.8086],[135.9327,-34.7675,1.9183],[135.9289,-34.7688,2.6793],[135.9205,-34.7845,0.8904],[135.9146,-34.7874,3.8598],[135.9118,-34.786,0.4315],[135.9106,-34.7901,6.303],[135.9053,-34.7924,2.189],[135.898,-34.8038,0.8003],[135.8935,-34.8056,2.4267],[135.8884,-34.8056,4.3086],[135.8811,-34.8083,5.1006],[135.8606,-34.8075,0.8671],[135.8561,-34.8126,3.9177],[135.8466,-34.8134,0.0],[135.8428,-34.8174,2.7262],[135.8344,-34.819,3.9705],[135.8054,-34.8131,9.1321],[135.7986,-34.8138,4.3638],[135.7941,-34.8108,0.0],[135.7882,-34.8123,1.1309],[135.7857,-34.8093,0.0],[135.7898,-34.8029,1.5723],[135.8028,-34.794,0.7837],[135.8027,-34.7907,3.9737],[135.8113,-34.7807,6.8021],[135.8464,-34.7529,3.6707],[135.8549,-34.7509,0.4464],[135.8634,-34.7549,0.0],[135.8628,-34.769,0.0],[135.8648,-34.7697,0.0],[135.8698,-34.7675,0.0],[135.8726,-34.7623,4.8614],[135.8787,-34.7604,1.2935],[135.8822,-34.7536,0.0],[135.8914,-34.7514,0.0],[135.8915,-34.747,0.0],[135.8936,-34.7447,0.4792],[135.8921,-34.7441,1.2503],[135.8872,-34.7468,1.922],[135.8797,-34.7454,4.9906],[135.878,-34.7424,0.0],[135.8774,-34.7449,6.5822],[135.8751,-34.7442,1.2983],[135.8731,-34.7459,3.354],[135.8701,-34.7444,1.9378],[135.8709,-34.7444,1.9378],[135.873,-34.7456,3.354],[135.875,-34.7441,1.2983],[135.8731,-34.7422,1.2277],[135.8707,-34.7429,2.7737],[135.8728,-34.7394,1.5797],[135.8742,-34.7421,0.9333],[135.8756,-34.7419,0.9333],[135.8751,-34.7405,3.3697],[135.8779,-34.7416,0.6798],[135.8755,-34.7382,1.8947],[135.8836,-34.7339,1.6797],[135.8862,-34.7279,0.0],[135.8849,-34.7249,3.9009],[135.881,-34.7231,17.0331],[135.8795,-34.7203,3.1513],[135.8706,-34.7212,0.9917],[135.8692,-34.7201,0.6393],[135.8667,-34.7218,5.9365],[135.8607,-34.7208,1.6202],[135.8539,-34.7155,7.0704],[135.8557,-34.6834,0.0],[135.854,-34.6654,5.0169],[135.8618,-34.6336,0.8129],[135.8723,-34.624,0.9536],[135.8911,-34.6157,2.249],[135.9042,-34.6166,0.0],[135.9131,-34.6205,3.3597],[135.9145,-34.6221,0.4118],[135.9126,-34.6315,0.0],[135.9169,-34.6307,2.7739],[135.9229,-34.6334,0.0],[135.9269,-34.6418,4.3999],[135.9267,-34.6465,0.0],[135.9374,-34.649,2.5942],[135.9348,-34.6455,10.0989],[135.9334,-34.6354,11.1441],[135.9308,-34.6323,4.1049],[135.9347,-34.6234,6.0496],[135.9343,-34.6194,0.0],[135.9315,-34.6195,0.0],[135.9306,-34.6172,7.9403],[135.9334,-34.6098,11.8669],[135.9271,-34.6095,0.0],[135.9245,-34.6078,0.0],[135.92,-34.6113,5.8277],[135.9139,-34.6113,2.6298],[135.9043,-34.6023,1.5054],[135.9021,-34.5926,0.0],[135.9058,-34.5811,2.0183],[135.9133,-34.5706,0.4068],[135.9227,-34.55,0.983],[135.925,-34.5474,3.0069],[135.9282,-34.5477,2.541],[135.9348,-34.544,3.175],[135.9356,-34.5409,0.0],[135.9303,-34.5412,0.0],[135.9282,-34.5381,0.1997],[135.9291,-34.5331,0.636],[135.9319,-34.529,0.351],[135.9431,-34.5188,1.7003],[135.9568,-34.5107,1.1869],[135.9741,-34.5047,0.0],[135.9823,-34.5066,0.6792],[135.9837,-34.5083,3.7867],[135.9819,-34.5119,2.8117],[135.9826,-34.514,0.8592],[135.9884,-34.5134,2.1675],[135.9931,-34.5186,0.2193],[135.9953,-34.5178,0.0],[135.9954,-34.514,2.5553],[136.0015,-34.5096,0.0],[136.0083,-34.5077,4.5369],[136.0157,-34.5089,3.3525],[136.0178,-34.5116,0.4737],[136.0169,-34.5149,0.8357],[136.0219,-34.5162,6.2231],[136.0236,-34.5148,0.3781],[136.0166,-34.5072,0.0],[136.0191,-34.5023,1.1499],[136.0155,-34.499,2.9817],[136.0191,-34.4943,4.9309],[136.0257,-34.4903,2.1949],[136.0242,-34.4857,0.0],[136.025,-34.484,0.5602],[136.0282,-34.4819,1.0422],[136.038,-34.4799,0.6242],[136.0563,-34.479,3.8723],[136.0621,-34.4798,0.0],[136.0755,-34.4854,9.7447],[136.0829,-34.4953,0.0],[136.0835,-34.5005,0.0],[136.0765,-34.5057,3.872],[136.0732,-34.5062,0.0],[136.0816,-34.5103,0.0],[136.0913,-34.5208,0.0],[136.0915,-34.5277,0.0],[136.0835,-34.5322,0.0],[136.0862,-34.5351,8.2941],[136.0851,-34.5402,2.4625],[136.0888,-34.5438,2.8599],[136.0922,-34.5427,0.0],[136.0956,-34.5393,7.2008],[136.0961,-34.5347,0.0],[136.099,-34.5316,4.6305],[136.0956,-34.5282,6.8486],[136.0963,-34.5246,0.0],[136.1125,-34.5158,2.814],[136.11,-34.5128,7.9395],[136.1124,-34.5074,3.8843],[136.1121,-34.5019,4.6845],[136.1171,-34.4951,1.7396],[136.1158,-34.4917,4.4355],[136.1175,-34.4893,2.9138],[136.1165,-34.4856,2.0291],[136.1133,-34.4861,0.0],[136.1108,-34.4841,0.0],[136.1099,-34.4784,2.8073],[136.1119,-34.4737,1.3463],[136.1217,-34.4674,0.0],[136.116,-34.4638,2.0896],[136.1141,-34.4591,2.0346],[136.1152,-34.4551,0.763],[136.1144,-34.4472,2.7988],[136.1183,-34.4434,3.6696],[136.1189,-34.4393,0.0],[136.1168,-34.4375,1.4129],[136.1195,-34.4338,0.0],[136.1165,-34.4298,9.3358],[136.1166,-34.4257,3.4486],[136.1096,-34.4251,0.3238],[136.1072,-34.4306,0.6569],[136.1046,-34.4326,0.3252],[136.0953,-34.4327,0.197],[136.0918,-34.4296,1.6535],[136.095,-34.4271,0.428],[136.1001,-34.4189,1.1206],[136.1034,-34.42,0.1927],[136.1027,-34.4179,0.8169],[136.1067,-34.4222,0.5652],[136.1114,-34.4127,0.7949],[136.1164,-34.4084,2.9405],[136.1219,-34.4068,1.1659],[136.1302,-34.407,0.9736],[136.118,-34.4021,4.3545],[136.1148,-34.397,1.3226],[136.1129,-34.3889,0.0],[136.1107,-34.3865,0.0],[136.1076,-34.3875,1.484],[136.1038,-34.3825,1.4048],[136.1051,-34.3722,0.6089],[136.1122,-34.3594,2.472],[136.1282,-34.3454,0.5276],[136.1385,-34.3411,3.5695],[136.1559,-34.3389,1.0073],[136.1752,-34.3399,0.0],[136.1878,-34.3348,0.5566],[136.2194,-34.3096,0.0],[136.2336,-34.2961,10.0516],[136.2402,-34.2874,3.0811],[136.2458,-34.2833,1.5013],[136.2477,-34.2789,4.9125],[136.2529,-34.2755,0.0],[136.2533,-34.2724,0.6703],[136.2606,-34.2677,5.4946],[136.2623,-34.2636,1.2181],[136.2615,-34.2591,0.5609],[136.2697,-34.2438,0.0],[136.2668,-34.2431,2.7762],[136.2655,-34.2404,2.4639],[136.2665,-34.2398,2.4639],[136.267,-34.2425,0.4406],[136.2677,-34.2384,2.7302],[136.2705,-34.2356,4.5338],[136.2701,-34.2339,1.3309],[136.2743,-34.2312,11.6689],[136.2749,-34.2272,11.8595],[136.2776,-34.2256,0.0],[136.278,-34.2208,1.913],[136.2825,-34.2205,6.239],[136.2857,-34.2176,0.0],[136.2838,-34.2163,7.8556],[136.2842,-34.2148,2.0349],[136.2879,-34.215,0.0],[136.2897,-34.2118,0.1951],[136.2937,-34.2098,0.0],[136.2937,-34.207,0.0],[136.298,-34.2043,0.0],[136.2977,-34.2012,8.8579],[136.3003,-34.2016,0.6159],[136.3005,-34.1993,0.0],[136.299,-34.1984,2.8831],[136.3004,-34.1961,6.408],[136.3122,-34.1913,0.0],[136.3124,-34.1873,1.6538],[136.315,-34.1873,1.346],[136.3161,-34.1844,5.5491],[136.3244,-34.1816,2.43],[136.325,-34.1787,0.0],[136.3228,-34.1772,0.5251],[136.3226,-34.1718,0.0],[136.3266,-34.1686,0.041],[136.325,-34.1679,0.9379],[136.3253,-34.164,1.8898],[136.3306,-34.1615,0.0],[136.3314,-34.1596,0.0],[136.3286,-34.1574,0.0],[136.3293,-34.1534,0.0],[136.3331,-34.1508,0.0],[136.3314,-34.1481,0.0],[136.3364,-34.1435,2.4965],[136.3429,-34.1421,2.2752],[136.3419,-34.1402,1.5639],[136.3435,-34.1383,0.4171],[136.3432,-34.135,0.9865],[136.3453,-34.1337,1.0221],[136.3478,-34.1273,1.7158],[136.3508,-34.1265,0.9108],[136.3516,-34.1237,1.6741],[136.3539,-34.1224,4.8543],[136.3569,-34.1228,0.374],[136.3539,-34.1201,4.6012],[136.3546,-34.117,1.7031],[136.3513,-34.1178,0.3327],[136.348,-34.1146,0.5401],[136.3506,-34.1042,2.9532],[136.3476,-34.1023,1.493],[136.3467,-34.0995,7.2339],[136.3507,-34.0928,18.3738],[136.356,-34.0887,0.0],[136.3553,-34.0835,27.7216],[136.3578,-34.0813,0.0],[136.3585,-34.0755,0.1952],[136.3631,-34.0693,4.9269],[136.3987,-34.0416,1.1449],[136.4091,-34.0327,0.0],[136.4112,-34.0287,1.3681],[136.4315,-34.0159,3.3525],[136.4348,-34.0116,14.4074],[136.4477,-34.005,0.7734],[136.4682,-34.0021,1.6312],[136.4975,-33.9926,1.6853],[136.5049,-33.9886,2.5527],[136.5122,-33.9807,3.2672],[136.5363,-33.9649,1.908],[136.5525,-33.9565,0.0],[136.5561,-33.9497,1.5819],[136.5748,-33.9434,2.4447],[136.5777,-33.9406,0.0],[136.5779,-33.9384,0.0],[136.5762,-33.9367,0.0],[136.5781,-33.9318,0.0],[136.5732,-33.9296,1.8526],[136.5722,-33.923,0.5751],[136.5746,-33.918,1.5641],[136.5802,-33.9131,0.0],[136.5832,-33.9123,2.7949],[136.586,-33.9139,0.0],[136.586,-33.9081,0.0],[136.5927,-33.8996,0.0],[136.6114,-33.8954,0.0],[136.6252,-33.8891,5.0037],[136.6447,-33.8873,4.4019],[136.6534,-33.8824,6.2386],[136.6684,-33.8787,0.0],[136.6752,-33.875,0.0],[136.676,-33.8718,1.5178],[136.6781,-33.8703,0.5097],[136.6921,-33.8655,0.0],[136.6976,-33.8619,0.0],[136.7013,-33.8581,0.0],[136.7017,-33.8555,1.0698],[136.7107,-33.8505,1.6252],[136.7215,-33.8405,3.2145],[136.7305,-33.835,0.5634],[136.7503,-33.8309,2.2995],[136.7785,-33.831,1.1798],[136.7796,-33.822,0.0],[136.7884,-33.8125,3.4048],[136.7956,-33.8085,1.7579],[136.7996,-33.8033,5.3396],[136.8203,-33.8,0.0],[136.8456,-33.8009,1.0085],[136.8479,-33.799,1.2425],[136.8572,-33.7984,0.0],[136.8785,-33.7861,3.7012],[136.9007,-33.7786,0.0],[136.9196,-33.7688,0.7543],[136.9515,-33.7553,0.0],[136.9917,-33.7248,0.0],[136.9994,-33.725,0.0],[137.0255,-33.7197,0.0],[137.0373,-33.708,0.2895],[137.0542,-33.7064,0.0],[137.0626,-33.7005,0.5067],[137.0695,-33.7003,0.2003],[137.0697,-33.6987,1.8745],[137.0774,-33.6981,0.8559],[137.0926,-33.7013,0.0],[137.1058,-33.6993,2.2064],[137.1243,-33.7007,1.108],[137.1685,-33.6903,0.8115],[137.1748,-33.685,0.1869],[137.1821,-33.6732,0.7487],[137.2133,-33.6611,3.011],[137.223,-33.6483,0.9664],[137.2269,-33.6372,0.7961],[137.2321,-33.6324,0.7168],[137.2339,-33.6327,0.7168],[137.237,-33.6268,0.6707],[137.2493,-33.612,0.68],[137.2495,-33.6087,1.3705],[137.2524,-33.6083,0.3885],[137.2558,-33.5991,0.7689],[137.2551,-33.5971,0.5862],[137.2594,-33.5922,0.0],[137.2586,-33.5904,0.7107],[137.261,-33.5891,0.0],[137.258,-33.5889,0.8457],[137.2618,-33.585,0.1816],[137.2633,-33.5809,0.0],[137.2613,-33.5826,0.4463],[137.2639,-33.5777,1.1768],[137.2734,-33.5698,0.3248],[137.2757,-33.5705,0.4337],[137.2767,-33.5689,0.9358],[137.2756,-33.5682,0.9358],[137.2788,-33.565,0.4385],[137.2798,-33.562,0.0],[137.2784,-33.5604,0.8751],[137.2862,-33.5429,0.1146],[137.2859,-33.538,0.66],[137.2873,-33.5362,1.0016],[137.287,-33.5395,0.66],[137.289,-33.5401,0.7196],[137.2901,-33.5388,0.5588],[137.291,-33.5345,0.2092],[137.288,-33.5308,0.7859],[137.2953,-33.5074,0.79],[137.2981,-33.5035,0.4905],[137.305,-33.5001,0.4343],[137.3028,-33.4947,0.9117],[137.3055,-33.4896,0.2055],[137.3038,-33.4894,2.6845],[137.3076,-33.4856,1.5641],[137.3147,-33.4714,0.2992],[137.3203,-33.4685,0.7963],[137.3249,-33.4631,0.0],[137.3254,-33.4595,1.4368],[137.3346,-33.4583,1.0573],[137.3542,-33.4438,3.1846],[137.3567,-33.4401,0.5441],[137.3605,-33.4392,0.4935],[137.3586,-33.4289,0.7776],[137.3611,-33.4257,0.8993],[137.3622,-33.4274,0.432],[137.363,-33.4262,0.6011],[137.3601,-33.4241,0.6541],[137.3593,-33.426,1.0667],[137.358,-33.425,1.0667],[137.3597,-33.4236,0.6541],[137.3607,-33.4148,1.5447],[137.367,-33.4052,0.5649],[137.3749,-33.3978,0.9618],[137.3754,-33.3937,1.2899],[137.3783,-33.3904,0.28],[137.378,-33.3846,2.7863],[137.3842,-33.3775,0.0],[137.3856,-33.3722,1.2589],[137.3819,-33.3694,4.9017],[137.3805,-33.3656,2.4666],[137.379,-33.3586,2.521],[137.3803,-33.3548,0.5156],[137.3772,-33.3442,2.8568],[137.3806,-33.329,0.8217],[137.3778,-33.3249,3.3611],[137.3779,-33.3218,3.5439],[137.3811,-33.3137,2.0483],[137.3801,-33.3079,0.7665],[137.3792,-33.3088,1.8361],[137.3807,-33.3049,1.1473],[137.3788,-33.3061,1.4147],[137.3788,-33.3036,0.9712],[137.3845,-33.2985,0.6128],[137.3817,-33.2998,2.1892],[137.3832,-33.2968,0.9404],[137.3805,-33.296,1.107],[137.3788,-33.2984,2.2487],[137.3764,-33.2988,0.725],[137.3788,-33.2966,1.1621],[137.3744,-33.2927,1.0832],[137.3845,-33.296,1.3248],[137.3854,-33.2983,0.6128],[137.3858,-33.295,1.3248],[137.3888,-33.2922,1.6739],[137.3835,-33.2909,0.8751],[137.3883,-33.2904,0.9656],[137.3893,-33.2919,1.6739],[137.3937,-33.2899,0.7081],[137.3925,-33.2895,1.7402],[137.3932,-33.2871,1.6416],[137.3918,-33.2885,2.3885],[137.3892,-33.2878,0.8305],[137.3897,-33.2853,1.1213],[137.3942,-33.2832,0.8567],[137.393,-33.2853,1.5754],[137.3946,-33.2864,1.5856],[137.3975,-33.2853,1.8052],[137.3979,-33.281,1.1527],[137.3958,-33.2823,1.1938],[137.3961,-33.2797,0.946],[137.3986,-33.2792,1.2088],[137.3994,-33.2763,0.9203],[137.408,-33.2722,2.085],[137.4088,-33.2708,1.471],[137.4059,-33.2712,1.0105],[137.4061,-33.2697,1.0105],[137.4079,-33.2701,1.471],[137.411,-33.2678,1.2103],[137.4102,-33.2646,1.1115],[137.4143,-33.2556,1.1724],[137.4237,-33.2469,0.0],[137.4237,-33.2433,0.604],[137.431,-33.2338,0.4492],[137.4312,-33.2315,1.3292],[137.4341,-33.2301,0.0748],[137.4335,-33.2295,1.3048],[137.4299,-33.2322,1.3292],[137.4323,-33.2293,1.3048],[137.4319,-33.226,1.2088],[137.4389,-33.2166,1.61],[137.4382,-33.1984,1.2532],[137.4405,-33.1948,1.1787],[137.4391,-33.1827,1.1019],[137.4432,-33.1717,1.1488],[137.442,-33.1597,1.4233],[137.4413,-33.1611,1.6057],[137.4423,-33.1565,1.667],[137.4434,-33.1559,2.1769],[137.4423,-33.1522,1.3695],[137.4464,-33.1461,0.9913],[137.4441,-33.1486,1.2045],[137.4441,-33.1465,1.8168],[137.4491,-33.1423,1.2972],[137.4483,-33.1398,1.3452],[137.4498,-33.1405,1.3452],[137.4533,-33.1359,1.2171],[137.452,-33.1307,1.4653],[137.455,-33.1329,1.419],[137.4561,-33.1309,0.9304],[137.4543,-33.1295,1.1176],[137.4564,-33.1298,1.2469],[137.4566,-33.1349,1.2751],[137.4549,-33.1338,1.3048],[137.4541,-33.1356,1.2171],[137.4576,-33.1356,1.2751],[137.4573,-33.1324,1.4123],[137.462,-33.1287,0.6193],[137.4689,-33.1295,1.2546],[137.4668,-33.1285,1.0338],[137.4738,-33.125,0.0],[137.4861,-33.1247,0.0],[137.4843,-33.1227,1.6765],[137.485,-33.1213,1.6765],[137.4901,-33.1214,1.7002],[137.493,-33.1173,1.5901],[137.4971,-33.117,1.9612],[137.4966,-33.113,1.5479],[137.4985,-33.1128,1.0317],[137.4977,-33.1112,1.0297],[137.4998,-33.1096,0.9203],[137.5079,-33.1068,1.3109],[137.5089,-33.1084,1.7244],[137.5116,-33.1078,1.7793],[137.5173,-33.1033,1.6364],[137.5223,-33.1022,0.0],[137.5235,-33.0987,1.3423],[137.5263,-33.0968,0.353],[137.536,-33.0948,0.968],[137.5376,-33.091,1.495],[137.5416,-33.0885,0.2569],[137.5385,-33.0896,1.495],[137.539,-33.0878,1.5798],[137.5359,-33.0865,0.7866],[137.5387,-33.0843,1.0729],[137.5387,-33.0821,0.9693],[137.5427,-33.0786,1.0173],[137.5455,-33.0793,1.2245],[137.5445,-33.0783,1.0173],[137.5513,-33.072,1.9887],[137.5499,-33.0703,1.1809],[137.5542,-33.0694,0.9387],[137.5573,-33.0659,1.7141],[137.5564,-33.0643,1.1813],[137.5581,-33.0625,3.8981],[137.5562,-33.063,1.1813],[137.5565,-33.0605,1.6817],[137.5549,-33.0579,1.8668],[137.553,-33.0581,1.7777],[137.555,-33.0574,1.9206],[137.558,-33.06,3.5849],[137.5599,-33.0583,2.1297],[137.561,-33.0593,2.1297],[137.5657,-33.0563,1.4195],[137.5635,-33.0572,1.5837],[137.5639,-33.0558,2.0651],[137.5612,-33.0533,1.4397],[137.5658,-33.0547,2.7801],[137.5669,-33.0531,2.159],[137.5631,-33.0517,1.0644],[137.5664,-33.0513,2.1195],[137.5646,-33.0497,1.1313],[137.5657,-33.0482,2.531],[137.5671,-33.0507,2.5347],[137.5701,-33.0511,1.151],[137.5698,-33.0479,2.2503],[137.5734,-33.0449,2.1589],[137.5905,-33.0409,1.9292],[137.594,-33.0365,0.5525],[137.597,-33.0361,0.5666],[137.5933,-33.0312,0.6534],[137.5896,-33.0297,5.1702],[137.5886,-33.0269,3.0846],[137.5873,-33.0272,3.7676],[137.5857,-33.022,5.6202],[137.5872,-33.0194,4.682],[137.5899,-33.0185,2.4084],[137.5921,-33.0212,0.2591],[137.5973,-33.0197,0.0],[137.5997,-33.0211,0.0],[137.6018,-33.0153,0.6129],[137.6011,-33.0129,0.4656],[137.5958,-33.0121,3.6555],[137.6002,-33.0079,5.1139],[137.6032,-33.0018,1.4778],[137.6006,-33.0012,0.5],[137.5963,-33.0068,5.906],[137.5952,-32.9985,4.0573],[137.6115,-32.9746,0.3553],[137.6305,-32.9642,2.2595],[137.6311,-32.9613,1.9895],[137.633,-32.9613,2.8613],[137.6346,-32.9587,1.5427],[137.6382,-32.96,0.824],[137.6414,-32.9553,1.5648],[137.6471,-32.9551,0.1828],[137.6495,-32.9532,1.2506],[137.6572,-32.9523,1.0989],[137.6572,-32.9509,2.282],[137.661,-32.951,2.2333],[137.6728,-32.9559,2.0672],[137.6915,-32.9596,1.5945],[137.6956,-32.9616,2.4705],[137.6967,-32.9655,0.4575],[137.7018,-32.9703,2.5154],[137.7133,-32.9745,2.949],[137.7137,-32.978,2.0316],[137.7202,-32.9859,22.3843],[137.7213,-32.9905,2.3596],[137.7478,-32.9954,5.1028],[137.7603,-32.9954,0.0],[137.7569,-32.9903,2.0037],[137.7592,-32.989,4.9173],[137.7672,-32.9945,0.3058],[137.7691,-32.9928,7.1794],[137.7769,-32.9926,3.7898],[137.7838,-32.9977,4.4752],[137.7831,-33.0007,0.0],[137.7865,-32.9999,0.0],[137.7865,-32.9974,0.0],[137.7824,-32.9929,3.7341],[137.78,-32.9801,0.8346],[137.7742,-32.9689,6.0777],[137.7596,-32.9495,0.0],[137.7557,-32.9363,2.1711],[137.7504,-32.9271,7.2429],[137.7495,-32.9215,4.3839],[137.7533,-32.9099,1.1099],[137.7583,-32.9074,2.0405],[137.7626,-32.9105,0.6828],[137.7689,-32.91,1.0373],[137.7723,-32.9132,0.0],[137.7893,-32.9152,2.5581],[137.789,-32.9114,10.0173],[137.7924,-32.9097,1.9635],[137.7919,-32.9045,4.8213],[137.794,-32.8991,0.0],[137.7983,-32.8935,0.0],[137.7971,-32.8842,1.6791],[137.7918,-32.871,1.5433],[137.796,-32.8678,9.0752],[137.8005,-32.8681,0.0],[137.8008,-32.8652,3.2092],[137.7982,-32.8622,0.3804],[137.81,-32.8528,2.7143],[137.8073,-32.8497,5.4423],[137.8106,-32.8453,2.292],[137.81,-32.8416,7.6426],[137.8077,-32.8407,3.6491],[137.8093,-32.8374,2.8183],[137.8086,-32.8329,0.3168],[137.8063,-32.8301,0.7582],[137.8032,-32.8179,0.87],[137.8045,-32.8117,0.1067],[137.8019,-32.807,8.8224],[137.8036,-32.7969,1.2773],[137.7995,-32.7929,2.2515],[137.7984,-32.7895,1.2615],[137.7988,-32.7794,1.7937],[137.7985,-32.7847,1.2663],[137.7975,-32.7801,1.2605],[137.7975,-32.7845,1.6355],[137.7932,-32.78,2.1024],[137.7942,-32.7779,4.3796],[137.7975,-32.7769,3.4261],[137.8016,-32.766,2.4855],[137.8022,-32.7592,2.0357],[137.8092,-32.7558,3.552],[137.8095,-32.7486,8.8254],[137.8068,-32.7446,1.2552],[137.8039,-32.7452,1.4609],[137.804,-32.7444,2.4004],[137.8065,-32.744,0.2017],[137.8045,-32.7406,0.3967],[137.8057,-32.7441,2.4004],[137.8033,-32.74,1.8553],[137.803,-32.7414,2.1272],[137.802,-32.7357,0.0],[137.8,-32.736,2.0735],[137.7984,-32.732,1.3123],[137.7899,-32.7267,1.4907],[137.78809999999999,-32.7211,0.1773],[137.7844,-32.7188,3.4052],[137.7813,-32.7137,2.0252],[137.7734,-32.7128,0.0915],[137.7723,-32.7151,1.3246],[137.7641,-32.7192,1.2123],[137.7532,-32.7212,1.3298],[137.7525,-32.7125,1.0431],[137.7497,-32.7083,2.5703],[137.7492,-32.7045,4.3394],[137.7513,-32.6994,2.4099],[137.7571,-32.6943,1.2965],[137.7555,-32.6907,3.0375],[137.7561,-32.6856,2.3353],[137.7511,-32.6784,0.8242],[137.7504,-32.6733,13.6163],[137.755,-32.6612,0.0],[137.7532,-32.6592,0.5481],[137.7536,-32.6518,1.8422],[137.7574,-32.6434,1.2978],[137.7597,-32.6262,2.4982],[137.7627,-32.6219,2.4939],[137.7617,-32.615,0.9438],[137.7636,-32.6121,0.3525],[137.7649,-32.6005,0.1345],[137.7639,-32.5883,1.7908],[137.7598,-32.575,1.7313],[137.7604,-32.5692,0.6217],[137.7559,-32.5646,4.437],[137.7589,-32.5596,0.0],[137.7588,-32.5562,-0.0975],[137.7496,-32.5316,1.4591],[137.7509,-32.5309,1.1141],[137.7508,-32.5274,0.9575],[137.7547,-32.5248,1.2807],[137.7561,-32.518,1.1004],[137.762,-32.5101,1.4721],[137.7562,-32.5026,0.9765],[137.7517,-32.5035,2.2044],[137.755,-32.502,0.9765],[137.7526,-32.4953,0.4779],[137.7545,-32.4891,1.4698],[137.7629,-32.4829,1.2711],[137.7645,-32.4762,2.4673],[137.7642,-32.4742,1.5576],[137.7555,-32.4663,7.7211],[137.7534,-32.4572,3.9589],[137.7592,-32.4464,0.0],[137.7638,-32.4421,0.7302],[137.7605,-32.4367,1.2792],[137.7524,-32.4313,2.1062],[137.7527,-32.4231,1.2045],[137.7541,-32.4215,1.472],[137.7485,-32.4176,1.2815],[137.7486,-32.4154,1.3257],[137.7504,-32.4154,1.3257],[137.7524,-32.4183,1.2153],[137.7567,-32.419,1.6505],[137.7564,-32.4305,1.1313],[137.7646,-32.4355,0.911],[137.7661,-32.4395,0.6954],[137.7648,-32.4458,0.3551],[137.7605,-32.4497,0.9004],[137.7579,-32.456,0.8539],[137.7608,-32.463,1.5781],[137.769,-32.4719,3.9163],[137.7706,-32.4803,2.8479],[137.7679,-32.485,5.6483],[137.7588,-32.4913,4.6756],[137.7614,-32.4978,2.5056],[137.7677,-32.5001,3.7516],[137.7725,-32.5051,0.9287],[137.7737,-32.5103,2.7946],[137.7686,-32.5177,0.7983],[137.769,-32.5239,1.4954],[137.7736,-32.5249,1.3996],[137.7759,-32.5232,1.5665],[137.7853,-32.5285,1.5087],[137.7865,-32.5327,3.4982],[137.784,-32.5368,2.3655],[137.7814,-32.5378,0.0],[137.7839,-32.5437,0.3186],[137.7818,-32.5434,0.0],[137.7892,-32.5446,0.0],[137.7893,-32.546,0.0],[137.7819,-32.5461,0.0],[137.7833,-32.5467,0.3979],[137.7823,-32.5503,1.7304],[137.7908,-32.555,1.3229],[137.7982,-32.5554,1.2353],[137.7967,-32.5565,1.319],[137.8033,-32.5584,1.1431],[137.804,-32.556,2.4163],[137.8087,-32.5559,3.0759],[137.823,-32.5603,3.448],[137.826,-32.5639,2.0667],[137.8273,-32.5629,5.7822],[137.8308,-32.5664,5.3521],[137.8358,-32.5747,2.4938],[137.8297,-32.5784,0.7599],[137.8297,-32.5847,0.6134],[137.8336,-32.5883,0.718],[137.8381,-32.5873,1.1024],[137.8309,-32.5898,0.8197],[137.8317,-32.5927,1.0131],[137.834,-32.5933,1.3793],[137.8299,-32.5943,0.6923],[137.8361,-32.597,1.0344],[137.837,-32.5993,1.9231],[137.8353,-32.6022,1.5431],[137.8383,-32.602,1.5756],[137.8391,-32.6036,1.6154],[137.8351,-32.6026,1.5431],[137.8349,-32.6017,1.5431],[137.8363,-32.5985,1.4772],[137.8321,-32.5973,1.2424],[137.8291,-32.5941,0.6923],[137.8277,-32.5974,0.9732],[137.8298,-32.5991,1.5391],[137.8304,-32.6009,1.3918],[137.829,-32.6006,1.3918],[137.8293,-32.5994,1.5391],[137.8284,-32.599,1.1298],[137.8273,-32.5975,0.9732],[137.827,-32.5957,0.5329],[137.8254,-32.598,0.8682],[137.8276,-32.6028,1.2292],[137.8253,-32.6037,1.7102],[137.8269,-32.6029,1.2292],[137.8247,-32.5967,0.6705],[137.8285,-32.5912,0.7527],[137.8231,-32.5847,0.4618],[137.8237,-32.5809,0.2297],[137.8207,-32.5829,1.4841],[137.8218,-32.5806,1.6747],[137.8138,-32.5944,1.363],[137.81,-32.5962,0.6054],[137.809,-32.5944,0.5317],[137.8086,-32.597,0.8767],[137.803,-32.6027,1.6499],[137.8027,-32.608,1.4691],[137.8064,-32.6134,0.4089],[137.8222,-32.6242,2.0465],[137.8363,-32.6376,1.4155],[137.8435,-32.6396,1.5373],[137.8493,-32.6388,1.5888],[137.8496,-32.6409,1.6898],[137.852,-32.6409,1.4134],[137.8566,-32.6558,1.2754],[137.8676,-32.6639,1.0879],[137.8666,-32.6661,1.1303],[137.8682,-32.669,1.0172],[137.8662,-32.6713,1.0971],[137.8678,-32.6716,1.1801],[137.8688,-32.6751,1.2271],[137.8666,-32.6787,1.1722],[137.8642,-32.6792,1.2046],[137.8635,-32.6848,1.2304],[137.86,-32.6894,1.2384],[137.8472,-32.6893,1.3019],[137.8436,-32.6911,1.2102],[137.8422,-32.6942,1.5723],[137.8376,-32.6958,1.4892],[137.8586,-32.7074,6.1859],[137.8875,-32.7154,1.8012],[137.8921,-32.7189,1.7763],[137.8945,-32.7262,3.1944],[137.9088,-32.7321,0.7091],[137.9165,-32.7382,0.0],[137.9204,-32.7445,1.6303],[137.9363,-32.7512,1.2234],[137.9445,-32.7577,1.3012],[137.9409,-32.7612,1.3116],[137.9424,-32.7647,0.918],[137.9367,-32.7667,1.1909],[137.9295,-32.7662,1.2562],[137.9265,-32.7634,1.2991],[137.9253,-32.7645,1.0805],[137.9196,-32.7622,1.1304],[137.9211,-32.7609,1.2201],[137.9168,-32.7594,0.8055],[137.9131,-32.7625,2.9867],[137.9165,-32.7689,1.3337],[137.91,-32.7726,1.2373],[137.906,-32.771,1.4062],[137.905,-32.7732,1.2449],[137.9063,-32.7743,1.2449],[137.9009,-32.7776,1.4804],[137.9029,-32.7783,1.5264],[137.9021,-32.8018,1.1587],[137.9035,-32.8173,0.9542],[137.9077,-32.8316,1.0086],[137.9067,-32.8321,0.0],[137.9116,-32.8427,2.5467],[137.9123,-32.8535,0.0],[137.9161,-32.857,1.1898],[137.9147,-32.8563,0.0],[137.9232,-32.8712,0.0],[137.9264,-32.8802,2.8049],[137.9343,-32.9187,3.2524],[137.9382,-32.9298,2.8809],[137.9398,-32.9472,2.482],[137.942,-32.9544,1.5181],[137.9515,-32.9751,2.4833],[137.9566,-32.9814,1.314],[137.9552,-32.9892,1.5013],[137.9583,-32.9894,1.6179],[137.9526,-33.0002,1.9131],[137.9521,-33.006,2.6018],[137.9643,-33.0165,1.1237],[137.9715,-33.0158,1.7517],[137.983,-33.0202,0.8785],[137.9848,-33.0184,1.4916],[137.9888,-33.0191,1.7038],[138.0014,-33.024,0.559],[138.0188,-33.0356,2.1904],[138.0282,-33.0511,0.8433],[138.0333,-33.0635,2.3795],[138.04,-33.0726,3.084],[138.0459,-33.0867,0.0],[138.045,-33.0909,2.3269],[138.0408,-33.0899,1.2022],[138.0411,-33.0933,1.1461],[138.036,-33.0963,1.34],[138.0392,-33.1012,1.0247],[138.0306,-33.0984,3.1033],[138.0244,-33.1023,6.726],[138.0246,-33.1058,3.988],[138.033,-33.1069,0.2931],[138.0355,-33.1058,2.3783],[138.0342,-33.1055,3.3161],[138.0367,-33.103,1.4369],[138.0482,-33.1091,1.2132],[138.0544,-33.1151,1.5194],[138.0529,-33.1272,1.248],[138.0481,-33.1358,2.0998],[138.0406,-33.1394,1.7153],[138.0353,-33.1441,1.7099],[138.0242,-33.1466,1.2657],[138.0209,-33.149,1.6493],[138.0206,-33.1511,1.3794],[138.0283,-33.155,0.7146],[138.0248,-33.1553,0.6903],[138.0183,-33.1594,1.5654],[138.0185,-33.1642,1.3399],[138.0176,-33.1631,1.4268],[138.0141,-33.1781,0.7662],[138.0153,-33.179,0.7662],[138.0153,-33.1769,0.7529],[138.0192,-33.1798,0.0],[138.0213,-33.1796,0.0],[138.0275,-33.1709,1.1323],[138.0363,-33.1695,1.343],[138.0363,-33.171,0.0],[138.0326,-33.1712,0.0],[138.0304,-33.1732,2.4226],[138.0278,-33.1788,0.5283],[138.0242,-33.1819,3.2412],[138.0162,-33.1821,1.5153],[138.0119,-33.178,2.1978],[138.0144,-33.1647,0.0],[138.0126,-33.1617,2.7703],[138.013,-33.1537,1.3304],[138.0013,-33.144,0.4266],[138.0044,-33.1378,1.2806],[138.0069,-33.1373,2.2408],[138.0071,-33.1332,2.2154],[138.005,-33.1311,2.1433],[138.0008,-33.1316,1.7264],[137.9876,-33.144,1.0593],[137.9769,-33.1454,1.564],[137.9763,-33.1479,2.2968],[137.9736,-33.1472,1.8346],[137.9666,-33.153,1.2054],[137.9544,-33.1547,1.3033],[137.9586,-33.1626,1.2374],[137.9635,-33.1605,1.1311],[137.959,-33.1636,2.2475],[137.9583,-33.1678,1.234],[137.9561,-33.1681,1.0109],[137.958,-33.166,1.9389],[137.9554,-33.1668,1.5761],[137.9575,-33.165,1.9389],[137.956,-33.1637,1.6145],[137.9531,-33.1664,0.8084],[137.9539,-33.1631,2.3141],[137.9511,-33.1607,2.9457],[137.94,-33.1581,1.5297],[137.9321,-33.1713,1.248],[137.9255,-33.1765,0.9939],[137.9118,-33.1774,1.3773],[137.9116,-33.1722,2.3248],[137.9078,-33.1714,2.2851],[137.9054,-33.1738,1.3083],[137.8963,-33.1763,1.3333],[137.893,-33.1803,1.7154],[137.8797,-33.1834,1.9393],[137.8536,-33.1968,1.1663],[137.8503,-33.2026,1.4201],[137.8514,-33.2058,1.8372],[137.8528,-33.2053,1.8372],[137.853,-33.2096,0.6848],[137.847,-33.2119,1.1386],[137.8449,-33.2071,1.4808],[137.838,-33.2072,1.693],[137.8347,-33.2122,3.1874],[137.8327,-33.2216,1.1779],[137.8275,-33.2272,1.8945],[137.8264,-33.2337,2.0281],[137.8213,-33.2449,1.2127],[137.8268,-33.2486,2.3903],[137.8214,-33.2558,0.9228],[137.8148,-33.2583,1.5543],[137.8111,-33.2663,0.0],[137.8114,-33.2766,0.1196],[137.8174,-33.2867,0.9786],[137.8277,-33.2972,1.335],[137.8348,-33.3026,1.4231],[137.8398,-33.3037,2.1092],[137.843,-33.3081,1.3576],[137.844,-33.3073,1.7938],[137.842,-33.3053,2.0171],[137.8447,-33.3047,1.7788],[137.841,-33.304,2.1092],[137.8427,-33.3028,2.2811],[137.8396,-33.3007,2.4996],[137.8419,-33.3014,2.2811],[137.8449,-33.3047,1.7788],[137.8464,-33.3087,1.6483],[137.8434,-33.3112,1.663],[137.8425,-33.3165,1.1296],[137.8518,-33.3262,2.1891],[137.8564,-33.3288,1.7185],[137.8617,-33.3289,1.7676],[137.8585,-33.327,2.2308],[137.8655,-33.3285,2.1217],[137.8653,-33.3273,2.2867],[137.8591,-33.3259,1.9651],[137.8635,-33.3244,2.0056],[137.8663,-33.3276,2.4094],[137.8661,-33.3291,2.543],[137.8703,-33.3309,2.5179],[137.8734,-33.3303,2.3306],[137.8666,-33.327,2.4094],[137.8648,-33.3233,2.3273],[137.8673,-33.324,2.2505],[137.8675,-33.3226,1.2186],[137.859,-33.321,1.5733],[137.8591,-33.3195,1.7528],[137.8634,-33.3173,0.8266],[137.8649,-33.3205,1.3274],[137.8643,-33.3184,1.6934],[137.8656,-33.3174,1.8586],[137.8712,-33.3202,1.8041],[137.8718,-33.3221,1.5049],[137.8679,-33.3223,1.4538],[137.8708,-33.3234,2.3109],[137.8747,-33.3305,2.2687],[137.8755,-33.3294,2.7368],[137.8786,-33.3299,2.4436],[137.8764,-33.3285,2.7188],[137.8789,-33.3278,2.4181],[137.874,-33.3265,2.6926],[137.8758,-33.3228,2.4937],[137.8746,-33.323,2.3446],[137.8735,-33.3188,2.1617],[137.8703,-33.3181,2.1174],[137.8741,-33.3161,2.6198],[137.8812,-33.3232,2.5887],[137.885,-33.3386,3.0049],[137.8848,-33.3483,2.5935],[137.8835,-33.3495,2.3731],[137.8855,-33.3522,2.5342],[137.8838,-33.3524,2.3463],[137.8848,-33.353,2.2094],[137.889,-33.3527,2.8425],[137.8912,-33.354,3.0246],[137.8861,-33.3533,2.2094],[137.8882,-33.3557,2.3873],[137.8866,-33.3598,2.6403],[137.8855,-33.3588,2.6965],[137.887,-33.3555,2.3873],[137.8844,-33.3571,2.6697],[137.885,-33.3538,2.2094],[137.8829,-33.3578,2.4873],[137.8868,-33.3644,2.4616],[137.8891,-33.3656,2.8998],[137.8895,-33.3642,3.0482],[137.8909,-33.3668,3.0641],[137.8862,-33.3648,2.556],[137.8833,-33.3594,1.9554],[137.8804,-33.3594,2.0925],[137.877,-33.3629,1.9725],[137.8779,-33.3608,1.7855],[137.8755,-33.3624,1.6754],[137.8706,-33.3968,0.6827],[137.8775,-33.4072,1.3589],[137.8861,-33.4139,1.5247],[137.8928,-33.4224,1.976],[137.8924,-33.4205,1.8138],[137.8932,-33.4237,1.5897],[137.8975,-33.4274,1.7872],[137.896,-33.4269,1.4226],[137.8989,-33.431,1.8368],[137.905,-33.4368,1.8156],[137.9064,-33.4356,1.8636],[137.9041,-33.4319,2.0547],[137.9066,-33.4341,1.8407],[137.9107,-33.4444,1.9231],[137.9095,-33.4439,1.9231],[137.91,-33.4456,1.8468],[137.9088,-33.4459,1.2206],[137.9118,-33.4487,1.7945],[137.9188,-33.4643,1.471],[137.9305,-33.4817,1.9816],[137.929,-33.49,1.3903],[137.9329,-33.4997,1.1446],[137.9384,-33.5059,1.8396],[137.945,-33.5076,1.8952],[137.9424,-33.5099,1.6697],[137.9432,-33.5123,1.3779],[137.9476,-33.514,1.6722],[137.9479,-33.5128,1.7976],[137.9469,-33.5115,1.7976],[137.9491,-33.5124,1.7637],[137.9478,-33.5152,1.713],[137.9428,-33.5161,1.1799],[137.9414,-33.5181,1.0301],[137.9398,-33.5401,4.3461],[137.9388,-33.5429,0.683],[137.9371,-33.5432,0.0],[137.9395,-33.5481,0.0],[137.9444,-33.5505,0.781],[137.9518,-33.5492,1.071],[137.963,-33.5508,0.1587],[137.9665,-33.5488,0.6659],[137.9681,-33.545,0.7299],[137.9694,-33.5455,0.6852],[137.969,-33.5426,0.5776],[137.9711,-33.5394,1.0508],[137.97,-33.5446,0.6852],[137.9763,-33.5497,0.7204],[137.9738,-33.553,0.7594],[137.979,-33.5539,1.0688],[137.9752,-33.5551,0.865],[137.9775,-33.5588,1.3039],[137.9713,-33.5614,1.4542],[137.9715,-33.567,4.3184],[137.9681,-33.5675,0.5829],[137.9675,-33.5714,3.2903],[137.9648,-33.5743,3.1082],[137.9611,-33.5717,0.5834],[137.955,-33.5715,0.7388],[137.9518,-33.5733,5.3889],[137.95,-33.5719,6.3931],[137.9483,-33.5632,0.7845],[137.9491,-33.5596,1.0157],[137.9436,-33.5558,4.5557],[137.9469,-33.5556,1.0276],[137.9468,-33.5546,1.0276],[137.9353,-33.5527,0.101],[137.937,-33.5537,2.061],[137.9349,-33.5563,3.7234],[137.9366,-33.5735,4.7129],[137.9356,-33.5801,1.6782],[137.9292,-33.5913,0.4055],[137.9292,-33.6007,0.5385],[137.9261,-33.607,1.6295],[137.9275,-33.6115,5.2122],[137.9254,-33.6128,1.0099],[137.9252,-33.616,0.0],[137.9223,-33.6208,0.0792],[137.9175,-33.625,0.4502],[137.9016,-33.6289,0.5618],[137.8932,-33.6256,0.3606],[137.8959,-33.6258,0.5056],[137.8938,-33.6243,0.9293],[137.8938,-33.6213,1.1705],[137.8975,-33.6166,1.3241],[137.901,-33.6004,0.0],[137.9051,-33.5969,0.2265],[137.9076,-33.5965,0.3684],[137.9095,-33.5988,0.499],[137.9063,-33.597,0.2265],[137.9031,-33.6011,0.4434],[137.9035,-33.6083,0.5196],[137.9065,-33.6099,0.7043],[137.9039,-33.6091,0.5196],[137.9053,-33.6106,0.7043],[137.904,-33.6101,0.5375],[137.9036,-33.6145,1.1797],[137.9056,-33.6162,0.6428],[137.9098,-33.6163,0.3123],[137.9133,-33.6136,0.7233],[137.911,-33.6147,0.8123],[137.9242,-33.5973,1.0393],[137.9197,-33.5873,0.737],[137.9049,-33.5859,0.6444],[137.8925,-33.5879,0.8386],[137.8899,-33.5916,2.5527],[137.879,-33.5968,1.4737],[137.8763,-33.6,2.8388],[137.8761,-33.6048,11.3691],[137.8723,-33.6066,3.7772],[137.8653,-33.6219,3.509],[137.8573,-33.6313,2.4076],[137.847,-33.6393,0.2886],[137.8345,-33.6425,0.2841],[137.8278,-33.6488,0.9229],[137.8256,-33.6562,1.1477],[137.8188,-33.6579,0.1402],[137.8196,-33.6622,0.8006],[137.8151,-33.6626,0.3129],[137.813,-33.6647,0.6967],[137.8147,-33.6661,0.6108],[137.8139,-33.6677,0.9259],[137.8091,-33.6687,0.1129],[137.8068,-33.6751,0.8915],[137.8053,-33.6753,0.4941],[137.8062,-33.677,0.8961],[137.8006,-33.6831,0.6451],[137.7968,-33.6862,0.6396],[137.797,-33.6851,0.6396],[137.7934,-33.6852,0.2794],[137.7891,-33.6873,0.3792],[137.7839,-33.692,1.0632],[137.7763,-33.695,1.2549],[137.7607,-33.7108,0.9199],[137.7551,-33.7142,0.9441],[137.7424,-33.733,2.2472],[137.7364,-33.7378,0.7235],[137.732,-33.7555,4.9624],[137.7255,-33.7699,11.4564],[137.7157,-33.7786,20.6899],[137.6808,-33.8014,20.9084],[137.6665,-33.8162,2.9299],[137.6438,-33.8304,5.5757],[137.6391,-33.8378,0.3097],[137.6191,-33.8601,10.9054],[137.6162,-33.8658,0.5638],[137.6004,-33.8768,8.9138],[137.601,-33.88,2.4167],[137.6095,-33.8852,0.6277],[137.6151,-33.891,5.4474],[137.6255,-33.8952,0.9347],[137.6307,-33.9078,1.3258],[137.6306,-33.9218,1.2558],[137.6265,-33.9223,0.0],[137.6275,-33.9229,0.1144],[137.6253,-33.9262,0.3517],[137.6237,-33.9256,0.5245],[137.6233,-33.9273,2.7361],[137.613,-33.9304,3.2422],[137.6056,-33.9358,0.9744],[137.6003,-33.9363,6.3814],[137.591,-33.944,0.494],[137.5786,-33.9583,2.0446],[137.5757,-33.9672,2.6629],[137.5637,-33.9716,1.7904],[137.5599,-33.978,1.4016],[137.561,-33.9855,0.5289],[137.5586,-33.9889,0.9052],[137.5512,-33.9934,2.3564],[137.5431,-33.9916,0.9997],[137.5388,-33.9924,0.1019],[137.536,-33.9996,3.7399],[137.5307,-34.0012,0.6983],[137.5271,-34.0044,0.9404],[137.5309,-34.0045,0.8868],[137.5318,-34.0035,0.8868],[137.5286,-34.004,1.637],[137.533,-34.0017,3.435],[137.532,-34.0045,0.8868],[137.5337,-34.0051,1.1666],[137.5318,-34.0055,0.8459],[137.5359,-34.0061,2.6947],[137.5364,-34.008,0.0],[137.5406,-34.007,1.6609],[137.5409,-34.0091,0.4381],[137.5446,-34.0089,0.7419],[137.5523,-34.0144,2.0195],[137.5637,-34.0287,1.776],[137.5674,-34.0436,4.805],[137.563,-34.0534,1.0294],[137.5609,-34.0544,0.0],[137.5607,-34.0571,4.0525],[137.5583,-34.0593,3.1621],[137.5573,-34.0657,11.6388],[137.5552,-34.0689,7.1304],[137.5504,-34.075,8.2298],[137.5453,-34.0749,4.0446],[137.5445,-34.0761,0.0],[137.5443,-34.0847,1.5822],[137.5402,-34.0948,0.0],[137.5373,-34.0983,6.0496],[137.5311,-34.1016,4.7841],[137.526,-34.1083,0.3675],[137.5251,-34.1194,3.0382],[137.5223,-34.1292,2.2285],[137.5159,-34.1348,2.4146],[137.5068,-34.1376,1.1066],[137.4934,-34.1336,1.2399],[137.475,-34.1377,0.4152],[137.4593,-34.1315,2.2522],[137.4547,-34.1317,4.4904],[137.4525,-34.1352,9.8123],[137.4499,-34.1355,0.0],[137.4494,-34.14,0.0],[137.4572,-34.1507,1.6419],[137.4616,-34.1657,5.7998],[137.4749,-34.184,3.8857],[137.4833,-34.1916,1.0912],[137.4898,-34.2049,1.822],[137.4902,-34.2103,1.1695],[137.4999,-34.2265,4.2558],[137.5013,-34.234,0.0],[137.4997,-34.2384,9.3978],[137.4994,-34.2517,0.5694],[137.5026,-34.2597,1.67],[137.4973,-34.2644,1.1253],[137.4986,-34.272,3.8739],[137.4969,-34.2828,1.3388],[137.4994,-34.2876,1.1978],[137.5012,-34.2978,0.0],[137.4998,-34.3027,9.6215],[137.5003,-34.312,10.3463],[137.498,-34.3195,11.9389],[137.495,-34.3232,4.7313],[137.4923,-34.3233,2.3156],[137.4837,-34.3431,2.325],[137.482,-34.372,2.1093],[137.4761,-34.3925,0.3745],[137.4713,-34.3981,2.8882],[137.4651,-34.4007,0.8645],[137.458,-34.4006,1.2816],[137.4537,-34.3962,0.7392],[137.4467,-34.398,5.2524],[137.4449,-34.4015,4.9908],[137.4449,-34.4114,4.0872],[137.4381,-34.428,3.5621],[137.4277,-34.4417,9.5058],[137.4203,-34.4454,2.3867],[137.4169,-34.4447,0.0],[137.4145,-34.4485,0.3695],[137.4151,-34.4596,1.3233],[137.4223,-34.4707,2.1199],[137.427,-34.4726,1.1406],[137.4281,-34.4697,0.3185],[137.4401,-34.458,0.0],[137.44,-34.4527,0.864],[137.446,-34.4369,0.0869],[137.4535,-34.4301,0.671],[137.458,-34.4286,1.1096],[137.4624,-34.4296,0.5292],[137.46,-34.428,1.0092],[137.4632,-34.4267,1.2803],[137.4697,-34.4275,2.4655],[137.4721,-34.4297,1.1596],[137.4671,-34.4278,1.3939],[137.4803,-34.4358,1.5697],[137.4832,-34.4393,1.8602],[137.4858,-34.45,0.6174],[137.4818,-34.4538,0.3796],[137.4844,-34.4608,0.5818],[137.4866,-34.4817,0.1158],[137.4831,-34.4873,7.999],[137.4832,-34.4955,10.3461],[137.4811,-34.4979,8.3418],[137.479,-34.507,10.907],[137.4747,-34.5082,0.998],[137.4738,-34.5113,0.5336],[137.4756,-34.5191,0.7217],[137.4833,-34.5289,2.4195],[137.4854,-34.5353,0.9045],[137.4837,-34.5387,0.1504],[137.4872,-34.5409,6.3843],[137.489,-34.5506,0.0],[137.4966,-34.5599,2.1122],[137.5067,-34.582,9.1853],[137.5094,-34.618,0.0971],[137.5054,-34.6488,0.0],[137.4983,-34.6636,1.8485],[137.4931,-34.6675,0.0],[137.4937,-34.6721,0.7087],[137.491,-34.6774,0.0],[137.4911,-34.6881,0.0],[137.4878,-34.7127,9.0134],[137.485,-34.7165,0.0116],[137.4788,-34.7327,0.0],[137.4771,-34.7586,3.1237],[137.4733,-34.7746,8.553],[137.465,-34.7913,8.4825],[137.4596,-34.8076,0.0588],[137.4599,-34.8232,0.042],[137.4582,-34.835,0.0719],[137.4594,-34.8474,0.3541],[137.4566,-34.8681,3.5695],[137.4577,-34.8845,0.3773],[137.4549,-34.8964,7.6606],[137.4488,-34.9103,3.7813],[137.4347,-34.925,2.8526],[137.4153,-34.9387,4.1557],[137.396,-34.9479,0.0],[137.3749,-34.9537,1.3001],[137.3608,-34.9498,3.2527],[137.3564,-34.9466,2.0091],[137.3528,-34.9421,8.7493],[137.3521,-34.9337,1.9482],[137.3481,-34.9323,2.7832],[137.347,-34.9298,9.8622],[137.3205,-34.931399999999996,4.7165],[137.3093,-34.9278,1.4728],[137.3026,-34.9232,4.3015],[137.2957,-34.9136,2.6552],[137.291,-34.901,3.0017],[137.2854,-34.8972,6.6076],[137.276,-34.8938,1.4998],[137.2678,-34.8941,0.9417],[137.2571,-34.8982,13.2518],[137.2517,-34.8959,0.1369],[137.2475,-34.8962,0.1074],[137.2415,-34.901,0.0],[137.2245,-34.9045,0.0],[137.1944,-34.901,0.0],[137.1782,-34.9086,2.3045],[137.1561,-34.9164,3.4315],[137.1461,-34.9182,1.4936],[137.1308,-34.9175,0.0],[137.0934,-34.9199,1.4693],[137.0798,-34.9193,0.3699],[137.0723,-34.9172,1.8634],[137.0568,-34.9104,2.3349],[137.0479,-34.9039,1.96],[137.0351,-34.9005,2.9914],[137.0201,-34.9,2.5615],[137.0165,-34.894,0.2099],[137.0136,-34.893,0.0],[137.0138,-34.8961,0.7484],[137.0103,-34.8958,1.688],[137.0087,-34.8972,0.3717],[137.0139,-34.911,24.9052],[137.0126,-34.9205,1.5083],[137.0046,-34.9273,4.1712],[137.0028,-34.9266,1.8809],[136.9997,-34.929,3.099],[136.9964,-34.9322,1.6935],[136.9966,-34.9339,8.9215],[136.9918,-34.9364,11.7572],[136.9888,-34.9348,2.504],[136.9877,-34.9369,15.0977],[136.9859,-34.936,0.0],[136.98,-34.939,3.0523],[136.9805,-34.9407,5.3866],[136.9764,-34.9413,0.0],[136.9758,-34.9472,0.1949],[136.9776,-34.9498,16.1987],[136.9731,-34.9518,6.3214],[136.9731,-34.9607,9.9643],[136.9698,-34.9727,0.0],[136.9668,-34.9748,1.0225],[136.9713,-34.9778,13.2521],[136.9721,-34.9863,2.3881],[136.9709,-34.9956,16.286],[136.9682,-35.0004,0.0],[136.9645,-35.0052,9.7304],[136.9568,-35.0104,2.6582],[136.9502,-35.01,8.786],[136.9471,-35.0131,13.5654],[136.9437,-35.0126,0.0],[136.9465,-35.0165,3.5306],[136.9441,-35.022,15.7571],[136.9351,-35.0234,0.0],[136.9303,-35.029,3.9056],[136.9362,-35.032,13.31],[136.9458,-35.0467,0.0],[136.9552,-35.0642,3.1181],[136.9611,-35.0823,3.538],[136.96,-35.0892,0.0],[136.954,-35.0939,0.0],[136.9518,-35.1003,0.0],[136.946,-35.1066,25.5133],[136.9418,-35.1057,1.4844],[136.9435,-35.117,0.0],[136.9419,-35.1182,0.0],[136.9411,-35.1291,0.0],[136.9391,-35.1296,2.9806],[136.9383,-35.1334,11.4736],[136.9326,-35.1404,2.1766],[136.92,-35.1434,5.2539],[136.9131,-35.1536,10.8292],[136.9059,-35.1547,10.358],[136.9037,-35.1535,2.4809],[136.9021,-35.1569,7.7055],[136.8977,-35.1567,0.0214],[136.8975,-35.1598,5.533],[136.8938,-35.1609,0.1677],[136.8946,-35.1774,5.3911],[136.8929,-35.1814,11.3917],[136.8883,-35.1853,6.3361],[136.8842,-35.1843,0.4826],[136.8813,-35.189,0.0],[136.876,-35.1895,0.0],[136.873,-35.1918,7.1664],[136.8699,-35.1905,4.5555],[136.8692,-35.1928,0.0],[136.866,-35.1941,0.0],[136.8614,-35.192,9.8621],[136.8517,-35.1923,7.4738],[136.8492,-35.1902,0.0],[136.8457,-35.1901,0.0],[136.8453,-35.194,8.2301],[136.843,-35.196,0.0],[136.8448,-35.1977,0.0],[136.8455,-35.2057,0.0],[136.8428,-35.2137,0.0],[136.8463,-35.2194,0.0],[136.8464,-35.2288,0.0],[136.8422,-35.2336,2.9498],[136.838,-35.2352,2.5881],[136.8293,-35.2332,5.184],[136.8287,-35.236,3.7887],[136.8315,-35.2351,3.4226],[136.8324,-35.2364,2.2563],[136.8296,-35.2382,0.7076],[136.8329,-35.238,2.7522],[136.8341,-35.2419,2.0635],[136.8307,-35.2456,27.1539],[136.8235,-35.2436,16.3757],[136.8222,-35.2457,2.9514],[136.8297,-35.2501,7.2469],[136.8458,-35.2699,2.4259],[136.8486,-35.2751,22.3705],[136.8479,-35.2783,30.2384],[136.85,-35.2798,49.8487],[136.8486,-35.2821,1.0389],[136.8535,-35.2819,28.5576],[136.8529,-35.2835,0.0],[136.857,-35.2828,39.5599],[136.8568,-35.2876,5.032],[136.8705,-35.2869,0.0],[136.8783,-35.2933,37.0232],[136.8812,-35.2972,0.0],[136.8802,-35.2994,1.652],[136.8827,-35.3004,1.4303],[136.8858,-35.2969,31.9052],[136.8881,-35.2965,12.977],[136.8904,-35.2987,0.0],[136.8941,-35.2961,28.8481],[136.8945,-35.294,8.2471],[136.897,-35.2931,0.0],[136.8964,-35.289,18.2808],[136.8998,-35.2858,5.0061],[136.9151,-35.288,0.0],[136.92,-35.2854,6.1884],[136.9238,-35.2862,11.364],[136.9287,-35.2835,11.6779],[136.9323,-35.2842,7.1279],[136.935,-35.2825,42.3255],[136.9415,-35.2833,0.0],[136.944,-35.2822,0.0],[136.9423,-35.2784,11.9298],[136.9447,-35.2757,0.0],[136.9433,-35.2737,4.6321],[136.9457,-35.2709,1.1758],[136.9452,-35.2693,1.8839],[136.9551,-35.2668,3.4313],[136.9669,-35.267,0.0],[136.9667,-35.2653,0.0],[136.9687,-35.2642,0.0],[136.9663,-35.2603,5.4063],[136.9698,-35.2521,10.0464],[136.9827,-35.2495,6.2429],[136.9827,-35.2475,1.3498],[136.9803,-35.2467,1.6646],[136.9797,-35.2446,0.0],[136.9831,-35.2354,0.0],[136.9878,-35.2327,0.3615],[136.9927,-35.2274,2.3995],[137.0014,-35.2232,2.2115],[137.0158,-35.2213,0.0],[137.0363,-35.2212,8.4684],[137.0599,-35.2251,0.0],[137.0677,-35.2285,0.0],[137.0767,-35.2264,0.0],[137.0942,-35.2316,13.9236],[137.1114,-35.2429,4.0878],[137.1131,-35.2423,0.0],[137.1117,-35.2415,4.0878],[137.1125,-35.239,12.6138],[137.1186,-35.2376,10.6304],[137.1297,-35.2423,5.4754],[137.1362,-35.2409,10.2313],[137.1408,-35.2438,0.9996],[137.1421,-35.2422,10.9852],[137.1439,-35.2435,1.7299],[137.1459,-35.2404,9.972],[137.1488,-35.2412,9.66],[137.1516,-35.2391,20.2681],[137.1581,-35.2398,0.0],[137.1602,-35.2372,13.809],[137.1627,-35.2384,0.0],[137.1684,-35.2355,9.6506],[137.174,-35.2374,1.4732],[137.1773,-35.2319,13.1728],[137.1815,-35.2317,0.0],[137.1837,-35.2292,15.2537],[137.1881,-35.2305,0.3081],[137.1907,-35.229,1.8711],[137.1894,-35.2265,0.0],[137.1913,-35.2246,0.0],[137.1898,-35.2232,1.7706],[137.19,-35.2174,1.5326],[137.1929,-35.2133,0.0],[137.1904,-35.2089,2.2795],[137.2035,-35.1919,2.1581],[137.2187,-35.1764,0.2102],[137.2339,-35.1684,0.5338],[137.2377,-35.1645,4.4967],[137.2586,-35.1592,3.2417],[137.2647,-35.159,1.7735],[137.2775,-35.1615,1.4262],[137.2981,-35.1683,1.4869],[137.3076,-35.1651,0.784],[137.3349,-35.1679,0.6661],[137.3478,-35.163,0.0],[137.3473,-35.1619,0.7638],[137.3444,-35.1614,-0.2985],[137.3463,-35.162,0.8122],[137.3399,-35.1635,0.2873],[137.3385,-35.1653,-0.1536],[137.3346,-35.1639,0.728],[137.3428,-35.1617,-0.654],[137.3406,-35.1552,1.0562],[137.3407,-35.1495,1.962],[137.3444,-35.1427,2.3515],[137.3523,-35.134,2.1381],[137.3736,-35.1205,4.3552],[137.4057,-35.1068,1.478],[137.4144,-35.101,4.0407],[137.4243,-35.0979,5.7791],[137.4508,-35.0977,7.148],[137.4641,-35.0992,5.0646],[137.4951,-35.1103,0.0],[137.505,-35.1176,0.0],[137.5107,-35.119,3.7623],[137.521,-35.1135,1.0031],[137.5258,-35.1129,7.3748],[137.5548,-35.1175,3.5342],[137.5809,-35.131,7.4868],[137.5848,-35.1313,0.0],[137.5953,-35.1391,3.7707],[137.6062,-35.1435,0.0],[137.6169,-35.1524,5.6914],[137.6239,-35.1606,0.0],[137.6306,-35.1615,0.0],[137.6375,-35.1682,0.0],[137.6431,-35.1663,2.4817],[137.6463,-35.1675,5.1692],[137.6516,-35.1669,1.1272],[137.6533,-35.1682,0.0],[137.6779,-35.1677,7.5318],[137.6827,-35.1636,0.0],[137.6825,-35.1601,3.5567],[137.6879,-35.1483,2.9422],[137.6973,-35.1415,0.0],[137.7096,-35.1361,2.0143],[137.7331,-35.1308,0.8585],[137.7416,-35.126,3.6739],[137.7461,-35.1205,1.9637],[137.7587,-35.1147,0.5321],[137.7588,-35.1117,0.0],[137.7556,-35.1113,2.072],[137.7433,-35.1029,0.0],[137.7434,-35.0974,0.0],[137.7471,-35.0916,0.0],[137.7487,-35.085,0.0],[137.7455,-35.0749,4.4062],[137.7366,-35.0681,2.8839],[137.7298,-35.0546,6.2634],[137.7252,-35.0549,1.4723],[137.7247,-35.0537,0.6168],[137.7285,-35.0521,1.3679],[137.7269,-35.0495,1.9281],[137.7277,-35.0476,2.846],[137.7338,-35.0442,1.4674],[137.743,-35.0421,2.0027],[137.7584,-35.0449,0.0],[137.764,-35.0406,1.2785],[137.7645,-35.0346,5.3438],[137.7615,-35.0255,0.8997],[137.7611,-35.0109,0.0],[137.7588,-35.0062,0.0],[137.7575,-34.9956,13.984],[137.7702,-34.9666,0.0],[137.7748,-34.9613,1.3454],[137.7738,-34.9593,8.8289],[137.7841,-34.947,5.3157],[137.784,-34.9399,10.8459],[137.7853,-34.9346,26.2887],[137.7891,-34.93,4.4394],[137.7884,-34.9269,0.0],[137.7903,-34.9223,3.099],[137.805,-34.9121,0.0],[137.7987,-34.9092,0.8304],[137.7961,-34.9062,0.0],[137.7972,-34.9035,1.8681],[137.7955,-34.8942,9.5532],[137.8001,-34.8775,6.2676],[137.8055,-34.8693,7.7205],[137.8073,-34.8613,8.9905],[137.8109,-34.8567,3.7741],[137.8135,-34.8492,10.4626],[137.8239,-34.8371,7.8033],[137.8256,-34.8262,8.4589],[137.8311,-34.8166,0.0],[137.8317,-34.8127,13.9114],[137.8496,-34.7968,0.0],[137.8539,-34.7892,7.1176],[137.865,-34.7779,0.0],[137.8608,-34.7768,4.1589],[137.8578,-34.7712,0.0],[137.8589,-34.7676,4.3124],[137.8649,-34.7661,0.0],[137.8625,-34.7616,6.8923],[137.8674,-34.7451,9.7257],[137.8671,-34.7388,8.6039],[137.87,-34.7259,0.0],[137.8689,-34.7226,11.9203],[137.874,-34.711,0.0],[137.8772,-34.7079,1.0329],[137.8771,-34.7012,2.0324],[137.8808,-34.6953,1.1824],[137.8768,-34.6684,1.4197],[137.882,-34.6621,7.7017],[137.8864,-34.6499,0.0],[137.8861,-34.6462,7.4351],[137.8962,-34.6396,0.0],[137.9009,-34.634,0.0],[137.9019,-34.622,1.2275],[137.9077,-34.6159,0.4283],[137.8859,-34.609,3.2386],[137.8794,-34.6037,10.9682],[137.8758,-34.5977,9.8133],[137.8764,-34.581,0.8714],[137.8846,-34.5672,0.0],[137.8832,-34.5636,0.0],[137.8834,-34.5533,0.0],[137.8861,-34.5442,11.2331],[137.8853,-34.5243,5.3236],[137.8873,-34.5193,1.62],[137.8855,-34.5148,6.8129],[137.8876,-34.5074,10.8064],[137.8902,-34.5026,24.695],[137.8988,-34.4938,0.0],[137.8973,-34.4894,3.3345],[137.8987,-34.4812,0.0],[137.9011,-34.4762,1.053],[137.9049,-34.4729,0.951],[137.9051,-34.4683,0.0],[137.9108,-34.4586,1.3484],[137.9108,-34.4487,4.0317],[137.9168,-34.4369,18.5929],[137.916,-34.4308,10.6041],[137.9175,-34.4282,0.0],[137.9479,-34.397,1.9226],[137.9864,-34.3696,0.4514],[138.0071,-34.349,0.9599],[138.0078,-34.343,0.0],[138.0125,-34.3343,3.1081],[138.0113,-34.333,1.8515],[138.0136,-34.3319,2.0211],[138.0142,-34.3282,0.6538],[138.0127,-34.326,1.6255],[138.0152,-34.3241,2.6894],[138.0146,-34.3185,2.7088],[138.0172,-34.3144,3.6096],[138.0171,-34.3094,2.4417],[138.0166,-34.3116,2.3918],[138.0159,-34.3089,1.7765],[138.0217,-34.2851,2.9216],[138.0015,-34.2616,1.1122],[138.0018,-34.256,1.3582],[138.0076,-34.2382,6.2999],[138.0169,-34.2276,4.27],[138.0294,-34.2211,1.9776],[138.028,-34.2195,1.9705],[138.0312,-34.2078,1.9021],[138.0311,-34.2064,1.9021],[138.0302,-34.2078,1.6326],[138.0308,-34.203,2.6535],[138.0374,-34.1853,1.6632],[138.046,-34.1708,1.519],[138.0542,-34.1653,1.513],[138.0616,-34.1526,2.3335],[138.0651,-34.1498,2.0174],[138.0682,-34.1409,1.9457],[138.0782,-34.1334,1.2095],[138.0879,-34.1319,1.5395],[138.0953,-34.1345,2.1608],[138.1049,-34.1412,1.876],[138.1069,-34.1513,2.1526],[138.1143,-34.1567,2.5205],[138.1193,-34.1644,1.4702],[138.1214,-34.1642,1.3981],[138.123,-34.166,1.404],[138.1232,-34.1691,1.6663],[138.126,-34.1702,1.9621],[138.1259,-34.1724,2.2424],[138.1303,-34.1754,1.6046],[138.1339,-34.1831,2.0138],[138.1357,-34.1833,1.5831],[138.1358,-34.1879,1.6365],[138.138,-34.1874,1.3328],[138.146,-34.1916,1.4361],[138.159,-34.2088,2.0416],[138.1588,-34.2145,2.4974],[138.1606,-34.2196,2.1785],[138.1613,-34.2162,1.3456],[138.16309999999999,-34.2158,1.2707],[138.1641,-34.2205,1.3099],[138.1657,-34.2213,2.4613],[138.1632,-34.223,2.0363],[138.1664,-34.2288,1.4669],[138.1653,-34.2308,2.5634],[138.1668,-34.2322,1.453],[138.1651,-34.2343,2.0449],[138.1685,-34.2348,1.6261],[138.1675,-34.2368,1.7333],[138.1652,-34.237,2.7034],[138.1675,-34.2385,1.6567],[138.1665,-34.2411,1.6686],[138.1675,-34.2454,1.5661],[138.165,-34.2435,2.3078],[138.1649,-34.2496,1.7347],[138.1623,-34.2531,1.6392],[138.1624,-34.2562,1.3807],[138.1553,-34.261,2.2071],[138.1539,-34.2592,3.1052],[138.1518,-34.2611,2.5535],[138.1506,-34.2608,1.9838],[138.1516,-34.2596,1.9838],[138.1487,-34.26,2.0766],[138.1461,-34.2634,2.0321],[138.1462,-34.2656,1.809],[138.1495,-34.2695,2.3913],[138.1589,-34.2724,1.332],[138.1686,-34.2701,1.5216],[138.177,-34.2716,1.5398],[138.1778,-34.2701,1.6161],[138.1847,-34.2696,1.0643],[138.1924,-34.2722,1.4557],[138.1976,-34.2771,2.3802],[138.2072,-34.294,1.6023],[138.2178,-34.3041,2.2857],[138.223,-34.3113,0.0],[138.2269,-34.3226,1.9102],[138.227,-34.3296,1.3697],[138.2309,-34.3439,1.2028],[138.2252,-34.3659,2.1778],[138.2402,-34.3857,1.0408],[138.247,-34.4009,2.4047],[138.2495,-34.4136,1.3414],[138.257,-34.4302,2.1809],[138.2596,-34.4398,2.095],[138.2616,-34.4531,2.27],[138.26,-34.4588,1.642],[138.2616,-34.46,2.2449],[138.2602,-34.4619,1.1725],[138.2656,-34.4768,1.2566],[138.2723,-34.4829,2.6524],[138.292,-34.4932,1.1573],[138.3092,-34.5091,0.5084],[138.3297,-34.5181,1.7977],[138.3413,-34.5333,1.7496],[138.3444,-34.5312,1.886],[138.3431,-34.533,1.7496],[138.3444,-34.5332,2.1461],[138.3419,-34.5346,1.1576],[138.3504,-34.5527,1.7826],[138.3495,-34.5575,1.5607],[138.3525,-34.5631,2.757],[138.3621,-34.5705,1.9622],[138.362,-34.5745,1.811],[138.3647,-34.5748,1.6985],[138.3643,-34.5781,1.6823],[138.3691,-34.5796,1.3562],[138.3714,-34.5821,1.5555],[138.3708,-34.5833,1.9895],[138.3741,-34.5824,1.402],[138.3742,-34.585,1.5942],[138.3843,-34.5878,1.6357],[138.3834,-34.5898,2.6636],[138.3869,-34.5896,1.9633],[138.3876,-34.5919,2.8034],[138.39,-34.591,1.5745],[138.3892,-34.5937,2.6556],[138.394,-34.5969,1.9359],[138.3987,-34.5985,2.0014],[138.4024,-34.5977,1.0476],[138.4084,-34.6003,1.4849],[138.4084,-34.6007,1.4849],[138.4077,-34.6008,1.4849],[138.4078,-34.6014,1.8168],[138.4142,-34.6115,0.8231],[138.4118,-34.6132,1.7212],[138.4167,-34.6145,1.3219],[138.4129,-34.6153,1.4166],[138.4159,-34.62,1.1364],[138.4132,-34.6209,1.3957],[138.4179,-34.6221,0.8095],[138.4221,-34.62,1.0145],[138.4265,-34.6216,1.3221],[138.433,-34.6311,0.8425],[138.4346,-34.6312,1.1268],[138.4348,-34.6341,1.4127],[138.4458,-34.6534,0.6874],[138.4428,-34.6554,0.9931],[138.4397,-34.6536,2.0248],[138.4362,-34.6539,2.0968],[138.4298,-34.6643,1.809],[138.4304,-34.668,0.0],[138.4363,-34.6721,1.0264],[138.4387,-34.6756,0.0],[138.4511,-34.6834,0.0],[138.4547,-34.6821,3.2845],[138.4561,-34.6889,2.3586],[138.461,-34.6915,3.9233],[138.4639,-34.697,2.7321],[138.4656,-34.6974,2.9033],[138.4665,-34.6955,4.2394],[138.4759,-34.6985,2.2048],[138.4761,-34.7038,0.0],[138.481,-34.7057,1.413],[138.4832,-34.7084,2.859],[138.4817,-34.709,0.8695],[138.4844,-34.7098,0.0],[138.4848,-34.7128,0.0],[138.4936,-34.719,1.3579],[138.4917,-34.7213,0.0],[138.5069,-34.7258,1.6243],[138.514,-34.7302,0.7207],[138.5157,-34.7297,0.7207],[138.5177,-34.7327,1.0494],[138.5251,-34.7374,2.5452],[138.5274,-34.7375,3.7677],[138.5297,-34.7349,3.9488],[138.5326,-34.7374,3.2021],[138.5349,-34.7406,2.732],[138.5298,-34.7452,0.0],[138.5303,-34.7452,0.0],[138.5326,-34.7443,2.0802],[138.5414,-34.753,4.0471],[138.541,-34.7546,2.2774],[138.5465,-34.7651,0.0],[138.5465,-34.7667,0.0],[138.5453,-34.7666,0.0],[138.5468,-34.7698,3.2061],[138.545,-34.7715,2.7902],[138.5462,-34.7748,4.3813],[138.5442,-34.7735,1.0312],[138.5435,-34.7748,1.0213],[138.549,-34.7853,3.0698],[138.5529,-34.7874,2.0613],[138.5513,-34.7884,1.6332],[138.5539,-34.7899,3.8062],[138.5517,-34.7905,1.765],[138.5512,-34.7931,3.2842],[138.5539,-34.7979,3.0783],[138.5522,-34.8008,0.0],[138.5495,-34.8014,0.0],[138.5476,-34.8096,0.0],[138.5583,-34.8224,2.6424],[138.5663,-34.8251,0.1814],[138.5651,-34.8266,0.7609],[138.5585,-34.8252,3.0219],[138.5457,-34.8106,2.157],[138.5407,-34.8131,3.3139],[138.5403,-34.8154,2.6033],[138.542,-34.8169,2.3507],[138.5336,-34.8151,0.0],[138.5336,-34.8199,-0.0592],[138.5308,-34.8226,-0.1745],[138.533,-34.8151,0.0],[138.5162,-34.8108,0.4148],[138.5164,-34.8165,4.286],[138.5096,-34.8281,0.0],[138.5123,-34.832,3.0064],[138.5091,-34.8312,0.0],[138.5085,-34.8359,2.0176],[138.5118,-34.8372,1.6213],[138.5083,-34.8368,2.0901],[138.5072,-34.8406,0.6921],[138.5108,-34.8423,1.9565],[138.5067,-34.8413,4.3224],[138.4983,-34.8438,1.6815],[138.4989,-34.8506,0.4841],[138.4971,-34.8506,1.1002],[138.4956,-34.8421,0.6101],[138.4969,-34.8404,2.6989],[138.4972,-34.8422,0.6101],[138.5033,-34.8409,2.7566],[138.5059,-34.8385,0.4457],[138.5063,-34.8263,0.0],[138.5116,-34.8181,3.0443],[138.5121,-34.8077,1.6944],[138.5096,-34.8008,3.8287],[138.5154,-34.7702,0.0],[138.5134,-34.7663,2.0211],[138.507,-34.7634,0.877],[138.4963,-34.7646,2.4921],[138.4876,-34.7706,5.1304],[138.478,-34.7829,0.0],[138.4854,-34.7905,2.523],[138.4817,-34.7957,0.0],[138.4884,-34.7971,3.331],[138.4902,-34.8123,3.9613],[138.4884,-34.82,4.2541],[138.4767,-34.8437,0.0],[138.4761,-34.8568,0.0],[138.4979,-34.9379,6.6347],[138.5104,-34.9697,2.0493],[138.5108,-34.9748,0.0],[138.5091,-34.9753,0.0],[138.5103,-34.9812,2.0178],[138.5094,-34.9907,0.0],[138.5176,-35.0321,2.2379],[138.5153,-35.0383,6.9295],[138.5085,-35.0441,7.4526],[138.5025,-35.0607,4.1812],[138.4954,-35.074,41.7136],[138.4957,-35.0803,25.6873],[138.4936,-35.0846,8.7417],[138.481,-35.0947,35.9656],[138.4718,-35.1097,13.0049],[138.4691,-35.1094,0.0],[138.4708,-35.1103,13.0049],[138.4709,-35.1125,15.4586],[138.4674,-35.1215,0.0],[138.4698,-35.1404,8.36],[138.4665,-35.1441,0.0],[138.4665,-35.1475,0.0],[138.4686,-35.1511,0.0],[138.4699,-35.1647,17.1543],[138.4657,-35.167,0.9767],[138.4654,-35.1734,3.3884],[138.4706,-35.2033,1.5042],[138.4709,-35.2116,35.6987],[138.4675,-35.2194,0.0],[138.4699,-35.2395,7.0271],[138.4673,-35.2451,13.6716],[138.4622,-35.2454,2.9272],[138.4599,-35.2615,0.0],[138.4504,-35.2689,7.5114],[138.4452,-35.27,8.8067],[138.4432,-35.2721,0.0],[138.4424,-35.2846,0.0],[138.4466,-35.301,8.5485],[138.4475,-35.32,0.0],[138.4466,-35.3343,7.8692],[138.441,-35.35,1.7549],[138.4383,-35.3524,16.1093],[138.4325,-35.3531,22.4194],[138.4258,-35.3564,62.3377],[138.4104,-35.3664,48.1718],[138.3914,-35.3688,14.1027],[138.3849,-35.3736,2.2649],[138.3819,-35.3709,0.0],[138.3728,-35.3739,11.1958],[138.3626,-35.3785,4.8672],[138.3592,-35.383,30.9545],[138.3475,-35.3906,43.2729],[138.3412,-35.3929,0.0],[138.3302,-35.4055,7.7978],[138.3263,-35.4172,0.0],[138.3043,-35.45,10.9037],[138.2943,-35.4682,4.8349],[138.2876,-35.4741,2.9461],[138.2817,-35.4759,3.6074],[138.2603,-35.4908,2.3592],[138.2476,-35.497,0.3149],[138.2445,-35.5008,3.6839],[138.2298,-35.5056,0.0],[138.2239,-35.5102,49.057],[138.218,-35.5114,17.4479],[138.2144,-35.5098,0.0],[138.2129,-35.5128,0.0],[138.1939,-35.5237,2.2603],[138.1874,-35.5239,3.2614],[138.1832,-35.5214,8.4658],[138.1692,-35.5183,34.3972],[138.1655,-35.5194,1.5568],[138.1611,-35.5275,0.7329],[138.1534,-35.5319,0.0],[138.1508,-35.537,4.9847],[138.1274,-35.5554,73.2231],[138.1217,-35.5642,16.347],[138.117,-35.5769,19.5765],[138.115,-35.578,25.9611],[138.1155,-35.5819,23.2037],[138.1095,-35.5891,0.0],[138.1087,-35.5925,19.587],[138.0961,-35.6003,1.7257],[138.0939,-35.6034,2.8135],[138.0961,-35.614,1.2799],[138.0955,-35.6239,1.7996],[138.0973,-35.6266,0.9188],[138.1037,-35.6318,1.1247],[138.1153,-35.6326,9.1736],[138.1182,-35.6376,0.0],[138.1248,-35.6403,1.9074],[138.1286,-35.6454,4.2516],[138.1358,-35.6451,27.2833],[138.1397,-35.6495,23.4531],[138.1443,-35.6505,12.1695],[138.1437,-35.6518,3.7611],[138.1451,-35.6529,3.7611],[138.1493,-35.6549,0.0],[138.1556,-35.6542,12.9723],[138.1569,-35.6582,0.0],[138.1628,-35.6606,29.5776],[138.1716,-35.6606,37.4901],[138.1772,-35.6636,8.154],[138.1797,-35.6623,49.5084],[138.1853,-35.6647,0.0],[138.1914,-35.6651,0.0],[138.2011,-35.6631,0.0],[138.2102,-35.6633,0.0],[138.2175,-35.6607,22.379],[138.2224,-35.6621,7.9792],[138.2265,-35.6593,46.9123],[138.2274,-35.6607,2.3134],[138.2321,-35.6596,0.0],[138.2402,-35.6545,86.4539],[138.2433,-35.6554,0.0],[138.2455,-35.6531,0.0],[138.2472,-35.6538,0.0],[138.2556,-35.6496,0.0],[138.2634,-35.6422,8.8651],[138.276,-35.6394,17.0968],[138.2836,-35.6389,3.8057],[138.288,-35.6402,0.0],[138.3,-35.6382,0.0],[138.3589,-35.64,0.0],[138.3679,-35.6423,0.0],[138.3739,-35.6398,0.0],[138.3867,-35.6387,0.0],[138.3896,-35.6402,0.0],[138.3995,-35.6404,0.0],[138.4011,-35.6385,0.8936],[138.4037,-35.6403,0.0],[138.41,-35.6406,5.2971],[138.4151,-35.6387,15.5871],[138.4208,-35.6337,4.6047],[138.4311,-35.6293,1.9709],[138.4402,-35.631,13.4879],[138.4505,-35.6304,0.8564],[138.4567,-35.6327,8.9001],[138.4658,-35.6303,0.0],[138.4796,-35.6348,0.0],[138.4831,-35.6323,3.1148],[138.4945,-35.6335,0.0],[138.5109,-35.6378,10.8794],[138.5224,-35.643,0.0],[138.5557,-35.6192,10.7952],[138.5593,-35.6137,0.0],[138.5659,-35.6085,0.0],[138.5747,-35.6057,10.3077],[138.5808,-35.6058,2.9147],[138.5824,-35.6043,8.2464],[138.582,-35.6012,14.2992],[138.5923,-35.5945,14.5473],[138.6001,-35.5923,19.8781],[138.6023,-35.5947,0.0],[138.6038,-35.5943,19.0451],[138.606,-35.5903,38.6597],[138.598,-35.5856,8.4966],[138.5982,-35.5795,4.4315],[138.6127,-35.5652,0.0],[138.6132,-35.5618,0.0],[138.6199,-35.5578,2.8745],[138.626,-35.5579,1.9444],[138.6254,-35.5505,1.3711],[138.6315,-35.5438,0.8088],[138.6452,-35.5395,20.2793],[138.6629,-35.5364,0.0],[138.6783,-35.5364,0.0],[138.6844,-35.5381,0.0],[138.6862,-35.5366,2.0178],[138.6841,-35.5351,13.7615],[138.6853,-35.5332,0.0],[138.6911,-35.5329,2.3989],[138.6952,-35.5291,1.8172],[138.6954,-35.5273,0.917],[138.6924,-35.5263,2.9464],[138.6929,-35.5229,4.0952],[138.7103,-35.5136,0.0],[138.7382,-35.5159,3.8984],[138.7679,-35.5218,3.1319],[138.8324,-35.5414,0.0],[138.8781,-35.5586,0.0],[138.8837,-35.5573,0.0],[138.8869,-35.5589,1.3378],[138.8867,-35.5606,3.6999],[138.89,-35.5631,0.8252],[138.9511,-35.5914,0.0],[138.9869,-35.6104,0.0],[139.0666,-35.6565,1.5171],[139.1237,-35.6933,1.5167],[139.1792,-35.7315,0.0],[139.212,-35.7546,0.9692],[139.2684,-35.7982,1.0407],[139.3305,-35.8506,1.8863],[139.4135,-35.9272,4.0885],[139.4857,-36.0016,1.7231],[139.523,-36.0435,6.132],[139.5594,-36.0877,7.0014],[139.5939,-36.1328,3.9272],[139.6324,-36.1878,4.5304],[139.6509,-36.215,2.9228],[139.6842,-36.2698,0.0],[139.6954,-36.291,1.4049],[139.7093,-36.3125,0.0],[139.7875,-36.4689,0.0],[139.801,-36.5011,0.0],[139.8214,-36.5569,1.6693],[139.8458,-36.6293,11.402],[139.8548,-36.6614,0.0],[139.8621,-36.6946,2.1452],[139.8635,-36.7185,0.0],[139.8624,-36.7621,0.8105],[139.8582,-36.7905,2.0509],[139.8505,-36.8235,0.732],[139.8429,-36.8396,1.1972],[139.8356,-36.8499,1.7137],[139.8257,-36.8575,0.5984],[139.8188,-36.8685,2.6241],[139.8083,-36.8772,2.101],[139.7998,-36.881,0.0],[139.7875,-36.8946,2.1049],[139.779,-36.8993,0.2447],[139.7482,-36.9094,0.0],[139.741,-36.9144,2.0122],[139.7324,-36.9168,2.7765],[139.7175,-36.9296,2.7087],[139.6992,-36.9393,0.0],[139.6961,-36.9342,0.0],[139.6978,-36.9378,0.0],[139.6963,-36.9405,0.4853],[139.6759,-36.9421,0.5237],[139.6711,-36.9528,2.4281],[139.67,-36.9582,0.0],[139.6768,-36.9675,4.275],[139.6933,-36.9816,0.0],[139.7218,-37.0006,3.4787],[139.7405,-37.0213,3.2854],[139.7434,-37.0296,2.7329],[139.7427,-37.0394,1.5445],[139.7393,-37.0462,0.0],[139.7394,-37.0568,0.0],[139.7439,-37.0742,0.5893],[139.7566,-37.0786,0.0],[139.7599,-37.0774,1.9451],[139.7631,-37.0782,1.4911],[139.7748,-37.0871,0.0],[139.7877,-37.1045,8.2671],[139.7937,-37.1202,0.0],[139.7958,-37.1375,0.0],[139.7929,-37.1492,0.0],[139.7874,-37.159,1.2085],[139.7818,-37.1642,2.6364],[139.7765,-37.1652,1.2299],[139.7663,-37.1623,0.5339],[139.7534,-37.162,2.2352],[139.7495,-37.1592,7.0498],[139.7486,-37.1563,5.4495],[139.7431,-37.1558,1.3141],[139.7455,-37.1582,4.9813],[139.7433,-37.1608,3.0864],[139.7452,-37.1633,10.5305],[139.7423,-37.1661,0.0],[139.7443,-37.1718,0.0],[139.74,-37.1821,0.0],[139.7446,-37.1836,1.8537],[139.7505,-37.1906,0.0],[139.7575,-37.1944,1.8647],[139.7616,-37.1997,0.0],[139.771,-37.2161,3.7774],[139.7701,-37.2181,0.0],[139.7742,-37.2203,0.0],[139.7746,-37.2235,0.0],[139.777,-37.2238,1.7882],[139.7785,-37.2294,4.0323],[139.783,-37.231,0.6576],[139.7831,-37.2368,0.0],[139.7887,-37.2408,1.574],[139.7969,-37.2564,4.677],[139.796,-37.2589,2.8075],[139.7992,-37.2605,2.0459],[139.8013,-37.264,0.2791],[139.8039,-37.2644,8.659],[139.8052,-37.2695,8.6499],[139.8036,-37.2707,0.3398],[139.806,-37.2703,0.7133],[139.8076,-37.2743,0.0],[139.8119,-37.2777,4.4739],[139.8117,-37.2808,8.1568],[139.8185,-37.2853,0.0],[139.8213,-37.2918,7.4086],[139.8198,-37.293,0.0],[139.8247,-37.2953,3.4616],[139.8287,-37.3005,0.0],[139.8279,-37.3041,0.0],[139.8326,-37.3055,1.0898],[139.8376,-37.3104,9.1557],[139.8367,-37.314,0.0],[139.8428,-37.3167,0.0],[139.8434,-37.3192,6.4245],[139.8407,-37.3222,0.0],[139.8485,-37.3213,0.0],[139.8506,-37.3241,2.0089],[139.85,-37.3261,2.1188],[139.8487,-37.3275,0.0],[139.8459,-37.3266,0.2616],[139.8481,-37.3278,0.0],[139.8491,-37.3311,0.3229],[139.8563,-37.3294,7.0842],[139.8657,-37.3358,1.8629],[139.8698,-37.3421,0.0],[139.8715,-37.3482,0.0],[139.8819,-37.3603,1.9104],[139.8904,-37.3759,0.0],[139.9101,-37.3889,4.2505],[139.9244,-37.4054,0.0],[139.9293,-37.4136,0.0],[139.9302,-37.4183,0.0],[139.9392,-37.4229,2.1962],[139.9467,-37.4293,5.4903],[139.9512,-37.4376,0.0],[139.9492,-37.4405,0.0],[139.9507,-37.4417,0.0],[139.9492,-37.4418,0.0],[139.9514,-37.4422,0.0],[139.9511,-37.4434,0.0],[139.9549,-37.4417,0.0],[139.9601,-37.4434,0.0],[139.9627,-37.4481,0.0],[139.9701,-37.4551,1.6117],[139.9693,-37.4568,0.0],[139.972,-37.4565,0.9685],[139.9733,-37.4603,0.0],[139.9846,-37.4681,0.0],[139.9853,-37.4709,0.0],[139.9903,-37.471,6.2357],[139.9966,-37.4767,2.9043],[139.9969,-37.483,0.0],[139.9936,-37.483,0.1482],[139.9931,-37.4859,0.0],[139.9977,-37.4844,6.3617],[140.0,-37.4872,1.6001],[139.9973,-37.4846,0.0],[139.9984,-37.4864,0.0],[139.9963,-37.4883,0.0],[139.998,-37.4873,1.3232],[139.9999,-37.4895,0.716],[140.0016,-37.4873,1.6001],[140.0059,-37.4877,7.9998],[140.0114,-37.4931,0.0],[140.0161,-37.4903,0.0],[140.0147,-37.4881,0.7203],[140.0151,-37.4822,0.5691],[140.0201,-37.477,2.1423],[140.0322,-37.4744,2.2926],[140.0498,-37.4786,4.3038],[140.0601,-37.4844,8.1136],[140.0775,-37.5034,1.0529],[140.1065,-37.519,1.6637],[140.1208,-37.5309,3.7311],[140.1298,-37.5437,4.7166],[140.1317,-37.5506,3.9379],[140.1313,-37.5562,3.6055],[140.1281,-37.5647,2.2367],[140.1208,-37.5694,0.0],[140.1161,-37.5702,12.2649],[140.1115,-37.5656,0.0],[140.1078,-37.5652,0.4636],[140.108,-37.5675,0.0],[140.1123,-37.5714,4.9484],[140.1114,-37.5737,0.8866],[140.1134,-37.5753,14.3308],[140.1127,-37.5784,0.0],[140.1152,-37.5802,0.0],[140.1155,-37.5788,8.532],[140.1209,-37.5796,0.0],[140.1229,-37.5844,0.0],[140.1276,-37.5852,18.9037],[140.128,-37.5876,2.491],[140.1327,-37.5884,0.0],[140.1343,-37.5871,10.3394],[140.1372,-37.5928,4.4633],[140.1449,-37.5945,16.8768],[140.1495,-37.5979,3.8266],[140.1515,-37.6014,0.0],[140.1574,-37.6029,11.6242],[140.1642,-37.6071,1.6543],[140.1681,-37.612,0.0],[140.1705,-37.6119,6.2024],[140.1787,-37.6172,3.693],[140.2033,-37.6398,0.0],[140.2479,-37.6861,1.2426],[140.2756,-37.7208,2.4649],[140.2847,-37.7352,2.4715],[140.2846,-37.7371,2.9884],[140.2933,-37.7479,0.0],[140.2986,-37.7597,1.7935],[140.3056,-37.7679,5.3847],[140.3111,-37.7797,3.7849],[140.3195,-37.7902,0.0],[140.3206,-37.7956,4.4326],[140.3276,-37.8045,1.5305],[140.3287,-37.8084,0.0],[140.326,-37.8104,0.0],[140.3286,-37.8127,0.0],[140.327,-37.8152,0.4896],[140.3297,-37.8154,3.9048],[140.3285,-37.8183,0.0],[140.3335,-37.8185,4.1448],[140.3424,-37.8344,1.371],[140.3582,-37.8566,2.3062],[140.3617,-37.8645,0.0],[140.364,-37.877,3.9593],[140.373,-37.8869,4.0616],[140.3759,-37.8978,1.2919],[140.3835,-37.8989,3.2673],[140.3887,-37.9015,1.5039],[140.392,-37.9089,4.4919],[140.3904,-37.913,0.0],[140.3921,-37.9139,0.0],[140.3946,-37.9118,1.1266],[140.3965,-37.9134,0.0],[140.3945,-37.9158,0.0],[140.3956,-37.9194,0.0],[140.4032,-37.917,0.0],[140.4125,-37.9256,0.0],[140.4196,-37.9259,0.7971],[140.4212,-37.931,0.0],[140.4255,-37.9295,1.0316],[140.4348,-37.9325,0.0],[140.4405,-37.9312,1.9463],[140.454,-37.9358,1.6067],[140.457,-37.9401,0.8223],[140.4618,-37.9416,1.6734],[140.4671,-37.9482,2.0873],[140.4665,-37.9497,0.0],[140.4783,-37.9533,1.7495],[140.4809,-37.9567,0.0],[140.4908,-37.9605,3.196],[140.5027,-37.9736,0.5375],[140.5088,-37.9842,0.7961],[140.517,-37.99,0.0],[140.5258,-37.9925,2.4625],[140.5483,-38.0048,0.562],[140.5609,-38.006,7.8516],[140.5673,-38.0086,1.0377],[140.5721,-38.014,2.6214],[140.5706,-38.0207,0.6908],[140.5768,-38.024,5.767],[140.5772,-38.0283,0.0],[140.5794,-38.0297,0.0],[140.5845,-38.0288,0.0],[140.585,-38.027,0.0],[140.5904,-38.0245,1.2679],[140.5931,-38.0246,0.0],[140.6068,-38.0277,0.8163],[140.6176,-38.0323,5.0002],[140.6209,-38.0403,0.0],[140.6248,-38.041,3.7735],[140.6292,-38.0385,0.9108],[140.642,-38.0412,5.0281],[140.6449,-38.0438,2.7945],[140.645,-38.0468,0.0],[140.6599,-38.0563,0.0],[140.6624,-38.0615,0.0],[140.6633,-38.0597,0.0],[140.6656,-38.0592,10.1459],[140.6695,-38.06,0.0],[140.6759,-38.0575,1.8656],[140.6857,-38.057,0.6788],[140.6977,-38.0597,0.0],[140.6961,-38.0568,0.8996],[140.7177,-38.0517,0.0],[140.7291,-38.0543,0.2946],[140.7388,-38.0545,0.854],[140.7468,-38.0586,0.3592],[140.753,-38.0562,1.4534],[140.7599,-38.0576,0.5355],[140.7633,-38.0564,0.0],[140.769,-38.0574,0.7867],[140.7705,-38.0597,-0.0747],[140.7706,-38.054,0.5541],[140.7752,-38.0494,1.1835],[140.783,-38.0455,1.3129],[140.7971,-38.0469,0.0],[140.799,-38.0467,0.0],[140.7988,-38.0455,1.6419],[140.8076,-38.049,0.6084],[140.8115,-38.0455,0.2659],[140.8191,-38.0425,1.1928],[140.8378,-38.041,3.453],[140.8622,-38.0457,1.3137],[140.8731,-38.051,1.2275],[140.8893,-38.0478,3.2188],[140.9001,-38.048,0.0],[140.9178,-38.0524,1.4868],[140.9305,-38.0534,0.0],[140.9384,-38.0522,2.7225],[140.9657,-38.056,3.7675],[140.972,-37.7308,69.5302],[140.9736,-37.718,71.1968],[140.9721,-37.7176,67.8423],[140.9727,-37.6461,68.998]],
[[134.08461939163496,-32.458781749049429,0.0],[134.0846,-32.4588,0.0],[134.08459292929294,-32.458790909090908,0.0],[134.08461939163496,-32.458781749049429,0.0]],
[[134.08459292929294,-32.458790909090908,0.0],[134.0837,-32.4591,0.0],[134.081,-32.4554,0.5658],[134.082,-32.4564,1.0859],[134.0841,-32.4554,1.4278],[134.0832,-32.457,1.0859],[134.08459292929294,-32.458790909090908,0.0]]],
[[[140.6616,-38.0607,0.0],[140.6609,-38.061,0.0],[140.6609,-38.0611,0.0],[140.6617,-38.0612,0.0],[140.6616,-38.0607,0.0]]],
[[[140.6639,-38.0605,0.0],[140.6641,-38.0602,0.0],[140.6637,-38.0602,0.0],[140.6637,-38.0605,0.0],[140.6639,-38.0605,0.0]]],
[[[140.6603,-38.0603,0.0],[140.6604,-38.0601,0.0],[140.6598,-38.0601,0.0],[140.6599,-38.0603,0.0],[140.6603,-38.0603,0.0]]],
[[[140.6663,-38.0599,0.0],[140.666,-38.0598,0.0],[140.6658,-38.0601,0.0],[140.6665,-38.0602,0.0],[140.6663,-38.0599,0.0]]],
[[[140.769,-38.0585,0.0],[140.7689,-38.0582,0.0],[140.7685,-38.0584,0.0],[140.7686,-38.0587,0.0],[140.769,-38.0585,0.0]]],
[[[140.5689,-38.0201,0.374],[140.5681,-38.0207,0.374],[140.57,-38.0202,0.6908],[140.5699,-38.0199,0.6908],[140.5689,-38.0201,0.374]]],
[[[140.3176,-37.7969,0.0],[140.3176,-37.7968,0.0],[140.3168,-37.7969,0.0],[140.3172,-37.7972,0.0],[140.3176,-37.7969,0.0]]],
[[[140.3167,-37.7959,0.0],[140.3157,-37.7961,0.0],[140.3157,-37.7963,0.0],[140.3168,-37.7963,0.0],[140.3167,-37.7959,0.0]]],
[[[140.3188,-37.7958,0.0],[140.3186,-37.7954,0.0],[140.3181,-37.7955,0.0],[140.3183,-37.7959,0.0],[140.3188,-37.7958,0.0]]],
[[[140.2928,-37.7606,0.0],[140.293,-37.7609,0.0],[140.2935,-37.761,0.0],[140.2934,-37.7605,0.0],[140.2928,-37.7606,0.0]]],
[[[140.1517,-37.602,0.0],[140.1512,-37.602,0.0],[140.1511,-37.6024,0.0],[140.1516,-37.6024,0.0],[140.1517,-37.602,0.0]]],
[[[140.1355,-37.5909,17.6321],[140.1352,-37.5906,0.0],[140.1348,-37.5909,0.0],[140.1349,-37.5911,0.0],[140.1355,-37.5909,17.6321]]],
[[[140.1312,-37.5893,0.0],[140.1306,-37.5895,0.0],[140.1306,-37.5896,0.0],[140.1313,-37.5895,0.0],[140.1312,-37.5893,0.0]]],
[[[140.1327,-37.5889,0.0],[140.1325,-37.5886,0.0],[140.1322,-37.5888,0.0],[140.1323,-37.589,0.0],[140.1327,-37.5889,0.0]]],
[[[140.0047,-37.4988,0.0],[140.0055,-37.5001,0.0],[140.0063,-37.5,0.0],[140.0054,-37.4987,0.0],[140.0047,-37.4988,0.0]]],
[[[140.0129,-37.4979,0.0],[140.0131,-37.4987,0.0086],[140.0148,-37.4997,0.0],[140.014,-37.4978,0.0],[140.0129,-37.4979,0.0]]],
[[[140.0082,-37.4985,0.0],[140.0075,-37.4985,0.0],[140.0075,-37.4988,0.0],[140.0081,-37.499,0.0],[140.0082,-37.4985,0.0]]],
[[[140.013,-37.4968,0.0],[140.0133,-37.4971,0.0],[140.0137,-37.4971,0.0],[140.0132,-37.4966,0.0],[140.013,-37.4968,0.0]]],
[[[140.012,-37.4947,0.0],[140.0113,-37.4935,0.0],[140.0095,-37.4951,0.0],[140.0113,-37.4962,0.4708],[140.012,-37.4947,0.0]]],
[[[139.9953,-37.4808,0.0],[139.995,-37.4811,0.0],[139.9956,-37.4815,2.6052],[139.9957,-37.4814,2.6052],[139.9953,-37.4808,0.0]]],
[[[139.8477,-37.3255,0.0],[139.8472,-37.3254,0.0],[139.8471,-37.3256,0.0],[139.8479,-37.3259,0.0],[139.8477,-37.3255,0.0]]],
[[[139.7368,-37.177,0.0],[139.7367,-37.1768,0.0],[139.7364,-37.1769,0.0],[139.7365,-37.1771,0.0],[139.7368,-37.177,0.0]]],
[[[136.6967,-36.0857,12.6887],[136.6934,-36.0836,4.0702],[136.6914,-36.0834,0.8535],[136.694,-36.0864,0.0],[136.6967,-36.0857,12.6887]]],
[[[137.7869,-35.8171,0.0],[137.7872,-35.8167,0.0],[137.7867,-35.8165,0.0],[137.7866,-35.8167,0.0],[137.7869,-35.8171,0.0]]],
[[[138.5893,-35.6088,1.9596],[138.5895,-35.6109,0.0],[138.5915,-35.6114,0.0],[138.594,-35.608,3.2016],[138.5922,-35.6069,9.8191],[138.5893,-35.6088,1.9596]]],
[[[137.771,-35.8158,0.0],[137.7711,-35.8155,0.0],[137.7702,-35.8154,0.0],[137.7704,-35.8161,0.0],[137.771,-35.8158,0.0]]],
[[[137.7527,-35.8075,0.0],[137.7518,-35.8034,0.0],[137.7469,-35.8085,0.0],[137.7493,-35.8087,0.0856],[137.7527,-35.8075,0.0]]],
[[[137.6397,-35.6243,0.5712],[137.6438,-35.6253,0.2471],[137.6405,-35.6218,0.2454],[137.6389,-35.6227,0.1596],[137.6397,-35.6243,0.5712]]],
[[[136.5527,-35.9077,0.0],[136.5525,-35.9075,0.0],[136.552,-35.9083,0.638],[136.5526,-35.9084,0.638],[136.5527,-35.9077,0.0]]],
[[[136.535,-35.9015,0.4973],[136.536,-35.9022,0.4973],[136.5385,-35.8994,0.3194],[136.5349,-35.9002,-0.1986],[136.5339,-35.9015,0.1112],[136.535,-35.9015,0.4973]]],
[[[137.795,-35.8318,0.0],[137.7952,-35.8319,0.0],[137.7955,-35.8319,0.0],[137.7952,-35.8317,0.0],[137.795,-35.8318,0.0]]],
[[[137.7844,-35.8305,0.0],[137.7842,-35.8303,0.0],[137.784,-35.8304,0.0],[137.784,-35.8305,0.0],[137.7844,-35.8305,0.0]]],
[[[137.7989,-35.827,0.0],[137.7987,-35.8269,0.0],[137.7978,-35.8269,0.0],[137.798,-35.8273,0.0],[137.7989,-35.827,0.0]]],
[[[137.7728,-35.8224,1.7111],[137.7751,-35.8237,2.2122],[137.7764,-35.8221,8.5433],[137.7701,-35.8185,2.557],[137.7696,-35.8206,5.1183],[137.7728,-35.8224,1.7111]]],
[[[137.804,-35.8214,0.0],[137.8064,-35.8203,0.0],[137.8075,-35.818,0.0],[137.8009,-35.8197,0.0],[137.804,-35.8214,0.0]]],
[[[137.7829,-35.8236,0.0],[137.7842,-35.825,0.0],[137.7872,-35.8255,0.0],[137.7839,-35.8225,0.0],[137.7829,-35.8236,0.0]]],
[[[137.7502,-35.8166,0.0],[137.7492,-35.8175,0.0],[137.749,-35.818,0.0],[137.7504,-35.8178,0.0],[137.7502,-35.8166,0.0]]],
[[[137.7774,-35.8146,0.0],[137.7767,-35.8174,0.0],[137.7771,-35.8183,0.0],[137.7784,-35.8167,0.0],[137.7774,-35.8146,0.0]]],
[[[138.6078,-35.5821,0.0],[138.6063,-35.5829,0.0],[138.6075,-35.5841,0.0],[138.6083,-35.5832,0.0],[138.6078,-35.5821,0.0]]],
[[[138.6448,-35.5764,0.0],[138.6436,-35.5767,0.0],[138.6433,-35.577,0.0],[138.6449,-35.5775,0.0],[138.6448,-35.5764,0.0]]],
[[[138.6355,-35.5641,0.0],[138.6293,-35.5621,4.9295],[138.6258,-35.5638,0.0],[138.626,-35.5651,0.0],[138.6307,-35.5669,1.6675],[138.6355,-35.5641,0.0]]],
[[[138.6934,-35.5383,0.0],[138.6919,-35.5373,0.0],[138.6897,-35.5377,0.0],[138.6904,-35.5386,0.0614],[138.6934,-35.5383,0.0]]],
[[[136.862,-35.3677,0.0],[136.8607,-35.3656,0.5586],[136.8547,-35.3689,0.0],[136.8545,-35.3716,0.0],[136.8586,-35.3721,49.8951],[136.8569,-35.378,1.1406],[136.8617,-35.3777,1.1695],[136.8619,-35.3736,28.7294],[136.8635,-35.3751,0.0],[136.8669,-35.3726,6.1719],[136.8669,-35.3694,0.0],[136.8626,-35.3692,15.4789],[136.862,-35.3677,0.0]]],
[[[136.8458,-35.3702,0.0],[136.8473,-35.3711,0.7639],[136.8491,-35.3686,1.1203],[136.8479,-35.3682,1.1203],[136.8458,-35.3702,0.0]]],
[[[136.8451,-35.3719,1.2785],[136.8443,-35.3724,0.0],[136.8457,-35.3738,1.1675],[136.8461,-35.3732,1.1675],[136.8451,-35.3719,1.2785]]],
[[[136.704,-36.066,0.0],[136.7003,-36.0658,0.0],[136.7039,-36.0688,0.5835],[136.705,-36.0667,9.9323],[136.704,-36.066,0.0]]],
[[[136.9083,-36.0434,0.0],[136.9079,-36.0431,0.0],[136.9073,-36.0432,0.0],[136.9076,-36.0435,0.0],[136.9083,-36.0434,0.0]]],
[[[136.828,-36.0333,1.0842],[136.8269,-36.0334,1.0842],[136.8277,-36.0345,1.0842],[136.8293,-36.0338,0.0],[136.829,-36.0335,0.0],[136.828,-36.0333,1.0842]]],
[[[137.2876,-35.9948,0.0],[137.2892,-35.9945,0.0],[137.2886,-35.9928,0.0],[137.2866,-35.9938,0.0],[137.2876,-35.9948,0.0]]],
[[[136.5812,-35.951,0.0],[136.5809,-35.9509,0.0],[136.5804,-35.951,0.0],[136.5812,-35.9516,0.0],[136.5812,-35.951,0.0]]],
[[[137.6317,-35.5641,2.4538],[137.6297,-35.5645,0.0],[137.6217,-35.5612,0.0],[137.6123,-35.5689,4.3186],[137.604,-35.5717,9.2895],[137.5985,-35.5709,0.8434],[137.5951,-35.5653,2.7998],[137.5917,-35.5641,0.0],[137.5858,-35.5684,28.7132],[137.5644,-35.5711,0.0],[137.5621,-35.575,18.1102],[137.5576,-35.5759,0.0],[137.5516,-35.5832,20.9568],[137.5458,-35.5872,2.1394],[137.5336,-35.5926,1.4921],[137.5188,-35.5955,4.8629],[137.5072,-35.5939,3.2796],[137.503,-35.5859,3.8957],[137.491,-35.5798,16.2558],[137.485,-35.5811,0.0],[137.4838,-35.5844,6.7792],[137.4813,-35.5861,7.5433],[137.4657,-35.5883,22.7186],[137.4548,-35.5943,5.0668],[137.4469,-35.5962,0.0],[137.4344,-35.5943,0.0],[137.4131,-35.5881,52.7704],[137.3845,-35.5907,2.4995],[137.3722,-35.5856,10.0448],[137.3639,-35.5874,4.7548],[137.3514,-35.587,19.2985],[137.3429,-35.5823,1.2664],[137.327,-35.5782,6.2921],[137.3135,-35.5792,0.0],[137.3096,-35.5806,0.0],[137.306,-35.5843,0.0],[137.3062,-35.5867,34.5666],[137.3022,-35.5878,0.0],[137.3026,-35.5895,0.0],[137.2964,-35.5902,19.1218],[137.2864,-35.595,33.7745],[137.2851,-35.598,18.741],[137.2687,-35.6036,62.3978],[137.2606,-35.6003,9.387],[137.2579,-35.6026,9.1937],[137.2395,-35.6042,0.0],[137.2319,-35.6083,0.0],[137.2344,-35.6107,17.5593],[137.231,-35.6127,1.899],[137.2279,-35.6121,8.73],[137.2245,-35.6169,13.2279],[137.2213,-35.618,31.257],[137.2112,-35.6168,0.5342],[137.2094,-35.6212,12.73],[137.2035,-35.6247,3.9613],[137.1875,-35.623,55.8894],[137.185,-35.6212,0.0],[137.1817,-35.6225,4.6822],[137.1815,-35.6254,51.9215],[137.1791,-35.6259,0.0],[137.1797,-35.6267,20.6873],[137.1694,-35.6296,0.9797],[137.1635,-35.6331,7.6423],[137.1555,-35.6294,0.0],[137.1496,-35.6323,16.7187],[137.1476,-35.6302,0.0],[137.1412,-35.6298,0.2451],[137.142,-35.6304,24.5955],[137.1402,-35.6314,2.0767],[137.1415,-35.6324,38.2706],[137.1371,-35.6338,0.0],[137.138,-35.6355,27.1489],[137.1338,-35.6374,2.7046],[137.1342,-35.6393,2.5465],[137.1276,-35.6395,0.0],[137.1282,-35.6425,19.1779],[137.1253,-35.643,8.1361],[137.1243,-35.6472,2.9598],[137.1208,-35.6481,0.0],[137.1227,-35.6499,0.1926],[137.1218,-35.6517,6.6608],[137.1178,-35.6518,0.0979],[137.1142,-35.6555,5.0581],[137.1126,-35.6545,0.0],[137.1104,-35.6559,18.899],[137.1072,-35.6539,0.0],[137.1079,-35.6553,9.9922],[137.1032,-35.6581,46.7896],[137.1,-35.6571,0.0],[137.0994,-35.6584,22.5576],[137.0937,-35.6581,5.4799],[137.0928,-35.6603,33.8686],[137.0885,-35.6599,19.8033],[137.0865,-35.6624,39.1407],[137.0844,-35.6615,18.6664],[137.0809,-35.6635,17.6945],[137.0741,-35.6633,2.21],[137.0727,-35.6674,0.0],[137.0697,-35.6692,0.8998],[137.0549,-35.6669,5.8826],[137.04,-35.6702,27.861],[137.0347,-35.6706,3.3323],[137.0314,-35.6691,2.909],[137.0269,-35.6719,46.7303],[137.0188,-35.6733,59.4069],[137.0143,-35.6724,6.4285],[137.0099,-35.6738,17.9359],[136.9984,-35.6719,26.6606],[136.98,-35.6743,7.2213],[136.9766,-35.6724,2.6413],[136.9732,-35.6735,13.067],[136.9717,-35.6758,12.5008],[136.9693,-35.6733,16.825],[136.9624,-35.6756,17.9749],[136.9586,-35.6737,15.5303],[136.9527,-35.6741,10.989],[136.9426,-35.6768,38.8624],[136.9391,-35.6761,0.0],[136.926,-35.6809,25.4821],[136.9149,-35.6821,3.365],[136.9046,-35.6859,5.7867],[136.8976,-35.686,0.0],[136.8918,-35.6889,36.9825],[136.8818,-35.6876,1.5074],[136.8809,-35.6861,0.0],[136.8797,-35.6884,95.5754],[136.8719,-35.6877,0.0],[136.8722,-35.6891,10.9306],[136.8676,-35.6896,7.166],[136.8661,-35.6924,99.4101],[136.8617,-35.6938,18.088],[136.8468,-35.6921,0.0],[136.8473,-35.6947,19.8809],[136.8441,-35.6934,7.5101],[136.8394,-35.6956,6.9784],[136.8279,-35.6966,56.1137],[136.8255,-35.6955,0.0],[136.824,-35.6992,2.1988],[136.8206,-35.6975,0.0],[136.8175,-35.6993,0.0],[136.8109,-35.6987,0.0],[136.8059,-35.7001,0.0],[136.8044,-35.702,29.1825],[136.8008,-35.7,9.8955],[136.7837,-35.7002,10.7245],[136.7811,-35.7019,0.0],[136.7823,-35.7038,6.4543],[136.7796,-35.707,45.5343],[136.7785,-35.7122,7.3498],[136.7665,-35.7152,0.0],[136.7668,-35.7165,33.9432],[136.7588,-35.7227,46.1467],[136.7481,-35.7239,18.267],[136.7388,-35.7221,30.1797],[136.7321,-35.7239,18.1938],[136.7203,-35.7203,3.3246],[136.7207,-35.7212,3.3246],[136.7175,-35.7224,0.0],[136.7173,-35.7253,26.54],[136.7127,-35.728,0.0],[136.7119,-35.7314,64.8108],[136.6973,-35.7395,4.5487],[136.6914,-35.7396,73.1373],[136.6719,-35.7445,0.0],[136.6583,-35.7459,7.356],[136.6521,-35.7441,8.7365],[136.6403,-35.7467,35.0116],[136.6392,-35.7484,32.3209],[136.629,-35.749,15.4867],[136.627,-35.7469,0.0],[136.6167,-35.7452,35.9803],[136.6046,-35.7453,0.0],[136.5969,-35.748,72.8222],[136.5874,-35.7489,11.3788],[136.5822,-35.7538,1.5213],[136.5805,-35.7608,12.1248],[136.5738,-35.7659,7.0339],[136.5794,-35.7924,0.0],[136.5776,-35.7974,62.7038],[136.5713,-35.8012,0.0],[136.571,-35.8075,0.0],[136.5658,-35.8096,0.0],[136.568,-35.8211,45.4189],[136.5605,-35.8283,3.1099],[136.5643,-35.8429,5.8805],[136.5639,-35.8495,0.0],[136.5618,-35.8524,0.0],[136.5551,-35.8541,0.0],[136.5547,-35.8554,12.3909],[136.5514,-35.8555,12.8834],[136.5493,-35.8573,22.9215],[136.5439,-35.8571,7.5736],[136.5406,-35.8594,29.9651],[136.5395,-35.8622,0.0],[136.5406,-35.8641,62.1978],[136.5383,-35.865,0.0],[136.5389,-35.8672,12.1632],[136.5357,-35.87,0.0],[136.5356,-35.8741,4.7192],[136.533,-35.8763,13.5755],[136.5335,-35.8779,13.5755],[136.5382,-35.8792,15.9972],[136.5346,-35.8819,5.7076],[136.5361,-35.8838,0.0],[136.5344,-35.8865,0.0],[136.5413,-35.8847,0.0],[136.55,-35.8848,0.0],[136.5509,-35.8876,2.1455],[136.5458,-35.8899,3.2715],[136.5428,-35.896,18.0736],[136.5388,-35.8993,0.3194],[136.5508,-35.9019,5.0264],[136.5546,-35.9057,0.0],[136.5531,-35.9079,8.4464],[136.556,-35.911,3.5929],[136.5619,-35.9131,1.5988],[136.5641,-35.9171,0.3731],[136.5798,-35.9307,9.0419],[136.5791,-35.9364,0.0],[136.581,-35.9392,12.7937],[136.5795,-35.9416,0.0],[136.5809,-35.9421,4.7714],[136.5817,-35.946,24.4914],[136.5804,-35.9489,6.7395],[136.5818,-35.9509,13.0632],[136.5878,-35.9508,18.4536],[136.5922,-35.953,10.0774],[136.5941,-35.9549,25.7241],[136.5934,-35.9583,1.7051],[136.5953,-35.9609,3.0354],[136.6041,-35.9609,5.4377],[136.6119,-35.9573,7.3504],[136.6248,-35.9544,19.1782],[136.629,-35.9563,5.5311],[136.6298,-35.9604,5.4964],[136.6388,-35.9607,10.0725],[136.6428,-35.9631,0.0],[136.6527,-35.9652,0.9165],[136.6656,-35.9757,1.4645],[136.6662,-35.9786,2.8378],[136.6728,-35.9844,31.0365],[136.6776,-35.9923,0.0],[136.6891,-36.0048,41.4448],[136.6914,-36.0122,18.5604],[136.695,-36.0145,71.4607],[136.6961,-36.0182,0.0],[136.7019,-36.0237,27.157],[136.7084,-36.0369,50.9638],[136.707,-36.0432,0.5686],[136.705,-36.0453,0.0],[136.7067,-36.0473,0.0],[136.7056,-36.0513,56.4401],[136.7011,-36.0543,32.6249],[136.6963,-36.0546,0.0],[136.697,-36.0582,19.7441],[136.7052,-36.0641,2.9324],[136.7093,-36.057,0.0],[136.7135,-36.0559,69.9336],[136.7188,-36.058,0.0],[136.7202,-36.0556,0.0],[136.7184,-36.0513,0.0],[136.7205,-36.0494,62.2183],[136.7231,-36.0495,17.4328],[136.7271,-36.0451,0.0],[136.7338,-36.0434,7.2341],[136.7464,-36.0448,0.0],[136.7534,-36.0463,5.4778],[136.7536,-36.0482,0.0],[136.758,-36.0497,0.0],[136.7634,-36.0479,4.8783],[136.7641,-36.0453,20.7618],[136.7664,-36.044,37.6687],[136.7707,-36.0453,4.0354],[136.775,-36.0436,14.5015],[136.7731,-36.0383,3.5393],[136.7766,-36.0378,20.8984],[136.7763,-36.034,42.489],[136.7818,-36.0314,0.0],[136.7952,-36.033,0.0],[136.8005,-36.0322,19.5363],[136.8123,-36.035,33.1083],[136.8145,-36.0365,17.4],[136.8144,-36.0387,8.8703],[136.8168,-36.0388,1.6113],[136.8178,-36.0379,1.2238],[136.8157,-36.0364,17.4],[136.8173,-36.0333,0.0],[136.8248,-36.0315,0.0],[136.8275,-36.0253,14.2146],[136.8317,-36.026,0.0],[136.8295,-36.0222,0.0],[136.8317,-36.0198,0.0],[136.8411,-36.018,0.0],[136.8523,-36.0199,0.0],[136.8541,-36.0166,0.0],[136.8673,-36.0193,7.0926],[136.8734,-36.0239,4.4555],[136.8918,-36.0297,6.1481],[136.9043,-36.0375,23.3252],[136.9078,-36.0425,3.7794],[136.9101,-36.0411,26.0999],[136.9154,-36.0436,0.0],[136.922,-36.0409,0.0],[136.9215,-36.0395,0.0],[136.9234,-36.0377,32.8466],[136.9284,-36.0391,1.008],[136.9303,-36.0343,18.8392],[136.9422,-36.0267,11.2382],[136.9491,-36.0298,0.0],[136.9577,-36.0255,36.1077],[136.9602,-36.0271,2.0343],[136.9649,-36.0268,0.0],[136.9699,-36.0216,26.1087],[136.9734,-36.0214,6.3733],[136.9741,-36.0232,0.0],[136.9912,-36.0208,1.0341],[136.9973,-36.0173,14.8519],[137.0019,-36.0202,0.6003],[137.0101,-36.0193,11.838],[137.018,-36.0208,29.929],[137.0245,-36.0229,47.1468],[137.0283,-36.0264,0.0],[137.0351,-36.026,24.1847],[137.0361,-36.0277,0.0],[137.045,-36.0265,0.4107],[137.047,-36.0276,1.1515],[137.0508,-36.0237,10.0083],[137.0563,-36.0222,3.5326],[137.0576,-36.0201,2.5513],[137.0631,-36.0222,1.7463],[137.0698,-36.02,0.3246],[137.0748,-36.0215,0.0],[137.0829,-36.0212,19.3134],[137.0924,-36.0251,0.0],[137.0943,-36.0235,1.5133],[137.097,-36.0238,1.3407],[137.0975,-36.0201,3.9675],[137.1026,-36.0182,9.9683],[137.1226,-36.0266,0.0],[137.1221,-36.0301,0.9675],[137.131,-36.034,2.5574],[137.1375,-36.0294,0.0],[137.1379,-36.0248,0.0],[137.1396,-36.0248,0.0],[137.1396,-36.0228,28.7673],[137.142,-36.0246,0.0],[137.1427,-36.0224,21.4978],[137.1458,-36.0207,17.6513],[137.1508,-36.0231,0.0],[137.1554,-36.0223,18.7254],[137.1565,-36.027,3.6803],[137.1627,-36.0247,0.0],[137.163,-36.0233,0.0],[137.1608,-36.0221,23.4425],[137.1613,-36.0165,20.1504],[137.1691,-36.0147,0.0],[137.1688,-36.0114,6.074],[137.17,-36.0108,20.9046],[137.1765,-36.01,0.0],[137.1776,-36.0043,17.9339],[137.1898,-35.9971,0.0],[137.1842,-35.9966,10.5702],[137.18,-35.994,7.9922],[137.1786,-35.9903,0.0],[137.1808,-35.984,0.0],[137.1923,-35.9767,0.0],[137.2095,-35.974,3.9233],[137.2292,-35.9771,3.6382],[137.2315,-35.9785,0.0],[137.2318,-35.9811,0.0],[137.2358,-35.9794,18.2535],[137.2369,-35.9823,1.8818],[137.2392,-35.981,15.7581],[137.242,-35.9818,4.9211],[137.2415,-35.9832,0.0],[137.2461,-35.9826,13.9023],[137.2502,-35.9847,0.0],[137.2505,-35.9826,6.435],[137.2531,-35.9816,0.0],[137.258,-35.9822,16.6788],[137.2707,-35.9886,34.1408],[137.2702,-35.9913,0.0],[137.2773,-35.9923,41.9629],[137.2784,-35.9943,6.4678],[137.2854,-35.9908,54.5274],[137.2889,-35.9917,0.0],[137.2962,-35.9903,29.4884],[137.2981,-35.9916,3.0133],[137.3025,-35.9909,30.0999],[137.3027,-35.9934,0.0],[137.3232,-35.9959,27.6515],[137.3247,-35.998,0.0],[137.3299,-35.9945,21.9697],[137.3318,-35.9953,2.5817],[137.3326,-35.993,11.2125],[137.3409,-35.9959,9.3911],[137.3468,-35.9937,10.3713],[137.3528,-35.9941,4.0469],[137.3598,-35.9964,0.8638],[137.3615,-36.0003,0.0],[137.3653,-35.998,0.0],[137.371,-35.9984,0.0],[137.3749,-36.0032,4.2018],[137.3722,-36.0069,0.9076],[137.3744,-36.0084,0.0],[137.3773,-36.006,5.1661],[137.3804,-36.0082,0.9741],[137.3794,-36.0139,0.0],[137.3838,-36.0151,0.0],[137.3968,-36.0239,12.9282],[137.4033,-36.0323,26.2242],[137.4068,-36.0324,34.4059],[137.4059,-36.0346,0.0],[137.4075,-36.0363,2.919],[137.4056,-36.0388,1.2084],[137.4108,-36.0358,34.2539],[137.4146,-36.04,0.0],[137.4202,-36.0414,0.0],[137.4339,-36.053,11.0301],[137.4567,-36.0663,2.6755],[137.4582,-36.0683,0.0],[137.4583,-36.0732,11.728],[137.4607,-36.075,0.0],[137.4633,-36.0725,10.946],[137.4673,-36.0728,2.859],[137.4676,-36.0703,7.6912],[137.4745,-36.0661,20.4155],[137.4828,-36.0657,18.8325],[137.4804,-36.0632,18.4913],[137.4855,-36.057,29.0933],[137.4871,-36.0577,0.0],[137.4926,-36.0547,2.6531],[137.4999,-36.0566,0.7622],[137.504,-36.0559,10.2341],[137.5068,-36.0533,0.0],[137.5058,-36.051,0.4143],[137.5133,-36.0472,14.2724],[137.5197,-36.0376,50.7485],[137.5226,-36.038,0.0],[137.5323,-36.0312,11.0131],[137.536,-36.0259,24.0147],[137.5417,-36.0241,25.0316],[137.547,-36.0248,0.0],[137.5519,-36.0218,30.6196],[137.5594,-36.0231,1.4279],[137.5717,-36.0216,4.186],[137.5789,-36.0181,6.5698],[137.5867,-36.0195,25.4309],[137.594,-36.0102,16.3288],[137.6028,-36.0092,0.0],[137.6048,-36.0056,0.0641],[137.6042,-36.0035,5.9856],[137.6077,-36.0016,1.9361],[137.608,-35.9969,5.4966],[137.6149,-35.9918,0.5945],[137.6145,-35.9898,17.4892],[137.6168,-35.9893,0.0],[137.6158,-35.983,3.667],[137.6204,-35.9786,0.0],[137.6051,-35.9649,0.6389],[137.5993,-35.9513,3.4136],[137.5997,-35.9466,3.3292],[137.5982,-35.9427,5.9999],[137.6012,-35.93,0.0],[137.612,-35.9131,0.0],[137.6304,-35.8993,10.128],[137.6515,-35.8879,19.9837],[137.6603,-35.8849,0.0],[137.7014,-35.8768,2.0955],[137.7196,-35.8757,21.762],[137.7261,-35.8767,0.0],[137.7291,-35.8738,9.0275],[137.7281,-35.8728,25.4392],[137.7306,-35.8707,11.8189],[137.7307,-35.8676,29.7731],[137.737,-35.8631,0.0],[137.7375,-35.8612,1.9968],[137.7349,-35.8596,12.139],[137.7361,-35.8554,0.0],[137.7411,-35.8531,1.9478],[137.7492,-35.8521,8.5814],[137.7511,-35.854,3.7648],[137.7554,-35.8513,4.3264],[137.7597,-35.8524,9.31],[137.7718,-35.8512,18.8636],[137.773,-35.8528,3.0701],[137.7754,-35.8508,6.0392],[137.7913,-35.8534,0.0],[137.7946,-35.8513,3.3788],[137.7986,-35.8535,0.0],[137.8032,-35.8506,52.7562],[137.8073,-35.8526,21.3405],[137.8153,-35.8524,14.938],[137.8302,-35.8559,35.396],[137.8358,-35.8553,15.1562],[137.8561,-35.8598,1.6786],[137.8681,-35.8633,2.2057],[137.8706,-35.8651,2.7378],[137.8711,-35.8687,0.5671],[137.8724,-35.8681,0.5041],[137.8743,-35.8706,1.6878],[137.8788,-35.868899999999996,16.7796],[137.8794,-35.8703,0.0],[137.8835,-35.8703,0.0],[137.8833,-35.868,0.0],[137.8862,-35.8648,7.1337],[137.8865,-35.8674,5.4542],[137.8913,-35.8675,3.3671],[137.9051,-35.8609,17.6514],[137.9111,-35.8598,9.9204],[137.9128,-35.8614,0.0],[137.9379,-35.8649,4.7512],[137.9444,-35.8685,2.8195],[137.9576,-35.8724,6.1576],[137.9738,-35.88,0.0],[137.9758,-35.8819,2.7197],[137.9748,-35.8844,8.8464],[137.9758,-35.8859,5.4026],[137.978,-35.8862,19.8773],[137.9806,-35.8843,30.4963],[137.9942,-35.8881,0.0],[138.0066,-35.8937,12.453],[138.0103,-35.8979,9.712],[138.0202,-35.9024,9.6999],[138.0377,-35.9027,10.9973],[138.0408,-35.9043,2.815],[138.0563,-35.8951,9.1668],[138.0591,-35.8875,31.0835],[138.0653,-35.8807,59.7858],[138.0685,-35.881,15.0],[138.0752,-35.8769,15.5327],[138.0757,-35.8745,20.0698],[138.0783,-35.8747,0.0],[138.0867,-35.8654,0.0],[138.0903,-35.8654,0.0],[138.0891,-35.864,8.8624],[138.09,-35.8626,64.9641],[138.0975,-35.8591,7.2651],[138.1109,-35.8484,0.0],[138.1174,-35.8489,10.3664],[138.1191,-35.8468,0.0],[138.1239,-35.8451,1.1794],[138.1267,-35.8482,0.0],[138.1343,-35.8436,4.7326],[138.1345,-35.8408,8.8939],[138.1281,-35.8388,1.6484],[138.1258,-35.8342,2.792],[138.1233,-35.8342,1.3772],[138.1236,-35.8275,1.6725],[138.1191,-35.8199,0.0],[138.1246,-35.8112,38.4547],[138.1257,-35.8023,4.0118],[138.124,-35.8024,1.7191],[138.1214,-35.807,33.2967],[138.1173,-35.8088,5.8577],[138.1065,-35.8095,0.0],[138.0899,-35.8045,1.1431],[138.077,-35.7959,0.8583],[138.0722,-35.791,1.0091],[138.0668,-35.7803,1.054],[138.0685,-35.7658,0.0],[138.0678,-35.7598,0.0],[138.059,-35.7518,13.9313],[138.0469,-35.7465,32.5291],[138.0455,-35.7452,22.4767],[138.046,-35.7428,3.7342],[138.0385,-35.7407,0.0],[138.0333,-35.7421,19.2953],[138.0295,-35.7372,13.2276],[138.0217,-35.7374,49.297],[138.0202,-35.7335,7.4401],[138.0071,-35.7285,16.237],[138.0056,-35.7263,44.74],[137.9936,-35.7265,51.1104],[137.9913,-35.7245,0.0],[137.9733,-35.7198,13.8246],[137.9652,-35.7196,35.1103],[137.9588,-35.7223,3.0894],[137.9462,-35.7214,13.668],[137.9426,-35.7202,7.6583],[137.9412,-35.7184,11.0097],[137.9429,-35.7167,2.3643],[137.9408,-35.7162,0.0],[137.9354,-35.7163,14.5893],[137.9341,-35.7171,14.5893],[137.9352,-35.7187,5.9147],[137.9295,-35.7197,14.3598],[137.9156,-35.7197,19.438],[137.9069,-35.7169,6.8546],[137.9006,-35.7198,10.2536],[137.8986,-35.7235,1.8588],[137.8949,-35.725,12.7338],[137.8936,-35.7282,12.8184],[137.8948,-35.7418,16.6809],[137.8918,-35.7457,8.8451],[137.8925,-35.7579,22.3098],[137.8815,-35.7656,0.0],[137.8745,-35.7734,12.283],[137.8666,-35.7765,3.5074],[137.8652,-35.7784,0.0],[137.8662,-35.7798,4.8789],[137.8595,-35.7866,0.0],[137.8579,-35.7909,5.7148],[137.8522,-35.7949,5.8877],[137.8333,-35.7981,2.9256],[137.8313,-35.8003,3.3716],[137.8226,-35.8002,3.586],[137.8008,-35.7958,0.6268],[137.7806,-35.7846,0.4166],[137.7773,-35.7844,0.0],[137.7791,-35.7909,0.0],[137.7779,-35.7964,3.1863],[137.773,-35.7984,0.2697],[137.7706,-35.7973,0.054],[137.7628,-35.798,0.0],[137.7624,-35.8034,1.3908],[137.7584,-35.806,0.0],[137.763,-35.8065,0.6556],[137.7654,-35.8108,2.2782],[137.7707,-35.8141,4.5421],[137.7747,-35.8125,2.374],[137.774,-35.8112,8.3629],[137.7766,-35.8083,5.7884],[137.7829,-35.8119,0.0],[137.7906,-35.8122,4.1734],[137.7983,-35.8102,2.7213],[137.8107,-35.8152,2.9098],[137.8148,-35.822,2.7448],[137.8128,-35.8222,1.8787],[137.8139,-35.8242,1.2788],[137.8125,-35.8254,1.0186],[137.8071,-35.8222,0.2276],[137.8051,-35.823,0.0],[137.8065,-35.8261,1.5959],[137.8027,-35.8295,5.3268],[137.798,-35.8306,0.0],[137.7982,-35.8335,3.7728],[137.7967,-35.8343,0.0992],[137.781,-35.8307,1.8645],[137.7724,-35.8228,1.7111],[137.7689,-35.825,1.1785],[137.7686,-35.8285,4.0019],[137.7665,-35.8307,2.0438],[137.7638,-35.8306,1.8688],[137.7605,-35.8333,1.1648],[137.7557,-35.8322,0.0],[137.7542,-35.8339,0.0],[137.7554,-35.8371,0.2472],[137.7622,-35.8389,0.0516],[137.7619,-35.8409,0.3432],[137.7583,-35.8431,4.1757],[137.7544,-35.843,6.6589],[137.7493,-35.8343,7.872],[137.7503,-35.8309,5.896],[137.7488,-35.829,3.4823],[137.754,-35.8257,0.0],[137.7495,-35.8229,0.0],[137.7478,-35.8237,1.3045],[137.7459,-35.8226,5.7271],[137.7439,-35.8114,5.8512],[137.7461,-35.8009,17.681],[137.7553,-35.7934,0.5582],[137.7581,-35.7928,3.0814],[137.7601,-35.7896,0.0],[137.7728,-35.788,0.0],[137.7719,-35.7809,11.8305],[137.7785,-35.7751,1.1833],[137.7813,-35.7746,0.0],[137.7902,-35.7652,2.7346],[137.8006,-35.761,22.4308],[137.8035,-35.7576,5.0549],[137.7997,-35.7487,19.2188],[137.793,-35.7451,31.0136],[137.7925,-35.7377,4.2188],[137.786,-35.735,1.5729],[137.7839,-35.73,6.3313],[137.7843,-35.7273,4.102],[137.7803,-35.7239,1.0034],[137.7686,-35.723,16.1479],[137.7329,-35.7356,11.8944],[137.7241,-35.7342,0.0],[137.7084,-35.7387,6.9296],[137.6963,-35.7398,9.9488],[137.6679,-35.7396,5.0745],[137.6269,-35.7317,0.9376],[137.6167,-35.7352,2.2935],[137.596,-35.7353,1.7833],[137.5858,-35.7324,0.8083],[137.5779,-35.7257,0.108],[137.5771,-35.721,0.2496],[137.5834,-35.7151,0.1268],[137.5783,-35.7171,0.3596],[137.5792,-35.709,0.2853],[137.5801,-35.7076,0.4717],[137.5839,-35.7088,0.0],[137.5881,-35.7041,0.0204],[137.5909,-35.7032,0.0],[137.5909,-35.7009,0.3791],[137.6033,-35.6927,0.3346],[137.6046,-35.6882,0.0],[137.6026,-35.6861,0.6524],[137.6057,-35.6788,1.4814],[137.6214,-35.6651,0.5332],[137.6314,-35.6604,4.3613],[137.6358,-35.6602,0.0],[137.6438,-35.6538,0.6662],[137.6424,-35.6528,8.8176],[137.6412,-35.6389,0.0],[137.6389,-35.6417,3.3659],[137.6323,-35.6419,7.8131],[137.6165,-35.6361,0.0],[137.5952,-35.6425,1.2524],[137.5893,-35.6432,4.93],[137.5806,-35.6416,2.4552],[137.5775,-35.639,4.3468],[137.5779,-35.6364,0.0],[137.5752,-35.6355,0.0],[137.5731,-35.637,0.1414],[137.5698,-35.6326,0.0],[137.5704,-35.6278,1.1539],[137.5682,-35.6232,0.0],[137.5691,-35.6197,1.6137],[137.5747,-35.6128,2.5929],[137.5886,-35.6017,1.2626],[137.6063,-35.5912,5.6337],[137.6141,-35.5892,3.2916],[137.6189,-35.5899,1.5225],[137.6233,-35.5926,2.495],[137.6267,-35.5972,0.0],[137.6304,-35.5909,0.0],[137.6305,-35.5735,4.3729],[137.6344,-35.5678,11.131],[137.6341,-35.5653,9.0628],[137.6317,-35.5641,2.4538]]],
[[[136.9171,-35.3388,4.6219],[136.9167,-35.3388,0.0],[136.9165,-35.3394,0.0],[136.9173,-35.3393,4.6219],[136.9171,-35.3388,4.6219]]],
[[[136.9204,-35.3395,10.7668],[136.9223,-35.3377,0.0],[136.9181,-35.3383,4.6219],[136.9189,-35.3394,4.6219],[136.9204,-35.3395,10.7668]]],
[[[136.1155,-35.3342,1.1576],[136.1126,-35.3324,0.0],[136.1108,-35.3342,5.5103],[136.1144,-35.335,0.0],[136.115,-35.338,0.0],[136.1186,-35.34,0.0],[136.1264,-35.3401,0.0],[136.1228,-35.3352,1.7254],[136.1155,-35.3342,1.1576]]],
[[[136.8298,-35.2318,1.1985],[136.8319,-35.2317,0.8271],[136.8333,-35.2296,0.0],[136.8297,-35.2298,9.8751],[136.8288,-35.2307,9.8751],[136.8298,-35.2318,1.1985]]],
[[[136.0688,-35.2231,2.4266],[136.0652,-35.2225,0.0],[136.0618,-35.2241,2.7797],[136.0637,-35.2272,31.6572],[136.0615,-35.2269,17.9686],[136.0581,-35.2294,2.2989],[136.0555,-35.2355,2.1849],[136.0597,-35.2379,26.8675],[136.0671,-35.2388,0.0],[136.0723,-35.2375,9.0612],[136.072,-35.233,5.4923],[136.0683,-35.2291,1.6474],[136.0733,-35.2276,1.4595],[136.0704,-35.2264,4.8215],[136.0688,-35.2231,2.4266]]],
[[[136.0849,-35.2264,0.0],[136.0811,-35.2247,11.2496],[136.0762,-35.2271,7.8724],[136.0767,-35.2284,0.0],[136.0833,-35.228,0.0],[136.0849,-35.2264,0.0]]],
[[[136.119,-35.3194,0.0],[136.1183,-35.3169,3.432],[136.1152,-35.3179,1.133],[136.11,-35.3243,0.0],[136.1124,-35.3297,0.0],[136.1153,-35.3295,0.0],[136.1144,-35.325,4.0312],[136.1179,-35.3235,0.0],[136.119,-35.3194,0.0]]],
[[[136.9072,-35.3234,0.8907],[136.9087,-35.3242,0.8907],[136.9082,-35.3218,1.3635],[136.9054,-35.3203,0.3941],[136.9055,-35.3212,0.3941],[136.9072,-35.3234,0.8907]]],
[[[136.8328,-35.2132,4.0136],[136.8273,-35.2129,0.0],[136.8284,-35.2157,0.0],[136.8324,-35.2176,6.6619],[136.8353,-35.216,3.136],[136.8328,-35.2132,4.0136]]],
[[[136.8404,-35.1959,3.8907],[136.8395,-35.1943,0.0],[136.8369,-35.1948,3.9465],[136.8402,-35.1969,0.1745],[136.8404,-35.1959,3.8907]]],
[[[136.0752,-35.1657,0.0],[136.0771,-35.1656,1.4042],[136.0775,-35.1651,1.4042],[136.0741,-35.1655,0.0],[136.0752,-35.1657,0.0]]],
[[[136.4583,-35.1368,5.7971],[136.4514,-35.1345,18.9459],[136.4548,-35.1368,56.8106],[136.4531,-35.1384,65.7631],[136.4538,-35.1447,16.0249],[136.4501,-35.1481,33.4313],[136.4459,-35.1473,12.671],[136.4415,-35.1487,24.7913],[136.4428,-35.1517,44.0006],[136.4417,-35.1569,23.5306],[136.4444,-35.1603,57.3278],[136.4531,-35.1661,32.27],[136.4606,-35.1653,0.0],[136.4636,-35.1624,31.2424],[136.4687,-35.1634,0.0],[136.4713,-35.1645,102.9238],[136.4728,-35.1677,30.9373],[136.4803,-35.1697,0.0],[136.4796,-35.1716,0.2259],[136.4819,-35.1713,0.0],[136.4859,-35.176,0.0],[136.4915,-35.1757,0.0],[136.4935,-35.1669,14.0168],[136.4948,-35.1666,14.0168],[136.4923,-35.1639,58.437],[136.4941,-35.1619,30.2277],[136.493,-35.1598,55.6771],[136.4707,-35.15,2.9602],[136.462,-35.1429,1.6115],[136.4583,-35.1368,5.7971]]],
[[[136.4761,-35.1176,31.8496],[136.47,-35.1156,18.2991],[136.4681,-35.1175,34.4058],[136.4643,-35.1168,12.2698],[136.4637,-35.1182,0.0],[136.4677,-35.1224,0.0],[136.4731,-35.1235,0.0],[136.4788,-35.121,0.0],[136.4761,-35.1176,31.8496]]],
[[[136.9247,-35.0294,0.1202],[136.9259,-35.0292,0.0],[136.926,-35.0288,0.0],[136.924,-35.0287,0.1202],[136.9247,-35.0294,0.1202]]],
[[[135.9812,-35.0254,0.0],[135.9786,-35.0198,0.0],[135.9791,-35.0216,3.7117],[135.9743,-35.0279,1.8302],[135.9675,-35.0216,12.2223],[135.9656,-35.0222,0.0],[135.968,-35.0289,0.0],[135.9675,-35.0321,0.0],[135.9742,-35.0375,1.0807],[135.9776,-35.0347,1.6075],[135.983,-35.0337,0.0],[135.9812,-35.0254,0.0]]],
[[[136.1174,-34.9467,13.0138],[136.109,-34.934,1.0017],[136.1047,-34.9323,2.4844],[136.0982,-34.9401,2.2804],[136.0945,-34.9407,0.7396],[136.0919,-34.9389,0.0],[136.0908,-34.9414,4.922],[136.0828,-34.9454,0.0],[136.0788,-34.9521,1.1633],[136.0821,-34.9554,2.758],[136.0865,-34.9543,16.8108],[136.0892,-34.956,6.0578],[136.085,-34.9597,13.193],[136.0842,-34.9669,28.9745],[136.0896,-34.9689,10.7851],[136.1014,-34.9667,4.1346],[136.1099,-34.9687,2.9005],[136.1105,-34.9756,68.2032],[136.1119,-34.977,14.5891],[136.1171,-34.9784,24.9017],[136.1174,-34.9805,9.7806],[136.1219,-34.9836,11.72],[136.1379,-34.9918,44.0714],[136.1475,-34.9995,124.9481],[136.148,-35.0015,0.0],[136.1535,-35.0032,0.0],[136.1566,-35.0064,23.2324],[136.1574,-35.0089,16.5366],[136.1557,-35.0116,8.3965],[136.1585,-35.0144,72.5043],[136.1572,-35.0173,7.6492],[136.1592,-35.0208,7.1264],[136.1529,-35.0249,15.5585],[136.1474,-35.0247,3.5986],[136.1468,-35.0266,4.2216],[136.1541,-35.0348,61.6277],[136.1513,-35.0356,0.0],[136.1534,-35.0382,3.2566],[136.1521,-35.0397,0.0],[136.1558,-35.0407,42.4499],[136.1544,-35.0443,21.4682],[136.1558,-35.0472,28.709],[136.1649,-35.0544,38.6295],[136.1633,-35.0552,1.8989],[136.1679,-35.0588,0.0],[136.1716,-35.0579,24.7943],[136.1769,-35.0615,0.0],[136.179,-35.059,1.3263],[136.1781,-35.0547,20.1371],[136.1844,-35.0558,3.2641],[136.187,-35.0524,7.4421],[136.1893,-35.0523,20.5355],[136.1968,-35.0614,0.0],[136.1984,-35.0639,0.948],[136.1974,-35.0645,0.948],[136.2,-35.0654,1.0621],[136.2018,-35.0646,0.0],[136.2014,-35.0633,12.2486],[136.2033,-35.0641,0.0],[136.2024,-35.0562,9.1005],[136.2043,-35.0521,3.2195],[136.2014,-35.0511,0.0],[136.1979,-35.0524,6.6743],[136.195,-35.0499,3.5339],[136.1925,-35.0443,3.8382],[136.1924,-35.0399,3.4526],[136.1948,-35.0346,9.6068],[136.1925,-35.0337,11.5911],[136.193,-35.031,0.0],[136.1912,-35.0294,0.0],[136.1896,-35.0232,0.0],[136.1945,-35.0159,17.4618],[136.1896,-35.0105,0.0],[136.1897,-35.0044,0.0],[136.1883,-35.0041,0.0],[136.1859,-35.0076,0.0],[136.1783,-35.0066,19.6706],[136.1706,-35.0021,12.0633],[136.1689,-34.9978,1.3178],[136.1651,-34.9971,9.7482],[136.163,-34.9939,0.0],[136.158,-34.9937,17.5242],[136.1529,-34.9903,30.2143],[136.1415,-34.9788,5.0469],[136.1341,-34.9683,28.0941],[136.13,-34.9597,2.6805],[136.1295,-34.9524,0.0],[136.1239,-34.9501,13.2926],[136.1216,-34.9472,2.0831],[136.1174,-34.9467,13.0138]]],
[[[135.6234,-34.9794,1.308],[135.6174,-34.9802,4.0113],[135.619,-34.9845,43.4023],[135.6175,-34.9861,0.0],[135.6172,-34.9945,1.1617],[135.6189,-34.9976,4.2106],[135.617,-34.9971,2.9133],[135.6158,-34.9988,0.0],[135.6179,-34.9989,5.3387],[135.6175,-35.0018,0.0],[135.6196,-35.0011,0.8627],[135.6196,-34.9978,4.2106],[135.6224,-34.9963,0.0],[135.6252,-34.9892,3.182],[135.6263,-34.9821,19.7731],[135.6234,-34.9794,1.308]]],
[[[135.6843,-34.9515,0.0],[135.6844,-34.9525,0.0],[135.6849,-34.9529,0.0],[135.6849,-34.9515,0.0],[135.6843,-34.9515,0.0]]],
[[[135.8647,-34.9533,0.0],[135.8653,-34.9552,0.0],[135.8666,-34.956,2.5673],[135.866,-34.9525,0.0],[135.8647,-34.9533,0.0]]],
[[[135.8733,-34.9403,0.0],[135.8747,-34.939,0.0],[135.8741,-34.9335,0.0],[135.8709,-34.938,0.0],[135.8733,-34.9403,0.0]]],
[[[135.8737,-34.9329,0.0],[135.8738,-34.9325,0.0],[135.8732,-34.9325,0.0],[135.8732,-34.9326,0.0],[135.8737,-34.9329,0.0]]],
[[[136.0382,-34.9074,8.9917],[136.0347,-34.9051,5.0029],[136.0322,-34.9059,0.0],[136.0308,-34.9107,0.9787],[136.0272,-34.912,4.6987],[136.028,-34.917,0.0],[136.0336,-34.9178,4.3248],[136.0382,-34.9074,8.9917]]],
[[[135.875,-34.9325,0.0],[135.875,-34.9319,0.0],[135.8744,-34.9322,0.0],[135.8744,-34.9324,0.0],[135.875,-34.9325,0.0]]],
[[[135.686,-34.9478,0.2526],[135.6871,-34.9474,0.0],[135.6866,-34.9462,0.0],[135.6851,-34.9465,0.2526],[135.686,-34.9478,0.2526]]],
[[[135.6848,-34.9465,0.2526],[135.684,-34.9464,0.0],[135.6834,-34.947,0.0],[135.6841,-34.9471,0.0],[135.6848,-34.9465,0.2526]]],
[[[135.6868,-34.9459,0.0],[135.6864,-34.9455,6.0577],[135.6857,-34.9456,6.0577],[135.6862,-34.9462,6.0577],[135.6868,-34.9459,0.0]]],
[[[135.8738,-34.9436,11.5894],[135.8751,-34.9427,1.4137],[135.8742,-34.9406,0.0],[135.8678,-34.9458,9.8211],[135.8685,-34.949,3.7594],[135.8726,-34.9466,4.861],[135.8738,-34.9436,11.5894]]],
[[[136.0305,-34.9832,10.97],[136.0302,-34.9802,16.7029],[136.0279,-34.9793,0.0],[136.0265,-34.9828,6.8503],[136.0272,-34.9865,0.0],[136.0306,-34.9863,0.0],[136.0305,-34.9832,10.97]]],
[[[136.0637,-34.9575,3.4878999999999998],[136.0599,-34.9574,5.1909],[136.0506,-34.9681,0.2714],[136.0517,-34.9708,5.8299],[136.0608,-34.9679,29.4927],[136.0655,-34.9683,0.2871],[136.0664,-34.9655,36.9618],[136.0699,-34.9627,0.6484],[136.0668,-34.9585,32.439],[136.0637,-34.9575,3.4878999999999998]]],
[[[136.0303,-34.9537,5.7245],[136.0302,-34.9567,0.0],[136.0328,-34.9573,0.0],[136.0325,-34.9542,0.0],[136.0303,-34.9537,5.7245]]],
[[[136.0254,-34.9503,0.0],[136.0264,-34.9494,0.0],[136.0244,-34.9491,1.4993],[136.0245,-34.9498,0.0],[136.0254,-34.9503,0.0]]],
[[[135.855,-34.9006,2.4331],[135.8547,-34.8983,18.4092],[135.8524,-34.8981,0.0],[135.8547,-34.9015,0.0],[135.855,-34.9006,2.4331]]],
[[[136.01,-34.8937,4.2764],[136.0104,-34.8952,0.0],[136.0118,-34.8925,0.3463],[136.0113,-34.8923,0.0],[136.01,-34.8937,4.2764]]],
[[[135.847,-34.8885,0.0],[135.8474,-34.8893,14.343],[135.8486,-34.8893,14.343],[135.8478,-34.8875,3.9874],[135.847,-34.8885,0.0]]],
[[[135.85,-34.8879,0.0],[135.8501,-34.8873,0.0],[135.8494,-34.8875,0.0],[135.8496,-34.8879,0.0],[135.85,-34.8879,0.0]]],
[[[136.0075,-34.8582,0.0],[136.0082,-34.8597,1.4758],[136.0095,-34.8603,1.4758],[136.0085,-34.8565,5.4373],[136.0075,-34.8582,0.0]]],
[[[136.2136,-34.8153,0.3062],[136.2123,-34.8148,1.0055],[136.2111,-34.8151,0.0],[136.2126,-34.8157,1.0055],[136.2136,-34.8153,0.3062]]],
[[[136.0141,-34.8754,0.0],[136.0124,-34.8665,13.6667],[136.0092,-34.8652,15.5697],[136.0061,-34.8666,21.1432],[136.0007,-34.8728,1.3335],[136.0014,-34.8814,3.4989],[136.0054,-34.8846,0.0],[136.0069,-34.8895,10.903],[136.0102,-34.8913,0.0],[136.0129,-34.8899,3.0485],[136.0146,-34.8826,0.0],[136.0128,-34.8797,29.4566],[136.0141,-34.8754,0.0]]],
[[[135.0372,-34.7855,1.529],[135.0366,-34.7861,1.529],[135.0367,-34.7865,0.4822],[135.0379,-34.7858,1.529],[135.0372,-34.7855,1.529]]],
[[[135.037,-34.7824,0.0],[135.0325,-34.781,0.0],[135.0303,-34.784,7.4873],[135.0339,-34.7852,61.1656],[135.037,-34.7824,0.0]]],
[[[135.0312,-34.7791,0.0],[135.0319,-34.7796,0.0],[135.0324,-34.7782,0.0],[135.0317,-34.7782,0.0],[135.0312,-34.7791,0.0]]],
[[[135.87,-34.7769,5.9304],[135.8685,-34.7792,2.7179],[135.8734,-34.7787,3.9848],[135.8769,-34.7764,0.0],[135.8794,-34.7731,4.1198],[135.879,-34.77,4.1861],[135.8736,-34.7716,0.0],[135.8729,-34.7747,4.1986],[135.87,-34.7769,5.9304]]],
[[[135.0283,-34.7754,61.2026],[135.031,-34.7772,19.6124],[135.0318,-34.7761,47.5326],[135.0308,-34.7668,0.4654],[135.0295,-34.7677,0.0],[135.0303,-34.77,16.18],[135.0283,-34.7754,61.2026]]],
[[[138.5156,-34.7559,1.026],[138.5118,-34.7555,0.531],[138.5094,-34.7575,0.0],[138.512,-34.7577,3.0505],[138.5156,-34.7559,1.026]]],
[[[135.0421,-34.7579,53.0946],[135.0456,-34.7572,9.139],[135.0464,-34.7526,10.671],[135.0423,-34.7539,5.8916],[135.0381,-34.759,0.0],[135.0421,-34.7579,53.0946]]],
[[[138.5399,-34.8047,1.4634],[138.538,-34.8015,2.6807],[138.5327,-34.8028,0.6076],[138.5243,-34.8101,0.5356],[138.538,-34.8117,1.6262],[138.5441,-34.8061,0.0],[138.5399,-34.8047,1.4634]]],
[[[138.5206,-34.7591,0.5004],[138.5167,-34.7564,2.8377],[138.5135,-34.7582,0.0],[138.5189,-34.7632,0.4968],[138.5225,-34.7697,1.4787],[138.5161,-34.7969,2.2831],[138.5186,-34.8056,1.9517],[138.5235,-34.809,1.7671],[138.5293,-34.8019,3.8138],[138.538,-34.8001,1.4858],[138.5452,-34.802,5.08],[138.5463,-34.799,3.6084],[138.5413,-34.7873,0.0],[138.5295,-34.7741,2.8623],[138.5206,-34.7591,0.5004]]],
[[[135.9538,-34.7494,1.8537],[135.956,-34.7496,0.0],[135.9566,-34.749,0.0],[135.955,-34.7477,0.0],[135.9538,-34.7494,1.8537]]],
[[[135.9559,-34.7435,0.718],[135.9557,-34.7408,1.0708],[135.9526,-34.7413,6.1932],[135.9532,-34.7424,6.1932],[135.9559,-34.7435,0.718]]],
[[[135.1675,-34.7205,15.0515],[135.1663,-34.7192,28.0154],[135.1624,-34.7195,0.0],[135.1647,-34.7224,1.8334],[135.1538,-34.7262,21.7629],[135.1548,-34.7283,7.413],[135.1505,-34.7324,0.0],[135.1523,-34.7337,0.0],[135.1578,-34.7318,0.0],[135.1593,-34.7274,38.6408],[135.1675,-34.7205,15.0515]]],
[[[135.9993,-34.7207,0.7238],[135.9982,-34.7205,0.7238],[135.9981,-34.7217,0.0],[135.9992,-34.7214,0.0],[135.9993,-34.7207,0.7238]]],
[[[135.2917,-34.704,0.0],[135.2864,-34.7028,0.6256],[135.2868,-34.7054,30.8647],[135.2828,-34.708,0.0],[135.2831,-34.7092,0.0],[135.2871,-34.7102,0.0],[135.2918,-34.7068,0.0],[135.2917,-34.704,0.0]]],
[[[135.9181,-34.6758,0.0],[135.9169,-34.6731,0.0],[135.9137,-34.6778,0.257],[135.9135,-34.6838,2.7812],[135.9155,-34.6905,3.1745],[135.9114,-34.6956,2.4682],[135.9181,-34.6978,12.4421],[135.9234,-34.7019,3.5558],[135.9212,-34.7132,7.6457],[135.927,-34.7176,5.5456],[135.9266,-34.7216,1.9881],[135.9317,-34.7254,2.2479],[135.9292,-34.7284,0.0],[135.929,-34.7328,1.1129],[135.9373,-34.7197,0.8463],[135.9426,-34.7211,5.3729],[135.9482,-34.7267,0.0],[135.9526,-34.7248,0.0],[135.9529,-34.7234,0.0],[135.9491,-34.7217,7.2093],[135.9475,-34.7146,9.867],[135.9451,-34.713,7.1601],[135.9416,-34.7136,4.0873],[135.9399,-34.7116,0.7032],[135.9409,-34.7073,3.6771],[135.9393,-34.7054,7.867],[135.9391,-34.6991,12.2116],[135.9429,-34.6943,5.4889],[135.9398,-34.6922,2.0259],[135.9387,-34.6877,1.4061],[135.9329,-34.6856,16.5401],[135.9314,-34.681,0.4329],[135.9214,-34.6831,4.8545],[135.9183,-34.6793,0.0],[135.9181,-34.6758,0.0]]],
[[[135.0805,-34.7553,0.0],[135.082,-34.7546,0.0],[135.0807,-34.7529,1.5781],[135.0789,-34.7547,0.0],[135.0805,-34.7553,0.0]]],
[[[135.3341,-34.7013,0.3685],[135.3361,-34.7005,8.0779],[135.3366,-34.6983,10.4953],[135.3295,-34.6997,0.9374],[135.3298,-34.701,0.9374],[135.3272,-34.7014,14.0318],[135.3253,-34.704,2.1261],[135.33,-34.702,14.3301],[135.332,-34.7028,9.2058],[135.3341,-34.7013,0.3685]]],
[[[136.2758,-34.6768,5.2243],[136.2694,-34.6756,2.1789],[136.2671,-34.6731,2.3144],[136.2657,-34.6803,0.0],[136.2698,-34.6835,1.0075],[136.2728,-34.6835,0.6467],[136.2726,-34.679,6.3442],[136.2797,-34.6816,-0.0031],[136.2758,-34.6768,5.2243]]],
[[[136.3447,-34.6506,2.4413],[136.3352,-34.6509,0.0],[136.3311,-34.6558,2.4893],[136.3295,-34.6627,4.9809],[136.3365,-34.6709,0.0],[136.3409,-34.6722,1.077],[136.3421,-34.6799,0.0],[136.3445,-34.6826,0.6695],[136.347,-34.683,0.0],[136.3477,-34.6795,0.0],[136.3442,-34.6755,4.769],[136.3451,-34.6723,1.9241],[136.3503,-34.6692,1.3859],[136.3522,-34.6652,3.2834],[136.358,-34.6651,0.0],[136.3591,-34.6638,2.3535],[136.3537,-34.6588,5.89],[136.3558,-34.6563,0.0],[136.3537,-34.6537,1.0998],[136.3447,-34.6506,2.4413]]]]}
,"properties": {"GID_1": "AUS.8_1","GID_0": "AUS","country": "Australia","state": "SouthAustralia","VARNAME_1": "NA","NL_NAME_1": "NA","TYPE_1": "State","ENGTYPE_1": "State","CC_1": "4","HASC_1": "AU.SA","ISO_1": "AU-SA","name": "SouthAustralia.state","area_km2": 985297.46,"hist_schema_id": "Elevation0-9000","hist_area_km2": {"-25": 8167.08,"0": 45002.11,"25": 125081.85,"50": 98592.85,"75": 85142.88,"100": 81455.42,"125": 81511.31,"150": 74719.77,"175": 61071.76,"200": 45561.36,"225": 34622.37,"250": 28236.85,"275": 24333.17,"300": 21127.18,"325": 18196.64,"350": 16490.67,"375": 17127.3,"400": 15817.31,"425": 14206.96,"450": 12776.22,"475": 10736.03,"500": 10183.46,"525": 10269.58,"550": 9925.17,"575": 7952.94,"600": 6205.92,"625": 5340.34,"650": 4254.61,"675": 3040.77,"700": 2595.12,"725": 1647.5,"750": 1064.75,"775": 650.28,"800": 427.37,"825": 321.78,"850": 255.65,"875": 213.6,"900": 176.58,"925": 148.91,"950": 125.74,"975": 103.7,"1000": 89.15,"1025": 77.03,"1050": 62.63,"1075": 49.19,"1100": 39.99,"1125": 30.42,"1150": 24.03,"1175": 17.77,"1200": 13.48,"1225": 8.39}}}