{"type":"Feature","properties":{"GID_1":"AUS.10_1","GID_0":"AUS","country":"Australia","state":"Victoria","VARNAME_1":"NA","NL_NAME_1":"NA","TYPE_1":"State","ENGTYPE_1":"State","CC_1":"2","HASC_1":"AU.VI","ISO_1":"AU-VIC","name":"Victoria.state"},
"geometry":{"type": "MultiPolygon","coordinates": [[[[146.2962,-39.157,2.1051],[146.294,-39.1561,0.0],[146.2926,-39.1583,3.4576],[146.2949,-39.159,-2.8663],[146.2962,-39.157,2.1051]]],
[[[146.2992,-39.1544,0.0],[146.2985,-39.1552,0.0249],[146.2985,-39.1556,0.0249],[146.2993,-39.1553,0.0249],[146.2992,-39.1544,0.0]]],
[[[146.3022,-39.1532,0.0],[146.3019,-39.1542,0.0],[146.3027,-39.1543,0.0],[146.3029,-39.1538,0.0],[146.3022,-39.1532,0.0]]],
[[[146.3651,-39.138,27.907],[146.3571,-39.1377,0.0],[146.3562,-39.1389,6.3139],[146.3595,-39.1408,4.3776],[146.3681,-39.14,2.1486],[146.3651,-39.138,27.907]]],
[[[146.311,-39.1521,3.5278],[146.3089,-39.15,1.5477],[146.3066,-39.1525,7.5832],[146.3107,-39.1581,5.8761],[146.3144,-39.1583,4.0867],[146.3154,-39.1566,3.582],[146.3128,-39.1554,4.0333],[146.311,-39.1521,3.5278]]],
[[[146.3052,-39.1518,0.0],[146.3056,-39.1517,0.0],[146.3045,-39.1512,0.0],[146.3044,-39.1516,0.0],[146.3052,-39.1518,0.0]]],
[[[144.6844,-38.2444,0.0],[144.6858,-38.2458,0.5216],[144.6877,-38.2454,0.0],[144.6866,-38.2444,0.0],[144.6844,-38.2444,0.0]]],
[[[144.903,-37.8497,0.0],[144.9034,-37.8499,0.0],[144.9039,-37.85,0.0],[144.9033,-37.8498,0.0],[144.903,-37.8497,0.0]]],
[[[149.9063,-37.549,0.0],[149.9047,-37.5484,0.0],[149.9087,-37.5563,5.1484],[149.9082,-37.5585,14.8755],[149.9046,-37.5589,0.0],[149.9056,-37.5665,8.8745],[149.9102,-37.5693,4.9582],[149.9177,-37.5691,5.9093],[149.9162,-37.5633,3.9872],[149.9181,-37.5633,0.0],[149.9181,-37.5612,0.0],[149.9153,-37.5592,3.3078],[149.914,-37.5555,0.0],[149.9063,-37.549,0.0]]],
[[[149.846,-37.5571,0.0],[149.8448,-37.5546,0.0],[149.8432,-37.5569,0.0],[149.845,-37.5575,0.0],[149.846,-37.5571,0.0]]],
[[[144.7313,-38.3503,10.9911],[144.7314,-38.3504,10.9911],[144.7315,-38.3503,10.9911],[144.7314,-38.3502,10.9911],[144.7313,-38.3503,10.9911]]],
[[[144.7341,-38.3523,2.5345],[144.734,-38.3525,2.5345],[144.7344,-38.3522,2.5345],[144.7342,-38.3522,2.5345],[144.7341,-38.3523,2.5345]]],
[[[144.6379,-38.2673,0.0588],[144.6385,-38.2675,0.0588],[144.6389,-38.2674,0.0588],[144.6385,-38.2667,0.0588],[144.6379,-38.2673,0.0588]]],
[[[144.666,-38.2594,0.3035],[144.6663,-38.2571,0.0],[144.6619,-38.2589,0.072],[144.6645,-38.26,0.0732],[144.666,-38.2594,0.3035]]],
[[[144.6393,-38.2673,0.0588],[144.6396,-38.2676,0.0588],[144.6399,-38.2675,0.0],[144.6395,-38.2673,0.0588],[144.6393,-38.2673,0.0588]]],
[[[145.2086,-38.3331,0.0],[145.2128,-38.3291,9.192],[145.2114,-38.3268,7.7695],[145.2081,-38.328,5.9745],[145.2086,-38.3331,0.0]]],
[[[144.6792,-38.2505,1.0819],[144.6782,-38.2475,0.1544],[144.6812,-38.2402,0.0],[144.6793,-38.2376,0.0],[144.6665,-38.2499,0.2395],[144.6636,-38.2509,0.0935],[144.6636,-38.2543,0.8327],[144.6677,-38.2561,0.2442],[144.6685,-38.2594,0.1398],[144.6672,-38.2619,0.4024],[144.6719,-38.2644,0.0],[144.673,-38.2628,0.0],[144.6705,-38.2598,0.2538],[144.6699,-38.2629,2.638],[144.6677,-38.2621,0.4024],[144.6698,-38.2579,0.1678],[144.6688,-38.259,0.0],[144.6678,-38.255,0.2442],[144.6725,-38.2552,1.215],[144.6708,-38.2574,0.7957],[144.6801,-38.2529,0.9512],[144.6889,-38.2516,0.5055],[144.6979,-38.2481,0.0],[144.7021,-38.2434,0.0],[144.6966,-38.2412,0.0],[144.6897,-38.2428,0.0],[144.6885,-38.243899999999996,0.0679],[144.6899,-38.2446,0.8039],[144.6893,-38.2467,0.6498],[144.6823,-38.2478,0.0],[144.6792,-38.2505,1.0819]]],
[[[143.0813,-38.655,0.0],[143.0813,-38.6556,0.0],[143.0821,-38.6556,0.0],[143.082,-38.6551,0.0],[143.0813,-38.655,0.0]]],
[[[143.0879,-38.658,0.0],[143.0878,-38.6585,0.0],[143.0885,-38.6585,0.0],[143.0885,-38.6581,0.0],[143.0879,-38.658,0.0]]],
[[[143.0956,-38.6608,0.0],[143.0953,-38.661,0.0],[143.0954,-38.6613,0.0],[143.0958,-38.6611,0.0],[143.0956,-38.6608,0.0]]],
[[[143.0998,-38.6626,0.0],[143.0997,-38.6624,0.0],[143.0995,-38.6625,0.0],[143.0996,-38.6626,0.0],[143.0998,-38.6626,0.0]]],
[[[143.1011,-38.6633,0.0],[143.1007,-38.6633,0.0],[143.1007,-38.6635,0.0],[143.1011,-38.6635,0.0],[143.1011,-38.6633,0.0]]],
[[[143.1031,-38.6646,0.0],[143.1028,-38.6644,29.5017],[143.1027,-38.6645,29.5017],[143.103,-38.6648,0.0],[143.1031,-38.6646,0.0]]],
[[[146.7766,-38.6567,0.724],[146.7729,-38.6581,0.8374],[146.7773,-38.6573,0.724],[146.7791,-38.6601,0.2801],[146.783,-38.6582,0.0],[146.7779,-38.6572,0.7825],[146.7766,-38.6567,0.724]]],
[[[143.0757,-38.6523,0.0],[143.0757,-38.652,0.0],[143.0753,-38.6522,0.0],[143.0754,-38.6523,0.0],[143.0757,-38.6523,0.0]]],
[[[143.0768,-38.6515,0.0],[143.0766,-38.6513,0.0],[143.0762,-38.6517,0.0],[143.0764,-38.6517,0.0],[143.0768,-38.6515,0.0]]],
[[[143.0755,-38.6513,0.0],[143.0754,-38.651,4.2344],[143.0752,-38.6511,4.2344],[143.0753,-38.6513,0.0],[143.0755,-38.6513,0.0]]],
[[[143.0746,-38.6509,4.2344],[143.0743,-38.6508,4.2344],[143.0741,-38.6508,4.2344],[143.0744,-38.6513,0.0],[143.0746,-38.6509,4.2344]]],
[[[143.0569,-38.6447,3.6305],[143.057,-38.6445,1.0995],[143.0565,-38.6448,3.6305],[143.0567,-38.6448,3.6305],[143.0569,-38.6447,3.6305]]],
[[[143.0481,-38.6414,0.0],[143.0482,-38.6411,2.9112],[143.0469,-38.6411,0.0],[143.0476,-38.6416,0.0],[143.0481,-38.6414,0.0]]],
[[[146.853,-38.6358,0.0],[146.8528,-38.636,0.0],[146.8528,-38.6363,0.0],[146.8533,-38.6356,0.0],[146.853,-38.6358,0.0]]],
[[[143.0221,-38.6292,0.0],[143.0218,-38.6294,0.0],[143.0219,-38.6302,0.0],[143.0227,-38.6291,5.9926],[143.0221,-38.6292,0.0]]],
[[[146.8809,-38.61,0.0],[146.8803,-38.6105,0.7951],[146.8789,-38.6103,0.7951],[146.8815,-38.6107,0.0],[146.8809,-38.61,0.0]]],
[[[146.8752,-38.6327,0.9726],[146.8777,-38.6313,0.319],[146.8787,-38.6283,0.0],[146.8757,-38.6323,0.9726],[146.874,-38.6321,0.8295],[146.8759,-38.63,0.7572],[146.8722,-38.6317,0.2209],[146.8752,-38.6327,0.9726]]],
[[[143.0728,-38.6495,15.4139],[143.0721,-38.6501,2.4608],[143.0719,-38.6505,2.4608],[143.0731,-38.6498,2.4608],[143.0728,-38.6495,15.4139]]],
[[[143.0631,-38.6493,0.0],[143.0659,-38.6487,0.0],[143.0636,-38.6485,0.0743],[143.0617,-38.6498,0.0],[143.0631,-38.6493,0.0]]],
[[[143.0703,-38.6486,7.0904],[143.0686,-38.6496,0.0],[143.0702,-38.6492,7.0904],[143.0709,-38.6484,7.0904],[143.0703,-38.6486,7.0904]]],
[[[146.8764,-38.6407,0.0],[146.879,-38.6381,0.0],[146.8723,-38.6408,0.705],[146.8639,-38.6385,0.2364],[146.8548,-38.6469,0.8582],[146.8483,-38.6492,0.0],[146.8471,-38.6515,1.6596],[146.8466,-38.6503,0.3742],[146.8421,-38.6535,0.7698],[146.8393,-38.6533,0.6884],[146.8407,-38.6525,0.1758],[146.8356,-38.6541,0.3561],[146.8366,-38.6558,0.5085],[146.8513,-38.656,4.6707],[146.8536,-38.6534,10.0809],[146.8563,-38.652,3.4407],[146.8581,-38.6527,1.7949],[146.8538,-38.6534,10.0809],[146.8534,-38.6547,1.8427],[146.8515,-38.6562,4.6707],[146.8528,-38.6559,1.8427],[146.8495,-38.6571,0.5298],[146.8447,-38.6622,2.6366],[146.8382,-38.6651,2.4332],[146.8337,-38.677,0.0],[146.8284,-38.6795,0.0],[146.8331,-38.6795,0.0],[146.8683,-38.6461,9.2751],[146.8764,-38.6407,0.0]]],
[[[143.0837,-38.6538,19.3125],[143.0835,-38.6537,19.3125],[143.0835,-38.6539,19.3125],[143.0837,-38.654,19.3125],[143.0837,-38.6538,19.3125]]],
[[[146.8238,-38.6141,0.7553],[146.8244,-38.6123,0.1392],[146.8191,-38.6132,1.0027],[146.8161,-38.616,0.0],[146.8104,-38.6163,0.7688],[146.8085,-38.6186,0.0],[146.8033,-38.6203,0.4299],[146.8016,-38.6235,1.0564],[146.802,-38.6311,1.3372],[146.8005,-38.6333,3.5498],[146.7981,-38.6334,2.1572],[146.7955,-38.6304,0.5805],[146.7913,-38.6324,0.0],[146.7948,-38.641,2.3813],[146.7941,-38.6455,0.1749],[146.8092,-38.6488,0.59],[146.8083,-38.6475,2.6305],[146.8137,-38.6481,0.8079],[146.8113,-38.649,0.7683],[146.8125,-38.6497,0.0],[146.8198,-38.6506,0.4318],[146.8229,-38.6503,0.4691],[146.8232,-38.6494,0.4504],[146.8206,-38.6503,0.4318],[146.8199,-38.6486,0.7139],[146.8147,-38.6491,0.8079],[146.8315,-38.6415,0.7969],[146.8536,-38.6344,1.6515],[146.8595,-38.6306,1.8587],[146.8694,-38.6295,1.7111],[146.8782,-38.6265,0.3539],[146.8806,-38.617,0.4505],[146.8794,-38.615,0.0],[146.8659,-38.6164,2.1543],[146.8514,-38.6124,0.2505],[146.845,-38.6141,0.5998],[146.8436,-38.6175,0.0],[146.8281,-38.616,0.3926],[146.827,-38.6178,0.3733],[146.8315,-38.6193,0.9599],[146.8253,-38.6207,0.7496],[146.8238,-38.6141,0.7553]]],
[[[144.8883,-38.5028,0.0],[144.8886,-38.5028,0.0],[144.8881,-38.5026,0.0],[144.888,-38.5029,0.0],[144.8883,-38.5028,0.0]]],
[[[144.8886,-38.5,0.0],[144.8886,-38.5004,0.0],[144.8896,-38.5008,0.1082],[144.8895,-38.4998,0.1082],[144.8886,-38.5,0.0]]],
[[[144.8858,-38.4973,0.0],[144.886,-38.4974,0.0],[144.8862,-38.4973,0.0],[144.8861,-38.4972,0.0],[144.8858,-38.4973,0.0]]],
[[[144.8857,-38.4969,0.0],[144.8856,-38.4969,0.0],[144.8857,-38.497,0.0],[144.8858,-38.4969,0.0],[144.8857,-38.4969,0.0]]],
[[[144.885,-38.4959,0.0],[144.8847,-38.4961,0.0],[144.8852,-38.4964,0.0],[144.8853,-38.4961,0.0],[144.885,-38.4959,0.0]]],
[[[145.3475,-38.5633,0.3148],[145.3475,-38.5632,0.3148],[145.3474,-38.5631,0.3148],[145.3474,-38.5633,0.3148],[145.3475,-38.5633,0.3148]]],
[[[145.3442,-38.5615,0.0],[145.344,-38.5614,0.0],[145.3439,-38.5615,0.0],[145.3442,-38.5617,0.0],[145.3442,-38.5615,0.0]]],
[[[145.1121,-38.5187,4.1923],[145.1106,-38.5182,15.6212],[145.1095,-38.5185,15.6212],[145.1107,-38.5197,0.0],[145.1121,-38.5187,4.1923]]],
[[[145.1146,-38.5183,1.2713],[145.1137,-38.5186,1.2713],[145.1137,-38.5187,1.2713],[145.1143,-38.5188,1.2713],[145.1146,-38.5183,1.2713]]],
[[[145.3481,-38.4218,0.0],[145.3483,-38.4216,0.0],[145.3481,-38.4214,0.0],[145.3479,-38.4217,0.0],[145.3481,-38.4218,0.0]]],
[[[142.0131,-38.414,5.8051],[142.0134,-38.4118,8.4923],[142.0076,-38.4117,19.5102],[142.0004,-38.4132,26.721],[141.9935,-38.4174,0.0],[141.9961,-38.418,38.4186],[141.9978,-38.4219,38.276],[141.9962,-38.4236,14.7152],[141.9984,-38.4234,35.5363],[141.999,-38.4254,0.0],[142.0131,-38.414,5.8051]]],
[[[145.3674,-38.4143,0.0],[145.3661,-38.4164,0.0],[145.3685,-38.4191,3.4737],[145.3721,-38.4176,0.7845],[145.3694,-38.4147,12.3174],[145.3695,-38.4114,5.3597],[145.3674,-38.4143,0.0]]],
[[[144.7878,-38.3934,0.0],[144.7876,-38.3934,0.0],[144.7875,-38.3936,0.0],[144.7878,-38.3937,0.0],[144.7878,-38.3934,0.0]]],
[[[144.7402,-38.3585,0.0],[144.7403,-38.3585,0.0],[144.7404,-38.3585,0.0],[144.7403,-38.3584,0.0],[144.7402,-38.3585,0.0]]],
[[[144.7408,-38.3584,0.0],[144.7407,-38.3582,0.0],[144.7405,-38.3583,0.0],[144.7406,-38.3583,0.0],[144.7408,-38.3584,0.0]]],
[[[144.7403,-38.3571,0.0],[144.7401,-38.357,0.0],[144.74,-38.3572,0.0],[144.7403,-38.3573,0.0],[144.7403,-38.3571,0.0]]],
[[[144.7409,-38.3558,9.8806],[144.7406,-38.3558,0.0],[144.7404,-38.3559,0.0],[144.741,-38.356,9.8806],[144.7409,-38.3558,9.8806]]],
[[[145.3391,-38.4967,8.3139],[145.3369,-38.4936,3.1528],[145.333,-38.4995,0.0],[145.3358,-38.5019,4.4004],[145.3402,-38.5023,6.9941],[145.3461,-38.5087,0.3365],[145.3458,-38.5043,0.0],[145.3434,-38.5036,4.2427],[145.3422,-38.4994,0.6344],[145.3391,-38.4967,8.3139]]],
[[[144.8848,-38.4958,0.0],[144.8846,-38.4956,0.0],[144.8844,-38.4959,0.0],[144.8845,-38.496,0.0],[144.8848,-38.4958,0.0]]],
[[[144.8854,-38.4957,0.0],[144.8856,-38.4957,0.0],[144.8856,-38.4956,0.0],[144.8854,-38.4956,0.0],[144.8854,-38.4957,0.0]]],
[[[144.8857,-38.4952,0.0],[144.8859,-38.4952,0.0],[144.8859,-38.4951,0.0],[144.8857,-38.4951,0.0],[144.8857,-38.4952,0.0]]],
[[[144.886,-38.4947,0.0],[144.886,-38.4945,6.5459],[144.8858,-38.4946,0.0],[144.8857,-38.4947,0.0],[144.886,-38.4947,0.0]]],
[[[144.9072,-38.4929,0.0],[144.907,-38.4928,0.0],[144.9074,-38.4931,0.0],[144.9072,-38.4929,0.0]]],
[[[145.2948,-38.4555,0.5757],[145.2963,-38.4547,0.5109],[145.2891,-38.455,0.6049],[145.2918,-38.4549,0.5739],[145.2948,-38.4555,0.5757]]],
[[[144.9067,-38.4935,0.1378],[144.9073,-38.4937,0.1378],[144.9074,-38.4935,0.0],[144.9069,-38.4933,0.1378],[144.9067,-38.4935,0.1378]]],
[[[144.8945,-38.4936,0.0],[144.8944,-38.4933,0.0],[144.8942,-38.4933,0.0],[144.8942,-38.4936,0.0],[144.8945,-38.4936,0.0]]],
[[[144.9065,-38.493,0.1378],[144.9061,-38.4932,0.1378],[144.9062,-38.4935,0.1378],[144.9069,-38.493,0.1378],[144.9065,-38.493,0.1378]]],
[[[145.3508,-38.5657,4.2133],[145.3509,-38.5659,4.2133],[145.3511,-38.5658,4.2133],[145.351,-38.5657,4.2133],[145.3508,-38.5657,4.2133]]],
[[[145.2424,-38.4471,1.2682],[145.2403,-38.4475,0.0],[145.24,-38.4458,0.0],[145.2394,-38.4459,0.0],[145.2398,-38.4471,0.0],[145.2291,-38.4499,3.2233],[145.2145,-38.4488,2.9403],[145.2005,-38.4509,0.0],[145.1938,-38.4565,4.1962],[145.1745,-38.4649,5.3328],[145.1682,-38.4664,18.9431],[145.1654,-38.4654,0.0],[145.1652,-38.468,12.2415],[145.156,-38.4755,0.0],[145.1557,-38.4795,0.0],[145.1524,-38.4829,3.336],[145.1522,-38.4887,18.9417],[145.1483,-38.4923,2.3691],[145.149,-38.4985,0.0],[145.1471,-38.5032,9.2256],[145.1439,-38.5057,2.1783],[145.1389,-38.5058,2.2497],[145.1335,-38.5084,8.125],[145.1274,-38.5055,2.2707],[145.1253,-38.5095,0.0],[145.1211,-38.511,0.0],[145.121,-38.5136,1.8917],[145.1162,-38.5185,0.7607],[145.1197,-38.5195,5.6654],[145.1284,-38.5166,4.9568],[145.1302,-38.5182,0.0],[145.1323,-38.5162,24.3226],[145.1317,-38.5178,7.3055],[145.1334,-38.5166,7.3055],[145.1329,-38.5183,0.0],[145.1421,-38.5149,2.5956],[145.1454,-38.5164,0.0],[145.1493,-38.5144,24.4179],[145.15,-38.5107,12.2061],[145.1538,-38.5095,10.6008],[145.1636,-38.5105,4.4094],[145.1658,-38.5138,1.348],[145.1687,-38.5131,0.0],[145.1675,-38.5107,14.2126],[145.1707,-38.5096,0.4985],[145.1725,-38.5101,0.4985],[145.1745,-38.5143,2.4469],[145.184,-38.513,0.0],[145.1871,-38.5158,0.0],[145.1918,-38.5147,0.0],[145.1946,-38.5157,1.725],[145.1949,-38.5186,0.0],[145.2009,-38.5166,5.1571],[145.2036,-38.5173,2.3685],[145.2083,-38.5209,12.4178],[145.2092,-38.5251,0.0],[145.2167,-38.5244,28.7011],[145.2212,-38.53,0.0],[145.2228,-38.5257,4.1003],[145.2272,-38.5238,4.3128],[145.2303,-38.5208,12.2202],[145.2288,-38.5199,12.2202],[145.2305,-38.5189,0.0],[145.2298,-38.518,22.6883],[145.2326,-38.5167,0.0],[145.2321,-38.5157,17.2846],[145.2336,-38.5163,0.0],[145.233,-38.5128,14.0719],[145.2353,-38.5121,1.8288],[145.2354,-38.5095,25.4971],[145.2401,-38.5068,4.366],[145.246,-38.5077,29.0263],[145.2472,-38.5049,6.1567],[145.2546,-38.5038,10.3847],[145.2633,-38.5081,0.4784],[145.2696,-38.507,1.4875],[145.2714,-38.5049,2.6234],[145.2744,-38.5087,5.5755],[145.2851,-38.5097,0.0],[145.2966,-38.5136,7.605],[145.3164,-38.5242,5.0638],[145.3353,-38.54,0.0],[145.344,-38.5494,3.5059],[145.3466,-38.5557,20.8336],[145.342,-38.5585,1.9421],[145.3441,-38.5598,5.0494],[145.3448,-38.5624,0.0],[145.3504,-38.5632,19.6601],[145.3516,-38.5672,0.0],[145.3609,-38.5661,9.6554],[145.3585,-38.56,0.0],[145.3618,-38.558,0.0],[145.3612,-38.5563,35.1947],[145.3643,-38.5534,0.0],[145.3635,-38.5513,3.6048],[145.3559,-38.55,8.0772],[145.3537,-38.5463,21.6976],[145.344,-38.5402,2.2697],[145.3409,-38.5353,3.6718],[145.3438,-38.5252,0.0],[145.3462,-38.5219,0.0],[145.35,-38.5192,5.3638],[145.3619,-38.5169,3.4363],[145.3637,-38.5155,0.7551],[145.3629,-38.5126,0.0],[145.3602,-38.512,3.3172],[145.3628,-38.512,0.0],[145.3593,-38.5113,11.2152],[145.3576,-38.5084,5.1934],[145.3522,-38.5091,0.7075],[145.35,-38.507,0.3054],[145.3498,-38.5092,1.4881],[145.3473,-38.5103,1.4793],[145.344,-38.509,0.0],[145.3402,-38.5098,2.4887],[145.3328,-38.5048,4.0697],[145.3228,-38.5072,0.0],[145.3202,-38.5094,0.0],[145.3174,-38.5084,0.5792],[145.3161,-38.5099,2.1975],[145.2979,-38.5071,1.4367],[145.2965,-38.5047,0.9001],[145.2972,-38.4998,1.1094],[145.2999,-38.4966,3.9004],[145.3051,-38.4971,0.6152],[145.307,-38.4942,1.7565],[145.304,-38.49,4.1641],[145.3055,-38.4854,0.8138],[145.3036,-38.4851,2.7955],[145.2996,-38.4888,1.1429],[145.2932,-38.4885,1.0708],[145.291,-38.4866,1.3922],[145.2907,-38.4805,3.3114],[145.2971,-38.4761,9.6894],[145.3021,-38.4669,4.1336],[145.3101,-38.4657,0.0],[145.3098,-38.4597,3.7996],[145.2962,-38.4571,0.2306],[145.2925,-38.4582,13.537],[145.2901,-38.4567,3.2731],[145.287,-38.4599,3.2546],[145.2809,-38.4613,1.6448],[145.2865,-38.4591,1.3003],[145.2868,-38.4571,1.1866],[145.2848,-38.4559,0.9834],[145.2761,-38.4613,1.5751],[145.2733,-38.4594,1.5349],[145.2788,-38.4577,1.4523],[145.2791,-38.4544,4.1898],[145.287,-38.4542,1.2944],[145.2943,-38.452,1.3757],[145.3025,-38.4538,0.0],[145.2986,-38.4515,1.8857],[145.2899,-38.4501,3.3105],[145.2743,-38.4512,0.0],[145.2424,-38.4471,1.2682]]],
[[[145.3041,-38.2825,0.6461],[145.2911,-38.2833,0.7574],[145.2887,-38.2873,0.3133],[145.2891,-38.2937,1.2136],[145.2915,-38.2938,1.3403],[145.2873,-38.2962,1.008],[145.2865,-38.3028,1.3933],[145.29,-38.3029,1.4582],[145.2894,-38.3037,1.3835],[145.2867,-38.3034,1.3313],[145.286,-38.3056,1.3433],[145.2869,-38.3073,1.2614],[145.2917,-38.3079,1.1527],[145.2946,-38.3059,2.0174],[145.2964,-38.3057,4.081],[145.2976,-38.3093,2.2613],[145.2953,-38.3112,2.6698],[145.2953,-38.3102,2.6698],[145.2974,-38.3091,2.2613],[145.2964,-38.3079,1.6425],[145.296,-38.3058,2.0174],[145.2922,-38.3082,1.6502],[145.2883,-38.3081,1.2762],[145.2828,-38.3206,0.5268],[145.2812,-38.3365,0.0],[145.2735,-38.3577,0.0],[145.2735,-38.3644,0.0],[145.2772,-38.3731,0.6913],[145.2773,-38.3789,0.8222],[145.2746,-38.382,4.3115],[145.2711,-38.3829,0.0],[145.2758,-38.3851,1.393],[145.2767,-38.3917,1.6141],[145.2752,-38.3935,0.1912],[145.2743,-38.3982,1.6242],[145.2714,-38.4014,0.9791],[145.2656,-38.4028,0.0],[145.2697,-38.4033,1.6601],[145.2712,-38.4067,0.0],[145.2699,-38.4089,0.0],[145.2713,-38.4095,0.0],[145.2746,-38.409,0.0],[145.2764,-38.4061,0.7149],[145.2813,-38.4044,1.2652],[145.2781,-38.3967,1.378],[145.2754,-38.3949,0.5956],[145.2827,-38.3973,1.2267],[145.2871,-38.3956,8.5512],[145.3003,-38.3985,0.0],[145.3047,-38.4016,0.0],[145.3111,-38.4019,1.4322],[145.3174,-38.407,0.7205],[145.3198,-38.4129,5.3914],[145.3248,-38.411,2.9541],[145.3293,-38.4147,0.0],[145.3337,-38.4119,3.334],[145.3372,-38.4124,3.2044],[145.3426,-38.4145,6.0395],[145.3489,-38.4199,0.3778],[145.3526,-38.42,0.0],[145.3543,-38.4141,0.7771],[145.3584,-38.4119,1.5619],[145.3589,-38.4085,1.137],[145.3615,-38.4065,3.7036],[145.3711,-38.4038,0.7543],[145.3748,-38.4056,1.6055],[145.376,-38.4095,2.1689],[145.379,-38.4099,0.0],[145.38,-38.4071,19.708],[145.3859,-38.4067,2.5633],[145.3844,-38.3998,15.9644],[145.3924,-38.3965,1.2402],[145.3929,-38.3944,16.5842],[145.3897,-38.3895,0.3784],[145.3904,-38.3851,0.6177],[145.4061,-38.3728,7.634],[145.4145,-38.3701,4.1261],[145.4265,-38.3717,0.0],[145.4432,-38.3688,2.5741],[145.448,-38.3703,0.5068],[145.4518,-38.3676,17.0263],[145.459,-38.3661,11.1077],[145.4763,-38.3665,0.0],[145.4801,-38.3626,1.4034],[145.5,-38.3536,0.4039],[145.5026,-38.353,0.0],[145.5034,-38.3544,0.0],[145.5033,-38.3531,0.0],[145.4922,-38.3432,11.3908],[145.49,-38.3392,0.0],[145.4853,-38.339,13.0817],[145.4725,-38.3323,9.1007],[145.4663,-38.3257,1.7626],[145.465,-38.3189,1.4222],[145.4595,-38.3116,1.5468],[145.4524,-38.3069,2.029],[145.4256,-38.3082,2.1102],[145.4109,-38.3045,1.1942],[145.3805,-38.3136,1.816],[145.3722,-38.3142,1.634],[145.352,-38.3113,1.7093],[145.3475,-38.3102,1.5904],[145.3384,-38.3044,1.2183],[145.3304,-38.2924,0.6748],[145.3196,-38.29,1.694],[145.3143,-38.2859,0.2792],[145.3113,-38.2863,4.2183],[145.3041,-38.2825,0.6461]]],
[[[144.7401,-38.356,0.0],[144.7401,-38.3558,0.0],[144.7401,-38.3557,0.0],[144.7398,-38.356,0.0],[144.7401,-38.356,0.0]]],
[[[146.5096,-38.7194,0.8321],[146.5058,-38.7195,0.0],[146.4976,-38.7281,1.2402],[146.4947,-38.7292,0.2351],[146.482,-38.7297,1.2928],[146.4803,-38.7284,0.0],[146.4821,-38.7266,0.473],[146.4776,-38.7296,1.3964],[146.4712,-38.7284,1.047],[146.4702,-38.7323,0.6889],[146.4719,-38.7355,1.5284],[146.4681,-38.7382,1.7705],[146.4651,-38.7383,0.574],[146.4648,-38.7399,0.0],[146.4714,-38.7499,0.8437],[146.4948,-38.7748,0.0],[146.5269,-38.7829,9.8297],[146.5403,-38.7903,2.17],[146.5484,-38.7905,2.5296],[146.5568,-38.7875,4.5008],[146.5647,-38.7827,2.7325],[146.5811,-38.7687,1.0795],[146.5976,-38.7595,6.8948],[146.611,-38.7562,4.4879],[146.6259,-38.7593,0.0],[146.656,-38.7554,0.0],[146.6677,-38.7478,0.0],[146.6663,-38.745,0.0],[146.6632,-38.7444,0.0],[146.6667,-38.7465,0.0],[146.6648,-38.7494,0.0],[146.6555,-38.7531,0.0],[146.6546,-38.755,0.0],[146.6212,-38.7581,0.0],[146.6154,-38.7555,3.4799],[146.6216,-38.7536,1.4959],[146.6087,-38.7512,0.638],[146.6071,-38.7495,0.0],[146.6045,-38.7521,0.891],[146.6013,-38.7521,0.0],[146.5995,-38.7477,1.1785],[146.6027,-38.746,4.4322],[146.6029,-38.7442,0.0],[146.5935,-38.743,1.4188],[146.5888,-38.747,0.1587],[146.5843,-38.7479,3.167],[146.5919,-38.7424,0.0],[146.5877,-38.7402,0.3532],[146.5859,-38.7429,0.3037],[146.5833,-38.743,1.5392],[146.5843,-38.7387,2.2589],[146.5805,-38.735,0.0],[146.5769,-38.735,2.0541],[146.5718,-38.736,0.0],[146.5717,-38.7384,0.6468],[146.5687,-38.7398,1.0961],[146.5678,-38.7423,0.5686],[146.5517,-38.7491,0.2224],[146.5515,-38.7508,0.6391],[146.5417,-38.7561,0.6128],[146.5479,-38.7571,1.4715],[146.5421,-38.7583,0.7074],[146.5387,-38.7567,0.8279],[146.5233,-38.7605,0.5926],[146.5188,-38.7601,0.6662],[146.5125,-38.7626,0.9759],[146.50060543881335,-38.76289011124846,0.8325],[146.5017,-38.7609,0.816],[146.4981,-38.7587,3.2922],[146.504,-38.7602,0.1329],[146.5087,-38.7594,0.9902],[146.5239,-38.7527,0.1746],[146.5204,-38.7501,0.3187],[146.5193,-38.7531,0.618],[146.5156,-38.7528,0.5581],[146.5135,-38.7542,1.5221],[146.5082,-38.7529,4.1499],[146.5129,-38.7463,0.8301],[146.5229,-38.7428,0.9068],[146.5254,-38.7391,3.1134],[146.5288,-38.7377,4.1693],[146.5333,-38.7389,0.0],[146.5419,-38.7284,0.0],[146.5308,-38.7294,0.0],[146.5248,-38.7282,0.943],[146.5238,-38.7287,0.1822],[146.5267,-38.7305,2.0052],[146.5235,-38.7298,1.8913],[146.519,-38.7327,0.0],[146.5211,-38.7348,2.4559],[146.5178,-38.7346,0.7448],[146.5135,-38.7375,0.4676],[146.5082,-38.7372,0.9085],[146.5059,-38.7337,4.907],[146.512,-38.7333,1.0502],[146.5156,-38.7307,1.6981],[146.5123,-38.7254,0.6053],[146.5031,-38.7268,0.9368],[146.506,-38.7252,1.0305],[146.5071,-38.7212,2.6767],[146.5096,-38.7194,0.8321]],
[[146.50060543881335,-38.76289011124846,0.8325],[146.5006,-38.7629,0.8325],[146.50058834244081,-38.76289052823315,0.8325],[146.50060543881335,-38.76289011124846,0.8325]],
[[146.50058834244081,-38.76289052823315,0.8325],[146.5002,-38.7629,0.8325],[146.499,-38.7616,0.8961],[146.50058834244081,-38.76289052823315,0.8325]]],
[[[146.317,-39.137,15.2484],[146.3121,-39.1348,0.0],[146.3173,-39.1419,0.0],[146.3255,-39.1473,4.692],[146.3293,-39.1432,0.0],[146.3291,-39.1393,0.0],[146.3276,-39.1402,17.1449],[146.317,-39.137,15.2484]]],
[[[146.2393,-39.1144,0.0],[146.2386,-39.1119,6.8092],[146.2371,-39.1118,6.8092],[146.234,-39.1158,0.0],[146.2371,-39.1178,15.0035],[146.2393,-39.1144,0.0]]],
[[[146.2379,-39.1027,6.194],[146.2357,-39.1015,0.0],[146.2355,-39.1048,0.0],[146.2383,-39.11,0.0],[146.2413,-39.108,0.0],[146.2385,-39.1057,25.0416],[146.2379,-39.1027,6.194]]],
[[[146.2264,-39.0726,0.0],[146.2232,-39.0709,0.9926],[146.2211,-39.0727,0.0],[146.2247,-39.0803,28.409],[146.2249,-39.0852,9.7724],[146.2313,-39.0869,24.684],[146.2344,-39.0937,0.0],[146.2339,-39.0957,0.0],[146.2367,-39.0979,7.9824],[146.2414,-39.0888,0.0],[146.2357,-39.0861,7.8566],[146.234,-39.0836,10.1209],[146.2311,-39.0852,10.2348],[146.2277,-39.0802,33.3988],[146.2264,-39.0726,0.0]]],
[[[146.2414,-39.0178,0.0],[146.2406,-39.0166,0.0],[146.2396,-39.0203,47.9798],[146.2364,-39.0222,0.0],[146.2425,-39.0245,18.4739],[146.2423,-39.0272,20.1261],[146.2383,-39.0285,0.0],[146.2408,-39.0296,0.0],[146.2439,-39.0285,11.6749],[146.2442,-39.0258,7.4349],[146.2462,-39.0244,4.5017],[146.2414,-39.0178,0.0]]],
[[[146.2338,-38.9678,0.0],[146.2306,-38.966,0.0],[146.224,-38.9667,10.1388],[146.2236,-38.9718,0.0],[146.2279,-38.9709,45.657],[146.2338,-38.9678,0.0]]],
[[[146.6828,-38.9529,0.0],[146.68,-38.9529,0.0],[146.6794,-38.9545,12.6298],[146.6816,-38.9553,5.4752],[146.6843,-38.9538,1.7926],[146.6828,-38.9529,0.0]]],
[[[146.7062,-38.9493,0.0],[146.7038,-38.9493,0.0],[146.7037,-38.9507,0.0],[146.707,-38.9514,0.0],[146.7062,-38.9493,0.0]]],
[[[146.679,-38.9408,0.0],[146.6737,-38.9377,0.0],[146.6734,-38.9389,3.1789],[146.6781,-38.9432,0.0],[146.679,-38.9408,0.0]]],
[[[146.2435,-39.1175,7.0254],[146.2423,-39.114,6.0777],[146.2399,-39.1147,9.1237],[146.2414,-39.1171,15.5896],[146.2435,-39.1175,7.0254]]],
[[[146.6621,-38.9221,0.0],[146.6591,-38.922,0.0],[146.6606,-38.9269,4.6707],[146.6653,-38.926,0.0],[146.6646,-38.9235,3.4594],[146.6621,-38.9221,0.0]]],
[[[146.5103,-38.914,9.3878],[146.5139,-38.9126,15.4747],[146.513,-38.9084,3.2181],[146.5058,-38.9134,0.0],[146.5081,-38.9147,0.0],[146.5103,-38.914,9.3878]]],
[[[146.3709,-38.8422,0.0],[146.3685,-38.8411,0.0],[146.3678,-38.8427,0.0],[146.369,-38.8443,3.4182],[146.3709,-38.8422,0.0]]],
[[[146.3929,-38.8066,0.0],[146.3929,-38.8075,0.0],[146.3944,-38.8069,2.3329],[146.394,-38.8064,2.3329],[146.3929,-38.8066,0.0]]],
[[[143.2653,-38.7696,0.0],[143.2649,-38.7701,0.0],[143.2659,-38.77,0.0],[143.266,-38.7698,0.0],[143.2653,-38.7696,0.0]]],
[[[143.4029,-38.7814,0.0],[143.4029,-38.7811,5.7625],[143.4026,-38.7811,5.7625],[143.4025,-38.7814,0.0],[143.4029,-38.7814,0.0]]],
[[[146.2796,-38.7716,5.6473],[146.2778,-38.771,0.0],[146.2764,-38.7715,6.3549],[146.2785,-38.7728,5.6473],[146.2796,-38.7716,5.6473]]],
[[[146.6426,-38.7473,0.0],[146.6405,-38.7442,0.0],[146.631,-38.7478,0.0],[146.6235,-38.7479,0.0],[146.6218,-38.75,1.3484],[146.628,-38.7483,0.1912],[146.635,-38.7493,4.1276],[146.6407,-38.7466,1.2048],[146.6426,-38.7473,0.0]]],
[[[146.5417,-38.7472,0.8248],[146.5414,-38.7459,0.6449],[146.5392,-38.7477,0.7964],[146.5395,-38.7479,0.7964],[146.5417,-38.7472,0.8248]]],
[[[146.5403,-38.7456,0.7801],[146.5401,-38.7463,0.7964],[146.5413,-38.7451,0.6449],[146.5409,-38.7451,0.7801],[146.5403,-38.7456,0.7801]]],
[[[146.5265,-38.7418,0.6915],[146.5278,-38.7419,1.8227],[146.5284,-38.7408,2.1533],[146.527,-38.7401,2.1533],[146.5265,-38.7418,0.6915]]],
[[[146.4651,-38.7359,0.2821],[146.464,-38.7354,0.0],[146.4641,-38.7378,0.0],[146.466,-38.7368,0.3534],[146.4651,-38.7359,0.2821]]],
[[[146.5487,-38.7401,0.7488],[146.5452,-38.7402,0.1633],[146.5445,-38.7448,0.3655],[146.548,-38.7455,0.7929],[146.5529,-38.7433,0.7853],[146.5533,-38.741,0.3747],[146.5461,-38.7426,0.8378],[146.5487,-38.7401,0.7488]]],
[[[146.5344,-38.7158,0.8433],[146.5288,-38.7127,0.0],[146.5316,-38.7158,0.5986],[146.5365,-38.7164,0.0],[146.5344,-38.7158,0.8433]]],
[[[146.688,-38.7097,1.014],[146.6888,-38.709,0.0],[146.6871,-38.7098,0.0],[146.6871,-38.7112,0.0],[146.6893,-38.712,0.1554],[146.6891,-38.71,1.014],[146.6874,-38.7105,1.014],[146.688,-38.7097,1.014]]],
[[[146.6969,-38.7082,3.4039],[146.6927,-38.7074,0.0],[146.696,-38.7089,3.4039],[146.6931,-38.71,0.5786],[146.6923,-38.7087,0.6792],[146.6919,-38.7099,0.5786],[146.6948,-38.7105,0.7956],[146.7,-38.7096,0.0],[146.6969,-38.7082,3.4039]]],
[[[146.7026,-38.7026,0.0],[146.704,-38.7024,0.0],[146.7044,-38.7022,0.0],[146.7013,-38.7026,0.0],[146.7026,-38.7026,0.0]]],
[[[146.5673,-38.7133,1.0857],[146.5649,-38.7139,0.0],[146.5677,-38.7159,0.0],[146.5724,-38.715,0.1409],[146.5719,-38.7147,1.0283],[146.5673,-38.7133,1.0857]]],
[[[146.5766,-38.7069,0.0],[146.5764,-38.7072,0.0],[146.5765,-38.7074,0.0],[146.5769,-38.7071,0.0],[146.5766,-38.7069,0.0]]],
[[[146.556,-38.7036,0.6969],[146.5537,-38.7024,0.7169],[146.5516,-38.7037,0.877],[146.5617,-38.7051,0.7733],[146.5603,-38.7032,0.782],[146.556,-38.7036,0.6969]]],
[[[146.5805,-38.702,0.0],[146.5798,-38.7024,0.0],[146.579,-38.702,0.0],[146.5798,-38.7027,0.0],[146.5805,-38.702,0.0]]],
[[[146.5737,-38.7045,0.0],[146.5744,-38.704,0.0],[146.5724,-38.7002,0.0],[146.573,-38.7017,0.0],[146.5711,-38.7045,0.0],[146.5737,-38.7045,0.0]]],
[[[146.6896,-38.7006,0.5769],[146.6872,-38.6994,0.0],[146.6875,-38.7003,0.5729],[146.6888,-38.7008,0.5729],[146.6899,-38.7007,0.5769],[146.6896,-38.7006,0.5769]]],
[[[146.5771,-38.7006,0.0],[146.5783,-38.6998,0.6019],[146.5773,-38.6982,0.0],[146.5768,-38.6997,0.0],[146.5771,-38.7006,0.0]]],
[[[146.5711,-38.698,0.6772],[146.5703,-38.6962,0.0],[146.5631,-38.6971,0.0],[146.5673,-38.6989,1.8394],[146.5711,-38.698,0.6772]]],
[[[146.6899,-38.6971,0.7141],[146.6881,-38.6966,0.3655],[146.6868,-38.6987,0.0],[146.6888,-38.6969,0.3655],[146.6899,-38.6971,0.7141]]],
[[[146.5152,-38.7222,0.326],[146.5168,-38.721,0.0],[146.5093,-38.7224,0.5619],[146.5107,-38.7247,0.6053],[146.5152,-38.7222,0.326]]],
[[[146.6687,-38.7193,0.0],[146.6693,-38.7183,0.0],[146.663,-38.7211,0.0],[146.6604,-38.7193,0.0],[146.6541,-38.7223,0.7687],[146.6464,-38.7233,1.8669],[146.6386,-38.7219,0.6806],[146.6351,-38.7238,0.8257],[146.6301,-38.7233,0.5209],[146.6297,-38.7246,0.1183],[146.6526,-38.7272,0.0],[146.668,-38.7208,1.2585],[146.6687,-38.7193,0.0]]],
[[[146.455,-38.7108,0.0],[146.4511,-38.7105,0.0],[146.4455,-38.7127,0.0],[146.4406,-38.721,3.2457],[146.4388,-38.7279,0.1703],[146.4483,-38.7286,0.8116],[146.4609,-38.7238,3.0463],[146.4684,-38.7173,3.0674],[146.4765,-38.7195,1.7745],[146.4783,-38.7178,1.2774],[146.4838,-38.7178,1.777],[146.4933,-38.7252,0.0],[146.5019,-38.7163,1.8498],[146.5003,-38.7153,0.6322],[146.4963,-38.7176,0.9531],[146.491,-38.7136,0.8043],[146.4784,-38.7119,2.2727],[146.4703,-38.7137,1.1831],[146.47,-38.7126,0.0],[146.4625,-38.7126,0.0],[146.4621,-38.7143,0.536],[146.4555,-38.7128,1.1032],[146.4571,-38.7117,0.0],[146.455,-38.7108,0.0]]],
[[[146.7321,-38.6962,0.0],[146.7258,-38.6962,0.0],[146.721,-38.6985,0.0],[146.7213,-38.7008,0.0],[146.708,-38.7099,0.0],[146.7022,-38.711,0.0],[146.7006,-38.7122,0.0],[146.7017,-38.713,3.1762],[146.6979,-38.7142,1.503],[146.6867,-38.7267,0.5015],[146.6815,-38.7279,0.0],[146.6797,-38.7257,0.0],[146.6794,-38.7271,0.0],[146.6826,-38.7286,0.0],[146.6853,-38.728,1.859],[146.7124,-38.7074,0.0],[146.7321,-38.6962,0.0]]],
[[[146.6185,-38.6982,0.9881],[146.606,-38.6992,0.0],[146.5999,-38.7019,0.2918],[146.5883,-38.7102,0.0],[146.5891,-38.7122,0.3976],[146.5858,-38.7131,0.0],[146.5854,-38.716,0.0],[146.6028,-38.7269,0.0],[146.6049,-38.7241,0.1089],[146.6005,-38.7245,0.101],[146.5956,-38.7201,0.6742],[146.6014,-38.7181,0.5979],[146.601,-38.7165,0.3678],[146.6064,-38.7181,1.3324],[146.5992,-38.7195,0.0],[146.6018,-38.7224,0.2846],[146.6081,-38.7239,0.0],[146.615,-38.7211,2.4567],[146.6126,-38.7226,0.5046],[146.6176,-38.7238,0.0],[146.6217,-38.7215,0.6258],[146.6221,-38.7234,0.2811],[146.6183,-38.7241,0.0],[146.6263,-38.7246,0.0],[146.6288,-38.7241,0.1736],[146.6264,-38.724,0.3694],[146.6307,-38.7214,0.7704],[146.6336,-38.721,1.9473],[146.6322,-38.7226,0.7792],[146.6332,-38.7229,0.7792],[146.6389,-38.72,0.31],[146.6529,-38.7189,0.0],[146.6599,-38.715,3.1717],[146.673,-38.715,0.0],[146.6776,-38.7083,0.0],[146.6745,-38.7096,0.9763],[146.6759,-38.7069,0.8008],[146.6687,-38.7063,0.7322],[146.6669,-38.7081,0.8645],[146.6628,-38.7084,0.8531],[146.6622,-38.7075,5.9231],[146.6728,-38.7031,0.0],[146.6643,-38.7016,0.6402],[146.6564,-38.7022,0.0],[146.6483,-38.7058,0.7717],[146.6483,-38.7043,2.4912],[146.6533,-38.7011,0.0],[146.6429,-38.6996,2.0849],[146.6383,-38.7019,1.9617],[146.6373,-38.7064,3.1475],[146.6303,-38.7058,0.7785],[146.6274,-38.7051,0.963],[146.6277,-38.7034,0.8681],[146.6358,-38.7017,0.6498],[146.6368,-38.6988,0.8295],[146.6284,-38.702,0.5886],[146.6144,-38.7011,0.9313],[146.6151,-38.699,0.4259],[146.6185,-38.6982,0.9881]]],
[[[146.8236,-38.6793,0.0],[146.8239,-38.6801,0.0],[146.8235,-38.6784,0.0],[146.8228,-38.6775,0.0],[146.8229,-38.6779,0.0],[146.8236,-38.6793,0.0]]],
[[[143.107,-38.6685,0.0],[143.1072,-38.6685,0.0],[143.1073,-38.6683,0.0],[143.1072,-38.6683,0.0],[143.107,-38.6685,0.0]]],
[[[146.655,-38.673,0.4004],[146.6547,-38.6694,0.0],[146.6512,-38.6723,0.0],[146.6516,-38.6734,0.0],[146.655,-38.673,0.4004]]],
[[[146.8124,-38.6674,0.564],[146.8129,-38.6677,0.5149],[146.8132,-38.6676,0.5149],[146.8129,-38.6673,0.5149],[146.8124,-38.6674,0.564]]],
[[[146.7946,-38.6662,0.7691],[146.7935,-38.6662,0.7332],[146.7933,-38.6664,0.3682],[146.7946,-38.6671,0.1058],[146.7946,-38.6662,0.7691]]],
[[[146.8109,-38.667,0.564],[146.8113,-38.6674,0.564],[146.8114,-38.6673,0.564],[146.8106,-38.6664,0.1727],[146.8109,-38.667,0.564]]],
[[[143.1081,-38.6685,0.0],[143.1081,-38.6683,0.0],[143.1079,-38.6685,0.0],[143.1081,-38.6685,0.0]]],
[[[146.7456,-38.6726,0.0],[146.7457,-38.6732,0.0],[146.7471,-38.6716,0.0],[146.746,-38.6717,0.0],[146.7456,-38.6726,0.0]]],
[[[146.7605,-38.6701,0.6969],[146.7589,-38.6701,0.3248],[146.757,-38.6726,0.3007],[146.7579,-38.6729,0.7726],[146.7605,-38.6701,0.6969]]],
[[[146.7431,-38.667,0.4106],[146.738,-38.6688,0.0],[146.7434,-38.6702,0.5684],[146.7481,-38.669,0.0],[146.7469,-38.6679,0.4143],[146.7431,-38.667,0.4106]]],
[[[146.8035,-38.6769,2.868],[146.7992,-38.6758,0.0],[146.7945,-38.6767,4.3136],[146.767,-38.6866,0.0],[146.7529,-38.6897,0.0],[146.7593,-38.6913,0.0],[146.7773,-38.6833,0.0],[146.7885,-38.6806,0.0],[146.8101,-38.6813,0.0],[146.825,-38.6843,0.0],[146.8186,-38.6847,0.0],[146.821,-38.6852,0.0],[146.8253,-38.6851,0.0],[146.8263,-38.6841,0.0],[146.8234,-38.6813,0.0],[146.8236,-38.6826,0.0],[146.8204,-38.6826,0.0],[146.8063,-38.6798,0.0],[146.8197,-38.6793,0.0],[146.822,-38.6778,0.0],[146.81,-38.6775,1.7178],[146.8136,-38.6767,0.0],[146.8125,-38.6761,0.0],[146.8035,-38.6769,2.868]]],
[[[146.7342,-38.6782,0.4277],[146.7349,-38.6781,0.2252],[146.7341,-38.6778,0.8584],[146.7334,-38.6784,0.4277],[146.7342,-38.6782,0.4277]]],
[[[146.8037,-38.6764,2.868],[146.8043,-38.6768,2.868],[146.8042,-38.6764,2.868],[146.8025,-38.6759,0.0],[146.8027,-38.6762,0.0],[146.8037,-38.6764,2.868]]],
[[[146.7081,-38.6764,0.4801],[146.7083,-38.6763,0.4801],[146.7077,-38.6763,0.2062],[146.7081,-38.6764,0.4801]]],
[[[146.70965,-38.676,0.0],[146.7094,-38.676,0.0],[146.7089,-38.6762,0.0],[146.70965,-38.676,0.0]]],
[[[146.70965,-38.676,0.0],[146.7097,-38.676,0.0],[146.7104,-38.6758,0.0],[146.70965,-38.676,0.0]]],
[[[146.7444,-38.6781,0.7419],[146.7456,-38.6779,0.3599],[146.7439,-38.6762,0.4223],[146.7452,-38.6746,0.3145],[146.7397,-38.6791,0.2106],[146.7439,-38.6795,0.7419],[146.7444,-38.6781,0.7419]]],
[[[146.7484,-38.6766,0.3851],[146.7508,-38.6762,0.797],[146.7512,-38.6742,0.0],[146.7484,-38.6763,0.3851],[146.7484,-38.6766,0.3851]]],
[[[146.7586,-38.6747,0.2466],[146.7561,-38.6726,0.3007],[146.7536,-38.6755,0.6929],[146.7553,-38.6765,0.1623],[146.7625,-38.6731,0.1479],[146.7586,-38.6747,0.2466]]],
[[[146.6816,-38.6728,0.3721],[146.6805,-38.673,0.5975],[146.6845,-38.6749,0.5192],[146.6839,-38.6742,0.6366],[146.6816,-38.6728,0.3721]]],
[[[146.5698,-38.6908,0.0],[146.5709,-38.6909,0.1767],[146.5709,-38.6898,0.1767],[146.5706,-38.6898,0.1767],[146.5698,-38.6908,0.0]]],
[[[146.5933,-38.69,0.0],[146.5938,-38.688,0.157],[146.5877,-38.6906,0.0],[146.589,-38.692,0.357],[146.5933,-38.69,0.0]]],
[[[146.7297,-38.6849,0.2024],[146.7279,-38.6842,0.0],[146.7293,-38.686,0.2024],[146.7328,-38.6852,0.0],[146.7322,-38.6846,0.0],[146.7297,-38.6849,0.2024]]],
[[[146.724,-38.6856,0.4174],[146.724,-38.6836,0.6191],[146.719,-38.6851,0.0],[146.7219,-38.6862,0.4207],[146.724,-38.6856,0.4174]]],
[[[146.7101,-38.6771,0.6675],[146.7075,-38.6768,0.2062],[146.6968,-38.6845,0.1571],[146.6962,-38.6908,0.3447],[146.698,-38.693,0.0],[146.7156,-38.6874,0.2424],[146.7149,-38.6859,0.1537],[146.7118,-38.687,1.2407],[146.7085,-38.6857,1.6554],[146.713,-38.6846,0.8384],[146.71,-38.6834,1.7823],[146.7098,-38.6819,1.0363],[146.7118,-38.6817,0.8347],[146.7101,-38.6771,0.6675]]],
[[[146.6504,-38.6833,0.4863],[146.64800869565218,-38.683406280193239,0.3873],[146.6498,-38.6847,0.7831],[146.6504,-38.6833,0.4863]]],
[[[146.6887,-38.6864,0.0],[146.6895,-38.6865,0.0],[146.6899,-38.6852,0.0],[146.689,-38.6852,0.3456],[146.6887,-38.6864,0.0]]],
[[[146.64797414829658,-38.683407815631263,0.3873],[146.6459,-38.6835,0.1132],[146.6434,-38.6845,0.0],[146.6422,-38.6862,0.5346],[146.6428,-38.6874,0.5915],[146.6449,-38.6878,0.0],[146.6428,-38.6868,0.5915],[146.6437,-38.6847,0.5346],[146.64797414829658,-38.683407815631263,0.3873]]],
[[[146.6082,-38.684,0.5314],[146.6013,-38.6841,1.2131],[146.5985,-38.6857,0.0],[146.6077,-38.6863,0.0],[146.6082,-38.684,0.5314]]],
[[[146.6537,-38.6855,0.7954],[146.6509,-38.6859,0.8292],[146.6575,-38.6859,0.4348],[146.6563,-38.6854,0.7023],[146.6537,-38.6855,0.7954]]],
[[[146.6855,-38.6857,0.3801],[146.6859,-38.6862,0.3801],[146.686,-38.6851,0.3801],[146.6858,-38.6852,0.3801],[146.6855,-38.6857,0.3801]]],
[[[146.6267,-38.6909,0.0],[146.6254,-38.6905,0.0],[146.6218,-38.6948,0.3159],[146.6302,-38.6978,0.853],[146.634,-38.6972,0.1609],[146.6282,-38.6949,0.7968],[146.6261,-38.6924,0.4165],[146.6267,-38.6909,0.0]]],
[[[146.64797414829658,-38.683407815631263,0.3873],[146.64800869565218,-38.683406280193239,0.3873],[146.648,-38.6834,0.3873],[146.64797414829658,-38.683407815631263,0.3873]]],
[[[146.6071,-38.6817,0.6183],[146.6079,-38.6817,0.6183],[146.6075,-38.6801,0.6651],[146.6059,-38.681,0.8235],[146.6071,-38.6817,0.6183]]],
[[[146.6294,-38.6801,0.0],[146.631,-38.6788,0.0],[146.6266,-38.6798,0.0],[146.6276,-38.6803,0.0],[146.6294,-38.6801,0.0]]],
[[[146.681,-38.677,0.9272],[146.675,-38.6771,0.4803],[146.6695,-38.6808,1.5613],[146.6689,-38.6842,2.9832],[146.679,-38.6897,0.0],[146.6836,-38.6896,0.0],[146.6819,-38.6853,0.6152],[146.6766,-38.6843,1.0041],[146.6786,-38.6819,0.8302],[146.6783,-38.679,0.8406],[146.6854,-38.6779,0.1914],[146.681,-38.677,0.9272]]],
[[[146.7331,-38.682,0.0],[146.7327,-38.6822,0.0],[146.7338,-38.6817,0.0],[146.7337,-38.6817,0.0],[146.7331,-38.682,0.0]]],
[[[146.6886,-38.6812,0.4314],[146.6882,-38.6815,0.4298],[146.6917,-38.6808,0.1842],[146.6911,-38.6807,0.8087],[146.6886,-38.6812,0.4314]]],
[[[146.7282,-38.6788,0.8306],[146.73,-38.6785,0.8558],[146.7294,-38.6768,0.8095],[146.7274,-38.6786,0.8306],[146.7282,-38.6788,0.8306]]],
[[[146.73,-38.665,0.9445],[146.7278,-38.6612,0.0],[146.7252,-38.6658,0.2125],[146.7207,-38.6668,0.0],[146.7221,-38.6733,0.0],[146.7198,-38.6769,0.0],[146.7099,-38.6765,0.6675],[146.7129,-38.6784,1.1458],[146.7149,-38.6838,0.5002],[146.7252,-38.677,0.6312],[146.7266,-38.6723,0.928],[146.729,-38.6729,1.1423],[146.7291,-38.675,1.0758],[146.7315,-38.6768,0.8316],[146.7394,-38.673,0.0],[146.7303,-38.6696,0.968],[146.7275,-38.6665,0.864],[146.7278,-38.6646,0.928],[146.73,-38.665,0.9445]]],
[[[146.8207,-38.6613,0.9737],[146.8213,-38.6596,1.2165],[146.8116,-38.6648,0.8238],[146.8032,-38.6661,0.4679],[146.8093,-38.6661,0.9149],[146.8207,-38.6613,0.9737]]],
[[[146.8285,-38.6611,0.0],[146.8275,-38.6606,0.0],[146.8202,-38.6648,0.5318],[146.8244,-38.6635,1.0011],[146.8285,-38.6611,0.0]]],
[[[146.7996,-38.666,0.7296],[146.7978,-38.6659,0.7738],[146.7957,-38.6668,0.1058],[146.7965,-38.667,0.0],[146.7996,-38.666,0.7296]]],
[[[146.7312,-38.6621,0.4238],[146.7289,-38.6618,0.8562],[146.7306,-38.663,0.8787],[146.7318,-38.6675,0.8089],[146.7364,-38.6688,0.3935],[146.7372,-38.6669,0.3481],[146.7312,-38.6621,0.4238]]],
[[[146.748,-38.6635,0.8728],[146.7468,-38.664,0.4455],[146.7498,-38.6642,0.0],[146.7495,-38.6638,0.0],[146.748,-38.6635,0.8728]]],
[[[146.8042,-38.6551,0.4262],[146.7939,-38.6569,0.2768],[146.7861,-38.6692,0.5049],[146.7932,-38.6676,0.3682],[146.7913,-38.6669,0.958],[146.7908,-38.6648,0.9098],[146.7976,-38.6625,1.0575],[146.7974,-38.6609,1.3776],[146.8015,-38.6626,2.2498],[146.8057,-38.6611,1.0126],[146.8063,-38.6593,1.3052],[146.8154,-38.6594,0.2516],[146.8147,-38.6585,0.3918],[146.8109,-38.6581,0.3798],[146.8012,-38.6585,1.3278],[146.7984,-38.6573,0.7036],[146.8041,-38.6556,0.4262],[146.8089,-38.6562,0.0],[146.8042,-38.6551,0.4262]]],
[[[146.6579,-38.6587,0.3997],[146.6553,-38.6588,0.4108],[146.6534,-38.6615,1.0399],[146.6564,-38.6605,0.96],[146.6579,-38.6587,0.3997]]],
[[[146.761,-38.6533,1.6534],[146.7565,-38.654,0.7119],[146.7568,-38.6584,0.2703],[146.7702,-38.6613,0.0],[146.7742,-38.6603,0.5433],[146.7713,-38.6585,0.8868],[146.7719,-38.6564,0.7137],[146.761,-38.6533,1.6534]]],
[[[146.5214,-38.689,1.1599],[146.5228,-38.6901,0.7037],[146.5232,-38.689,1.2852],[146.5306,-38.6889,1.0929],[146.5332,-38.6865,0.9639],[146.5346,-38.6892,0.8167],[146.5372,-38.6894,0.8029],[146.5412,-38.6854,0.8817],[146.5415,-38.6877,0.7192],[146.5391,-38.689,0.8812],[146.5403,-38.6903,0.9788],[146.539,-38.6917,0.8683],[146.5392,-38.6983,1.0673],[146.5513,-38.7038,0.5968],[146.553,-38.7024,1.1798],[146.5508,-38.6978,0.559],[146.5511,-38.6915,0.7605],[146.5528,-38.6893,0.8946],[146.5554,-38.6887,0.742],[146.5559,-38.6944,1.5516],[146.5605,-38.6947,0.1935],[146.5625,-38.6981,0.0],[146.5624,-38.6946,0.7772],[146.566,-38.6943,0.0],[146.5667,-38.6911,0.6549],[146.5652,-38.688,1.6679],[146.5611,-38.6861,0.901],[146.5627,-38.683,0.5391],[146.5546,-38.6867,0.7371],[146.5508,-38.6856,0.6578],[146.5467,-38.6866,0.7557],[146.5462,-38.6848,0.6616],[146.5546,-38.6836,0.9671],[146.5613,-38.6806,0.4486],[146.5621,-38.6798,0.1717],[146.5597,-38.6794,0.9847],[146.5625,-38.6782,0.9716],[146.5692,-38.6798,0.0],[146.5721,-38.6833,0.1785],[146.5714,-38.6775,0.874],[146.5752,-38.6791,1.0449],[146.5768,-38.6921,0.5467],[146.5777,-38.6812,0.8447],[146.5803,-38.6795,0.9579],[146.58,-38.6814,0.6584],[146.5838,-38.6814,0.7264],[146.5812,-38.683,1.4947],[146.5815,-38.6852,0.5609],[146.5848,-38.6867,0.7483],[146.5814,-38.688,2.2197],[146.5814,-38.694,1.3933],[146.5798,-38.6962,0.0],[146.5827,-38.6985,0.0],[146.5873,-38.6932,0.402],[146.5821,-38.6917,0.9465],[146.5893,-38.6853,0.9863],[146.5937,-38.6848,0.132],[146.5905,-38.6838,1.0229],[146.5929,-38.6826,0.1587],[146.5861,-38.6832,1.54],[146.5853,-38.6815,0.5621],[146.587,-38.6811,0.6379],[146.5875,-38.6773,1.458],[146.5844,-38.6771,1.7363],[146.6024,-38.6766,1.0688],[146.5968,-38.678,1.2081],[146.6007,-38.6796,0.843],[146.6098,-38.6778,0.7058],[146.6076,-38.6753,0.9036],[146.6411,-38.6689,2.087],[146.6492,-38.6641,5.8797],[146.6528,-38.6588,0.4326],[146.6519,-38.6547,2.3894],[146.6473,-38.6545,1.7753],[146.6459,-38.6507,2.8795],[146.6473,-38.6467,1.6684],[146.6532,-38.643,0.5692],[146.6564,-38.6471,0.4689],[146.6597,-38.6467,0.6485],[146.6663,-38.6532,0.0],[146.6705,-38.6618,2.1668],[146.6706,-38.6647,1.943],[146.6663,-38.6669,0.0],[146.6655,-38.6701,0.4829],[146.6575,-38.6712,0.1974],[146.6588,-38.6719,0.7657],[146.6663,-38.6711,0.4829],[146.6673,-38.6701,0.8625],[146.6786,-38.6704,0.8226],[146.6929,-38.6757,0.6852],[146.6977,-38.6753,0.0],[146.6944,-38.6729,2.1128],[146.6961,-38.67,0.0],[146.6993,-38.6692,1.1524],[146.7042,-38.6648,0.0],[146.7075,-38.6647,0.0],[146.7113,-38.667,0.5205],[146.7121,-38.6632,0.0],[146.7164,-38.661,0.0],[146.7126,-38.6537,0.4796],[146.7123,-38.6498,0.9591],[146.7129,-38.6478,0.8374],[146.7152,-38.6486,1.1486],[146.717,-38.6471,1.0158],[146.7233,-38.6489,2.2769],[146.7211,-38.6534,0.0],[146.7241,-38.6532,0.0],[146.7313,-38.6604,0.8453],[146.7422,-38.6649,0.0],[146.7392,-38.6621,0.8949],[146.7429,-38.6606,0.9816],[146.7463,-38.6627,0.8536],[146.7493,-38.6611,0.4882],[146.7511,-38.655,0.8153],[146.7537,-38.6525,0.8623],[146.758,-38.651,0.8782],[146.767,-38.6542,0.8073],[146.7766,-38.6542,0.7906],[146.7769,-38.654,0.7906],[146.7746,-38.6535,0.7059],[146.768,-38.6533,0.694],[146.7698,-38.6498,0.7287],[146.7665,-38.6501,0.9327],[146.7777,-38.6449,1.3958],[146.7796,-38.6463,0.4006],[146.7859,-38.6462,1.6624],[146.7871,-38.6442,0.6847],[146.786,-38.6435,0.8471],[146.7901,-38.6406,1.343],[146.787,-38.6364,0.7646],[146.7865,-38.6326,0.5029],[146.7949,-38.6253,0.2012],[146.7902,-38.6257,0.9155],[146.7847,-38.6228,1.0864],[146.789,-38.6228,1.1729],[146.7914,-38.6244,0.8506],[146.7958,-38.623,0.5894],[146.7976,-38.6264,0.2391],[146.7964,-38.6275,0.2391],[146.7993,-38.6287,0.2381],[146.7985,-38.6248,0.4247],[146.8,-38.6215,0.6705],[146.7981,-38.6202,0.7631],[146.8,-38.6207,0.5726],[146.8073,-38.6174,0.4584],[146.8087,-38.615,0.0],[146.8145,-38.6138,0.4173],[146.8156,-38.6118,0.4965],[146.8253,-38.6097,0.0],[146.8277,-38.6102,1.1039],[146.8284,-38.6131,0.0],[146.8312,-38.6125,0.7956],[146.8335,-38.6145,0.8124],[146.842,-38.6164,0.0],[146.844,-38.6091,0.7447],[146.8474,-38.6087,0.3459],[146.844,-38.6048,0.3671],[146.8479,-38.6065,0.0],[146.8709,-38.6071,1.2022],[146.8726,-38.6089,0.4175],[146.8826,-38.6046,0.0],[146.8874,-38.6065,0.0],[146.8842,-38.6114,0.153],[146.8864,-38.6144,0.3921],[146.8874,-38.6132,0.8543],[146.8849,-38.6117,0.7997],[146.8876,-38.61,0.9145],[146.8896,-38.6117,0.4742],[146.8988,-38.6122,0.5417],[146.9005,-38.6112,0.7235],[146.8997,-38.6079,0.664],[146.9017,-38.6061,0.7534],[146.9063,-38.606,0.0],[146.9172,-38.5996,0.1379],[146.921,-38.5953,1.2592],[146.9255,-38.5942,0.9001],[146.9184,-38.6019,4.9213],[146.9131,-38.6053,0.2419],[146.9074,-38.6083,1.6689],[146.902,-38.608,0.4997],[146.9032,-38.6138,0.0],[146.8999,-38.6172,3.5338],[146.8906,-38.6182,0.5419],[146.8871,-38.6202,0.2501],[146.8849,-38.6272,1.8117],[146.882,-38.6299,0.0],[146.8819,-38.6345,0.0],[146.8835,-38.6344,0.0],[146.932,-38.596,8.8629],[146.9901,-38.541,3.4411],[147.0672,-38.4751,0.828],[147.1261,-38.4302,0.0],[147.1755,-38.3894,1.6225],[147.24,-38.3404,0.0],[147.4137,-38.2029,0.0],[147.4606,-38.1639,7.6049],[147.5426,-38.1038,7.017],[147.6487,-38.0327,9.1969],[147.7061,-37.9981,0.0],[147.7513,-37.9733,0.0],[147.7882,-37.9553,1.9715],[147.8233,-37.9404,1.2292],[147.935,-37.8997,0.0],[147.9552,-37.8932,0.0],[147.9788,-37.8897,0.0],[148.0035,-37.8803,2.5398],[148.0355,-37.8713,0.7604],[148.0519,-37.8672,9.9135],[148.0623,-37.8672,8.2401],[148.0696,-37.8653,15.037],[148.1202,-37.8483,3.1837],[148.1792,-37.8316,0.0],[148.2605,-37.8151,3.9181],[148.3445,-37.8056,7.1366],[148.4603,-37.8014,0.0],[148.5482,-37.802,0.0],[148.552,-37.8034,0.0],[148.5814,-37.802,2.422],[148.6111,-37.8037,2.7832],[148.6266,-37.8082,0.0],[148.6558,-37.8031,0.0],[148.6981,-37.8016,0.0],[148.7117,-37.8031,0.0],[148.7233,-37.8072,4.0425],[148.7262,-37.8088,0.0],[148.727,-37.8123,2.3615],[148.7257,-37.8134,0.0],[148.7278,-37.8154,0.0],[148.7345,-37.8076,26.2069],[148.7432,-37.8062,0.0],[148.7417,-37.8035,2.8405],[148.7426,-37.8005,7.9569],[148.7492,-37.797,0.0],[148.7685,-37.7923,1.6741],[148.8087,-37.7864,0.0],[148.8608,-37.785,0.0],[148.8842,-37.79,1.2564],[148.8887,-37.7871,3.3605],[148.9007,-37.7845,7.9772],[148.9264,-37.7814,0.0],[149.0179,-37.781,0.0],[149.1242,-37.7773,5.1351],[149.1703,-37.7779,37.7495],[149.1843,-37.7801,0.0],[149.1867,-37.7788,10.8676],[149.1929,-37.7797,0.0],[149.1994,-37.7779,21.2702],[149.2135,-37.7775,8.3662],[149.2467,-37.7805,5.2408],[149.2659,-37.7893,10.7863],[149.2688,-37.7928,5.7397],[149.2654,-37.7985,0.0],[149.2698,-37.7996,13.4009],[149.2695,-37.8017,0.0],[149.2755,-37.8038,1.3712],[149.28,-37.797,22.1878],[149.283,-37.7993,3.7389],[149.2849,-37.7989,0.0],[149.2846,-37.7934,0.0],[149.2925,-37.7875,0.0],[149.3404,-37.7769,0.0],[149.3663,-37.775,2.6082],[149.3858,-37.778,0.0],[149.3944,-37.7754,6.6537],[149.4026,-37.7764,0.0],[149.4055,-37.7738,19.5731],[149.4107,-37.7732,0.0],[149.4208,-37.774,6.1648],[149.422,-37.7766,0.2733],[149.431,-37.7774,1.3899],[149.4391,-37.7721,9.4016],[149.4619,-37.7693,6.2893],[149.4737,-37.7705,8.0854],[149.485,-37.7754,2.3016],[149.4886,-37.7744,8.8495],[149.49,-37.7722,11.7945],[149.4918,-37.7726,11.7945],[149.4913,-37.7711,43.1582],[149.4933,-37.7687,6.9194],[149.4955,-37.7682,0.7992],[149.497,-37.7566,9.3618],[149.4985,-37.7563,0.3784],[149.4965,-37.7561,0.0],[149.4969,-37.7534,0.0],[149.5067,-37.7486,1.0852],[149.5125,-37.7474,0.0],[149.5164,-37.7491,4.502],[149.5196,-37.7451,0.0],[149.5172,-37.7432,5.8932],[149.5255,-37.7373,4.523],[149.5374,-37.7331,2.2965],[149.5414,-37.7345,0.0],[149.5421,-37.7316,3.1696],[149.5432,-37.7329,3.1696],[149.5451,-37.7297,2.2744],[149.5663,-37.7246,0.0],[149.588,-37.7225,5.4901],[149.5958,-37.7266,0.0],[149.5981,-37.7255,0.0],[149.5974,-37.7215,0.0],[149.6002,-37.7171,2.5512],[149.6008,-37.7121,20.3351],[149.6043,-37.7103,4.7305],[149.606,-37.707,23.4184],[149.6166,-37.7006,6.1264],[149.6472,-37.6909,12.2068],[149.6667,-37.6884,0.7463],[149.6765,-37.6841,26.0529],[149.6773,-37.6851,0.0],[149.6777,-37.684,0.0],[149.6767,-37.6819,28.6849],[149.679,-37.6765,6.0045],[149.6779,-37.674,1.7415],[149.6821,-37.6705,0.7587],[149.681,-37.669,21.0556],[149.6831,-37.6673,15.1314],[149.6824,-37.6642,10.1042],[149.6896,-37.6598,0.0],[149.6887,-37.6579,17.7765],[149.6905,-37.6564,3.1525],[149.695,-37.6548,0.0],[149.6945,-37.6527,9.6231],[149.6975,-37.6514,0.6515],[149.7,-37.6472,10.2724],[149.7022,-37.647,3.6482],[149.7024,-37.645,12.9253],[149.7065,-37.6435,1.0129],[149.7129,-37.6281,0.3485],[149.7192,-37.6193,3.4207],[149.7168,-37.6166,12.4846],[149.7184,-37.6156,1.2354],[149.7184,-37.6117,12.3133],[149.7206,-37.6116,0.0],[149.7207,-37.6089,0.0],[149.7231,-37.608,0.0],[149.7227,-37.6066,0.0],[149.7277,-37.6011,17.4047],[149.7321,-37.5992,3.4624],[149.7315,-37.5951,1.4989],[149.7358,-37.5918,2.968],[149.7355,-37.5896,5.7568],[149.7388,-37.585,12.1075],[149.749,-37.5791,6.8909],[149.7654,-37.5739,2.316],[149.7611,-37.5667,4.8601],[149.7753,-37.5578,5.6271],[149.7964,-37.5495,6.1344],[149.8197,-37.5448,0.0],[149.8317,-37.5442,6.9291],[149.8449,-37.5457,2.2047],[149.8584,-37.5419,3.3433],[149.874,-37.5403,3.6867],[149.9066,-37.5429,0.1526],[149.9158,-37.5324,1.4176],[149.9248,-37.5263,0.0],[149.9361,-37.5213,0.0],[149.9576,-37.5152,1.573],[149.9643,-37.518,0.0],[149.9623,-37.5158,0.0],[149.9647,-37.5116,0.0],[149.9767,-37.5051,0.0],[149.5049,-37.3217,334.69],[149.1998,-37.2012,886.6113],[148.8216,-37.05,860.024],[148.1949,-36.7963,1309.2755],[148.1867,-36.8041,1262.1035],[148.1825,-36.8049,1252.4392],[148.1795,-36.7963,1211.829],[148.1761,-36.7967,1182.9261],[148.1682,-36.7925,1179.4207],[148.1639,-36.7948,1176.9351],[148.1638,-36.7924,1156.0809],[148.1585,-36.7932,1171.4375],[148.1567,-36.79,1122.7318],[148.1517,-36.7931,1132.4548],[148.1487,-36.7919,1095.2249],[148.149,-36.7942,1097.1147],[148.1464,-36.7954,1100.7478],[148.1368,-36.7945,1069.2595],[148.1365,-36.7958,1033.394],[148.134,-36.7951,1021.7469],[148.1351,-36.7971,1020.041],[148.1297,-36.7957,1005.0708],[148.1268,-36.7965,997.9527],[148.1263,-36.8014,1025.3302],[148.1225,-36.8011,999.205],[148.1201,-36.8061,953.0392],[148.1125,-36.8,915.1837],[148.1089,-36.8009,905.5929],[148.108,-36.7988,901.2803],[148.1105,-36.7983,908.6443],[148.1047,-36.7898,869.0551],[148.1002,-36.7916,865.2482],[148.098,-36.7872,888.4761],[148.1016,-36.7889,861.5166],[148.1037,-36.788,886.1098],[148.1055,-36.7848,851.1297],[148.1047,-36.7805,890.1972],[148.1108,-36.774,841.7197],[148.1129,-36.7681,849.0873],[148.1161,-36.7657,841.0421],[148.1216,-36.7647,835.6434],[148.1221,-36.7622,826.8849],[148.1261,-36.7594,855.7833],[148.1202,-36.7594,821.1031],[148.1205,-36.7563,823.5536],[148.1285,-36.7527,816.7103],[148.1286,-36.7504,825.0892],[148.1327,-36.7508,811.6195],[148.1332,-36.747,811.4242],[148.1319,-36.7449,810.504],[148.1348,-36.7435,842.0105],[148.1367,-36.7384,817.9861],[148.1307,-36.7347,829.3987],[148.1343,-36.7318,803.2119],[148.1391,-36.7322,793.4204],[148.1491,-36.7197,780.1515],[148.1546,-36.7202,795.7603],[148.1618,-36.7155,780.3789],[148.1626,-36.7115,775.0638],[148.1657,-36.7113,765.7894],[148.1681,-36.7141,772.2355],[148.1702,-36.7128,761.6982],[148.1731,-36.7026,754.6726],[148.1809,-36.6972,758.4272],[148.1821,-36.6921,744.9993],[148.1849,-36.6924,767.7561],[148.1891,-36.6881,755.8734],[148.1857,-36.688,756.9101],[148.1876,-36.6861,837.8025],[148.185,-36.6854,765.375],[148.184,-36.6832,734.1494],[148.1895,-36.679,758.2111],[148.1902,-36.675,736.6025],[148.1993,-36.6722,728.0057],[148.1993,-36.6704,724.7762],[148.1962,-36.6678,725.7933],[148.1976,-36.6648,732.7752],[148.2035,-36.6623,716.6154],[148.2005,-36.6596,727.4592],[148.2039,-36.6565,771.9622],[148.2031,-36.6537,776.2145],[148.2065,-36.6537,721.322],[148.2084,-36.6511,713.8667],[148.2112,-36.6505,699.2059],[148.2116,-36.6479,695.2303],[148.2097,-36.6469,748.5134],[148.2097,-36.645,735.7097],[148.2122,-36.6398,717.8591],[148.2162,-36.6395,708.5247],[148.2134,-36.6373,695.0955],[148.2119,-36.633,766.9303],[148.2151,-36.6345,694.9212],[148.2164,-36.6286,685.3573],[148.2207,-36.6258,709.4875],[148.2196,-36.6199,691.344],[148.2186,-36.6186,673.5502],[148.2142,-36.62,672.465],[148.2164,-36.6166,710.7684],[148.2135,-36.615,675.2691],[148.2142,-36.6105,711.8018],[148.2101,-36.6127,689.682],[148.2028,-36.6119,668.4048],[148.2069,-36.6083,653.9424],[148.2083,-36.6087,669.7087],[148.2083,-36.6111,645.2927],[148.2098,-36.6104,645.2927],[148.2114,-36.6064,650.8051],[148.2159,-36.6045,644.0946],[148.2127,-36.6008,649.6168],[148.2175,-36.5982,632.9532],[148.2114,-36.5953,676.0433],[148.2106,-36.593,635.4592],[148.2048,-36.5926,623.077],[148.2036,-36.5888,627.2502],[148.206,-36.5869,675.9847],[148.2035,-36.5864,623.95],[148.2018,-36.5881,627.2502],[148.197,-36.5856,609.7159],[148.1903,-36.5849,621.7173],[148.1896,-36.5809,612.6824],[148.1912,-36.5779,604.0386],[148.1901,-36.5766,604.0386],[148.1792,-36.58,612.4945],[148.1761,-36.5775,610.415],[148.1713,-36.5781,600.7428],[148.1694,-36.5737,589.9753],[148.1659,-36.5744,611.9316],[148.1651,-36.5782,597.269],[148.1607,-36.5798,597.7192],[148.1626,-36.5728,577.3392],[148.1566,-36.5716,581.2151],[148.1588,-36.5656,563.3531],[148.1519,-36.5611,555.2305],[148.1505,-36.5583,559.1353],[148.147,-36.5633,556.912],[148.1375,-36.5656,548.5438],[148.1357,-36.5674,545.9829],[148.1334,-36.5669,583.3936],[148.1334,-36.563,564.9805],[148.1243,-36.5506,555.8029],[148.1293,-36.5459,526.545],[148.1287,-36.5416,523.4965],[148.134,-36.5391,528.1478],[148.1337,-36.5343,522.7522],[148.1369,-36.5328,518.9529],[148.1365,-36.5307,513.0439],[148.1398,-36.5254,509.3922],[148.13,-36.5132,505.8778],[148.1281,-36.5085,502.1728],[148.1284,-36.5026,513.7009],[148.1258,-36.5013,498.8797],[148.1249,-36.4987,501.1294],[148.1176,-36.4955,495.2016],[148.1264,-36.4853,492.8088],[148.1191,-36.4819,497.4715],[148.1249,-36.4792,502.834],[148.124,-36.4726,504.6079],[148.1224,-36.471,501.8467],[148.1247,-36.4649,481.5974],[148.1237,-36.463,485.3609],[148.1109,-36.4571,489.3718],[148.1017,-36.4571,478.5496],[148.0876,-36.4519,462.9087],[148.0877,-36.4421,438.5038],[148.0863,-36.44,470.7081],[148.0883,-36.4376,445.0284],[148.0878,-36.435,437.5871],[148.0869,-36.432,428.5778],[148.083,-36.4308,435.3734],[148.0815,-36.4264,423.2448],[148.0793,-36.4252,448.123],[148.0803,-36.4221,458.3192],[148.0763,-36.418,409.6974],[148.06,-36.4155,410.4287],[148.0546,-36.4087,395.4373],[148.0584,-36.4067,414.2847],[148.0582,-36.4008,406.1357],[148.0497,-36.3989,393.9617],[148.047,-36.3962,382.215],[148.0464,-36.3906,393.7545],[148.0426,-36.3921,380.5478],[148.0375,-36.3901,386.7312],[148.0383,-36.3877,392.2867],[148.0453,-36.3825,389.2955],[148.0452,-36.3812,367.2208],[148.0382,-36.3785,365.7362],[148.0437,-36.3748,362.1263],[148.0403,-36.3717,361.1189],[148.0433,-36.3677,356.5668],[148.046,-36.3671,401.9239],[148.0449,-36.3657,376.9736],[148.0411,-36.3675,357.9204],[148.0377,-36.3668,349.4402],[148.0423,-36.3604,344.7567],[148.0421,-36.3573,368.8506],[148.0447,-36.3538,382.418],[148.049,-36.3556,339.4996],[148.0479,-36.353,345.3902],[148.0453,-36.3517,405.7301],[148.0482,-36.3491,342.3743],[148.0478,-36.3465,342.0612],[148.0507,-36.3421,343.8173],[148.0538,-36.3413,360.9968],[148.0526,-36.3363,350.5352],[148.0556,-36.3344,324.9544],[148.0515,-36.3288,323.9904],[148.0512,-36.3246,322.0953],[148.058,-36.3224,320.8888],[148.0589,-36.32,319.774],[148.0549,-36.3167,321.3568],[148.0503,-36.319,314.8173],[148.0471,-36.3185,314.5722],[148.0465,-36.3152,332.3064],[148.0433,-36.3133,311.6838],[148.0385,-36.3146,312.0992],[148.035,-36.3106,352.5851],[148.0381,-36.3052,308.7216],[148.0407,-36.3061,308.581],[148.0425,-36.3044,307.1295],[148.0412,-36.3005,306.5879],[148.0439,-36.2995,308.0556],[148.0394,-36.2989,306.4391],[148.0352,-36.2923,304.7933],[148.0401,-36.2926,304.681],[148.0383,-36.2896,304.4778],[148.0401,-36.2841,304.554],[148.0361,-36.2849,301.6487],[148.0338,-36.2822,299.5556],[148.0377,-36.2804,301.2092],[148.0329,-36.2753,298.9567],[148.0352,-36.2727,321.8328],[148.0328,-36.2659,294.4848],[148.0388,-36.2621,292.5905],[148.0387,-36.2592,292.1527],[148.0344,-36.2555,291.1938],[148.0361,-36.2531,292.1285],[148.0343,-36.2506,289.0024],[148.0288,-36.247,332.1362],[148.0295,-36.2435,288.0936],[148.0354,-36.2406,286.0913],[148.034,-36.2377,291.5569],[148.0349,-36.2342,283.1877],[148.032,-36.2328,291.5621],[148.0316,-36.229,283.0534],[148.0269,-36.226,284.3324],[148.0261,-36.223,297.392],[148.0275,-36.2217,280.4827],[148.0301,-36.2227,278.6622],[148.0333,-36.2159,277.5282],[148.0372,-36.2173,276.7635],[148.0362,-36.2151,277.2592],[148.0388,-36.2131,277.6862],[148.037,-36.2094,275.6152],[148.0406,-36.207,273.7455],[148.0383,-36.2021,272.3948],[148.0391,-36.1979,271.2426],[148.0363,-36.1978,272.0182],[148.035,-36.1959,269.9809],[148.0366,-36.1947,271.2204],[148.035,-36.1927,269.614],[148.0322,-36.1935,269.1909],[148.0292,-36.188,268.7636],[148.0244,-36.1879,267.2854],[148.0256,-36.1856,267.1277],[148.022,-36.1814,264.9061],[148.0231,-36.1796,264.2331],[148.0218,-36.1765,264.7632],[148.0234,-36.1739,263.9232],[148.0262,-36.1759,263.3096],[148.0264,-36.1735,265.1794],[148.0237,-36.1708,263.0384],[148.0252,-36.1684,262.0933],[148.0291,-36.1687,261.7407],[148.0303,-36.165,260.9704],[148.0339,-36.1647,261.3498],[148.0348,-36.163,261.4028],[148.0311,-36.1613,260.4437],[148.0271,-36.1617,260.8704],[148.0229,-36.1536,261.8998],[148.0291,-36.1553,260.0927],[148.0315,-36.1495,259.3687],[148.0353,-36.1525,257.866],[148.0358,-36.1505,257.7979],[148.034,-36.1487,260.0792],[148.0377,-36.1408,260.526],[148.0329,-36.1429,254.6609],[148.0291,-36.14,255.2141],[148.0235,-36.1398,256.3498],[148.0204,-36.1417,255.1865],[148.014,-36.1374,252.7478],[148.0105,-36.1393,252.674],[148.01,-36.1359,252.706],[148.0078,-36.1407,255.2146],[148.0053,-36.1398,253.346],[148.0067,-36.1363,254.6194],[148.0051,-36.1358,251.7187],[148.0035,-36.1371,252.6259],[148.0045,-36.1399,253.346],[148.0024,-36.1401,253.4501],[147.9997,-36.1375,252.786],[148.0025,-36.1361,251.0142],[148.0034,-36.1326,250.036],[147.9994,-36.1284,251.8407],[148.0005,-36.1244,251.2914],[147.9975,-36.1248,262.9721],[147.9906,-36.1213,250.1845],[147.9954,-36.1187,250.2803],[147.9931,-36.1166,249.8851],[147.9982,-36.1159,249.9399],[147.9923,-36.1149,249.6223],[147.9933,-36.1119,248.4007],[147.9963,-36.1126,247.7921],[147.9957,-36.1107,250.0335],[147.9911,-36.1113,249.5144],[147.9957,-36.1088,248.4175],[147.994,-36.1053,246.2144],[147.9977,-36.1047,246.7026],[147.9958,-36.1026,245.9871],[147.9992,-36.0987,245.4139],[147.994,-36.1004,246.2731],[147.996,-36.0977,243.9836],[147.9955,-36.0957,244.198],[147.9934,-36.0949,243.9987],[147.9928,-36.0973,244.1243],[147.9911,-36.0956,244.3631],[147.9938,-36.0927,243.815],[147.9874,-36.0931,245.2586],[147.9869,-36.0915,243.4924],[147.9892,-36.09,242.5674],[147.985,-36.0909,243.1393],[147.9808,-36.0885,242.7509],[147.9802,-36.0865,241.2467],[147.9842,-36.0831,246.5381],[147.9815,-36.0801,242.2389],[147.9824,-36.0779,241.5026],[147.988,-36.0823,243.4995],[147.9929,-36.0811,242.5318],[147.9885,-36.0789,240.3147],[147.9886,-36.0755,238.8736],[147.9924,-36.0744,240.7618],[147.9902,-36.0728,240.0369],[147.992,-36.07,242.1925],[147.9895,-36.0704,238.0107],[147.9895,-36.0685,239.0048],[147.9906,-36.0664,238.1404],[147.9945,-36.0656,237.916],[147.9946,-36.0642,237.4672],[147.9913,-36.0641,238.4733],[147.9944,-36.0628,243.6087],[147.9947,-36.0611,239.4097],[147.9962,-36.0628,238.4995],[147.9974,-36.0614,238.4995],[147.9965,-36.0599,238.6653],[147.9992,-36.0585,236.5],[147.9971,-36.0564,239.8423],[147.9967,-36.0507,237.0643],[147.9997,-36.0462,235.0],[147.9921,-36.0487,237.4593],[147.9913,-36.0526,238.6175],[147.9892,-36.0492,235.6165],[147.9886,-36.0522,238.3841],[147.9865,-36.0517,236.2471],[147.9857,-36.0495,235.8874],[147.9872,-36.0464,234.9695],[147.984,-36.0448,236.7126],[147.9881,-36.0434,236.9324],[147.9842,-36.0429,235.8283],[147.9818,-36.0448,235.4639],[147.9818,-36.0403,234.89],[147.9794,-36.0464,234.583],[147.9732,-36.0463,234.6941],[147.9743,-36.0385,233.5276],[147.9704,-36.0434,234.3314],[147.9685,-36.0433,233.4701],[147.9715,-36.0396,232.6424],[147.9684,-36.04,236.3865],[147.9659,-36.0437,234.8765],[147.9667,-36.0459,233.8574],[147.9646,-36.0469,233.4576],[147.9564,-36.044,235.6929],[147.9599,-36.0422,232.4055],[147.959,-36.041,233.5093],[147.953,-36.044,232.9952],[147.9499,-36.0436,232.2457],[147.9493,-36.0461,233.3714],[147.9457,-36.0466,231.1814],[147.943,-36.0438,233.2737],[147.9377,-36.0424,231.9182],[147.9376,-36.0461,231.2841],[147.9343,-36.0476,230.96],[147.9303,-36.0442,229.9801],[147.924,-36.0425,230.0491],[147.9239,-36.04,228.7897],[147.9281,-36.0376,228.7609],[147.9246,-36.0375,233.2119],[147.9238,-36.0357,229.4244],[147.931,-36.0364,232.9488],[147.9316,-36.0353,233.8933],[147.9241,-36.0291,229.6391],[147.9115,-36.0266,230.7385],[147.9151,-36.0231,227.534],[147.9105,-36.0214,235.4137],[147.9162,-36.02,227.5609],[147.9128,-36.0181,235.8265],[147.9171,-36.0112,226.9548],[147.914,-36.0091,227.8145],[147.9165,-36.0048,226.4424],[147.9141,-36.0016,226.8285],[147.9115,-36.0029,227.2848],[147.9085,-36.0015,226.4484],[147.914,-35.998,226.2589],[147.9123,-35.9952,227.4868],[147.9064,-35.9959,225.6586],[147.9018,-35.9925,234.4112],[147.8957,-35.993,224.6163],[147.8992,-35.9955,224.564],[147.8975,-35.9999,224.5188],[147.8859,-35.998,225.0604],[147.8847,-35.9988,223.1145],[147.8862,-36.0008,222.8717],[147.8831,-36.0018,230.1865],[147.8815,-35.9997,222.5865],[147.8821,-35.9966,223.3375],[147.8731,-35.991,222.3642],[147.8701,-35.9936,223.3512],[147.8664,-35.9897,222.1053],[147.862,-35.9923,222.1589],[147.8602,-35.9872,221.354],[147.8496,-35.9897,223.9883],[147.8484,-35.9851,219.7798],[147.8426,-35.9863,220.2663],[147.8348,-35.9797,219.811],[147.8308,-35.9797,217.9887],[147.8295,-35.9782,221.9966],[147.8252,-35.9804,220.9394],[147.8218,-35.9787,218.5505],[147.8175,-35.9797,223.5084],[147.8132,-35.976,216.9171],[147.8158,-35.9718,217.8816],[147.8135,-35.9716,217.5542],[147.8112,-35.9673,223.5598],[147.8062,-35.9651,216.8725],[147.7964,-35.9638,217.504],[147.789,-35.9671,214.6577],[147.7803,-35.9659,217.7674],[147.7769,-35.9686,218.4336],[147.773,-35.9649,214.7235],[147.7684,-35.9654,214.5386],[147.7667,-35.9638,214.8559],[147.768,-35.9612,214.6012],[147.7734,-35.9601,213.4367],[147.7733,-35.9589,214.1374],[147.7634,-35.9588,212.7362],[147.7569,-35.9548,212.9187],[147.7495,-35.9575,214.0595],[147.7413,-35.9565,212.9635],[147.7286,-35.9475,211.081],[147.7187,-35.9455,211.3068],[147.7169,-35.9429,210.6506],[147.7178,-35.9386,211.4923],[147.7113,-35.93,212.7662],[147.7084,-35.9285,215.0667],[147.6868,-35.9385,207.6525],[147.6792,-35.9439,207.1609],[147.6748,-35.9446,221.7674],[147.6723,-35.9425,212.5447],[147.6609,-35.9432,208.444],[147.6468,-35.946,207.2649],[147.6424,-35.9497,207.6425],[147.6378,-35.9621,207.3918],[147.6205,-35.9676,210.3046],[147.6014,-35.9791,208.5989],[147.5968,-35.9765,206.7482],[147.5919,-35.9699,203.7064],[147.5823,-35.9678,209.967],[147.5765,-35.9711,201.8537],[147.5716,-35.969,203.0982],[147.5639,-35.9699,201.4572],[147.5491,-35.9646,199.4514],[147.5485,-35.9688,198.1151],[147.5518,-35.971,201.8405],[147.5476,-35.9746,201.9726],[147.5477,-35.9786,208.4905],[147.5589,-35.9725,220.5077],[147.5622,-35.9741,218.8589],[147.5654,-35.9786,196.3365],[147.5814,-35.978,201.253],[147.584,-35.9846,196.3834],[147.5796,-35.9885,198.5275],[147.5693,-35.9913,198.2079],[147.5568,-36.0023,197.7174],[147.5519,-36.0041,200.4621],[147.5484,-36.0029,196.2682],[147.5465,-35.9974,209.2118],[147.5375,-35.9942,202.0583],[147.5283,-35.9871,195.9349],[147.5214,-35.9869,198.499],[147.5195,-35.9832,194.545],[147.5201,-35.9797,193.3933],[147.5149,-35.9764,193.7592],[147.5213,-35.9671,192.3966],[147.5253,-35.9653,193.31],[147.5253,-35.9633,191.8808],[147.5161,-35.9589,193.5609],[147.5114,-35.9624,197.4337],[147.5071,-35.9583,201.4037],[147.5071,-35.9555,193.0278],[147.5049,-35.9527,194.4753],[147.4941,-35.9436,194.245],[147.4916,-35.9439,193.5371],[147.4885,-35.9487,201.3785],[147.4816,-35.9492,193.9252],[147.4788,-35.9427,191.441],[147.4763,-35.9434,194.2757],[147.4777,-35.9442,193.4261],[147.4641,-35.9441,190.75],[147.4544,-35.9516,190.5],[147.4562,-35.9578,190.5],[147.4507,-35.9608,190.5],[147.445,-35.9586,193.6587],[147.4431,-35.9556,192.1412],[147.4397,-35.956,193.513],[147.4352,-35.953,191.791],[147.431,-35.953,195.0384],[147.422,-35.9488,190.5],[147.4152,-35.947,190.5],[147.4084,-35.9482,190.5],[147.4046,-35.9435,190.5],[147.3954,-35.9491,190.5],[147.3918,-35.9476,190.5],[147.3903,-35.9493,190.5],[147.3926,-35.955,190.5],[147.3871,-35.959,190.5],[147.3927,-35.959,190.5],[147.3941,-35.9605,190.5],[147.393,-35.9623,190.5],[147.3882,-35.9635,195.5372],[147.3889,-35.9663,190.5],[147.3931,-35.9702,190.5],[147.3915,-35.9719,190.5],[147.3923,-35.9735,192.0179],[147.3837,-35.9724,190.5],[147.3739,-35.9779,190.5],[147.3765,-35.9767,190.5],[147.372,-35.9807,190.5],[147.3743,-35.9797,190.5],[147.3749,-35.9823,190.5],[147.3709,-35.9824,190.5],[147.3582,-35.9913,198.6732],[147.3532,-36.0008,190.5],[147.3555,-36.0043,190.5],[147.3553,-36.0098,202.4142],[147.3489,-36.0129,190.5],[147.3457,-36.0188,190.5],[147.3462,-36.0245,190.5],[147.3518,-36.0287,190.5],[147.3528,-36.0317,195.0052],[147.3473,-36.0366,190.5],[147.3438,-36.0422,190.5],[147.3322,-36.0471,190.5],[147.3294,-36.0542,190.5],[147.3217,-36.0582,190.5],[147.3198,-36.061,190.5],[147.3179,-36.0601,190.5],[147.3181,-36.0549,190.5],[147.313,-36.0528,190.5],[147.3111,-36.0545,190.5],[147.3144,-36.0564,190.5],[147.3155,-36.0588,190.5],[147.313,-36.0612,190.5],[147.3106,-36.061,190.5],[147.3067,-36.0572,190.5],[147.3068,-36.0539,190.5],[147.3023,-36.05,190.5],[147.3048,-36.0474,190.5],[147.3015,-36.0477,190.5],[147.3,-36.045,190.5],[147.2977,-36.0467,190.5],[147.2965,-36.0447,190.5],[147.2907,-36.0428,190.5],[147.2874,-36.0435,190.5],[147.2852,-36.0394,190.5],[147.28,-36.0433,190.5],[147.2668,-36.0394,190.5],[147.2518,-36.0416,190.5],[147.2424,-36.0385,190.5],[147.2389,-36.0433,190.5],[147.2322,-36.0423,190.5],[147.2248,-36.0485,190.5],[147.2149,-36.0467,190.5],[147.2063,-36.0501,190.5],[147.1955,-36.0439,190.5],[147.1933,-36.0449,190.5],[147.1876,-36.0423,190.5],[147.1877,-36.0383,190.5],[147.1808,-36.0374,190.5],[147.1645,-36.0308,190.5],[147.1614,-36.0311,191.3536],[147.1552,-36.036,190.5],[147.1493,-36.032,190.5],[147.1467,-36.0369,190.5],[147.1444,-36.0378,190.5],[147.1428,-36.036,190.5],[147.1447,-36.0313,190.5],[147.1414,-36.0287,190.5],[147.137,-36.0285,190.5],[147.1313,-36.0244,190.5],[147.1308,-36.02,190.5],[147.1274,-36.018,190.5],[147.1284,-36.0117,190.5],[147.1251,-36.0084,190.5],[147.1272,-36.0055,190.5],[147.1229,-36.0037,190.5],[147.1256,-36.0001,190.5],[147.1231,-35.9973,190.5],[147.125,-35.9947,190.5],[147.1234,-35.9945,190.5],[147.1208,-36.0003,190.5],[147.1167,-35.9985,190.5],[147.1119,-36.0009,190.5],[147.1156,-36.0037,190.5],[147.1163,-36.0076,190.5],[147.1123,-36.0081,190.5],[147.1068,-36.0048,190.5],[147.1064,-36.0079,190.5],[147.1106,-36.0096,190.5],[147.1092,-36.0126,190.5],[147.1052,-36.0107,190.5],[147.0981,-36.0102,190.5],[147.0986,-36.0124,190.5],[147.1055,-36.0118,190.5],[147.1064,-36.0165,190.5],[147.1043,-36.0191,190.5],[147.101,-36.02,190.5],[147.1,-36.0157,190.5],[147.0977,-36.0158,190.5],[147.0983,-36.019,190.5],[147.0966,-36.0219,190.5],[147.0993,-36.0242,190.5],[147.0991,-36.0262,190.5],[147.097,-36.0284,190.5],[147.0936,-36.0263,190.5],[147.0921,-36.0276,190.5],[147.1037,-36.0331,190.5],[147.1002,-36.0359,190.5],[147.0998,-36.0389,190.5],[147.0964,-36.0386,190.5],[147.0992,-36.0426,190.5],[147.097,-36.0468,190.5],[147.0945,-36.0471,190.5],[147.0936,-36.0436,190.5],[147.0916,-36.0439,190.5],[147.0918,-36.0468,190.5],[147.0957,-36.05,190.5],[147.0954,-36.0527,190.5],[147.093,-36.0529,190.5],[147.0904,-36.0492,190.5],[147.0882,-36.0532,190.5],[147.0805,-36.0538,190.5],[147.0854,-36.0559,190.5],[147.0793,-36.0566,190.5],[147.0745,-36.0641,190.5],[147.0716,-36.0635,190.5],[147.0688,-36.0604,190.5],[147.0667,-36.0634,190.5],[147.0668,-36.0686,190.5],[147.0649,-36.0688,190.5],[147.0639,-36.0656,190.5],[147.0618,-36.0662,190.5],[147.0595,-36.074,190.5],[147.063,-36.0825,190.5],[147.0578,-36.0855,190.5],[147.0593,-36.0895,190.5],[147.0524,-36.0903,190.5],[147.0501,-36.0982,190.5],[147.0557,-36.1003,194.333],[147.053,-36.1079,190.5],[147.0507,-36.108,190.5],[147.0489,-36.1038,190.5],[147.0423,-36.1043,190.5],[147.0423,-36.1093,190.5],[147.0341,-36.1152,190.5],[147.0228,-36.0999,160.6956],[147.0191,-36.0991,156.5],[147.0174,-36.1059,157.8962],[147.0135,-36.1047,160.4132],[147.0152,-36.0999,158.0973],[147.0131,-36.0949,156.0],[147.0163,-36.0898,162.0172],[147.0118,-36.0879,159.9138],[147.0064,-36.0891,158.1026],[147.0059,-36.0869,157.6945],[147.0083,-36.0855,156.6281],[147.0074,-36.0837,163.2605],[147.0036,-36.0839,159.4716],[147.0028,-36.086,157.8839],[146.9993,-36.0873,159.4041],[146.9904,-36.0861,157.2361],[146.9842,-36.0939,159.1304],[146.9813,-36.0949,158.8672],[146.9773,-36.0908,157.5007],[146.9765,-36.0852,157.0808],[146.9726,-36.0821,158.2195],[146.9666,-36.0837,160.0199],[146.9646,-36.0807,157.2783],[146.9611,-36.0821,156.2783],[146.9568,-36.0781,155.026],[146.956,-36.0792,155.026],[146.9591,-36.0845,157.6534],[146.955,-36.0888,154.7653],[146.9586,-36.0919,155.2151],[146.9508,-36.0935,156.5598],[146.952,-36.0998,156.5033],[146.9485,-36.1031,155.3976],[146.9491,-36.1065,156.103],[146.9521,-36.1082,154.067],[146.9525,-36.1108,153.1717],[146.9437,-36.116,153.5922],[146.934,-36.1115,155.4032],[146.9282,-36.1059,153.9279],[146.9275,-36.1025,152.9475],[146.9299,-36.099,159.8959],[146.9268,-36.0972,155.1448],[146.9215,-36.1009,153.4262],[146.9249,-36.1041,153.9489],[146.9241,-36.1083,159.4247],[146.9181,-36.1079,153.4633],[146.9146,-36.1127,153.6277],[146.9078,-36.1113,152.7072],[146.9055,-36.1071,151.6893],[146.9118,-36.1063,152.8894],[146.9124,-36.1046,152.223],[146.9096,-36.1027,151.1357],[146.9087,-36.0995,152.4344],[146.9034,-36.0982,155.2267],[146.9061,-36.0915,154.5146],[146.903,-36.0869,153.8194],[146.907,-36.0861,150.957],[146.9069,-36.0849,150.957],[146.9011,-36.083,151.5648],[146.899,-36.0855,153.1544],[146.8901,-36.0881,153.2094],[146.8806,-36.0875,150.3757],[146.8768,-36.0829,157.1114],[146.873,-36.0737,154.2715],[146.8645,-36.0731,158.2191],[146.8657,-36.0788,149.4964],[146.8572,-36.0849,150.1718],[146.8515,-36.0839,149.4318],[146.849,-36.0865,151.438],[146.8467,-36.0865,152.1656],[146.8367,-36.0821,151.2416],[146.8341,-36.086,149.7525],[146.8298,-36.0861,150.8382],[146.825,-36.0887,148.7798],[146.8216,-36.0869,148.9433],[146.8212,-36.0846,149.8669],[146.8275,-36.0775,153.4177],[146.8236,-36.075,149.9974],[146.8255,-36.0708,148.0417],[146.8229,-36.0698,148.6869],[146.8163,-36.0744,147.4117],[146.8145,-36.0709,148.3976],[146.8184,-36.0678,149.9833],[146.8132,-36.0679,147.7864],[146.8147,-36.0641,147.0172],[146.8062,-36.0608,147.6172],[146.8039,-36.0552,148.0576],[146.8008,-36.0584,149.3501],[146.7966,-36.0572,147.6814],[146.7946,-36.0585,148.4987],[146.7934,-36.0612,146.8427],[146.7986,-36.0625,146.9705],[146.7962,-36.0651,146.0234],[146.7917,-36.0636,147.5799],[146.787,-36.0644,144.9508],[146.7889,-36.0606,147.2083],[146.7878,-36.0593,145.5439],[146.7813,-36.0604,144.9022],[146.7835,-36.0632,147.4556],[146.7805,-36.0645,146.3119],[146.7757,-36.0593,144.865],[146.7713,-36.058,146.0951],[146.7683,-36.059,146.7964],[146.7672,-36.0557,143.9673],[146.7653,-36.0567,145.4971],[146.7647,-36.0597,147.9919],[146.7628,-36.0595,146.4447],[146.7596,-36.0572,145.4756],[146.7631,-36.0529,149.1937],[146.7623,-36.0517,149.1937],[146.7565,-36.0518,143.5471],[146.7581,-36.0562,144.8222],[146.7528,-36.0555,143.6371],[146.7558,-36.0584,146.1065],[146.7537,-36.0607,149.7007],[146.7498,-36.0613,153.8245],[146.747,-36.0588,146.0168],[146.7487,-36.0519,143.3355],[146.7469,-36.0513,146.237],[146.7506,-36.0506,142.8316],[146.7529,-36.0421,153.0018],[146.7493,-36.0423,151.1174],[146.7446,-36.0478,143.4621],[146.7398,-36.0451,146.8947],[146.7352,-36.0481,145.4962],[146.7301,-36.0447,143.9422],[146.7316,-36.0387,142.6925],[146.7351,-36.0367,143.4841],[146.7329,-36.0345,142.0173],[146.7324,-36.031,141.5],[146.7299,-36.0312,142.8355],[146.7284,-36.0296,144.2371],[146.7292,-36.0276,153.0002],[146.7328,-36.0266,143.9791],[146.7316,-36.0237,143.4851],[146.7225,-36.0286,146.5988],[146.7163,-36.0265,144.3915],[146.7125,-36.0292,143.6847],[146.7064,-36.03,144.7733],[146.71,-36.034,143.1658],[146.7074,-36.0359,142.9885],[146.6979,-36.0335,143.4936],[146.6964,-36.0314,142.0821],[146.6896,-36.0304,145.5193],[146.6892,-36.0317,140.2127],[146.6943,-36.0329,145.9516],[146.6947,-36.0348,140.2576],[146.6895,-36.0405,149.5597],[146.6835,-36.0394,141.0891],[146.6797,-36.0334,139.6436],[146.6825,-36.0295,142.4898],[146.6771,-36.0299,145.0594],[146.6753,-36.0287,141.2392],[146.6766,-36.027,143.9131],[146.6821,-36.0256,140.8123],[146.6808,-36.0228,141.076],[146.6741,-36.0219,140.7237],[146.6714,-36.0259,141.9855],[146.6685,-36.0216,149.5043],[146.6683,-36.0178,141.6721],[146.666,-36.0187,141.9249],[146.6654,-36.0208,142.9281],[146.6694,-36.0281,147.1552],[146.665,-36.0291,142.5372],[146.6617,-36.0261,139.7294],[146.6559,-36.0262,141.7062],[146.655,-36.0245,143.3925],[146.6582,-36.0219,142.8813],[146.6515,-36.021,143.9881],[146.6504,-36.018,140.3549],[146.6576,-36.0178,147.3078],[146.6585,-36.0144,139.5808],[146.6502,-36.0138,141.4737],[146.6493,-36.0102,145.9263],[146.6507,-36.0077,137.9048],[146.6451,-36.0077,142.7576],[146.6419,-36.004,139.1906],[146.6426,-36.0087,140.2938],[146.6404,-36.0093,140.5275],[146.6367,-36.0057,139.5098],[146.6315,-36.004,141.158],[146.6308,-36.0024,141.8018],[146.6335,-35.9997,147.5014],[146.6284,-35.9998,141.7443],[146.6258,-35.9961,139.0201],[146.6235,-35.9991,138.3793],[146.6212,-35.9992,141.6644],[146.6204,-35.9982,141.6644],[146.6222,-35.9953,139.6966],[146.6197,-35.9932,140.2941],[146.6175,-35.9936,141.1031],[146.6157,-35.9966,139.4162],[146.6136,-35.9959,137.8065],[146.6131,-35.9904,138.5317],[146.6092,-35.9892,144.4944],[146.6078,-35.9867,141.8925],[146.6163,-35.9821,138.2816],[146.616,-35.9808,141.3109],[146.6118,-35.9806,138.6814],[146.6109,-35.9793,139.6739],[146.6187,-35.9755,136.5125],[146.617,-35.9738,140.1517],[146.6114,-35.9721,136.4941],[146.6075,-35.9741,139.368],[146.6036,-35.9727,136.1762],[146.601,-35.9757,139.2845],[146.5989,-35.9707,137.2672],[146.5948,-35.9743,138.8724],[146.5837,-35.9751,143.9828],[146.5868,-35.9818,137.333],[146.582,-35.9834,137.5072],[146.5772,-35.9788,142.6908],[146.5697,-35.979,138.2405],[146.5674,-35.9752,143.1545],[146.5627,-35.9756,137.9046],[146.5624,-35.9731,148.0081],[146.5659,-35.9709,142.2577],[146.562,-35.9687,138.4858],[146.559,-35.9715,140.5848],[146.5602,-35.9764,141.1012],[146.5591,-35.9786,138.8235],[146.5523,-35.9792,139.328],[146.5548,-35.9841,138.0478],[146.5499,-35.9856,136.5609],[146.5508,-35.9879,135.0603],[146.5549,-35.9872,137.6425],[146.5559,-35.9888,139.8311],[146.5492,-35.9922,136.2433],[146.5383,-35.9842,135.686],[146.5379,-35.9821,134.8668],[146.5339,-35.9844,135.7579],[146.5317,-35.9836,140.1806],[146.5324,-35.976,137.4582],[146.5259,-35.9699,141.8019],[146.5201,-35.9692,135.581],[146.5217,-35.9636,133.9161],[146.5196,-35.9603,143.9232],[146.5179,-35.9601,138.2535],[146.5159,-35.9632,144.3745],[146.5126,-35.9641,141.0858],[146.5022,-35.9579,143.9781],[146.4966,-35.9732,145.186],[146.5012,-35.9791,136.9021],[146.4924,-35.9852,135.5671],[146.4966,-35.9863,145.142],[146.5026,-35.9842,135.98],[146.5027,-35.9883,145.301],[146.4983,-35.9914,143.8524],[146.4903,-35.9914,144.2614],[146.4879,-35.9901,140.5531],[146.4863,-35.9857,134.8471],[146.4806,-35.987,134.0106],[146.4767,-35.9833,132.9944],[146.4732,-35.9841,133.7966],[146.4698,-35.9812,135.2379],[146.4692,-35.9841,134.2451],[146.4674,-35.9842,132.3121],[146.4652,-35.9798,132.3586],[146.4685,-35.9775,134.2392],[146.4688,-35.9755,132.5836],[146.4626,-35.9707,131.9447],[146.4621,-35.9662,135.5369],[146.4565,-35.9665,133.2858],[146.4538,-35.9622,137.7358],[146.4474,-35.9656,136.0264],[146.4459,-35.9729,131.0],[146.443,-35.9758,134.074],[146.4386,-35.9728,132.3335],[146.4385,-35.9692,133.7726],[146.4367,-35.9669,135.0706],[146.4272,-35.964,133.8752],[146.4225,-35.9656,132.4015],[146.4219,-35.9681,134.114],[146.4248,-35.9727,133.32],[146.4194,-35.9732,135.2755],[146.4206,-35.9767,134.8972],[146.419,-35.9784,131.3825],[146.4148,-35.975,132.7074],[146.4148,-35.9796,141.9709],[146.412,-35.9816,132.9365],[146.4162,-35.9836,138.3589],[146.4028,-35.9888,133.3425],[146.3984,-35.9957,133.7158],[146.3979,-35.9994,140.0853],[146.4001,-36.0049,135.0272],[146.3991,-36.0072,132.3684],[146.3884,-36.0071,131.749],[146.3804,-36.0133,134.8924],[146.3792,-36.0269,137.9614],[146.3877,-36.0354,128.8591],[146.3833,-36.0392,129.5569],[146.376,-36.0385,128.0],[146.3802,-36.0446,133.8403],[146.3736,-36.0468,143.1148],[146.3695,-36.0511,132.2532],[146.3673,-36.0504,134.7339],[146.3588,-36.0411,131.06],[146.3504,-36.0418,135.2104],[146.3471,-36.0379,131.3755],[146.3459,-36.0292,132.8702],[146.3386,-36.0263,137.9206],[146.3346,-36.0278,128.3673],[146.3315,-36.0266,134.2944],[146.3258,-36.0337,132.6646],[146.3322,-36.0369,127.4891],[146.3293,-36.0433,130.9185],[146.3238,-36.0416,133.4101],[146.3217,-36.0424,129.9768],[146.323,-36.043,132.7843],[146.3195,-36.0423,129.0468],[146.3165,-36.0385,129.8397],[146.315,-36.0405,133.9511],[146.3156,-36.0448,129.8253],[146.3129,-36.0455,128.0744],[146.3088,-36.0394,131.8788],[146.3069,-36.0398,139.0469],[146.3054,-36.0433,133.3348],[146.3024,-36.0427,133.1822],[146.301,-36.0367,129.7616],[146.2974,-36.0398,130.3945],[146.2973,-36.0448,135.0761],[146.3004,-36.0438,136.2333],[146.3023,-36.0449,129.1229],[146.3002,-36.0477,134.8663],[146.2928,-36.0457,133.6374],[146.2912,-36.0389,133.6852],[146.2845,-36.0422,132.0098],[146.2827,-36.0408,130.8875],[146.2841,-36.0378,129.4042],[146.2914,-36.0359,128.186],[146.2867,-36.0336,128.0062],[146.2864,-36.0303,128.843],[146.2925,-36.0302,129.9372],[146.2932,-36.029,128.7447],[146.2921,-36.0247,128.4714],[146.2857,-36.0278,128.116],[146.2823,-36.026,127.6741],[146.2824,-36.023,125.158],[146.2914,-36.0201,125.3144],[146.2864,-36.0144,132.8384],[146.2814,-36.0166,131.2287],[146.2788,-36.0158,124.5831],[146.2785,-36.0137,123.7521],[146.2829,-36.011,134.4618],[146.2753,-36.0126,128.1987],[146.2771,-36.0172,129.4951],[146.2746,-36.02,131.4939],[146.2765,-36.0214,126.9697],[146.2787,-36.0196,129.7671],[146.2788,-36.0236,127.9629],[146.2735,-36.0266,126.2897],[146.2681,-36.0252,124.923],[146.2676,-36.0212,130.5065],[146.2614,-36.0215,125.3504],[146.2607,-36.018,126.3772],[146.2619,-36.016,126.9614],[146.2602,-36.0157,125.9784],[146.2603,-36.0174,127.4977],[146.2573,-36.0122,124.8572],[146.2533,-36.0156,126.6728],[146.2515,-36.0196,128.1349],[146.2482,-36.0172,125.9138],[146.2453,-36.0178,124.8905],[146.2457,-36.0207,128.201],[146.2512,-36.0227,128.4591],[146.2494,-36.0245,126.2392],[146.2417,-36.0236,125.7735],[146.2445,-36.0271,125.4981],[146.2431,-36.0289,126.4323],[146.2339,-36.0285,129.3486],[146.2321,-36.0332,131.7813],[146.2298,-36.0341,127.2352],[146.2284,-36.0328,124.0],[146.2283,-36.029,130.9305],[146.2215,-36.0303,124.88],[146.2207,-36.0366,127.1513],[146.2143,-36.036,130.9481],[146.2134,-36.0375,127.2863],[146.2153,-36.0364,130.2986],[146.2148,-36.0378,130.2986],[146.2112,-36.0386,131.4294],[146.2102,-36.0375,128.4734],[146.2121,-36.0338,127.3813],[146.2164,-36.0334,128.4208],[146.2127,-36.0285,127.1506],[146.2055,-36.0358,126.3004],[146.211,-36.0345,132.4871],[146.2054,-36.0391,126.2506],[146.1979,-36.0361,124.5069],[146.2004,-36.0334,125.3404],[146.1978,-36.0299,125.0516],[146.1943,-36.0355,127.4798],[146.198,-36.0328,128.8324],[146.197,-36.0344,126.8904],[146.1906,-36.0385,125.8458],[146.1893,-36.0411,128.9258],[146.1854,-36.042,130.6269],[146.1788,-36.0383,124.7692],[146.1785,-36.0367,124.0],[146.1822,-36.0357,124.558],[146.1826,-36.0341,124.352],[146.1772,-36.0334,124.3257],[146.1784,-36.0285,124.0],[146.1744,-36.0204,130.4274],[146.1632,-36.0245,125.4486],[146.157,-36.0219,126.7281],[146.1537,-36.0249,130.444],[146.1461,-36.02,125.3251],[146.1455,-36.0143,125.5985],[146.1418,-36.0174,124.0],[146.1322,-36.0205,127.1417],[146.1309,-36.0177,126.6896],[146.1326,-36.0149,128.3196],[146.1319,-36.0102,124.0],[146.1405,-36.0088,124.0],[146.1381,-36.0049,124.0],[146.1343,-36.0031,124.0],[146.1317,-36.0044,124.0],[146.1303,-36.0088,124.0],[146.1256,-36.0106,124.0],[146.1239,-36.014,124.0],[146.1199,-36.0169,124.0],[146.1088,-36.0145,124.0],[146.1095,-36.0115,124.0],[146.1143,-36.0085,124.0],[146.1109,-36.007,124.0],[146.1065,-36.0079,124.0],[146.1014,-36.0132,124.0],[146.0922,-36.0097,124.0],[146.0908,-36.0122,124.0],[146.0968,-36.0176,124.0],[146.0961,-36.0202,124.0],[146.0936,-36.0211,124.0],[146.0811,-36.0176,124.0],[146.0757,-36.0178,124.0],[146.0732,-36.0095,124.0],[146.0718,-36.0099,124.0],[146.0732,-36.0137,124.0],[146.0712,-36.0151,124.0],[146.0596,-36.0143,124.0],[146.0566,-35.9993,124.0],[146.0524,-35.9955,124.0],[146.0514,-35.9963,124.0],[146.0527,-36.0006,124.0],[146.05,-36.0029,124.0],[146.0437,-35.9998,124.0],[146.0388,-36.0009,124.0],[146.0315,-35.9947,124.0],[146.0232,-35.9984,125.1669],[146.0159,-36.0054,124.0],[146.0061,-36.0026,124.0],[146.0012,-36.0086,125.7467],[145.9895,-36.013,125.6913],[145.9846,-36.0127,120.0767],[145.9755,-36.0088,117.1268],[145.9747,-36.0146,116.6961],[145.9721,-36.0157,118.8464],[145.9693,-36.013,116.4835],[145.9735,-36.0084,116.5703],[145.9713,-36.0057,116.0],[145.9678,-36.0058,116.4715],[145.9622,-36.0094,117.624],[145.9583,-36.007,124.4872],[145.9579,-36.0034,133.2038],[145.965,-35.9967,115.0],[145.9529,-35.9922,114.5],[145.9516,-35.9829,117.7108],[145.9498,-35.9829,117.7164],[145.9483,-35.9852,119.2556],[145.946,-35.9832,119.3045],[145.9462,-35.9787,119.4292],[145.9504,-35.9787,116.1972],[145.9515,-35.9766,115.2238],[145.9492,-35.9721,115.0875],[145.9447,-35.9694,115.0946],[145.9442,-35.9669,114.3034],[145.9473,-35.9649,119.61],[145.9542,-35.9648,115.5254],[145.955,-35.9629,118.819],[145.9537,-35.9616,117.7596],[145.9462,-35.9613,117.9367],[145.9391,-35.9683,116.1204],[145.9357,-35.9696,114.0967],[145.9346,-35.9727,116.5722],[145.928,-35.9739,114.5138],[145.925,-35.9716,116.4422],[145.9282,-35.9676,113.9068],[145.9258,-35.9646,119.988],[145.9149,-35.9645,116.7979],[145.9151,-35.9688,113.0652],[145.9138,-35.9696,120.2522],[145.9061,-35.9633,115.4982],[145.9048,-35.9645,115.3348],[145.905,-35.969,116.0478],[145.9029,-35.9689,121.7019],[145.9001,-35.9645,114.1224],[145.9008,-35.9615,115.0844],[145.9088,-35.9584,114.3453],[145.9103,-35.956,113.4536],[145.9084,-35.9537,114.0011],[145.9027,-35.9525,114.7498],[145.8944,-35.9532,116.212],[145.89,-35.9573,115.8053],[145.8853,-35.9554,114.8838],[145.8805,-35.9578,113.0],[145.8764,-35.9553,118.6728],[145.8706,-35.9555,114.9893],[145.8606,-35.9605,114.941],[145.854,-35.9599,117.3541],[145.8526,-35.9615,115.7257],[145.8539,-35.9656,119.0316],[145.848,-35.9687,116.3326],[145.8593,-35.9716,113.0],[145.8586,-35.9748,115.4926],[145.8538,-35.9766,116.904],[145.8483,-35.973,120.521],[145.8456,-35.9735,114.139],[145.8444,-35.975,116.0041],[145.8486,-35.9786,113.7753],[145.8487,-35.9807,114.0682],[145.84,-35.9832,117.8252],[145.8361,-35.9821,112.5],[145.8358,-35.9768,113.1084],[145.8275,-35.9754,114.0342],[145.8244,-35.9793,112.0],[145.8286,-35.9798,113.1718],[145.8285,-35.9827,111.8367],[145.8246,-35.9847,116.7439],[145.8182,-35.9823,111.7297],[145.8114,-35.9841,112.7685],[145.8114,-35.9855,117.142],[145.8167,-35.9882,115.7625],[145.815,-35.991,112.4064],[145.8117,-35.9918,116.575],[145.8069,-35.9891,114.8172],[145.808,-35.9838,114.5849],[145.7934,-35.9828,110.8572],[145.7927,-35.9728,111.8986],[145.788,-35.9753,116.1362],[145.7845,-35.972,110.8003],[145.777,-35.9726,111.3127],[145.7814,-35.9638,119.4276],[145.7782,-35.9602,111.5759],[145.7683,-35.9631,114.857],[145.7661,-35.9667,122.3235],[145.7643,-35.9659,113.7463],[145.763,-35.9614,118.9816],[145.7579,-35.9581,113.4453],[145.7542,-35.9613,118.4729],[145.7461,-35.9642,109.9742],[145.7435,-35.9623,107.3826],[145.7443,-35.9591,110.2625],[145.7317,-35.9595,108.4654],[145.7317,-35.9562,116.3912],[145.7368,-35.9548,108.1373],[145.7341,-35.9513,112.8516],[145.73,-35.9511,110.9806],[145.7248,-35.9541,107.4853],[145.7215,-35.9515,110.8516],[145.7168,-35.9506,107.2213],[145.7157,-35.9478,113.1325],[145.7173,-35.945,107.5767],[145.7211,-35.9441,112.4359],[145.7265,-35.9464,108.7142],[145.7263,-35.9423,107.6662],[145.7203,-35.9344,111.1255],[145.7179,-35.9368,107.4861],[145.7144,-35.9374,105.9967],[145.7067,-35.932,104.8436],[145.7003,-35.937,110.0955],[145.6973,-35.9365,117.2892],[145.6962,-35.9341,102.5],[145.6976,-35.9299,105.77],[145.6958,-35.9258,102.5],[145.6977,-35.9247,102.7126],[145.7021,-35.9268,102.0],[145.7033,-35.9257,109.1635],[145.6982,-35.921,107.7947],[145.6951,-35.9206,102.6164],[145.6873,-35.9239,105.9924],[145.6862,-35.9256,103.5743],[145.6877,-35.9291,111.9847],[145.6859,-35.9306,102.4371],[145.682,-35.9298,109.4047],[145.6783,-35.9262,104.7917],[145.674,-35.9259,102.6082],[145.6735,-35.9232,100.5],[145.6788,-35.9194,111.3834],[145.679,-35.9168,104.2028],[145.669,-35.9195,102.8481],[145.6686,-35.9129,99.5],[145.6615,-35.9124,101.6571],[145.6575,-35.9007,101.5056],[145.6512,-35.8997,117.3219],[145.6473,-35.8931,104.7506],[145.6431,-35.8947,112.5798],[145.6397,-35.8942,114.7091],[145.6368,-35.8893,101.2724],[145.6317,-35.8881,114.4051],[145.6296,-35.8801,100.6034],[145.6273,-35.8799,111.1086],[145.6234,-35.8845,113.2859],[145.6203,-35.8839,106.7298],[145.6207,-35.8805,109.9759],[145.6281,-35.8754,99.5],[145.623,-35.8731,101.6477],[145.6171,-35.8755,108.8488],[145.6149,-35.8726,113.5414],[145.6191,-35.8691,104.6973],[145.6283,-35.8678,102.0797],[145.6286,-35.8657,102.544],[145.6263,-35.8628,101.7753],[145.616,-35.8649,105.1533],[145.6096,-35.8703,105.0286],[145.6017,-35.8679,99.9566],[145.6017,-35.8704,102.2384],[145.6065,-35.8749,108.0599],[145.6011,-35.875,107.4289],[145.5955,-35.8697,107.6062],[145.598,-35.8615,106.7531],[145.5887,-35.8626,100.925],[145.5868,-35.8612,99.0],[145.5882,-35.8577,117.8796],[145.5925,-35.8555,111.9252],[145.5932,-35.8491,99.0],[145.5816,-35.8483,111.8382],[145.5748,-35.8379,104.1435],[145.571,-35.8371,108.2414],[145.5685,-35.8339,99.7905],[145.564,-35.8342,105.3434],[145.5637,-35.8316,115.9503],[145.5672,-35.8285,102.7778],[145.5668,-35.8265,106.8514],[145.5642,-35.8259,99.0],[145.5611,-35.8283,104.1955],[145.558,-35.8282,105.7399],[145.5572,-35.826,106.5087],[145.5599,-35.8227,101.0986],[145.5571,-35.8189,103.5561],[145.5629,-35.8162,111.2355],[145.5628,-35.8134,110.3278],[145.5542,-35.8147,111.718],[145.5467,-35.8129,110.2765],[145.5424,-35.8217,105.6019],[145.5388,-35.8218,106.6739],[145.5367,-35.8199,115.8991],[145.5365,-35.8174,111.5755],[145.5419,-35.8089,99.5704],[145.5352,-35.8082,111.9188],[145.5339,-35.8058,102.2158],[145.5354,-35.802,99.3848],[145.5268,-35.8071,100.7062],[145.5282,-35.8115,98.5],[145.5237,-35.8138,101.8571],[145.5235,-35.8158,104.4104],[145.5253,-35.817,114.2763],[145.5225,-35.8185,107.6839],[145.5157,-35.8171,109.6106],[145.5127,-35.8154,98.5],[145.512,-35.8121,100.3773],[145.5068,-35.8121,106.7651],[145.5025,-35.8094,104.3689],[145.5003,-35.8103,107.0031],[145.4955,-35.809,98.5],[145.4943,-35.814,111.8638],[145.492,-35.8151,106.2018],[145.4877,-35.8125,102.1915],[145.4822,-35.8135,105.8337],[145.478,-35.8108,98.5],[145.4745,-35.8124,104.3968],[145.4721,-35.8092,98.0],[145.4715,-35.8113,110.2715],[145.4678,-35.8136,104.5673],[145.4691,-35.8182,110.8431],[145.464,-35.8219,98.0],[145.4634,-35.8263,109.7477],[145.4606,-35.8273,105.493],[145.4569,-35.826,100.8393],[145.4534,-35.8214,100.6324],[145.4507,-35.8214,107.132],[145.448,-35.8267,100.3723],[145.4491,-35.8291,101.875],[145.4423,-35.8356,100.152],[145.4399,-35.8355,108.9392],[145.4358,-35.8296,103.0828],[145.4294,-35.8345,97.5],[145.4269,-35.8329,98.165],[145.425,-35.8287,98.5587],[145.4199,-35.8282,105.3517],[145.4165,-35.8314,104.5945],[145.4126,-35.8306,97.0],[145.4126,-35.8344,97.7911],[145.4097,-35.8368,103.3535],[145.4111,-35.84,97.0],[145.4099,-35.8434,101.5192],[145.4119,-35.8464,103.2387],[145.4106,-35.8486,99.6628],[145.4048,-35.8509,98.9337],[145.3871,-35.8501,98.7799],[145.3802,-35.8548,97.0],[145.3774,-35.8588,97.7047],[145.3694,-35.8583,103.1604],[145.3607,-35.8612,97.0],[145.3588,-35.8654,97.8756],[145.3554,-35.8671,100.2815],[145.3525,-35.8659,97.4498],[145.3501,-35.8605,97.5129],[145.3415,-35.8624,97.5136],[145.3334,-35.855,101.7833],[145.3275,-35.8536,100.3123],[145.3244,-35.8507,98.453],[145.3182,-35.855,102.6781],[145.3123,-35.8556,98.1054],[145.309,-35.8605,108.635],[145.3017,-35.8585,101.2779],[145.2965,-35.8606,100.3949],[145.2931,-35.8586,96.7465],[145.2927,-35.8538,98.8482],[145.284,-35.8565,106.2853],[145.2831,-35.8548,102.1247],[145.285,-35.8507,97.694],[145.2786,-35.8533,101.5636],[145.2772,-35.8492,96.6513],[145.2727,-35.8452,100.037],[145.2706,-35.8459,96.3588],[145.2671,-35.8524,98.89],[145.262,-35.8499,98.6684],[145.2583,-35.8506,98.2603],[145.258,-35.848,96.3919],[145.2642,-35.8422,98.0878],[145.2596,-35.8394,96.1934],[145.2608,-35.8355,96.5451],[145.253,-35.835,104.3924],[145.2462,-35.8303,96.5564],[145.2405,-35.8337,98.749],[145.2369,-35.8324,96.0414],[145.2353,-35.8297,98.1677],[145.2291,-35.8333,98.2197],[145.225,-35.8322,96.7681],[145.223,-35.8358,102.3481],[145.2201,-35.8367,94.7698],[145.2244,-35.8396,103.7603],[145.2228,-35.8424,98.3937],[145.2159,-35.8414,105.3671],[145.2171,-35.8376,95.3696],[145.2152,-35.8362,102.4768],[145.2123,-35.8358,96.2824],[145.2074,-35.838,106.4764],[145.1978,-35.8348,105.5984],[145.1934,-35.8376,94.5472],[145.1898,-35.8343,95.4613],[145.1826,-35.8353,95.8594],[145.1823,-35.8409,96.131],[145.181,-35.842,102.5411],[145.1718,-35.8387,96.7897],[145.1681,-35.8425,96.0902],[145.1535,-35.843,101.8284],[145.1529,-35.8412,97.1216],[145.1575,-35.8381,95.46],[145.1592,-35.8311,95.5795],[145.1549,-35.8302,101.7784],[145.1475,-35.8335,98.2552],[145.1396,-35.8285,93.8299],[145.1387,-35.8331,97.8748],[145.1362,-35.8341,93.5682],[145.1343,-35.832,95.1146],[145.134,-35.8274,96.8028],[145.1306,-35.8282,99.7105],[145.1286,-35.8269,95.4098],[145.1277,-35.8207,94.4707],[145.1262,-35.8218,95.1173],[145.1266,-35.8296,99.0041],[145.123,-35.8281,99.6217],[145.1223,-35.8208,94.9011],[145.1153,-35.826,91.062],[145.1139,-35.8243,96.5774],[145.1155,-35.8211,92.7896],[145.1141,-35.8205,92.347],[145.104,-35.8286,95.0635],[145.0995,-35.8258,93.113],[145.0919,-35.836,91.0142],[145.0894,-35.8309,92.794],[145.0934,-35.8279,92.2617],[145.09,-35.8255,93.7253],[145.0845,-35.828,94.2623],[145.0774,-35.8274,91.1912],[145.0779,-35.8307,91.0252],[145.0765,-35.8318,98.7757],[145.0752,-35.8308,92.2276],[145.0755,-35.8273,91.5932],[145.0741,-35.8267,91.5932],[145.0718,-35.8332,91.9845],[145.0614,-35.8372,93.1039],[145.0538,-35.8352,91.7315],[145.0544,-35.8377,91.1995],[145.0509,-35.8387,94.918],[145.0494,-35.837,93.6313],[145.0516,-35.8341,92.713],[145.0496,-35.8337,94.2387],[145.041,-35.8417,95.1386],[145.0394,-35.8411,92.2177],[145.0388,-35.8384,93.1622],[145.037,-35.842,98.8478],[145.0378,-35.8454,96.5709],[145.0362,-35.847,93.0826],[145.0299,-35.8496,96.0751],[145.0246,-35.8471,93.001],[145.0228,-35.8534,101.3707],[145.019,-35.8566,98.5609],[145.0132,-35.8577,93.9171],[145.007,-35.8562,91.5712],[145.0007,-35.8493,94.6124],[144.9997,-35.8549,95.0549],[144.9923,-35.8523,94.3411],[144.9934,-35.8559,99.9399],[144.9913,-35.8564,93.7125],[144.9897,-35.8548,93.7534],[144.9914,-35.859,91.1778],[144.985,-35.8575,96.0406],[144.982,-35.8599,97.9719],[144.9791,-35.8584,93.228],[144.9755,-35.8608,92.6111],[144.9708,-35.861,94.3509],[144.9709,-35.8634,93.3118],[144.9682,-35.8655,92.614],[144.9697,-35.8679,96.1586],[144.9689,-35.8711,92.3771],[144.9724,-35.8735,91.7347],[144.9697,-35.8786,91.6367],[144.975,-35.8836,97.2504],[144.9727,-35.8883,93.2891],[144.9648,-35.8958,96.6457],[144.9673,-35.9011,100.2744],[144.967,-35.9052,102.8529],[144.965,-35.9056,91.5824],[144.9619,-35.9115,96.4822],[144.9586,-35.9116,95.0233],[144.9528,-35.9166,95.109],[144.9529,-35.9212,94.4709],[144.9489,-35.9316,91.4247],[144.9515,-35.9352,93.7082],[144.9505,-35.942,94.4901],[144.9553,-35.9465,91.0426],[144.954,-35.9524,92.4771],[144.9575,-35.9578,90.7144],[144.9574,-35.961,89.0],[144.955,-35.9625,90.1133],[144.9449,-35.9633,99.2175],[144.9415,-35.9668,96.8792],[144.9367,-35.9662,91.9171],[144.931,-35.9685,91.0317],[144.9259,-35.9747,100.4934],[144.9236,-35.9888,95.824],[144.9297,-35.9906,93.0139],[144.9362,-35.9995,93.7735],[144.9458,-36.0043,93.5607],[144.9472,-36.008,92.8154],[144.9455,-36.0122,90.4056],[144.954,-36.0164,89.3293],[144.9546,-36.0188,90.249],[144.9577,-36.0198,95.5329],[144.9618,-36.0182,94.2448],[144.9623,-36.0269,93.3887],[144.9665,-36.0298,102.2841],[144.9655,-36.0375,89.9557],[144.9678,-36.0421,90.0719],[144.9718,-36.0451,89.2691],[144.9821,-36.0483,90.539],[144.9859,-36.0565,102.9447],[144.987,-36.0639,92.4572],[144.9819,-36.0723,91.3858],[144.9652,-36.0792,90.1888],[144.9542,-36.0792,90.6437],[144.9518,-36.0825,90.7238],[144.9483,-36.0829,89.8387],[144.9365,-36.0758,86.4402],[144.9382,-36.0729,89.8758],[144.9377,-36.07,95.1826],[144.934,-36.0691,92.2515],[144.9326,-36.0671,96.4604],[144.9135,-36.063,96.2492],[144.9085,-36.064,89.7994],[144.9039,-36.0609,94.6516],[144.9016,-36.0636,94.5525],[144.898,-36.0624,93.3464],[144.8891,-36.0636,91.6884],[144.875,-36.0576,92.816],[144.8634,-36.0591,93.8781],[144.8643,-36.0655,99.8165],[144.8636,-36.0686,94.499],[144.8606,-36.0692,88.885],[144.8615,-36.0717,92.1768],[144.8596,-36.0718,98.2665],[144.8576,-36.069,93.8985],[144.8605,-36.0665,89.733],[144.8563,-36.0656,87.546],[144.8539,-36.0695,100.7209],[144.8565,-36.0736,94.3787],[144.8526,-36.074,91.0851],[144.8496,-36.0712,95.0753],[144.8471,-36.073,86.5989],[144.8498,-36.0767,90.7663],[144.8506,-36.0813,94.5523],[144.8465,-36.081,94.4772],[144.8449,-36.0831,92.9208],[144.842,-36.083,88.6758],[144.8417,-36.0874,90.9231],[144.8439,-36.0923,90.6918],[144.8398,-36.0944,89.171],[144.843,-36.0962,90.9796],[144.8424,-36.0999,92.2205],[144.8403,-36.1005,92.8685],[144.8355,-36.0985,93.2588],[144.8304,-36.1027,89.4477],[144.8238,-36.1026,87.4215],[144.8199,-36.1079,87.3024],[144.8172,-36.105,91.4209],[144.8099,-36.1024,92.5309],[144.8163,-36.1099,90.8725],[144.8134,-36.1106,90.1677],[144.8064,-36.1075,91.7106],[144.8079,-36.1103,90.0997],[144.8071,-36.1134,88.6719],[144.8121,-36.1127,96.9574],[144.8134,-36.1142,94.171],[144.8098,-36.1182,91.7898],[144.8079,-36.1236,90.9128],[144.804,-36.123,96.7452],[144.8013,-36.1199,92.0703],[144.7968,-36.12,94.7654],[144.7948,-36.1173,86.0],[144.7917,-36.1228,88.1315],[144.788,-36.1213,94.5194],[144.7853,-36.1223,86.7956],[144.7881,-36.125,93.3685],[144.7869,-36.1277,87.9767],[144.7771,-36.1298,94.987799999999993],[144.7735,-36.1254,95.7017],[144.7736,-36.1209,89.5047],[144.7711,-36.1192,94.7596],[144.7719,-36.1161,91.0275],[144.7684,-36.1159,89.1697],[144.7641,-36.1196,97.7886],[144.7569,-36.1188,91.0733],[144.7542,-36.1223,89.9496],[144.7486,-36.1218,96.5945],[144.7448,-36.1164,89.5864],[144.7435,-36.109,86.7137],[144.7406,-36.1076,90.0978],[144.7313,-36.112,91.0295],[144.7352,-36.1154,92.8446],[144.7347,-36.1165,97.521],[144.7264,-36.1178,87.6419],[144.7255,-36.1124,86.0],[144.7211,-36.1146,95.4447],[144.7174,-36.1121,90.2744],[144.7197,-36.1062,92.6931],[144.7191,-36.1007,92.1375],[144.7254,-36.0988,87.5854],[144.7233,-36.0946,86.0],[144.7257,-36.0894,90.8857],[144.7205,-36.0909,88.3506],[144.7195,-36.0862,88.6832],[144.7154,-36.0862,91.5492],[144.712,-36.0911,87.602],[144.7065,-36.0929,90.5488],[144.6989,-36.0873,87.4358],[144.6975,-36.094,89.2578],[144.6929,-36.0912,92.9954],[144.6883,-36.0959,90.3401],[144.6839,-36.0951,92.5281],[144.6848,-36.0903,96.6382],[144.6824,-36.084,92.6242],[144.6858,-36.0814,90.2967],[144.6863,-36.0754,91.4333],[144.6915,-36.0731,91.7701],[144.6924,-36.0698,88.5903],[144.6879,-36.0664,87.4341],[144.689,-36.0614,92.1273],[144.6786,-36.0625,92.2462],[144.6785,-36.0693,87.9823],[144.6741,-36.068,87.4967],[144.6712,-36.0713,95.398],[144.6686,-36.0717,94.4148],[144.6679,-36.0686,86.0],[144.6646,-36.077,94.5165],[144.6605,-36.0755,90.2782],[144.658,-36.0704,88.5423],[144.655,-36.0753,91.4794],[144.6528,-36.0736,88.0936],[144.6541,-36.067,89.8899],[144.6522,-36.0631,91.8306],[144.6532,-36.0532,87.071],[144.6469,-36.051,90.4109],[144.6464,-36.0561,92.782],[144.6439,-36.0567,95.6068],[144.6413,-36.0554,93.2542],[144.6375,-36.0474,87.5099],[144.6328,-36.0481,93.5393],[144.6294,-36.051,89.9662],[144.625,-36.0521,90.0974],[144.6275,-36.0586,97.8728],[144.6263,-36.0618,99.9318],[144.6183,-36.0597,95.07],[144.6197,-36.0632,90.0653],[144.6251,-36.0633,93.097],[144.6282,-36.0653,94.9104],[144.621,-36.071,88.8037],[144.6221,-36.0763,97.3489],[144.6177,-36.0772,90.3129],[144.6104,-36.0715,93.1058],[144.6158,-36.0666,87.7934],[144.6115,-36.0664,93.1621],[144.6084,-36.0636,94.2686],[144.6137,-36.0511,91.2426],[144.6176,-36.0469,91.3246],[144.617,-36.0448,101.396],[144.613,-36.0427,95.9528],[144.6189,-36.0391,89.9249],[144.6154,-36.0357,90.366],[144.6155,-36.0316,90.1038],[144.606,-36.0365,86.0],[144.6101,-36.0393,97.8203],[144.6088,-36.0418,88.5466],[144.6039,-36.0425,90.303],[144.5989,-36.0374,90.6868],[144.591,-36.0433,92.2177],[144.5888,-36.0384,90.6214],[144.5847,-36.0393,88.8798],[144.5825,-36.0381,90.4014],[144.5834,-36.033,86.0],[144.5813,-36.0299,91.4084],[144.5858,-36.029,92.0804],[144.5864,-36.0272,87.135],[144.5793,-36.021,89.1792],[144.5731,-36.0246,91.8503],[144.5711,-36.0241,93.9717],[144.5705,-36.0171,87.7753],[144.5664,-36.0183,95.286],[144.5642,-36.017,89.2478],[144.5652,-36.0106,87.3492],[144.5634,-36.0078,88.4592],[144.5612,-36.008,88.8659],[144.561,-36.0131,90.5578],[144.5576,-36.0141,87.8857],[144.5537,-36.003,92.4642],[144.5472,-36.005,89.3861],[144.5475,-36.0006,90.1206],[144.5397,-36.0013,90.8559],[144.5283,-35.993899999999996,87.9354],[144.5161,-35.9954,87.983],[144.5149,-35.9913,83.5],[144.512,-35.9889,90.2429],[144.5168,-35.986,84.1167],[144.5165,-35.9791,85.5055],[144.5217,-35.9732,85.851],[144.5211,-35.9703,86.8096],[144.5165,-35.9701,95.0573],[144.5132,-35.9749,92.1366],[144.5099,-35.9739,88.866],[144.5111,-35.9692,90.6185],[144.5147,-35.9667,85.2717],[144.513,-35.9652,90.5639],[144.5073,-35.9709,85.355],[144.5011,-35.9706,90.05],[144.4992,-35.9678,86.6457],[144.5025,-35.963,89.2982],[144.5019,-35.958,85.399],[144.4973,-35.9685,87.1133],[144.494,-35.9686,85.0218],[144.4916,-35.9652,83.5],[144.4875,-35.9642,88.1202],[144.4885,-35.9571,86.0436],[144.4834,-35.96,92.6825],[144.4812,-35.9586,92.4052],[144.4836,-35.9549,84.4914],[144.4818,-35.9536,87.9179],[144.4824,-35.9518,83.8996],[144.4879,-35.9512,83.5],[144.4876,-35.9495,88.9863],[144.483,-35.9495,87.1796],[144.4798,-35.9533,89.3384],[144.4777,-35.9514,83.9626],[144.4809,-35.9474,91.8959],[144.4794,-35.9453,84.2861],[144.4764,-35.9457,85.4113],[144.4787,-35.9468,96.8432],[144.4762,-35.9464,84.5237],[144.475,-35.9479,85.2527],[144.4718,-35.9458,86.2721],[144.4667,-35.9459,92.0404],[144.4675,-35.9433,95.2157],[144.4722,-35.9407,84.7086],[144.4702,-35.9395,87.9958],[144.4641,-35.9409,86.102],[144.4636,-35.9385,83.9527],[144.4676,-35.9352,86.9511],[144.4666,-35.9336,93.6323],[144.4618,-35.9344,85.9452],[144.4606,-35.9396,99.4184],[144.4586,-35.9389,93.7267],[144.4576,-35.9357,85.7137],[144.4533,-35.9372,89.5924],[144.447,-35.9355,90.0941],[144.4456,-35.9311,83.0],[144.4424,-35.9329,85.2885],[144.4391,-35.9312,87.7537],[144.4393,-35.9247,101.4337],[144.4357,-35.9249,90.472],[144.4327,-35.92,84.1935],[144.4265,-35.9187,84.6041],[144.4268,-35.9135,82.5],[144.4229,-35.9116,96.7927],[144.4234,-35.906,86.6236],[144.4203,-35.9063,84.5167],[144.4208,-35.9108,82.8357],[144.417,-35.9105,85.4333],[144.4157,-35.9087,84.971],[144.4169,-35.9057,85.3811],[144.421,-35.9027,82.8954],[144.4249,-35.9024,84.129],[144.4245,-35.9003,84.8799],[144.4189,-35.9002,82.6388],[144.4146,-35.9049,90.3593],[144.4079,-35.9039,83.4635],[144.4084,-35.8987,83.1606],[144.4122,-35.8967,86.3671],[144.4165,-35.8981,84.5051],[144.4172,-35.8967,83.9033],[144.4146,-35.895,91.5428],[144.4182,-35.8932,81.8405],[144.4135,-35.8924,83.5375],[144.4122,-35.8866,87.5819],[144.4069,-35.8838,100.5174],[144.4115,-35.8811,91.2044],[144.405,-35.8822,93.5083],[144.4036,-35.8807,81.5],[144.4086,-35.8752,81.699],[144.4042,-35.8762,81.5],[144.4041,-35.8742,89.2966],[144.4109,-35.8712,82.9414],[144.409,-35.8699,89.597],[144.4037,-35.8708,84.686],[144.4019,-35.8681,83.8757],[144.4081,-35.8657,82.6546],[144.4052,-35.8603,85.556],[144.4107,-35.8605,82.7088],[144.4114,-35.859,82.2111],[144.4071,-35.8585,81.7255],[144.4008,-35.8604,81.3607],[144.3986,-35.8627,81.8135],[144.3972,-35.8594,81.6398],[144.3946,-35.8607,85.2479],[144.3889,-35.8585,82.2762],[144.3903,-35.8506,82.4536],[144.3886,-35.8509,84.042],[144.387,-35.8551,84.6983],[144.3814,-35.8524,82.4656],[144.3845,-35.8466,88.5873],[144.3806,-35.8435,80.9116],[144.3843,-35.8419,80.3529],[144.3763,-35.8411,82.4617],[144.3729,-35.8382,80.3143],[144.3752,-35.8354,80.9664],[144.3816,-35.837,82.7784],[144.382,-35.8332,80.5968],[144.3786,-35.8325,81.298],[144.3749,-35.8346,80.9664],[144.3722,-35.832,81.6713],[144.374,-35.8297,82.2074],[144.3794,-35.8294,79.8659],[144.375,-35.8281,83.1243],[144.3748,-35.8253,79.4021],[144.379,-35.8216,80.0039],[144.3835,-35.8218,81.2353],[144.3841,-35.8196,88.8146],[144.3815,-35.8186,84.6903],[144.3752,-35.8206,81.9798],[144.3724,-35.8167,79.8491],[144.371,-35.8186,87.7588],[144.372,-35.823,82.9986],[144.3687,-35.8248,86.4065],[144.3666,-35.8242,80.608],[144.3648,-35.8209,80.6097],[144.3664,-35.8156,80.7453],[144.3689,-35.8132,81.3672],[144.3731,-35.8127,79.6506],[144.3775,-35.8143,82.9715],[144.3775,-35.8111,81.4403],[144.3667,-35.8115,83.2055],[144.3673,-35.8099,80.9522],[144.3722,-35.8084,80.7772],[144.3724,-35.8055,82.078],[144.3757,-35.8021,82.1558],[144.373,-35.7984,80.6237],[144.3768,-35.7956,79.5549],[144.3768,-35.793,82.311],[144.3743,-35.7907,85.5919],[144.3702,-35.7904,81.5287],[144.3651,-35.7959,79.6302],[144.3623,-35.7958,78.6026],[144.3618,-35.7921,87.3225],[144.3553,-35.7885,83.64],[144.3603,-35.7848,77.8992],[144.3545,-35.7872,79.8676],[144.3515,-35.7851,86.4584],[144.3533,-35.7757,81.4821],[144.348,-35.776,76.9595],[144.3468,-35.7746,80.494],[144.3495,-35.7715,83.2214],[144.3489,-35.767,80.588],[144.3429,-35.7715,83.579],[144.3406,-35.7699,82.0331],[144.3415,-35.7639,77.592],[144.3393,-35.765,77.0834],[144.3364,-35.7704,82.3746],[144.331,-35.765,84.4541],[144.3276,-35.7655,79.4526],[144.3245,-35.7686,80.0529],[144.3186,-35.7666,82.1699],[144.3188,-35.7648,78.9732],[144.3226,-35.7634,78.5551],[144.3216,-35.7579,79.9381],[144.328,-35.7557,78.1075],[144.3291,-35.7539,79.6602],[144.3278,-35.7526,77.7076],[144.3178,-35.7521,76.5224],[144.3165,-35.7565,78.7185],[144.3148,-35.757,78.7185],[144.3128,-35.7545,77.0732],[144.3139,-35.7503,76.0254],[144.3117,-35.7494,77.8538],[144.3099,-35.7503,78.3653],[144.3068,-35.7572,79.2273],[144.3034,-35.7562,75.895],[144.3,-35.7518,75.8346],[144.2953,-35.7544,76.4939],[144.2945,-35.7507,75.5893],[144.3013,-35.743,77.6917],[144.2961,-35.7371,76.7079],[144.2894,-35.7386,78.5578],[144.2855,-35.737,75.0845],[144.2823,-35.7399,78.4097],[144.2778,-35.7408,76.4595],[144.2784,-35.7442,77.3326],[144.2743,-35.7465,75.1622],[144.2705,-35.754,74.7414],[144.2645,-35.7514,80.4699],[144.2612,-35.7488,75.0832],[144.262,-35.746,76.426],[144.2589,-35.7418,75.4213],[144.2539,-35.7384,77.6863],[144.2547,-35.7353,82.0796],[144.2516,-35.7326,73.3877],[144.2533,-35.7299,75.4955],[144.2495,-35.7306,76.0683],[144.2476,-35.7294,78.2887],[144.2482,-35.721,75.6382],[144.2306,-35.7155,75.9116],[144.2256,-35.7103,73.2843],[144.216,-35.7065,75.631],[144.2157,-35.7012,77.4057],[144.2197,-35.6989,76.9422],[144.2162,-35.6963,72.0],[144.2216,-35.694,76.237],[144.2151,-35.6921,75.2808],[144.2135,-35.6867,74.9034],[144.2083,-35.6874,74.1712],[144.2066,-35.6858,75.2955],[144.2039,-35.6878,73.4387],[144.2028,-35.6844,75.6489],[144.1994,-35.6865,76.6204],[144.1951,-35.6859,77.0024],[144.1915,-35.6808,76.3114],[144.1883,-35.6805,73.0482],[144.1897,-35.6768,75.951],[144.1864,-35.6752,77.6897],[144.1899,-35.6739,74.6794],[144.1867,-35.6729,76.7988],[144.1868,-35.6704,72.8151],[144.1802,-35.6735,74.4043],[144.1768,-35.6724,74.8065],[144.1744,-35.6746,77.9063],[144.1718,-35.6718,72.0256],[144.1624,-35.6715,78.0215],[144.1626,-35.668,76.239],[144.1583,-35.6614,76.6441],[144.1584,-35.6582,72.5831],[144.1544,-35.6575,74.2402],[144.1515,-35.6534,77.7158],[144.154,-35.6501,72.3705],[144.157,-35.6511,71.8575],[144.1535,-35.6462,74.266],[144.1496,-35.646,74.0432],[144.1526,-35.6427,76.8609],[144.1467,-35.6444,73.3483],[144.1481,-35.6455,74.0432],[144.1474,-35.6472,72.3639],[144.1429,-35.6473,74.2097],[144.1407,-35.6466,78.4517],[144.1375,-35.6405,74.089],[144.1315,-35.6408,77.7343],[144.1305,-35.6356,74.706],[144.1315,-35.6335,73.8262],[144.1278,-35.6346,78.7479],[144.1264,-35.6316,72.0065],[144.1176,-35.6259,76.6972],[144.1199,-35.621,73.9939],[144.1148,-35.6197,78.1421],[144.1136,-35.6167,73.4544],[144.1159,-35.6129,72.8398],[144.111,-35.6074,72.4561],[144.1142,-35.6053,72.9945],[144.1135,-35.6022,72.4951],[144.1097,-35.6021,72.8745],[144.1089,-35.6002,74.0303],[144.1111,-35.5989,74.3258],[144.1098,-35.5984,71.0231],[144.1033,-35.5981,76.3456],[144.1062,-35.5954,73.0893],[144.105,-35.5908,70.803],[144.102,-35.5916,74.5584],[144.1004,-35.5887,72.0714],[144.0963,-35.5871,72.7928],[144.092,-35.5875,73.1809],[144.0858,-35.5843,72.2233],[144.0796,-35.5843,72.4674],[144.0759,-35.581,73.3617],[144.0726,-35.5806,75.4995],[144.0719,-35.5783,72.8586],[144.0685,-35.5802,74.4189],[144.0661,-35.5777,74.7811],[144.0623,-35.5768,75.3242],[144.064,-35.5705,74.4033],[144.0468,-35.5631,78.6204],[144.0479,-35.5563,73.7152],[144.0461,-35.5526,73.3493],[144.044,-35.5526,72.9477],[144.0431,-35.5555,76.382],[144.0415,-35.5558,73.7479],[144.0388,-35.5534,75.5683],[144.0392,-35.5493,72.9363],[144.0341,-35.556,73.0569],[144.0318,-35.5538,72.8428],[144.0294,-35.5563,75.5272],[144.0189,-35.5529,75.5793],[144.0152,-35.5547,75.6853],[144.0127,-35.5541,73.6126],[144.0094,-35.5581,74.5468],[144.0123,-35.5623,74.7003],[144.0096,-35.5633,74.6341],[144.0031,-35.5608,72.4808],[143.9967,-35.556,74.6485],[143.993,-35.556399999999996,75.286],[143.9899,-35.5547,74.4561],[143.9904,-35.5522,73.9315],[143.9964,-35.5493,73.6789],[143.9992,-35.5454,74.7692],[143.9956,-35.5422,73.0227],[143.9967,-35.5359,73.7062],[143.992,-35.534,74.5765],[143.9893,-35.5354,74.4912],[143.9747,-35.5326,72.8878],[143.9715,-35.5247,74.0225],[143.9693,-35.5231,75.2402],[143.9709,-35.52,74.1751],[143.9624,-35.514,72.2474],[143.9648,-35.5084,74.3748],[143.967,-35.5083,73.5603],[143.9686,-35.5103,70.8351],[143.9725,-35.5093,73.3293],[143.9687,-35.5053,71.6436],[143.9701,-35.5001,71.1667],[143.9675,-35.5005,70.4883],[143.9683,-35.5023,73.3767],[143.9669,-35.5029,72.2449],[143.961,-35.499,73.5799],[143.961,-35.5034,74.3832],[143.959,-35.5045,71.8871],[143.9531,-35.5038,71.131],[143.9488,-35.5008,70.9309],[143.9419,-35.5017,71.7161],[143.9368,-35.5029,72.4655],[143.9359,-35.5059,70.3986],[143.9333,-35.5066,73.9121],[143.9323,-35.5022,71.7594],[143.9357,-35.501,71.5525],[143.935,-35.4993,71.9383],[143.9299,-35.5016,74.4128],[143.9241,-35.5016,73.4397],[143.922,-35.4996,71.7771],[143.9183,-35.5008,71.7098],[143.9165,-35.499,70.7126],[143.9173,-35.497,70.6545],[143.9122,-35.4949,72.6032],[143.9124,-35.4993,71.1002],[143.9088,-35.4985,71.5595],[143.9062,-35.5,73.8758],[143.9039,-35.4953,74.4151],[143.9077,-35.4942,73.0112],[143.8994,-35.4953,72.2799],[143.8875,-35.4853,74.2928],[143.8806,-35.4873,71.4262],[143.8766,-35.4862,73.8905],[143.8714,-35.4778,71.4876],[143.8698,-35.4787,72.6874],[143.8697,-35.4817,72.6626],[143.8639,-35.4772,70.8883],[143.8611,-35.4801,71.9998],[143.8588,-35.48,72.1708],[143.8582,-35.4775,70.6167],[143.8604,-35.4745,71.2224],[143.8539,-35.4688,74.8286],[143.8561,-35.4643,71.798],[143.8554,-35.4618,71.833],[143.846,-35.4633,71.6996],[143.84,-35.4577,71.4913],[143.827,-35.4551,71.5001],[143.8218,-35.4493,70.3472],[143.8221,-35.4459,75.7402],[143.813,-35.4463,73.5767],[143.813,-35.4434,73.6332],[143.8189,-35.4399,81.0673],[143.818,-35.4375,77.074],[143.8086,-35.4333,74.4012],[143.8038,-35.4345,72.3145],[143.8002,-35.4334,75.3747],[143.7969,-35.4297,73.5287],[143.7937,-35.4294,70.9262],[143.7901,-35.4225,70.63],[143.7767,-35.4241,71.2004],[143.772,-35.424,71.2514],[143.7689,-35.4218,72.0989],[143.7628,-35.4231,72.9241],[143.7625,-35.4214,70.5965],[143.766,-35.4159,71.1837],[143.7602,-35.4175,73.446],[143.7588,-35.4154,70.1502],[143.7616,-35.4103,70.7702],[143.7686,-35.4084,70.5163],[143.767,-35.404,70.5349],[143.7688,-35.4018,72.0448],[143.7629,-35.4006,75.4775],[143.7644,-35.3926,71.9672],[143.7624,-35.3921,70.6888],[143.7572,-35.3945,72.6829],[143.7516,-35.3925,71.7294],[143.751,-35.3878,77.631],[143.7459,-35.3887,70.692],[143.7449,-35.3865,68.8923],[143.7443,-35.3904,73.2901],[143.7396,-35.3936,71.3069],[143.735,-35.3929,71.1445],[143.732,-35.3941,72.4592],[143.7304,-35.3905,76.7378],[143.7269,-35.3902,74.2083],[143.715,-35.3929,74.264],[143.7092,-35.3925,71.8756],[143.7092,-35.3886,74.5203],[143.7118,-35.3866,74.7366],[143.7117,-35.3847,76.594],[143.7092,-35.384,71.781],[143.7056,-35.389,74.1528],[143.7034,-35.3894,72.4345],[143.7013,-35.387,70.3342],[143.704,-35.3798,71.0536],[143.7023,-35.3779,70.5215],[143.697,-35.3838,70.8204],[143.6931,-35.3839,71.1759],[143.6929,-35.3779,72.8399],[143.6893,-35.3773,72.5577],[143.6884,-35.3707,72.3251],[143.6845,-35.3684,70.559],[143.6833,-35.369,70.559],[143.6826,-35.3741,74.2898],[143.679,-35.3735,75.1449],[143.6766,-35.3707,70.9208],[143.6679,-35.3716,69.2097],[143.6666,-35.3764,71.9386],[143.6642,-35.3777,72.2475],[143.6667,-35.3791,70.9097],[143.6658,-35.3822,69.5373],[143.6681,-35.3857,70.5834],[143.6571,-35.385,71.9277],[143.6558,-35.3907,69.0547],[143.6524,-35.3915,72.9491],[143.6539,-35.3949,69.7121],[143.649,-35.3954,69.033],[143.6473,-35.3987,69.4755],[143.6423,-35.401,68.766],[143.64,-35.4009,69.6885],[143.6376,-35.3961,69.415],[143.6312,-35.3955,69.3296],[143.6294,-35.3924,68.8229],[143.6346,-35.3866,69.9447],[143.633,-35.3835,71.9117],[143.6299,-35.3848,70.5569],[143.6263,-35.381,68.4981],[143.6242,-35.3831,67.7522],[143.6247,-35.3879,68.0008],[143.6204,-35.3877,67.7803],[143.6187,-35.3853,66.8122],[143.619,-35.3821,67.6138],[143.6133,-35.377,68.7684],[143.6165,-35.3722,70.1016],[143.616,-35.3689,70.861],[143.6136,-35.3677,67.4419],[143.6098,-35.37,69.2223],[143.6085,-35.3666,68.8747],[143.603,-35.3654,68.0497],[143.6038,-35.3621,67.4695],[143.5975,-35.3552,69.9444],[143.5984,-35.3521,68.9689],[143.5962,-35.3505,70.6388],[143.5903,-35.3503,67.8984],[143.5894,-35.3471,67.0133],[143.5845,-35.346,67.6967],[143.58,-35.3397,70.5217],[143.575,-35.3408,70.0914],[143.5727,-35.3374,66.9026],[143.5704,-35.3427,70.8376],[143.5668,-35.3436,72.2329],[143.5618,-35.3372,66.3781],[143.5643,-35.3285,71.002],[143.5617,-35.3253,65.7346],[143.5637,-35.3224,69.1727],[143.5636,-35.3164,69.5599],[143.5665,-35.3139,65.0],[143.5677,-35.3083,67.6958],[143.5725,-35.306,67.0468],[143.569,-35.3024,69.2549],[143.5711,-35.3013,66.3935],[143.5741,-35.3034,69.1359],[143.5779,-35.3032,67.8856],[143.5771,-35.2984,65.5095],[143.5823,-35.2981,68.4175],[143.5797,-35.2956,66.6825],[143.5821,-35.2878,66.7395],[143.5867,-35.2865,68.8396],[143.5867,-35.2846,64.5],[143.5909,-35.2817,69.7773],[143.5903,-35.2804,67.4233],[143.5845,-35.2793,66.2327],[143.5853,-35.2768,67.1829],[143.5877,-35.2769,65.5915],[143.5908,-35.2738,67.1858],[143.5897,-35.2722,66.8026],[143.5824,-35.2728,66.9401],[143.5808,-35.2691,67.801],[143.5835,-35.265,64.0984],[143.5784,-35.2674,67.9207],[143.5751,-35.2654,68.4974],[143.5752,-35.2685,72.3671],[143.5738,-35.2692,65.0561],[143.5717,-35.268,65.2385],[143.571,-35.2655,65.8745],[143.5741,-35.2565,68.9061],[143.5701,-35.2507,65.6217],[143.5699,-35.2464,64.7779],[143.5637,-35.2435,68.0049],[143.5667,-35.2402,65.594],[143.5642,-35.238,68.9329],[143.5645,-35.2361,66.4977],[143.573,-35.2352,66.5697],[143.5781,-35.2317,65.0731],[143.5762,-35.2303,66.6466],[143.5759,-35.2264,64.9347],[143.581,-35.22,65.724],[143.58,-35.2143,70.7758],[143.5708,-35.2069,69.9629],[143.5634,-35.2025,67.5332],[143.547,-35.2062,67.7919],[143.5465,-35.2076,66.3782],[143.5496,-35.2112,66.0862],[143.5483,-35.2138,66.5925],[143.5292,-35.2199,68.7715],[143.5228,-35.2183,64.6245],[143.5183,-35.2116,67.8048],[143.5049,-35.2139,66.3391],[143.5014,-35.2179,64.9454],[143.494,-35.22,67.9832],[143.4841,-35.2184,64.8436],[143.4715,-35.2193,67.4869],[143.4661,-35.2147,68.263],[143.4647,-35.2026,63.6664],[143.4592,-35.2034,65.9113],[143.4582,-35.1988,64.8824],[143.456,-35.1964,65.3438],[143.4502,-35.1939,67.5771],[143.4495,-35.1891,65.1246],[143.4338,-35.1907,63.1847],[143.4339,-35.1935,65.4737],[143.4316,-35.195,64.1326],[143.4285,-35.1937,63.0168],[143.4258,-35.1894,66.2698],[143.4175,-35.1949,80.4872],[143.4122,-35.1933,71.5133],[143.4042,-35.1937,76.1442],[143.4005,-35.1899,74.4021],[143.3967,-35.1931,84.1327],[143.3947,-35.1924,80.2126],[143.391,-35.1887,61.669],[143.3931,-35.1855,62.9692],[143.3911,-35.1848,71.0293],[143.3888,-35.1863,86.3742],[143.387,-35.1835,70.8464],[143.3937,-35.1781,63.0703],[143.3918,-35.1726,66.4689],[143.3898,-35.1711,70.5429],[143.3877,-35.1725,63.4709],[143.3847,-35.1714,62.0091],[143.3843,-35.1741,62.0321],[143.3819,-35.1729,67.3888],[143.3875,-35.1623,60.0735],[143.3826,-35.1628,60.1469],[143.3834,-35.1608,63.409],[143.3869,-35.1598,62.4591],[143.3823,-35.1561,65.3759],[143.3846,-35.1528,63.6161],[143.3895,-35.1502,64.6849],[143.3911,-35.1472,63.3063],[143.3905,-35.1448,66.3854],[143.3867,-35.1432,66.1354],[143.387,-35.1376,64.7827],[143.3766,-35.129,61.8638],[143.3739,-35.1226,62.5226],[143.3688,-35.1198,65.988],[143.366,-35.1203,67.8872],[143.362,-35.1169,61.7184],[143.3621,-35.1144,63.0824],[143.359,-35.1113,70.1657],[143.3597,-35.109,69.7837],[143.3577,-35.1049,66.9841],[143.3608,-35.103,66.0247],[143.3529,-35.0996,60.7039],[143.3529,-35.103,67.0198],[143.3486,-35.1008,61.302],[143.3501,-35.1044,63.553],[143.3481,-35.1054,62.8615],[143.3444,-35.0995,62.2781],[143.3446,-35.0964,63.2164],[143.3409,-35.0957,62.7383],[143.3459,-35.0938,72.8075],[143.3409,-35.0885,66.9291],[143.345,-35.0868,72.7773],[143.3416,-35.0851,69.6154],[143.3437,-35.0825,61.5025],[143.3374,-35.0804,60.2543],[143.343,-35.0791,65.0124],[143.3428,-35.0767,63.3054],[143.3455,-35.0741,64.7101],[143.339,-35.0704,66.0401],[143.3391,-35.0682,61.8631],[143.3419,-35.0645,64.3216],[143.3468,-35.0658,65.4646],[143.347,-35.0683,64.1416],[143.3497,-35.0699,61.2465],[143.3508,-35.0647,73.6083],[143.342,-35.0587,72.1331],[143.3408,-35.0593,61.8001],[143.3416,-35.0624,64.4286],[143.3377,-35.0613,60.7136],[143.3368,-35.0597,63.5537],[143.3399,-35.055,62.6419],[143.3373,-35.0486,62.1482],[143.3343,-35.0493,61.0017],[143.3342,-35.0545,61.9432],[143.3305,-35.0539,61.6447],[143.3335,-35.0459,60.403],[143.3365,-35.0432,78.8295],[143.3287,-35.0459,61.9948],[143.3278,-35.0442,67.4372],[143.3296,-35.0416,61.8212],[143.3244,-35.042,62.9821],[143.3278,-35.0379,61.6288],[143.3221,-35.0367,61.2096],[143.3277,-35.0339,64.2236],[143.3305,-35.0374,60.923],[143.336,-35.0374,64.9534],[143.3345,-35.0329,62.0962],[143.3352,-35.0294,61.869],[143.3329,-35.0279,66.0043],[143.3349,-35.0263,61.9075],[143.3319,-35.0238,61.3707],[143.3351,-35.0206,63.9672],[143.3333,-35.0182,62.2226],[143.3341,-35.0151,64.3913],[143.3381,-35.0109,61.4066],[143.3358,-35.003,61.2064],[143.3297,-34.9957,61.901],[143.3263,-34.9931,62.3534],[143.3235,-34.9945,60.5166],[143.3188,-34.9929,63.2403],[143.3178,-34.9864,62.9442],[143.3232,-34.9815,60.2179],[143.3237,-34.9791,59.0164],[143.3213,-34.9738,58.8338],[143.323,-34.9702,61.7337],[143.3196,-34.9687,60.4937],[143.3198,-34.956,60.6016],[143.3177,-34.9526,60.5555],[143.3227,-34.9509,58.8532],[143.3199,-34.9477,57.0206],[143.3225,-34.9462,56.1507],[143.322,-34.9423,61.8858],[143.3273,-34.9424,58.703],[143.3295,-34.9399,57.4884],[143.3318,-34.9411,55.1534],[143.3334,-34.9385,58.8586],[143.3366,-34.9448,60.0674],[143.3395,-34.9436,61.2399],[143.3414,-34.9403,58.8717],[143.3375,-34.9402,54.5136],[143.3376,-34.9366,55.2619],[143.3409,-34.9354,59.1146],[143.3428,-34.9325,57.3252],[143.3389,-34.9259,59.781],[143.3419,-34.919,56.6907],[143.3405,-34.9137,56.0668],[143.3362,-34.9134,58.9002],[143.3334,-34.9113,57.5341],[143.332,-34.9075,54.4747],[143.3299,-34.9064,55.0139],[143.3324,-34.9045,59.2447],[143.3262,-34.8982,61.6022],[143.3281,-34.895,54.355],[143.3227,-34.8918,58.054],[143.3214,-34.8885,50.0898],[143.3237,-34.8838,55.8358],[143.3266,-34.8839,55.1918],[143.3273,-34.8823,59.5804],[143.3336,-34.8855,49.4562],[143.3322,-34.8884,51.0529],[143.3357,-34.886,49.2848],[143.3341,-34.8846,49.4562],[143.336,-34.8832,51.3097],[143.3367,-34.8792,62.0359],[143.3389,-34.8814,54.2208],[143.3417,-34.8811,52.347],[143.3429,-34.8788,50.0782],[143.3408,-34.8778,61.2441],[143.3424,-34.8758,51.3272],[143.3373,-34.8748,48.1561],[143.3384,-34.8703,50.7512],[143.3435,-34.8659,56.9177],[143.3486,-34.8648,52.0119],[143.3479,-34.8621,51.1373],[143.3526,-34.8582,47.8021],[143.3474,-34.8561,46.8451],[143.3452,-34.8535,58.3472],[143.3487,-34.8478,47.5929],[143.3552,-34.8474,43.5937],[143.3549,-34.846,54.9329],[143.3474,-34.8464,48.9437],[143.3433,-34.8482,60.5645],[143.3412,-34.8463,61.8434],[143.3515,-34.8385,53.7037],[143.3506,-34.8342,52.9896],[143.3542,-34.8302,51.3955],[143.3516,-34.8232,63.6283],[143.3596,-34.8169,53.1519],[143.357,-34.8121,47.1387],[143.352,-34.8107,43.1416],[143.3476,-34.8073,44.4508],[143.3474,-34.8039,54.3175],[143.3517,-34.7955,41.8554],[143.3479,-34.7916,42.8476],[143.3451,-34.7907,52.9195],[143.333,-34.7932,62.51],[143.3291,-34.7864,43.5201],[143.3217,-34.7909,43.7055],[143.3183,-34.7908,46.867],[143.3134,-34.7875,39.0],[143.3127,-34.7808,53.379],[143.3088,-34.7799,47.9847],[143.297,-34.7854,41.5979],[143.294,-34.7909,46.2729],[143.2875,-34.785,49.9059],[143.2843,-34.7852,46.7323],[143.2869,-34.795,57.6219],[143.2837,-34.7952,59.1565],[143.2767,-34.7923,38.7624],[143.2736,-34.7891,40.1652],[143.2762,-34.7823,48.6703],[143.2718,-34.7796,46.0647],[143.273,-34.7764,51.0044],[143.2627,-34.7736,37.0],[143.262,-34.7771,45.0188],[143.2577,-34.7785,48.3811],[143.2521,-34.7728,46.6192],[143.2543,-34.7666,42.6553],[143.265,-34.764,55.8941],[143.2716,-34.7595,40.9299],[143.2677,-34.756,40.4211],[143.2686,-34.753,37.0],[143.274,-34.7527,41.8139],[143.2653,-34.7486,42.459],[143.2623,-34.7518,46.4037],[143.2489,-34.7579,44.2448],[143.2442,-34.7549,58.0802],[143.2434,-34.7479,40.9842],[143.2407,-34.7455,48.1651],[143.2379,-34.7473,44.0849],[143.2288,-34.7478,41.3942],[143.2274,-34.7507,37.0],[143.2289,-34.7578,39.6712],[143.2244,-34.7587,47.5357],[143.22,-34.7552,42.0144],[143.2191,-34.7526,49.6355],[143.2214,-34.7431,57.1462],[143.2139,-34.7385,42.1829],[143.2149,-34.7354,46.7144],[143.2225,-34.7324,51.1975],[143.2188,-34.7295,38.6496],[143.2136,-34.7302,45.2669],[143.2056,-34.7344,46.7085],[143.2,-34.7334,57.8493],[143.1965,-34.7286,53.8044],[143.1958,-34.7208,46.1207],[143.1992,-34.717,68.7861],[143.1918,-34.7128,47.0233],[143.1793,-34.7173,44.6952],[143.1779,-34.7151,49.5645],[143.1813,-34.7117,41.5033],[143.181,-34.7095,47.3534],[143.1756,-34.7132,37.6746],[143.1732,-34.7197,56.4097],[143.1654,-34.7181,57.5426],[143.1637,-34.7153,48.6575],[143.1659,-34.7075,58.9702],[143.1658,-34.702,60.9064],[143.1617,-34.6979,47.2751],[143.1564,-34.6993,45.1496],[143.1537,-34.7053,52.4935],[143.1479,-34.7088,37.0],[143.1487,-34.7139,44.4343],[143.1474,-34.7148,57.4059],[143.1349,-34.7078,51.9861],[143.1335,-34.7006,56.5795],[143.1258,-34.7011,37.0],[143.1206,-34.7037,48.0949],[143.1178,-34.7031,51.1949],[143.1181,-34.6983,40.4268],[143.1277,-34.6945,37.0],[143.1278,-34.6927,49.2643],[143.1221,-34.6936,45.0703],[143.1098,-34.7016,60.3926],[143.1072,-34.7015,58.8382],[143.1066,-34.6995,57.3301],[143.1116,-34.6871,42.1458],[143.1156,-34.6857,48.0826],[143.1213,-34.6874,37.0],[143.1125,-34.6808,42.5708],[143.111,-34.6812,42.5708],[143.1065,-34.6923,40.6466],[143.0973,-34.6962,41.945],[143.0928,-34.7013,55.3931],[143.0762,-34.696,40.165],[143.0718,-34.6894,39.9499],[143.0708,-34.6784,52.2258],[143.0668,-34.6796,48.0361],[143.0651,-34.689,47.1987],[143.0584,-34.6971,48.6686],[143.0548,-34.6989,43.2657],[143.0509,-34.6993,43.0379],[143.047,-34.6971,55.0597],[143.0438,-34.6921,46.2365],[143.0434,-34.6866,39.2072],[143.0404,-34.6859,39.9528],[143.0377,-34.6885,37.0],[143.0375,-34.6917,39.8605],[143.0444,-34.6993,37.0],[143.0395,-34.7026,44.8438],[143.0294,-34.6919,43.5568],[143.0298,-34.6874,37.0],[143.0325,-34.6829,46.7671],[143.0268,-34.6818,44.2623],[143.0242,-34.6829,45.3487],[143.0218,-34.6929,41.3062],[143.0154,-34.6948,53.1436],[143.0102,-34.6937,45.5565],[143.008,-34.6908,54.5328],[143.008,-34.6859,58.928],[143.0169,-34.6766,40.5911],[143.0173,-34.6737,42.7034],[143.0133,-34.6711,46.166],[143.0011,-34.6697,47.4283],[142.999,-34.6703,47.4422],[142.9965,-34.674,47.4987],[142.9946,-34.6739,42.1893],[142.9893,-34.6626,40.3832],[142.9861,-34.6684,56.7443],[142.9753,-34.6709,40.538],[142.9814,-34.6775,54.5397],[142.9825,-34.6821,43.597],[142.9773,-34.6933,54.0253],[142.9727,-34.6952,52.1335],[142.9678,-34.6919,54.471],[142.963,-34.6758,39.2506],[142.9581,-34.6711,54.1791],[142.9593,-34.665,40.8595],[142.9524,-34.6694,37.7616],[142.9489,-34.6697,57.9961],[142.9452,-34.6665,41.8408],[142.9437,-34.662,40.4199],[142.9352,-34.6608,38.3497],[142.9326,-34.6555,42.8975],[142.9223,-34.6565,51.0333],[142.9212,-34.6545,55.8293],[142.9247,-34.6496,39.9817],[142.9238,-34.6479,45.8265],[142.9183,-34.6506,44.9757],[142.9097,-34.6512,37.0],[142.9015,-34.655,47.2823],[142.9004,-34.6627,44.7463],[142.8933,-34.6657,44.9211],[142.8943,-34.6674,39.129],[142.8994,-34.6688,46.1688],[142.9002,-34.6715,43.7394],[142.8964,-34.6733,45.4602],[142.8914,-34.6718,42.8955],[142.8908,-34.6739,48.644],[142.8939,-34.6768,42.3843],[142.8939,-34.6788,47.5262],[142.8868,-34.6798,49.4813],[142.8852,-34.6772,39.4984],[142.8872,-34.6734,39.4714],[142.8865,-34.6721,44.191],[142.8759,-34.6749,53.3268],[142.8727,-34.6704,42.3503],[142.8721,-34.6641,42.8891],[142.8693,-34.6641,39.6064],[142.8642,-34.6671,45.0583],[142.8605,-34.6652,44.0462],[142.8613,-34.6624,50.1956],[142.8696,-34.6572,49.9896],[142.8719,-34.6503,53.4527],[142.8645,-34.6442,37.4602],[142.8635,-34.6391,38.8037],[142.8602,-34.6396,46.8461],[142.8605,-34.6442,43.679],[142.8588,-34.645,50.8518],[142.8564,-34.643,41.0416],[142.8554,-34.6387,40.4112],[142.8683,-34.6275,39.5573],[142.8611,-34.6281,54.1004],[142.8554,-34.6203,47.0211],[142.8525,-34.6192,40.1903],[142.8476,-34.6201,46.7642],[142.8451,-34.6265,54.0944],[142.8407,-34.6258,42.9614],[142.8382,-34.613,38.2012],[142.8247,-34.6085,55.4689],[142.8252,-34.6019,37.9247],[142.8231,-34.6003,40.7424],[142.8206,-34.6006,38.6769],[142.8185,-34.6031,42.6424],[142.8202,-34.6099,46.3313],[142.8185,-34.6124,45.3453],[142.805,-34.6084,44.6769],[142.803,-34.6062,37.2944],[142.8029,-34.6017,37.0],[142.8097,-34.595,53.5077],[142.8114,-34.5914,37.0],[142.8103,-34.5891,42.2069],[142.8031,-34.5889,40.2659],[142.7996,-34.5975,39.333],[142.7979,-34.5976,39.5442],[142.7953,-34.5971,44.7032],[142.7877,-34.5902,48.7754],[142.7866,-34.5843,37.0],[142.8014,-34.579,46.6202],[142.8001,-34.576,42.5889],[142.7966,-34.574,40.4019],[142.7964,-34.5719,40.1485],[142.8027,-34.5647,37.6763],[142.8101,-34.5609,45.6404],[142.8054,-34.5539,40.0584],[142.7942,-34.5513,48.9981],[142.7914,-34.5464,50.6596],[142.7894,-34.5471,37.0],[142.788,-34.5512,43.8244],[142.7887,-34.5574,41.0817],[142.7827,-34.5616,37.0],[142.7825,-34.5649,48.8245],[142.778,-34.5674,44.2714],[142.7716,-34.566,37.0],[142.77,-34.5689,55.1295],[142.7719,-34.5718,40.7044],[142.7839,-34.5775,55.57],[142.7841,-34.5804,52.8927],[142.7693,-34.5782,50.8718],[142.7585,-34.5798,55.492],[142.7502,-34.5763,57.288],[142.7483,-34.5768,40.079],[142.7455,-34.5832,51.8377],[142.7457,-34.5863,37.0],[142.7492,-34.589,50.7248],[142.7624,-34.5893,50.6335],[142.764,-34.5947,45.0544],[142.7618,-34.5985,55.7974],[142.7534,-34.6025,45.796],[142.744,-34.603,60.5661],[142.7321,-34.5997,52.9592],[142.7251,-34.5927,37.0],[142.7228,-34.5924,39.8386],[142.7196,-34.5941,37.0],[142.7178,-34.5988,39.479],[142.7148,-34.6004,44.6746],[142.7043,-34.5976,37.0],[142.7009,-34.5983,40.809],[142.6995,-34.6029,50.1617],[142.7039,-34.6112,39.4888],[142.7037,-34.614,42.9224],[142.7005,-34.6158,38.7463],[142.6894,-34.6166,51.5027],[142.6913,-34.6195,43.528],[142.7076,-34.618899999999996,52.4469],[142.7089,-34.6218,43.7726],[142.708,-34.6234,49.0141],[142.7008,-34.6245,38.8722],[142.6991,-34.6313,44.8027],[142.695,-34.6359,43.7525],[142.6974,-34.641,62.4758],[142.6892,-34.6519,45.9381],[142.6954,-34.66,38.7111],[142.7016,-34.6594,50.2882],[142.7091,-34.6627,53.5161],[142.7109,-34.6683,40.2047],[142.7104,-34.6768,53.8829],[142.7077,-34.6793,50.8863],[142.7043,-34.6791,44.5063],[142.685,-34.6708,37.6674],[142.6805,-34.6729,38.7357],[142.6789,-34.6802,49.3279],[142.682,-34.6903,37.9521],[142.6911,-34.7017,37.0],[142.6905,-34.7047,49.5901],[142.6854,-34.7096,49.7205],[142.6845,-34.7141,37.0],[142.6888,-34.7175,38.2598],[142.6982,-34.721,51.8929],[142.6992,-34.7249,46.4066],[142.6909,-34.7267,48.8361],[142.6818,-34.7218,44.2737],[142.6786,-34.7223,46.0578],[142.6759,-34.7268,37.0],[142.6766,-34.729,37.0],[142.6867,-34.7339,37.4308],[142.6847,-34.7366,41.7704],[142.6787,-34.7392,42.8532],[142.6674,-34.7359,41.8085],[142.6642,-34.7303,47.6114],[142.6637,-34.7233,42.9772],[142.6614,-34.7217,43.0726],[142.6522,-34.7295,45.7974],[142.6426,-34.7317,44.5726],[142.6373,-34.735,44.4096],[142.6321,-34.7338,44.388],[142.6235,-34.7275,37.4563],[142.6183,-34.7288,37.733],[142.6163,-34.7364,37.0],[142.6195,-34.7445,52.2743],[142.6192,-34.7542,52.3851],[142.6205,-34.7571,37.4144],[142.6263,-34.7606,39.6129],[142.6396,-34.7575,43.8738],[142.6429,-34.7589,40.1171],[142.6464,-34.7634,49.75],[142.6444,-34.7754,54.9976],[142.6387,-34.7808,40.4246],[142.6322,-34.7841,38.8959],[142.6225,-34.7858,37.0],[142.6158,-34.7853,43.0797],[142.6063,-34.7807,45.4125],[142.5949,-34.7725,37.0],[142.5858,-34.7704,38.9493],[142.5756,-34.7714,50.6521],[142.5672,-34.7669,40.358],[142.5632,-34.7692,37.7318],[142.5608,-34.7743,37.0],[142.5567,-34.7754,43.4046],[142.5503,-34.7689,42.1515],[142.5501,-34.7627,38.278],[142.5388,-34.7629,49.168],[142.5334,-34.753,42.1779],[142.5292,-34.7588,38.9241],[142.5246,-34.7596,47.5623],[142.5074,-34.7488,46.4399],[142.5083,-34.7459,42.3431],[142.5127,-34.7431,41.4708],[142.5117,-34.7409,39.9349],[142.502,-34.7409,40.293],[142.4996,-34.7392,47.7586],[142.5018,-34.7326,47.8329],[142.5124,-34.7232,37.0],[142.5128,-34.7195,37.0],[142.5094,-34.7136,48.798],[142.5189,-34.7037,42.5853],[142.5179,-34.7013,45.727],[142.5118,-34.7002,38.6016],[142.5047,-34.7038,39.5333],[142.4997,-34.7031,50.5879],[142.4998,-34.6989,39.808],[142.5094,-34.6971,40.2718],[142.5132,-34.695,39.2863],[142.5144,-34.6922,42.4389],[142.5064,-34.6802,38.8561],[142.5009,-34.6827,40.7957],[142.4994,-34.6819,46.2317],[142.4974,-34.6743,48.3351],[142.5038,-34.6675,49.079],[142.5136,-34.6658,43.9928],[142.5171,-34.6626,44.6598],[142.5097,-34.6568,41.7892],[142.5071,-34.6564,42.7934],[142.5038,-34.6579,47.8208],[142.5022,-34.6631,48.6187],[142.4998,-34.6648,49.1139],[142.4893,-34.6625,37.25],[142.4869,-34.6635,43.7572],[142.4866,-34.6662,46.2094],[142.4886,-34.6672,45.4293],[142.4958,-34.6673,51.4577],[142.4931,-34.6722,38.9604],[142.4803,-34.6736,43.4372],[142.4756,-34.6726,39.0891],[142.4713,-34.6659,37.0],[142.4716,-34.6519,39.9522],[142.4761,-34.6427,45.4955],[142.4838,-34.6384,38.297],[142.4836,-34.6364,41.8763],[142.4803,-34.6354,40.4953],[142.4711,-34.6401,42.9287],[142.4671,-34.6381,55.9071],[142.4651,-34.6342,37.0],[142.4565,-34.6363,48.3976],[142.4524,-34.6337,41.8944],[142.4538,-34.6302,39.4696],[142.4597,-34.6293,53.4048],[142.464,-34.6267,40.0172],[142.463,-34.6232,36.5],[142.4584,-34.6192,46.1984],[142.4593,-34.6161,36.5],[142.4683,-34.6129,43.3585],[142.4618,-34.6085,40.7448],[142.4613,-34.6066,36.5],[142.463,-34.6039,36.7686],[142.4691,-34.6016,36.0],[142.4692,-34.5967,37.2009],[142.4712,-34.5926,36.8189],[142.4674,-34.5894,37.1404],[142.46,-34.5894,36.0],[142.4584,-34.5876,44.9471],[142.4587,-34.5852,39.81],[142.4662,-34.583,41.3874],[142.4727,-34.5767,42.8435],[142.468,-34.5643,43.3246],[142.4548,-34.5576,36.0],[142.4489,-34.5595,37.7728],[142.4516,-34.5727,46.4079],[142.4587,-34.5813,45.5705],[142.4575,-34.5842,38.9403],[142.4516,-34.5843,36.0],[142.4449,-34.5755,37.369],[142.4348,-34.5761,36.0],[142.4302,-34.5748,44.529],[142.4286,-34.5726,39.4949],[142.4294,-34.5666,46.3484],[142.4261,-34.5623,35.5],[142.412,-34.5692,36.7237],[142.4076,-34.5679,40.0288],[142.4066,-34.5619,44.8376],[142.4107,-34.5537,36.1434],[142.4067,-34.5478,46.2871],[142.4056,-34.5415,36.5371],[142.4033,-34.542,37.4714],[142.3998,-34.547,41.7317],[142.3902,-34.5491,38.8759],[142.3866,-34.5451,37.581],[142.3767,-34.541,36.0907],[142.3758,-34.5383,42.2535],[142.3782,-34.5321,38.6553],[142.3715,-34.5349,43.1302],[142.3677,-34.5304,45.2259],[142.3684,-34.5271,40.9795],[142.3703,-34.5263,36.4741],[142.3829,-34.524,41.5337],[142.3985,-34.5242,38.9546],[142.4006,-34.5227,36.4226],[142.3928,-34.5159,37.4896],[142.3807,-34.5195,35.0],[142.3772,-34.5183,42.7072],[142.3749,-34.5153,36.8003],[142.3761,-34.5122,41.185],[142.3847,-34.5053,35.0],[142.3868,-34.499,38.6977],[142.3947,-34.4935,38.5216],[142.3911,-34.492,35.9644],[142.3777,-34.4914,37.8531],[142.3724,-34.4957,39.4101],[142.3697,-34.5038,39.9896],[142.3596,-34.4988,42.6092],[142.3598,-34.4912,43.075],[142.3643,-34.4847,35.7373],[142.3725,-34.4807,38.3302],[142.3747,-34.477,39.1895],[142.3782,-34.4765,36.3402],[142.383,-34.4793,35.0],[142.3842,-34.4781,35.0],[142.3793,-34.4667,37.0165],[142.3723,-34.4717,44.4805],[142.3644,-34.4693,35.0],[142.3563,-34.4723,38.6538],[142.3533,-34.4696,42.8759],[142.3539,-34.4645,36.8431],[142.3607,-34.4595,48.1144],[142.3651,-34.4474,35.0],[142.3607,-34.442,39.5825],[142.3609,-34.4404,39.4652],[142.3679,-34.4354,35.9335],[142.3599,-34.4319,35.9014],[142.3639,-34.4277,41.2401],[142.3645,-34.4227,40.1645],[142.3545,-34.4241,36.6051],[142.3518,-34.4223,36.1645],[142.3526,-34.4191,39.11],[142.3607,-34.4118,35.0],[142.3596,-34.41,36.2329],[142.3526,-34.4079,37.6757],[142.3524,-34.4045,39.85],[142.3565,-34.4004,35.0],[142.3517,-34.3992,35.4459],[142.351,-34.3966,37.3287],[142.3639,-34.3857,44.903],[142.368,-34.3855,37.4585],[142.3739,-34.3881,35.0811],[142.3707,-34.3833,45.9724],[142.3703,-34.3746,35.0],[142.3681,-34.3707,36.1175],[142.3772,-34.3673,35.224],[142.3783,-34.3647,38.0837],[142.3748,-34.3624,35.0],[142.3661,-34.3651,42.3971],[142.3635,-34.3622,40.8164],[142.3713,-34.3578,40.3786],[142.3799,-34.3604,34.9366],[142.3838,-34.3634,35.4008],[142.3898,-34.3628,38.6441],[142.3915,-34.3601,34.0],[142.3863,-34.3553,36.9438],[142.3845,-34.3469,41.007],[142.3883,-34.3431,35.3883],[142.397,-34.3438,36.1734],[142.3968,-34.3381,37.8519],[142.3922,-34.3347,38.5941],[142.3857,-34.334,37.1224],[142.3796,-34.3309,33.9876],[142.3732,-34.3315,39.4691],[142.3684,-34.3269,35.0397],[142.3619,-34.3281,37.634],[142.3472,-34.3372,35.7024],[142.3309,-34.3394,33.5],[142.3216,-34.3369,36.7339],[142.3163,-34.3301,37.2848],[142.3017,-34.3291,36.7309],[142.2944,-34.3235,33.9685],[142.2907,-34.326,34.1761],[142.2839,-34.3266,37.0567],[142.28,-34.3198,33.9695],[142.2806,-34.3159,37.3501],[142.2841,-34.3106,33.0],[142.2883,-34.3064,34.3152],[142.2968,-34.3074,35.5517],[142.2989,-34.3057,35.1323],[142.2915,-34.302,43.0157],[142.2861,-34.2965,35.1606],[142.2775,-34.3032,38.1057],[142.2737,-34.304,36.1815],[142.2708,-34.3016,39.0295],[142.2693,-34.2961,33.4584],[142.2673,-34.2953,33.8745],[142.2531,-34.3061,33.0],[142.2359,-34.307,42.557],[142.2319,-34.3022,59.1469],[142.2325,-34.2967,33.0],[142.2437,-34.2919,34.4438],[142.2488,-34.285,35.706],[142.2447,-34.2769,33.0],[142.2494,-34.2676,33.0],[142.249,-34.2651,35.437],[142.2419,-34.2581,36.3447],[142.234,-34.2571,35.5385],[142.2323,-34.255,34.4171],[142.2348,-34.2494,39.3697],[142.2415,-34.2481,33.6902],[142.2436,-34.2458,36.1259],[142.245,-34.2379,33.0],[142.244,-34.2325,36.4136],[142.2414,-34.2284,34.2764],[142.2353,-34.2237,36.9746],[142.2418,-34.216,36.7655],[142.2438,-34.2165,34.372],[142.2438,-34.21,33.0618],[142.2383,-34.2047,33.7574],[142.2356,-34.204,33.8574],[142.2347,-34.2053,33.6364],[142.2386,-34.2065,37.462],[142.2318,-34.2089,34.4532],[142.2331,-34.2144,39.3329],[142.2293,-34.2077,38.2664],[142.2253,-34.1891,33.447],[142.2191,-34.1811,32.5],[142.2063,-34.1837,35.9438],[142.1986,-34.1835,36.1362],[142.1905,-34.1807,36.1011],[142.1836,-34.1757,34.6369],[142.1814,-34.1764,39.6128],[142.1783,-34.1837,33.6851],[142.1659,-34.1828,36.0463],[142.1634,-34.1764,34.952],[142.1665,-34.1714,32.5],[142.1593,-34.1715,39.3068],[142.1614,-34.1638,46.1278],[142.1665,-34.1561,31.5],[142.1659,-34.1523,32.0354],[142.1464,-34.149,33.2304],[142.143,-34.1518,30.0],[142.1398,-34.159,35.3232],[142.1352,-34.1607,32.9128],[142.1238,-34.1565,36.5882],[142.1203,-34.1567,32.384],[142.1184,-34.1612,32.4674],[142.1216,-34.1724,34.0593],[142.1196,-34.1749,37.2343],[142.1124,-34.1751,32.1247],[142.1054,-34.1775,32.2889],[142.0931,-34.1719,32.3652],[142.0828,-34.1735,33.5822],[142.0775,-34.1573,32.2451],[142.0676,-34.1536,34.1361],[142.0653,-34.1506,34.8726],[142.0666,-34.1447,28.0],[142.0739,-34.1423,28.0],[142.0772,-34.1387,30.3071],[142.0777,-34.1356,34.9589],[142.0756,-34.1314,34.1111],[142.0618,-34.1258,29.1086],[142.0488,-34.1254,31.9427],[142.0361,-34.1295,27.0],[142.032,-34.1281,34.2787],[142.0276,-34.123,32.8684],[142.0287,-34.1227,30.6922],[142.0285,-34.1189,39.1363],[142.0238,-34.1151,37.1914],[142.0294,-34.1182,30.2577],[142.0343,-34.1109,39.7706],[142.0423,-34.1053,31.4471],[142.042,-34.1031,34.6839],[142.0368,-34.0993,27.0],[142.026,-34.1065,34.29],[142.0211,-34.1065,35.9816],[142.0155,-34.1041,27.0],[142.0129,-34.1052,33.9449],[142.0165,-34.1173,31.0051],[142.0243,-34.1219,27.0],[142.0239,-34.1239,27.0],[142.0212,-34.1253,32.7726],[142.0133,-34.1253,32.833],[141.9985,-34.1185,26.0],[141.993,-34.1213,48.009],[141.9849,-34.1129,28.4386],[141.9776,-34.1127,28.4027],[141.9727,-34.115,29.0028],[141.9697,-34.1199,34.4431],[141.969,-34.1257,33.4326],[141.9723,-34.1331,29.1285],[141.9704,-34.1361,26.0],[141.9624,-34.136,28.6968],[141.954,-34.129,33.309],[141.948,-34.1205,42.7415],[141.945,-34.1195,26.0],[141.9392,-34.1235,26.0],[141.9383,-34.1362,28.9994],[141.933,-34.1382,35.305],[141.9256,-34.1346,33.4506],[141.9298,-34.1258,26.0],[141.9226,-34.1146,38.5892],[141.9133,-34.1155,31.4669],[141.9007,-34.1112,28.5486],[141.8936,-34.114,29.8668],[141.8848,-34.115,30.5208],[141.8852,-34.1179,31.8628],[141.8887,-34.1215,35.791],[141.8888,-34.1244,35.7438],[141.8809,-34.1306,33.992],[141.8766,-34.1374,28.7224],[141.8725,-34.1315,27.1664],[141.8678,-34.1287,34.6312],[141.8633,-34.1282,30.3529],[141.8533,-34.1312,31.4308],[141.8515,-34.1299,35.5794],[141.8527,-34.1257,33.01],[141.8507,-34.1243,27.493],[141.8446,-34.1314,30.7802],[141.8414,-34.1325,29.4938],[141.8254,-34.1277,27.351],[141.8147,-34.1211,26.0],[141.8065,-34.1203,30.9589],[141.8013,-34.1155,31.8891],[141.7907,-34.1152,33.9146],[141.7864,-34.1117,31.8272],[141.7841,-34.1123,29.3569],[141.7804,-34.1166,31.2454],[141.7769,-34.1169,31.601],[141.7747,-34.1139,36.2271],[141.7793,-34.1043,34.7637],[141.7779,-34.1018,26.8957],[141.771,-34.1047,28.087],[141.7627,-34.1113,32.328],[141.7569,-34.1121,29.2366],[141.7533,-34.1101,30.3088],[141.7526,-34.1062,33.3464],[141.754,-34.104,33.0966],[141.7614,-34.1006,25.0],[141.7618,-34.0975,25.0],[141.7583,-34.0968,32.3728],[141.7526,-34.1024,26.2673],[141.7463,-34.1034,32.2713],[141.7345,-34.0922,23.5],[141.7297,-34.0909,23.0],[141.7266,-34.0921,24.2785],[141.7255,-34.0952,23.0],[141.7299,-34.1054,23.0],[141.7203,-34.1146,37.1847],[141.7157,-34.1147,33.7391],[141.7133,-34.1131,32.7696],[141.7114,-34.109,29.9596],[141.7106,-34.0986,25.1285],[141.7074,-34.0961,24.1932],[141.694,-34.0987,24.7456],[141.6886,-34.1023,26.2334],[141.6774,-34.1012,26.4089],[141.6547,-34.1167,30.6465],[141.6327,-34.1215,27.3172],[141.6301,-34.1297,30.1805],[141.6321,-34.1401,29.1446],[141.6284,-34.1452,30.1477],[141.6213,-34.1452,27.1878],[141.6182,-34.1435,26.5512],[141.6153,-34.139,25.6539],[141.6118,-34.139,24.9444],[141.621,-34.1493,25.8589],[141.621,-34.1543,23.0],[141.6185,-34.1563,31.577],[141.6125,-34.1568,32.7962],[141.6083,-34.1508,34.0781],[141.6046,-34.1491,23.0],[141.5953,-34.1548,26.1056],[141.5873,-34.1507,24.888],[141.5845,-34.1514,32.6264],[141.5835,-34.1536,24.9188],[141.5856,-34.1565,25.5063],[141.5901,-34.1578,34.0529],[141.5979,-34.1554,30.5833],[141.603,-34.1623,32.1908],[141.6038,-34.1655,27.0878],[141.6027,-34.1687,32.7556],[141.5932,-34.1728,25.1281],[141.5894,-34.1774,23.0],[141.5926,-34.1818,25.6403],[141.6013,-34.1819,26.6651],[141.6049,-34.1839,29.3101],[141.6059,-34.188,27.0543],[141.6033,-34.1912,24.8692],[141.5958,-34.1918,29.3493],[141.5897,-34.1869,24.5],[141.5882,-34.1884,25.5283],[141.5881,-34.196,24.5],[141.5839,-34.1988,26.43],[141.5731,-34.196,27.138],[141.5672,-34.1915,35.1794],[141.5605,-34.1909,24.5],[141.5582,-34.1919,26.093],[141.5565,-34.1973,28.4548],[141.5477,-34.2008,26.8587],[141.5445,-34.2002,30.2498],[141.538,-34.1927,27.1487],[141.5335,-34.1914,27.7854],[141.5308,-34.1956,29.7983],[141.5364,-34.2049,24.5],[141.5339,-34.2107,25.5332],[141.5101,-34.2165,29.8167],[141.5061,-34.2138,25.4305],[141.5061,-34.2105,24.8574],[141.5085,-34.2084,25.0668],[141.5172,-34.2068,25.6512],[141.5186,-34.2032,24.0],[141.5146,-34.1982,26.6547],[141.5077,-34.1942,27.31],[141.5067,-34.1906,25.0747],[141.5107,-34.1858,29.7389],[141.5173,-34.1839,25.8925],[141.5187,-34.1809,25.0163],[141.5108,-34.1777,25.6257],[141.5047,-34.1692,24.0],[141.5005,-34.1588,27.7554],[141.495,-34.1546,33.3238],[141.4874,-34.1549,28.4903],[141.4857,-34.1571,27.7542],[141.486,-34.1614,30.0357],[141.4828,-34.1634,28.2957],[141.4712,-34.1592,24.6938],[141.4689,-34.1643,28.9273],[141.464,-34.1658,26.6567],[141.4506,-34.161,24.0],[141.4485,-34.1627,25.5807],[141.4488,-34.1675,25.7253],[141.4445,-34.168,30.4742],[141.4328,-34.1599,29.2587],[141.4321,-34.1545,25.7943],[141.4348,-34.1478,23.5],[141.434,-34.146,23.5],[141.4302,-34.1456,25.0495],[141.4172,-34.1508,25.2977],[141.4119,-34.15,26.6843],[141.4074,-34.1464,24.8018],[141.4061,-34.142,30.5798],[141.4103,-34.1322,24.5353],[141.4082,-34.1279,23.0],[141.4034,-34.1272,25.7279],[141.3926,-34.1342,22.5],[141.3881,-34.1347,29.5371],[141.3855,-34.1319,27.0227],[141.3846,-34.125,22.5],[141.3816,-34.1221,24.7375],[141.3697,-34.1202,23.7278],[141.3718,-34.1264,23.7543],[141.3688,-34.1271,25.7285],[141.3644,-34.1211,23.4243],[141.3627,-34.1129,24.9165],[141.359,-34.1107,25.947],[141.3485,-34.1123,23.1564],[141.347,-34.1151,23.8599],[141.3464,-34.1243,25.2462],[141.3414,-34.128,27.1528],[141.3329,-34.1307,22.0],[141.3314,-34.136,24.532],[141.3281,-34.1386,24.0326],[141.3249,-34.1388,24.2273],[141.3232,-34.1376,22.0],[141.3231,-34.1332,22.0],[141.3262,-34.1298,25.6722],[141.3259,-34.1269,25.4587],[141.3226,-34.1255,23.1141],[141.3168,-34.1273,23.9545],[141.3135,-34.1249,23.9337],[141.3184,-34.1163,29.4408],[141.3174,-34.1124,23.8803],[141.3138,-34.1117,24.6193],[141.3008,-34.1137,27.2296],[141.298,-34.1116,27.9353],[141.2985,-34.107,23.5557],[141.2837,-34.1039,21.5],[141.2798,-34.0991,22.336],[141.275,-34.0979,25.3813],[141.2682,-34.0917,23.2768],[141.263,-34.0813,28.1593],[141.2596,-34.0781,26.1289],[141.2554,-34.0775,22.4064],[141.2519,-34.079,23.176],[141.2495,-34.0861,28.0363],[141.2474,-34.0881,28.2821],[141.2425,-34.0873,22.4285],[141.2417,-34.082,22.2098],[141.2472,-34.0732,30.3983],[141.2447,-34.069,22.2345],[141.2443,-34.0638,24.2466],[141.2418,-34.0613,23.1097],[141.2375,-34.0639,22.2821],[141.2365,-34.0704,24.0395],[141.2285,-34.0737,24.728],[141.2222,-34.0689,23.0928],[141.2221,-34.0617,21.8686],[141.2197,-34.0616,21.0],[141.2155,-34.0654,23.9725],[141.2109,-34.0612,21.3597],[141.2059,-34.0617,24.2852],[141.2019,-34.0655,22.9637],[141.1998,-34.0721,26.2926],[141.1931,-34.0742,21.9568],[141.1924,-34.0783,21.3801],[141.1875,-34.0793,21.0],[141.1929,-34.0833,22.2886],[141.1944,-34.0876,21.0],[141.1919,-34.091,21.8736],[141.1862,-34.092,23.8706],[141.1815,-34.091,23.386],[141.1786,-34.0886,25.1575],[141.1749,-34.0813,23.1917],[141.1746,-34.0733,22.1162],[141.1712,-34.0744,22.2615],[141.169,-34.0806,21.4611],[141.1658,-34.0832,24.5099],[141.1589,-34.0846,28.9938],[141.1537,-34.0821,22.4742],[141.1532,-34.0689,21.2573],[141.1512,-34.0679,23.4456],[141.1461,-34.0696,21.3816],[141.1438,-34.0678,21.5696],[141.1448,-34.0663,21.5696],[141.1534,-34.0642,22.0781],[141.1511,-34.0597,24.3826],[141.1531,-34.0545,26.7052],[141.145,-34.0564,21.9138],[141.143,-34.0635,22.5559],[141.1376,-34.0616,21.081],[141.1373,-34.0576,20.3665],[141.1282,-34.0634,24.4336],[141.1203,-34.0649,26.1459],[141.1069,-34.0611,19.9519],[141.104,-34.0582,25.4038],[141.1011,-34.0512,21.8217],[141.0942,-34.0507,19.6361],[141.0876,-34.055,20.0873],[141.0872,-34.0572,20.9083],[141.0879,-34.0593,19.3553],[141.0956,-34.0607,26.386],[141.0976,-34.07,20.0109],[141.0949,-34.0748,26.4971],[141.0892,-34.0767,24.5988],[141.0853,-34.075,23.4858],[141.0828,-34.0709,22.8845],[141.086,-34.065,21.6049],[141.0849,-34.0623,19.1286],[141.0816,-34.0612,21.0861],[141.0767,-34.0637,21.1451],[141.0719,-34.0629,19.563],[141.0685,-34.0595,18.5],[141.0656,-34.0501,18.5],[141.0617,-34.055,24.1693],[141.0529,-34.0575,19.8634],[141.049,-34.0611,18.5],[141.0425,-34.0611,20.2299],[141.0408,-34.0591,22.1818],[141.0394,-34.0514,18.5],[141.0435,-34.0449,19.0952],[141.0434,-34.0427,18.9983],[141.0414,-34.0395,20.5464],[141.0343,-34.0357,18.8793],[141.0311,-34.0413,21.0155],[141.0323,-34.047,21.4545],[141.0237,-34.0512,18.7834],[141.0236,-34.0533,19.042],[141.0275,-34.0575,20.8691],[141.0263,-34.0594,19.0102],[141.0233,-34.0597,25.1545],[141.0184,-34.056,19.1022],[141.017,-34.0473,20.3241],[141.0099,-34.0452,22.1232],[141.0019,-34.0391,20.7004],[141.0038,-34.0276,19.3031],[141.0123,-34.0247,23.6305],[141.0048,-34.0234,20.7973],[140.9981,-34.0197,18.5],[140.9947,-34.0229,25.9786],[140.9934,-34.0311,25.1096],[140.9884,-34.0308,20.5203],[140.9854,-34.0268,19.7863],[140.9854,-34.0205,27.0573],[140.9805,-34.016,18.5],[140.9867,-34.0102,19.9936],[140.9753,-34.0093,18.5],[140.9759,-34.0073,20.3992],[140.9808,-34.0046,19.4492],[140.9806,-34.0,18.9741],[140.9763,-33.9972,19.6055],[140.9693,-33.9972,19.3176],[140.9677,-33.9898,22.8715],[140.9693,-33.9835,21.9711],[140.9636,-33.9806,18.5],[140.9617,-34.0958,59.1256],[140.9644,-34.4927,31.0855],[140.9663,-34.4955,22.2986],[140.9644,-34.4973,27.8278],[140.9662,-35.3891,135.6064],[140.9631,-35.7485,123.8195],[140.9719,-37.0361,100.4696],[140.9713,-37.2288,117.091],[140.9739,-37.4621,67.655],[140.9721,-37.7176,67.8423],[140.9736,-37.718,71.1968],[140.972,-37.7308,69.5302],[140.9657,-38.056,3.7675],[140.9908,-38.0598,0.0],[141.0285,-38.0716,4.8153],[141.0869,-38.097,1.9751],[141.1006,-38.1055,4.9336],[141.1055,-38.1062,10.261],[141.1501,-38.1268,2.1552],[141.1799,-38.1437,3.3966],[141.1844,-38.1449,0.0],[141.2278,-38.1707,3.1661],[141.262,-38.1945,5.7888],[141.2953,-38.2206,2.1443],[141.3576,-38.2748,0.0],[141.3796,-38.3008,0.0],[141.3921,-38.3197,0.0],[141.3977,-38.3386,4.231],[141.3901,-38.3469,18.4622],[141.3835,-38.3493,3.9734],[141.3716,-38.3571,0.0],[141.3715,-38.3595,1.5137],[141.3683,-38.3605,3.5586],[141.3655,-38.3654,1.3395],[141.3664,-38.3675,32.9434],[141.3646,-38.37,27.1232],[141.3641,-38.377,26.9292],[141.3743,-38.3868,0.0],[141.3889,-38.3872,47.1104],[141.3949,-38.3897,24.5522],[141.4012,-38.395,7.4373],[141.4132,-38.3963,0.3924],[141.4139,-38.3912,0.0],[141.4108,-38.3878,8.2154],[141.4094,-38.38,0.0],[141.4048,-38.3734,40.7579],[141.4071,-38.3691,0.6127],[141.4188,-38.3634,1.9695],[141.4344,-38.3603,4.8874],[141.4473,-38.3597,0.0],[141.461,-38.3621,19.2274],[141.4992,-38.3785,0.0],[141.5192,-38.39,2.0231],[141.5285,-38.4049,6.3451],[141.5256,-38.4092,1.612],[141.5212,-38.411,4.7951],[141.5213,-38.4147,8.5948],[141.5251,-38.4167,40.6493],[141.5262,-38.4231,0.0],[141.5307,-38.4266,12.2339],[141.5358,-38.4277,33.627],[141.539,-38.431,35.6123],[141.5417,-38.431,41.9771],[141.5428,-38.433,0.0],[141.5471,-38.4308,36.5357],[141.5504,-38.432,3.1756],[141.5516,-38.4278,31.677],[141.5558,-38.4262,0.0],[141.5558,-38.4235,0.0],[141.5575,-38.4224,0.0],[141.5555,-38.417,0.0],[141.5579,-38.4057,16.145],[141.5657,-38.4036,0.0],[141.5698,-38.393,2.9723],[141.5731,-38.3897,8.677],[141.5793,-38.3878,29.2981],[141.5907,-38.3884,11.9524],[141.6071,-38.3936,5.1316],[141.6149,-38.393,8.9156],[141.6172,-38.4002,37.8239],[141.6264,-38.4063,0.0],[141.6281,-38.4003,0.0],[141.6255,-38.3958,4.7446],[141.628,-38.3935,0.0],[141.6352,-38.3922,16.8279],[141.6503,-38.393,0.0],[141.6414,-38.3831,26.2088],[141.6427,-38.3783,5.6107],[141.6342,-38.3754,12.0043],[141.633,-38.3718,19.3347],[141.6251,-38.3621,28.7617],[141.6268,-38.3619,3.7959],[141.6211,-38.3542,0.0],[141.6246,-38.3445,0.0],[141.6241,-38.3442,0.0],[141.6221,-38.348,0.0],[141.6236,-38.3417,0.0],[141.6079,-38.3423,13.8691],[141.61,-38.3373,0.0],[141.6088,-38.3356,0.0],[141.6098,-38.3327,0.0],[141.6007,-38.3242,0.0],[141.5992,-38.3211,19.6384],[141.6016,-38.3132,0.0],[141.6112,-38.3048,0.0],[141.6374,-38.2928,1.0328],[141.6504,-38.2843,1.6268],[141.6556,-38.2826,0.785],[141.6636,-38.2756,0.0],[141.669,-38.2747,0.0],[141.6795,-38.2679,2.2056],[141.7047,-38.258,1.8762],[141.7036,-38.2593,1.8762],[141.742,-38.2531,0.0],[141.7696,-38.2536,1.8384],[141.804,-38.2588,1.206],[141.8453,-38.2614,0.0],[141.8815,-38.2658,3.9533],[141.8999,-38.2706,2.2847],[141.9035,-38.2711,2.9967],[141.9035,-38.2699,2.9967],[141.9295,-38.2782,0.0],[141.9704,-38.2946,0.0],[142.0027,-38.3103,0.0],[142.0367,-38.3316,0.0],[142.0445,-38.3386,0.0],[142.0501,-38.3407,4.0995],[142.0738,-38.3559,7.6962],[142.0983,-38.3655,0.0],[142.106,-38.37,0.0],[142.1059,-38.3715,0.0],[142.1131,-38.3716,5.2205],[142.1197,-38.3743,7.2182],[142.124,-38.3779,3.6364],[142.1269,-38.3773,9.2051],[142.1297,-38.38,1.2056],[142.1365,-38.3807,4.668],[142.1434,-38.3866,0.0],[142.1458,-38.3915,0.705],[142.1472,-38.3896,0.4818],[142.1534,-38.3919,1.2602],[142.1548,-38.3903,2.7948],[142.1629,-38.3919,1.3862],[142.1735,-38.39,0.0],[142.1793,-38.3921,1.8689],[142.1809,-38.3917,0.0],[142.1803,-38.3903,2.803],[142.1866,-38.392,0.0],[142.1883,-38.3932,1.0408],[142.1879,-38.3946,0.0],[142.1909,-38.393,0.2771],[142.1907,-38.3941,0.2771],[142.1976,-38.3951,1.3866],[142.2063,-38.3926,4.4858],[142.216,-38.3948,0.0],[142.2193,-38.3922,3.3979],[142.2244,-38.3935,0.1064],[142.2267,-38.3917,0.6675],[142.2336,-38.3924,3.9051],[142.2345,-38.3945,0.5189],[142.238,-38.3957,0.1206],[142.243,-38.3922,0.1003],[142.2416,-38.3946,0.1386],[142.2449,-38.3965,0.1375],[142.255,-38.3912,0.0],[142.2535,-38.3899,1.3903],[142.25,-38.3903,1.2136],[142.2511,-38.3882,0.0],[142.2466,-38.3896,0.3731],[142.244,-38.388,5.8711],[142.243,-38.3827,0.0],[142.2443,-38.378,4.2594],[142.251,-38.3703,0.0],[142.2615,-38.3646,0.0],[142.2801,-38.3623,5.5317],[142.2841,-38.3634,4.6766],[142.286,-38.3665,0.0],[142.2861,-38.3645,2.0728],[142.2922,-38.3604,0.7908],[142.3,-38.3601,0.7236],[142.3094,-38.3563,0.5715],[142.317,-38.36,0.0],[142.328,-38.3571,1.5787],[142.3345,-38.3584,0.1306],[142.3362,-38.3573,2.0841],[142.3365,-38.3539,2.496],[142.3439,-38.3513,0.0],[142.3725,-38.3495,4.6272],[142.4207,-38.3708,2.2983],[142.4533,-38.3915,0.0],[142.4554,-38.3934,1.4081],[142.4538,-38.3961,0.0],[142.4569,-38.3954,3.4129],[142.4631,-38.3973,12.5563],[142.4643,-38.3991,2.7445],[142.4672,-38.3988,3.1818],[142.4716,-38.4043,0.9213],[142.4728,-38.4017,0.0],[142.4748,-38.4026,0.5145],[142.4747,-38.4043,0.0],[142.4806,-38.4014,0.0],[142.4761,-38.402,2.0405],[142.4762,-38.3982,2.5602],[142.4789,-38.395,1.1628],[142.4858,-38.3934,0.0],[142.4922,-38.3939,3.5822],[142.5004,-38.397,3.9018],[142.509,-38.4034,0.0],[142.5275,-38.406,10.139],[142.5633,-38.422,6.6783],[142.5846,-38.4367,0.0],[142.5874,-38.4364,0.0],[142.5986,-38.4454,4.5151],[142.6013,-38.445,10.1302],[142.6032,-38.4483,3.5136],[142.6152,-38.4527,41.207],[142.6177,-38.4566,2.4513],[142.6263,-38.4599,23.7619],[142.6444,-38.471,61.4324],[142.6629,-38.4837,31.7995],[142.668,-38.4891,3.1284],[142.6705,-38.4904,0.0],[142.673,-38.4891,18.2825],[142.6741,-38.4918,0.0],[142.6768,-38.4906,16.9868],[142.6751,-38.4938,0.0],[142.6781,-38.4929,23.868],[142.6774,-38.4948,0.0],[142.6794,-38.4932,0.0],[142.6843,-38.4953,1.4292],[142.6866,-38.4987,0.0],[142.6902,-38.5,4.2994],[142.6906,-38.5034,2.9935],[142.6961,-38.5032,18.7534],[142.6949,-38.5061,0.0],[142.7007,-38.5095,30.0923],[142.6999,-38.5124,0.963],[142.7061,-38.5118,14.7781],[142.7081,-38.5143,13.3897],[142.7206,-38.5207,10.0839],[142.7471,-38.5405,7.0021],[142.7495,-38.5439,18.7926],[142.754,-38.5457,14.0604],[142.757,-38.5496,0.0],[142.7604,-38.5496,0.0],[142.7689,-38.5562,27.1503],[142.7729,-38.5574,37.0587],[142.7762,-38.5615,0.0],[142.7792,-38.5608,27.7185],[142.778,-38.563,0.0],[142.78,-38.5626,51.9887],[142.7843,-38.5652,49.8709],[142.7877,-38.5691,4.8657],[142.7904,-38.5689,27.662],[142.7915,-38.5713,0.0],[142.7963,-38.5697,32.8042],[142.7957,-38.5723,5.5647],[142.8006,-38.5743,14.6734],[142.8027,-38.5741,0.0],[142.8042,-38.5717,8.2727],[142.8076,-38.5715,2.6117],[142.8157,-38.577,7.7943],[142.8161,-38.5795,0.0],[142.8188,-38.5766,2.4053],[142.823,-38.5764,7.7916],[142.8245,-38.5799,0.0],[142.8281,-38.5809,13.5889],[142.8252,-38.5847,1.2438],[142.8284,-38.587,7.1406],[142.8325,-38.5882,0.0],[142.8399,-38.5874,4.4843],[142.8459,-38.5918,1.2763],[142.8475,-38.5912,12.3546],[142.8474,-38.5925,1.2763],[142.8523,-38.5918,1.3992],[142.8533,-38.5946,0.0],[142.8591,-38.5987,0.0],[142.8575,-38.6003,0.0],[142.8587,-38.6015,7.8072],[142.8571,-38.6016,0.0],[142.8588,-38.6037,6.4994],[142.8576,-38.6053,0.0],[142.8605,-38.6042,13.0808],[142.8603,-38.6057,1.7989],[142.8654,-38.6058,4.931],[142.8664,-38.6038,2.9732],[142.8692,-38.6038,2.8806],[142.8718,-38.605,0.0],[142.8719,-38.6091,0.0],[142.8739,-38.609,9.7647],[142.8731,-38.6102,1.1259],[142.8818,-38.6082,0.0],[142.8888,-38.6108,0.0],[142.9007,-38.6102,6.4097],[142.9068,-38.6137,2.4485],[142.9068,-38.6158,0.0],[142.9081,-38.6148,10.7862],[142.911,-38.6184,1.7783],[142.9134,-38.6178,29.3111],[142.9154,-38.6198,0.0],[142.9194,-38.6184,3.3421],[142.9201,-38.6165,5.9055],[142.9205,-38.6183,0.0],[142.9214,-38.6173,5.9055],[142.9228,-38.6187,3.3327],[142.9216,-38.6201,0.0],[142.9243,-38.6187,18.9699],[142.927,-38.6218,0.0],[142.9298,-38.6212,20.9701],[142.9318,-38.6233,0.0],[142.9298,-38.6241,0.0],[142.937,-38.6273,10.5777],[142.9377,-38.6225,21.4443],[142.9444,-38.6243,14.4092],[142.9479,-38.6198,19.1699],[142.9749,-38.6254,3.7259],[142.9824,-38.6244,17.9466],[142.9871,-38.6219,6.9846],[143.0154,-38.6245,51.082],[143.0212,-38.6259,58.8306],[143.0226,-38.6285,5.9926],[143.0262,-38.6289,14.6126],[143.0293,-38.6305,44.8396],[143.0284,-38.6312,0.0],[143.0302,-38.6308,44.8396],[143.0287,-38.6319,0.0],[143.037,-38.6319,17.5574],[143.0391,-38.6338,55.3168],[143.0382,-38.6368,0.0],[143.0403,-38.6371,25.143],[143.041,-38.6394,12.5379],[143.0435,-38.6377,35.8626],[143.0448,-38.6395,3.216],[143.055,-38.6414,4.7429],[143.0567,-38.6432,1.0995],[143.056,-38.6444,1.0995],[143.0569,-38.6438,1.0995],[143.0582,-38.645,16.2844],[143.055,-38.6479,0.0],[143.0589,-38.6477,17.6181],[143.0603,-38.6457,15.7734],[143.0603,-38.6473,10.1567],[143.0659,-38.6471,17.5878],[143.0655,-38.6481,0.0743],[143.0698,-38.6466,6.5032],[143.0705,-38.6469,6.5032],[143.0682,-38.6486,2.1791],[143.0716,-38.6475,6.5032],[143.0711,-38.6499,0.0],[143.075,-38.6486,13.9289],[143.0767,-38.6509,17.2148],[143.0808,-38.651,42.9923],[143.0804,-38.6543,0.0],[143.0832,-38.6532,19.3125],[143.084,-38.6539,19.3125],[143.084,-38.6549,0.0],[143.0862,-38.6546,0.0],[143.0871,-38.6568,6.0697],[143.0948,-38.6585,24.5954],[143.1031,-38.6638,29.5017],[143.1041,-38.6668,0.0],[143.1058,-38.6662,36.3198],[143.1118,-38.6691,16.3641],[143.123,-38.6768,0.0],[143.151,-38.7006,10.8329],[143.1547,-38.7065,2.1985],[143.1579,-38.7065,0.0],[143.164,-38.7113,0.0],[143.1856,-38.7338,0.0],[143.1896,-38.7342,49.3619],[143.1903,-38.7402,6.8998],[143.1961,-38.7413,20.8946],[143.1965,-38.7442,20.432],[143.2015,-38.7459,19.2888],[143.2153,-38.7584,3.0761],[143.22,-38.7603,4.8537],[143.2245,-38.7595,86.9602],[143.2253,-38.761,19.5859],[143.231,-38.7622,35.9118],[143.233,-38.7664,0.0],[143.2491,-38.768,4.3764],[143.2597,-38.773,0.0],[143.2576,-38.7707,8.8443],[143.2659,-38.7691,0.0],[143.2649,-38.7662,112.7405],[143.2674,-38.7631,4.2768],[143.2715,-38.7642,0.3867],[143.2714,-38.7624,5.5101],[143.2734,-38.7613,5.5101],[143.2802,-38.7629,5.2596],[143.2804,-38.759,17.7059],[143.2964,-38.7553,0.5836],[143.2963,-38.7536,1.2411],[143.3022,-38.7502,31.1618],[143.3127,-38.7514,0.0],[143.3275,-38.7572,6.8905],[143.3307,-38.755,32.8767],[143.3345,-38.7565,0.0],[143.3391,-38.7548,15.8497],[143.3476,-38.7558,6.5447],[143.3474,-38.7542,44.1162],[143.3517,-38.7554,20.4306],[143.3566,-38.7539,27.8215],[143.373,-38.7597,3.6123],[143.3949,-38.7711,43.3969],[143.4018,-38.7763,28.9614],[143.4015,-38.7801,5.7625],[143.4031,-38.781,15.045],[143.4054,-38.7795,53.0255],[143.4083,-38.7828,32.522],[143.4158,-38.7809,53.9388],[143.4202,-38.783,0.1891],[143.4228,-38.7818,16.8918],[143.4292,-38.7837,3.1344],[143.4334,-38.7892,22.8687],[143.4641,-38.8089,1.9857],[143.4682,-38.8148,0.0],[143.492,-38.8362,15.3972],[143.4938,-38.8407,68.3132],[143.4928,-38.8439,0.0],[143.4993,-38.8471,12.8928],[143.5022,-38.8495,47.0917],[143.5027,-38.8526,2.3312],[143.5109,-38.8576,13.2887],[143.5187,-38.8551,10.2346],[143.5275,-38.8561,33.6268],[143.5436,-38.8534,3.6946],[143.5539,-38.8557,4.6274],[143.5615,-38.8484,35.598],[143.5607,-38.8455,3.4153],[143.5649,-38.8452,4.8056],[143.5799,-38.8357,71.1151],[143.5845,-38.8298,0.0],[143.5831,-38.8265,1.37],[143.5856,-38.8218,17.2868],[143.5952,-38.8154,9.5856],[143.5975,-38.8129,12.6596],[143.5971,-38.8113,12.6596],[143.616,-38.7955,19.9362],[143.6222,-38.7925,24.3923],[143.6464,-38.7913,0.0],[143.666,-38.7794,5.4543],[143.6642,-38.7773,5.7192],[143.6667,-38.7684,0.0],[143.6799,-38.7608,0.0],[143.6746,-38.7589,4.6231],[143.6747,-38.7572,0.0],[143.6721,-38.7576,0.9497],[143.6704,-38.7524,6.3212],[143.672,-38.7476,0.7898],[143.6815,-38.7375,2.4541],[143.7046,-38.7281,2.1174],[143.7095,-38.7276,3.3571],[143.7111,-38.7254,2.2082],[143.7168,-38.7256,2.3744],[143.7227,-38.7223,3.504],[143.7267,-38.7218,0.3084],[143.7267,-38.7191,3.1542],[143.7286,-38.7178,6.6391],[143.75,-38.7132,0.0],[143.7567,-38.7067,29.423],[143.7608,-38.7068,3.4682],[143.7644,-38.7048,0.0],[143.7684,-38.7065,0.0],[143.7724,-38.7047,1.1003],[143.7749,-38.7054,3.7345],[143.7766,-38.7025,14.0595],[143.7944,-38.6976,5.3116],[143.8018,-38.6978,5.7961],[143.8104,-38.693,3.5791],[143.815,-38.6937,0.197],[143.819,-38.6919,20.1134],[143.837,-38.6928,38.8099],[143.8409,-38.6902,7.6293],[143.84,-38.6827,5.928],[143.8421,-38.679,14.0132],[143.8662,-38.6717,0.0],[143.8635,-38.6695,0.0],[143.8631,-38.6668,0.0],[143.8649,-38.6615,0.3239],[143.8709,-38.6569,0.3627],[143.8703,-38.6553,1.8809],[143.8732,-38.6522,7.9133],[143.884,-38.6478,8.0651],[143.8873,-38.6434,7.5585],[143.8943,-38.6415,3.2894],[143.8922,-38.6394,7.6656],[143.8914,-38.6352,0.0],[143.8993,-38.6301,0.0],[143.9032,-38.6293,9.0325],[143.9102,-38.6231,0.8282],[143.9127,-38.6176,37.0827],[143.916,-38.6149,0.0],[143.9157,-38.6117,0.0],[143.9203,-38.6049,1.7497],[143.9216,-38.6011,28.52],[143.9195,-38.5969,19.6544],[143.9231,-38.5931,16.1278],[143.934,-38.588,0.0],[143.9382,-38.5833,1.5015],[143.9451,-38.5808,14.1578],[143.9487,-38.5767,2.6586],[143.9602,-38.5757,9.4347],[143.9651,-38.5708,6.308],[143.9667,-38.567,37.7301],[143.972,-38.5669,6.2114],[143.9743,-38.5652,22.2336],[143.9769,-38.5609,64.3233],[143.977,-38.5567,38.6361],[143.9755,-38.5557,13.4717],[143.9835,-38.5542,5.8591],[143.9868,-38.5485,1.4282],[143.9771,-38.5426,14.9821],[143.9798,-38.5323,0.9575],[143.9889,-38.5206,6.5515],[144.0013,-38.5106,27.4108],[144.0123,-38.4973,2.5202],[144.0181,-38.4928,47.9354],[144.0241,-38.4912,26.9568],[144.0305,-38.4866,3.3899],[144.0309,-38.4844,8.191],[144.0333,-38.485,0.0],[144.0333,-38.4794,1.4121],[144.0365,-38.4758,15.9197],[144.0457,-38.4724,3.8676],[144.0665,-38.4688,7.5423],[144.1048,-38.4693,3.0695],[144.11,-38.4615,0.0],[144.1176,-38.458,0.0],[144.12,-38.449,2.5284],[144.1253,-38.4461,23.7483],[144.1282,-38.4396,0.0],[144.1338,-38.4345,7.2207],[144.1478,-38.4304,5.6718],[144.184,-38.4287,0.0],[144.1793,-38.4262,0.0],[144.1806,-38.4189,12.4252],[144.1868,-38.4146,5.6568],[144.1929,-38.4147,0.0],[144.1946,-38.41,5.7311],[144.2,-38.4067,0.0],[144.2253,-38.399,16.31],[144.2539,-38.3955,4.9895],[144.2516,-38.3884,0.0],[144.2566,-38.3827,27.4709],[144.2659,-38.3805,0.0],[144.2724,-38.3747,0.0],[144.2795,-38.3723,23.2876],[144.2857,-38.3676,18.2064],[144.289,-38.361,32.3961],[144.2968,-38.356,5.339],[144.2977,-38.3523,35.8902],[144.3035,-38.3483,0.0],[144.3102,-38.3456,6.9562],[144.3188,-38.3456,0.0],[144.3185,-38.3434,6.8187],[144.3201,-38.342,1.9019],[144.3274,-38.3402,0.0],[144.3257,-38.3362,4.1607],[144.3282,-38.3312,0.0],[144.3273,-38.3281,0.0],[144.3323,-38.3233,3.5463],[144.3709,-38.311,1.9195],[144.3779,-38.3058,4.1757],[144.3764,-38.3026,1.7731],[144.3901,-38.298,0.0],[144.3981,-38.2971,0.9579],[144.406,-38.292,3.7382],[144.4134,-38.2908,7.2989],[144.4178,-38.2868,0.5896],[144.4256,-38.2846,0.0486],[144.4286,-38.2816,0.0],[144.4395,-38.2817,0.0],[144.4999,-38.2905,10.3563],[144.5017,-38.2895,1.987],[144.497,-38.2866,2.8821],[144.4949,-38.2826,0.0],[144.4987,-38.2835,0.0],[144.5084,-38.2748,0.0],[144.5252,-38.2714,0.0],[144.5387,-38.2716,0.0],[144.5691,-38.2773,5.3287],[144.6139,-38.2923,4.6056],[144.6162,-38.2877,7.6398],[144.6149,-38.2835,7.8495],[144.6202,-38.2759,5.326],[144.6299,-38.2731,0.0],[144.6443,-38.2717,3.309],[144.6598,-38.2739,5.7521],[144.6641,-38.2677,6.1309],[144.6722,-38.2653,0.5629],[144.6668,-38.2622,0.4024],[144.658,-38.2635,0.0],[144.6561,-38.2653,0.3309],[144.6485,-38.2666,1.1023],[144.6424,-38.2698,5.9169],[144.633,-38.2698,1.1729],[144.6343,-38.2665,0.175],[144.637,-38.2661,0.0],[144.6254,-38.2568,0.0],[144.624,-38.2574,0.3665],[144.6249,-38.2548,0.3723],[144.6271,-38.253,0.0774],[144.6232,-38.2515,0.3145],[144.627,-38.2492,0.6163],[144.6293,-38.252,0.1215],[144.6366,-38.2425,0.3531],[144.6443,-38.2365,0.0],[144.6447,-38.2342,0.4386],[144.6621,-38.2173,0.0717],[144.6662,-38.2101,0.6085],[144.6738,-38.2069,0.0996],[144.677,-38.2028,0.7364],[144.6866,-38.1975,0.4289],[144.694,-38.1943,1.2047],[144.6975,-38.1965,1.5077],[144.6969,-38.199,0.0831],[144.7015,-38.1996,0.0],[144.7034,-38.2016,0.0],[144.6996,-38.2135,0.6925],[144.694,-38.2171,0.0],[144.6985,-38.2172,0.4176],[144.6957,-38.2198,0.0],[144.7018,-38.2159,0.6574],[144.7009,-38.2196,0.0],[144.7064,-38.2102,0.0],[144.7124,-38.1885,1.879],[144.7196,-38.1733,3.4166],[144.7162,-38.1632,0.0],[144.716,-38.1568,0.0],[144.7172,-38.1494,1.4306],[144.7202,-38.1466,0.0],[144.7146,-38.143,2.0301],[144.7063,-38.1302,0.0],[144.6998,-38.1278,0.0],[144.6922,-38.12,1.4441],[144.6654,-38.112,2.0844],[144.6499,-38.1128,0.5466],[144.6314,-38.1074,0.0],[144.6263,-38.1121,2.1944],[144.5946,-38.129,5.297],[144.5658,-38.1508,10.1864],[144.5578,-38.1549,19.3926],[144.5506,-38.1552,4.1895],[144.527,-38.1603,3.9982],[144.5205,-38.1595,0.0],[144.5053,-38.1619,5.7364],[144.4979,-38.161,0.0],[144.4781,-38.1645,0.0],[144.4682,-38.1629,0.0],[144.4603,-38.1597,2.5018],[144.4428,-38.1495,0.0],[144.4327,-38.1397,0.1743],[144.4256,-38.1238,0.0],[144.426,-38.1254,0.0],[144.4202,-38.1349,4.2322],[144.4186,-38.1404,0.471],[144.4192,-38.147,0.2855],[144.4166,-38.1553,-0.2346],[144.4026,-38.1555,0.0284],[144.3945,-38.1496,0.9089],[144.3888,-38.1487,0.0],[144.3848,-38.1433,1.0036],[144.3739,-38.1467,6.4821],[144.3652,-38.1448,4.8058],[144.3556,-38.1372,6.6144],[144.3583,-38.1229,5.2397],[144.3599,-38.1222,5.2397],[144.3601,-38.1152,0.0],[144.3666,-38.1099,0.0],[144.3652,-38.1079,0.0],[144.361,-38.1067,4.4901],[144.3616,-38.1051,3.4803],[144.3674,-38.1048,0.0],[144.372,-38.1012,8.612],[144.3763,-38.101,10.1323],[144.3816,-38.0974,0.0],[144.3832,-38.0923,0.0],[144.3826,-38.0865,0.0],[144.3845,-38.0854,0.8261],[144.3833,-38.0839,0.6624],[144.3887,-38.0771,3.5529],[144.3979,-38.0738,1.2334],[144.4068,-38.0814,0.0],[144.4135,-38.0845,4.3364],[144.4433,-38.0863,0.4959],[144.4435,-38.0885,1.3768],[144.4415,-38.0896,0.0],[144.4448,-38.0918,0.2346],[144.4507,-38.084,0.3873],[144.4539,-38.0819,0.4065],[144.4578,-38.0823,0.637],[144.4567,-38.0807,0.1935],[144.4579,-38.0778,0.1981],[144.464,-38.0767,0.0],[144.4667,-38.0776,0.1521],[144.4669,-38.0812,0.0],[144.4709,-38.0835,0.0],[144.4781,-38.0768,1.1245],[144.483,-38.0799,0.0],[144.483,-38.0779,4.6058],[144.4852,-38.0796,0.0],[144.4856,-38.0782,0.2288],[144.4874,-38.0783,0.2288],[144.4942,-38.0848,0.4314],[144.5037,-38.0885,0.284],[144.5054,-38.0915,0.0],[144.5069,-38.0915,0.0],[144.5082,-38.0884,0.5572],[144.5102,-38.0879,0.3801],[144.5116,-38.0732,-0.1158],[144.5141,-38.0694,1.8207],[144.5169,-38.0587,0.0],[144.5179,-38.0531,0.0],[144.5166,-38.0506,0.0],[144.5175,-38.0533,0.0],[144.5155,-38.0611,0.0],[144.512,-38.059,0.4166],[144.5139,-38.0549,0.1263],[144.5124,-38.0518,0.0],[144.5157,-38.0456,0.6176],[144.5344,-38.043,0.0],[144.5335,-38.0425,0.8296],[144.5394,-38.0394,0.3448],[144.5367,-38.0414,0.7384],[144.5343,-38.0445,0.0],[144.5171,-38.0486,0.0],[144.5192,-38.0491,0.0],[144.5337,-38.045,0.0],[144.5354,-38.0439,0.0],[144.5367,-38.0417,0.7384],[144.5389,-38.0402,0.4192],[144.5507,-38.0361,0.8817],[144.5587,-38.0375,0.3713],[144.5587,-38.0353,0.5944],[144.562,-38.0329,1.0233],[144.5629,-38.0291,2.1515],[144.5668,-38.0261,0.3523],[144.5675,-38.0228,0.7124],[144.5754,-38.0205,0.0],[144.5767,-38.0164,0.0],[144.581,-38.0115,0.37],[144.5916,-38.0044,0.7141],[144.6231,-38.0001,0.1664],[144.6331,-38.0018,0.0],[144.6516,-38.0016,0.0],[144.6883,-37.9736,1.4594],[144.694,-37.9745,4.3095],[144.7024,-37.9712,3.5334],[144.7079,-37.9651,0.0],[144.7216,-37.9547,1.5768],[144.7234,-37.9514,0.0],[144.7292,-37.9487,1.606],[144.7356,-37.9431,0.0],[144.744,-37.9393,1.3093],[144.761,-37.9373,0.7303],[144.7738,-37.9292,1.747],[144.7928,-37.9273,1.0414],[144.7961,-37.9239,2.7129],[144.7992,-37.9232,0.0],[144.797,-37.9176,0.2494],[144.7979,-37.9053,0.4275],[144.8023,-37.8969,0.0],[144.8076,-37.8913,0.0],[144.8077,-37.8806,0.5096],[144.8144,-37.8751,1.2199],[144.8252,-37.8709,2.6725],[144.8404,-37.8714,0.0],[144.8504,-37.8639,1.0696],[144.8562,-37.8634,0.0599],[144.8615,-37.8599,0.6051],[144.8686,-37.8587,0.4434],[144.8746,-37.8617,0.8525],[144.8744,-37.8636,1.1375],[144.8786,-37.8681,0.0],[144.8827,-37.8658,3.7611],[144.8852,-37.8683,0.0],[144.8922,-37.8676,2.3274],[144.9008,-37.8722,1.4138],[144.9043,-37.8725,3.5235],[144.9155,-37.8655,1.5382],[144.9116,-37.8621,0.8656],[144.9036,-37.8615,4.0902],[144.902,-37.8543,0.3782],[144.8953,-37.8484,1.3153],[144.898,-37.8476,0.8754],[144.8993,-37.8496,0.0],[144.9056,-37.8517,0.0],[144.8997,-37.8491,0.0],[144.8972,-37.8441,0.2609],[144.9016,-37.849,0.0],[144.8971,-37.8426,0.0],[144.8992,-37.8404,2.0405],[144.9072,-37.8495,0.8264],[144.9032,-37.8414,0.4817],[144.9057,-37.8402,2.6081],[144.9125,-37.8495,1.335],[144.9145,-37.8484,1.215],[144.9126,-37.8458,2.6627],[144.9147,-37.8444,1.8403],[144.9134,-37.842,3.4173],[144.9185,-37.8397,0.0],[144.9258,-37.8398,0.8903],[144.9269,-37.84,1.9777],[144.9252,-37.845,0.0],[144.9272,-37.8413,0.0],[144.9313,-37.843,0.0],[144.9298,-37.8473,0.0],[144.9319,-37.8433,0.0],[144.9356,-37.8425,4.8406],[144.9633,-37.8555,2.3719],[144.9703,-37.8608,2.0825],[144.9711,-37.8633,6.942],[144.9697,-37.8647,0.0],[144.9756,-37.8704,0.694],[144.9731,-37.8725,0.0],[144.9756,-37.8787,1.1053],[144.9773,-37.8787,3.1809],[144.9757,-37.8791,1.1053],[144.9757,-37.8821,0.6452],[144.9828,-37.8882,0.0],[144.9859,-37.8932,5.8854],[144.9834,-37.9013,0.0],[144.9837,-37.906,0.3585],[144.9857,-37.9086,6.7317],[144.9848,-37.9134,0.0],[144.9874,-37.92,1.4191],[144.9855,-37.9262,7.5608],[144.998,-37.9382,10.1995],[144.9991,-37.9417,15.3606],[144.9921,-37.9401,0.0],[144.9931,-37.9442,0.0],[145.0012,-37.9506,0.0],[145.0102,-37.9612,15.1274],[145.0114,-37.9675,0.0],[145.0093,-37.9694,0.0],[145.0179,-37.9818,0.0],[145.027,-37.9881,2.1188],[145.0308,-37.9946,0.0],[145.0379,-37.9964,0.0],[145.043,-37.991,15.9734],[145.0514,-37.9867,0.0],[145.0622,-37.9908,7.5409],[145.0792,-38.0038,0.699],[145.0842,-38.0112,0.0],[145.0862,-38.0108,0.5181],[145.0906,-38.015,4.265],[145.0994,-38.0267,3.6831],[145.1128,-38.052,0.0],[145.1196,-38.0732,1.0577],[145.1256,-38.0717,2.4896],[145.1198,-38.0741,1.0577],[145.1239,-38.0914,0.0],[145.1245,-38.108,0.0],[145.1225,-38.1282,0.0],[145.1176,-38.1441,3.6817],[145.1123,-38.1521,1.8855],[145.1033,-38.1564,26.0401],[145.097,-38.1632,22.0592],[145.0932,-38.1642,0.7354],[145.0912,-38.1626,0.0],[145.0876,-38.1642,0.0],[145.084,-38.171,0.0],[145.0783,-38.1739,4.4162],[145.074,-38.1803,25.7959],[145.0713,-38.1888,0.0],[145.0617,-38.2012,1.3328],[145.045,-38.2134,4.0357],[145.0354,-38.2149,7.0557],[145.034,-38.2146,12.3761],[145.0339,-38.2121,0.0],[145.0324,-38.2127,0.0],[145.0335,-38.217,7.085],[145.0318,-38.2185,4.6979],[145.0317,-38.2236,10.8063],[145.0288,-38.2264,8.4633],[145.0255,-38.2265,0.9491],[145.0267,-38.2328,13.7926],[145.0257,-38.2343,0.0],[145.0276,-38.2351,2.101],[145.0286,-38.239,0.0],[145.0274,-38.2427,0.0],[145.0283,-38.2467,0.0],[145.0256,-38.2534,12.5278],[145.0155,-38.2647,3.3567],[145.008,-38.2701,2.7959],[145.0013,-38.2709,0.0],[144.9997,-38.2775,14.8451],[144.9934,-38.2829,0.0],[144.9829,-38.2963,0.0],[144.9839,-38.2986,4.3251],[144.9898,-38.3003,24.4156],[144.9943,-38.3044,29.8831],[144.9931,-38.31,0.0],[144.9884,-38.3167,4.5452],[144.9792,-38.3244,0.0],[144.9685,-38.3303,2.5535],[144.9232,-38.3493,0.0],[144.8509,-38.3687,1.6496],[144.8367,-38.3704,1.6856],[144.8147,-38.3685,3.1664],[144.7746,-38.3595,2.2405],[144.7667,-38.3564,4.6963],[144.7623,-38.3519,5.9635],[144.7635,-38.3483,1.5061],[144.7455,-38.3399,9.3809],[144.7443,-38.3383,6.5048],[144.7456,-38.3359,0.0],[144.7422,-38.3347,15.2237],[144.7399,-38.3316,2.3633],[144.7391,-38.3247,0.0],[144.7341,-38.3225,1.2814],[144.7231,-38.3206,2.1035],[144.7183,-38.3176,0.0],[144.7156,-38.3188,4.7393],[144.7073,-38.3178,0.0],[144.7048,-38.3152,1.9135],[144.6802,-38.3052,2.3122],[144.6672,-38.3081,11.781],[144.6552,-38.3052,4.7373],[144.653,-38.3016,0.0],[144.6514,-38.3021,0.0],[144.6519,-38.3041,0.0],[144.662,-38.3103,8.2129],[144.6621,-38.3118,0.48],[144.6658,-38.312,6.3059],[144.6697,-38.3166,0.0],[144.6733,-38.3171,20.0799],[144.6748,-38.3199,0.0],[144.6779,-38.3197,0.0],[144.6847,-38.3248,0.0],[144.6882,-38.3256,17.2281],[144.6903,-38.3289,2.1624],[144.7249,-38.3466,0.0],[144.7276,-38.3461,7.2933],[144.732,-38.3508,10.9911],[144.736,-38.3524,10.533],[144.7361,-38.3545,0.0],[144.7383,-38.3532,3.8298],[144.7392,-38.3545,14.932],[144.7418,-38.354,13.2295],[144.7435,-38.3598,0.0],[144.7524,-38.3639,2.0895],[144.7533,-38.3677,7.3199],[144.7601,-38.3706,14.7107],[144.7641,-38.3746,0.0],[144.7671,-38.374,13.282],[144.7674,-38.3766,5.0408],[144.7715,-38.3783,10.1132],[144.7815,-38.3876,0.0],[144.7883,-38.3898,15.7711],[144.7872,-38.3907,0.0],[144.7887,-38.3924,4.7381],[144.7989,-38.4007,0.0],[144.8386,-38.4303,2.7745],[144.8464,-38.4389,3.493],[144.8694,-38.4572,1.686],[144.8768,-38.4679,10.6468],[144.8867,-38.4772,0.0],[144.8842,-38.4838,0.0],[144.8852,-38.4885,34.3605],[144.8838,-38.491,0.4937],[144.8868,-38.4939,40.0387],[144.8861,-38.4956,0.0],[144.8881,-38.4993,7.7982],[144.8904,-38.4982,0.9645],[144.8885,-38.4963,9.9783],[144.8947,-38.4915,18.787],[144.9064,-38.4911,21.5293],[144.9111,-38.4893,44.9151],[144.9146,-38.4903,0.0],[144.9149,-38.4928,0.0],[144.9195,-38.4947,3.0556],[144.9186,-38.497,11.388],[144.9244,-38.4974,1.2508],[144.9324,-38.4948,25.7497],[144.9374,-38.4971,4.177],[144.9363,-38.4942,52.9551],[144.9435,-38.4951,0.0],[144.9427,-38.4913,0.0],[144.9488,-38.4885,21.4627],[144.9528,-38.4892,19.9562],[144.9591,-38.4868,19.1982],[144.9673,-38.4867,11.9494],[144.9756,-38.4905,2.7899],[144.9844,-38.4853,15.4603],[144.9874,-38.4858,11.3003],[144.9892,-38.4841,20.8257],[144.9939,-38.4859,0.0],[145.011,-38.4797,4.3021],[145.0146,-38.4802,10.7243],[145.0177,-38.4832,0.0],[145.0267,-38.4832,3.5679],[145.0313,-38.4871,0.0],[145.0331,-38.4846,0.0],[145.0252,-38.4787,4.4493],[145.0268,-38.4704,2.5192],[145.0322,-38.4647,4.2628],[145.0329,-38.4553,0.0],[145.0406,-38.4469,1.7072],[145.0399,-38.4437,1.4291],[145.0453,-38.4393,1.5838],[145.0448,-38.4375,26.8188],[145.0492,-38.4337,6.831],[145.0502,-38.43,5.9843],[145.0573,-38.4296,0.0],[145.0677,-38.4248,1.9055],[145.0764,-38.4254,0.0],[145.0789,-38.4233,2.3893],[145.0766,-38.4217,0.0],[145.079,-38.4162,14.2667],[145.0936,-38.404,5.6099],[145.097,-38.4023,6.3799],[145.1118,-38.4009,12.7294],[145.1163,-38.3951,4.6149],[145.1245,-38.3938,2.6637],[145.1298,-38.3905,4.1116],[145.1505,-38.3927,6.0592],[145.1663,-38.3968,0.0],[145.1758,-38.3967,0.0],[145.2086,-38.4062,4.9689],[145.2345,-38.4097,0.0],[145.2348,-38.406,0.0],[145.2332,-38.4078,3.3278],[145.2305,-38.4078,2.1155],[145.2328,-38.407,3.3278],[145.2294,-38.4043,6.3949],[145.2283,-38.3986,3.1585],[145.2215,-38.398,1.314],[145.2216,-38.3958,1.1498],[145.2178,-38.394,1.2579],[145.2192,-38.392,1.1566],[145.2188,-38.3885,1.2172],[145.2152,-38.3831,2.6077],[145.1952,-38.3759,0.1574],[145.184,-38.3746,1.0856],[145.1848,-38.3717,1.0529],[145.1927,-38.373,0.0],[145.1938,-38.3666,1.0435],[145.1964,-38.3666,0.9246],[145.2002,-38.3697,0.7314],[145.2013,-38.3737,0.0],[145.2085,-38.376,15.7496],[145.2109,-38.3787,0.0],[145.215,-38.3799,0.2847],[145.222,-38.3778,4.648],[145.2217,-38.3752,9.7623],[145.2234,-38.3733,0.0],[145.2189,-38.3725,2.3842],[145.2135,-38.3659,4.7324],[145.2133,-38.357,7.8912],[145.2188,-38.3476,0.7079],[145.2148,-38.3424,0.0],[145.2065,-38.3408,0.5954],[145.2047,-38.3371,0.1201],[145.1983,-38.3338,0.9231],[145.1971,-38.332,1.4215],[145.1979,-38.3292,0.2153],[145.1949,-38.3284,3.7374],[145.1929,-38.3245,1.0682],[145.1916,-38.3206,2.6671],[145.1953,-38.3238,1.2072],[145.198,-38.3212,0.7112],[145.1952,-38.3145,3.9619],[145.1985,-38.3156,0.0],[145.2005,-38.3117,0.0],[145.1981,-38.3099,2.5056],[145.1997,-38.3089,0.0],[145.1992,-38.3074,0.0],[145.1971,-38.3076,1.1607],[145.1959,-38.3017,0.0],[145.1939,-38.2997,2.5047],[145.1957,-38.2983,1.2412],[145.1929,-38.2966,1.5773],[145.1963,-38.298,1.2412],[145.1999,-38.2966,1.3968],[145.2,-38.2931,1.2869],[145.2012,-38.294,1.2869],[145.2014,-38.2966,1.3968],[145.206,-38.2999,4.755],[145.2062,-38.3038,2.4248],[145.223,-38.3065,1.441],[145.2235,-38.2998,1.2002],[145.2256,-38.2989,1.6837],[145.2259,-38.2935,3.3354],[145.228,-38.2922,4.954],[145.2277,-38.2902,2.7771],[145.2218,-38.29,11.1026],[145.221,-38.2871,3.591],[145.2218,-38.2806,3.5241],[145.2256,-38.2724,2.1163],[145.24,-38.2615,0.5199],[145.2493,-38.2489,0.9357],[145.2513,-38.2489,0.0],[145.2501,-38.2473,1.3113],[145.2617,-38.2424,1.3965],[145.2594,-38.2389,1.0717],[145.2533,-38.2357,1.0675],[145.2528,-38.2318,1.0797],[145.2556,-38.2325,1.2186],[145.2542,-38.2282,1.1465],[145.2553,-38.2264,1.1868],[145.2513,-38.2267,1.3261],[145.2539,-38.2254,1.2144],[145.2548,-38.2231,1.258],[145.2591,-38.2257,1.3061],[145.2603,-38.2234,1.1036],[145.259,-38.2223,1.1729],[145.261,-38.2229,1.0391],[145.2615,-38.2245,1.2043],[145.2614,-38.2224,1.2375],[145.2629,-38.2221,1.2375],[145.2679,-38.2247,1.368],[145.2716,-38.223,1.1431],[145.2736,-38.2292,1.2944],[145.2786,-38.2344,1.488],[145.2741,-38.2408,1.3519],[145.2741,-38.2441,1.4335],[145.2799,-38.2468,1.194],[145.2983,-38.2485,1.1845],[145.3127,-38.2481,0.0753],[145.3113,-38.2465,1.5041],[145.3221,-38.2411,1.381],[145.3229,-38.2426,1.509],[145.3248,-38.2422,1.5965],[145.3253,-38.2409,1.3615],[145.324,-38.2405,1.3207],[145.3264,-38.2351,1.4526],[145.3326,-38.2361,1.4192],[145.3352,-38.2323,1.5637],[145.337,-38.2331,1.2381],[145.3413,-38.2296,1.414],[145.343,-38.2263,1.4254],[145.3396,-38.2231,1.6942],[145.3403,-38.2186,2.8459],[145.3438,-38.2164,0.959],[145.3421,-38.2159,4.8824],[145.3429,-38.215,4.8824],[145.3471,-38.2136,2.4022],[145.3534,-38.2147,0.1647],[145.3656,-38.2221,1.7542],[145.3844,-38.221,1.527],[145.3897,-38.2224,1.6095],[145.3877,-38.2187,1.7064],[145.3898,-38.2207,1.4831],[145.3919,-38.2195,2.4025],[145.3907,-38.221,1.4831],[145.3919,-38.2241,1.7534],[145.4109,-38.2281,0.876],[145.4161,-38.2259,2.3131],[145.4234,-38.2165,2.2203],[145.4354,-38.2154,1.8723],[145.4369,-38.2175,2.0847],[145.4391,-38.2163,2.4678],[145.4382,-38.2145,2.0351],[145.4418,-38.2187,2.4575],[145.4524,-38.2188,0.7974],[145.46,-38.228,0.0],[145.4744,-38.2295,1.8857],[145.4792,-38.2323,0.4657],[145.483,-38.232,0.9198],[145.4856,-38.2341,0.8968],[145.4889,-38.2334,0.3937],[145.4885,-38.2383,0.4123],[145.491,-38.2397,0.0],[145.491,-38.2425,0.0],[145.4928,-38.243899999999996,0.273],[145.4908,-38.2455,0.0],[145.4904,-38.2506,0.0],[145.4945,-38.2563,0.9511],[145.4959,-38.2636,0.9263],[145.4977,-38.2645,0.9263],[145.498,-38.2741,1.7666],[145.5046,-38.2835,0.4859],[145.5179,-38.2909,0.5161],[145.5221,-38.2989,0.3233],[145.5215,-38.3047,2.3442],[145.5155,-38.3179,0.0],[145.5166,-38.3203,8.8962],[145.5153,-38.3378,0.0],[145.517,-38.339,0.6187],[145.5239,-38.3345,1.9581],[145.5303,-38.3344,1.7906],[145.5407,-38.3369,0.3551],[145.5452,-38.3395,0.3596],[145.5509,-38.3468,0.0],[145.5525,-38.3525,0.0],[145.5489,-38.3717,2.5466],[145.5422,-38.3868,1.9405],[145.5348,-38.3979,0.0],[145.5187,-38.4139,1.8408],[145.5154,-38.4155,1.8791],[145.4996,-38.4168,2.2095],[145.4899,-38.4151,1.6987],[145.4813,-38.4071,0.0],[145.4595,-38.4087,5.0786],[145.4536,-38.4127,0.5451],[145.4407,-38.4079,0.0],[145.4283,-38.4105,3.5644],[145.424,-38.4082,4.0327],[145.4164,-38.407,3.6629],[145.4234,-38.4125,3.4616],[145.4272,-38.418,0.0],[145.4329,-38.4287,4.4286],[145.4338,-38.4349,0.0],[145.4334,-38.4388,3.5789],[145.4282,-38.4445,2.8895],[145.4297,-38.4542,0.0],[145.4283,-38.4608,2.7057],[145.4233,-38.4682,0.7186],[145.4177,-38.4714,1.1836],[145.4274,-38.4746,0.2316],[145.4325,-38.4804,1.693],[145.4334,-38.4817,1.7349],[145.431,-38.4861,0.0],[145.4345,-38.4936,1.5491],[145.4322,-38.4945,1.9115],[145.4318,-38.4966,0.2994],[145.429,-38.4964,0.0],[145.4303,-38.498,1.0252],[145.4268,-38.5071,0.4416],[145.4192,-38.5132,6.5142],[145.3983,-38.5163,16.7684],[145.3893,-38.5196,24.1526],[145.3634,-38.521,0.0],[145.364,-38.5242,0.0],[145.3703,-38.5273,21.8291],[145.372,-38.5363,2.0039],[145.3763,-38.538,0.0],[145.3799,-38.5358,33.5352],[145.3931,-38.5357,13.0292],[145.4035,-38.5376,12.5087],[145.4089,-38.5369,18.4693],[145.4101,-38.5384,0.0],[145.4237,-38.5365,0.0],[145.425,-38.5394,9.175],[145.4296,-38.5382,0.0],[145.4327,-38.5393,23.5449],[145.433,-38.5408,0.3868],[145.4347,-38.5396,0.0],[145.4393,-38.5414,0.0],[145.4402,-38.544,0.0],[145.4455,-38.5439,9.5796],[145.4502,-38.5485,0.0],[145.4531,-38.5482,3.1761],[145.4552,-38.5499,0.0],[145.4575,-38.5483,3.6938],[145.4588,-38.5501,2.617],[145.4611,-38.5494,24.2893],[145.4655,-38.5518,0.5421],[145.4685,-38.5503,1.273],[145.4735,-38.5512,17.0224],[145.4794,-38.5536,9.9606],[145.48,-38.5562,3.8885],[145.4837,-38.556,5.8655],[145.5023,-38.5731,11.3519],[145.511,-38.584,0.0],[145.5375,-38.6111,16.9916],[145.5455,-38.6224,2.0943],[145.5606,-38.6514,0.5413],[145.5666,-38.6554,4.9343],[145.5718,-38.6552,3.9328],[145.5785,-38.6583,0.0],[145.5887,-38.6683,0.0],[145.5959,-38.6705,0.0],[145.6067,-38.6788,0.0],[145.6178,-38.674,4.0381],[145.6212,-38.6749,0.1126],[145.6274,-38.6729,12.236],[145.6332,-38.6746,0.0],[145.6348,-38.6727,22.107],[145.6386,-38.6724,7.847],[145.6509,-38.6781,0.0],[145.653,-38.6779,0.1115],[145.6527,-38.6766,0.1115],[145.6569,-38.6769,0.4578],[145.6598,-38.6749,0.0],[145.6588,-38.672,1.6425],[145.667,-38.6703,0.0],[145.672,-38.6716,0.0],[145.6707,-38.6686,7.5707],[145.6742,-38.6669,3.3192],[145.6749,-38.6649,0.0],[145.6801,-38.663,0.0],[145.6824,-38.6581,9.1227],[145.6889,-38.6512,3.6336],[145.6985,-38.6482,0.0],[145.7085,-38.6477,0.0],[145.714,-38.6451,0.0],[145.7295,-38.6448,0.0],[145.7317,-38.6487,0.0],[145.7655,-38.6668,12.7482],[145.7933,-38.6878,21.6979],[145.8183,-38.713,0.0],[145.8426,-38.7403,2.0821],[145.8695,-38.7761,4.2443],[145.8831,-38.8032,8.4624],[145.8867,-38.8141,0.0],[145.8943,-38.8229,6.1317],[145.8981,-38.8359,13.5138],[145.8973,-38.8381,20.1762],[145.9001,-38.8432,31.7749],[145.8991,-38.8468,0.0],[145.9033,-38.849,25.5675],[145.9047,-38.8545,0.0],[145.9084,-38.8578,14.5279],[145.9149,-38.8721,0.0],[145.9166,-38.88,23.4693],[145.9135,-38.8827,0.0],[145.9144,-38.8856,0.0],[145.9126,-38.8867,0.0],[145.9134,-38.8876,0.0],[145.9106,-38.8928,0.3644],[145.9147,-38.8937,0.5331],[145.9142,-38.8967,12.6722],[145.912,-38.8986,0.4149],[145.9142,-38.8985,4.3999],[145.9163,-38.9008,44.4896],[145.9147,-38.9026,0.0],[145.9186,-38.9044,32.37],[145.9189,-38.9069,3.1801],[145.9212,-38.9072,15.0891],[145.9212,-38.9096,0.2052],[145.926,-38.9057,34.2026],[145.9275,-38.9065,0.0],[145.9369,-38.8974,11.4985],[145.94,-38.8961,67.9174],[145.9569,-38.8963,0.0],[145.9629,-38.8988,1.3549],[145.9655,-38.8962,25.9322],[145.9716,-38.897,2.5143],[145.9794,-38.8951,0.318],[145.9826,-38.8909,10.6595],[146.0016,-38.8816,1.8105],[146.0038,-38.8781,3.1019],[146.0063,-38.8779,0.7859],[146.0066,-38.8763,0.7859],[146.0043,-38.8743,0.0],[146.0011,-38.8669,23.5344],[146.0015,-38.8614,31.1144],[145.9981,-38.8602,0.0],[145.9971,-38.858,16.7514],[145.9979,-38.8464,11.2466],[146.0095,-38.8257,27.3607],[146.034,-38.8131,0.0],[146.043,-38.8113,0.0],[146.0566,-38.8112,4.6516],[146.084,-38.8159,3.0131],[146.1094,-38.825,4.7003],[146.1335,-38.8374,3.115],[146.1894,-38.8735,0.0],[146.2199,-38.9028,1.4931],[146.234,-38.9188,1.3946],[146.2469,-38.9385,7.4079],[146.2549,-38.9548,0.0],[146.2695,-38.973,0.0],[146.2673,-38.9769,0.0],[146.2708,-38.9812,3.0866],[146.2677,-38.9863,27.2177],[146.2689,-38.9882,9.6869],[146.2673,-38.9912,0.6872],[146.2611,-38.9904,0.0],[146.257,-38.9925,4.6959],[146.2533,-38.9923,0.0],[146.2529,-38.9935,16.1067],[146.2486,-38.9939,0.0],[146.249,-38.996,15.6778],[146.2573,-38.9939,26.4915],[146.2628,-38.9987,0.0],[146.2652,-38.9953,41.0392],[146.2743,-38.9964,17.4359],[146.2772,-39.001,3.5404],[146.2795,-39.002,0.0],[146.2816,-39.0067,0.0],[146.2919,-39.0131,2.3043],[146.2897,-39.0137,0.0],[146.2925,-39.0158,22.4159],[146.2919,-39.0192,1.0728],[146.2864,-39.0205,17.2247],[146.2839,-39.0248,0.0],[146.289,-39.0272,2.5057],[146.2917,-39.0225,50.8375],[146.2964,-39.0246,0.0],[146.2992,-39.0229,37.397],[146.3033,-39.0237,2.396],[146.3071,-39.0281,1.7455],[146.3069,-39.032,14.971],[146.3039,-39.0364,2.3699],[146.3047,-39.0394,29.5773],[146.3085,-39.0381,5.7863],[146.3121,-39.0329,29.8923],[146.3136,-39.0331,0.0],[146.3134,-39.0316,5.9428],[146.3167,-39.0288,44.5956],[146.3231,-39.0275,6.6999],[146.3257,-39.0277,5.197],[146.3253,-39.0282,3.0169],[146.3241,-39.0284,2.7006],[146.3232,-39.0277,6.6999],[146.3222,-39.0288,2.3382],[146.317,-39.0292,5.1707],[146.314,-39.0318,5.9428],[146.3217,-39.0362,8.5646],[146.3264,-39.0411,0.9169],[146.3169,-39.0522,0.0],[146.321,-39.0536,0.0],[146.3291,-39.0497,0.0],[146.3324,-39.0513,0.0],[146.3351,-39.0555,0.0],[146.335,-39.0587,0.0],[146.3439,-39.0604,3.0181],[146.3426,-39.0627,0.0],[146.3435,-39.0715,1.2607],[146.3422,-39.0717,1.2607],[146.3406,-39.0769,9.2212],[146.3388,-39.0764,18.0892],[146.3363,-39.0789,27.7358],[146.3255,-39.0768,14.3353],[146.3214,-39.078,22.2442],[146.3214,-39.0879,16.9295],[146.3247,-39.094,0.0],[146.3343,-39.1016,0.0],[146.3347,-39.1065,0.0],[146.3398,-39.1105,12.4411],[146.3426,-39.1106,11.6317],[146.3445,-39.1141,64.8499],[146.3438,-39.1211,63.1126],[146.3458,-39.1254,20.8836],[146.3525,-39.1253,9.1944],[146.3633,-39.1322,10.6948],[146.3672,-39.1321,13.3803],[146.3681,-39.134,0.0],[146.3745,-39.1338,17.128],[146.3738,-39.1367,0.0],[146.3793,-39.1333,0.0],[146.3811,-39.1296,0.0],[146.3842,-39.1296,0.0],[146.3878,-39.1251,33.2856],[146.3875,-39.1296,0.0],[146.3902,-39.1316,15.6483],[146.3893,-39.1339,19.4067],[146.395,-39.1344,40.8894],[146.3984,-39.1319,14.4306],[146.4066,-39.131,4.5449],[146.416,-39.1255,25.2],[146.421,-39.1259,24.6206],[146.4232,-39.1306,2.9749],[146.4265,-39.13,0.0],[146.4249,-39.1243,0.0],[146.4219,-39.1227,8.1951],[146.4241,-39.1148,0.0],[146.4278,-39.1136,14.283],[146.4317,-39.1148,0.4961],[146.427,-39.1114,29.5973],[146.4269,-39.1083,1.8081],[146.4319,-39.1093,15.3152],[146.4348,-39.1077,0.0],[146.4374,-39.0937,22.179],[146.4416,-39.0898,0.0],[146.4386,-39.0873,0.0],[146.4378,-39.0898,17.4051],[146.4359,-39.09,30.3164],[146.4253,-39.0835,5.7199],[146.4259,-39.0755,4.0405],[146.4311,-39.0655,6.7555],[146.4442,-39.0639,12.8052],[146.447,-39.0573,10.7523],[146.4553,-39.0541,17.9378],[146.4636,-39.0614,0.0],[146.4738,-39.0652,7.1562],[146.4758,-39.063,20.7719],[146.4798,-39.0668,2.4654],[146.481,-39.0619,32.6453],[146.4834,-39.061,32.7342],[146.4825,-39.0581,33.4793],[146.4803,-39.0575,12.9117],[146.4793,-39.0528,0.0],[146.4745,-39.0549,32.0943],[146.4745,-39.0518,38.4272],[146.4773,-39.0489,7.1952],[146.4777,-39.0438,0.0],[146.475,-39.0439,0.0],[146.473,-39.0463,40.1484],[146.4707,-39.0442,28.6141],[146.4704,-39.0409,2.3073],[146.468,-39.0394,0.0],[146.4643,-39.0423,25.9979],[146.4604,-39.0369,16.3457],[146.463,-39.0346,1.2036],[146.4652,-39.0362,33.0314],[146.4708,-39.0357,19.983],[146.4711,-39.0343,8.1629],[146.464,-39.029,31.1419],[146.4701,-39.0264,0.0],[146.4733,-39.0289,4.8213],[146.4763,-39.0277,0.0],[146.4754,-39.0257,0.0],[146.4734,-39.0271,14.1818],[146.4692,-39.0232,0.0],[146.4646,-39.0223,26.3908],[146.4614,-39.0196,11.1178],[146.4525,-39.0199,37.1997],[146.4451,-39.0177,0.0],[146.4429,-39.0221,22.5309],[146.4372,-39.021,0.0],[146.4329,-39.0168,0.0],[146.4317,-39.011,15.0763],[146.4323,-39.0086,0.0],[146.4421,-39.0073,17.9732],[146.4457,-39.0037,13.9158],[146.4462,-38.998,22.6094],[146.4361,-38.981,21.4334],[146.451,-38.9478,0.0],[146.4621,-38.9309,3.3402],[146.4741,-38.9162,14.3079],[146.4772,-38.9171,6.5633],[146.4803,-38.9129,15.3003],[146.4844,-38.9116,0.0],[146.4865,-38.9128,21.2096],[146.4893,-38.9105,19.9074],[146.4858,-38.9086,7.083],[146.4874,-38.9065,1.1061],[146.486,-38.9035,0.0],[146.4874,-38.8943,6.7452],[146.4806,-38.8913,10.55],[146.4817,-38.8855,6.179],[146.4845,-38.8831,11.4261],[146.482,-38.8817,13.0481],[146.4791,-38.8827,2.7662],[146.4736,-38.8812,0.5395],[146.4726,-38.8778,0.0],[146.4695,-38.8773,0.701],[146.4678,-38.871,0.0],[146.469,-38.8605,2.0426],[146.4747,-38.8428,33.1493],[146.476,-38.8425,0.0],[146.4714,-38.8365,7.7821],[146.4706,-38.8317,3.6227],[146.4734,-38.8231,1.5723],[146.4729,-38.8171,3.2529],[146.4789,-38.7993,0.0],[146.4786,-38.7918,0.0],[146.476,-38.7887,0.0],[146.4742,-38.7889,0.0],[146.4747,-38.7903,1.4068],[146.4728,-38.7891,2.4122],[146.4671,-38.7809,0.0],[146.4603,-38.7824,2.6848],[146.4584,-38.781,0.0],[146.449,-38.7809,4.7809],[146.4443,-38.7779,0.0],[146.441,-38.7801,27.1757],[146.438,-38.7789,0.9352],[146.4362,-38.781,0.0],[146.4383,-38.7856,19.4087],[146.4373,-38.7901,13.0005],[146.4359,-38.7907,0.0],[146.437,-38.7928,16.989],[146.4356,-38.7959,1.8966],[146.4275,-38.7984,0.0],[146.427,-38.8022,10.0922],[146.4207,-38.8038,0.0],[146.4232,-38.8087,0.0],[146.4205,-38.811,1.0057],[146.4194,-38.8183,0.0],[146.4219,-38.8194,10.5339],[146.4212,-38.8335,0.0],[146.4184,-38.8458,2.4301],[146.4149,-38.8521,2.8326],[146.4126,-38.8533,0.9925],[146.4089,-38.8502,0.5252],[146.3961,-38.8522,1.0486],[146.3932,-38.8505,0.8542],[146.382,-38.8597,1.9375],[146.3687,-38.8601,5.695],[146.3625,-38.866,1.4953],[146.3526,-38.8682,1.026],[146.3472,-38.8721,0.3045],[146.3465,-38.8757,1.2356],[146.3363,-38.8802,0.8704],[146.3357,-38.8855,3.0359],[146.3322,-38.8874,0.2702],[146.3329,-38.889,0.0],[146.3306,-38.8947,2.6262],[146.3237,-38.9033,5.2343],[146.3157,-38.9057,1.2926],[146.2985,-38.9062,0.2279],[146.2913,-38.9038,4.1937],[146.2872,-38.8945,2.6073],[146.2881,-38.8846,0.0],[146.2931,-38.8791,0.0],[146.2927,-38.8765,0.0],[146.2872,-38.8702,6.0297],[146.2863,-38.866,0.0],[146.2703,-38.8601,3.5221],[146.2639,-38.8234,1.7472],[146.2689,-38.8174,5.6557],[146.2678,-38.815,0.0],[146.2693,-38.8078,4.9273],[146.2728,-38.806,0.0],[146.264,-38.8055,1.5631],[146.2505,-38.8099,4.3781],[146.2409,-38.8111,0.0],[146.2326,-38.8087,0.0],[146.2275,-38.8005,10.2315],[146.223,-38.7781,0.0],[146.2198,-38.7767,13.5659],[146.2185,-38.7718,1.1973],[146.2037,-38.7654,0.0],[146.2006,-38.7594,0.6735],[146.2012,-38.7565,0.6133],[146.1972,-38.7541,0.4668],[146.1922,-38.7432,0.2362],[146.1905,-38.7423,0.0],[146.1906,-38.744,0.2904],[146.1856,-38.7434,6.2944],[146.1886,-38.7312,7.7731],[146.1926,-38.7287,1.1507],[146.1966,-38.7303,0.8051],[146.1971,-38.7325,0.8217],[146.1944,-38.7339,0.1747],[146.1949,-38.7355,0.1202],[146.1983,-38.7363,0.1353],[146.1983,-38.7343,0.8319],[146.2003,-38.7337,0.81],[146.2014,-38.7363,0.1813],[146.2054,-38.7382,0.8322],[146.2048,-38.7406,0.1325],[146.2107,-38.7379,0.0],[146.2047,-38.7354,0.9269],[146.2079,-38.7349,0.7714],[146.2075,-38.7327,0.8081],[146.2099,-38.7315,0.3642],[146.2107,-38.7285,2.4767],[146.2006,-38.733,0.81],[146.2001,-38.7278,0.3819],[146.1982,-38.7293,0.7948],[146.1922,-38.7258,4.1991],[146.1942,-38.7236,0.7904],[146.1959,-38.7246,0.7549],[146.1967,-38.7189,2.1652],[146.1995,-38.7161,2.2754],[146.2041,-38.7201,0.9248],[146.2078,-38.7201,0.7761],[146.2102,-38.7169,0.7636],[146.2132,-38.7197,0.0],[146.2141,-38.7167,0.0],[146.2119,-38.7174,0.7636],[146.2086,-38.7132,0.824],[146.2065,-38.7154,0.6682],[146.2027,-38.7133,0.1996],[146.2089,-38.7104,0.3582],[146.2179,-38.7103,0.5472],[146.2213,-38.707,0.7562],[146.2263,-38.7057,0.5782],[146.2261,-38.7041,1.0413],[146.229,-38.7017,0.2611],[146.2276,-38.697,0.4944],[146.2243,-38.6984,1.0764],[146.2123,-38.6973,1.0453],[146.2136,-38.6956,1.104],[146.2121,-38.6928,4.0221],[146.2129,-38.693,1.3536],[146.2135,-38.6934,1.3536],[146.2133,-38.6949,1.104],[146.215,-38.6957,1.0397],[146.2312,-38.6952,0.0],[146.2307,-38.692,0.7393],[146.2276,-38.6891,0.8571],[146.2384,-38.6888,0.4631],[146.2402,-38.685,0.8386],[146.2439,-38.6828,0.6973],[146.2454,-38.6837,0.6677],[146.2426,-38.6881,0.8607],[146.2444,-38.6959,0.2143],[146.2539,-38.6973,0.8421],[146.2558,-38.6955,1.0173],[146.2521,-38.6957,0.7882],[146.2539,-38.6898,0.736],[146.2583,-38.6921,0.8992],[146.2609,-38.69,0.4564],[146.2607,-38.6873,0.4228],[146.261,-38.6876,0.4228],[146.2616,-38.6885,0.225],[146.2612,-38.6909,0.4564],[146.2665,-38.691,0.8106],[146.2675,-38.6879,2.0256],[146.2919,-38.6953,0.6072],[146.3035,-38.6917,1.0558],[146.3193,-38.6895,1.0831],[146.3197,-38.6878,1.1676],[146.3289,-38.687,1.6383],[146.3318,-38.6892,1.3177],[146.3316,-38.6907,0.9975],[146.3391,-38.6906,0.0],[146.3305,-38.6872,1.0786],[146.3318,-38.6811,1.2243],[146.3382,-38.6803,1.0974],[146.3372,-38.6755,1.2061],[146.3384,-38.6739,1.4198],[146.3449,-38.6766,0.663],[146.3511,-38.673,1.308],[146.3578,-38.6762,1.32],[146.3609,-38.6809,1.2117],[146.37,-38.6841,1.3335],[146.3732,-38.6813,1.4465],[146.3773,-38.6815,1.4145],[146.3773,-38.6835,1.3053],[146.381,-38.6856,5.1684],[146.38,-38.6877,1.7172],[146.3773,-38.688,0.0],[146.3798,-38.6913,1.5147],[146.3793,-38.7018,1.9969],[146.3838,-38.7075,1.1925],[146.3842,-38.7152,0.4598],[146.3826,-38.7181,0.0],[146.3846,-38.7199,0.0],[146.391,-38.7211,0.0],[146.3929,-38.7207,0.0],[146.39,-38.7207,0.4471],[146.3932,-38.7196,0.0],[146.4068,-38.7224,0.543],[146.4117,-38.7209,0.4922],[146.4138,-38.7179,0.0],[146.41,-38.7194,0.6635],[146.4065,-38.7186,1.2982],[146.4103,-38.7119,1.0011],[146.4179,-38.7076,0.2489],[146.4185,-38.7057,1.1567],[146.4391,-38.6997,0.4184],[146.4393,-38.6973,0.9492],[146.4372,-38.6944,1.1808],[146.4451,-38.695,0.6957],[146.4469,-38.6968,1.9142],[146.4503,-38.694,1.449],[146.4491,-38.6998,0.0],[146.461,-38.6996,1.8152],[146.4631,-38.7021,1.1557],[146.4666,-38.7017,0.9787],[146.4708,-38.6985,0.2148],[146.493,-38.6968,0.432],[146.4934,-38.6878,1.7827],[146.492,-38.6845,0.9365],[146.4947,-38.6798,1.5849],[146.4967,-38.6873,1.0425],[146.5046,-38.682,1.9536],[146.5052,-38.6862,1.2354],[146.5024,-38.6897,1.6569],[146.5036,-38.6918,1.1467],[146.5186,-38.6946,0.9153],[146.5257,-38.6924,0.9396],[146.5232,-38.692,1.0129],[146.5229,-38.6904,0.7037],[146.5226,-38.6916,1.171],[146.5196,-38.6907,0.8364],[146.5214,-38.689,1.1599]]]]}}