{"type": "Feature","bbox": [123.5469,-17.3363,129.0012,-13.6897],"geometry": {"type": "MultiPolygon","coordinates": [[[[129.0005,-15.4134,18.6557],[129.0012,-14.8795,0.0],[128.999,-14.8792,0.0],[128.9992,-14.8815,3.1974],[128.998,-14.8793,0.0],[128.9997,-14.8774,0.0],[128.987,-14.8766,0.0],[128.9815,-14.8799,2.676],[128.9824,-14.8776,0.0],[128.9722,-14.8766,0.0],[128.9707,-14.8779,0.9155],[128.972,-14.8815,3.0417],[128.9674,-14.8847,2.8715],[128.9645,-14.8811,3.0975],[128.9617,-14.8807,3.0044],[128.9621,-14.8765,2.9201],[128.959,-14.8747,2.6677],[128.9565,-14.8761,1.0442],[128.9572,-14.8739,1.1293],[128.9539,-14.8728,0.0],[128.9464,-14.8717,0.0],[128.9428,-14.8729,2.6064],[128.9338,-14.8698,2.2304],[128.9317,-14.8727,3.2425],[128.9285,-14.8704,3.1239],[128.9285,-14.8686,2.853],[128.9164,-14.8627,2.8307],[128.9137,-14.8643,3.1281],[128.9148,-14.868,2.9605],[128.9129,-14.8673,3.0954],[128.9113,-14.8636,2.9994],[128.913,-14.8613,3.0701],[128.9109,-14.8584,2.3238],[128.9136,-14.8601,0.6447],[128.9141,-14.8585,0.0],[128.9114,-14.8563,0.0],[128.9061,-14.8555,0.0],[128.8832,-14.8561,0.0],[128.8609,-14.8587,0.0],[128.8612,-14.8567,0.0],[128.8598,-14.8561,0.0],[128.8586,-14.8596,0.0],[128.8506,-14.8587,0.0],[128.8452,-14.8607,2.8843],[128.8327,-14.8583,0.0],[128.832,-14.8595,0.0],[128.837,-14.8603,3.3034],[128.8351,-14.8619,3.4425],[128.833,-14.8604,3.0907],[128.8334,-14.8625,2.9356],[128.8304,-14.8641,2.9495],[128.8315,-14.8615,2.8784],[128.8282,-14.8577,1.7792],[128.8312,-14.8569,0.2634],[128.8275,-14.8557,0.3565],[128.8282,-14.8602,3.448],[128.8227,-14.8601,3.0984],[128.8248,-14.8665,2.9804],[128.8209,-14.8618,3.25],[128.8189,-14.8665,2.9074],[128.8183,-14.8625,2.7736],[128.8146,-14.8634,3.0818],[128.8163,-14.862,2.7663],[128.8159,-14.8588,2.6956],[128.8086,-14.8565,3.6736],[128.8008,-14.8559,3.1855],[128.8,-14.8603,2.9989],[128.8015,-14.8624,3.0719],[128.7964,-14.859,3.2114],[128.7936,-14.8603,3.0132],[128.7892,-14.8515,2.293],[128.7895,-14.8563,2.7776],[128.7878,-14.8605,3.0271],[128.7847,-14.857,3.0852],[128.7857,-14.8536,3.0294],[128.7823,-14.8511,2.9044],[128.7797,-14.8547,3.0695],[128.7772,-14.8475,2.853],[128.7679,-14.8531,3.1566],[128.7695,-14.8497,2.8352],[128.7748,-14.8467,2.7321],[128.7781,-14.8419,1.8566],[128.7773,-14.8406,1.6179],[128.7721,-14.8407,1.1387],[128.7686,-14.8365,0.6915],[128.7593,-14.8383,2.7364],[128.7577,-14.8356,0.0],[128.7544,-14.835,0.0],[128.7474,-14.8383,1.2121],[128.7384,-14.8393,0.0],[128.7289,-14.8314,4.7936],[128.7189,-14.826599999999999,3.7214],[128.7209,-14.825,2.9268],[128.7201,-14.8223,2.7016],[128.7216,-14.8224,2.6299],[128.7194,-14.8202,3.0216],[128.7171,-14.8205,2.6477],[128.7191,-14.8177,0.0],[128.7181,-14.8161,0.0],[128.7021,-14.807,0.0],[128.6909,-14.8027,0.0],[128.6877,-14.7986,0.0],[128.6789,-14.7958,0.0],[128.6528,-14.7946,3.9939],[128.6306,-14.7871,0.0],[128.6135,-14.7874,0.0],[128.6088,-14.7899,0.0],[128.6203,-14.792,3.92],[128.6279,-14.799,5.8716],[128.6234,-14.8039,0.9354],[128.6197,-14.8008,0.0],[128.6157,-14.7997,0.0],[128.6136,-14.8019,0.0807],[128.6138,-14.8049,2.7302],[128.6114,-14.8041,0.5407],[128.6099,-14.8011,0.0],[128.6096,-14.8031,1.8891],[128.6035,-14.8048,3.1369],[128.6004,-14.8006,0.1772],[128.5967,-14.8042,4.1323],[128.597,-14.8026,3.1612],[128.5951,-14.8024,2.5969],[128.596,-14.8007,1.524],[128.5929,-14.8018,2.9414],[128.5893,-14.8072,3.2602],[128.5871,-14.8077,3.3097],[128.5895,-14.8053,3.2544],[128.5893,-14.8026,2.5878],[128.5859,-14.8018,2.7826],[128.5888,-14.8008,2.5286],[128.5885,-14.7974,1.6027],[128.5851,-14.7954,2.3875],[128.5827,-14.7971,2.7943],[128.5779,-14.7932,2.3497],[128.5755,-14.7958,3.9607],[128.5757,-14.7923,3.0605],[128.5784,-14.7906,2.0929],[128.5747,-14.788,3.5073],[128.5745,-14.7861,0.8622],[128.5698,-14.7869,3.3934],[128.5719,-14.7902,3.3665],[128.5703,-14.7911,2.7708],[128.5688,-14.7853,3.4291],[128.5658,-14.7824,1.5506],[128.5583,-14.7813,3.4125],[128.5571,-14.7797,2.3304],[128.5541,-14.7808,2.9514],[128.5539,-14.7779,2.2728],[128.5504,-14.7728,2.0897],[128.5473,-14.7726,6.1909],[128.5514,-14.7684,0.2421],[128.5505,-14.7679,0.0],[128.5427,-14.7705,0.0],[128.5285,-14.78,0.3207],[128.5286,-14.7817,0.0509],[128.5346,-14.7842,1.2512],[128.5359,-14.787,0.0],[128.5322,-14.7859,0.0],[128.5253,-14.7896,2.7648],[128.5164,-14.7825,0.9568],[128.5066,-14.781,3.0549],[128.4851,-14.7914,5.7336],[128.4818,-14.7901,0.7386],[128.4811,-14.7875,0.0],[128.4753,-14.7862,0.0],[128.4732,-14.7899,5.5998],[128.4671,-14.7914,3.1823],[128.4659,-14.7997,1.5967],[128.4492,-14.8041,0.0],[128.4364,-14.8122,4.8744],[128.4366,-14.8111,2.9307],[128.4314,-14.8101,2.7313],[128.4305,-14.8036,0.7852],[128.4261,-14.803,11.9625],[128.42,-14.7985,14.9406],[128.4181,-14.7953,0.0],[128.4174,-14.7974,1.6924],[128.4075,-14.8026,2.753],[128.4014,-14.8046,8.1445],[128.3934,-14.8044,0.0],[128.3878,-14.811,8.3297],[128.3799,-14.8163,10.0944],[128.3819,-14.8243,9.9326],[128.3839,-14.8248,0.0],[128.3915,-14.8212,3.172],[128.3955,-14.8218,0.1449],[128.4169,-14.8333,0.9487],[128.4275,-14.8411,1.7937],[128.4391,-14.8519,2.1798],[128.4422,-14.8592,2.6065],[128.4595,-14.8822,0.2447],[128.467,-14.889099999999999,2.6854],[128.4677,-14.8945,0.803],[128.4771,-14.9116,1.6825],[128.47,-14.9259,0.0],[128.4703,-14.9313,2.4318],[128.4749,-14.941,2.6379],[128.487,-14.957,2.1742],[128.5078,-14.9737,1.3928],[128.5179,-14.9987,2.6131],[128.5174,-15.0037,3.259],[128.5188,-15.0048,2.9364],[128.5161,-15.005,2.6687],[128.5145,-15.0075,0.0],[128.515,-15.0109,0.0],[128.519,-15.0148,1.4075],[128.517,-15.0171,0.0],[128.5124,-15.0148,2.1725],[128.5107,-15.0121,1.2989],[128.5089,-15.0051,2.5313],[128.5104,-14.9988,0.8229],[128.5033,-14.9913,1.2663],[128.5025,-14.9811,0.3499],[128.4995,-14.9756,0.0],[128.4835,-14.9651,0.3493],[128.4739,-14.9567,0.229],[128.4432,-14.9167,1.8901],[128.4227,-14.8826,0.0],[128.4149,-14.878,0.0],[128.4037,-14.8773,0.0],[128.4027,-14.8802,1.5758],[128.4088,-14.8856,1.4842],[128.4178,-14.9043,1.8061],[128.4155,-14.9143,0.0],[128.4182,-14.9183,0.0],[128.4175,-14.9213,0.3809],[128.4192,-14.9277,2.4817],[128.4328,-14.9564,0.9529],[128.438,-14.9745,2.5249],[128.4496,-14.986,1.7787],[128.4559,-14.9956,3.5236],[128.4486,-15.0021,0.7779],[128.4438,-14.9972,0.5806],[128.4311,-14.9822,0.0],[128.4261,-14.9735,0.826],[128.4189,-14.9503,0.0],[128.4143,-14.9466,0.8078],[128.4086,-14.945,0.0],[128.401,-14.9385,2.0412],[128.3955,-14.9298,0.2226],[128.3878,-14.9218,0.0],[128.3798,-14.9052,0.0],[128.3687,-14.8899,0.0],[128.3622,-14.8852,0.654],[128.3582,-14.885,0.2295],[128.3548,-14.8874,-0.3325],[128.3542,-14.8952,5.268],[128.355,-14.9082,4.0632],[128.3563,-14.9081,4.0632],[128.3544,-14.9125,4.4094],[128.3551,-14.9449,2.5098],[128.3531,-14.9456,3.2156],[128.3513,-14.9511,2.5416],[128.3491,-14.968,2.6857],[128.354,-14.9751,2.9324],[128.359,-14.9771,0.0],[128.3673,-14.9847,2.251],[128.3875,-14.9978,3.104],[128.407,-15.0247,1.2599],[128.4104,-15.0321,2.6636],[128.4075,-15.034,0.6046],[128.3869,-15.0078,0.0],[128.3786,-15.0006,0.0],[128.3731,-14.9969,0.4047],[128.3581,-14.9913,0.0],[128.3595,-14.9953,2.5231],[128.3593,-15.0129,1.4583],[128.3641,-15.0409,0.0],[128.3708,-15.059,0.2629],[128.374,-15.0614,0.5056],[128.3619,-15.0666,2.3519],[128.3626,-15.0645,2.2218],[128.3576,-15.0525,0.0],[128.3579,-15.0472,3.6029],[128.3503,-15.035,2.0168],[128.3426,-15.0072,0.0],[128.328,-14.9741,0.8336],[128.3247,-14.9588,0.0],[128.3252,-14.9432,0.0],[128.3231,-14.9332,0.0],[128.3195,-14.9284,-0.4387],[128.3139,-14.9257,-0.6847],[128.2959,-14.9374,0.0],[128.2925,-14.9668,2.2399],[128.3147,-14.9959,2.7187],[128.3312,-15.0354,0.0],[128.3268,-15.039,-0.0098],[128.3229,-15.031,0.0],[128.3199,-15.0283,1.1897],[128.3165,-15.0152,0.5365],[128.3073,-14.9946,0.4628],[128.2899,-14.9748,0.0],[128.2875,-14.9737,0.0],[128.2851,-14.9766,4.5063],[128.2794,-14.9782,6.3458],[128.2733,-14.9831,0.0],[128.2692,-14.9819,1.7349],[128.264,-14.9834,5.0968],[128.2546,-14.9893,6.6843],[128.2517,-14.9936,6.9862],[128.2508,-14.9915,8.1796],[128.2477,-14.9937,9.4717],[128.2397,-14.9953,7.1872],[128.2301,-15.0007,0.0],[128.2266,-15.0056,0.0],[128.2209,-15.0242,0.0],[128.1991,-15.0708,0.0],[128.1942,-15.0969,0.0],[128.1977,-15.1019,1.9936],[128.2101,-15.1124,3.2503],[128.2183,-15.1241,5.3301],[128.2211,-15.1309,4.7487],[128.2202,-15.1385,1.7459],[128.224,-15.1654,1.3587],[128.2198,-15.1991,1.8656],[128.2229,-15.212,0.0],[128.2295,-15.2232,4.5609],[128.2411,-15.2499,0.0],[128.271,-15.2713,4.2753],[128.2781,-15.2786,0.0],[128.2902,-15.2959,4.6754],[128.3008,-15.3197,0.9261],[128.2985,-15.3476,10.8306],[128.2923,-15.3637,9.4422],[128.2953,-15.4013,4.4831],[128.2996,-15.4012,4.4962],[128.2961,-15.4035,0.0],[128.2976,-15.407,0.744],[128.3049,-15.4101,3.6715],[128.3073,-15.414,3.9246],[128.3047,-15.419,0.3118],[128.3,-15.4395,0.0],[128.2981,-15.4546,2.2031],[128.2991,-15.4602,0.0],[128.3012,-15.4643,0.0],[128.3111,-15.4708,3.8902],[128.3157,-15.4793,1.5071],[128.3243,-15.4839,1.371],[128.3281,-15.4904,0.0],[128.3296,-15.501,4.6116],[128.3333,-15.5022,3.6435],[128.3385,-15.498,0.0],[128.3416,-15.5013,5.4105],[128.3345,-15.5072,0.0],[128.3274,-15.5051,3.3464],[128.3207,-15.4958,3.8475],[128.3215,-15.4878,5.8638],[128.3138,-15.4835,0.0],[128.3045,-15.4735,3.9622],[128.303,-15.475,6.7721],[128.2923,-15.4599,2.3528],[128.2904,-15.4487,0.0],[128.2964,-15.4353,6.2851],[128.2963,-15.431,0.0],[128.2946,-15.4263,0.0],[128.2893,-15.4195,0.0],[128.2813,-15.3906,0.0],[128.2807,-15.373,1.965],[128.2779,-15.3612,3.5794],[128.2816,-15.3459,3.309],[128.2775,-15.3382,3.8242],[128.2634,-15.326,5.2595],[128.2605,-15.3196,3.9602],[128.256,-15.3164,3.6766],[128.258,-15.3063,6.6773],[128.2384,-15.2891,0.0],[128.2328,-15.2799,13.9941],[128.2115,-15.2606,3.0716],[128.1882,-15.2288,0.8087],[128.1636,-15.2084,0.0],[128.1441,-15.1999,5.0344],[128.1336,-15.1913,20.3419],[128.1283,-15.1837,0.0],[128.122,-15.1875,0.0],[128.1185,-15.193,1.3999],[128.1169,-15.2066,0.8813],[128.1101,-15.2096,0.0],[128.1119,-15.213,0.0],[128.1124,-15.2208,36.7731],[128.11,-15.2274,0.0],[128.1125,-15.228,2.8802],[128.1151,-15.2346,0.0],[128.1116,-15.2393,0.0],[128.1007,-15.2431,0.0],[128.1014,-15.2489,0.0],[128.1002,-15.2502,0.0],[128.1095,-15.2536,2.3053],[128.1161,-15.2601,1.0247],[128.1253,-15.2787,1.6142],[128.1282,-15.2917,0.0],[128.1281,-15.33,0.0],[128.126,-15.333,0.0],[128.1231,-15.3515,0.0],[128.1247,-15.3754,1.6051],[128.1187,-15.4156,0.0],[128.1143,-15.428,2.5961],[128.1015,-15.4488,0.0],[128.0987,-15.4625,0.0],[128.0964,-15.4672,1.1404],[128.0869,-15.477,0.0],[128.0759,-15.4841,0.0],[128.0681,-15.4921,0.0],[128.0604,-15.4969,1.7673],[128.0538,-15.4988,5.0213],[128.0318,-15.499,3.7266],[128.0184,-15.5018,11.4663],[128.0073,-15.5146,57.5701],[128.0015,-15.5148,3.2497],[127.9988,-15.5181,0.0],[127.9952,-15.5156,0.0],[127.9962,-15.5135,3.7726],[128.0085,-15.5068,5.7756],[128.0081,-15.5049,5.4314],[128.0176,-15.498,0.0],[128.0195,-15.4943,42.7265],[128.0224,-15.4952,26.9566],[128.0313,-15.4932,12.0739],[128.0374,-15.4862,4.6776],[128.0487,-15.4828,4.1054],[128.0524,-15.4795,1.3706],[128.0774,-15.4339,0.0],[128.0894,-15.3903,0.5361],[128.0896,-15.3771,0.0],[128.0866,-15.3662,0.0],[128.0671,-15.3353,3.1806],[128.0646,-15.3238,3.0048],[128.066,-15.3123,1.4462],[128.0554,-15.3073,0.4333],[128.0472,-15.2963,1.5572],[128.0404,-15.2928,0.0],[128.0424,-15.2876,3.8076],[128.0448,-15.2883,2.1787],[128.0499,-15.2913,0.0],[128.0594,-15.3012,2.6312],[128.0659,-15.3012,3.2233],[128.0728,-15.2986,3.3634],[128.0824,-15.2857,3.2332],[128.0928,-15.281,24.355],[128.0888,-15.2729,2.9739],[128.0903,-15.2671,0.0],[128.0842,-15.2634,2.5193],[128.0819,-15.2585,3.0787],[128.0834,-15.2532,2.8084],[128.0891,-15.2491,24.4121],[128.0873,-15.2453,3.2226],[128.0829,-15.2429,22.0429],[128.0836,-15.2412,32.5069],[128.0868,-15.2406,22.8058],[128.0878,-15.2376,0.0],[128.0802,-15.233,3.132],[128.0833,-15.2344,0.0],[128.0808,-15.2279,3.1797],[128.0917,-15.2142,3.7394],[128.0933,-15.206,50.6885],[128.0916,-15.1896,5.7551],[128.0975,-15.1784,40.8527],[128.0989,-15.1673,3.8789],[128.0976,-15.1649,3.1036],[128.0883,-15.1584,5.1683],[128.0835,-15.1524,4.7508],[128.0809,-15.1402,2.7498],[128.0827,-15.1276,9.8736],[128.0778,-15.118,1.6354],[128.075,-15.104,5.3742],[128.0787,-15.0903,2.7051],[128.0875,-15.08,0.8485],[128.0918,-15.0776,2.5041],[128.0921,-15.0709,9.584],[128.0947,-15.0679,63.2049],[128.1031,-15.0645,23.9152],[128.1026,-15.062,6.5483],[128.0991,-15.0592,11.0759],[128.0992,-15.0541,0.7538],[128.0944,-15.0495,10.6941],[128.0944,-15.0447,2.4391],[128.1014,-15.0373,10.6331],[128.0978,-15.0317,0.0],[128.1001,-15.0112,5.6861],[128.1062,-15.0045,1.6763],[128.1074,-14.9986,1.6717],[128.1103,-14.9941,1.3165],[128.1134,-14.9933,0.0],[128.1127,-14.9733,0.0],[128.1143,-14.965,0.0],[128.1126,-14.964,0.0],[128.1126,-14.9584,0.0],[128.1086,-14.9535,2.406],[128.1079,-14.9469,5.3989],[128.1114,-14.9381,3.9855],[128.1108,-14.9363,1.7872],[128.1177,-14.9223,3.02],[128.1237,-14.902,0.9993],[128.1391,-14.8708,0.0],[128.1382,-14.8695,0.0],[128.1229,-14.871,0.0],[128.1185,-14.8613,0.4898],[128.1264,-14.8564,1.3464],[128.1353,-14.8534,1.8431],[128.1437,-14.8455,1.5512],[128.1512,-14.8419,1.1536],[128.1577,-14.8406,2.7875],[128.1703,-14.8413,0.0],[128.1774,-14.8386,1.6966],[128.1892,-14.8374,1.9257],[128.1924,-14.8387,0.0],[128.192,-14.8372,5.3814],[128.1949,-14.8345,0.0],[128.194,-14.828,7.4232],[128.1814,-14.8117,1.3841],[128.1752,-14.7918,0.7593],[128.1769,-14.7776,0.7946],[128.1835,-14.756,0.0],[128.1839,-14.7443,13.0653],[128.1936,-14.7383,1.8318],[128.2006,-14.7375,25.0346],[128.2158,-14.7547,2.0524],[128.2215,-14.7525,4.3732],[128.2218,-14.7486,6.315],[128.225,-14.7467,12.1033],[128.2251,-14.7403,0.8241],[128.222,-14.7427,0.5438],[128.2166,-14.7407,4.1727],[128.2142,-14.7332,3.249],[128.2154,-14.7262,3.6501],[128.2215,-14.7251,0.0],[128.2219,-14.7221,1.301],[128.2196,-14.7164,0.0],[128.2156,-14.714,0.6148],[128.2134,-14.7105,0.0],[128.2058,-14.7092,0.0],[128.2012,-14.7065,2.8513],[128.1973,-14.7066,3.1721],[128.191,-14.7135,0.0],[128.1842,-14.7146,7.9143],[128.1611,-14.708,9.0083],[128.1551,-14.7028,47.9352],[128.153,-14.697,2.8657],[128.1557,-14.6953,4.6158],[128.1548,-14.6944,0.0],[128.1507,-14.6959,17.2358],[128.1506,-14.6928,3.9663],[128.154,-14.6906,0.6008],[128.1502,-14.6856,0.0],[128.1474,-14.6838,0.0],[128.142,-14.6843,0.0],[128.1375,-14.6858,0.0],[128.1346,-14.6895,0.0],[128.1313,-14.6871,0.4248],[128.1347,-14.679,6.7538],[128.1372,-14.6776,4.0971],[128.1309,-14.6641,0.0],[128.1189,-14.657,0.0],[128.1162,-14.6589,18.7162],[128.1136,-14.657,0.0],[128.111,-14.6582,7.2772],[128.1078,-14.6552,8.0286],[128.1019,-14.6563,18.6477],[128.1034,-14.6509,0.0],[128.0974,-14.649,0.0],[128.0868,-14.639,0.0],[128.085,-14.6408,0.0],[128.0869,-14.6462,42.1832],[128.0859,-14.6469,27.6359],[128.0732,-14.6518,11.5482],[128.0713,-14.6498,0.1155],[128.0694,-14.6502,1.2514],[128.0671,-14.647,0.9771],[128.0666,-14.6417,8.4132],[128.0684,-14.6347,30.4144],[128.0733,-14.6342,0.0],[128.0733,-14.63,0.0],[128.0693,-14.6207,0.0],[128.0608,-14.6163,3.5404],[128.0534,-14.604799999999999,0.0],[128.0432,-14.5931,0.0],[128.0336,-14.5836,0.0],[128.0317,-14.5848,23.2204],[128.0279,-14.5793,0.0],[128.0206,-14.577,0.0],[128.0141,-14.5698,0.8902],[128.0128,-14.5739,0.0],[128.0105,-14.5708,0.0],[128.0056,-14.5692,0.0],[128.0023,-14.569,0.0],[128.0005,-14.5706,0.5721],[127.9965,-14.5626,10.5305],[127.9971,-14.5599,3.0649],[127.9931,-14.5562,0.0],[127.9911,-14.5567,7.1646],[127.9876,-14.5625,1.2857],[127.9897,-14.5743,0.0],[127.9848,-14.5796,0.6765],[127.9782,-14.5805,0.0],[127.9717,-14.5865,2.1931],[127.9627,-14.5904,3.0356],[127.9526,-14.586,0.0],[127.9505,-14.578,5.2059],[127.9542,-14.5738,0.0],[127.9535,-14.5706,5.8274],[127.9481,-14.5668,1.2487],[127.9407,-14.5677,0.0],[127.9343,-14.559,0.0],[127.9302,-14.557,4.5504],[127.9274,-14.558,4.1608],[127.9291,-14.5562,3.5624],[127.9318,-14.5568,1.0481],[127.9354,-14.5445,1.3409],[127.9402,-14.5434,0.0],[127.9364,-14.5351,9.5623],[127.9377,-14.5334,4.4364],[127.9399,-14.534,1.197],[127.9404,-14.5318,2.1126],[127.9389,-14.5301,10.1113],[127.9413,-14.5294,16.3439],[127.9442,-14.532,1.5335],[127.9448,-14.5281,7.3081],[127.9477,-14.5297,0.0],[127.9526,-14.5294,0.9646],[127.9493,-14.5242,4.7565],[127.9434,-14.5223,1.9717],[127.9293,-14.5029,0.0],[127.9234,-14.5014,4.0433],[127.9227,-14.5071,28.4638],[127.9208,-14.5082,12.9738],[127.9177,-14.5035,0.0965],[127.9162,-14.5074,1.1584],[127.9057,-14.5021,8.3229],[127.9021,-14.5051,20.8219],[127.8872,-14.49,10.2203],[127.8859,-14.4851,0.0],[127.8823,-14.4848,32.7284],[127.8844,-14.4828,0.0],[127.8842,-14.477,0.0688],[127.8802,-14.4708,1.369],[127.8744,-14.4764,6.8834],[127.8676,-14.477,10.8453],[127.8627,-14.4832,14.7488],[127.8601,-14.4831,24.049],[127.8546,-14.4865,0.8336],[127.8501,-14.4845,1.4311],[127.85,-14.4807,1.3513],[127.8457,-14.4777,2.7219],[127.8409,-14.47,2.4098],[127.8375,-14.4565,8.6588],[127.8353,-14.4552,3.2871],[127.8342,-14.4578,2.1577],[127.8347,-14.452,3.0247],[127.8299,-14.4536,2.2549],[127.8245,-14.4503,0.0],[127.8241,-14.4465,0.0],[127.8198,-14.4406,59.9694],[127.8212,-14.4338,27.5006],[127.827,-14.4268,6.3244],[127.8271,-14.4206,2.2741],[127.8253,-14.4164,11.9975],[127.8276,-14.4121,21.6962],[127.8284,-14.4025,5.4534],[127.8233,-14.3969,42.0749],[127.8193,-14.3958,1.4095],[127.8145,-14.3983,12.9024],[127.8123,-14.4021,4.1172],[127.8105,-14.4021,3.0709],[127.8124,-14.3999,2.9341],[127.8069,-14.391,12.9685],[127.8065,-14.3825,0.0],[127.804,-14.3831,5.5104],[127.7971,-14.391,33.3416],[127.7936,-14.3861,0.0],[127.7899,-14.3896,17.7465],[127.7883,-14.3884,55.7817],[127.7865,-14.381,2.6441],[127.7846,-14.3826,2.3083],[127.7828,-14.3821,2.3083],[127.7875,-14.3794,1.273],[127.7857,-14.3732,13.9577],[127.7869,-14.3689,5.2455],[127.783,-14.3583,0.0],[127.7842,-14.3566,0.9969],[127.7832,-14.3555,6.2186],[127.7865,-14.3544,3.4419],[127.7821,-14.3505,0.0],[127.7809,-14.3522,7.374],[127.7781,-14.3515,2.1408],[127.7701,-14.3552,0.0],[127.7655,-14.3641,1.1416],[127.7607,-14.3671,1.1951],[127.7589,-14.3645,1.356],[127.7659,-14.3521,2.2837],[127.7761,-14.3459,5.6253],[127.7759,-14.3485,0.0],[127.7801,-14.3444,0.0],[127.7815,-14.3393,0.0],[127.7797,-14.3332,0.0],[127.7661,-14.317,18.9186],[127.7628,-14.3091,0.0],[127.7627,-14.3032,0.0],[127.7495,-14.2972,2.94],[127.7376,-14.2878,2.8326],[127.7382,-14.2813,0.8904],[127.7353,-14.282,9.6771],[127.7333,-14.2798,0.0],[127.7321,-14.2819,3.2464],[127.7274,-14.2765,2.0636],[127.7228,-14.2793,14.74],[127.7193,-14.2766,3.4872],[127.7201,-14.2685,2.9676],[127.7168,-14.2618,3.5896],[127.7113,-14.2561,0.0],[127.7106,-14.2527,0.0],[127.7024,-14.251,0.0],[127.7018,-14.2529,9.5667],[127.6992,-14.2472,0.0],[127.6944,-14.2482,8.1709],[127.6897,-14.2443,8.1593],[127.6832,-14.2434,2.8275],[127.6829,-14.2401,1.3795],[127.6846,-14.2366,12.0045],[127.6846,-14.2427,11.323],[127.6912,-14.2428,22.7126],[127.6922,-14.2319,9.7374],[127.6892,-14.2285,10.9538],[127.6837,-14.2123,0.7125],[127.6821,-14.2122,0.7125],[127.678,-14.217,3.5084],[127.6749,-14.2175,0.0],[127.6718,-14.2216,9.0931],[127.6739,-14.2155,0.0],[127.6772,-14.2116,5.6144],[127.6696,-14.2138,0.3715],[127.6653,-14.2097,7.4465],[127.6691,-14.2,4.4527],[127.6679,-14.1975,4.7884],[127.6704,-14.196,0.3897],[127.6698,-14.1905,0.2737],[127.6629,-14.1851,2.8622],[127.6595,-14.1838,0.0],[127.656,-14.1847,8.8738],[127.6525,-14.1815,2.2935],[127.6487,-14.1822,0.0],[127.6468,-14.1791,0.0],[127.6422,-14.1798,5.3852],[127.6404,-14.1769,0.9414],[127.6342,-14.1794,18.865],[127.6366,-14.1768,16.6968],[127.6397,-14.176,17.1576],[127.644,-14.1778,8.8719],[127.6482,-14.1737,1.016],[127.6484,-14.1696,3.1802],[127.6334,-14.1652,3.5043],[127.6311,-14.1619,0.804],[127.6282,-14.1629,5.6996],[127.6263,-14.16,0.3651],[127.6246,-14.1605,0.3651],[127.625,-14.1577,0.0],[127.6187,-14.1547,6.8774],[127.6217,-14.1532,3.6018],[127.6182,-14.1454,0.875],[127.6159,-14.1437,2.0032],[127.6056,-14.1434,4.3446],[127.6038,-14.144,4.3446],[127.6048,-14.1458,7.7524],[127.5974,-14.146,10.8934],[127.5982,-14.1431,0.0],[127.5966,-14.1421,2.1701],[127.5891,-14.1443,28.1655],[127.5901,-14.1401,3.7535],[127.587,-14.1387,8.447],[127.5859,-14.1354,0.0],[127.5801,-14.1344,6.9712],[127.5821,-14.1341,7.9845],[127.5825,-14.1318,10.6351],[127.5793,-14.1284,1.6935],[127.5743,-14.1281,16.4999],[127.5727,-14.1251,0.0],[127.5706,-14.1269,2.2137],[127.5673,-14.1253,2.2407],[127.5659,-14.1229,3.3646],[127.5679,-14.1191,6.6391],[127.5658,-14.1163,12.6173],[127.5668,-14.1134,2.466],[127.5614,-14.1105,0.0],[127.5568,-14.1046,2.8879],[127.5553,-14.1049,1.6629],[127.5551,-14.1088,1.8552],[127.5496,-14.1105,2.6477],[127.5452,-14.1044,13.0271],[127.5457,-14.0999,13.7928],[127.5435,-14.0998,13.2572],[127.5412,-14.1075,0.0],[127.5239,-14.1198,4.8394],[127.5223,-14.1181,3.5254],[127.5235,-14.1149,2.1368],[127.5222,-14.1132,10.5649],[127.5286,-14.1089,9.1113],[127.5356,-14.0991,20.1346],[127.5366,-14.0951,0.0],[127.5337,-14.0927,16.8593],[127.5372,-14.0911,7.9438],[127.5376,-14.0863,6.9371],[127.5335,-14.0849,0.0],[127.5315,-14.0866,12.1955],[127.5278,-14.085,4.9999],[127.5241,-14.0891,0.2334],[127.5225,-14.0878,6.6802],[127.5229,-14.0859,3.2329],[127.521,-14.0854,2.0065],[127.5176,-14.0877,6.6789],[127.5167,-14.0928,8.8655],[127.5148,-14.0942,13.8334],[127.5158,-14.0913,8.8655],[127.5121,-14.089,0.0],[127.5102,-14.0934,9.981],[127.5085,-14.0878,0.2537],[127.5098,-14.084,1.9297],[127.5177,-14.0806,0.0],[127.5173,-14.0773,4.3739],[127.5204,-14.0772,5.3068],[127.523,-14.0724,2.4465],[127.5254,-14.0727,1.3009],[127.5237,-14.0693,0.0],[127.5199,-14.0699,1.2336],[127.5144,-14.0663,2.3308],[127.5152,-14.0731,5.0794],[127.5127,-14.0725,0.0],[127.5093,-14.0743,0.3082],[127.5066,-14.0729,0.0],[127.5046,-14.0747,2.7727],[127.5032,-14.0728,3.134],[127.5038,-14.0702,2.0459],[127.4991,-14.0691,0.0],[127.4934,-14.0607,0.0],[127.4888,-14.0682,6.2495],[127.488,-14.0795,0.0],[127.4853,-14.0806,0.5394],[127.4829,-14.0851,4.2626],[127.4811,-14.0814,0.0],[127.4779,-14.0798,13.6235],[127.4774,-14.0751,13.8527],[127.4789,-14.0746,0.7288],[127.4775,-14.0623,0.0],[127.4707,-14.0638,0.0],[127.4688,-14.0619,1.7594],[127.4675,-14.0567,1.128],[127.4592,-14.0628,0.743],[127.4569,-14.0627,0.0],[127.4525,-14.0588,0.0],[127.4491,-14.0541,15.0176],[127.4502,-14.0504,2.9483],[127.4528,-14.0489,6.9613],[127.4519,-14.0471,0.0],[127.4558,-14.042,0.0],[127.455,-14.0408,10.5285],[127.4593,-14.0351,6.7134],[127.4545,-14.0282,4.3898],[127.45,-14.0283,9.0675],[127.4485,-14.0248,0.0],[127.4547,-14.0167,25.2985],[127.4605,-14.014099999999999,6.7447],[127.4653,-14.0093,0.0],[127.4667,-14.0052,0.0],[127.466,-14.0016,0.0],[127.4672,-14.0009,0.77],[127.4649,-13.9949,0.421],[127.4597,-13.9885,0.4729],[127.4543,-13.9901,10.956],[127.457,-13.9855,1.6031],[127.4555,-13.9802,5.1221],[127.4513,-13.9786,0.2966],[127.4512,-13.9812,1.6428],[127.4485,-13.9806,0.0],[127.4479,-13.9825,7.6181],[127.4455,-13.9801,0.0],[127.4396,-13.9802,11.8775],[127.4441,-13.9781,5.5026],[127.4445,-13.9725,0.9039],[127.4392,-13.9721,6.1321],[127.4317,-13.9668,0.5812],[127.425,-13.9667,5.037],[127.4291,-13.9574,0.0],[127.4268,-13.9547,7.7265],[127.4286,-13.954,4.7659],[127.428,-13.9504,2.526],[127.4306,-13.9476,1.3543],[127.4301,-13.9429,0.0],[127.4258,-13.9418,0.8057],[127.4232,-13.9429,0.0],[127.4221,-13.9498,0.9756],[127.4191,-13.9517,1.644],[127.4175,-13.9503,0.55],[127.4152,-13.9532,1.4787],[127.4129,-13.962,14.4459],[127.4108,-13.9614,0.6938],[127.4076,-13.9557,8.1282],[127.4077,-13.9521,4.5499],[127.4023,-13.9493,0.0],[127.3956,-13.9395,0.8262],[127.3939,-13.9387,0.8262],[127.392,-13.9402,9.5675],[127.3849,-13.9364,7.0105],[127.378,-13.9382,29.957],[127.3787,-13.936,0.0],[127.3741,-13.9391,0.4124],[127.373,-13.9374,33.7537],[127.3786,-13.9312,3.5173],[127.3775,-13.928,0.5381],[127.3756,-13.9274,0.0],[127.3738,-13.9292,0.0],[127.3706,-13.9231,20.5405],[127.3656,-13.9219,30.4243],[127.3618,-13.9178,0.0],[127.3606,-13.9189,0.0],[127.3591,-13.9162,10.302],[127.3611,-13.9158,0.0],[127.3615,-13.914,0.0],[127.3598,-13.9087,0.0],[127.3543,-13.906,0.0],[127.3474,-13.9066,9.5286],[127.344,-13.9109,8.8735],[127.3412,-13.9095,0.0],[127.3379,-13.914,7.6354],[127.3353,-13.9135,16.5324],[127.3289,-13.9163,7.9164],[127.3241,-13.9141,0.0],[127.3219,-13.9147,5.1358],[127.3262,-13.9191,3.5089],[127.3259,-13.9289,0.0],[127.3296,-13.9337,0.0],[127.331,-13.9333,5.6984],[127.3332,-13.9362,54.0598],[127.3386,-13.9364,5.6844],[127.3453,-13.9395,65.3872],[127.3481,-13.9483,2.3621],[127.3458,-13.9549,9.9618],[127.3431,-13.9591,3.8413],[127.3409,-13.9588,1.4304],[127.3344,-13.9632,1.7749],[127.3271,-13.9599,8.2072],[127.3181,-13.9612,0.0],[127.3056,-13.9539,0.0],[127.3022,-13.9471,11.0927],[127.3029,-13.9409,0.0],[127.3012,-13.9438,0.0],[127.2966,-13.9444,17.2017],[127.2921,-13.9388,19.7923],[127.2907,-13.9338,8.6222],[127.2827,-13.933,26.8956],[127.2758,-13.938,32.7337],[127.2746,-13.9353,0.0],[127.2813,-13.9284,0.0],[127.2828,-13.9193,0.0],[127.2806,-13.9164,10.416],[127.2729,-13.9133,8.0812],[127.2656,-13.9019,2.9967],[127.249,-13.9068,17.9042],[127.2451,-13.9031,1.4874],[127.2467,-13.9004,0.0211],[127.2415,-13.9017,0.9734],[127.2352,-13.9078,0.0],[127.2366,-13.9101,11.4114],[127.2329,-13.92,3.3269],[127.2306,-13.9221,1.6966],[127.2301,-13.9362,24.0595],[127.2264,-13.939,0.0],[127.2266,-13.9425,0.0],[127.2177,-13.9455,13.0583],[127.2147,-13.9405,0.0],[127.2104,-13.9446,2.2169],[127.2117,-13.946,11.4121],[127.2091,-13.949,28.3884],[127.207,-13.9566,5.6817],[127.209,-13.9645,39.5586],[127.2143,-13.9665,0.0],[127.209,-13.9698,6.7968],[127.2094,-13.9723,12.9191],[127.2077,-13.9736,18.7062],[127.207,-13.9717,5.5741],[127.2046,-13.972,7.0224],[127.2078,-13.9697,9.8981],[127.2084,-13.9672,0.3873],[127.2062,-13.967,14.3778],[127.2025,-13.9591,0.0],[127.2021,-13.9524,0.0],[127.1988,-13.9448,2.3054],[127.1983,-13.9521,0.0],[127.1952,-13.9595,4.7535],[127.1914,-13.9596,34.355],[127.1899,-13.9572,63.0136],[127.1905,-13.9509,3.5729],[127.1862,-13.9388,0.8333],[127.1904,-13.9358,5.5879],[127.1915,-13.9284,36.9883],[127.1955,-13.9223,1.5327],[127.193,-13.9126,0.0],[127.1897,-13.9114,18.6566],[127.1907,-13.904,1.2352],[127.1856,-13.9076,0.0],[127.1813,-13.9072,0.0],[127.1784,-13.9098,4.2139],[127.1698,-13.9106,0.665],[127.1663,-13.9179,2.5183],[127.1773,-13.9208,5.8047],[127.1788,-13.9259,1.0238],[127.1767,-13.9285,9.2354],[127.1713,-13.9271,1.9446],[127.1592,-13.9318,3.0815],[127.1576,-13.9337,26.5267],[127.1558,-13.9385,2.1328],[127.1567,-13.9417,0.0],[127.1552,-13.9497,9.2366],[127.1531,-13.9533,13.9945],[127.1482,-13.9561,7.4831],[127.1531,-13.9671,2.1091],[127.1506,-13.9692,0.0],[127.145,-13.9669,0.3673],[127.1439,-13.9725,3.0987],[127.1472,-13.9809,65.5559],[127.1436,-13.9795,0.0],[127.1424,-13.9821,0.9672],[127.1382,-13.9784,30.7379],[127.1373,-13.9742,1.4058],[127.1278,-13.9699,1.6363],[127.1272,-13.9657,0.0],[127.1231,-13.9723,8.0974],[127.1175,-13.9706,4.7031],[127.1138,-13.9628,2.9337],[127.1194,-13.9563,6.6294],[127.1184,-13.9548,7.6148],[127.1218,-13.952,12.4394],[127.1227,-13.9482,0.0],[127.1215,-13.947,3.8681],[127.1161,-13.9472,0.0],[127.1139,-13.9454,4.681],[127.1093,-13.9463,44.9452],[127.1077,-13.9446,26.558],[127.1115,-13.9344,19.562],[127.1081,-13.9282,1.9763],[127.1046,-13.9253,2.0469],[127.0988,-13.9308,1.3204],[127.0939,-13.9274,1.026],[127.0933,-13.9248,25.2485],[127.0979,-13.923,0.0],[127.0986,-13.92,0.0],[127.101,-13.9181,2.3419],[127.1008,-13.914,8.6101],[127.1039,-13.9149,0.0],[127.1047,-13.912,2.152],[127.1079,-13.9153,0.8452],[127.1093,-13.9139,2.9244],[127.1065,-13.9086,0.0],[127.0986,-13.9033,1.0029],[127.0998,-13.8995,7.0822],[127.1039,-13.8977,0.0],[127.1053,-13.8933,0.0],[127.1057,-13.8901,4.8466],[127.1029,-13.8843,1.2538],[127.097,-13.8867,6.0715],[127.0899,-13.8873,8.3313],[127.0854,-13.892,20.4081],[127.0694,-13.8962,0.0],[127.0661,-13.9042,3.444],[127.0614,-13.9087,26.0663],[127.0606,-13.9079,0.0],[127.064,-13.8985,0.8389],[127.0662,-13.8979,0.7689],[127.0645,-13.8946,2.4301],[127.0649,-13.8911,1.6064],[127.07,-13.8892,0.0],[127.0729,-13.886,0.0],[127.0715,-13.879,1.3947],[127.0723,-13.8738,7.7791],[127.0767,-13.8698,12.687],[127.0735,-13.8685,7.7239],[127.0679,-13.8705,20.8483],[127.0688,-13.868,2.9304],[127.0654,-13.8674,14.2495],[127.0651,-13.8642,3.995],[127.0675,-13.8608,10.3368],[127.0707,-13.8624,10.0953],[127.0756,-13.8613,0.0],[127.0811,-13.8545,0.0],[127.0802,-13.8488,7.0153],[127.0814,-13.84,0.0],[127.0795,-13.8383,3.3263],[127.076,-13.8385,15.7717],[127.074,-13.8358,0.0],[127.0686,-13.8359,0.0],[127.0597,-13.8405,0.0],[127.0575,-13.8478,0.0],[127.0472,-13.8513,2.0844],[127.0424,-13.8453,0.0],[127.0425,-13.8418,0.0],[127.0452,-13.8384,0.0],[127.0458,-13.8334,11.3291],[127.0497,-13.8322,1.4268],[127.0519,-13.8284,6.596],[127.0558,-13.8282,1.323],[127.0522,-13.8239,26.3803],[127.0526,-13.8167,0.0],[127.0489,-13.8166,18.548],[127.0509,-13.8081,4.3091],[127.0458,-13.806,0.2096],[127.0466,-13.8101,3.9096],[127.0444,-13.813,4.148],[127.0395,-13.8139,0.982],[127.0396,-13.8207,0.7701],[127.0379,-13.8247,2.0953],[127.0395,-13.827,0.2727],[127.0366,-13.8321,1.049],[127.0346,-13.8318,0.0],[127.0322,-13.8274,0.7475],[127.0296,-13.8285,2.7491],[127.026,-13.827,2.8489],[127.0313,-13.8189,6.9759],[127.0305,-13.817,2.898],[127.0286,-13.8198,3.8278],[127.0248,-13.8198,2.0883],[127.024,-13.8217,5.5486],[127.0165,-13.8246,2.8494],[127.011,-13.8227,0.2109],[127.0061,-13.8238,0.9912],[127.0108,-13.8153,3.6593],[127.0178,-13.8127,0.4166],[127.0166,-13.811,0.0],[127.0177,-13.8036,0.6533],[127.023,-13.8069,0.4449],[127.0281,-13.806,3.5267],[127.0312,-13.8072,4.9041],[127.0317,-13.8061,0.0],[127.0273,-13.7992,0.0],[127.0184,-13.7975,0.0],[127.0194,-13.7913,0.0],[127.0135,-13.7854,1.5222],[127.0114,-13.7883,12.8181],[127.0135,-13.7918,5.0042],[127.0124,-13.7958,4.2836],[127.0073,-13.7957,0.0],[127.0075,-13.7927,0.0],[127.0046,-13.7944,0.0],[127.0021,-13.794,9.8217],[127.006,-13.788,9.3995],[127.0017,-13.7871,1.1276],[127.0024,-13.7831,7.0926],[127.0001,-13.783,6.238],[127.0007,-13.7811,10.1092],[126.9989,-13.7798,0.0],[126.9984,-13.7766,11.1211],[127.0022,-13.7724,6.198],[126.9983,-13.7687,0.0],[126.9962,-13.7711,0.0],[126.9967,-13.778,0.0],[126.9943,-13.7824,0.0],[126.9963,-13.7908,1.2334],[126.9857,-13.7875,4.9083],[126.9891,-13.7865,2.3376],[126.9862,-13.7834,5.3437],[126.9845,-13.7665,0.0],[126.9822,-13.7666,16.8152],[126.9779,-13.7614,17.9642],[126.9787,-13.7591,15.8899],[126.9841,-13.7568,3.1979],[126.984,-13.7542,7.1715],[126.9764,-13.7542,2.4652],[126.975,-13.7557,7.7473],[126.973,-13.7532,6.2325],[126.9696,-13.7525,6.633],[126.9669,-13.7477,1.0608],[126.9636,-13.7462,8.9264],[126.9636,-13.742,5.9328],[126.9611,-13.7408,0.7992],[126.9566,-13.7425,3.0048],[126.9572,-13.7454,1.0136],[126.9543,-13.7476,0.4947],[126.9477,-13.746,0.4166],[126.9446,-13.743,3.5956],[126.932,-13.7414,2.288],[126.9276,-13.7439,2.1348],[126.9198,-13.7451,2.0881],[126.9144,-13.7412,0.0],[126.914,-13.7443,1.1894],[126.9161,-13.7476,0.0],[126.9211,-13.749,2.811],[126.9218,-13.754,2.7387],[126.9251,-13.7573,1.7753],[126.9317,-13.7572,0.4524],[126.9334,-13.7602,0.0],[126.9373,-13.7579,2.0674],[126.94,-13.7603,1.6276],[126.9442,-13.7689,1.6871],[126.941,-13.7669,0.3297],[126.9324,-13.77,2.7029],[126.9267,-13.775,2.578],[126.9227,-13.7726,0.0],[126.9218,-13.7761,2.337],[126.9198,-13.775,6.572],[126.9217,-13.7716,2.0391],[126.9205,-13.7683,4.2307],[126.9135,-13.7671,2.3682],[126.9094,-13.7685,4.4664],[126.9053,-13.7655,1.6787],[126.903,-13.7668,3.6168],[126.8976,-13.7664,5.0944],[126.8965,-13.7648,3.615],[126.8978,-13.7587,0.6924],[126.8911,-13.7547,2.8698],[126.8862,-13.7544,1.4597],[126.881,-13.7487,1.9943],[126.8705,-13.7514,1.7331],[126.8702,-13.7599,3.0106],[126.8684,-13.7613,2.1868],[126.8647,-13.7619,5.0097],[126.8613,-13.7574,0.4829],[126.8589,-13.7567,3.3146],[126.8513,-13.7582,3.453],[126.8491,-13.7608,1.714],[126.8507,-13.7636,2.8433],[126.8501,-13.7675,0.1289],[126.8522,-13.7702,0.9882],[126.8516,-13.7745,3.075],[126.86,-13.7857,3.9274],[126.8722,-13.7947,1.2828],[126.8729,-13.799,0.0],[126.8664,-13.8002,0.5589],[126.8658,-13.8025,2.7135],[126.8567,-13.7965,4.5848],[126.8474,-13.7978,0.2169],[126.843,-13.804,3.2117],[126.8431,-13.8168,1.7361],[126.8377,-13.816,0.2268],[126.832,-13.8093,0.0],[126.8262,-13.8085,0.5829],[126.8307,-13.8021,0.7037],[126.8303,-13.7979,1.3114],[126.8325,-13.7954,0.0],[126.8315,-13.7868,4.0205],[126.8302,-13.7847,2.1796],[126.8262,-13.7831,3.5776],[126.8224,-13.7832,1.5496],[126.8212,-13.7858,2.6532],[126.8182,-13.7844,2.001],[126.8165,-13.7818,2.6386],[126.8208,-13.7764,2.3902],[126.8198,-13.7712,0.7493],[126.8172,-13.7687,2.4774],[126.8084,-13.7729,1.754],[126.8047,-13.777,2.0326],[126.8007,-13.7781,1.9862],[126.794,-13.7764,2.3163],[126.7916,-13.7821,1.2078],[126.7926,-13.7856,0.5096],[126.7892,-13.7913,1.6308],[126.7847,-13.785,1.2374],[126.7782,-13.7815,1.7379],[126.7643,-13.7915,1.5693],[126.7671,-13.7871,3.6958],[126.7577,-13.787,2.2778],[126.7628,-13.7854,0.4104],[126.7634,-13.7829,1.4876],[126.7671,-13.7805,1.2746],[126.7666,-13.7765,1.6811],[126.7647,-13.7808,1.0339],[126.7605,-13.7843,1.6954],[126.7457,-13.7889,2.062],[126.7433,-13.7918,0.0522],[126.7503,-13.8025,1.6093],[126.7576,-13.8045,0.816],[126.7605,-13.8082,1.0377],[126.7614,-13.8148,2.8353],[126.7576,-13.8201,1.083],[126.7584,-13.8261,4.5833],[126.7633,-13.836,5.1264],[126.7673,-13.8406,1.5053],[126.7678,-13.8498,0.2914],[126.7728,-13.8607,5.9396],[126.7803,-13.8669,2.6628],[126.7843,-13.8727,1.1636],[126.7891,-13.8744,3.2658],[126.7905,-13.8766,0.1657],[126.7945,-13.873,1.6606],[126.7944,-13.8751,4.503],[126.7914,-13.878,2.3647],[126.7963,-13.8826,1.833],[126.7996,-13.883,6.0395],[126.7978,-13.8837,4.8522],[126.7978,-13.8861,7.0045],[126.8016,-13.8923,4.6814],[126.8019,-13.8998,3.1581],[126.8053,-13.9029,1.1971],[126.805,-13.911,0.0],[126.8075,-13.9118,6.3529],[126.8095,-13.9168,5.7412],[126.8083,-13.9221,6.4989],[126.8049,-13.9278,0.0],[126.8056,-13.9305,1.5651],[126.8075,-13.9314,0.0],[126.8101,-13.9272,2.5851],[126.8187,-13.9274,0.6708],[126.8208,-13.9248,0.0],[126.8245,-13.9295,0.3514],[126.8341,-13.9273,0.6411],[126.8395,-13.9277,1.0821],[126.841,-13.9302,3.7268],[126.8394,-13.9344,0.0],[126.8401,-13.9375,0.0],[126.8428,-13.9382,0.0],[126.8456,-13.9362,1.072],[126.8574,-13.9416,1.8136],[126.8527,-13.942,2.6649],[126.8528,-13.943,0.0],[126.86279999999999,-13.9476,0.6238],[126.8625,-13.9464,0.6238],[126.8651,-13.9456,1.9112],[126.8639,-13.9484,0.5141],[126.8769,-13.9565,1.954],[126.8779,-13.9596,1.2605],[126.8824,-13.9638,0.0],[126.9052,-13.982,1.2015],[126.9054,-13.9852,0.3836],[126.8964,-13.992,2.5828],[126.8863,-13.9949,2.1916],[126.8821,-13.9986,1.3517],[126.8834,-13.9959,1.8122],[126.8799,-13.9934,0.3231],[126.8809,-13.9856,1.2616],[126.8787,-13.9821,2.1063],[126.8712,-13.9821,1.5191],[126.8678,-13.9764,0.7109],[126.8558,-13.9716,0.9935],[126.8451,-13.973,3.61],[126.8383,-13.9711,1.3086],[126.8355,-13.9719,2.8321],[126.8278,-13.9789,0.4715],[126.8174,-13.9821,0.3257],[126.8181,-13.984,1.2875],[126.8118,-13.9881,0.467],[126.8139,-13.9909,0.0],[126.813,-13.9938,1.34],[126.8087,-13.9933,1.9687],[126.8114,-13.9954,1.8718],[126.81,-13.9979,1.2133],[126.8101,-13.9958,1.8718],[126.8074,-13.9928,1.3804],[126.8118,-13.9928,2.0125],[126.8129,-13.9911,1.4763],[126.8123,-13.9898,1.4763],[126.81,-13.99,0.9133],[126.8103,-13.9841,0.2385],[126.8074,-13.9884,1.3456],[126.8044,-13.9888,1.2523],[126.8043,-13.991,1.3692],[126.8013,-13.9926,1.5279],[126.7997,-13.9931,1.4937],[126.7967,-13.989,2.3087],[126.7952,-13.9891,2.3087],[126.7963,-13.9918,1.3878],[126.7934,-13.9893,2.3658],[126.7961,-13.9878,3.6319],[126.8014,-13.9913,1.5279],[126.8021,-13.9893,0.4066],[126.7989,-13.9862,1.8458],[126.8038,-13.9842,1.3056],[126.8063,-13.9875,0.5137],[126.8072,-13.9864,0.5137],[126.8063,-13.9807,0.0],[126.798,-13.976,0.0],[126.7916,-13.9779,1.1697],[126.7942,-13.9803,2.3545],[126.7918,-13.9838,2.0671],[126.7905,-13.982,1.8816],[126.7931,-13.9816,2.0809],[126.7933,-13.9802,2.3545],[126.788,-13.9788,2.5064],[126.7938,-13.9756,1.5285],[126.7891,-13.9731,1.4755],[126.7814,-13.9819,3.0368],[126.7735,-13.9828,1.7428],[126.7818,-13.9806,0.3605],[126.7876,-13.9728,2.6548],[126.7898,-13.9723,1.8264],[126.7963,-13.975,1.1102],[126.7978,-13.974,0.0],[126.797,-13.9725,1.517],[126.7868,-13.9703,1.6128],[126.7814,-13.9766,4.5059],[126.7706,-13.9813,2.1266],[126.7721,-13.9832,2.456],[126.7697,-13.9816,5.6648],[126.7681,-13.9754,3.2084],[126.7618,-13.9736,1.7631],[126.756,-13.9753,1.7905],[126.7507,-13.9721,3.6805],[126.7476,-13.9758,2.0799],[126.7535,-13.9889,0.0],[126.7516,-13.9918,3.5865],[126.7492,-13.9915,1.0071],[126.7458,-13.9955,4.5544],[126.7407,-13.997,5.2301],[126.7364,-13.9936,0.0],[126.7288,-13.9966,0.1136],[126.7215,-13.9942,0.0],[126.7125,-13.9777,0.0],[126.7061,-13.9733,0.2253],[126.7032,-13.977,0.5104],[126.7058,-13.9816,0.3001],[126.7051,-13.9849,5.071],[126.7006,-13.9938,9.2204],[126.6959,-13.999,3.825],[126.6976,-14.0046,1.1738],[126.7013,-14.0079,7.9269],[126.696,-14.0097,0.6956],[126.6995,-14.012,4.3793],[126.7006,-14.0149,9.0804],[126.6991,-14.0157,0.0],[126.7023,-14.019,7.1749],[126.7019,-14.0212,2.2937],[126.7108,-14.0248,0.5415],[126.7226,-14.0261,2.5031],[126.7243,-14.0274,1.7241],[126.7209,-14.0274,1.2367],[126.7233,-14.0294,0.8603],[126.728,-14.0268,0.0],[126.7314,-14.0209,0.1364],[126.7386,-14.0139,1.1254],[126.7493,-14.0109,1.0187],[126.754,-14.0114,1.1359],[126.7578,-14.0164,1.5489],[126.7552,-14.0138,1.0525],[126.7495,-14.0126,0.0],[126.7459,-14.0147,0.7705],[126.7526,-14.0148,1.6365],[126.7531,-14.0161,1.6365],[126.7477,-14.0244,0.0],[126.7472,-14.0313,0.5913],[126.7507,-14.0381,0.7679],[126.7552,-14.0419,1.4196],[126.7561,-14.0457,1.6575],[126.7548,-14.0479,1.1301],[126.7577,-14.0477,1.5761],[126.76,-14.0504,1.569],[126.7627,-14.0501,1.2639],[126.7614,-14.052,1.283],[126.7571,-14.0486,0.7587],[126.7494,-14.0503,0.0],[126.7465,-14.0525,0.2726],[126.7451,-14.0592,2.2651],[126.7408,-14.058,0.6722],[126.7372,-14.0617,0.3322],[126.7272,-14.0627,0.0],[126.7231,-14.0652,0.1017],[126.7331,-14.0646,0.6041],[126.7369,-14.0671,3.8518],[126.7372,-14.0704,3.4936],[126.7355,-14.0772,6.5503],[126.7319,-14.0814,0.9142],[126.7327,-14.0844,0.558],[126.7297,-14.0922,0.5686],[126.7247,-14.0941,0.0],[126.7204,-14.0899,0.0809],[126.7182,-14.0902,0.0863],[126.7138,-14.0941,0.1039],[126.7137,-14.0969,3.2508],[126.7102,-14.1003,2.647],[126.716,-14.1003,5.2094],[126.7147,-14.102,1.6056],[126.7179,-14.1041,10.6654],[126.7175,-14.1064,1.9577],[126.7203,-14.1112,5.1437],[126.7197,-14.1206,1.3361],[126.7095,-14.1218,0.7386],[126.7064,-14.1254,0.0],[126.7049,-14.1305,2.3066],[126.6975,-14.1318,0.1101],[126.6938,-14.1347,0.0],[126.6934,-14.1298,0.0],[126.6891,-14.1326,0.7787],[126.6892,-14.1276,0.0],[126.6863,-14.131,1.0864],[126.6882,-14.1263,0.0],[126.6867,-14.1194,0.176],[126.6902,-14.1077,0.9988],[126.6929,-14.1055,0.0],[126.6894,-14.0912,0.0],[126.6855,-14.0899,0.4536],[126.6886,-14.0993,2.825],[126.6857,-14.1017,1.3177],[126.6878,-14.1016,3.8129],[126.6856,-14.1037,4.9264],[126.6843,-14.1018,1.3177],[126.6804,-14.1016,0.9821],[126.6801,-14.0969,0.0],[126.6758,-14.0963,7.009],[126.6691,-14.0903,0.0],[126.6654,-14.0855,16.2715],[126.6633,-14.0781,3.3146],[126.6589,-14.0784,6.3484],[126.6515,-14.073,0.0],[126.6448,-14.0771,0.0],[126.6445,-14.08,0.0],[126.6504,-14.0844,7.1534],[126.6499,-14.093,5.2319],[126.6548,-14.0966,2.5407],[126.6543,-14.1028,6.3423],[126.6592,-14.1052,5.8093],[126.6551,-14.1088,0.0143],[126.6604,-14.1124,5.7606],[126.661,-14.1148,2.3839],[126.6572,-14.125,9.9574],[126.6496,-14.1314,1.4651],[126.6495,-14.1349,6.8517],[126.6473,-14.1375,5.0674],[126.6497,-14.1423,9.4639],[126.6489,-14.1458,3.3691],[126.6505,-14.1472,6.438],[126.6494,-14.1478,6.438],[126.6511,-14.1495,10.7214],[126.6473,-14.1518,3.0096],[126.6505,-14.1541,5.3037],[126.6522,-14.1582,5.0013],[126.6507,-14.1653,1.402],[126.6514,-14.1735,1.7549],[126.6455,-14.1759,0.0],[126.646,-14.1799,2.9843],[126.6437,-14.1825,1.1862],[126.6453,-14.1851,2.4067],[126.6336,-14.1912,0.0],[126.6239,-14.1867,0.0],[126.619,-14.1799,0.0],[126.607,-14.1801,0.3298],[126.6062,-14.1833,2.6719],[126.6096,-14.1875,1.9234],[126.6104,-14.1984,1.8446],[126.6031,-14.2095,0.2647],[126.6054,-14.2329,1.4036],[126.6017,-14.2358,0.0],[126.5935,-14.2287,0.0],[126.585,-14.2276,0.9855],[126.5791,-14.2302,2.4179],[126.5755,-14.2287,0.0],[126.565,-14.2168,1.9627],[126.5651,-14.2135,1.6809],[126.5682,-14.211,1.5181],[126.5705,-14.1946,0.0],[126.5634,-14.1826,0.4446],[126.5681,-14.1746,0.9793],[126.5626,-14.17,0.0],[126.5683,-14.1588,2.2451],[126.5736,-14.1573,0.252],[126.5749,-14.1546,0.0],[126.5744,-14.1479,0.0],[126.5706,-14.1444,0.0],[126.5698,-14.1398,0.0],[126.5617,-14.1399,0.0],[126.5581,-14.1438,0.0],[126.5594,-14.1457,3.4474],[126.5558,-14.151,1.6788],[126.5519,-14.1486,2.0743],[126.5482,-14.1494,2.8992],[126.5512,-14.1479,0.0],[126.5501,-14.1465,0.3411],[126.5472,-14.1478,0.0],[126.5379,-14.1472,0.0],[126.5345,-14.1523,5.0291],[126.5283,-14.1556,1.1102],[126.5233,-14.157,2.9008],[126.5217,-14.1539,0.0],[126.5154,-14.1574,1.3805],[126.5166,-14.153,1.9731],[126.5151,-14.1545,1.5814],[126.5151,-14.1526,2.4952],[126.5168,-14.1516,2.0669],[126.5173,-14.1472,0.0],[126.5098,-14.1413,0.0],[126.5102,-14.1369,0.0],[126.5023,-14.1351,1.5349],[126.4992,-14.1303,0.0],[126.4978,-14.1252,6.0143],[126.4997,-14.1202,0.2661],[126.4976,-14.1174,3.4323],[126.4969,-14.111,2.6208],[126.4995,-14.1002,0.3771],[126.5017,-14.0987,1.8436],[126.5068,-14.0988,2.4055],[126.512,-14.092,1.8262],[126.519,-14.0923,4.4462],[126.5217,-14.0941,3.4788],[126.5251,-14.0924,3.8528],[126.5271,-14.0895,0.0],[126.5254,-14.0817,1.432],[126.5171,-14.0745,0.0],[126.5137,-14.0755,0.0],[126.5123,-14.0802,1.0074],[126.515,-14.0783,2.6488],[126.5119,-14.086,3.5772],[126.5118,-14.0815,1.6428],[126.5092,-14.0869,3.8309],[126.4999,-14.0907,0.2404],[126.4922,-14.0987,3.7879],[126.4855,-14.0967,0.7566],[126.4813,-14.0974,0.0],[126.4804,-14.1016,0.5903],[126.4765,-14.1043,0.0],[126.4797,-14.1042,1.3807],[126.4779,-14.1063,0.9296],[126.4788,-14.1085,1.9447],[126.4805,-14.1061,2.2408],[126.4821,-14.1069,1.9763],[126.4788,-14.1096,2.1337],[126.4767,-14.1065,0.9296],[126.4702,-14.1055,0.4032],[126.4569,-14.0993,0.0],[126.4547,-14.1035,2.7957],[126.4542,-14.0839,1.9027],[126.4495,-14.0837,2.2739],[126.4506,-14.0821,3.5611],[126.4536,-14.0821,1.3992],[126.455,-14.0796,2.9323],[126.4525,-14.0735,4.6755],[126.4547,-14.0757,1.9901],[126.4595,-14.0737,4.454],[126.4613,-14.0704,6.0291],[126.4662,-14.0677,0.5631],[126.4674,-14.0644,1.8027],[126.476,-14.0579,4.9554],[126.4835,-14.0474,3.046],[126.4972,-14.0458,0.5752],[126.4874,-14.0285,4.9849],[126.492,-14.0234,0.6214],[126.4884,-14.0217,1.5274],[126.4869,-14.0189,0.6217],[126.4888,-14.0108,2.4196],[126.495,-14.0068,0.3935],[126.509,-14.0088,0.9923],[126.5155,-13.9952,1.2479],[126.5277,-13.9835,0.0],[126.5352,-13.9691,2.664],[126.5392,-13.9644,3.0824],[126.5434,-13.9613,0.4667],[126.5494,-13.9608,3.5936],[126.554,-13.9566,0.6771],[126.5599,-13.9566,2.4569],[126.5614,-13.9533,3.9856],[126.5629,-13.956,16.6259],[126.5659,-13.9548,0.0],[126.5677,-13.9522,7.2175],[126.5652,-13.949,0.6877],[126.5652,-13.9441,3.0991],[126.5694,-13.9459,8.8178],[126.5703,-13.9494,0.547],[126.5728,-13.9497,0.0],[126.5737,-13.9521,1.7418],[126.5771,-13.9542,0.0],[126.5712,-13.9405,1.1869],[126.5664,-13.9404,0.0],[126.5567,-13.9469,3.1609],[126.5544,-13.9518,9.4717],[126.5519,-13.9486,0.0],[126.5505,-13.9492,0.0],[126.5391,-13.9417,1.0014],[126.538,-13.9379,0.8019],[126.5393,-13.9343,3.6556],[126.537,-13.9344,1.9536],[126.5314,-13.9409,0.0],[126.5264,-13.9511,1.7195],[126.5115,-13.9647,5.8644],[126.5024,-13.9652,1.6811],[126.5,-13.9627,1.5528],[126.4995,-13.9589,0.0],[126.4955,-13.9574,0.0],[126.4942,-13.9647,0.0],[126.4971,-13.9682,2.8467],[126.4952,-13.9717,1.0425],[126.4959,-13.9772,1.4295],[126.48779999999999,-13.9933,0.808],[126.4787,-13.9984,1.3785],[126.4757,-13.9947,0.8484],[126.4712,-13.9969,0.9458],[126.4703,-13.9951,0.0],[126.4673,-14.004,0.0],[126.4625,-14.0064,2.2087],[126.4544,-14.0052,0.0],[126.4483,-14.0017,0.0],[126.446,-14.0023,1.4766],[126.4431,-13.9963,4.2822],[126.4453,-13.9914,0.0],[126.4439,-13.9842,0.0],[126.4384,-13.9827,0.0],[126.4358,-13.9865,2.0341],[126.4343,-13.9858,0.0],[126.4312,-13.9894,0.4313],[126.427,-13.9971,0.0],[126.4272,-14.0049,0.0],[126.4228,-14.0097,1.8983],[126.42529999999999,-14.0121,2.9704],[126.4125,-14.011,0.0],[126.4077,-14.0142,0.0],[126.3986,-14.014,0.0],[126.3939,-14.0177,1.9419],[126.3945,-14.0269,4.1721],[126.3931,-14.0271,0.0],[126.3876,-14.0379,0.0],[126.3876,-14.0407,0.0],[126.3904,-14.0418,0.6072],[126.3901,-14.0435,1.4132],[126.3936,-14.0442,4.2546],[126.3964,-14.0476,8.2063],[126.3968,-14.0494,3.395],[126.3939,-14.052,1.9642],[126.3894,-14.0514,1.257],[126.3849,-14.047,0.0],[126.3775,-14.0494,0.0],[126.3719,-14.0452,0.6133],[126.3622,-14.0482,3.9819],[126.3572,-14.0468,1.6371],[126.3548,-14.05,6.3451],[126.3524,-14.0473,0.0],[126.352,-14.0507,0.0],[126.3491,-14.0472,0.0],[126.3416,-14.0454,0.7973],[126.3343,-14.05,5.2004],[126.3351,-14.0536,1.5244],[126.3379,-14.0535,4.1098],[126.3368,-14.0547,0.8626],[126.339,-14.058,0.4589],[126.3409,-14.0591,1.9206],[126.3423,-14.0564,5.3621],[126.3438,-14.0588,2.5822],[126.3444,-14.0624,0.4879],[126.3432,-14.0646,2.1176],[126.3463,-14.075,3.9029],[126.3445,-14.0745,2.2864],[126.3444,-14.0779,0.7101],[126.3414,-14.0798,3.0723],[126.3457,-14.0795,4.8749],[126.3452,-14.081,2.4383],[126.3474,-14.0812,7.9361],[126.3488,-14.0834,1.3758],[126.3451,-14.0874,0.4172],[126.3449,-14.0959,3.606],[126.3419,-14.096,0.0],[126.345,-14.098,4.4731],[126.3399,-14.0954,0.0],[126.3339,-14.0982,0.8214],[126.3214,-14.0964,2.3544],[126.3145,-14.0973,0.3563],[126.3117,-14.1015,2.094],[126.3152,-14.1113,0.0],[126.3152,-14.119,2.9342],[126.3135,-14.1186,5.5835],[126.3138,-14.1154,0.6185],[126.3062,-14.1223,2.456],[126.3043,-14.1308,0.6462],[126.3059,-14.1288,1.4246],[126.3062,-14.1307,1.8518],[126.2976,-14.1388,6.2098],[126.3001,-14.139099999999999,3.4502],[126.3023,-14.1372,4.829],[126.304,-14.1388,3.585],[126.3009,-14.1402,2.4492],[126.3055,-14.1547,0.0],[126.3096,-14.1542,2.5928],[126.3122,-14.1518,0.7987],[126.313,-14.1429,2.5319],[126.3183,-14.14,1.5996],[126.3209,-14.141,1.4178],[126.3204,-14.1428,1.8757],[126.3229,-14.1481,0.4077],[126.3205,-14.1495,0.0],[126.3218,-14.1505,1.6858],[126.3214,-14.1539,0.0],[126.3234,-14.1547,0.7041],[126.3231,-14.1582,0.0],[126.3267,-14.1626,5.0564],[126.3303,-14.1614,3.2138],[126.3309,-14.1633,0.4187],[126.3325,-14.1632,3.1653],[126.3306,-14.1664,0.0],[126.3363,-14.1647,3.502],[126.342,-14.1723,1.4651],[126.3445,-14.1718,6.0985],[126.3448,-14.1742,2.1815],[126.3471,-14.1744,3.7949],[126.3487,-14.1766,0.2798],[126.3537,-14.1773,2.5519],[126.3505,-14.1799,0.0],[126.3526,-14.1836,0.4043],[126.3571,-14.1869,1.182],[126.3571,-14.1893,0.6749],[126.3617,-14.1878,2.2944],[126.3608,-14.1899,1.6917],[126.3577,-14.1897,1.2174],[126.3547,-14.1935,0.2759],[126.3451,-14.1911,0.0711],[126.3394,-14.1927,0.0],[126.3303,-14.1984,3.0877],[126.3285,-14.2026,1.4321],[126.3252,-14.2036,0.3733],[126.3255,-14.2065,1.3629],[126.3242,-14.2056,1.0302],[126.3239,-14.2075,1.3629],[126.3196,-14.2049,2.2281],[126.3187,-14.1979,0.0],[126.3175,-14.2001,0.3601],[126.3127,-14.2013,2.8198],[126.3118,-14.2052,4.9569],[126.3065,-14.21,3.1463],[126.3069,-14.2209,1.5306],[126.3046,-14.2214,0.0],[126.3019,-14.2269,0.207],[126.3046,-14.2324,0.3362],[126.3009,-14.2336,1.444],[126.2956,-14.2249,0.0],[126.2955,-14.2273,0.2956],[126.2928,-14.2282,4.2665],[126.2822,-14.2167,0.0],[126.2805,-14.2188,0.8698],[126.2825,-14.2217,2.8806],[126.2777,-14.2277,0.0],[126.2782,-14.2323,0.0],[126.273,-14.2384,4.5941],[126.2724,-14.2369,0.771],[126.2697,-14.2365,1.8267],[126.2692,-14.2339,2.6864],[126.2712,-14.2278,9.0494],[126.275,-14.2225,0.0],[126.2764,-14.2145,10.5266],[126.2765,-14.2078,0.0],[126.2725,-14.2071,0.0],[126.2739,-14.2139,7.9855],[126.2706,-14.2211,15.9066],[126.2574,-14.2379,0.4833],[126.2554,-14.2388,2.6511],[126.2531,-14.2368,2.0628],[126.2536,-14.2392,2.8936],[126.2517,-14.2378,9.5591],[126.2527,-14.2319,1.0641],[126.2492,-14.2306,2.3379],[126.2498,-14.227,0.0],[126.241,-14.2234,1.0026],[126.2358,-14.2245,0.4232],[126.2325,-14.2291,0.5699],[126.2307,-14.2371,0.4435],[126.2272,-14.2329,0.0],[126.2243,-14.2324,0.0],[126.2196,-14.2361,2.3357],[126.216,-14.2366,1.0164],[126.2174,-14.2334,0.8221],[126.2155,-14.2319,1.0022],[126.225,-14.2256,2.5387],[126.2248,-14.2214,1.7138],[126.2274,-14.2176,0.0],[126.2261,-14.2134,2.8227],[126.2282,-14.2142,1.1643],[126.2304,-14.2128,0.0],[126.2296,-14.2109,0.2101],[126.2334,-14.2036,1.2992],[126.2385,-14.2061,1.2792],[126.244,-14.2121,1.0349],[126.2481,-14.2107,0.203],[126.2475,-14.2074,0.2825],[126.2414,-14.2034,3.5881],[126.2431,-14.2003,0.2663],[126.2409,-14.2003,0.5698],[126.2401,-14.1981,0.0],[126.248,-14.1856,0.0],[126.2398,-14.1858,0.0],[126.2352,-14.1884,1.7617],[126.2331,-14.1868,4.5414],[126.2352,-14.1876,2.9169],[126.2381,-14.1862,0.0],[126.2369,-14.1831,0.7398],[126.2424,-14.1792,0.6041],[126.2433,-14.1757,1.3699],[126.2384,-14.1734,1.5336],[126.2321,-14.1783,1.2464],[126.226,-14.1777,1.351],[126.2223,-14.1785,1.0365],[126.2232,-14.1802,6.2086],[126.214,-14.1809,0.0],[126.2112,-14.1794,0.0],[126.2076,-14.184,1.6056],[126.2047,-14.1852,7.6537],[126.2036,-14.1845,1.2085],[126.2088,-14.1803,0.7446],[126.2078,-14.1784,1.2647],[126.2059,-14.1792,1.4808],[126.2079,-14.177,0.0],[126.2014,-14.1801,1.9165],[126.2005,-14.1821,5.024],[126.1964,-14.1827,1.9897],[126.199,-14.1791,0.0],[126.1973,-14.1781,2.3928],[126.1973,-14.1756,0.6193],[126.1935,-14.1739,3.3824],[126.1948,-14.1732,0.3013],[126.1936,-14.171,0.0],[126.1918,-14.171,7.442],[126.1928,-14.1694,0.0],[126.1909,-14.1691,5.2635],[126.1923,-14.1682,0.0],[126.1913,-14.1667,1.2583],[126.186,-14.1669,2.768],[126.1864,-14.1639,6.7395],[126.1895,-14.1631,1.8373],[126.1995,-14.1463,2.4777],[126.2047,-14.1443,1.3891],[126.209,-14.1398,0.0],[126.2068,-14.1365,2.2013],[126.2089,-14.1365,0.0],[126.2072,-14.1353,1.0375],[126.1941,-14.1382,4.7007],[126.193,-14.1372,0.5544],[126.1857,-14.1404,5.0058],[126.1865,-14.1363,0.0],[126.1794,-14.1304,6.0716],[126.1862,-14.1266,5.6255],[126.1874,-14.1284,0.8596],[126.1942,-14.1293,4.7019],[126.198,-14.1261,27.9177],[126.1978,-14.1236,18.5417],[126.2041,-14.1203,31.5614],[126.2165,-14.1209,24.2195],[126.2181,-14.1177,4.1647],[126.212,-14.1159,1.2705],[126.2217,-14.1105,0.0],[126.218,-14.1077,5.6051],[126.2178,-14.1037,2.797],[126.2144,-14.1027,0.0],[126.2121,-14.1038,2.0866],[126.2098,-14.1018,0.0],[126.2093,-14.0963,0.0],[126.2058,-14.0915,8.9901],[126.2072,-14.0885,7.9247],[126.2064,-14.0861,22.8587],[126.214,-14.0842,6.0782],[126.2129,-14.0811,0.0],[126.2107,-14.0803,0.0],[126.2142,-14.0765,2.4691],[126.2126,-14.0742,0.3147],[126.2107,-14.0743,0.3147],[126.2046,-14.0781,17.6878],[126.1972,-14.0792,0.0],[126.1922,-14.0819,18.4481],[126.1911,-14.0852,0.0],[126.1884,-14.0853,0.3086],[126.1781,-14.0914,16.9912],[126.1745,-14.0962,10.8105],[126.1739,-14.1003,32.2613],[126.1708,-14.1028,0.0],[126.171,-14.1055,4.5506],[126.1657,-14.1142,7.5769],[126.1635,-14.1123,0.8079],[126.1645,-14.1067,12.7046],[126.1634,-14.1049,1.7485],[126.1648,-14.1018,8.3704],[126.1625,-14.099,3.4509],[126.1667,-14.0965,0.0],[126.1674,-14.0919,10.228],[126.17,-14.0888,0.3508],[126.1683,-14.0864,0.0],[126.1704,-14.0821,11.125],[126.1723,-14.0798,7.2589],[126.1768,-14.0797,1.4516],[126.1919,-14.0663,11.1536],[126.1795,-14.0695,0.0],[126.1683,-14.0676,0.0],[126.1627,-14.07,9.1884],[126.1591,-14.0687,3.1504],[126.1553,-14.0716,7.5912],[126.152,-14.0771,1.0395],[126.1523,-14.0795,3.6921],[126.1508,-14.0802,5.1225],[126.1505,-14.0761,9.5694],[126.152,-14.0731,2.3078],[126.1495,-14.0675,6.617],[126.1569,-14.0627,18.3635],[126.1603,-14.0575,15.8],[126.1621,-14.0571,13.4995],[126.1642,-14.0594,15.5068],[126.1752,-14.0579,17.2415],[126.1831,-14.0531,10.1421],[126.1887,-14.0461,28.633],[126.1982,-14.0481,0.0],[126.2063,-14.0471,13.9797],[126.2175,-14.0429,10.08],[126.2251,-14.0284,2.6967],[126.2247,-14.0264,14.9564],[126.2214,-14.0236,0.6886],[126.2204,-14.0175,0.7201],[126.2178,-14.0172,7.8604],[126.2157,-14.0189,7.624],[126.2134,-14.0159,0.0],[126.2082,-14.017,8.9877],[126.2022,-14.0126,5.3779],[126.2004,-14.006,2.6862],[126.203,-14.0053,0.0],[126.2034,-14.0034,0.4533],[126.2007,-14.0009,0.0],[126.1982,-14.0025,0.0],[126.1985,-14.0061,0.9857],[126.187,-14.0075,0.0],[126.1852,-14.009,6.9843],[126.185,-14.0158,7.7699],[126.1785,-14.0112,0.0],[126.1733,-14.0097,8.988],[126.1679,-14.0102,6.0835],[126.1651,-14.0131,2.7549],[126.1603,-14.0135,5.8762],[126.1541,-14.0191,0.0],[126.1484,-14.0186,7.0107],[126.1495,-14.0153,0.0],[126.1443,-14.015,3.2213],[126.1514,-14.0097,0.0],[126.1558,-14.0034,0.7314],[126.155,-14.0,13.0291],[126.1578,-13.9978,14.1904],[126.1642,-13.9981,5.4195],[126.1772,-13.988,6.2974],[126.182,-13.9863,0.912],[126.1848,-13.9879,19.8794],[126.1884,-13.9874,8.8753],[126.1947,-13.9824,0.0],[126.1934,-13.9801,4.063],[126.2085,-13.9808,27.4512],[126.2139,-13.9856,5.6375],[126.221,-13.9879,1.5892],[126.2239,-13.9851,2.9315],[126.2187,-13.9799,23.3411],[126.2158,-13.9676,7.8668],[126.2133,-13.9666,23.0799],[126.2063,-13.9695,0.0],[126.1939,-13.9697,52.1341],[126.187,-13.9681,8.9554],[126.1845,-13.9715,26.713],[126.1764,-13.976,1.4994],[126.1767,-13.9799,11.8398],[126.1748,-13.9822,8.3809],[126.1722,-13.9822,0.912],[126.1691,-13.9847,20.8589],[126.1641,-13.9841,0.0],[126.1594,-13.9898,17.1008],[126.1531,-13.9905,0.0],[126.1471,-13.9995,3.3814],[126.1309,-14.0099,12.1899],[126.1281,-14.0136,1.2049],[126.1173,-14.0187,2.1952],[126.1204,-14.021,6.9975],[126.1202,-14.0236,2.8893],[126.1249,-14.0251,6.8088],[126.1268,-14.027,5.9755],[126.1183,-14.026,0.4907],[126.1162,-14.0238,0.5447],[126.1124,-14.0262,0.0],[126.113,-14.0283,7.5264],[126.1098,-14.0283,13.4299],[126.1104,-14.0235,0.891],[126.1085,-14.019,1.0542],[126.1101,-14.0138,3.8095],[126.1125,-14.0136,2.0182],[126.113,-14.0112,14.4833],[126.1168,-14.0115,0.0],[126.1201,-14.0097,3.524],[126.1227,-14.004,0.724],[126.1287,-14.0009,3.8312],[126.1351,-13.9925,0.0],[126.1358,-13.9894,1.4035],[126.1309,-13.9869,0.7715],[126.1415,-13.9836,0.7303],[126.1478,-13.9771,16.951],[126.1533,-13.9739,8.7499],[126.1556,-13.9741,6.2445],[126.1587,-13.9701,1.6141],[126.1592,-13.9683,3.7063],[126.156,-13.9644,0.0],[126.1529,-13.9666,9.6804],[126.1485,-13.9658,6.3808],[126.1414,-13.9598,3.0357],[126.1364,-13.9593,0.0],[126.1337,-13.963,17.1405],[126.1262,-13.964,1.8131],[126.1295,-13.9564,3.2929],[126.133,-13.9546,0.0],[126.1369,-13.9496,1.408],[126.143,-13.9481,2.1824],[126.1484,-13.9497,0.0],[126.1488,-13.9456,43.0576],[126.1566,-13.9365,15.4036],[126.1595,-13.9307,0.0],[126.1591,-13.9276,32.9526],[126.1616,-13.9243,3.6381],[126.16,-13.9226,0.0],[126.1565,-13.9238,0.0],[126.1544,-13.9269,0.9784],[126.1528,-13.9265,13.9771],[126.1521,-13.9204,4.5589],[126.1579,-13.9181,0.0],[126.1584,-13.915,4.743],[126.1561,-13.9129,0.0],[126.1532,-13.9133,26.517],[126.1476,-13.9186,3.7108],[126.1393,-13.9203,3.7517],[126.1342,-13.919,0.8666],[126.1344,-13.9268,3.8508],[126.1331,-13.9286,5.0959],[126.1358,-13.9317,0.0],[126.1324,-13.9445,0.0],[126.1303,-13.9446,22.2218],[126.1244,-13.9396,1.7856],[126.1166,-13.938,8.5632],[126.115,-13.9355,0.9028],[126.1121,-13.9351,2.0804],[126.1158,-13.9273,0.0],[126.1077,-13.928,18.4212],[126.105,-13.9256,0.6944],[126.1011,-13.9308,0.0],[126.1008,-13.9346,1.1774],[126.094,-13.9404,0.0],[126.0897,-13.9407,0.0],[126.0856,-13.9457,0.2901],[126.0859,-13.9432,1.1236],[126.0839,-13.9419,0.3685],[126.086,-13.9383,0.6891],[126.0893,-13.9378,0.2576],[126.093,-13.9326,19.5824],[126.0965,-13.9317,0.0],[126.0981,-13.9263,0.0],[126.1079,-13.9191,0.0],[126.0971,-13.9224,1.9101],[126.0853,-13.9209,10.269],[126.088,-13.92,0.6061],[126.0883,-13.9164,1.8784],[126.0906,-13.915,1.389],[126.0918,-13.9072,5.0029],[126.0977,-13.9047,0.0],[126.1007,-13.9001,0.9704],[126.0963,-13.8984,4.4134],[126.0948,-13.8953,19.4156],[126.0905,-13.8959,0.4766],[126.0886,-13.9009,5.6418],[126.0837,-13.9054,11.1491],[126.0837,-13.91,20.9299],[126.0749,-13.9157,8.3678],[126.0736,-13.9177,1.9416],[126.0748,-13.9197,0.0],[126.0724,-13.924,2.7314],[126.0651,-13.9273,1.846],[126.068,-13.9296,0.0],[126.0688,-13.9339,45.4126],[126.0668,-13.9374,12.8866],[126.0625,-13.9384,14.2907],[126.0627,-13.943,10.6459],[126.0538,-13.9436,8.0447],[126.05029999999999,-13.9417,7.1482],[126.037,-13.9267,1.4426],[126.0362,-13.9246,0.0],[126.0387,-13.921,0.0],[126.0281,-13.9208,0.6888],[126.0276,-13.923,40.0298],[126.0228,-13.9265,10.0205],[126.0143,-13.9273,3.1421],[126.0127,-13.9252,4.7957],[126.0099,-13.9267,1.6432],[126.0133,-13.9293,11.8452],[126.0155,-13.9346,0.0],[126.0211,-13.9393,3.8541],[126.0232,-13.9392,5.847],[126.0223,-13.9362,8.4619],[126.0239,-13.9318,2.5902],[126.0313,-13.9322,4.6751],[126.0319,-13.9388,8.1124],[126.036,-13.9435,9.6238],[126.0407,-13.9424,5.0374],[126.0422,-13.9448,0.0],[126.046,-13.9445,18.6844],[126.0486,-13.9477,14.4651],[126.0507,-13.9471,10.7814],[126.0514,-13.9504,7.3042],[126.0453,-13.953,4.1259],[126.0533,-13.9559,33.1263],[126.0551,-13.96,1.0424],[126.0655,-13.9596,2.9668],[126.0647,-13.9618,4.8145],[126.0689,-13.9643,5.6202],[126.0736,-13.9631,6.4231],[126.0756,-13.9678,3.6349],[126.0823,-13.9696,3.0397],[126.0797,-13.9722,1.083],[126.0839,-13.982,1.9381],[126.0865,-13.9792,23.1407],[126.0938,-13.9779,10.0163],[126.0961,-13.9744,2.0408],[126.1004,-13.9728,2.8737],[126.1035,-13.973,0.0],[126.1072,-13.9767,0.5817],[126.1071,-13.9795,0.4422],[126.1027,-13.9819,2.3987],[126.0998,-13.9804,0.0],[126.0918,-13.9854,5.0969],[126.0898,-13.984,0.0],[126.0885,-13.987,3.5952],[126.0864,-13.9877,0.0],[126.0866,-13.9898,0.0],[126.0918,-13.9929,9.2716],[126.0966,-13.9986,18.4105],[126.094,-14.0012,1.1149],[126.0915,-14.0012,1.2521],[126.0899,-14.0075,1.4011],[126.0935,-14.0087,2.2869],[126.0956,-14.0148,22.6369],[126.0904,-14.0193,0.4929],[126.0878,-14.0176,0.0],[126.0864,-14.0191,0.0],[126.0906,-14.0264,0.0],[126.0958,-14.029,12.3073],[126.0968,-14.0318,1.6359],[126.1006,-14.0321,4.1377],[126.1027,-14.0367,0.6221],[126.1026,-14.0408,0.0],[126.1008,-14.0455,1.441],[126.0986,-14.0432,0.7687],[126.095,-14.0436,2.0508],[126.0886,-14.0367,0.266],[126.0831,-14.0347,1.5388],[126.0797,-14.0366,1.6895],[126.0785,-14.0427,1.3239],[126.0747,-14.0415,4.6335],[126.071,-14.0367,0.0],[126.0741,-14.0289,4.4996],[126.0712,-14.0211,0.0],[126.0683,-14.0196,21.79],[126.0706,-14.0149,4.8534],[126.0704,-14.0096,1.6293],[126.0688,-14.0084,0.0],[126.0699,-14.007,0.0],[126.0677,-14.0038,8.1579],[126.065,-14.0032,5.9021],[126.0675,-14.0013,1.378],[126.0654,-13.9882,4.5439],[126.0546,-13.9847,4.573],[126.0496,-13.9881,9.7482],[126.048,-13.9857,2.0951],[126.0382,-13.9815,2.0778],[126.0385,-13.9916,6.2691],[126.0349,-13.9883,1.6622],[126.0317,-13.9884,4.5657],[126.0288,-13.9907,2.4743],[126.0237,-13.9914,7.9845],[126.0219,-13.9969,7.4117],[126.0266,-14.0006,1.7753],[126.0342,-14.0011,2.7249],[126.0381,-13.9994,12.5775],[126.0433,-14.0032,0.5386],[126.0468,-14.0073,4.9414],[126.0447,-14.0109,3.718],[126.0453,-14.0131,0.0],[126.0535,-14.0161,18.2313],[126.0555,-14.0186,0.9615],[126.056,-14.0266,1.3793],[126.0518,-14.0306,0.2861],[126.0454,-14.03,3.5855],[126.0405,-14.0379,0.0],[126.0348,-14.0383,6.4838],[126.0363,-14.0326,0.0],[126.0347,-14.0311,1.7352],[126.04,-14.0252,0.0],[126.0299,-14.0157,0.0],[126.0267,-14.0167,2.5339],[126.0296,-14.0221,5.6255],[126.0297,-14.0273,5.0542],[126.027,-14.0282,2.8926],[126.0262,-14.0311,7.2949],[126.0293,-14.0347,13.4662],[126.0243,-14.0438,0.6379],[126.0192,-14.0432,0.5507],[126.0174,-14.0487,17.707],[126.0155,-14.0494,0.9675],[126.012,-14.0557,0.8353],[126.0144,-14.0579,1.8034],[126.0153,-14.0661,1.5618],[126.0101,-14.0654,0.3762],[126.0088,-14.061,1.5382],[126.0098,-14.057,0.0],[126.0057,-14.0535,0.6282],[126.0079,-14.0412,0.0],[126.0054,-14.04,1.9713],[126.0091,-14.0373,0.0],[126.0109,-14.0326,8.4118],[126.0145,-14.0311,6.817],[126.0144,-14.0254,15.5211],[126.0017,-14.022,1.8186],[125.993,-14.0077,0.0],[125.9886,-14.0047,7.913],[125.9852,-14.0069,4.3951],[125.9841,-14.0061,19.0164],[125.9859,-14.0004,3.3017],[125.9844,-13.9991,0.9875],[125.9863,-13.9966,7.0254],[125.9838,-13.9898,1.6834],[125.979,-13.9921,0.9303],[125.9779,-13.9948,5.8786],[125.9729,-13.9986,30.0568],[125.9745,-14.0039,19.0183],[125.9808,-14.0066,9.6847],[125.9802,-14.0113,16.3971],[125.983,-14.0164,16.9028],[125.9803,-14.0266,11.1008],[125.9812,-14.0322,0.0],[125.9772,-14.0359,1.2926],[125.9762,-14.0396,12.3581],[125.9827,-14.047,28.35],[125.9921,-14.0502,6.291],[125.9914,-14.0526,15.6056],[125.9933,-14.0564,22.1214],[125.9908,-14.0616,44.7906],[125.9931,-14.0682,13.0725],[126.0041,-14.0695,18.7766],[126.0098,-14.0814,23.2169],[126.0227,-14.0914,0.0],[126.0325,-14.0951,10.6732],[126.0376,-14.0938,15.1219],[126.0513,-14.0809,52.3524],[126.0578,-14.0783,2.8319],[126.0641,-14.0733,3.7505],[126.0682,-14.0725,28.6991],[126.0701,-14.0775,36.6511],[126.0763,-14.0758,27.1227],[126.0808,-14.0819,25.3886],[126.0878,-14.0862,12.6354],[126.1005,-14.075,7.358],[126.1044,-14.0757,28.2156],[126.1138,-14.0826,10.4607],[126.1209,-14.0923,25.1001],[126.1262,-14.0969,6.8917],[126.1294,-14.1053,12.6953],[126.1318,-14.1076,38.5971],[126.1313,-14.1152,45.706],[126.1333,-14.118,9.266],[126.1382,-14.1198,4.0223],[126.1392,-14.123,0.0],[126.1419,-14.1213,0.638],[126.1456,-14.1249,2.5983],[126.1522,-14.1257,13.5797],[126.1514,-14.1351,24.8974],[126.1533,-14.1401,11.9336],[126.159,-14.1459,10.6726],[126.1631,-14.1474,10.1404],[126.1697,-14.1462,19.9837],[126.1689,-14.1481,5.5605],[126.1644,-14.1496,1.0665],[126.1639,-14.1517,3.871],[126.1571,-14.152,0.3887],[126.1522,-14.1578,1.8852],[126.1504,-14.1566,4.9932],[126.1413,-14.1578,2.4231],[126.1498,-14.1679,24.7794],[126.1499,-14.1723,2.3236],[126.1509,-14.1717,2.3236],[126.1544,-14.1749,1.1096],[126.1602,-14.1765,7.2494],[126.1573,-14.1785,9.4459],[126.1566,-14.1819,3.526],[126.153,-14.1835,2.266],[126.1527,-14.1863,0.8603],[126.155,-14.1884,0.4331],[126.1543,-14.1913,7.0731],[126.1517,-14.1931,6.9495],[126.1478,-14.2092,1.5302],[126.1441,-14.2123,0.8192],[126.1388,-14.2083,1.7058],[126.1366,-14.2043,0.9137],[126.1346,-14.2118,13.1207],[126.1361,-14.2162,8.4673],[126.1399,-14.2184,4.0016],[126.1398,-14.2198,5.5317],[126.1348,-14.2218,3.4042],[126.1342,-14.2261,1.9346],[126.1311,-14.2293,5.9177],[126.1332,-14.2314,9.569],[126.1289,-14.2311,0.0],[126.1278,-14.233,19.653199999999998],[126.1235,-14.2343,1.9137],[126.1214,-14.2387,6.9807],[126.1169,-14.2372,6.7722],[126.1171,-14.2339,0.0],[126.109,-14.2349,1.8836],[126.1059,-14.2377,5.8149],[126.0969,-14.241,4.4352],[126.0939,-14.244,7.8986],[126.0965,-14.2392,0.0],[126.089,-14.2399,2.3965],[126.0843,-14.2375,0.9366],[126.0841,-14.2403,5.9657],[126.0813,-14.2383,2.5321],[126.0824,-14.2372,1.9493],[126.0813,-14.2342,0.0],[126.0801,-14.2372,5.8189],[126.0709,-14.2421,12.7323],[126.0715,-14.245,10.4795],[126.0701,-14.2475,9.9862],[126.0617,-14.2488,8.1627],[126.0585,-14.2485,9.1216],[126.0577,-14.2469,0.6586],[126.0534,-14.2542,13.2362],[126.0585,-14.2569,6.4038],[126.0592,-14.2638,2.1208],[126.0624,-14.2639,8.4734],[126.0614,-14.265,7.6231],[126.0625,-14.2703,2.1879],[126.0654,-14.27,8.6748],[126.0644,-14.2733,2.9169],[126.0656,-14.2799,2.8248],[126.0698,-14.2849,5.4363],[126.0693,-14.2873,8.7278],[126.0736,-14.2912,11.8548],[126.073,-14.2978,6.2801],[126.0744,-14.2992,3.1659],[126.0802,-14.2999,11.1714],[126.0829,-14.3035,6.0365],[126.0848,-14.3149,2.1632],[126.0801,-14.3193,0.0],[126.0805,-14.3209,14.4962],[126.0877,-14.319,7.2722],[126.0902,-14.3231,18.8263],[126.0881,-14.3302,6.2537],[126.0864,-14.3306,1.2131],[126.0804,-14.3294,2.1754],[126.0773,-14.3265,0.0],[126.078,-14.3251,0.0],[126.0739,-14.3257,9.8278],[126.0738,-14.3294,4.3811],[126.0697,-14.3338,25.7925],[126.074,-14.3358,16.7514],[126.0722,-14.3414,18.781],[126.0729,-14.3437,22.2595],[126.0783,-14.3453,0.841],[126.0809,-14.3429,5.053],[126.0842,-14.3428,4.4389],[126.0856,-14.3444,4.8001],[126.0839,-14.3458,4.5185],[126.0881,-14.3471,5.7196],[126.0884,-14.3512,5.5249],[126.0834,-14.3521,3.8097],[126.0837,-14.356,7.6003],[126.0819,-14.3589,6.7818],[126.0791,-14.3523,0.0],[126.0755,-14.3522,2.5109],[126.0759,-14.357,10.8575],[126.0693,-14.3623,7.3307],[126.0633,-14.3597,2.2347],[126.0608,-14.3622,3.4648],[126.0584,-14.3617,3.9754],[126.0576,-14.3596,2.7978],[126.0535,-14.3598,2.2428],[126.0525,-14.358,0.0],[126.0458,-14.3592,1.9025],[126.0319,-14.3745,1.8207],[126.0279,-14.382,22.6112],[126.0245,-14.3775,2.5718],[126.0218,-14.3776,2.1725],[126.0169,-14.3813,0.0],[126.0164,-14.3869,2.0875],[126.0122,-14.3856,0.4805],[126.0098,-14.3878,6.2777],[126.0122,-14.3955,3.5606],[126.0062,-14.3998,1.8215],[126.0035,-14.4003,1.432],[126.0001,-14.3968,0.0],[125.9961,-14.3964,0.3738],[125.9924,-14.4026,0.0],[125.9895,-14.399,0.5213],[125.9842,-14.3993,0.0],[125.9818,-14.3979,11.8663],[125.9821,-14.3956,6.5158],[125.9795,-14.3931,11.3631],[125.9767,-14.3933,5.3762],[125.9768,-14.3972,8.6437],[125.9803,-14.3987,2.6863],[125.9795,-14.402,0.0],[125.9827,-14.4035,9.6973],[125.983,-14.407,10.4843],[125.9858,-14.4097,0.0],[125.9855,-14.4195,19.0568],[125.993,-14.4186,3.2729],[125.9986,-14.4143,15.4764],[126.003,-14.4154,8.5745],[126.0041,-14.4172,0.0],[126.0072,-14.4148,0.0],[126.0117,-14.4153,1.2423],[126.0196,-14.4114,19.2185],[126.016,-14.419,5.0856],[126.0174,-14.4223,31.3431],[126.0204,-14.424,31.6963],[126.0197,-14.4254,17.2315],[126.0261,-14.4349,38.816],[126.0221,-14.4328,1.4761],[126.0247,-14.4396,4.9243],[126.0232,-14.4427,0.3199],[126.025,-14.4436,0.7252],[126.0222,-14.4484,4.9013],[126.0274,-14.4518,3.2806],[126.0245,-14.454,3.4742],[126.0248,-14.4578,3.2637],[126.0302,-14.4628,6.7346],[126.0315,-14.4705,1.2486],[126.0339,-14.4717,0.6894],[126.0347,-14.4692,3.2721],[126.0416,-14.4752,0.4877],[126.0463,-14.4722,2.9721],[126.0461,-14.4785,2.1382],[126.0478,-14.4805,1.365],[126.0429,-14.4944,4.1547],[126.0446,-14.4953,0.0],[126.047,-14.4939,3.3407],[126.0532,-14.501,4.0093],[126.0535,-14.5039,2.863],[126.0506,-14.5055,0.0],[126.0434,-14.5034,2.2689],[126.0422,-14.5087,6.4178],[126.0443,-14.5158,5.6658],[126.0491,-14.5195,4.5281],[126.0466,-14.5227,2.1213],[126.0507,-14.5256,3.4211],[126.0509,-14.5296,4.4874],[126.0474,-14.5332,3.6659],[126.0445,-14.5319,1.5412],[126.044,-14.5332,2.552],[126.0478,-14.5344,3.6659],[126.0419,-14.5367,5.0848],[126.0356,-14.5318,1.2726],[126.0324,-14.5319,0.4048],[126.0242,-14.5265,6.1416],[126.0206,-14.5195,0.0],[126.0155,-14.5195,0.0],[126.0114,-14.5235,3.6068],[126.0057,-14.525,0.8399],[126.0068,-14.5283,0.0],[126.0139,-14.5342,3.8538],[126.012,-14.5376,0.4086],[126.0074,-14.5378,1.4674],[126.0077,-14.5412,4.2522],[126.0043,-14.5421,0.7837],[126.0074,-14.5473,3.6897],[126.0055,-14.551,0.0],[126.0003,-14.555,0.0],[125.9939,-14.555,1.5484],[125.9906,-14.5512,0.0],[125.9884,-14.5516,4.1619],[125.9861,-14.5474,0.0],[125.9823,-14.5462,0.4246],[125.9832,-14.5448,0.4246],[125.9819,-14.5405,0.0],[125.9792,-14.5407,0.0],[125.9806,-14.5449,2.9836],[125.9783,-14.5433,0.6787],[125.9741,-14.5464,4.0211],[125.9725,-14.5457,0.0],[125.9701,-14.5394,4.2411],[125.9729,-14.5293,0.0],[125.9708,-14.5272,11.5966],[125.9704,-14.5224,0.0],[125.9692,-14.5218,0.0],[125.9688,-14.5253,5.0118],[125.9648,-14.5192,0.0],[125.9604,-14.5189,0.6961],[125.9556,-14.5313,6.5837],[125.9533,-14.5295,4.6856],[125.9516,-14.5236,0.0],[125.9492,-14.5235,0.2722],[125.9498,-14.5261,3.1475],[125.9448,-14.5322,0.0],[125.9481,-14.5344,4.2834],[125.9457,-14.5387,1.6708],[125.937,-14.5342,0.0],[125.9355,-14.5377,9.9994],[125.9355,-14.5352,4.2906],[125.9325,-14.5306,0.0],[125.9309,-14.5308,0.0],[125.9275,-14.5366,1.7561],[125.9234,-14.538,4.3713],[125.9206,-14.5372,0.0],[125.9165,-14.5425,1.0293],[125.9205,-14.5459,6.0643],[125.9207,-14.5521,14.9491],[125.9179,-14.5515,0.0],[125.9177,-14.5542,0.0],[125.915,-14.5525,0.0],[125.9118,-14.5537,0.0],[125.9113,-14.5557,0.0],[125.914,-14.5564,3.6409],[125.9039,-14.5644,0.0],[125.9019,-14.5682,0.0],[125.9025,-14.5722,3.3341],[125.9076,-14.5703,9.909],[125.9035,-14.5731,1.7748],[125.9059,-14.5753,5.2689],[125.9027,-14.5765,2.7463],[125.9076,-14.5775,7.2923],[125.9049,-14.5787,1.0624],[125.9115,-14.5779,9.2134],[125.9137,-14.5812,4.6792],[125.9167,-14.5811,5.8409],[125.9168,-14.5826,3.0028],[125.9191,-14.5828,5.187],[125.9215,-14.5895,5.4168],[125.921,-14.5924,3.7839],[125.933,-14.6092,7.3626],[125.9343,-14.6215,0.4798],[125.9305,-14.6332,0.0],[125.9324,-14.6342,4.9028],[125.9367,-14.643,0.0],[125.9363,-14.6463,0.0],[125.9311,-14.6499,6.7275],[125.921,-14.6509,5.6803],[125.9214,-14.649,4.8719],[125.9285,-14.6458,0.4035],[125.9239,-14.641,0.0],[125.9208,-14.6402,0.6505],[125.9154,-14.6486,0.7662],[125.9137,-14.6605,3.0532],[125.91,-14.6616,3.911],[125.9078,-14.6606,0.0],[125.9088,-14.6543,1.9597],[125.9054,-14.6432,2.1678],[125.9022,-14.6339,0.0],[125.8972,-14.629,2.2963],[125.8952,-14.6235,0.0],[125.8927,-14.6226,0.0],[125.8856,-14.6267,13.1561],[125.8813,-14.6233,5.7291],[125.8806,-14.616,10.0057],[125.8822,-14.6135,1.6107],[125.8776,-14.6073,0.0],[125.8651,-14.6061,0.0],[125.8613,-14.6079,3.5014],[125.8575,-14.6134,8.0755],[125.8528,-14.6114,0.1921],[125.8514,-14.6121,1.8355],[125.8514,-14.6101,0.0],[125.8486,-14.6099,2.3468],[125.8467,-14.606,0.0],[125.8481,-14.6002,13.569],[125.8473,-14.5954,4.6694],[125.8493,-14.5917,1.5369],[125.8391,-14.59,1.5917],[125.8421,-14.5861,0.6434],[125.8403,-14.5843,0.0],[125.8373,-14.5843,0.0],[125.8336,-14.5885,3.784],[125.8306,-14.5851,2.5802],[125.8309,-14.5761,4.8937],[125.8356,-14.5681,1.9379],[125.8381,-14.5668,2.9916],[125.846,-14.5684,6.6581],[125.8496,-14.5663,22.5107],[125.8502,-14.564,38.9759],[125.8493,-14.5592,19.9327],[125.8436,-14.5546,13.8982],[125.8313,-14.5492,6.8014],[125.8288,-14.5465,1.1156],[125.8287,-14.5428,3.8567],[125.8325,-14.5394,24.0715],[125.8432,-14.5419,2.5013],[125.8499,-14.5359,32.2323],[125.8487,-14.5324,1.0583],[125.8422,-14.5309,1.9482],[125.8365,-14.5248,4.2628],[125.8317,-14.5153,61.5714],[125.8314,-14.5082,19.6922],[125.8223,-14.5034,16.195],[125.8244,-14.4984,0.9527],[125.8209,-14.4994,0.0],[125.8172,-14.4976,35.4545],[125.8203,-14.4938,23.6141],[125.823,-14.4858,23.9192],[125.8281,-14.4809,17.9577],[125.8314,-14.4799,10.1412],[125.8351,-14.4821,3.6994],[125.8398,-14.4787,28.3031],[125.8464,-14.4772,6.7036],[125.8568,-14.478,0.6075],[125.859,-14.4769,0.0],[125.8591,-14.475,0.0],[125.8531,-14.4655,5.4431],[125.8521,-14.4567,3.9907],[125.8444,-14.4615,17.81],[125.8289,-14.4665,0.9991],[125.8251,-14.4705,0.9555],[125.816,-14.4741,0.0],[125.8106,-14.4791,0.0],[125.8058,-14.4804,0.4033],[125.8026,-14.4791,1.5245],[125.8021,-14.4723,3.1377],[125.8054,-14.4693,-0.1582],[125.805,-14.4663,6.0064],[125.8096,-14.458,-0.0255],[125.8135,-14.4557,3.318],[125.8163,-14.4504,-0.6903],[125.8126,-14.4467,0.5614],[125.8036,-14.4442,-0.4362],[125.798,-14.4453,0.8004],[125.7976,-14.4476,3.1246],[125.80029999999999,-14.4505,0.8527],[125.795,-14.4557,0.2222],[125.7952,-14.459,1.1108],[125.7927,-14.4619,0.0],[125.7946,-14.4664,0.0],[125.7918,-14.4692,0.0],[125.7887,-14.468,-0.067],[125.7879,-14.4699,0.3643],[125.7856,-14.4683,0.0],[125.7848,-14.4701,-0.1216],[125.7811,-14.4678,0.0],[125.7766,-14.4726,0.0],[125.7761,-14.4779,0.0],[125.7744,-14.4797,4.3249],[125.7676,-14.472,0.0],[125.7654,-14.4722,0.0],[125.7585,-14.4756,0.0],[125.7595,-14.4793,2.3411],[125.7574,-14.4776,0.0],[125.757,-14.4805,0.6475],[125.7515,-14.4809,0.0],[125.7472,-14.4847,1.061],[125.7457,-14.4825,0.0],[125.7447,-14.4847,2.1842],[125.7407,-14.4856,1.222],[125.7377,-14.4828,0.4872],[125.7361,-14.4783,1.482],[125.731,-14.477,4.7347],[125.7196,-14.4802,0.9741],[125.7159,-14.4832,1.58],[125.7143,-14.482,0.0],[125.7067,-14.4894,0.0388],[125.7072,-14.5,0.3163],[125.7016,-14.5046,0.7736],[125.7032,-14.5077,4.0805],[125.7012,-14.5146,2.7712],[125.7021,-14.521,-0.8295],[125.6989,-14.5292,0.5633],[125.6968,-14.5297,4.0096],[125.6913,-14.5379,0.0],[125.69,-14.5492,-0.141],[125.6911,-14.5504,2.524],[125.6868,-14.5546,2.9041],[125.6813,-14.5663,0.0],[125.6807,-14.5768,0.3412],[125.677,-14.5809,0.2965],[125.6773,-14.5856,1.2728],[125.6716,-14.5951,3.0619],[125.6693,-14.6092,0.4618],[125.6662,-14.6124,0.9416],[125.662,-14.624,1.4052],[125.6628,-14.6261,1.2523],[125.6602,-14.6261,0.0],[125.6561,-14.6335,0.0],[125.6511,-14.6501,17.5175],[125.6485,-14.6502,4.109],[125.6469,-14.6482,7.625],[125.6469,-14.6414,7.0717],[125.6523,-14.633,3.2678],[125.6507,-14.6186,4.9499],[125.6543,-14.6102,4.7111],[125.652,-14.602,4.681],[125.659,-14.5961,4.403],[125.6603,-14.5892,12.9968],[125.6651,-14.5825,4.905],[125.67529999999999,-14.5567,1.5519],[125.6807,-14.5294,2.6974],[125.6804,-14.5268,1.8067],[125.6763,-14.5235,3.7493],[125.6807,-14.5251,3.2916],[125.6838,-14.5147,5.3354],[125.6837,-14.5128,4.3181],[125.6813,-14.5126,5.6551],[125.6844,-14.5119,1.1072],[125.6874,-14.5078,3.2228],[125.6869,-14.5017,2.5311],[125.6887,-14.4994,1.2403],[125.6874,-14.4911,0.0],[125.683,-14.4891,1.7094],[125.6845,-14.4795,0.0],[125.6824,-14.4694,0.0],[125.6789,-14.4714,6.6739],[125.675,-14.47,1.2105],[125.6772,-14.4663,1.4433],[125.6761,-14.4638,0.5869],[125.6776,-14.452,2.0011],[125.6647,-14.4456,1.1901],[125.6616,-14.4456,1.1564],[125.6593,-14.4417,0.0],[125.6593,-14.4394,1.377],[125.6643,-14.4364,3.2222],[125.6639,-14.4347,0.331],[125.661,-14.4359,0.0],[125.659,-14.4348,0.5802],[125.6623,-14.4279,0.3717],[125.6606,-14.4267,2.8433],[125.6608,-14.4247,2.7534],[125.6629,-14.4234,1.7575],[125.6695,-14.4242,1.4247],[125.6707,-14.4204,0.7526],[125.6642,-14.4137,0.0],[125.663,-14.4148,0.4765],[125.6611,-14.4128,5.7672],[125.6645,-14.4066,10.5911],[125.6638,-14.4039,0.7959],[125.6616,-14.4035,4.9597],[125.66,-14.3979,0.0],[125.6525,-14.3948,0.6364],[125.6515,-14.3935,0.4006],[125.6532,-14.3913,1.0581],[125.6515,-14.386,1.5794],[125.6547,-14.3818,1.0211],[125.6538,-14.3801,1.4996],[125.6573,-14.3792,2.8154],[125.6562,-14.3809,0.5806],[125.6583,-14.3838,0.036],[125.6592,-14.3822,0.8519],[125.6661,-14.3838,0.0],[125.6672,-14.3823,0.5442],[125.6654,-14.3814,0.5442],[125.6686,-14.3805,1.8499],[125.6687,-14.3732,2.7991],[125.6685,-14.3676,1.7556],[125.6663,-14.367,4.507],[125.6697,-14.3629,2.3934],[125.6737,-14.3645,0.0],[125.6728,-14.3616,5.6122],[125.676,-14.3603,0.3589],[125.6762,-14.3573,1.1342],[125.678,-14.3567,0.4702],[125.6756,-14.3556,1.7134],[125.6766,-14.3541,0.1856],[125.6739,-14.351,0.0],[125.6683,-14.3573,2.8006],[125.67,-14.3504,0.5197],[125.6681,-14.3501,5.6172],[125.673,-14.3452,0.8822],[125.6673,-14.3426,0.8039],[125.6634,-14.3355,1.9363],[125.6695,-14.3318,0.6686],[125.6722,-14.3309,2.2093],[125.6792,-14.3347,0.0],[125.6827,-14.3343,4.156],[125.6828,-14.3364,0.0],[125.6907,-14.3395,1.974],[125.6913,-14.3441,0.0],[125.6935,-14.3458,0.5094],[125.6955,-14.3388,1.6912],[125.6996,-14.3476,0.3641],[125.7046,-14.3463,0.0],[125.7059,-14.341,4.1601],[125.7111,-14.3436,2.0124],[125.7156,-14.3416,4.8],[125.7202,-14.3434,7.798],[125.7264,-14.3418,3.9783],[125.7236,-14.3412,2.6155],[125.7217,-14.3388,4.4627],[125.7224,-14.3373,3.1555],[125.7194,-14.3362,3.2224],[125.7207,-14.3339,2.0749],[125.7187,-14.3351,8.7062],[125.7176,-14.3341,6.9725],[125.7243,-14.3292,4.7024],[125.7241,-14.3263,3.4015],[125.7257,-14.3245,0.0648],[125.7235,-14.324,0.2107],[125.719,-14.3278,3.2767],[125.7174,-14.3273,0.0],[125.7155,-14.3331,4.4217],[125.7155,-14.3299,1.095],[125.7046,-14.3336,1.4972],[125.7026,-14.3289,0.0],[125.6972,-14.3254,2.0411],[125.7025,-14.326,3.9821],[125.703,-14.3226,11.1262],[125.7061,-14.3287,0.0],[125.7109,-14.3277,6.8493],[125.7123,-14.3247,1.9407],[125.7083,-14.3243,10.6784],[125.712,-14.3233,0.3228],[125.7124,-14.3199,0.5824],[125.71,-14.3198,4.384],[125.7127,-14.3152,1.5952],[125.7156,-14.316,2.1584],[125.7147,-14.315,1.5952],[125.7168,-14.3141,0.5721],[125.7163,-14.3118,3.0338],[125.7196,-14.3111,2.1698],[125.7197,-14.3147,0.0],[125.7238,-14.3122,0.5508],[125.7241,-14.3105,0.15],[125.7222,-14.3088,2.5116],[125.7232,-14.3038,2.2073],[125.7207,-14.2997,5.3506],[125.7216,-14.2985,1.1699],[125.7145,-14.2966,2.9326],[125.7164,-14.2926,1.0894],[125.7225,-14.2943,5.8053],[125.7234,-14.2917,0.2845],[125.7215,-14.2888,2.396],[125.7302,-14.2822,4.0493],[125.7281,-14.2794,0.3544],[125.7244,-14.2832,7.373],[125.7254,-14.2796,3.3488],[125.7229,-14.2798,4.1684],[125.7217,-14.2785,0.8361],[125.7186,-14.2803,1.0634],[125.7179,-14.2775,0.0],[125.7162,-14.2839,0.0],[125.7181,-14.2886,0.0],[125.7106,-14.3009,0.4451],[125.7033,-14.3041,0.7659],[125.702,-14.302,0.6162],[125.6992,-14.3016,2.8533],[125.7005,-14.3009,0.0],[125.6976,-14.2977,5.5012],[125.6987,-14.2949,1.499],[125.6953,-14.2924,1.1513],[125.692,-14.292,0.1619],[125.6903,-14.2935,1.4765],[125.685,-14.2883,0.7525],[125.6796,-14.2896,5.298],[125.677,-14.2884,2.1013],[125.6738,-14.2902,4.4296],[125.6678,-14.2889,2.0551],[125.6668,-14.2865,2.9849],[125.669,-14.2865,2.1478],[125.6693,-14.2842,2.7308],[125.6675,-14.2824,0.0],[125.6681,-14.2795,0.3623],[125.6667,-14.2787,5.6451],[125.6646,-14.2681,23.2813],[125.6662,-14.2664,1.2496],[125.665,-14.2631,0.6932],[125.6551,-14.2668,8.5061],[125.6582,-14.2596,2.3891],[125.6548,-14.2552,5.2731],[125.6522,-14.2544,1.7916],[125.65,-14.2485,2.0642],[125.6517,-14.2458,0.3671],[125.6486,-14.2434,0.0],[125.6476,-14.2516,0.0],[125.6498,-14.2554,3.2895],[125.6491,-14.2596,13.7936],[125.6455,-14.2607,0.0],[125.6412,-14.2657,4.4836],[125.644,-14.26,9.2264],[125.6433,-14.2582,4.862],[125.6407,-14.2594,1.2488],[125.6415,-14.2541,3.8691],[125.6396,-14.2497,12.8788],[125.641,-14.2475,0.0],[125.6395,-14.2458,0.0],[125.636,-14.247,10.1871],[125.6351,-14.2431,1.3354],[125.6318,-14.2466,2.3721],[125.6263,-14.2449,0.2339],[125.6271,-14.242,2.3528],[125.6323,-14.242,3.7777],[125.6334,-14.2402,1.6637],[125.6335,-14.2365,0.4875],[125.6292,-14.2336,1.502],[125.6201,-14.2345,0.0],[125.6176,-14.2375,2.0955],[125.6155,-14.2363,1.5351],[125.6147,-14.2402,9.1181],[125.6138,-14.241,0.0],[125.613,-14.2397,0.0],[125.6117,-14.2424,0.0],[125.609,-14.2437,6.3697],[125.6037,-14.2381,2.004],[125.5962,-14.2373,1.282],[125.5988,-14.2409,12.2734],[125.6059,-14.243,11.5267],[125.605,-14.2462,0.8478],[125.6071,-14.2499,4.0816],[125.6069,-14.2539,1.8065],[125.6034,-14.2538,0.0],[125.6068,-14.256,4.4622],[125.6083,-14.2624,5.2085],[125.597,-14.2539,10.3212],[125.5948,-14.2467,24.1852],[125.5921,-14.2437,2.7699],[125.5899,-14.2445,2.8021],[125.5902,-14.2477,10.6396],[125.5882,-14.2488,4.1793],[125.585,-14.2568,7.0191],[125.5821,-14.2552,6.4141],[125.5813,-14.2528,0.0],[125.5794,-14.2537,6.057],[125.5783,-14.2591,0.0],[125.5737,-14.2616,0.0],[125.5758,-14.2626,25.169],[125.5839,-14.2601,0.9141],[125.5876,-14.2659,5.3501],[125.5909,-14.2654,4.5628],[125.5976,-14.271,35.9226],[125.5988,-14.2738,0.0],[125.5991,-14.2771,0.0],[125.596,-14.2833,32.7605],[125.5911,-14.2856,0.0],[125.5931,-14.2897,0.0],[125.5868,-14.301,0.0],[125.5878,-14.3023,19.0497],[125.5834,-14.3034,1.6261],[125.5823,-14.3054,0.0],[125.584,-14.3119,0.0],[125.5814,-14.3158,8.6784],[125.5841,-14.3241,2.0252],[125.5863,-14.3239,27.9797],[125.5875,-14.3265,1.8048],[125.589,-14.3254,10.6431],[125.5886,-14.3291,0.0],[125.5914,-14.3325,6.7577],[125.594,-14.3336,0.8707],[125.5957,-14.3309,16.0435],[125.5972,-14.3354,0.2468],[125.5998,-14.3333,5.5896],[125.5976,-14.3367,3.0091],[125.6009,-14.3383,0.0],[125.6037,-14.3436,21.06],[125.5996,-14.3422,1.2031],[125.5995,-14.3454,2.6483],[125.5978,-14.345,2.6483],[125.5936,-14.3487,2.0396],[125.5931,-14.352,0.0],[125.5945,-14.354,0.0],[125.5879,-14.3579,1.6026],[125.5881,-14.3647,2.8718],[125.59,-14.3671,7.5043],[125.5886,-14.3699,0.0],[125.5922,-14.371,9.3305],[125.5923,-14.373,0.1353],[125.5972,-14.3765,0.0],[125.6029,-14.377,1.8993],[125.608,-14.375,2.1279],[125.6053,-14.3795,0.0],[125.6086,-14.3839,1.2323],[125.6104,-14.3904,1.2903],[125.6186,-14.3855,4.6236],[125.6227,-14.3857,9.7253],[125.6212,-14.387,0.0],[125.6223,-14.3896,8.1943],[125.6172,-14.3939,0.1905],[125.6206,-14.3956,2.6085],[125.6169,-14.3959,0.0],[125.6171,-14.4014,0.448],[125.6216,-14.4048,0.4824],[125.6202,-14.411,0.0],[125.6219,-14.4129,0.9687],[125.6212,-14.4152,7.6835],[125.6201,-14.4134,1.7931],[125.6181,-14.4164,5.1908],[125.6161,-14.4161,0.0],[125.6142,-14.421,4.5029],[125.6136,-14.4192,0.1734],[125.6105,-14.4192,0.0],[125.6114,-14.4202,0.0556],[125.6096,-14.4217,0.0],[125.6144,-14.4251,8.0482],[125.6088,-14.4313,2.8697],[125.6056,-14.4303,0.2575],[125.6013,-14.4335,0.0],[125.6047,-14.434,3.092],[125.6003,-14.4379,0.0],[125.5986,-14.4428,0.0],[125.6017,-14.4491,4.9472],[125.6016,-14.4544,8.5157],[125.5972,-14.4541,0.0],[125.5978,-14.4572,6.3569],[125.5962,-14.4572,0.4793],[125.5995,-14.4616,4.7784],[125.5945,-14.4588,0.0],[125.5964,-14.4617,4.3357],[125.5952,-14.4669,0.0],[125.5982,-14.4688,10.6008],[125.5969,-14.4728,5.3751],[125.5993,-14.4799,0.8372],[125.6015,-14.4809,6.3441],[125.6018,-14.4863,8.3274],[125.6001,-14.4829,0.4763],[125.6007,-14.494,2.0927],[125.5997,-14.4951,3.0021],[125.5984,-14.4941,4.0129],[125.5981,-14.491,0.0],[125.591,-14.4937,0.0],[125.591,-14.4953,1.4739],[125.5968,-14.4954,9.0515],[125.598,-14.4967,4.1563],[125.5882,-14.5057,6.4282],[125.5946,-14.5075,8.4813],[125.6024,-14.4983,2.2247],[125.6054,-14.5023,5.7233],[125.6034,-14.5033,0.0],[125.6036,-14.506,0.0],[125.6063,-14.5093,7.1818],[125.6094,-14.5102,1.9535],[125.6102,-14.5076,2.5431],[125.6137,-14.5106,4.9822],[125.611,-14.5136,2.9176],[125.6096,-14.5128,0.0],[125.6001,-14.5175,1.6964],[125.6037,-14.5221,13.8519],[125.6009,-14.5249,1.3061],[125.601,-14.5297,21.928],[125.5976,-14.5282,6.5253],[125.5965,-14.5366,3.09],[125.5945,-14.5357,0.7138],[125.5915,-14.5378,1.5563],[125.5898,-14.5284,1.494],[125.5842,-14.5257,0.0],[125.5781,-14.5314,0.0],[125.5791,-14.5353,14.3957],[125.5739,-14.5391,0.2783],[125.5726,-14.543,0.0],[125.5729,-14.5502,7.6896],[125.5755,-14.5523,11.8913],[125.5875,-14.5574,1.8787],[125.5893,-14.5561,14.6922],[125.5906,-14.5579,12.0217],[125.5989,-14.5588,9.6031],[125.5979,-14.5604,3.6482],[125.5993,-14.5626,0.957],[125.5942,-14.5606,0.4305],[125.5897,-14.5622,5.8458],[125.5903,-14.5601,4.5222],[125.5848,-14.561,7.1642],[125.5828,-14.5596,12.6481],[125.5694,-14.5583,6.2772],[125.562,-14.5607,3.2636],[125.5611,-14.5636,24.837],[125.5573,-14.5659,6.4276],[125.5576,-14.5604,9.0832],[125.5541,-14.557,4.0675],[125.5504,-14.5565,1.8427],[125.5432,-14.5588,2.3791],[125.5373,-14.5585,2.3422],[125.5348,-14.5639,2.8301],[125.5315,-14.5604,2.1533],[125.5339,-14.5598,0.0],[125.5332,-14.5573,1.3345],[125.5275,-14.5542,1.7441],[125.5314,-14.553,1.1982],[125.5334,-14.5502,2.8526],[125.5299,-14.5461,8.6162],[125.5378,-14.5501,12.7301],[125.5465,-14.5498,3.826],[125.548,-14.5484,24.3667],[125.5499,-14.5432,15.6157],[125.544,-14.5386,0.8724],[125.5447,-14.535,0.0],[125.5491,-14.5301,15.7638],[125.5578,-14.5307,7.5428],[125.5597,-14.522,4.1989],[125.5589,-14.5189,11.1454],[125.5604,-14.5187,11.1454],[125.5606,-14.5148,0.0],[125.5579,-14.5125,0.223],[125.5512,-14.5119,4.1071],[125.548,-14.5098,1.7647],[125.5414,-14.5099,0.3995],[125.5385,-14.5123,2.6207],[125.5345,-14.5213,7.7712],[125.5291,-14.5223,5.9818],[125.5315,-14.5175,15.1274],[125.5295,-14.5119,9.7786],[125.5235,-14.5094,0.0],[125.5206,-14.5119,8.3804],[125.5199,-14.5092,10.1334],[125.5249,-14.5076,12.5599],[125.5267,-14.5048,4.6234],[125.5293,-14.5065,1.6642],[125.5288,-14.5028,0.0],[125.5203,-14.5002,0.529],[125.5166,-14.5068,0.0],[125.5167,-14.5089,0.0],[125.5185,-14.5092,6.9541],[125.5159,-14.5105,0.0],[125.5153,-14.513,1.4227],[125.5117,-14.5116,4.6603],[125.5061,-14.5176,4.8823],[125.5028,-14.5163,8.465],[125.5058,-14.5157,4.8724],[125.5035,-14.5132,3.4294],[125.4963,-14.5124,0.0],[125.4926,-14.5143,6.9309],[125.4967,-14.5165,6.757],[125.4935,-14.5198,4.5886],[125.4886,-14.5192,0.0],[125.4874,-14.5237,0.0],[125.4893,-14.5234,0.795],[125.4904,-14.5252,0.0],[125.4904,-14.5302,0.0],[125.4925,-14.5313,0.0],[125.494,-14.5296,0.2701],[125.4956,-14.5304,1.9301],[125.4949,-14.5339,4.1218],[125.4909,-14.5349,1.5185],[125.4912,-14.538,1.8557],[125.4943,-14.5401,0.3538],[125.4929,-14.544,0.608],[125.4962,-14.5447,2.2929],[125.4907,-14.5489,3.896],[125.4918,-14.5521,0.8833],[125.4948,-14.5515,2.1112],[125.4941,-14.5537,0.0],[125.4956,-14.5546,2.1775],[125.4916,-14.5579,0.5655],[125.4914,-14.5603,8.8125],[125.4882,-14.5524,1.633],[125.4854,-14.5516,3.0665],[125.4857,-14.546,0.8126],[125.4831,-14.5444,0.3499],[125.4847,-14.5442,0.0],[125.4817,-14.542,12.8285],[125.4816,-14.5387,6.1177],[125.4799,-14.5378,18.6613],[125.4795,-14.5356,14.4414],[125.4814,-14.5339,0.8339],[125.4805,-14.5322,0.2277],[125.4728,-14.5317,2.1773],[125.4684,-14.5331,5.8602],[125.4665,-14.5355,3.5681],[125.4673,-14.5367,1.7156],[125.4662,-14.5372,1.7156],[125.4691,-14.5412,2.1328],[125.4652,-14.5455,1.5228],[125.4654,-14.549,1.0758],[125.4684,-14.5529,5.1179],[125.467,-14.5555,1.6398],[125.4687,-14.5593,2.9485],[125.4674,-14.5592,0.3535],[125.4688,-14.5614,0.0],[125.4692,-14.5603,0.81],[125.4758,-14.564,0.9257],[125.4785,-14.5635,5.4271],[125.4782,-14.5649,1.7664],[125.4834,-14.568,2.7525],[125.4799,-14.5674,2.7106],[125.4762,-14.5648,1.7403],[125.4712,-14.5645,0.0],[125.4706,-14.5692,0.9342],[125.4666,-14.5761,1.399],[125.4618,-14.5755,1.39],[125.4654,-14.5733,0.0],[125.4632,-14.5731,2.1236],[125.4524,-14.5792,0.0],[125.4519,-14.5844,7.6471],[125.4572,-14.5914,0.9297],[125.4564,-14.5948,0.0],[125.4612,-14.5974,4.3877],[125.4608,-14.602,3.4067],[125.4649,-14.6042,24.1178],[125.4634,-14.6053,22.0712],[125.4558,-14.6001,0.0],[125.442,-14.5959,2.6496],[125.4405,-14.5937,1.3165],[125.4372,-14.5946,14.1322],[125.4362,-14.5978,0.0],[125.4373,-14.6002,13.0869],[125.441,-14.6029,8.2203],[125.4443,-14.6094,1.9483],[125.4466,-14.609,5.8595],[125.4452,-14.6138,2.9086],[125.4483,-14.6162,13.2766],[125.4473,-14.6176,5.7254],[125.4493,-14.6191,24.1677],[125.45,-14.6238,17.8323],[125.4491,-14.6264,0.0],[125.4453,-14.6288,6.5188],[125.444,-14.6278,0.0],[125.4397,-14.6289,1.3429],[125.4337,-14.6367,4.2147],[125.4333,-14.6395,4.7295],[125.4299,-14.6415,0.4746],[125.4286,-14.6387,10.4688],[125.4296,-14.6359,0.0],[125.4261,-14.636,15.5791],[125.4272,-14.6306,8.3926],[125.4315,-14.6278,0.2348],[125.432,-14.6236,16.2919],[125.4343,-14.6243,5.5578],[125.438,-14.6211,1.5409],[125.4382,-14.6138,0.99],[125.4371,-14.6109,0.0],[125.4357,-14.6116,19.5653],[125.4319,-14.6072,1.8896],[125.4268,-14.6073,4.633],[125.4272,-14.6008,1.2648],[125.4256,-14.6021,8.7019],[125.4241,-14.6002,5.3797],[125.4134,-14.6005,1.6472],[125.4122,-14.5971,20.6378],[125.418,-14.5973,24.8636],[125.425,-14.5864,0.0],[125.42,-14.5819,33.0059],[125.4208,-14.5786,0.0],[125.4155,-14.5792,21.3386],[125.4189,-14.5784,3.0471],[125.4204,-14.5764,6.4364],[125.4159,-14.5724,10.2916],[125.4169,-14.5711,6.0492],[125.4188,-14.5726,0.4475],[125.4152,-14.5639,0.5752],[125.4126,-14.5634,11.4487],[125.4107,-14.5666,34.4387],[125.4115,-14.5638,6.5578],[125.4099,-14.5629,27.2775],[125.4121,-14.5618,15.371],[125.4124,-14.5598,4.7211],[125.4086,-14.5578,26.2717],[125.4124,-14.5579,0.0],[125.4107,-14.5564,14.5971],[125.4144,-14.5555,0.0],[125.4134,-14.5535,6.9487],[125.4153,-14.5504,2.8243],[125.413,-14.5479,0.0],[125.411,-14.5481,22.6632],[125.4103,-14.5456,0.2238],[125.4093,-14.5468,13.2549],[125.4079,-14.5464,46.3369],[125.4091,-14.5448,2.2366],[125.4056,-14.5448,2.873],[125.4032,-14.5478,3.1885],[125.3996,-14.5472,0.0],[125.4006,-14.5489,2.014],[125.3985,-14.5531,3.4275],[125.3982,-14.5598,10.2721],[125.4,-14.5666,0.0],[125.4037,-14.5684,16.4191],[125.4001,-14.5728,4.7913],[125.3993,-14.5709,0.8695],[125.397,-14.5712,2.2428],[125.3969,-14.5673,0.3386],[125.3944,-14.5651,2.5971],[125.3922,-14.566,0.2525],[125.3926,-14.5693,1.157],[125.3908,-14.57,0.2816],[125.3923,-14.5715,1.2758],[125.3916,-14.5762,4.6537],[125.3879,-14.5724,0.0335],[125.3877,-14.5686,0.0],[125.3858,-14.5682,2.336],[125.3832,-14.5751,9.9112],[125.382,-14.5726,0.0],[125.3795,-14.5725,0.0],[125.3776,-14.5736,13.4474],[125.3772,-14.5768,9.248],[125.3745,-14.5758,0.0],[125.3708,-14.5817,0.0],[125.3747,-14.5855,10.1255],[125.3701,-14.5833,6.6492],[125.3651,-14.5857,2.8751],[125.3584,-14.5851,4.7627],[125.3571,-14.5871,6.593],[125.3577,-14.5838,5.6954],[125.3556,-14.5828,8.4116],[125.3546,-14.5841,11.7952],[125.3541,-14.5824,7.9679],[125.3576,-14.582,0.6387],[125.3615,-14.5734,2.8693],[125.368,-14.5697,0.0],[125.3689,-14.5636,1.8457],[125.369,-14.5609,0.7125],[125.3664,-14.5587,2.6903],[125.361,-14.56,6.7475],[125.361,-14.555,0.0],[125.3575,-14.5543,9.2829],[125.355,-14.5518,9.6212],[125.3579,-14.5535,9.2829],[125.3604,-14.5476,2.0494],[125.3572,-14.5423,8.9108],[125.3593,-14.5369,0.0],[125.3573,-14.5361,11.5161],[125.3587,-14.5352,11.5161],[125.3551,-14.5301,2.0636],[125.3559,-14.5276,45.6616],[125.358,-14.5295,5.0871],[125.3621,-14.525,1.9359],[125.3637,-14.5263,0.1306],[125.3635,-14.5221,0.0],[125.3615,-14.5198,1.3787],[125.3628,-14.5179,6.5906],[125.362,-14.516,17.514],[125.3639,-14.5147,6.3117],[125.364,-14.5101,3.9766],[125.3673,-14.5074,0.0],[125.3667,-14.5051,5.8194],[125.3641,-14.5057,-0.0164],[125.3613,-14.5115,8.8353],[125.3581,-14.5132,16.9544],[125.3509,-14.5133,15.19],[125.3457,-14.5163,1.7384],[125.3451,-14.5199,22.2521],[125.3421,-14.5216,1.7842],[125.3454,-14.5276,11.0619],[125.3417,-14.5306,2.1063],[125.3426,-14.539,12.1625],[125.3457,-14.5391,22.23],[125.3501,-14.5439,0.0],[125.3445,-14.5499,5.6448],[125.3465,-14.5563,0.0],[125.348,-14.5546,9.4839],[125.3497,-14.5551,5.2709],[125.3477,-14.558,0.0],[125.3468,-14.5635,5.7326],[125.3478,-14.5645,5.7326],[125.3404,-14.561,0.0],[125.3357,-14.5558,0.0],[125.3282,-14.5592,2.7141],[125.3256,-14.5617,0.0],[125.327,-14.5644,10.492],[125.3253,-14.5642,0.0],[125.3252,-14.5684,7.2547],[125.3232,-14.5701,0.0],[125.3241,-14.5716,0.5343],[125.3247,-14.57,5.269],[125.3263,-14.5724,13.2081],[125.3257,-14.5844,7.5565],[125.323,-14.5774,6.0082],[125.3211,-14.5758,0.0],[125.3186,-14.5774,17.2017],[125.3197,-14.5752,0.0],[125.3183,-14.5731,2.3822],[125.3139,-14.5717,1.934],[125.3136,-14.5734,17.254],[125.3114,-14.5734,27.317],[125.3061,-14.5663,1.7647],[125.305,-14.5605,10.9191],[125.3018,-14.5579,0.0],[125.2998,-14.5586,3.8611],[125.2969,-14.5661,0.0],[125.2983,-14.5669,21.9597],[125.2977,-14.5719,8.6735],[125.3016,-14.5744,17.546],[125.3036,-14.5796,26.3946],[125.3002,-14.5754,1.2854],[125.2981,-14.5778,8.4002],[125.2962,-14.575,9.0515],[125.2937,-14.5748,9.1987],[125.2875,-14.5785,0.0],[125.2905,-14.5834,16.0702],[125.286,-14.5794,0.0],[125.2825,-14.5786,2.2683],[125.2787,-14.5844,0.0],[125.2785,-14.588,19.5832],[125.2767,-14.5889,2.5843],[125.278,-14.5923,1.8913],[125.2752,-14.5919,2.3124],[125.2729,-14.5888,4.2522],[125.2745,-14.5951,14.5373],[125.2727,-14.5903,8.3793],[125.2707,-14.5892,0.0],[125.2697,-14.592,3.2379],[125.2708,-14.5945,9.0549],[125.2685,-14.5929,3.2379],[125.2684,-14.5904,0.0],[125.2655,-14.5895,0.0],[125.2636,-14.5898,1.9309],[125.2621,-14.5935,16.0421],[125.2579,-14.5939,0.0],[125.2572,-14.5978,2.515],[125.2554,-14.5977,0.0],[125.2547,-14.6002,18.8736],[125.257,-14.6031,13.3615],[125.2556,-14.6041,1.2282],[125.2563,-14.6066,16.5914],[125.2535,-14.605,5.5426],[125.2536,-14.6068,0.4144],[125.2631,-14.6118,30.9543],[125.262,-14.613,0.0],[125.2605,-14.6117,0.3601],[125.2616,-14.6148,0.4111],[125.2585,-14.6158,0.0],[125.2538,-14.6133,2.7019],[125.2522,-14.6104,2.4111],[125.2492,-14.6109,0.0],[125.2521,-14.6128,6.4976],[125.2529,-14.6154,17.5563],[125.2486,-14.6153,11.2974],[125.2488,-14.6205,7.5656],[125.2561,-14.6231,9.7007],[125.2587,-14.6266,0.9396],[125.2569,-14.6305,-0.2205],[125.2593,-14.6301,-0.0551],[125.2592,-14.6315,0.0],[125.2608,-14.6311,0.8774],[125.2612,-14.6327,-0.0073],[125.2627,-14.6324,22.1194],[125.264,-14.6349,5.1655],[125.2666,-14.6367,2.0855],[125.268,-14.636,13.0644],[125.2697,-14.6383,0.0],[125.2734,-14.6377,3.3929],[125.2804,-14.6402,0.0],[125.2832,-14.6308,0.0],[125.2828,-14.6254,0.3364],[125.2856,-14.6287,-0.1188],[125.2878,-14.629,-0.1568],[125.2884,-14.6232,3.1753],[125.2906,-14.6311,0.7063],[125.2984,-14.6375,1.2008],[125.30029999999999,-14.635,3.3825],[125.2992,-14.6393,16.3133],[125.30029999999999,-14.6417,9.6931],[125.3075,-14.6469,2.815],[125.3084,-14.6499,5.9289],[125.3024,-14.655,10.5993],[125.2988,-14.6534,3.9977],[125.2873,-14.6527,1.2848],[125.2847,-14.6546,13.3623],[125.2827,-14.653,1.5143],[125.2793,-14.6537,3.2412],[125.2774,-14.6557,0.4093],[125.2786,-14.6575,8.7542],[125.2771,-14.6574,3.8688],[125.276,-14.6604,2.5289],[125.274,-14.6596,8.5615],[125.2737,-14.6613,16.6965],[125.2714,-14.6596,6.0899],[125.2714,-14.6552,0.0],[125.2698,-14.6582,8.305],[125.267,-14.6561,0.0],[125.2608,-14.6578,0.0],[125.2584,-14.6621,6.3389],[125.2601,-14.6646,12.2318],[125.2579,-14.6648,0.0],[125.2594,-14.6687,6.0861],[125.2576,-14.6688,0.0],[125.261,-14.6707,16.4472],[125.2588,-14.6728,4.836],[125.2551,-14.6677,0.0],[125.2543,-14.6685,0.495],[125.2573,-14.6781,0.9166],[125.2682,-14.691,0.7747],[125.2621,-14.6931,4.3932],[125.2566,-14.692,3.5729],[125.2537,-14.6868,1.2321],[125.2488,-14.6847,3.2734],[125.2456,-14.6756,0.0],[125.2457,-14.6822,2.5071],[125.2436,-14.6742,0.0],[125.2399,-14.6737,4.5062],[125.2413,-14.6708,7.497],[125.2405,-14.6664,4.2217],[125.2344,-14.6612,0.0],[125.2283,-14.6632,8.1541],[125.224,-14.668,0.6169],[125.2228,-14.6706,0.0],[125.226,-14.6727,4.8542],[125.2221,-14.6721,0.7873],[125.2188,-14.6752,23.4599],[125.2184,-14.6669,0.0],[125.2129,-14.6687,5.1149],[125.2135,-14.6725,9.8003],[125.2118,-14.6736,2.3599],[125.2128,-14.6795,14.0551],[125.2098,-14.6856,0.0],[125.2106,-14.6923,4.2369],[125.2113,-14.6941,0.6047],[125.2132,-14.694,4.9588],[125.2137,-14.6979,0.884],[125.217,-14.6975,8.7881],[125.2152,-14.7002,0.9066],[125.2175,-14.7057,0.648],[125.215,-14.706,0.6365],[125.2161,-14.711,4.4887],[125.2144,-14.7116,0.8293],[125.2115,-14.7217,11.7518],[125.2082,-14.7114,17.7896],[125.2041,-14.7054,8.5655],[125.2051,-14.7035,0.6898],[125.2011,-14.698,4.6442],[125.1976,-14.6994,0.0],[125.1992,-14.7065,8.1345],[125.1899,-14.707,7.5104],[125.1872,-14.705,2.786],[125.1882,-14.7088,6.8886],[125.186,-14.7058,2.786],[125.1833,-14.7076,5.296],[125.1815,-14.7064,0.36],[125.1798,-14.7099,0.0],[125.1826,-14.7081,1.8817],[125.183,-14.7117,0.7689],[125.1806,-14.7149,2.8481],[125.1803,-14.7191,7.9548],[125.1825,-14.7213,0.0],[125.1819,-14.7187,11.6262],[125.1843,-14.7189,17.3498],[125.1847,-14.722,16.6787],[125.1826,-14.7233,1.606],[125.1829,-14.7269,0.0],[125.1842,-14.7288,0.956],[125.1874,-14.7277,6.0237],[125.1871,-14.7337,4.558],[125.1953,-14.7384,21.2642],[125.1877,-14.7387,0.0],[125.189,-14.747,4.2071],[125.1857,-14.748,15.1486],[125.1838,-14.7437,13.6149],[125.1812,-14.7427,9.0111],[125.1816,-14.7387,19.7292],[125.1788,-14.7363,16.9591],[125.1731,-14.7376,7.1409],[125.1693,-14.7334,3.3376],[125.1685,-14.7372,8.4058],[125.1672,-14.7358,0.0],[125.1622,-14.7364,6.1304],[125.1612,-14.7322,2.5104],[125.1585,-14.7328,0.5467],[125.1576,-14.7355,19.0851],[125.16,-14.7379,10.3892],[125.1578,-14.737,7.5632],[125.1548,-14.7383,0.0],[125.1569,-14.7431,31.2468],[125.1552,-14.7411,7.5937],[125.1534,-14.7435,15.4228],[125.1517,-14.7425,0.0],[125.15,-14.7482,23.0423],[125.1476,-14.7464,10.082],[125.1463,-14.7481,0.0],[125.1478,-14.7496,7.7713],[125.1467,-14.7522,18.6868],[125.1434,-14.7473,0.0],[125.1414,-14.7477,0.0],[125.1468,-14.7626,38.5431],[125.1456,-14.7668,0.0],[125.1483,-14.7663,6.5857],[125.1471,-14.7685,6.3902],[125.1505,-14.7691,16.4794],[125.1491,-14.7724,21.2067],[125.1508,-14.7751,0.1194],[125.1525,-14.7744,14.06],[125.1528,-14.7766,0.0],[125.1533,-14.7761,0.0],[125.1526,-14.7707,6.4873],[125.1559,-14.7696,0.6101],[125.1547,-14.7665,22.9014],[125.1575,-14.769,19.7069],[125.1603,-14.7689,23.9597],[125.1642,-14.7783,0.0],[125.1649,-14.7745,13.2201],[125.1665,-14.7787,1.9764],[125.1697,-14.7788,14.1683],[125.1662,-14.7843,18.2617],[125.1668,-14.7905,4.486],[125.1712,-14.789,27.5974],[125.1735,-14.7836,34.1435],[125.1799,-14.7783,7.545],[125.1818,-14.7792,34.9752],[125.1809,-14.7809,0.0],[125.1824,-14.7819,0.0],[125.1872,-14.7801,2.6281],[125.19,-14.7754,50.2569],[125.1908,-14.7773,8.2966],[125.1884,-14.7803,10.2004],[125.1894,-14.7827,9.5144],[125.1955,-14.7762,13.4303],[125.1923,-14.783,17.578],[125.194,-14.7844,17.578],[125.1912,-14.7881,0.0],[125.193,-14.7912,29.4836],[125.1977,-14.7912,40.4746],[125.2017,-14.7851,8.5544],[125.2015,-14.7877,6.2036],[125.2038,-14.7902,14.6174],[125.2029,-14.7907,14.6174],[125.2052,-14.791,16.4788],[125.2035,-14.7931,1.7516],[125.2054,-14.7949,7.2399],[125.2051,-14.7971,7.5195],[125.1995,-14.7963,7.426],[125.1949,-14.7989,6.8864],[125.1958,-14.8007,7.9152],[125.1942,-14.8008,7.9152],[125.1939,-14.8034,15.9216],[125.1926,-14.8026,6.4959],[125.1915,-14.807,2.9771],[125.1895,-14.8038,0.0],[125.1947,-14.8159,17.2187],[125.1946,-14.8208,26.7411],[125.1974,-14.8215,18.1649],[125.1947,-14.8229,3.8512],[125.1953,-14.8276,16.2376],[125.1925,-14.8234,0.0],[125.1915,-14.8253,18.8511],[125.1902,-14.824,0.9507],[125.1891,-14.8268,8.8928],[125.1892,-14.8244,1.2523],[125.1865,-14.8232,3.2536],[125.1877,-14.827,6.913],[125.1841,-14.827,6.3315],[125.1856,-14.8308,10.1044],[125.1885,-14.8284,18.1534],[125.1896,-14.8297,10.4691],[125.1863,-14.8325,14.6201],[125.1862,-14.8374,17.7589],[125.1881,-14.8383,1.4515],[125.1894,-14.8367,6.4097],[125.1917,-14.8386,0.2959],[125.1969,-14.8333,14.2408],[125.1963,-14.8349,6.9007],[125.1987,-14.8371,14.3444],[125.1977,-14.8393,0.0],[125.1992,-14.8396,6.5911],[125.1978,-14.8412,0.0],[125.2005,-14.8441,24.7969],[125.2075,-14.8448,0.0],[125.2089,-14.8429,23.4995],[125.2086,-14.85,1.5961],[125.2122,-14.8515,10.6848],[125.21,-14.8534,0.0],[125.2119,-14.8561,10.2947],[125.2094,-14.8551,1.0444],[125.2107,-14.8574,17.3989],[125.2088,-14.858,3.5051],[125.2084,-14.863,0.0],[125.2101,-14.8649,0.0],[125.2115,-14.8652,0.0],[125.213,-14.8616,3.8403],[125.2166,-14.8647,0.0],[125.2209,-14.8628,24.1354],[125.2187,-14.8675,0.0],[125.2201,-14.8688,1.6686],[125.2236,-14.8666,0.8343],[125.224,-14.863,12.9387],[125.2252,-14.8632,0.0],[125.2218,-14.8582,6.2389],[125.2245,-14.8553,22.2031],[125.2246,-14.848,23.2888],[125.2279,-14.8485,28.6187],[125.2268,-14.8516,0.0],[125.2301,-14.8523,16.2044],[125.2298,-14.8549,0.9106],[125.2317,-14.8545,2.6794],[125.2316,-14.8512,10.8419],[125.2346,-14.8474,17.3272],[125.2376,-14.8469,0.0],[125.2391,-14.8435,5.3787],[125.2376,-14.8426,8.888],[125.2435,-14.8364,18.87],[125.2437,-14.8345,10.5862],[125.2413,-14.8342,23.1508],[125.2441,-14.8317,18.7092],[125.2491,-14.8345,29.4342],[125.2437,-14.8381,13.721],[125.2441,-14.8429,9.5065],[125.2419,-14.8477,7.727],[125.2431,-14.8493,3.4952],[125.2405,-14.8516,0.0],[125.2423,-14.8525,8.6456],[125.2393,-14.8545,0.0],[125.2393,-14.8592,0.0],[125.23779999999999,-14.8579,0.0],[125.2356,-14.8605,13.5384],[125.2359,-14.865,37.2541],[125.2339,-14.8651,0.0],[125.2355,-14.8676,15.4062],[125.2389,-14.8666,9.0135],[125.244,-14.8714,0.0],[125.2446,-14.8699,11.5363],[125.2509,-14.8723,13.6722],[125.2529,-14.87,10.7516],[125.251,-14.8639,27.634],[125.2538,-14.8608,0.0],[125.2513,-14.8558,13.0109],[125.2543,-14.8525,2.6679],[125.2588,-14.855,5.8758],[125.2609,-14.8617,0.0],[125.2641,-14.8654,0.0],[125.2696,-14.8598,8.5344],[125.2717,-14.8537,18.5279],[125.2741,-14.8582,15.2841],[125.2725,-14.8597,18.0073],[125.2739,-14.8621,11.0701],[125.2718,-14.8639,6.3188],[125.2739,-14.8701,0.0],[125.2734,-14.8657,9.6932],[125.2751,-14.8619,2.6434],[125.2771,-14.8621,45.3463],[125.2783,-14.8662,2.0726],[125.2799,-14.8655,27.0099],[125.2867,-14.853,14.429],[125.29,-14.8584,14.7114],[125.2893,-14.8618,0.2168],[125.2908,-14.8608,24.1521],[125.2929,-14.8618,40.9164],[125.2894,-14.8669,22.1969],[125.2917,-14.8713,5.1525],[125.2962,-14.8734,0.0],[125.2959,-14.8753,0.0],[125.2979,-14.8755,0.0],[125.3006,-14.8701,7.5165],[125.3057,-14.8696,21.8242],[125.3061,-14.8737,2.1929],[125.3041,-14.8761,0.0],[125.305,-14.8815,0.0],[125.3098,-14.8827,23.0509],[125.3125,-14.8798,14.0715],[125.3203,-14.8792,82.5346],[125.3232,-14.881,16.3509],[125.3339,-14.8822,2.013],[125.3324,-14.8834,4.8811],[125.3298,-14.8824,0.0],[125.3301,-14.885,4.7355],[125.3222,-14.8836,0.0],[125.3214,-14.8873,0.0],[125.3188,-14.8887,1.4895],[125.3167,-14.8876,0.0],[125.3166,-14.8954,4.2454],[125.3189,-14.897,9.785],[125.3114,-14.9001,-0.0984],[125.3081,-14.8958,0.0],[125.3088,-14.8923,12.338],[125.3071,-14.8912,0.0],[125.306,-14.8976,18.2522],[125.3112,-14.9015,0.0],[125.312,-14.9041,1.5826],[125.3081,-14.9087,1.6997],[125.308,-14.9041,0.0],[125.3059,-14.9011,0.0],[125.3036,-14.9006,0.0],[125.3034,-14.8982,0.0],[125.3016,-14.8988,1.8599],[125.3019,-14.9008,2.1616],[125.2982,-14.9054,26.0415],[125.2967,-14.9034,28.2733],[125.2946,-14.9036,0.0],[125.295,-14.908,5.6209],[125.298,-14.9097,31.8765],[125.2977,-14.9126,42.5801],[125.3,-14.9159,10.6366],[125.306,-14.9166,3.9625],[125.3077,-14.9202,4.4202],[125.3063,-14.9248,49.3554],[125.2957,-14.9287,0.0],[125.298,-14.9358,3.6218],[125.2947,-14.938,2.4781],[125.293,-14.9367,0.1451],[125.2914,-14.9378,0.3091],[125.2898,-14.9308,0.0],[125.2892,-14.9323,1.7244],[125.2872,-14.9311,8.3677],[125.2883,-14.9294,2.8765],[125.2872,-14.9287,2.8765],[125.2838,-14.9287,1.3115],[125.2835,-14.9321,18.0016],[125.2815,-14.9292,0.0],[125.278,-14.9313,13.279],[125.2752,-14.9301,2.5436],[125.2699,-14.9333,6.5915],[125.272,-14.9314,0.9326],[125.2713,-14.9273,0.0],[125.2699,-14.9268,0.0],[125.2677,-14.9296,20.8898],[125.2668,-14.9248,3.9684],[125.2613,-14.9231,42.1051],[125.2658,-14.9113,11.1704],[125.2628,-14.9073,0.0],[125.2636,-14.9046,0.0],[125.2616,-14.9037,40.3346],[125.2603,-14.8991,0.0],[125.2563,-14.8998,3.292],[125.2583,-14.9019,41.3678],[125.2576,-14.9032,14.3225],[125.2562,-14.9024,0.0],[125.2571,-14.9052,14.5724],[125.2522,-14.9059,0.0],[125.2551,-14.9109,4.1757],[125.2578,-14.907,12.0982],[125.2559,-14.9115,27.73],[125.2535,-14.9134,0.0],[125.2546,-14.9145,41.426],[125.2518,-14.9207,13.7303],[125.255,-14.9266,21.8525],[125.2472,-14.9233,20.4538],[125.2479,-14.9184,0.0],[125.2439,-14.9139,3.6972],[125.2412,-14.9151,0.0],[125.2425,-14.9169,17.8052],[125.2396,-14.9175,5.3235],[125.2417,-14.9204,37.6979],[125.2397,-14.9198,11.0756],[125.2393,-14.9233,22.068],[125.2307,-14.9191,0.0],[125.2328,-14.9317,16.4284],[125.2301,-14.9271,0.0],[125.2291,-14.9302,15.0818],[125.2282,-14.9278,0.5514],[125.2273,-14.929,4.4684],[125.2253,-14.9279,0.0],[125.2258,-14.924,1.7141],[125.2229,-14.9261,0.0],[125.2242,-14.9302,23.4224],[125.2215,-14.9274,0.0],[125.2188,-14.9293,0.0],[125.2195,-14.9333,8.802],[125.223,-14.9331,20.4298],[125.2218,-14.9353,2.0613],[125.2232,-14.936,18.2641],[125.2213,-14.9384,4.3224],[125.2236,-14.943,18.9828],[125.2212,-14.9431,17.4192],[125.2206,-14.9486,9.9952],[125.2149,-14.9428,0.0],[125.2133,-14.9454,14.1555],[125.2171,-14.9486,15.8144],[125.2146,-14.9506,3.2259],[125.2132,-14.9488,0.373],[125.2123,-14.9501,0.5681],[125.2136,-14.9518,7.1566],[125.2099,-14.95,7.0343],[125.2108,-14.9472,0.0],[125.2078,-14.9472,0.0],[125.2097,-14.9533,0.0],[125.2129,-14.9566,16.4317],[125.2116,-14.9576,9.6086],[125.2129,-14.9598,20.3792],[125.2098,-14.9592,0.0],[125.214,-14.963,29.5757],[125.2127,-14.9624,23.0137],[125.2117,-14.9648,6.3581],[125.2136,-14.9655,23.2803],[125.2133,-14.9693,12.7996],[125.2225,-14.9705,2.1306],[125.2233,-14.969,0.0],[125.2198,-14.9648,3.1526],[125.2221,-14.9637,14.2257],[125.2236,-14.967,1.8166],[125.2277,-14.9689,0.0],[125.227,-14.9671,7.2875],[125.2286,-14.9674,0.0],[125.2276,-14.966,7.8788],[125.23,-14.9642,0.0],[125.2295,-14.9621,8.5342],[125.2321,-14.963,0.0],[125.2316,-14.9606,11.7147],[125.2334,-14.9609,8.9932],[125.2327,-14.964,0.0],[125.2342,-14.9653,0.0],[125.234,-14.9605,8.9932],[125.2349,-14.9625,1.8717],[125.2373,-14.9618,1.2019],[125.237,-14.9595,15.1438],[125.2397,-14.9559,0.0],[125.2386,-14.9494,2.1256],[125.2416,-14.9451,0.0],[125.2396,-14.9423,2.4534],[125.2485,-14.9454,10.3163],[125.2526,-14.944,2.5826],[125.2533,-14.9457,-0.0475],[125.2564,-14.9452,0.9332],[125.2577,-14.9438,4.8728],[125.2582,-14.9453,3.2923],[125.2624,-14.9459,6.4783],[125.2566,-14.9471,4.1846],[125.2554,-14.9574,11.7618],[125.251,-14.9615,1.2845],[125.2521,-14.9633,10.8878],[125.2504,-14.9655,6.1172],[125.2544,-14.9784,7.5255],[125.2578,-14.9788,2.0404],[125.2599,-14.9755,12.2695],[125.2624,-14.9771,3.3048],[125.2651,-14.9761,2.5166],[125.265,-14.9739,0.2732],[125.2626,-14.9743,1.7942],[125.2644,-14.9709,0.0],[125.2631,-14.9701,0.4967],[125.2637,-14.9672,1.3601],[125.2677,-14.9652,0.734],[125.2685,-14.9614,0.2255],[125.2712,-14.9596,0.2473],[125.2787,-14.9593,4.558],[125.2808,-14.9624,5.7518],[125.2886,-14.966,11.4339],[125.293,-14.9617,2.0884],[125.30029999999999,-14.9612,108.9896],[125.3023,-14.9627,19.4164],[125.3046,-14.9616,20.1138],[125.3049,-14.9638,0.0],[125.2978,-14.9684,32.9392],[125.2985,-14.9738,8.4221],[125.296,-14.9766,1.0461],[125.284,-14.9747,7.8337],[125.2781,-14.9788,0.0],[125.2791,-14.9831,13.7396],[125.2855,-14.9847,10.471],[125.2839,-14.9871,0.0],[125.2854,-14.9879,16.6482],[125.2837,-14.9895,0.0],[125.2831,-14.9947,7.2499],[125.2856,-14.9992,13.1493],[125.287,-15.0003,0.0],[125.2884,-14.9983,16.2135],[125.2955,-14.9959,50.3099],[125.3017,-15.0034,0.0],[125.302,-14.9971,11.1918],[125.3036,-14.9963,16.041],[125.3099,-15.0038,4.7447],[125.3113,-15.0026,33.0552],[125.3187,-15.0059,43.0099],[125.3217,-15.0003,30.4934],[125.3276,-15.0004,15.3896],[125.328,-14.9924,12.2592],[125.3304,-14.9923,18.3246],[125.3353,-14.9872,3.7793],[125.3395,-14.9868,0.8898],[125.3388,-14.9913,0.0],[125.34,-14.9933,2.899],[125.3376,-14.9966,0.0],[125.3373,-15.0026,19.3529],[125.3426,-15.0031,0.0],[125.3472,-15.0009,20.808],[125.3496,-15.0021,8.9198],[125.3529,-15.0089,16.7601],[125.3635,-15.0058,1.996],[125.3662,-14.9973,4.536],[125.3654,-14.9914,7.0875],[125.3683,-14.9955,6.8426],[125.3711,-14.9967,12.0353],[125.3746,-15.0102,0.9598],[125.3791,-15.0139,1.4166],[125.3827,-15.0253,11.4723],[125.3815,-15.0294,10.8546],[125.3859,-15.0326,35.449],[125.4042,-15.0289,0.0],[125.4094,-15.0251,4.0807],[125.412,-15.0186,7.6044],[125.4103,-15.0123,1.0298],[125.4082,-15.0114,6.751],[125.4102,-15.0103,0.0],[125.409,-14.9986,4.1125],[125.4133,-14.9986,4.9093],[125.4141,-15.012,12.1528],[125.4176,-15.0133,0.9424],[125.4154,-15.0145,0.0],[125.4186,-15.0151,53.5511],[125.4188,-15.0197,4.4921],[125.421,-15.0217,9.316],[125.4295,-15.02,0.0],[125.4347,-15.0165,17.053],[125.4439,-15.0139,7.1549],[125.4468,-15.0072,2.318],[125.4414,-14.9994,7.7894],[125.4426,-14.9991,7.7894],[125.4484,-15.0071,0.0],[125.4499,-14.9999,1.5531],[125.455,-14.998,6.7251],[125.4587,-14.9993,23.0314],[125.4632,-14.9948,4.8802],[125.4715,-14.9925,28.6267],[125.4708,-14.9964,0.0],[125.4751,-15.0015,0.0],[125.4789,-14.9986,5.7362],[125.4816,-14.9986,0.0],[125.478,-15.0033,4.3454],[125.4748,-15.0048,1.7873],[125.4694,-15.0039,8.3749],[125.4688,-15.0005,3.9527],[125.467,-14.9992,0.0],[125.4624,-15.0002,2.7745],[125.459,-15.0056,8.3396],[125.4571,-15.0061,0.7009],[125.4566,-15.0078,3.1465],[125.4581,-15.0084,6.4426],[125.4559,-15.0102,1.6299],[125.462,-15.0088,5.7937],[125.4586,-15.0115,4.5922],[125.4626,-15.0115,7.3449],[125.4581,-15.0131,5.845],[125.4593,-15.0149,7.6408],[125.4554,-15.0138,0.0],[125.4568,-15.0171,6.8928],[125.4535,-15.0163,4.6723],[125.4536,-15.0186,5.2238],[125.4468,-15.0201,0.235],[125.4465,-15.0218,2.5577],[125.4369,-15.0225,0.0],[125.4349,-15.0257,16.9198],[125.433,-15.0249,2.1744],[125.4284,-15.0268,0.0],[125.4195,-15.0337,2.0842],[125.4174,-15.039,4.4934],[125.4178,-15.0416,20.0848],[125.4141,-15.0419,9.5788],[125.4115,-15.0475,0.0],[125.4061,-15.0482,1.9786],[125.4019,-15.0425,0.0],[125.3983,-15.045,42.1194],[125.3978,-15.0488,4.9991],[125.3942,-15.0473,0.0],[125.3843,-15.0522,6.5425],[125.3877,-15.0548,97.5438],[125.387,-15.0565,49.5954],[125.3828,-15.0578,0.0],[125.3755,-15.0527,4.2002],[125.3728,-15.0591,1.4901],[125.3674,-15.0625,64.3788],[125.3701,-15.0737,15.9741],[125.3845,-15.0694,13.1793],[125.3856,-15.0713,0.5654],[125.3901,-15.0715,0.726],[125.3949,-15.0691,3.6948],[125.3943,-15.0706,0.2262],[125.3963,-15.0706,0.1611],[125.4021,-15.0638,9.3243],[125.3994,-15.0673,2.9974],[125.4002,-15.0728,0.0],[125.3978,-15.077,0.0848],[125.4007,-15.0765,3.6386],[125.3977,-15.0797,0.4876],[125.3982,-15.082,3.8972],[125.4019,-15.0847,0.0],[125.4002,-15.089,0.0],[125.3851,-15.0983,0.0],[125.3823,-15.1023,0.0],[125.3782,-15.1031,6.8953],[125.3765,-15.1015,19.8744],[125.3731,-15.1033,2.2476],[125.373,-15.1056,3.7376],[125.3764,-15.1064,0.8505],[125.3775,-15.1088,6.1668],[125.3736,-15.1097,0.4085],[125.3711,-15.1051,3.7376],[125.368,-15.1038,0.9528],[125.3577,-15.1084,0.0],[125.3642,-15.1104,18.0897],[125.3687,-15.1091,10.1767],[125.3764,-15.1142,0.2779],[125.3805,-15.1123,5.8769],[125.3759,-15.117,3.3867],[125.3932,-15.1234,3.2493],[125.3937,-15.1293,0.0],[125.3971,-15.1317,8.2758],[125.3997,-15.1304,7.3646],[125.4007,-15.1321,3.1493],[125.4068,-15.1326,6.7593],[125.4095,-15.1309,7.7832],[125.4104,-15.133,0.0],[125.4193,-15.1295,7.3589],[125.4335,-15.1308,12.9591],[125.4516,-15.1289,4.2387],[125.4555,-15.1302,9.6917],[125.4593,-15.1346,0.0],[125.4648,-15.1362,10.3248],[125.4796,-15.1362,8.4907],[125.4793,-15.134,8.0812],[125.4842,-15.1394,6.6742],[125.4813,-15.1548,1.0517],[125.4788,-15.1561,0.9039],[125.4722,-15.1525,0.0],[125.4609,-15.1494,0.0],[125.4479,-15.1501,5.8745],[125.4462,-15.1536,6.5192],[125.446,-15.1496,8.4202],[125.4431,-15.1487,0.0],[125.4321,-15.1529,0.0],[125.4258,-15.1531,8.0024],[125.4173,-15.1577,0.0],[125.4119,-15.1576,0.0],[125.3983,-15.1523,0.2727],[125.3854,-15.1442,0.9886],[125.3783,-15.1426,0.0],[125.372,-15.1446,5.2726],[125.3717,-15.1504,6.3253],[125.368,-15.1529,0.0],[125.3682,-15.1559,4.5539],[125.3565,-15.1509,0.8449],[125.3528,-15.1517,14.0042],[125.3521,-15.1492,0.0],[125.3507,-15.1505,7.2971],[125.346,-15.1431,6.4974],[125.3415,-15.1465,17.5308],[125.3382,-15.1471,2.5757],[125.3359,-15.1456,0.0],[125.3355,-15.1491,7.9732],[125.3344,-15.147,3.9252],[125.3316,-15.1465,0.0],[125.3389,-15.1606,3.7776],[125.3349,-15.1629,0.0],[125.3291,-15.1592,0.2544],[125.3253,-15.1525,0.0],[125.3231,-15.152,2.971],[125.3181,-15.1545,0.0],[125.3166,-15.1531,4.9584],[125.3151,-15.1547,34.7818],[125.3108,-15.152,6.202],[125.3068,-15.1516,1.6928],[125.3083,-15.149,1.7232],[125.3059,-15.1422,0.0],[125.303,-15.1466,1.0398],[125.3014,-15.1463,1.0398],[125.2998,-15.1426,0.0],[125.2954,-15.1458,4.1443],[125.2929,-15.1454,4.7794],[125.2909,-15.1429,0.0],[125.2823,-15.1436,0.98],[125.2792,-15.1321,32.5218],[125.2845,-15.1203,0.0],[125.2847,-15.1157,0.0],[125.2872,-15.113,0.0],[125.2897,-15.0997,0.0],[125.2848,-15.0993,0.0],[125.2837,-15.1006,5.433],[125.2811,-15.0975,0.0],[125.2747,-15.1024,9.5236],[125.2742,-15.1091,4.8456],[125.2722,-15.1098,1.6795],[125.271,-15.1137,4.3714],[125.265,-15.1127,0.0],[125.266,-15.1,2.5602],[125.2624,-15.0995,0.0],[125.26,-15.1036,4.8417],[125.2578,-15.1044,0.0],[125.2542,-15.1022,0.0],[125.242,-15.1043,0.0],[125.2405,-15.1054,0.0],[125.2411,-15.1078,0.0],[125.2445,-15.113,2.1426],[125.2427,-15.1129,0.5296],[125.2405,-15.109,0.0],[125.2389,-15.1098,1.3317],[125.2376,-15.1086,0.738],[125.2405,-15.1025,0.0],[125.2375,-15.1018,0.0],[125.2364,-15.1041,0.1003],[125.236,-15.1019,0.0],[125.2336,-15.104,0.0],[125.2331,-15.1022,-0.073],[125.231,-15.1022,0.0],[125.2278,-15.1061,2.5914],[125.2281,-15.103,1.8729],[125.2254,-15.1034,0.0],[125.2238,-15.108,0.3115],[125.227,-15.1138,2.8812],[125.2233,-15.1108,0.538],[125.222,-15.1063,0.515],[125.2181,-15.1091,0.0],[125.2234,-15.113,1.7205],[125.2205,-15.1131,3.6395],[125.2165,-15.1099,0.0],[125.215,-15.1124,-0.0188],[125.2195,-15.115,1.2886],[125.2147,-15.1134,0.0731],[125.2125,-15.1164,0.0],[125.2192,-15.1181,3.1316],[125.2189,-15.1198,1.5838],[125.2238,-15.1196,2.725],[125.2243,-15.1212,2.725],[125.2203,-15.1239,4.1531],[125.217,-15.12,1.0212],[125.212,-15.1183,1.1813],[125.2097,-15.1193,0.0],[125.2105,-15.121,0.4576],[125.2085,-15.1195,0.0],[125.2055,-15.1207,0.0],[125.2093,-15.1233,0.0426],[125.2088,-15.1251,2.1666],[125.207,-15.1254,1.5942],[125.2072,-15.1233,2.1741],[125.2046,-15.1216,0.4022],[125.2043,-15.1249,1.6177],[125.2009,-15.1226,0.0],[125.1972,-15.1232,2.8227],[125.1932,-15.1274,0.0],[125.1922,-15.1265,0.0],[125.1907,-15.1278,0.0],[125.1902,-15.131,0.4692],[125.1877,-15.1323,0.4475],[125.1796,-15.131,3.2547],[125.1773,-15.1289,0.0],[125.1755,-15.1311,0.0],[125.1743,-15.1301,0.0],[125.1728,-15.1354,0.0],[125.1754,-15.138,1.9812],[125.173,-15.1401,0.0],[125.1718,-15.1443,0.0],[125.1632,-15.1514,0.0],[125.1578,-15.1486,0.0],[125.1583,-15.1432,0.1951],[125.1525,-15.1406,0.5082],[125.1485,-15.1344,0.0],[125.1472,-15.1363,0.0],[125.145,-15.1347,0.5913],[125.1388,-15.118,0.0],[125.1389,-15.1105,2.3868],[125.1408,-15.1094,0.0],[125.1385,-15.1029,3.5482],[125.122,-15.0916,33.5305],[125.1234,-15.0845,0.0],[125.122,-15.0831,7.6658],[125.1195,-15.0841,28.7317],[125.1221,-15.079,31.8985],[125.1216,-15.0745,26.5613],[125.1256,-15.059,20.5554],[125.1282,-15.0564,13.9217],[125.1299,-15.0586,0.9921],[125.1334,-15.059,0.0],[125.1315,-15.0515,1.9551],[125.1257,-15.0435,3.6444],[125.1094,-15.0372,2.3024],[125.1055,-15.0332,0.0],[125.1039,-15.0385,13.5421],[125.1057,-15.0399,16.7356],[125.1056,-15.043,1.3063],[125.1037,-15.048,18.9729],[125.1023,-15.0468,0.5814],[125.1013,-15.0495,0.0],[125.0995,-15.0496,1.8261],[125.0966,-15.0563,1.7561],[125.1008,-15.0645,3.6091],[125.0953,-15.0681,1.016],[125.0775,-15.0657,0.0],[125.0768,-15.0668,0.0],[125.0724,-15.0649,3.7802],[125.075,-15.0624,1.8684],[125.0724,-15.0612,5.0168],[125.076,-15.0611,6.8354],[125.079,-15.0569,0.0],[125.0773,-15.0554,1.4259],[125.0769,-15.0482,0.8384],[125.0792,-15.0437,0.3248],[125.0835,-15.0406,0.0],[125.0795,-15.0367,0.0],[125.0739,-15.0412,0.0],[125.0673,-15.0415,1.2526],[125.0596,-15.0365,4.7556],[125.059,-15.0283,2.3345],[125.0607,-15.0249,2.0644],[125.064,-15.0245,17.2946],[125.0757,-15.0123,11.7264],[125.075,-15.0107,56.018],[125.0817,-15.0055,3.0354],[125.084,-14.9915,23.1279],[125.0869,-14.9891,91.7279],[125.0928,-14.9882,16.9082],[125.0882,-14.9822,0.0],[125.0852,-14.9828,0.0],[125.0831,-14.9853,30.4304],[125.0781,-14.9819,0.0],[125.0747,-14.9842,44.4457],[125.0787,-14.977,2.0105],[125.0764,-14.978,28.2442],[125.0743,-14.9758,0.0],[125.0703,-14.9774,2.811],[125.0704,-14.9797,34.3215],[125.0687,-14.9789,15.6435],[125.068,-14.9821,0.0],[125.065,-14.9817,4.0923],[125.0633,-14.9835,30.3028],[125.0599,-14.9826,0.0],[125.0545,-14.9881,30.3018],[125.0538,-14.9911,6.6777],[125.0556,-14.9998,25.1867],[125.0539,-14.9966,3.2615],[125.0524,-14.9976,3.2615],[125.053,-14.9943,1.5942],[125.0501,-14.9893,0.0],[125.0476,-14.989,23.3779],[125.0477,-14.9863,15.2398],[125.0446,-14.9844,0.0],[125.0403,-14.985,8.6836],[125.0383,-14.989,6.8903],[125.0358,-14.9903,8.7944],[125.0367,-14.992,17.4486],[125.0351,-14.9949,20.9902],[125.0331,-14.996,4.2512],[125.029,-14.9916,6.7924],[125.028,-14.9843,0.0],[125.0209,-14.9859,3.0135],[125.0197,-14.9809,0.0],[125.017,-14.9798,2.305],[125.012,-14.9832,3.0563],[125.0166,-14.9892,1.0224],[125.0224,-14.9881,6.0861],[125.0252,-14.9924,0.0],[125.0208,-14.9984,0.0],[125.019,-15.008,0.0],[125.0192,-15.0126,0.0],[125.021,-15.0128,14.2088],[125.0241,-15.0174,6.5445],[125.0235,-15.0221,2.7957],[125.0169,-15.0292,0.0],[125.0167,-15.0321,0.0],[125.0142,-15.0351,0.0],[125.0177,-15.0384,0.7716],[125.0205,-15.036,1.3013],[125.0195,-15.0343,5.8402],[125.0262,-15.0313,4.8236],[125.0282,-15.0358,10.5316],[125.0262,-15.039,7.5072],[125.0231,-15.0383,0.5366],[125.0209,-15.0399,0.0],[125.0203,-15.047,1.1792],[125.0258,-15.0539,10.5201],[125.0313,-15.0516,18.7394],[125.0355,-15.052,3.8065],[125.0294,-15.0662,0.0],[125.0373,-15.0715,3.1618],[125.0416,-15.0713,0.4139],[125.0454,-15.0731,0.3587],[125.0477,-15.0771,0.0],[125.0389,-15.0864,2.9842],[125.035,-15.1022,1.6514],[125.0311,-15.1018,0.0],[125.0324,-15.1091,5.6888],[125.0299,-15.1133,26.3551],[125.0256,-15.1133,0.0],[125.0179,-15.0999,0.0],[125.0111,-15.0935,3.1428],[125.0086,-15.1047,0.0],[125.004,-15.1053,0.0],[125.001,-15.1034,0.0],[124.9976,-15.1048,4.7631],[124.9991,-15.1069,10.9412],[124.9964,-15.1099,0.0],[124.9971,-15.1228,15.1017],[124.9931,-15.1133,0.0],[124.9911,-15.1126,0.0],[124.9877,-15.1143,0.0],[124.9859,-15.1167,2.4906],[124.9851,-15.1333,5.9748],[124.9811,-15.1265,2.1326],[124.979,-15.1336,3.9151],[124.9744,-15.1353,3.4571],[124.9668,-15.1319,0.7485],[124.9653,-15.127,1.5419],[124.969,-15.124,0.0],[124.967,-15.1225,0.0],[124.9644,-15.1249,3.3482],[124.9615,-15.1187,0.6613],[124.9587,-15.1188,0.0],[124.9567,-15.1236,0.3407],[124.9495,-15.1235,2.7114],[124.9517,-15.1132,0.4223],[124.9484,-15.1139,0.0],[124.9459,-15.118,5.5813],[124.9461,-15.1213,0.5926],[124.9473,-15.1196,8.7432],[124.9492,-15.1199,8.7432],[124.9473,-15.122,1.8874],[124.9479,-15.1234,7.6925],[124.9432,-15.1256,7.1215],[124.9394,-15.1249,5.4348],[124.9328,-15.1204,0.0],[124.9307,-15.1136,8.9848],[124.9264,-15.1087,0.0],[124.9254,-15.1147,28.0232],[124.9221,-15.1167,5.5294],[124.9104,-15.1068,6.3263],[124.9098,-15.1114,0.0],[124.9068,-15.1159,0.0],[124.9013,-15.1159,0.0],[124.8952,-15.1135,3.4006],[124.8931,-15.1143,0.0],[124.8904,-15.1191,1.8886],[124.8844,-15.1221,7.5325],[124.8844,-15.1241,9.9062],[124.8812,-15.1259,3.2712],[124.8782,-15.1253,3.6784],[124.8779,-15.1306,32.6963],[124.8744,-15.1267,2.336],[124.8707,-15.1262,0.0],[124.8676,-15.1303,15.775],[124.8693,-15.1341,19.8517],[124.8677,-15.1352,12.1331],[124.8702,-15.1431,28.9045],[124.869,-15.1449,11.5816],[124.864,-15.1433,2.9671],[124.8631,-15.1453,11.0895],[124.8609,-15.1444,0.2546],[124.8555,-15.1464,11.0274],[124.8519,-15.1555,6.1702],[124.8491,-15.1498,3.718],[124.841,-15.1598,12.5418],[124.8373,-15.156,0.0],[124.8344,-15.1573,5.4633],[124.8343,-15.1592,10.7413],[124.8361,-15.1586,21.2364],[124.8407,-15.1618,1.9028],[124.8458,-15.1627,35.633],[124.8431,-15.1663,27.9182],[124.8409,-15.166,0.2702],[124.8395,-15.169,0.8281],[124.8401,-15.1741,0.0],[124.8353,-15.1809,1.2744],[124.8381,-15.1832,1.225],[124.8425,-15.1786,0.0],[124.8447,-15.1732,8.5691],[124.8462,-15.1734,8.5691],[124.8475,-15.1779,9.2292],[124.8584,-15.1698,8.3622],[124.8615,-15.169,5.7975],[124.8592,-15.1751,33.6546],[124.8541,-15.1807,0.9819],[124.8548,-15.1836,3.3627],[124.8594,-15.1837,0.0],[124.8655,-15.1794,8.7875],[124.8678,-15.1805,0.6486],[124.8695,-15.1782,2.0338],[124.8728,-15.1783,2.1014],[124.8797,-15.1736,-0.0069],[124.8875,-15.1718,1.4749],[124.8964,-15.1734,7.0516],[124.8964,-15.1757,7.2187],[124.8947,-15.1746,3.8483],[124.8914,-15.1761,0.0],[124.8831,-15.184,0.0],[124.8786,-15.186,0.0],[124.8774,-15.1915,15.004],[124.8747,-15.1911,0.0],[124.871,-15.1939,0.0],[124.8673,-15.1929,0.0],[124.8643,-15.1949,1.3566],[124.8677,-15.2041,13.6814],[124.8728,-15.206,3.2273],[124.8779,-15.2054,3.9127],[124.8811,-15.2084,0.0],[124.879,-15.2154,5.6378],[124.8749,-15.2145,0.0],[124.8717,-15.2174,2.5909],[124.8715,-15.2211,9.1414],[124.8675,-15.2216,4.0647],[124.8659,-15.236,1.4151],[124.8688,-15.2436,3.8488],[124.8699,-15.2442,1.6892],[124.8781,-15.2363,0.2146],[124.8849,-15.2349,1.0603],[124.8918,-15.2303,4.3464],[124.8881,-15.2386,10.78],[124.886,-15.2394,1.7807],[124.8792,-15.249,6.1827],[124.8798,-15.2524,5.9864],[124.8769,-15.2521,0.6246],[124.8745,-15.2551,1.6988],[124.878,-15.2558,18.5778],[124.8781,-15.2581,17.9667],[124.8752,-15.2606,3.4162],[124.8758,-15.2619,3.2573],[124.8796,-15.2593,11.9868],[124.8888,-15.2576,6.7675],[124.8895,-15.253,12.4415],[124.8949,-15.2515,0.0],[124.8957,-15.2495,6.2719],[124.9002,-15.2495,9.44],[124.9079,-15.2457,3.4702],[124.9099,-15.239,0.0],[124.9076,-15.238,0.6009],[124.901,-15.2402,2.2945],[124.9068,-15.2346,0.14],[124.9069,-15.2306,7.672],[124.9092,-15.2318,3.1328],[124.9102,-15.229,6.6436],[124.9116,-15.23,3.3124],[124.9175,-15.2282,0.6748],[124.9188,-15.2247,2.4803],[124.9172,-15.2151,14.2405],[124.9191,-15.2181,6.9812],[124.9197,-15.2246,2.4803],[124.9207,-15.2239,30.0838],[124.923,-15.2257,4.0825],[124.9258,-15.2252,1.6533],[124.9321,-15.2194,20.6275],[124.9355,-15.2196,0.0],[124.9438,-15.2131,0.0],[124.944,-15.21,10.3514],[124.9426,-15.2086,8.2512],[124.9359,-15.2097,19.8487],[124.9428,-15.2051,9.4304],[124.9352,-15.1951,13.2364],[124.9352,-15.1874,1.0533],[124.9399,-15.1971,0.0],[124.9423,-15.1937,1.1519],[124.947,-15.2012,7.9152],[124.9518,-15.2022,7.4891],[124.9549,-15.2054,2.2426],[124.9661,-15.2073,23.0978],[124.9662,-15.2089,21.7264],[124.9694,-15.2097,0.0],[124.9711,-15.2083,5.3179],[124.9678,-15.2013,0.0],[124.9629,-15.1977,33.3338],[124.9624,-15.1952,6.6373],[124.9611,-15.1956,18.1052],[124.9634,-15.1942,17.456],[124.9646,-15.186,9.3502],[124.9712,-15.183,0.2421],[124.9701,-15.1802,0.0],[124.972,-15.1714,0.0],[124.9696,-15.1687,2.5655],[124.9708,-15.1672,0.7908],[124.9701,-15.1643,4.1087],[124.9724,-15.1642,7.1046],[124.9741,-15.1683,0.0],[124.9753,-15.1663,0.5725],[124.9763,-15.1686,0.7299],[124.9783,-15.1682,3.2259],[124.9754,-15.175,0.4737],[124.9761,-15.1763,0.0],[124.979,-15.1728,2.138],[124.9804,-15.173,0.0],[124.9827,-15.1686,2.3293],[124.984,-15.17,0.537],[124.9854,-15.1661,5.9684],[124.9848,-15.176,0.0451],[124.9892,-15.1707,1.2109],[124.9905,-15.164,2.7927],[124.9949,-15.162,4.6063],[124.9912,-15.1653,3.0321],[124.9911,-15.1675,3.3241],[124.992,-15.1715,0.0],[124.9959,-15.1705,2.4372],[124.9934,-15.1722,1.9597],[124.9947,-15.1739,5.242],[124.9873,-15.1773,0.0],[124.982,-15.191,0.0],[124.9842,-15.1965,0.9715],[124.9928,-15.1978,21.236],[125.0009,-15.1925,3.2093],[125.0073,-15.1808,26.1655],[125.0143,-15.1759,12.4615],[125.0113,-15.1678,0.0],[125.0074,-15.1664,3.155],[125.0093,-15.1653,0.0],[125.0089,-15.1638,0.0],[125.0058,-15.1633,1.027],[125.0098,-15.1614,0.0],[125.0099,-15.1576,3.3227],[125.0126,-15.159,0.111],[125.0138,-15.1545,0.4499],[125.0166,-15.158,0.0],[125.0228,-15.1562,1.8901],[125.0183,-15.163,6.3031],[125.0179,-15.1679,25.6075],[125.0202,-15.1695,46.3149],[125.0286,-15.1694,23.7277],[125.0313,-15.1636,3.0329],[125.039,-15.1644,8.9119],[125.0458,-15.1577,7.12],[125.0494,-15.1588,0.3108],[125.0473,-15.1647,0.0],[125.0486,-15.1664,0.6331],[125.056,-15.1644,0.3012],[125.0532,-15.1705,2.0706],[125.0567,-15.1773,1.1627],[125.0593,-15.1776,1.1961],[125.0602,-15.1808,0.0],[125.0495,-15.1778,0.0],[125.0486,-15.1794,0.1353],[125.0472,-15.1779,0.0],[125.0415,-15.1786,0.0],[125.0421,-15.182,2.9983],[125.0456,-15.1838,7.7745],[125.0462,-15.1822,4.2997],[125.0468,-15.1887,2.5756],[125.0375,-15.197,0.4287],[125.0343,-15.1969,0.1847],[125.0318,-15.1944,0.0],[125.0285,-15.197,1.0543],[125.0296,-15.1991,8.6151],[125.0316,-15.1989,4.0937],[125.0297,-15.2005,2.6001],[125.026,-15.2144,21.6555],[125.022,-15.2185,0.6456],[125.0199,-15.2136,0.7144],[125.0189,-15.215,1.1371],[125.0202,-15.2175,7.7092],[125.0182,-15.2206,1.0688],[125.0046,-15.2245,0.0],[125.0031,-15.2297,5.3453],[125.006,-15.2352,0.4756],[125.0056,-15.2419,3.9268],[124.995,-15.2377,0.0],[124.9815,-15.2242,0.0],[124.9721,-15.2272,25.5218],[124.9792,-15.2199,20.1455],[124.9753,-15.2162,0.0],[124.9721,-15.2171,24.6691],[124.9714,-15.2135,24.024],[124.9695,-15.2122,6.9553],[124.9651,-15.2126,2.573],[124.9602,-15.2167,20.0378],[124.9604,-15.2192,19.8152],[124.9515,-15.2251,13.5342],[124.9436,-15.2282,14.4353],[124.9403,-15.2275,2.9433],[124.9392,-15.2242,0.0],[124.936,-15.2243,0.0],[124.9274,-15.2292,0.3428],[124.9272,-15.2337,4.5034],[124.9334,-15.2311,20.4968],[124.9187,-15.2453,8.6109],[124.9211,-15.2476,15.0759],[124.9319,-15.2474,1.3035],[124.9306,-15.2505,0.9636],[124.9232,-15.2518,3.7212],[124.9188,-15.2546,4.3766],[124.9222,-15.2601,0.0],[124.9203,-15.262,1.1817],[124.9192,-15.261,0.1412],[124.9186,-15.2644,0.4797],[124.9228,-15.2705,1.7718],[124.9179,-15.2668,0.8827],[124.9141,-15.2712,11.6414],[124.9146,-15.2636,0.0],[124.9111,-15.2624,5.8155],[124.9135,-15.2588,0.0],[124.913,-15.2564,0.0],[124.9046,-15.2555,3.0855],[124.9017,-15.2598,0.0],[124.9051,-15.2654,6.2678],[124.9046,-15.2757,22.1221],[124.9033,-15.269,0.0],[124.9017,-15.2701,17.0055],[124.8988,-15.2692,1.1481],[124.8938,-15.2718,35.159],[124.8947,-15.2779,66.6185],[124.8912,-15.2754,0.0],[124.8904,-15.2784,14.2772],[124.8864,-15.2804,13.5062],[124.8858,-15.2896,62.2374],[124.8829,-15.2932,1.6131],[124.8793,-15.2932,8.3601],[124.8789,-15.3008,10.0806],[124.8776,-15.2999,10.0806],[124.8761,-15.302,0.0],[124.8761,-15.3053,0.0],[124.8801,-15.3105,9.5167],[124.8835,-15.3103,0.0],[124.8884,-15.3063,0.0],[124.8952,-15.3054,0.9632],[124.8884,-15.3128,0.0],[124.883,-15.3159,0.0],[124.8915,-15.3277,11.3931],[124.8961,-15.3264,0.0],[124.8941,-15.3225,0.8421],[124.898,-15.3223,1.2888],[124.8984,-15.3249,0.0],[124.9018,-15.3187,9.0033],[124.903,-15.3184,2.646],[124.9032,-15.3205,0.3115],[124.9068,-15.3174,10.1034],[124.9025,-15.3251,1.0754],[124.9042,-15.3257,0.208],[124.9071,-15.3233,0.4256],[124.9087,-15.3247,13.674],[124.9063,-15.3281,32.8341],[124.9024,-15.3296,1.3913],[124.9078,-15.335,3.5951],[124.9015,-15.3337,0.0],[124.8998,-15.3348,26.8806],[124.8982,-15.3321,0.7711],[124.8963,-15.3345,11.9718],[124.8979,-15.3399,28.9341],[124.9064,-15.3471,39.0858],[124.9118,-15.349,20.2005],[124.913,-15.3512,60.7245],[124.9117,-15.3529,0.0],[124.9201,-15.3565,0.0],[124.9309,-15.3462,56.5519],[124.9382,-15.3482,2.0303],[124.9442,-15.3414,0.0],[124.9524,-15.3413,7.1925],[124.9577,-15.3357,10.9786],[124.9644,-15.3357,0.0],[124.9687,-15.3299,5.9658],[124.9752,-15.3306,19.7694],[124.9791,-15.3294,31.4476],[124.9836,-15.325,0.0],[124.9842,-15.32,0.0],[124.9946,-15.3191,3.9637],[125.0008,-15.3119,4.7284],[125.0075,-15.3112,31.7838],[125.0121,-15.3074,16.7471],[125.0149,-15.3086,5.5758],[125.0165,-15.3057,36.6522],[125.0264,-15.3003,0.0],[125.0314,-15.2904,13.2673],[125.0307,-15.2748,2.8879],[125.0319,-15.2754,6.6554],[125.0319,-15.2804,0.1258],[125.0349,-15.2882,0.0],[125.045,-15.2839,2.4591],[125.0396,-15.2885,0.0],[125.0416,-15.2899,0.6278],[125.036,-15.2955,17.5831],[125.0396,-15.3014,0.0],[125.0521,-15.3024,1.9499],[125.0613,-15.3142,2.5366],[125.0654,-15.3162,1.5229],[125.0813,-15.3144,1.8822],[125.083,-15.3101,6.4978],[125.0839,-15.3121,4.6925],[125.0859,-15.3117,4.2062],[125.0881,-15.3089,3.7149],[125.0873,-15.307,8.6705],[125.0894,-15.3083,0.0],[125.0903,-15.3072,3.2738],[125.0929,-15.3003,5.4476],[125.089,-15.2995,9.3871],[125.093,-15.2985,7.746],[125.0925,-15.2957,8.0796],[125.0943,-15.2949,3.2302],[125.0943,-15.292,7.5311],[125.0913,-15.2894,5.1327],[125.0865,-15.2924,5.6636],[125.0798,-15.2909,7.6912],[125.0875,-15.2902,5.1144],[125.0886,-15.2873,5.0339],[125.0868,-15.2838,7.9395],[125.095,-15.2897,2.3595],[125.0957,-15.2831,0.0],[125.0943,-15.28,4.1627],[125.0908,-15.2775,6.9412],[125.092,-15.2768,1.7135],[125.0907,-15.2747,4.8566],[125.0868,-15.2731,6.7139],[125.0888,-15.2723,1.7221],[125.0856,-15.2699,4.9813],[125.0856,-15.2678,2.1989],[125.0835,-15.2673,4.0747],[125.0852,-15.266,0.0],[125.0838,-15.264,2.5742],[125.0821,-15.2642,6.3704],[125.083,-15.2619,18.9666],[125.0807,-15.2588,3.8451],[125.081,-15.2556,1.062],[125.0734,-15.2539,4.2022],[125.0797,-15.2532,1.0055],[125.0775,-15.2477,4.2685],[125.0818,-15.2546,1.062],[125.0838,-15.2554,6.5547],[125.0831,-15.2579,8.0103],[125.0866,-15.2644,1.5895],[125.0888,-15.2577,1.8887],[125.0872,-15.2524,2.5486],[125.0896,-15.2512,4.4039],[125.09,-15.2478,5.5467],[125.0905,-15.2512,4.4039],[125.0884,-15.2533,4.5745],[125.0908,-15.2576,4.3171],[125.0881,-15.2668,3.8383],[125.0904,-15.2696,0.0],[125.0921,-15.2658,3.4608],[125.0943,-15.265,4.8692],[125.0912,-15.2707,0.0],[125.097,-15.2702,3.8326],[125.0926,-15.2719,1.6195],[125.0939,-15.2743,3.9336],[125.0964,-15.2731,3.5113],[125.0957,-15.2758,3.5746],[125.0991,-15.2734,3.8574],[125.0967,-15.2783,3.7559],[125.1003,-15.2859,3.266],[125.1038,-15.2786,0.0],[125.1026,-15.2772,2.9077],[125.105,-15.2688,1.692],[125.1033,-15.2665,5.8232],[125.1059,-15.267,0.0],[125.1051,-15.2614,4.4083],[125.1139,-15.2609,1.6823],[125.1189,-15.2556,7.6518],[125.1179,-15.2595,4.0002],[125.1125,-15.2623,2.0834],[125.1077,-15.2631,6.2809],[125.1086,-15.2644,6.2809],[125.107,-15.2704,2.8145],[125.1083,-15.2712,5.6952],[125.1061,-15.2725,3.3857],[125.1051,-15.2833,1.8585],[125.1082,-15.2841,5.4339],[125.1039,-15.2863,7.3534],[125.1019,-15.2904,3.8904],[125.1033,-15.2913,1.9595],[125.102,-15.2925,1.9595],[125.1025,-15.2994,2.6644],[125.11,-15.2924,5.716],[125.1019,-15.3026,1.6565],[125.1058,-15.3024,1.2533],[125.1063,-15.301,5.3599],[125.1078,-15.3021,1.0626],[125.111,-15.3001,4.7802],[125.1155,-15.302,4.3683],[125.1158,-15.3032,6.876],[125.1127,-15.3019,2.1584],[125.1107,-15.3067,6.7598],[125.1095,-15.3027,1.0626],[125.1029,-15.3055,0.0],[125.0992,-15.3142,0.5862],[125.0993,-15.3161,1.4979],[125.1058,-15.3179,7.3446],[125.1089,-15.3168,4.8265],[125.1103,-15.3146,6.4647],[125.1101,-15.3202,6.6504],[125.1087,-15.3185,1.8869],[125.1051,-15.3189,3.2961],[125.1055,-15.3218,7.2947],[125.1035,-15.319,4.873],[125.1015,-15.3204,7.3255],[125.1019,-15.3182,4.873],[125.0984,-15.3185,3.5989],[125.0907,-15.3296,1.898],[125.0886,-15.3377,1.8543],[125.094,-15.3385,2.2474],[125.1015,-15.3353,1.7741],[125.1009,-15.3342,5.9619],[125.103,-15.3342,7.5894],[125.1034,-15.3323,9.3757],[125.1059,-15.3332,0.0],[125.1068,-15.3305,6.2196],[125.108,-15.3323,3.1475],[125.1104,-15.3293,6.7172],[125.1118,-15.331,5.25],[125.1188,-15.3289,6.4564],[125.1161,-15.3221,6.6679],[125.117,-15.3193,8.3015],[125.1175,-15.322,6.6679],[125.1197,-15.3235,4.8036],[125.1207,-15.3288,2.1281],[125.1226,-15.3268,6.7123],[125.1266,-15.3266,1.27],[125.1271,-15.323,4.511],[125.1248,-15.3166,4.1278],[125.1287,-15.324,6.5128],[125.132,-15.3212,3.4631],[125.1312,-15.3157,7.7495],[125.1333,-15.3158,7.4319],[125.1333,-15.3195,6.4505],[125.1368,-15.3169,7.8501],[125.1337,-15.3224,6.6427],[125.1284,-15.3273,0.855],[125.1305,-15.3278,6.3799],[125.1352,-15.3274,6.799],[125.1383,-15.3245,8.3848],[125.1386,-15.3264,0.0],[125.1444,-15.3231,4.6745],[125.1434,-15.3179,7.9417],[125.1458,-15.3204,7.466],[125.1455,-15.3234,1.7708],[125.1496,-15.3221,0.9887],[125.1465,-15.3141,6.5752],[125.1498,-15.3166,5.0224],[125.149,-15.3145,8.4501],[125.1507,-15.3148,5.6263],[125.1505,-15.3195,5.3307],[125.1522,-15.321,6.8532],[125.1504,-15.3224,0.9887],[125.1525,-15.3224,6.9476],[125.154,-15.3207,6.1322],[125.1525,-15.3128,7.8917],[125.1537,-15.3141,7.5684],[125.1558,-15.3132,6.7762],[125.1551,-15.3082,6.2539],[125.1577,-15.3061,7.8433],[125.1563,-15.3095,6.2539],[125.157,-15.3132,6.7762],[125.1546,-15.3154,2.5249],[125.1548,-15.3174,2.8995],[125.1553,-15.3184,2.3151],[125.1567,-15.3164,6.8452],[125.1578,-15.3112,7.5735],[125.1604,-15.3101,7.0511],[125.1589,-15.3116,6.041],[125.1604,-15.3128,5.9528],[125.1584,-15.3164,3.5727],[125.1626,-15.317,6.1433],[125.156,-15.3191,2.3151],[125.1551,-15.3214,1.0206],[125.1582,-15.3204,7.432],[125.1603,-15.3225,8.8237],[125.163,-15.321,8.7636],[125.1607,-15.3242,4.5848],[125.1564,-15.3235,0.0],[125.1601,-15.3255,6.3876],[125.1581,-15.3259,5.6815],[125.1586,-15.3289,7.1375],[125.1622,-15.3311,9.3978],[125.1641,-15.3306,8.6364],[125.1621,-15.3323,5.3158],[125.16,-15.3301,4.0392],[125.1591,-15.3353,6.5713],[125.1573,-15.3324,4.9173],[125.1588,-15.3305,1.7459],[125.1566,-15.3294,7.84],[125.156,-15.3246,7.7716],[125.1443,-15.3265,3.6869],[125.1388,-15.3313,3.4923],[125.1425,-15.3319,2.932],[125.1443,-15.3297,7.0421],[125.1444,-15.3327,4.87],[125.1521,-15.3325,7.3799],[125.149,-15.3344,6.1674],[125.1445,-15.3339,0.4969],[125.1448,-15.3367,5.168],[125.1466,-15.3376,5.168],[125.1448,-15.3384,6.101],[125.1441,-15.3427,3.8632],[125.147,-15.3452,5.4712],[125.1462,-15.3462,6.0792],[125.1442,-15.3449,3.8082],[125.1438,-15.3479,5.555],[125.1424,-15.3451,5.4909],[125.1439,-15.3375,1.475],[125.143,-15.3344,0.4969],[125.1405,-15.3331,7.0375],[125.1394,-15.3338,7.0375],[125.1414,-15.3364,8.614],[125.1407,-15.3376,8.614],[125.1377,-15.3345,0.0],[125.1385,-15.3375,4.3006],[125.1373,-15.3394,5.2217],[125.1379,-15.3374,4.3006],[125.1357,-15.3356,0.0],[125.1331,-15.3369,6.9636],[125.1274,-15.3353,2.1244],[125.1203,-15.337,5.8403],[125.119,-15.3361,0.0],[125.1157,-15.3392,6.4463],[125.1148,-15.3375,0.0],[125.1113,-15.3389,0.0],[125.103,-15.3445,0.0],[125.1034,-15.3461,0.942],[125.1079,-15.347,7.8293],[125.1062,-15.3485,7.0481],[125.1051,-15.3469,5.6607],[125.103,-15.3478,5.4963],[125.1018,-15.3452,0.942],[125.0983,-15.3481,4.1943],[125.0978,-15.3521,9.6383],[125.0962,-15.3495,1.2455],[125.0909,-15.355,1.2519],[125.0883,-15.3648,2.0923],[125.0888,-15.3695,1.9382],[125.09,-15.3709,4.4533],[125.095,-15.3713,6.1729],[125.0891,-15.3727,0.5424],[125.0843,-15.3777,0.0],[125.0868,-15.3827,0.0],[125.0839,-15.4049,2.9617],[125.0808,-15.4102,0.0],[125.0825,-15.4123,3.4818],[125.0804,-15.4121,0.4632],[125.0774,-15.4224,0.3853],[125.0701,-15.4319,3.9213],[125.07,-15.4402,3.3672],[125.0798,-15.4457,3.4519],[125.081,-15.4437,7.7891],[125.0877,-15.4415,20.818],[125.0817,-15.445,6.8803],[125.0817,-15.4464,4.8469],[125.1019,-15.4634,3.6749],[125.1068,-15.4621,6.2347],[125.1054,-15.4644,5.3434],[125.1068,-15.4659,5.269],[125.1163,-15.4675,6.3003],[125.1314,-15.482,5.6339],[125.1378,-15.4836,3.5017],[125.139,-15.4817,3.2383],[125.1415,-15.4819,14.4777],[125.1373,-15.4846,0.0],[125.1389,-15.4867,13.6744],[125.1401,-15.4858,10.1026],[125.1422,-15.4931,1.9378],[125.1461,-15.4971,0.0],[125.158,-15.5039,4.109],[125.1626,-15.51,1.6573],[125.1713,-15.5162,21.8569],[125.1747,-15.5152,4.5068],[125.1885,-15.522,24.6034],[125.1901,-15.5293,0.4253],[125.1992,-15.5375,8.4932],[125.2071,-15.541,15.1607],[125.2171,-15.5534,1.367],[125.2208,-15.5532,6.2171],[125.2251,-15.5448,1.9113],[125.2239,-15.5396,6.22],[125.2259,-15.54,8.0445],[125.2249,-15.5408,6.22],[125.2269,-15.5453,1.9113],[125.2249,-15.5499,0.9634],[125.2285,-15.5521,6.0545],[125.2251,-15.5513,6.4629],[125.2252,-15.5528,6.4629],[125.2389,-15.5653,13.167],[125.2445,-15.573,0.0],[125.2468,-15.5705,12.0152],[125.2463,-15.574,13.2858],[125.2549,-15.5809,9.9992],[125.2599,-15.5795,37.0537],[125.2714,-15.5881,0.0],[125.2786,-15.5838,6.3778],[125.2797,-15.5817,14.6367],[125.2812,-15.5834,16.1003],[125.2876,-15.5836,17.4953],[125.2781,-15.5853,9.7234],[125.2767,-15.5881,0.0],[125.279,-15.5923,4.1603],[125.2938,-15.6041,9.408],[125.297,-15.6048,0.0],[125.3007,-15.6138,9.3647],[125.3194,-15.6266,0.5],[125.3201,-15.6241,14.6453],[125.3221,-15.6287,8.2841],[125.3367,-15.6363,9.747],[125.3418,-15.6411,33.5187],[125.3446,-15.6413,22.6599],[125.3614,-15.6547,11.203],[125.3659,-15.6566,5.0264],[125.3697,-15.6612,34.7081],[125.376,-15.6641,4.5625],[125.3797,-15.6684,3.727],[125.395,-15.6761,67.6755],[125.4013,-15.6823,10.5693],[125.4092,-15.6863,13.7345],[125.4211,-15.6961,37.3236],[125.4015,-15.6835,65.4116],[125.3903,-15.6742,4.0805],[125.3816,-15.671,5.9432],[125.3752,-15.6647,38.285],[125.3672,-15.6612,4.7675],[125.3527,-15.6499,13.2586],[125.3508,-15.6502,46.6374],[125.3509,-15.6485,3.4143],[125.3387,-15.6417,31.8116],[125.3311,-15.6352,29.6301],[125.3086,-15.6221,8.1783],[125.3054,-15.6228,19.8756],[125.3053,-15.62,0.0],[125.3001,-15.6167,27.8992],[125.297,-15.6131,44.6059],[125.2964,-15.6096,13.6113],[125.291,-15.6047,11.0948],[125.2847,-15.6028,0.0],[125.2827,-15.6039,11.4937],[125.2829,-15.6026,0.0],[125.2751,-15.5969,9.5339],[125.2712,-15.5977,9.9145],[125.2703,-15.5936,0.0],[125.2606,-15.587,11.6243],[125.2543,-15.5856,9.3731],[125.2552,-15.5837,4.0462],[125.2536,-15.582,6.2056],[125.2454,-15.5783,2.8681],[125.2439,-15.5795,2.8681],[125.2385,-15.5753,15.348],[125.2346,-15.5734,5.4817],[125.2342,-15.5747,18.4449],[125.2332,-15.5724,0.0],[125.2274,-15.5706,0.8391],[125.2253,-15.5723,5.8932],[125.2252,-15.5672,0.0],[125.2209,-15.5668,8.68],[125.2154,-15.5601,10.4485],[125.2162,-15.5625,7.3348],[125.2142,-15.5618,7.7122],[125.2154,-15.557,0.0],[125.2025,-15.5482,0.0],[125.2042,-15.5463,0.0],[125.2022,-15.5439,0.0],[125.1811,-15.5316,4.2445],[125.1755,-15.5322,1.1039],[125.1747,-15.5343,2.6585],[125.1612,-15.5186,5.7496],[125.1409,-15.5091,15.1012],[125.1436,-15.505,5.6969],[125.1432,-15.5012,0.0],[125.1374,-15.4954,1.7106],[125.1322,-15.4935,4.6558],[125.1274,-15.4889,2.0515],[125.1223,-15.4909,7.5174],[125.1287,-15.4947,24.362],[125.1212,-15.4915,15.7691],[125.1214,-15.4897,5.4656],[125.1251,-15.4875,0.0],[125.1231,-15.4842,0.0],[125.1042,-15.472,0.0],[125.1027,-15.473,7.5513],[125.1032,-15.4752,7.1617],[125.1023,-15.4747,7.1617],[125.1006,-15.4706,1.2069],[125.0957,-15.4677,0.0],[125.0901,-15.469,7.1379],[125.0918,-15.4654,1.358],[125.0887,-15.4632,2.3338],[125.0822,-15.463,6.9927],[125.0762,-15.4592,0.0],[125.0764,-15.4612,7.2784],[125.0733,-15.4592,0.0],[125.0668,-15.4605,2.5499],[125.0654,-15.463,7.7826],[125.065,-15.4604,1.254],[125.0626,-15.4609,0.7469],[125.0522,-15.4683,5.0915],[125.0492,-15.4726,0.7148],[125.0523,-15.4826,9.8194],[125.0508,-15.482,7.6464],[125.0479,-15.4734,0.0],[125.0469,-15.4738,0.0],[125.0427,-15.4803,0.0],[125.0417,-15.4864,0.0],[125.0445,-15.4913,4.8742],[125.0472,-15.4915,8.5998],[125.0457,-15.4925,4.8742],[125.0485,-15.4948,4.3454],[125.0516,-15.4944,9.6216],[125.0548,-15.4986,7.1773],[125.045,-15.497,1.4282],[125.0484,-15.5036,5.1575],[125.0458,-15.5047,3.8608],[125.0442,-15.5115,7.6101],[125.043,-15.5081,9.4871],[125.0449,-15.5022,0.0],[125.0399,-15.4979,0.0],[125.0359,-15.4989,2.0538],[125.0376,-15.5032,4.6364],[125.0338,-15.5009,0.0],[125.0309,-15.5044,0.0],[125.0304,-15.5117,2.3805],[125.0334,-15.5179,0.0],[125.0351,-15.519,6.7724],[125.0352,-15.5163,7.1847],[125.0376,-15.5209,7.6993],[125.0426,-15.5181,6.6109],[125.0443,-15.5189,7.8899],[125.0395,-15.5218,3.5282],[125.0358,-15.5223,0.0],[125.0325,-15.5206,6.7915],[125.0301,-15.5138,0.0],[125.0311,-15.5184,4.6367],[125.0294,-15.5222,7.1618],[125.0268,-15.5176,5.8257],[125.028,-15.5146,0.0],[125.0268,-15.5111,0.0],[125.0245,-15.5144,0.0],[125.0221,-15.5148,0.0],[125.0232,-15.5162,0.0],[125.0207,-15.5178,0.0764],[125.0227,-15.5196,7.2115],[125.0196,-15.5189,3.0469],[125.0189,-15.5212,2.2159],[125.0256,-15.5258,9.0945],[125.022,-15.5241,5.9754],[125.021,-15.5264,8.2102],[125.0178,-15.5221,0.9202],[125.0175,-15.5254,7.2473],[125.0156,-15.5245,0.0],[125.0161,-15.5261,2.0539],[125.0137,-15.5274,0.0],[125.013,-15.5305,0.0],[125.0145,-15.5305,5.0535],[125.0142,-15.5327,3.4075],[125.0194,-15.5352,8.0109],[125.0184,-15.5362,7.0446],[125.0142,-15.5334,0.0],[125.015,-15.5373,2.8936],[125.0171,-15.5391,2.5417],[125.0171,-15.5447,8.1576],[125.0141,-15.5385,3.7469],[125.012,-15.5399,5.0135],[125.0113,-15.5286,0.0],[125.0075,-15.5294,1.324],[125.0065,-15.5314,6.2881],[125.0062,-15.5289,5.0369],[125.0046,-15.5285,6.0185],[125.0061,-15.5278,5.8839],[125.0045,-15.5268,7.7733],[125.0061,-15.5257,9.1414],[125.0091,-15.5272,5.6358],[125.0115,-15.5265,0.8313],[125.0131,-15.5235,2.2404],[125.0111,-15.523,6.0769],[125.0136,-15.5232,2.2404],[125.0141,-15.5218,5.9227],[125.0112,-15.5198,2.9119],[125.0079,-15.5211,9.0343],[125.0084,-15.5191,5.3947],[125.0059,-15.5174,3.0242],[125.0021,-15.5178,7.8441],[125.0029,-15.5163,4.6097],[125.0062,-15.5158,8.7803],[125.0083,-15.5173,6.1641],[125.0086,-15.5162,7.0416],[125.0153,-15.5199,2.1125],[125.0229,-15.5059,6.9934],[125.0231,-15.5031,2.2237],[125.0188,-15.5086,7.8385],[125.0191,-15.5055,6.5257],[125.0176,-15.5053,6.5257],[125.0222,-15.5029,7.7262],[125.0243,-15.4998,3.7863],[125.0239,-15.4968,5.8873],[125.0253,-15.4967,5.8873],[125.0262,-15.4914,0.0],[125.0244,-15.4892,6.5937],[125.0259,-15.4885,0.0],[125.026,-15.4857,0.0],[125.024,-15.4801,4.1924],[125.0204,-15.4802,5.6054],[125.0228,-15.4796,5.6593],[125.0229,-15.4777,3.7934],[125.0183,-15.4715,2.617],[125.0114,-15.4725,2.147],[125.0113,-15.4801,9.3473],[125.0095,-15.4732,2.1888],[125.0064,-15.4749,0.0],[125.008,-15.4759,7.1809],[125.0075,-15.4773,6.344],[125.004,-15.4766,3.3977],[125.0039,-15.4809,7.4137],[125.0021,-15.481,2.06],[125.0005,-15.4866,0.0],[125.0023,-15.4885,6.9111],[125.0004,-15.4887,0.0],[125.0014,-15.4924,9.6003],[124.9998,-15.493,5.8297],[124.9998,-15.4951,10.1141],[125.0013,-15.4976,9.3735],[125.0061,-15.4952,8.7884],[125.0057,-15.4973,4.4756],[125.0081,-15.4956,6.4363],[125.0102,-15.4965,5.7833],[125.0071,-15.4985,7.6591],[125.0022,-15.4985,2.5407],[125.0058,-15.5025,8.0931],[125.0014,-15.5036,5.1945],[124.9978,-15.4963,0.6675],[124.9973,-15.5018,3.6511],[125.001,-15.5082,8.2038],[124.9995,-15.5104,9.929],[124.996,-15.5008,0.0],[124.9956,-15.5048,6.8875],[124.9941,-15.5027,0.8232],[124.9937,-15.5063,6.9317],[124.9917,-15.5036,2.2765],[124.9889,-15.5064,1.9606],[124.9869,-15.5058,4.9041],[124.989,-15.503,2.2449],[124.9871,-15.5037,6.4685],[124.9876,-15.502,8.5167],[124.992,-15.5012,5.8947],[124.9957,-15.4956,2.3463],[124.997,-15.4856,0.0],[124.9931,-15.4842,5.9686],[124.9965,-15.4835,6.2955],[124.9962,-15.477,2.6186],[124.991,-15.4783,4.0688],[124.9872,-15.4834,5.8557],[124.9862,-15.4813,5.3499],[124.983,-15.4843,7.3859],[124.9834,-15.4904,7.5842],[124.9817,-15.4881,3.7433],[124.9807,-15.4904,4.5488],[124.9817,-15.495,8.971],[124.9799,-15.4908,4.3532],[124.9813,-15.4835,1.3208],[124.9747,-15.4875,3.122],[124.9732,-15.4912,4.6556],[124.9726,-15.488,3.7416],[124.9709,-15.491,3.0001],[124.9695,-15.4892,0.0],[124.9683,-15.4897,5.9308],[124.9685,-15.4925,4.2963],[124.9659,-15.4902,2.8485],[124.9625,-15.4928,1.353],[124.9618,-15.4887,5.6856],[124.9656,-15.4888,4.4218],[124.9657,-15.4866,5.513],[124.9676,-15.4881,1.0041],[124.9691,-15.4854,5.9143],[124.9703,-15.4866,2.0644],[124.9799,-15.482,2.7344],[124.9845,-15.476,0.0],[124.9792,-15.4776,3.0941],[124.9778,-15.4762,0.0],[124.971,-15.4799,4.8697],[124.9708,-15.4787,2.6627],[124.965,-15.4796,5.6024],[124.9636,-15.482,5.5285],[124.9633,-15.4796,5.7346],[124.9602,-15.4799,4.9478],[124.9586,-15.4839,7.6682],[124.9565,-15.4864,9.07],[124.9541,-15.4867,7.5617],[124.9529,-15.4892,7.3594],[124.9527,-15.4866,6.5043],[124.9564,-15.4851,5.724],[124.9578,-15.4812,1.4279],[124.9563,-15.4815,2.4354],[124.958,-15.4797,1.4279],[124.9539,-15.4811,0.6234],[124.9554,-15.4779,0.5634],[124.9522,-15.4752,2.7631],[124.9578,-15.4763,0.0],[124.9568,-15.4735,5.2857],[124.9591,-15.4761,6.7754],[124.9608,-15.4759,6.3622],[124.9613,-15.4736,6.2161],[124.9622,-15.4759,7.3466],[124.9671,-15.4759,0.9311],[124.9641,-15.4716,2.4782],[124.9701,-15.4743,1.6531],[124.9822,-15.4686,8.6499],[124.9841,-15.4696,0.0],[124.9971,-15.4604,6.1719],[125.003,-15.4484,0.0],[125.0038,-15.4401,0.0773],[125.0003,-15.4395,0.0],[124.9903,-15.4258,2.634],[124.9799,-15.4218,28.3515],[124.9788,-15.4096,18.1079],[124.9752,-15.4113,9.6182],[124.9754,-15.4194,0.2144],[124.9713,-15.4209,0.0],[124.9668,-15.4169,2.0177],[124.9632,-15.4063,17.8051],[124.9556,-15.4048,6.2756],[124.9533,-15.3993,18.5559],[124.955,-15.395,49.0843],[124.9542,-15.3884,14.4983],[124.9526,-15.3863,22.5582],[124.9459,-15.3837,0.0],[124.9443,-15.386,0.0],[124.9406,-15.3836,1.1249],[124.9423,-15.3931,6.5489],[124.9452,-15.3958,14.4417],[124.9376,-15.3955,0.0],[124.9342,-15.3933,16.4092],[124.9299,-15.3946,43.0922],[124.9267,-15.3938,4.9295],[124.9253,-15.3889,12.1238],[124.9297,-15.3911,46.2789],[124.9371,-15.3899,0.0],[124.935,-15.3837,0.0],[124.93,-15.3814,4.6678],[124.9324,-15.3747,10.4349],[124.9279,-15.3716,4.2215],[124.9245,-15.3719,0.0],[124.9237,-15.3756,5.4494],[124.9194,-15.3731,1.9824],[124.9161,-15.3722,1.8855],[124.9153,-15.3733,8.7569],[124.9126,-15.3688,0.0],[124.9104,-15.3688,1.1373],[124.9071,-15.3602,1.5395],[124.9024,-15.3573,0.0],[124.8959,-15.3568,1.8473],[124.8959,-15.3588,11.1339],[124.8942,-15.3573,0.1151],[124.8948,-15.3536,0.0],[124.8904,-15.3542,0.0],[124.8886,-15.3564,2.1475],[124.8879,-15.3533,0.0],[124.8788,-15.3478,1.2456],[124.8757,-15.3435,2.352],[124.8716,-15.3426,0.0],[124.8681,-15.345,15.6794],[124.8726,-15.3532,1.6509],[124.8689,-15.3552,0.6549],[124.8647,-15.3522,0.0],[124.8623,-15.3591,0.6893],[124.8609,-15.3518,0.0],[124.8566,-15.3501,0.7041],[124.8511,-15.3536,3.663],[124.8477,-15.3532,3.7752],[124.8405,-15.3406,1.7203],[124.8454,-15.3397,0.0],[124.8495,-15.3354,0.1966],[124.8477,-15.3285,21.6323],[124.8458,-15.3249,0.6141],[124.8364,-15.3164,0.0],[124.837,-15.3107,17.365],[124.8492,-15.3013,6.3086],[124.8468,-15.2991,0.0],[124.8428,-15.2987,1.3277],[124.8362,-15.3052,44.3738],[124.8312,-15.3073,4.5163],[124.8267,-15.3071,12.879],[124.8291,-15.3125,0.6909],[124.8262,-15.3127,5.0637],[124.825,-15.3101,4.3707],[124.8222,-15.3119,16.4637],[124.8233,-15.3152,0.0],[124.837,-15.3247,3.3571],[124.8313,-15.3259,0.643],[124.8269,-15.3241,0.0],[124.821,-15.3251,4.3017],[124.8172,-15.3235,2.3844],[124.8195,-15.3205,20.6524],[124.819,-15.3171,0.0],[124.8145,-15.3142,9.7766],[124.8104,-15.3088,3.4021],[124.8078,-15.3098,40.8283],[124.8069,-15.3063,29.8717],[124.801,-15.3066,10.9961],[124.8015,-15.3053,1.8801],[124.7977,-15.3017,3.7456],[124.7991,-15.3013,0.0],[124.7985,-15.2995,0.0],[124.7936,-15.2958,0.0],[124.788,-15.2936,8.3737],[124.7832,-15.2945,0.0],[124.78,-15.2998,0.0],[124.7801,-15.3048,0.0],[124.7812,-15.3058,8.4595],[124.7836,-15.2966,4.1751],[124.7853,-15.2953,9.4227],[124.7827,-15.3053,24.4228],[124.7839,-15.3078,16.1161],[124.7822,-15.3085,5.8504],[124.7839,-15.3119,11.4624],[124.7778,-15.315,4.8285],[124.7785,-15.3174,12.1749],[124.7767,-15.3199,20.8624],[124.7594,-15.3333,8.8312],[124.7545,-15.3446,57.5557],[124.7554,-15.3525,9.2235],[124.7533,-15.3544,3.5818],[124.7537,-15.3515,4.6606],[124.7473,-15.3487,0.0328],[124.7455,-15.3444,0.0],[124.7386,-15.3454,-0.281],[124.7386,-15.3435,-0.1395],[124.7361,-15.3432,-0.4334],[124.7409,-15.339,6.2582],[124.7499,-15.3352,0.0],[124.7618,-15.3262,86.7399],[124.7706,-15.3021,0.0],[124.7658,-15.3028,19.0823],[124.7652,-15.2993,0.0],[124.7622,-15.3005,30.5379],[124.7639,-15.2965,10.4841],[124.7622,-15.2928,0.0],[124.7609,-15.2952,13.2702],[124.7596,-15.2932,28.3343],[124.7569,-15.2927,1.4457],[124.7534,-15.2945,64.6633],[124.758,-15.2901,0.0],[124.7534,-15.2849,30.9263],[124.7503,-15.2828,0.0],[124.7484,-15.2842,4.8488],[124.7419,-15.2801,10.6532],[124.7349,-15.2723,0.0],[124.7291,-15.2723,5.7624],[124.7239,-15.2682,5.9297],[124.721,-15.2681,3.8088],[124.7197,-15.2616,0.0],[124.7156,-15.2581,4.1899],[124.7112,-15.258,11.8149],[124.7102,-15.262,21.1067],[124.705,-15.2534,0.0],[124.7016,-15.2583,23.4712],[124.7022,-15.2649,16.7497],[124.7066,-15.2751,51.6704],[124.7014,-15.2784,0.9134],[124.6951,-15.2745,0.0],[124.6905,-15.2749,2.5455],[124.6881,-15.2722,0.0],[124.6866,-15.2725,0.2131],[124.6856,-15.2691,9.45],[124.6875,-15.2647,2.9514],[124.6827,-15.2671,0.9713],[124.6788,-15.264099999999999,1.1062],[124.6829,-15.2589,12.7176],[124.6834,-15.2563,32.9724],[124.6818,-15.254,0.0],[124.6747,-15.255,2.1261],[124.6777,-15.2612,45.3947],[124.6728,-15.269,8.6421],[124.6745,-15.272,6.9594],[124.6789,-15.2702,21.7045],[124.6776,-15.2747,21.2079],[124.6727,-15.279,4.4351],[124.6781,-15.2824,39.8754],[124.6793,-15.2886,16.254],[124.6737,-15.2941,0.0],[124.6686,-15.2936,2.8947],[124.6673,-15.2966,22.7002],[124.6688,-15.3005,8.593],[124.6721,-15.2964,3.1148],[124.6829,-15.2984,9.6978],[124.6912,-15.2955,30.7848],[124.6969,-15.2965,5.3336],[124.6976,-15.2989,5.3244],[124.6956,-15.3052,9.811],[124.6932,-15.3029,0.0],[124.6921,-15.3046,10.2564],[124.6925,-15.3091,68.1784],[124.6976,-15.3125,21.6278],[124.7069,-15.3151,1.4481],[124.7072,-15.3208,0.7818],[124.7009,-15.3243,3.2812],[124.691,-15.3332,0.5332],[124.688,-15.3296,0.0],[124.6823,-15.3304,1.6613],[124.6742,-15.3245,0.0],[124.6723,-15.3324,19.5593],[124.6665,-15.3343,0.0],[124.6619,-15.3249,5.75],[124.6603,-15.3338,41.2286],[124.6586,-15.3346,7.3862],[124.6561,-15.3328,0.0],[124.6565,-15.3369,0.0],[124.6622,-15.3386,37.7558],[124.6665,-15.345,4.6747],[124.6692,-15.3416,11.5496],[124.6724,-15.3462,40.3249],[124.6701,-15.3477,0.6702],[124.6621,-15.3479,0.0],[124.662,-15.3549,50.7597],[124.6668,-15.3619,29.2243],[124.6692,-15.36,15.8718],[124.676,-15.3605,4.9692],[124.6814,-15.3556,31.8504],[124.6888,-15.3575,56.6663],[124.6964,-15.3533,0.0],[124.6983,-15.3467,0.5465],[124.7053,-15.3436,6.6652],[124.707,-15.3439,10.7592],[124.7014,-15.3552,17.2062],[124.7017,-15.3576,10.2534],[124.7047,-15.3598,0.0],[124.7087,-15.3601,0.0],[124.7235,-15.3528,14.4883],[124.7226,-15.3549,0.6688],[124.7266,-15.3605,6.7106],[124.7311,-15.3583,3.2981],[124.7335,-15.361,18.6611],[124.739,-15.3603,15.6614],[124.7448,-15.3618,0.0],[124.7326,-15.3626,0.0],[124.7309,-15.3658,6.0036],[124.7272,-15.3634,3.0648],[124.7235,-15.3693,5.128],[124.7252,-15.3708,26.1446],[124.7206,-15.3745,0.0],[124.7237,-15.3767,3.3858],[124.7158,-15.378,0.9055],[124.713,-15.3822,13.8165],[124.7027,-15.3844,0.0],[124.7012,-15.3871,64.8484],[124.6994,-15.3874,11.2217],[124.6979,-15.3853,3.021],[124.6929,-15.3914,66.4464],[124.6904,-15.3901,6.0208],[124.6865,-15.3923,3.594],[124.6837,-15.3914,4.7515],[124.6762,-15.4007,9.8101],[124.6743,-15.4063,3.7801],[124.6782,-15.4088,5.9598],[124.6782,-15.4116,1.2483],[124.682,-15.41,19.7787],[124.6871,-15.4137,3.5187],[124.6826,-15.4139,1.061],[124.6837,-15.4176,0.694],[124.681,-15.4202,1.8713],[124.6789,-15.4167,1.6854],[124.6751,-15.4173,0.0],[124.6763,-15.4192,6.6567],[124.6726,-15.4205,0.2822],[124.6689,-15.4286,0.366],[124.6727,-15.4402,0.0],[124.6716,-15.4529,6.6411],[124.6771,-15.4582,2.4675],[124.6755,-15.4608,0.0],[124.6766,-15.4628,4.0147],[124.6789,-15.4609,10.3957],[124.6819,-15.4618,0.3168],[124.6846,-15.4576,11.6177],[124.6866,-15.4585,6.1541],[124.6848,-15.4547,14.2936],[124.6867,-15.4558,7.8597],[124.6882,-15.4631,14.4133],[124.686,-15.4643,-0.1703],[124.6858,-15.4669,0.0],[124.6908,-15.468,0.0403],[124.685,-15.4702,6.017],[124.6821,-15.4732,1.9873],[124.6821,-15.4764,3.6495],[124.6861,-15.4809,18.1375],[124.6837,-15.4812,1.4931],[124.6817,-15.4789,0.0],[124.6799,-15.4803,8.0306],[124.6785,-15.4866,9.9007],[124.6795,-15.4911,2.8103],[124.6744,-15.4937,1.2301],[124.6742,-15.4981,4.8422],[124.6733,-15.4935,6.904],[124.676,-15.4896,-0.4413],[124.6771,-15.4782,0.0],[124.6675,-15.4837,0.6986],[124.6663,-15.4766,-0.0285],[124.6626,-15.4772,0.0],[124.6605,-15.475,0.1372],[124.6589,-15.4778,0.0],[124.6572,-15.4776,0.0],[124.6575,-15.4743,0.0],[124.6549,-15.4739,6.0705],[124.6537,-15.4702,-0.1166],[124.6504,-15.4681,0.7558],[124.65,-15.4752,4.9675],[124.649,-15.4747,4.9675],[124.6474,-15.4655,0.0],[124.6422,-15.4631,0.7777],[124.6434,-15.4592,0.0],[124.641,-15.4556,1.4852],[124.645,-15.4541,0.0],[124.6446,-15.4509,5.5163],[124.6479,-15.4491,0.7267],[124.6453,-15.4435,0.9619],[124.6499,-15.4378,0.0],[124.6474,-15.4373,9.0918],[124.6474,-15.4351,3.0487],[124.6457,-15.4341,7.0586],[124.6538,-15.4352,2.7912],[124.6512,-15.4314,1.8565],[124.6468,-15.4298,4.2384],[124.6481,-15.4269,3.1682],[124.6457,-15.4247,3.9333],[124.6434,-15.4271,1.359],[124.645,-15.43,7.1176],[124.6426,-15.4318,7.911],[124.6415,-15.4301,6.0427],[124.6391,-15.4337,1.7335],[124.6364,-15.4328,0.0],[124.6334,-15.4367,10.4148],[124.6332,-15.4392,8.7603],[124.6372,-15.4383,4.3055],[124.6313,-15.4437,3.0738],[124.6352,-15.4461,6.91],[124.6337,-15.4513,3.5203],[124.6331,-15.4524,3.5203],[124.6313,-15.4515,0.3836],[124.6293,-15.4466,2.0198],[124.6247,-15.4585,2.9298],[124.6286,-15.4577,23.2056],[124.6282,-15.4628,6.333],[124.6219,-15.4633,1.5161],[124.6179,-15.4661,0.0],[124.6187,-15.4687,15.8297],[124.6232,-15.4665,4.5432],[124.6226,-15.4693,14.8352],[124.6264,-15.4724,17.201],[124.6256,-15.4744,3.7478],[124.6228,-15.4755,5.1478],[124.6234,-15.4809,5.9369],[124.6207,-15.4849,1.2779],[124.6209,-15.4868,0.4832],[124.6235,-15.4871,6.5352],[124.6235,-15.4888,4.2596],[124.6266,-15.4889,2.7102],[124.6233,-15.4907,0.508],[124.6249,-15.4926,5.7523],[124.6235,-15.4945,0.6112],[124.6258,-15.4955,4.0467],[124.6215,-15.5007,0.0],[124.6369,-15.5037,1.0444],[124.6386,-15.5028,5.8306],[124.6388,-15.5039,0.512],[124.6333,-15.5066,4.7711],[124.6318,-15.5055,2.4088],[124.6299,-15.5091,0.0],[124.6244,-15.5128,6.0053],[124.6252,-15.5161,4.7564],[124.6299,-15.5145,6.2688],[124.6321,-15.5163,3.8933],[124.6296,-15.5186,-0.1064],[124.6288,-15.5257,0.6335],[124.6258,-15.5234,0.0],[124.6233,-15.5242,-0.297],[124.6232,-15.5186,-0.0257],[124.6205,-15.5183,2.2118],[124.6199,-15.5218,-0.8524],[124.6144,-15.5196,0.7767],[124.6169,-15.5176,0.3193],[124.6155,-15.5167,2.6122],[124.6206,-15.5145,2.0183],[124.6205,-15.5121,0.5762],[124.6188,-15.5115,1.5081],[124.6211,-15.5073,0.2718],[124.6175,-15.5038,0.0],[124.6148,-15.5074,2.2475],[124.6121,-15.506,0.0],[124.6114,-15.5089,0.0118],[124.603,-15.5052,0.8756],[124.5991,-15.5065,1.0655],[124.5952,-15.5127,0.0],[124.5958,-15.5234,4.2446],[124.594,-15.522,0.0054],[124.5896,-15.5233,0.5757],[124.5841,-15.5167,2.4624],[124.5829,-15.5203,-1.4585],[124.5803,-15.5201,-0.9744],[124.5774,-15.5167,-0.5694],[124.5799,-15.4996,0.0652],[124.5728,-15.5003,-0.164],[124.5662,-15.4984,0.1026],[124.5547,-15.5028,-0.4867],[124.5517,-15.4908,0.0],[124.5464,-15.488,-0.1183],[124.5321,-15.4862,0.0],[124.529,-15.4844,3.8351],[124.5313,-15.4806,9.5125],[124.5298,-15.4772,0.0],[124.526,-15.4801,42.094],[124.5262,-15.4828,56.6925],[124.5241,-15.486,0.0],[124.5215,-15.4851,0.4273],[124.5216,-15.4741,0.0],[124.5183,-15.4687,0.0],[124.5086,-15.4703,0.0],[124.5087,-15.4811,0.0],[124.5074,-15.4837,9.7022],[124.4981,-15.475,4.8254],[124.4936,-15.4754,0.3875],[124.491,-15.4775,6.4772],[124.4832,-15.4755,0.0],[124.4766,-15.4779,0.0],[124.4728,-15.4827,0.0],[124.4513,-15.4953,4.8218],[124.446,-15.5033,0.0],[124.4464,-15.5063,0.0],[124.4616,-15.4982,23.2955],[124.456,-15.5027,7.7495],[124.4548,-15.5054,0.0],[124.4558,-15.5085,0.9135],[124.4686,-15.5043,14.2373],[124.4826,-15.4904,24.8433],[124.4925,-15.4862,38.0867],[124.4917,-15.4926,29.2132],[124.4968,-15.4989,34.5059],[124.5006,-15.4994,34.7677],[124.4979,-15.5023,0.0],[124.4986,-15.5058,0.0],[124.5058,-15.5041,12.7981],[124.5003,-15.5164,3.1826],[124.5039,-15.5201,0.0],[124.5102,-15.5223,77.6386],[124.5104,-15.5251,39.1453],[124.509,-15.5261,39.1453],[124.5091,-15.5229,77.6386],[124.4999,-15.5204,1.6321],[124.4962,-15.5165,20.6874],[124.4981,-15.5128,40.3199],[124.4965,-15.5075,37.0381],[124.4946,-15.5056,0.0],[124.4916,-15.5062,5.7229],[124.4921,-15.5018,6.9551],[124.4886,-15.4976,0.0],[124.4865,-15.4973,0.0],[124.473,-15.5036,0.0],[124.4727,-15.5124,12.6327],[124.4701,-15.5064,10.5487],[124.4617,-15.5117,2.0282],[124.4601,-15.5159,4.2402],[124.4631,-15.521,1.5199],[124.4636,-15.528,0.0],[124.4658,-15.5278,19.5045],[124.4652,-15.5313,2.305],[124.4679,-15.5328,13.68],[124.4658,-15.5369,18.6447],[124.4661,-15.5347,2.2306],[124.462,-15.5321,0.788],[124.4586,-15.5395,3.4286],[124.4589,-15.5346,2.0044],[124.4546,-15.5374,9.2699],[124.4547,-15.5305,1.2888],[124.4501,-15.5305,0.0],[124.4464,-15.5287,0.0],[124.4441,-15.5311,0.0],[124.4445,-15.5344,0.0],[124.4413,-15.5385,6.3338],[124.441,-15.5428,6.0846],[124.4363,-15.547,0.8991],[124.4251,-15.5408,0.9789],[124.4209,-15.5472,38.4778],[124.4175,-15.5492,0.81],[124.4212,-15.5533,0.0502],[124.4244,-15.553,0.0],[124.4301,-15.5608,2.3777],[124.4247,-15.5594,0.0],[124.4294,-15.5663,10.5224],[124.43,-15.5745,0.3892],[124.4138,-15.5919,2.304],[124.4046,-15.6151,4.8617],[124.4063,-15.6183,-0.1706],[124.409,-15.6173,3.4083],[124.4125,-15.622,2.3796],[124.416,-15.6202,3.0965],[124.4096,-15.6095,9.2385],[124.418,-15.605,7.9194],[124.4185,-15.6017,3.9979],[124.4306,-15.5881,-0.7164],[124.4297,-15.5927,-0.3022],[124.4326,-15.5985,0.0],[124.4312,-15.6044,4.5509],[124.4335,-15.6084,2.5579],[124.4415,-15.6067,1.7101],[124.4452,-15.6015,3.5411],[124.4453,-15.5989,10.947],[124.449,-15.6017,1.6513],[124.4507,-15.6011,32.0375],[124.4539,-15.5919,8.5681],[124.4545,-15.5959,0.8431],[124.4527,-15.6016,0.0],[124.4559,-15.6016,31.3752],[124.4552,-15.6034,0.6185],[124.4571,-15.6051,13.8269],[124.4557,-15.606,13.8269],[124.4596,-15.6086,21.8967],[124.4546,-15.608,0.3595],[124.4533,-15.6119,14.2801],[124.4544,-15.6135,1.541],[124.4569,-15.6136,23.8125],[124.4596,-15.6165,15.9915],[124.4627,-15.6154,26.2827],[124.4648,-15.617,14.9158],[124.4661,-15.6126,31.2425],[124.4678,-15.612,20.7906],[124.4702,-15.616,15.0018],[124.476,-15.618,8.2452],[124.4849,-15.6178,13.8403],[124.4874,-15.6198,9.9419],[124.4925,-15.6164,12.8701],[124.4971,-15.6157,15.4819],[124.4882,-15.6215,11.3776],[124.4899,-15.6249,13.4621],[124.4981,-15.6312,16.0519],[124.5006,-15.6367,17.2101],[124.483,-15.6188,9.1898],[124.4754,-15.6185,6.9921],[124.4702,-15.617,14.7589],[124.4674,-15.6131,5.0877],[124.4666,-15.6162,11.4015],[124.4644,-15.6177,14.9158],[124.4624,-15.6163,36.0834],[124.4588,-15.6171,25.8878],[124.4563,-15.6147,13.6371],[124.4525,-15.6162,24.0264],[124.4518,-15.6101,10.3043],[124.454,-15.6049,3.3068],[124.4505,-15.6028,4.3553],[124.4508,-15.6041,0.0163],[124.4465,-15.6045,0.0],[124.4452,-15.6076,2.1735],[124.4468,-15.6086,3.5457],[124.4408,-15.6103,3.0565],[124.4355,-15.6143,0.0],[124.436,-15.6183,0.1942],[124.4402,-15.6201,1.9991],[124.4347,-15.6213,0.0],[124.4338,-15.623,0.0],[124.438,-15.63,0.0],[124.4364,-15.6342,0.0],[124.4387,-15.6358,0.2588],[124.4356,-15.6377,0.0],[124.4367,-15.6437,0.0],[124.4383,-15.644,1.0645],[124.4394,-15.6403,9.739],[124.4426,-15.6451,13.3437],[124.4401,-15.6461,1.947],[124.4424,-15.6497,1.8982],[124.4463,-15.6506,12.1697],[124.4501,-15.6477,34.0235],[124.4481,-15.651,6.7881],[124.4512,-15.6526,15.4852],[124.456,-15.6522,19.7024],[124.4572,-15.6563,30.6946],[124.4494,-15.6543,0.0],[124.4486,-15.6529,3.085],[124.4447,-15.6548,0.576],[124.4439,-15.6573,3.7837],[124.4446,-15.66,0.2695],[124.4462,-15.6601,7.9332],[124.4459,-15.6658,0.9701],[124.4437,-15.6697,0.3964],[124.4403,-15.6671,0.5141],[124.4394,-15.6686,2.7462],[124.4328,-15.664,0.0],[124.4297,-15.6643,2.49],[124.4278,-15.666,0.0],[124.4276,-15.6699,0.0],[124.4307,-15.6739,1.1621],[124.4215,-15.6674,8.8451],[124.4229,-15.6583,0.0],[124.419,-15.655,13.9068],[124.4212,-15.6532,0.0],[124.4184,-15.6502,0.4554],[124.419,-15.6462,0.0],[124.4167,-15.6441,3.8073],[124.4197,-15.6403,11.0692],[124.4144,-15.6372,1.578],[124.4115,-15.6418,0.0],[124.4149,-15.6548,15.0234],[124.4121,-15.6666,0.0],[124.4124,-15.6691,13.7974],[124.4144,-15.6703,17.3217],[124.4127,-15.6814,26.441],[124.4094,-15.6785,0.2732],[124.4082,-15.6845,1.5897],[124.4065,-15.6858,1.5118],[124.4025,-15.6852,0.1817],[124.4002,-15.6803,0.0],[124.3976,-15.6786,1.8433],[124.3981,-15.6723,0.6252],[124.3951,-15.673,14.7859],[124.3935,-15.6697,2.5282],[124.3905,-15.672,7.8031],[124.3913,-15.6643,14.2995],[124.3902,-15.6624,0.8694],[124.3893,-15.6686,1.6202],[124.3857,-15.6693,0.0],[124.3828,-15.6675,25.3136],[124.3829,-15.6644,3.0975],[124.3793,-15.6602,5.3305],[124.3766,-15.6686,3.0575],[124.373,-15.6682,0.0],[124.3688,-15.6719,2.9734],[124.3704,-15.6777,2.4829],[124.376,-15.6801,5.0566],[124.3827,-15.6776,45.0702],[124.3864,-15.6722,1.7852],[124.3877,-15.6739,9.3774],[124.3908,-15.6737,7.9188],[124.3932,-15.6773,5.8647],[124.3943,-15.6808,24.1754],[124.393,-15.6834,1.0138],[124.3949,-15.6855,10.0823],[124.3952,-15.692,5.5407],[124.3994,-15.6985,5.7402],[124.4025,-15.6986,5.1614],[124.4007,-15.7011,1.5576],[124.3999,-15.7103,8.0302],[124.3976,-15.7104,1.4415],[124.3965,-15.7121,9.7785],[124.3972,-15.7237,1.3663],[124.3984,-15.7239,8.5708],[124.3973,-15.726,0.0],[124.4026,-15.7225,0.0],[124.409,-15.711,4.8462],[124.4148,-15.7107,2.2155],[124.4166,-15.7125,2.1238],[124.4178,-15.7114,2.1238],[124.4168,-15.7135,1.9062],[124.4126,-15.7134,0.5927],[124.4115,-15.7151,0.7773],[124.4169,-15.7204,1.2545],[124.4185,-15.7198,1.3338],[124.4174,-15.7153,3.3289],[124.4206,-15.7198,0.4975],[124.4297,-15.7108,23.5054],[124.4373,-15.7115,10.7831],[124.4291,-15.7121,7.1152],[124.4261,-15.7173,6.5871],[124.4192,-15.724,0.1103],[124.4234,-15.7296,2.2935],[124.4238,-15.7326,2.1279],[124.4218,-15.7292,1.2673],[124.4203,-15.7296,3.3035],[124.4155,-15.7244,0.3546],[124.4077,-15.7201,2.5045],[124.4056,-15.7211,0.0],[124.4067,-15.7219,1.2688],[124.4062,-15.7252,9.2282],[124.4036,-15.7241,0.0],[124.3981,-15.7265,14.0031],[124.3959,-15.7312,5.0051],[124.3924,-15.7294,20.172],[124.3895,-15.721,5.1522],[124.3859,-15.7176,0.3078],[124.3882,-15.7279,11.9329],[124.3927,-15.7367,0.2868],[124.3934,-15.7416,0.272],[124.3921,-15.7455,1.8063],[124.397,-15.7564,2.344],[124.3986,-15.7573,7.5754],[124.3976,-15.7541,9.0375],[124.3988,-15.7495,14.8314],[124.4018,-15.7578,0.8905],[124.3981,-15.7648,4.8264],[124.398,-15.7713,5.0973],[124.4013,-15.775,3.5078],[124.4,-15.7794,6.0474],[124.4037,-15.7876,4.4491],[124.406,-15.7896,2.0694],[124.4076,-15.7999,1.951],[124.4103,-15.8059,6.9344],[124.4095,-15.8156,2.1272],[124.4075,-15.8166,8.7574],[124.406,-15.814,1.1893],[124.4055,-15.8156,3.5494],[124.4076,-15.8234,2.7109],[124.407,-15.8364,2.0223],[124.4093,-15.8638,0.3412],[124.4129,-15.8779,6.8421],[124.4149,-15.8764,1.1149],[124.4175,-15.8768,2.3659],[124.4183,-15.8746,13.5392],[124.4156,-15.8723,20.5133],[124.4189,-15.8633,18.1641],[124.4196,-15.8623,15.6546],[124.4205,-15.8643,1.747],[124.4217,-15.8637,1.747],[124.4208,-15.8578,0.0],[124.4248,-15.8476,2.3837],[124.4255,-15.8552,0.0],[124.4295,-15.8674,7.0735],[124.4322,-15.8703,2.87],[124.4351,-15.8703,3.0163],[124.4347,-15.8676,15.508],[124.4391,-15.8704,1.0951],[124.4419,-15.8624,0.9221],[124.4422,-15.8559,14.7872],[124.4451,-15.8525,25.6434],[124.4452,-15.8422,0.2767],[124.4425,-15.8384,0.62],[124.4447,-15.8358,2.5532],[124.4446,-15.829,6.6252],[124.4484,-15.8332,0.7714],[124.4513,-15.8313,0.4692],[124.4544,-15.8232,1.4885],[124.4531,-15.8176,4.8601],[124.4558,-15.8156,0.541],[124.4539,-15.8137,3.1653],[124.4561,-15.8125,3.8176],[124.4572,-15.8144,1.7059],[124.4583,-15.8114,0.8388],[124.4553,-15.8085,3.2883],[124.448,-15.8136,4.7019],[124.4452,-15.814,4.3911],[124.4434,-15.8092,5.8001],[124.4468,-15.8132,4.3911],[124.4559,-15.8054,3.8312],[124.4582,-15.808,0.0],[124.4626,-15.8025,4.2503],[124.4601,-15.7984,2.6989],[124.4616,-15.7959,2.9936],[124.4618,-15.7874,5.0042],[124.4577,-15.7829,6.6531],[124.4625,-15.7849,4.3745],[124.4617,-15.7993,2.83],[124.4638,-15.8032,9.2175],[124.4599,-15.8089,2.6008],[124.4603,-15.816,2.4483],[124.4646,-15.8192,5.0859],[124.4705,-15.8189,21.9624],[124.4735,-15.8218,30.7411],[124.4766,-15.8203,32.8121],[124.4733,-15.8228,30.7411],[124.4692,-15.8197,18.2992],[124.4642,-15.8199,10.5018],[124.4593,-15.8177,0.0],[124.4612,-15.828,0.0],[124.4594,-15.8454,0.0],[124.4621,-15.8468,1.5026],[124.4602,-15.8481,0.0326],[124.46,-15.8507,0.2346],[124.465,-15.8491,2.802],[124.4645,-15.8517,1.7098],[124.4609,-15.8541,0.0],[124.4642,-15.853,0.4885],[124.4637,-15.8587,4.0007],[124.4703,-15.8586,-0.4639],[124.4708,-15.8624,-1.3758],[124.4745,-15.8627,0.8518],[124.4745,-15.8652,-1.2642],[124.4776,-15.8634,-0.1204],[124.4783,-15.8654,-0.3786],[124.4753,-15.8684,-1.272],[124.4798,-15.8653,-0.3786],[124.4807,-15.867,-0.9296],[124.4843,-15.8666,5.8134],[124.4819,-15.8686,-0.3001],[124.4786,-15.8684,-0.8986],[124.4775,-15.8697,-0.3606],[124.4794,-15.8707,-0.9631],[124.4752,-15.8737,-0.6633],[124.4791,-15.8753,-1.1026],[124.4795,-15.8791,-0.8461],[124.4819,-15.8794,0.8343],[124.4831,-15.8768,1.128],[124.4834,-15.8794,1.1487],[124.4857,-15.8797,-0.0306],[124.4836,-15.8819,-0.7023],[124.4859,-15.8823,-0.0006],[124.4846,-15.8848,-0.7816],[124.4899,-15.8861,2.4671],[124.4887,-15.8881,1.3643],[124.4833,-15.8871,0.136],[124.4837,-15.8898,0.3827],[124.4994,-15.8898,9.9248],[124.492,-15.8914,2.0928],[124.4926,-15.8943,4.491],[124.4883,-15.8919,0.9615],[124.4789,-15.8934,1.1972],[124.4799,-15.8886,0.09],[124.4749,-15.8857,0.0],[124.4749,-15.891,3.9826],[124.4805,-15.8969,3.2262],[124.4789,-15.8988,0.5088],[124.4797,-15.9115,0.0],[124.4775,-15.9176,0.0],[124.4793,-15.9251,1.108],[124.4782,-15.9322,10.339],[124.4753,-15.929,0.0],[124.4767,-15.9416,1.7635],[124.479,-15.9377,21.9909],[124.4813,-15.9378,14.8636],[124.483,-15.9287,7.2633],[124.4873,-15.9204,2.2321],[124.4876,-15.9281,-1.0692],[124.4898,-15.9282,-1.1103],[124.4904,-15.9345,6.0681],[124.4919,-15.9341,6.0681],[124.4924,-15.936,2.3587],[124.4967,-15.9348,-0.0969],[124.498,-15.9283,2.123],[124.4993,-15.9357,11.8245],[124.5027,-15.9351,7.6019],[124.5041,-15.9306,1.8536],[124.5059,-15.9324,0.4526],[124.5061,-15.9279,3.513],[124.5074,-15.9318,7.0945],[124.5065,-15.9349,0.283],[124.5106,-15.9315,1.6035],[124.5125,-15.9344,13.283],[124.5088,-15.9354,0.0],[124.5057,-15.9406,5.5272],[124.5097,-15.9425,5.8007],[124.5083,-15.9464,4.6514],[124.5061,-15.9423,-0.0887],[124.5038,-15.9421,0.5128],[124.5024,-15.9441,0.4054],[124.5009,-15.9427,0.0],[124.497,-15.9432,-0.3335],[124.4987,-15.9452,0.8377],[124.4963,-15.946,-0.4437],[124.4952,-15.9512,-0.2574],[124.4974,-15.9529,0.2157],[124.4968,-15.9553,0.0029],[124.492,-15.9591,-0.2384],[124.4951,-15.961,0.5904],[124.492,-15.9706,2.1073],[124.4944,-15.9702,4.596],[124.4933,-15.9729,0.1957],[124.4947,-15.9762,10.9643],[124.4963,-15.9777,8.1471],[124.4981,-15.9772,3.5682],[124.4953,-15.9782,11.1988],[124.4921,-15.9755,0.0617],[124.4903,-15.9875,0.0],[124.4946,-15.9872,11.5739],[124.4965,-15.9971,0.0],[124.4986,-15.9981,2.0475],[124.51,-15.9883,0.0],[124.5059,-15.9855,16.3166],[124.5063,-15.9841,32.6885],[124.5105,-15.9862,13.9966],[124.5164,-15.9797,1.8368],[124.5172,-15.9702,4.7946],[124.5135,-15.9681,13.6186],[124.5155,-15.9666,0.3585],[124.5174,-15.9673,57.6061],[124.5203,-15.9724,3.5905],[124.5242,-15.9642,7.0242],[124.5286,-15.9621,1.6988],[124.5317,-15.9573,2.9299],[124.5339,-15.9481,0.0],[124.5403,-15.9398,1.0673],[124.539,-15.9323,8.5427],[124.5487,-15.917,0.0],[124.549,-15.9087,6.0705],[124.5506,-15.9093,0.6746],[124.5533,-15.903,0.0],[124.5593,-15.8994,0.1132],[124.5596,-15.8946,4.8671],[124.561,-15.8971,0.0],[124.5606,-15.8927,0.784],[124.5643,-15.8816,2.3056],[124.5618,-15.8798,-0.1247],[124.5645,-15.8791,0.5699],[124.5693,-15.8712,0.0],[124.572,-15.8612,3.7809],[124.5736,-15.8631,0.0],[124.5753,-15.859,5.8981],[124.5764,-15.8607,2.5755],[124.5823,-15.8546,1.2908],[124.5837,-15.8495,3.8109],[124.5905,-15.841,1.2133],[124.5916,-15.8342,-0.0976],[124.5986,-15.8257,4.4496],[124.5997,-15.8203,0.3726],[124.6079,-15.8109,2.7034],[124.6125,-15.8064,9.918],[124.6249,-15.8008,1.5903],[124.6295,-15.7956,3.764],[124.6257,-15.7861,7.1191],[124.6276,-15.7847,4.139],[124.6318,-15.7905,0.1369],[124.6328,-15.779,6.5392],[124.6361,-15.7792,5.0279],[124.6364,-15.7804,6.3102],[124.6343,-15.782,4.5203],[124.6339,-15.7905,3.5823],[124.6539,-15.7841,5.8111],[124.6545,-15.7823,12.9066],[124.6553,-15.7833,2.8319],[124.6604,-15.7816,1.2211],[124.6708,-15.7738,4.9276],[124.6806,-15.7586,5.1509],[124.6807,-15.7561,7.9713],[124.6828,-15.7573,7.3792],[124.6871,-15.7526,9.9044],[124.6883,-15.7539,2.2005],[124.6905,-15.7513,1.7052],[124.6913,-15.7489,9.9434],[124.6887,-15.7456,6.3762],[124.693,-15.7488,2.9073],[124.6948,-15.7464,1.6914],[124.6932,-15.7443,9.7934],[124.6959,-15.7453,6.5696],[124.7048,-15.7411,9.1896],[124.7035,-15.7433,6.3089],[124.6998,-15.744,3.1656],[124.6892,-15.7558,0.0],[124.6843,-15.7633,8.231],[124.6862,-15.7649,9.0919],[124.683,-15.765,1.6582],[124.679,-15.7697,1.2633],[124.6778,-15.7755,3.5998],[124.6828,-15.7743,6.5666],[124.6803,-15.7756,5.1031],[124.6806,-15.7778,8.1253],[124.6777,-15.7766,8.4681],[124.6755,-15.778,0.0],[124.6754,-15.7847,0.0],[124.679,-15.7865,0.0],[124.6817,-15.7847,7.253],[124.6823,-15.7866,0.0],[124.6841,-15.7868,0.0],[124.689,-15.7856,3.5062],[124.6897,-15.7823,5.8881],[124.6909,-15.7838,4.0228],[124.6936,-15.783,0.5202],[124.6958,-15.7753,4.416],[124.6936,-15.773,5.7547],[124.6961,-15.7737,6.38],[124.6979,-15.7692,6.9097],[124.6946,-15.7665,2.3303],[124.6924,-15.7676,7.1],[124.6912,-15.7652,7.5363],[124.6932,-15.7657,7.1153],[124.6936,-15.7637,6.588],[124.6955,-15.7657,3.9739],[124.6963,-15.7632,5.4018],[124.6969,-15.7665,2.182],[124.6998,-15.7688,1.386],[124.7008,-15.7677,0.0],[124.7011,-15.7648,0.0],[124.6964,-15.759,9.2099],[124.6984,-15.7585,7.3099],[124.7017,-15.7639,4.4245],[124.7016,-15.7563,6.2833],[124.7035,-15.7561,3.651],[124.7021,-15.7526,6.5473],[124.7043,-15.7502,5.3469],[124.706,-15.7578,2.8394],[124.703,-15.7665,0.0],[124.7092,-15.7623,2.354],[124.7089,-15.7648,1.3347],[124.7157,-15.7667,4.552],[124.719,-15.7701,9.1901],[124.718,-15.771,8.5648],[124.7138,-15.7666,5.7145],[124.7124,-15.7711,7.5867],[124.7122,-15.7669,6.4908],[124.7095,-15.7664,5.2949],[124.7043,-15.769,0.0],[124.6997,-15.7749,0.0],[124.7008,-15.7845,8.7789],[124.7091,-15.7927,1.4958],[124.7105,-15.7914,1.4958],[124.7122,-15.7937,2.815],[124.7143,-15.7919,6.9844],[124.7165,-15.7935,0.0],[124.7121,-15.7997,0.0],[124.7133,-15.8028,15.1179],[124.7142,-15.8035,1.1482],[124.7178,-15.8009,14.5096],[124.7206,-15.805,2.3244],[124.7294,-15.8076,13.7169],[124.7341,-15.8117,1.4234],[124.7355,-15.8105,6.6602],[124.737,-15.8192,9.6161],[124.7416,-15.8223,20.058],[124.7384,-15.8226,9.2197],[124.735,-15.819,9.0499],[124.7327,-15.8192,1.9344],[124.7309,-15.8215,23.4097],[124.7304,-15.8191,0.7897],[124.7274,-15.8193,0.0],[124.7268,-15.8209,4.6691],[124.7232,-15.8158,0.0],[124.714,-15.8118,8.781],[124.7045,-15.8141,5.0275],[124.7031,-15.818,7.8863],[124.7043,-15.8235,0.0],[124.7078,-15.8267,0.1911],[124.7081,-15.8312,0.0],[124.7103,-15.8318,0.6685],[124.7129,-15.836,9.1555],[124.7119,-15.8395,4.9794],[124.7103,-15.84,9.1591],[124.7083,-15.8381,0.0],[124.6984,-15.8437,3.4836],[124.6916,-15.8426,0.0],[124.6869,-15.8452,4.6802],[124.6889,-15.8473,10.8936],[124.6858,-15.8501,0.3192],[124.682,-15.8495,0.0],[124.6803,-15.8534,0.1408],[124.6865,-15.8566,4.1836],[124.6795,-15.8572,0.8817],[124.6772,-15.8598,0.0],[124.6784,-15.861,3.2092],[124.6758,-15.8628,1.3031],[124.6779,-15.8671,22.3989],[124.6778,-15.8773,9.8794],[124.6812,-15.8805,2.3157],[124.6868,-15.8819,7.2639],[124.6852,-15.8844,1.503],[124.6817,-15.8847,0.0],[124.6831,-15.8858,3.0552],[124.6816,-15.8889,6.3345],[124.6806,-15.8859,0.0],[124.6787,-15.8868,0.4275],[124.6759,-15.8851,0.0],[124.6757,-15.8817,0.0],[124.6732,-15.8788,6.1721],[124.6733,-15.871,12.8096],[124.6702,-15.866,0.0],[124.6674,-15.8646,4.6488],[124.6685,-15.8627,0.0],[124.6585,-15.8561,0.5971],[124.657,-15.8585,13.3495],[124.6561,-15.8544,0.302],[124.6546,-15.8536,0.0],[124.6522,-15.8546,3.0021],[124.6484,-15.8613,10.2357],[124.6495,-15.857,6.0726],[124.6484,-15.8575,0.0],[124.6436,-15.8674,6.5347],[124.6399,-15.871,0.0],[124.6305,-15.8759,8.2389],[124.6286,-15.8804,8.0629],[124.6294,-15.8816,23.1203],[124.6234,-15.8855,0.6598],[124.6154,-15.8876,0.0],[124.6165,-15.8914,5.0833],[124.6133,-15.8928,0.8026],[124.613,-15.8911,0.0],[124.6084,-15.8906,0.0],[124.6075,-15.8959,4.9164],[124.6053,-15.8984,0.0],[124.6108,-15.9044,35.0388],[124.6171,-15.9044,13.7883],[124.6212,-15.9061,2.801],[124.6168,-15.9069,1.4854],[124.619,-15.9086,1.465],[124.6171,-15.9095,0.0],[124.6161,-15.913,6.9971],[124.6183,-15.9158,2.67],[124.6212,-15.9158,3.6504],[124.6207,-15.9172,1.5873],[124.6228,-15.9177,1.9577],[124.6229,-15.9128,14.0582],[124.626,-15.9209,5.4139],[124.625,-15.9238,19.8045],[124.6233,-15.9192,0.7148],[124.6209,-15.921,1.6987],[124.6189,-15.9197,1.8038],[124.6152,-15.9255,4.4857],[124.6105,-15.9274,2.3398],[124.6114,-15.9331,0.9797],[124.6098,-15.9358,4.7364],[124.6072,-15.9349,5.9177],[124.6049,-15.9373,0.0],[124.6075,-15.9394,13.1393],[124.6056,-15.9406,0.0],[124.6071,-15.9424,1.6624],[124.6055,-15.9426,0.8474],[124.606,-15.9444,1.8784],[124.604,-15.9418,0.8474],[124.6004,-15.9414,10.2075],[124.5969,-15.943,7.2995],[124.5962,-15.9488,22.5771],[124.6018,-15.95,12.9285],[124.6019,-15.9535,13.079],[124.5982,-15.9607,18.7542],[124.5984,-15.9676,12.6428],[124.602,-15.9694,2.059],[124.6039,-15.968,0.5709],[124.609,-15.9684,0.2451],[124.6155,-15.9645,10.1316],[124.613,-15.9688,2.7299],[124.6056,-15.97,0.0],[124.6181,-15.9736,17.9561],[124.6243,-15.9813,0.8018],[124.6339,-15.9794,54.9414],[124.639,-15.9809,5.7821],[124.6426,-15.9884,12.355],[124.6417,-15.9958,8.3477],[124.638,-15.9986,4.1344],[124.9026,-15.9986,198.0369],[124.9026,-15.9015,349.6783],[125.1074,-15.9015,287.7479],[125.1074,-15.9394,201.194],[125.0917,-15.9424,197.7927],[125.0864,-15.946,195.5952],[125.0713,-15.95,213.499],[125.0696,-15.9529,214.3749],[125.2106,-15.9529,221.8872],[125.2131,-15.963,215.4364],[125.2157,-15.9668,213.0844],[125.2152,-15.9724,212.9564],[125.2235,-15.9781,210.2739],[125.2236,-15.9928,208.0499],[125.2272,-15.9986,208.5842],[126.0013,-15.9986,550.889],[126.0012,-16.0809,487.5487],[125.9895,-16.0807,516.6603],[125.9895,-16.4482,588.9994],[125.9623,-16.4482,631.839],[125.9623,-16.6459,428.1074],[125.9517,-16.6523,407.5833],[125.9503,-16.6697,402.1892],[125.9623,-16.6613,404.7133],[125.9623,-16.722,492.7921],[126.0298,-16.722,424.093],[126.0298,-16.6291,534.3644],[126.3258,-16.6291,438.2769],[126.3263,-16.6357,439.0781],[126.3238,-16.6375,443.7861],[126.3137,-16.6335,438.16],[126.3083,-16.6361,461.1449],[126.3102,-16.6463,435.3389],[126.306,-16.6616,438.815],[126.2978,-16.6754,431.897],[126.2902,-16.6809,430.103],[126.2865,-16.6864,430.985],[126.4908,-16.6864,517.3603],[126.4908,-16.7002,514.9653],[126.639,-16.7002,567.109],[126.639,-16.8471,475.8001],[126.9536,-16.8471,461.5445],[126.9536,-17.108,586.4554],[127.2197,-17.108,581.3519],[127.2197,-17.0722,595.9209],[127.3386,-17.0722,475.3469],[127.3386,-16.9807,615.0716],[127.4138,-16.9807,484.9641],[127.4138,-16.8426,496.7755],[127.5642,-16.8426,369.1021],[127.5642,-16.7694,418.3387],[127.7153,-16.7693,591.8694],[127.7153,-17.0762,516.3595],[127.6214,-17.0762,497.8976],[127.6214,-17.1494,556.0651],[127.6307,-17.1494,548.7427],[127.6307,-17.2319,645.1119],[127.6519,-17.2319,610.6484],[127.6519,-17.3363,566.7501],[127.8146,-17.3363,374.0086],[127.815,-17.2847,415.7279],[127.7129,-17.2847,449.2244],[127.7129,-17.2319,509.709],[127.8214,-17.2319,465.7718],[127.8214,-17.1702,537.9555],[127.8592,-17.1702,531.926],[127.8592,-17.0539,472.1222],[128.1354,-17.0539,338.8643],[128.1354,-17.0486,336.6481],[128.2025,-17.0486,208.2322],[128.2025,-16.9235,255.4733],[128.2429,-16.9235,209.9957],[128.2429,-16.9962,198.1598],[128.479,-16.9962,391.2801],[128.479,-16.9235,179.9526],[128.6977,-16.9235,114.98],[128.6981,-16.9312,117.9326],[128.7072,-16.9639,103.316],[128.7115,-16.9717,118.1699],[128.7125,-16.9795,106.8291],[129.0005,-16.9793,208.5233],[129.0005,-15.4134,18.6557]]],
[[[126.5969,-14.2218,1.2841],[126.5979,-14.2218,0.0],[126.598,-14.2173,0.0],[126.5972,-14.2181,0.9671],[126.5969,-14.2218,1.2841]]],
[[[126.5693,-14.2186,0.6959],[126.5702,-14.2195,0.6959],[126.5709,-14.2197,0.2621],[126.57,-14.218,0.6959],[126.5693,-14.2186,0.6959]]],
[[[126.5658,-14.217,1.9627],[126.567,-14.2161,0.0],[126.5667,-14.2147,0.0],[126.5659,-14.2151,0.8648],[126.5658,-14.217,1.9627]]],
[[[128.1008,-15.2276,0.0],[128.0938,-15.2304,0.0],[128.0913,-15.2357,0.0],[128.1006,-15.2305,15.0334],[128.1022,-15.2278,0.0],[128.1008,-15.2276,0.0]]],
[[[128.0994,-15.1822,0.0],[128.098,-15.1941,2.8328],[128.099,-15.1957,3.1018],[128.1062,-15.1918,0.7347],[128.1107,-15.1768,24.0663],[128.1131,-15.1735,3.1999],[128.1115,-15.1671,11.0246],[128.1076,-15.1642,0.0],[128.1062,-15.164,0.0],[128.1032,-15.1679,0.0],[128.102,-15.1728,0.0],[128.1033,-15.1754,0.0],[128.0994,-15.1822,0.0]]],
[[[128.1144,-15.1556,0.0],[128.114,-15.1561,0.0],[128.1143,-15.1573,0.0],[128.1147,-15.1568,0.0],[128.1144,-15.1556,0.0]]],
[[[128.1024,-15.1487,0.0],[128.1024,-15.1476,0.0],[128.1021,-15.1473,0.0],[128.1017,-15.1485,0.0],[128.1024,-15.1487,0.0]]],
[[[128.1383,-15.0467,0.8194],[128.1363,-15.0472,2.1776],[128.1295,-15.0408,0.0],[128.1243,-15.0408,0.0],[128.1227,-15.0484,2.1309],[128.1283,-15.0598,0.0],[128.1248,-15.0809,3.0015],[128.1222,-15.084,0.0],[128.1252,-15.0955,0.0],[128.1228,-15.104,1.1415],[128.1157,-15.1109,0.0],[128.114,-15.1201,0.0],[128.1157,-15.1282,3.306],[128.1193,-15.1328,0.5336],[128.1194,-15.1428,0.0],[128.1238,-15.1478,2.4832],[128.1274,-15.157,1.7865],[128.1631,-15.1708,2.4397],[128.1971,-15.194,3.4536],[128.1985,-15.1904,1.4424],[128.1953,-15.18,3.4688],[128.1939,-15.1664,3.5361],[128.1985,-15.1489,3.4482],[128.202,-15.1425,2.8242],[128.2007,-15.1314,4.743],[128.1953,-15.1236,7.3661],[128.1794,-15.1138,3.4566],[128.1635,-15.0974,5.7879],[128.1555,-15.0773,2.2793],[128.1544,-15.0708,2.404],[128.1554,-15.0565,0.0],[128.1508,-15.0505,2.1952],[128.1466,-15.0498,1.5148],[128.1473,-15.0482,0.8212],[128.1383,-15.0467,0.8194]]],
[[[128.1117,-15.0023,0.0],[128.1135,-15.006,3.3984],[128.1193,-15.004,3.537],[128.1128,-15.0007,0.5877],[128.1117,-15.0023,0.0]]],
[[[128.4448,-14.8925,1.1588],[128.4483,-14.9042,2.6019],[128.4534,-14.9129,1.0483],[128.4672,-14.9283,0.0],[128.4732,-14.9121,0.0],[128.4706,-14.9043,0.0],[128.4649,-14.8963,0.0],[128.4534,-14.888,2.408],[128.4461,-14.8799,0.0],[128.4432,-14.8851,0.0],[128.4448,-14.8925,1.1588]]],
[[[128.9696,-14.8825,2.8793],[128.9701,-14.8808,2.8515],[128.9691,-14.8801,2.9055],[128.9679,-14.8827,2.7634],[128.9696,-14.8825,2.8793]]],
[[[128.9682,-14.8789,2.8054],[128.9678,-14.8781,2.5953],[128.9644,-14.8789,2.3484],[128.9669,-14.8811,2.8345],[128.9682,-14.8789,2.8054]]],
[[[128.4281,-14.8632,0.0],[128.4274,-14.8649,0.6717],[128.4291,-14.8685,2.4362],[128.44,-14.886,0.7561],[128.4427,-14.8786,0.8031],[128.441,-14.8742,0.0],[128.4329,-14.8657,0.0],[128.4281,-14.8632,0.0]]],
[[[128.7968,-14.8579,3.4245],[128.7972,-14.8581,3.2114],[128.7976,-14.8577,3.167],[128.7972,-14.8573,3.4245],[128.7968,-14.8579,3.4245]]],
[[[128.8233,-14.8582,2.9088],[128.8223,-14.8567,1.2449],[128.821,-14.8574,2.5163],[128.8216,-14.8584,2.6108],[128.8233,-14.8582,2.9088]]],
[[[128.7937,-14.8571,3.213],[128.7945,-14.8582,3.059],[128.7957,-14.8581,3.2114],[128.7946,-14.8568,3.213],[128.7937,-14.8571,3.213]]],
[[[128.7883,-14.8569,2.9778],[128.7883,-14.8564,2.9778],[128.788,-14.8562,2.8231],[128.7878,-14.8569,2.9778],[128.7883,-14.8569,2.9778]]],
[[[128.795,-14.8559,2.9028],[128.7954,-14.8565,3.4245],[128.7964,-14.8564,3.4245],[128.7959,-14.8553,3.1948],[128.795,-14.8559,2.9028]]],
[[[128.8239,-14.855,0.0],[128.8225,-14.8544,0.0],[128.8215,-14.8549,0.4075],[128.8238,-14.8561,0.0],[128.8239,-14.855,0.0]]],
[[[128.7253,-14.8269,3.1247],[128.7246,-14.8255,2.9158],[128.7226,-14.8234,2.6007],[128.7224,-14.8245,2.6007],[128.7253,-14.8269,3.1247]]],
[[[128.7852,-14.773,0.0],[128.7851,-14.7726,0.0],[128.7843,-14.773,0.0],[128.7846,-14.7735,0.0],[128.7852,-14.773,0.0]]],
[[[128.7819,-14.7715,0.0],[128.7817,-14.7719,0.0],[128.7834,-14.7727,0.0],[128.7831,-14.7719,0.0],[128.7819,-14.7715,0.0]]],
[[[128.7756,-14.7711,0.0],[128.7757,-14.7693,2.5624],[128.7784,-14.768,1.1728],[128.7711,-14.7664,0.0],[128.7732,-14.7675,0.0],[128.7737,-14.7703,0.0],[128.7756,-14.7711,0.0]]],
[[[128.3084,-14.736,0.0],[128.2947,-14.7355,0.0],[128.295,-14.7386,0.0],[128.3006,-14.7434,6.2094],[128.2971,-14.7457,0.0],[128.3047,-14.7474,20.463],[128.3085,-14.746,25.7848],[128.3062,-14.7491,7.6607],[128.3038,-14.7479,20.463],[128.3033,-14.7511,0.0],[128.3017,-14.7515,4.2245],[128.303,-14.7561,11.446],[128.3065,-14.7603,37.188],[128.3109,-14.7628,22.3631],[128.314,-14.7619,0.0],[128.3162,-14.7579,52.6441],[128.3198,-14.7579,30.8491],[128.3224,-14.7599,4.3591],[128.327,-14.756,44.8261],[128.331,-14.7571,22.9909],[128.3313,-14.7605,2.5502],[128.334,-14.7602,0.8942],[128.3311,-14.7524,0.0],[128.3228,-14.7433,0.0],[128.3188,-14.7414,2.7944],[128.3163,-14.7427,1.8832],[128.3173,-14.7458,15.1221],[128.3158,-14.7453,15.1221],[128.3141,-14.7393,0.0],[128.3084,-14.736,0.0]]],
[[[128.6327,-14.7203,7.1895],[128.6329,-14.7217,12.9723],[128.6371,-14.7253,3.229],[128.6364,-14.7228,6.5953],[128.6327,-14.7203,7.1895]]],
[[[127.941,-14.54,0.0],[127.9413,-14.5385,0.0],[127.9401,-14.5381,0.8115],[127.9396,-14.5392,0.8115],[127.941,-14.54,0.0]]],
[[[127.8747,-14.4717,0.0],[127.8743,-14.4727,0.0],[127.8748,-14.473,0.0],[127.8751,-14.472,0.0],[127.8747,-14.4717,0.0]]],
[[[127.8727,-14.4432,51.8614],[127.8724,-14.4372,15.5514],[127.8653,-14.4346,16.4499],[127.8638,-14.4306,5.6513],[127.8573,-14.4326,0.0],[127.8532,-14.4366,5.2441],[127.8523,-14.451,0.0],[127.8434,-14.456,3.3407],[127.8387,-14.4565,4.1512],[127.8422,-14.471,2.4098],[127.8481,-14.4786,2.5472],[127.8519,-14.4794,2.9681],[127.8587,-14.4737,41.7941],[127.8626,-14.4675,11.5619],[127.8614,-14.4627,3.6791],[127.8685,-14.4639,1.4901],[127.8684,-14.4615,2.0152],[127.875,-14.4588,14.1339],[127.8727,-14.4432,51.8614]]],
[[[127.8384,-14.3732,0.0],[127.8379,-14.3728,0.0],[127.8374,-14.3734,0.0],[127.8379,-14.3737,0.0],[127.8384,-14.3732,0.0]]],
[[[127.8409,-14.3716,0.0],[127.8405,-14.3727,0.0],[127.8418,-14.3723,0.0],[127.8418,-14.372,0.0],[127.8409,-14.3716,0.0]]],
[[[127.8221,-14.366,3.5168],[127.8207,-14.3617,3.7538],[127.8137,-14.3582,0.4222],[127.8108,-14.3529,0.0],[127.8098,-14.3566,4.17],[127.8054,-14.3576,0.0],[127.8051,-14.3695,0.0],[127.8112,-14.3776,12.052],[127.8152,-14.3769,7.7799],[127.8163,-14.3739,13.1304],[127.8197,-14.3739,26.2147],[127.8175,-14.3653,2.9199],[127.8229,-14.3689,1.7089],[127.8221,-14.366,3.5168]]],
[[[125.8248,-14.1931,1.084],[125.8246,-14.194,1.084],[125.8248,-14.1943,1.084],[125.8253,-14.1937,1.084],[125.8248,-14.1931,1.084]]],
[[[125.6606,-14.1887,10.3035],[125.659,-14.1857,1.1849],[125.6566,-14.1897,0.0],[125.658,-14.1937,1.4448],[125.6619,-14.1902,0.9848],[125.6606,-14.1887,10.3035]]],
[[[125.7398,-14.1851,10.3877],[125.7383,-14.178,55.1404],[125.7319,-14.1748,54.2224],[125.7275,-14.1759,89.132],[125.7225,-14.1829,4.2847],[125.726,-14.1912,1.0298],[125.7278,-14.1915,0.6782],[125.7298,-14.189,15.38],[125.7319,-14.1896,11.0921],[125.7304,-14.1911,1.1039],[125.7309,-14.1928,0.0],[125.7377,-14.1904,7.0882],[125.7398,-14.1851,10.3877]]],
[[[125.6775,-14.181,0.0],[125.6783,-14.1805,0.8524],[125.6781,-14.1793,0.0],[125.6776,-14.1795,0.0],[125.6775,-14.181,0.0]]],
[[[126.1475,-14.185,0.0],[126.1475,-14.1857,0.0],[126.1485,-14.1853,0.0],[126.1484,-14.1849,0.0],[126.1475,-14.185,0.0]]],
[[[126.1489,-14.1831,0.9925],[126.149,-14.1823,0.0],[126.1485,-14.1822,0.8926],[126.1482,-14.1832,0.9925],[126.1489,-14.1831,0.9925]]],
[[[126.2273,-14.1772,0.6926],[126.2281,-14.1772,0.6926],[126.2281,-14.177,0.6926],[126.2269,-14.177,1.351],[126.2273,-14.1772,0.6926]]],
[[[126.2244,-14.1763,0.7192],[126.2244,-14.1773,0.7192],[126.2262,-14.1767,1.351],[126.2258,-14.1763,1.351],[126.2244,-14.1763,0.7192]]],
[[[125.6615,-14.1832,0.0],[125.6675,-14.183,0.0],[125.6673,-14.1808,4.8573],[125.6706,-14.178,1.7447],[125.6695,-14.1761,3.6939],[125.6722,-14.1748,0.3915],[125.6707,-14.1706,0.3219],[125.668,-14.1743,-0.0118],[125.6681,-14.1784,3.3904],[125.664,-14.1786,0.4338],[125.6637,-14.1802,3.2074],[125.6613,-14.1805,0.9574],[125.6598,-14.1817,1.4567],[125.6615,-14.1832,0.0]]],
[[[125.6738,-14.1749,0.0],[125.6742,-14.1721,0.2613],[125.6736,-14.1714,0.2613],[125.6727,-14.1753,0.3915],[125.6738,-14.1749,0.0]]],
[[[125.6828,-14.177,6.4178],[125.6819,-14.1747,15.1906],[125.6832,-14.1685,53.5017],[125.6783,-14.1576,0.0],[125.6781,-14.1605,17.8074],[125.6758,-14.1627,8.1832],[125.6723,-14.1629,0.0],[125.6693,-14.1667,0.0],[125.6752,-14.1707,3.9808],[125.6774,-14.1736,1.4772],[125.6762,-14.1759,6.2328],[125.6828,-14.177,6.4178]]],
[[[125.7875,-14.1676,1.0988],[125.7865,-14.1704,0.0],[125.7876,-14.1712,1.6431],[125.7927,-14.1684,1.7436],[125.7942,-14.1607,6.9302],[125.79,-14.1565,3.9386],[125.7801,-14.1552,0.0472],[125.778,-14.1579,-0.4228],[125.7875,-14.1645,2.6794],[125.7875,-14.1676,1.0988]]],
[[[126.2295,-14.1765,0.0],[126.2294,-14.1761,0.0],[126.2289,-14.1761,0.0],[126.2288,-14.1767,0.6926],[126.2295,-14.1765,0.0]]],
[[[126.2272,-14.1758,0.0],[126.2269,-14.1758,0.2505],[126.2266,-14.176,0.2505],[126.2274,-14.1762,0.0],[126.2272,-14.1758,0.0]]],
[[[126.2258,-14.175,0.2505],[126.2256,-14.1755,0.2505],[126.2262,-14.1756,0.2505],[126.2264,-14.1753,0.2505],[126.2258,-14.175,0.2505]]],
[[[126.2922,-14.1668,3.2254],[126.2952,-14.1678,3.118],[126.2991,-14.1641,1.9215],[126.2968,-14.1603,1.645],[126.2916,-14.1595,0.8644],[126.2894,-14.1643,5.7642],[126.2856,-14.1677,1.4533],[126.2853,-14.1712,4.176],[126.2894,-14.1672,1.5087],[126.2922,-14.1668,3.2254]]],
[[[127.7309,-14.2636,0.5648],[127.7345,-14.2628,2.3676],[127.7343,-14.2591,0.8402],[127.7252,-14.257,1.8444],[127.7249,-14.2598,0.0],[127.7281,-14.2605,4.0887],[127.7309,-14.2636,0.5648]]],
[[[127.7135,-14.2393,2.9135],[127.7161,-14.2377,2.7864],[127.7156,-14.2333,2.3839],[127.7099,-14.2335,0.4859],[127.707,-14.237,7.1535],[127.7054,-14.2354,0.0],[127.7016,-14.2398,1.0421],[127.7028,-14.2432,5.0489],[127.7067,-14.2456,2.8431],[127.7115,-14.2437,0.8269],[127.7135,-14.2393,2.9135]]],
[[[127.5901,-14.1358,1.1951],[127.5914,-14.1365,0.0],[127.5918,-14.1359,0.0],[127.5912,-14.1355,1.1951],[127.5901,-14.1358,1.1951]]],
[[[127.5708,-14.123,0.0],[127.5719,-14.1237,0.0],[127.5728,-14.1229,0.0],[127.5709,-14.1217,0.0],[127.5708,-14.123,0.0]]],
[[[126.5711,-14.2179,1.2137],[126.5748,-14.2201,1.0178],[126.5743,-14.2245,0.1713],[126.5763,-14.2271,1.592],[126.5829,-14.2265,2.0947],[126.587,-14.2242,0.5475],[126.5747,-14.2165,0.8925],[126.5755,-14.2037,0.0],[126.5698,-14.2135,1.3146],[126.5711,-14.2179,1.2137]]],
[[[126.5869,-14.2059,2.4039],[126.586,-14.2009,1.056],[126.5808,-14.1996,0.2369],[126.5786,-14.1958,0.0],[126.5757,-14.1976,0.0753],[126.5792,-14.203,1.249],[126.5765,-14.2156,0.8948],[126.581,-14.2196,1.5889],[126.5845,-14.2204,3.0733],[126.5836,-14.2185,2.6429],[126.5906,-14.2229,2.3874],[126.5931,-14.2153,0.212],[126.5852,-14.2066,1.5786],[126.5869,-14.2059,2.4039]]],
[[[126.5852,-14.1989,1.0259],[126.5888,-14.2024,0.7819],[126.5878,-14.207,2.2425],[126.5915,-14.2107,0.0],[126.5895,-14.2004,0.0],[126.5842,-14.1958,0.0],[126.5822,-14.1986,2.8471],[126.5852,-14.1989,1.0259]]],
[[[126.5582,-14.1457,0.4729],[126.5527,-14.1465,0.0],[126.552,-14.1472,0.0],[126.5552,-14.1489,2.4304],[126.5582,-14.1457,0.4729]]],
[[[127.5729,-14.1199,0.0],[127.5743,-14.1189,0.0],[127.5715,-14.1169,0.0],[127.5716,-14.1184,0.0],[127.5729,-14.1199,0.0]]],
[[[127.5715,-14.1064,0.0],[127.5693,-14.107,0.0],[127.5687,-14.109,0.0],[127.5729,-14.113,0.0],[127.5736,-14.1114,0.0],[127.5715,-14.1064,0.0]]],
[[[127.5634,-14.1082,0.0],[127.5652,-14.1079,0.2797],[127.5635,-14.1061,0.0],[127.563,-14.1066,1.0576],[127.5634,-14.1082,0.0]]],
[[[127.5484,-14.0938,9.0325],[127.5482,-14.0949,10.0137],[127.5494,-14.0962,10.0137],[127.5494,-14.0944,9.0325],[127.5484,-14.0938,9.0325]]],
[[[127.5128,-14.0839,0.8913],[127.5119,-14.0846,0.4092],[127.5122,-14.0849,0.4092],[127.5137,-14.0842,0.0],[127.5128,-14.0839,0.8913]]],
[[[127.518,-14.0665,0.0478],[127.5183,-14.0671,0.0478],[127.5191,-14.0668,0.0478],[127.5186,-14.0662,0.0],[127.518,-14.0665,0.0478]]],
[[[127.5194,-14.0647,0.0],[127.519,-14.0647,0.0],[127.519,-14.0655,0.0],[127.5195,-14.0653,0.0],[127.5194,-14.0647,0.0]]],
[[[127.5176,-14.0611,0.0],[127.5176,-14.0605,0.0],[127.5171,-14.0603,0.0],[127.5168,-14.061,0.0],[127.5176,-14.0611,0.0]]],
[[[125.8858,-14.623,0.0],[125.8861,-14.622,0.0],[125.8853,-14.6216,0.0],[125.8848,-14.6227,0.0],[125.8858,-14.623,0.0]]],
[[[125.6532,-14.6236,4.5909],[125.654,-14.6247,1.8189],[125.655,-14.6235,4.5909],[125.6549,-14.6188,0.0],[125.654,-14.6201,0.0],[125.6532,-14.6236,4.5909]]],
[[[125.6573,-14.6188,0.0],[125.6584,-14.6188,0.0],[125.658,-14.6164,0.0],[125.6573,-14.6175,0.0],[125.6573,-14.6188,0.0]]],
[[[125.6572,-14.6141,0.0],[125.6555,-14.615,0.0],[125.6565,-14.6163,0.0],[125.6579,-14.6156,0.0],[125.6572,-14.6141,0.0]]],
[[[125.9264,-14.6483,0.0],[125.928,-14.6478,3.401],[125.9284,-14.6471,3.401],[125.9264,-14.6474,4.1893],[125.9264,-14.6483,0.0]]],
[[[125.932,-14.6477,9.3593],[125.9338,-14.6457,10.5287],[125.9331,-14.6406,0.0],[125.928,-14.6389,0.0],[125.9271,-14.6408,1.4423],[125.932,-14.6477,9.3593]]],
[[[125.8877,-14.5733,5.1282],[125.8883,-14.5738,5.1282],[125.8894,-14.5734,5.1282],[125.8886,-14.5725,0.7837],[125.8877,-14.5733,5.1282]]],
[[[125.9731,-14.5269,0.0],[125.9727,-14.5272,0.0],[125.9733,-14.5278,0.0],[125.9739,-14.5274,0.0],[125.9731,-14.5269,0.0]]],
[[[125.6578,-14.6041,0.0],[125.6579,-14.6013,0.0],[125.653,-14.6029,4.681],[125.6552,-14.6081,0.9892],[125.6578,-14.6041,0.0]]],
[[[125.7042,-14.4917,-0.3151],[125.7039,-14.4905,0.0],[125.7033,-14.4904,0.0],[125.703,-14.4927,-0.3151],[125.7042,-14.4917,-0.3151]]],
[[[125.7769,-14.4607,0.0],[125.7737,-14.4621,0.0],[125.7757,-14.4624,-0.4225],[125.7769,-14.4655,1.1362],[125.7774,-14.4639,0.7728],[125.7769,-14.4607,0.0]]],
[[[125.6899,-14.4596,0.0],[125.6894,-14.4613,0.0],[125.6916,-14.4609,1.3009],[125.6925,-14.4586,0.0],[125.6901,-14.4581,0.0],[125.6899,-14.4596,0.0]]],
[[[126.0237,-14.5229,0.0],[126.023,-14.5233,1.0785],[126.0243,-14.5239,0.0],[126.0243,-14.5233,0.0],[126.0237,-14.5229,0.0]]],
[[[125.9023,-14.5231,0.5483],[125.9018,-14.5222,0.0],[125.9009,-14.523,0.0],[125.9014,-14.5234,0.0],[125.9023,-14.5231,0.5483]]],
[[[125.9051,-14.5225,13.963],[125.9068,-14.5211,7.8156],[125.9083,-14.5228,17.5425],[125.9097,-14.5211,4.0449],[125.9062,-14.5203,7.8156],[125.9052,-14.517,0.0],[125.904,-14.5184,0.3451],[125.9051,-14.5225,13.963]]],
[[[126.009,-14.5176,0.0],[126.0092,-14.5185,0.0],[126.0101,-14.5182,0.0],[126.0097,-14.5176,0.0],[126.009,-14.5176,0.0]]],
[[[125.2932,-14.57,0.3621],[125.2925,-14.5704,0.0],[125.2933,-14.5711,0.3621],[125.2938,-14.5703,0.3621],[125.2932,-14.57,0.3621]]],
[[[125.3883,-14.5676,0.0],[125.3882,-14.5658,0.0],[125.3876,-14.5655,0.0],[125.3871,-14.5666,0.2445],[125.3883,-14.5676,0.0]]],
[[[125.3896,-14.565,0.0],[125.3903,-14.5655,0.0],[125.3903,-14.5642,0.0],[125.3893,-14.5647,0.0],[125.3896,-14.565,0.0]]],
[[[125.3166,-14.5645,0.0],[125.3152,-14.5618,0.646],[125.3139,-14.5625,0.646],[125.3144,-14.5662,0.7926],[125.3161,-14.5668,0.0],[125.3166,-14.5645,0.0]]],
[[[125.4187,-14.5617,0.862],[125.4177,-14.5614,0.0],[125.4176,-14.5629,0.0],[125.4187,-14.5617,0.862]]],
[[[125.4153,-14.5618,1.7021],[125.4147,-14.56,0.8159],[125.4126,-14.5616,12.8957],[125.414,-14.5627,12.8957],[125.4153,-14.5618,1.7021]]],
[[[125.5945,-14.5592,4.076],[125.5939,-14.5596,0.4305],[125.5952,-14.5603,0.4305],[125.5955,-14.5598,0.0],[125.5945,-14.5592,4.076]]],
[[[125.438,-14.5596,0.0],[125.4397,-14.5555,2.0634],[125.4335,-14.5607,2.626],[125.4358,-14.5631,0.0],[125.4378,-14.562,0.0],[125.438,-14.5596,0.0]]],
[[[125.4157,-14.5574,0.0],[125.4152,-14.5571,0.0],[125.4143,-14.5583,0.0],[125.4152,-14.5583,0.0],[125.4157,-14.5574,0.0]]],
[[[125.4338,-14.5581,0.0],[125.4357,-14.5549,3.7169],[125.4342,-14.5512,0.786],[125.426,-14.5481,7.0456],[125.425,-14.5493,7.0456],[125.4268,-14.5504,21.1761],[125.423,-14.5503,5.7494],[125.4214,-14.5518,12.7703],[125.4191,-14.5589,0.9061],[125.423,-14.5601,14.4159],[125.4202,-14.5609,0.0],[125.4197,-14.5635,0.0],[125.4213,-14.5636,6.8286],[125.4191,-14.5649,0.0],[125.4228,-14.5663,0.0],[125.4227,-14.5634,0.0],[125.4247,-14.5614,0.7163],[125.4338,-14.5581,0.0]]],
[[[125.4128,-14.5433,0.0],[125.4148,-14.5426,0.0],[125.4148,-14.5411,0.0],[125.4142,-14.5411,8.8164],[125.4128,-14.5433,0.0]]],
[[[125.4284,-14.5417,0.2869],[125.4263,-14.5446,0.0],[125.4381,-14.5471,3.4942],[125.4412,-14.5431,0.0],[125.4417,-14.5396,1.7976],[125.4367,-14.5347,34.6331],[125.437,-14.5319,0.0],[125.4342,-14.5311,0.0],[125.4301,-14.5338,4.3322],[125.4305,-14.5387,4.22],[125.4284,-14.5417,0.2869]]],
[[[125.2819,-14.5547,0.0],[125.2823,-14.553,5.8915],[125.2798,-14.552,1.2857],[125.2777,-14.5583,0.0],[125.281,-14.5588,0.0],[125.2819,-14.5547,0.0]]],
[[[125.392,-14.5559,5.5947],[125.392,-14.5577,5.1586],[125.3964,-14.5574,0.0],[125.3967,-14.5544,0.0],[125.3947,-14.553,8.0233],[125.392,-14.5559,5.5947]]],
[[[125.3255,-14.5569,4.3191],[125.3269,-14.5582,0.0],[125.3295,-14.5568,5.8717],[125.3301,-14.5535,1.3556],[125.3284,-14.5513,4.7434],[125.3264,-14.5521,4.5048],[125.3262,-14.5549,18.0525],[125.3215,-14.5505,0.0],[125.3207,-14.5561,1.7645],[125.3255,-14.5569,4.3191]]],
[[[125.4116,-14.5363,24.0771],[125.4089,-14.5352,4.7876],[125.4069,-14.5367,7.8167],[125.4046,-14.5401,24.3282],[125.4051,-14.5422,5.3862],[125.4067,-14.5429,16.5162],[125.4143,-14.5399,8.8164],[125.4114,-14.539,30.6695],[125.4116,-14.5363,24.0771]]],
[[[125.4657,-14.5343,2.5683],[125.466,-14.5327,0.0],[125.4622,-14.5359,0.0],[125.464,-14.5363,0.0],[125.4657,-14.5343,2.5683]]],
[[[125.5581,-14.5314,0.6048],[125.5578,-14.5317,0.6048],[125.5582,-14.5335,0.0],[125.5585,-14.5317,0.9512],[125.5581,-14.5314,0.6048]]],
[[[125.4403,-14.5314,0.2896],[125.4409,-14.532,0.2896],[125.4418,-14.5319,0.0],[125.4408,-14.5306,0.0],[125.4403,-14.5314,0.2896]]],
[[[125.4064,-14.5355,5.7132],[125.411,-14.5318,1.7763],[125.4135,-14.5243,0.4565],[125.406,-14.5329,0.0],[125.4064,-14.5355,5.7132]]],
[[[125.3191,-14.5277,2.8629],[125.3185,-14.5261,0.0],[125.3167,-14.5261,0.0],[125.3157,-14.5309,2.7334],[125.3177,-14.5311,0.0],[125.3191,-14.5277,2.8629]]],
[[[125.3169,-14.5133,6.3827],[125.3148,-14.514,0.0],[125.3177,-14.5156,0.0],[125.3182,-14.5139,0.0],[125.3169,-14.5133,6.3827]]],
[[[125.3401,-14.5124,73.2954],[125.3353,-14.5093,8.872],[125.3335,-14.514099999999999,11.9498],[125.3413,-14.5153,0.0],[125.3401,-14.5124,73.2954]]],
[[[125.3448,-14.5085,2.5471],[125.3439,-14.5105,0.0],[125.3472,-14.5107,1.01],[125.3463,-14.5083,2.5471],[125.3448,-14.5085,2.5471]]],
[[[125.4131,-14.5292,5.8073],[125.4137,-14.5296,0.0],[125.4157,-14.5274,1.651],[125.4147,-14.527,1.651],[125.4131,-14.5292,5.8073]]],
[[[125.4881,-14.5172,0.0],[125.488,-14.5178,0.0],[125.4885,-14.5183,0.0],[125.4891,-14.5173,0.0],[125.4881,-14.5172,0.0]]],
[[[125.4995,-14.5058,0.0],[125.5001,-14.5041,17.7983],[125.5038,-14.504,8.7923],[125.5045,-14.5003,2.9185],[125.5013,-14.5011,0.6194],[125.5,-14.4996,2.4516],[125.4975,-14.5009,1.1168],[125.4917,-14.5068,4.8984],[125.4956,-14.5103,3.3986],[125.5014,-14.5107,0.3094],[125.5027,-14.5088,7.7949],[125.5058,-14.5086,5.0258],[125.4995,-14.5058,0.0]]],
[[[125.4708,-14.4913,14.7412],[125.4673,-14.4889,1.7687],[125.4632,-14.4887,3.9147],[125.4528,-14.481,0.5111],[125.4446,-14.4813,0.0],[125.4488,-14.4875,4.8942],[125.4511,-14.4969,0.0],[125.4607,-14.5021,12.5526],[125.4644,-14.5066,6.0135],[125.4674,-14.506,49.7442],[125.4696,-14.5106,0.0],[125.4733,-14.512,7.4105],[125.4759,-14.5108,22.3035],[125.4761,-14.5069,24.7223],[125.4788,-14.5106,0.5793],[125.4797,-14.5092,19.8549],[125.4826,-14.5103,0.0],[125.4849,-14.506,4.1746],[125.4899,-14.5041,5.3642],[125.4903,-14.4986,17.9705],[125.4923,-14.5014,0.0],[125.4936,-14.499,3.7214],[125.4947,-14.5019,2.0656],[125.4971,-14.4997,1.1168],[125.4951,-14.4937,0.7163],[125.4955,-14.4995,1.9977],[125.4907,-14.4936,1.7728],[125.489,-14.4956,0.0],[125.4895,-14.4981,17.9705],[125.4851,-14.4944,2.0546],[125.485,-14.4931,2.0546],[125.4874,-14.4946,2.2597],[125.4889,-14.493,0.6598],[125.4885,-14.489,2.3186],[125.4881,-14.4918,7.0544],[125.4858,-14.4899,8.6187],[125.4812,-14.4916,6.7599],[125.4845,-14.4887,0.6367],[125.4841,-14.4848,6.3243],[125.4804,-14.4868,3.6643],[125.4799,-14.4896,0.0],[125.4776,-14.4917,0.0],[125.4785,-14.4944,7.8944],[125.4749,-14.4974,13.6503],[125.4714,-14.4947,92.0768],[125.4708,-14.4913,14.7412]]],
[[[125.3603,-14.5098,0.0],[125.3611,-14.5096,1.6711],[125.359,-14.5085,0.0],[125.359,-14.5092,0.0],[125.3603,-14.5098,0.0]]],
[[[125.3765,-14.5047,0.0],[125.3776,-14.5051,0.0],[125.3781,-14.5043,0.0],[125.3766,-14.5033,0.0],[125.3765,-14.5047,0.0]]],
[[[125.3407,-14.5048,0.0],[125.3417,-14.4984,1.7142],[125.3447,-14.4988,1.9837],[125.3454,-14.4929,0.0],[125.3378,-14.4981,0.0],[125.3382,-14.502,15.1991],[125.3407,-14.5048,0.0]]],
[[[125.4024,-14.4771,0.0],[125.4025,-14.4757,0.0],[125.4018,-14.4754,0.0],[125.4012,-14.4767,0.0],[125.4024,-14.4771,0.0]]],
[[[125.495,-14.4866,0.285],[125.4968,-14.4835,0.2137],[125.4939,-14.4834,14.7885],[125.493,-14.4814,2.3748],[125.4896,-14.4825,0.0],[125.4894,-14.4864,0.0],[125.4941,-14.4867,1.0401],[125.496,-14.4895,0.0],[125.4981,-14.4895,0.4592],[125.495,-14.4866,0.285]]],
[[[125.487,-14.482,0.2368],[125.4873,-14.4822,0.2368],[125.4886,-14.4801,0.0],[125.4871,-14.4806,0.2001],[125.487,-14.482,0.2368]]],
[[[125.5333,-14.4487,9.2173],[125.5303,-14.4476,3.9994],[125.5381,-14.4443,3.1192],[125.5374,-14.4413,11.2923],[125.5313,-14.4336,38.0841],[125.5321,-14.4311,3.6807],[125.5302,-14.4284,5.4851],[125.5311,-14.4254,16.3641],[125.5298,-14.4226,0.0],[125.5276,-14.4267,24.3293],[125.5254,-14.4276,0.0],[125.5233,-14.4333,3.8555],[125.5208,-14.4336,0.0],[125.5191,-14.4373,0.0],[125.5153,-14.44,2.1408],[125.5156,-14.4447,6.2739],[125.5114,-14.4445,0.0],[125.5128,-14.4493,7.8447],[125.5169,-14.4488,40.684],[125.5173,-14.4499,33.8204],[125.5113,-14.455,2.5705],[125.5166,-14.4541,19.2981],[125.5174,-14.4599,13.3897],[125.5235,-14.4673,5.5206],[125.5224,-14.4804,0.0],[125.5241,-14.4817,2.3109],[125.5235,-14.485,1.1779],[125.528,-14.4897,0.0],[125.5312,-14.4896,0.6057],[125.5354,-14.4863,7.3932],[125.5427,-14.4909,6.3179],[125.549,-14.4922,12.6303],[125.555,-14.4914,4.4923],[125.5593,-14.4942,6.2229],[125.5627,-14.4862,0.0],[125.5564,-14.4793,0.0],[125.5512,-14.477,0.0],[125.5402,-14.4769,2.6058],[125.5381,-14.4746,2.3113],[125.5415,-14.4697,47.3313],[125.5423,-14.462,3.6646],[125.545,-14.4614,1.6831],[125.5431,-14.4582,6.7473],[125.5443,-14.4558,0.675],[125.5414,-14.4542,13.2076],[125.54,-14.4496,5.6499],[125.5333,-14.4487,9.2173]]],
[[[125.5091,-14.4563,0.0],[125.5086,-14.4562,0.0],[125.5079,-14.4566,0.0],[125.5086,-14.4571,0.0],[125.5091,-14.4563,0.0]]],
[[[125.5319,-14.4477,2.3164],[125.5327,-14.448,9.2173],[125.5347,-14.4476,0.0],[125.5325,-14.4472,2.3164],[125.5319,-14.4477,2.3164]]],
[[[125.512,-14.4353,2.3733],[125.5113,-14.435,2.3733],[125.5096,-14.4356,2.7592],[125.5109,-14.4362,2.7592],[125.512,-14.4353,2.3733]]],
[[[125.5128,-14.4336,9.2006],[125.5161,-14.4349,1.7143],[125.521,-14.4251,1.0051],[125.5165,-14.4239,0.0],[125.5079,-14.4276,0.0],[125.5044,-14.4247,0.225],[125.5008,-14.4293,1.9881],[125.5045,-14.4343,6.8899],[125.5128,-14.4336,9.2006]]],
[[[125.4906,-14.4271,0.0],[125.4912,-14.4277,0.0],[125.4921,-14.4263,0.0],[125.4918,-14.4262,0.0],[125.4906,-14.4271,0.0]]],
[[[125.3148,-14.4612,0.0],[125.3153,-14.4621,0.0],[125.3162,-14.4619,0.0],[125.315,-14.461,0.0],[125.3148,-14.4612,0.0]]],
[[[125.2859,-14.4332,0.0],[125.2866,-14.4331,0.0],[125.2874,-14.4305,3.5085],[125.2858,-14.4316,0.0],[125.2859,-14.4332,0.0]]],
[[[125.4056,-14.4204,2.842],[125.4033,-14.4194,0.0],[125.4024,-14.4218,2.8249],[125.4049,-14.4219,0.0],[125.4056,-14.4204,2.842]]],
[[[125.3375,-14.4063,5.1348],[125.3374,-14.4083,0.0],[125.3419,-14.4076,4.2287],[125.3455,-14.4099,0.5456],[125.3424,-14.406,0.0],[125.3375,-14.4063,5.1348]]],
[[[125.5208,-14.4238,0.0],[125.5218,-14.4239,0.7593],[125.5218,-14.4229,0.0],[125.5211,-14.4231,0.0],[125.5208,-14.4238,0.0]]],
[[[125.512,-14.4222,0.282],[125.5127,-14.4221,0.282],[125.5124,-14.4205,0.0],[125.5114,-14.421,0.0],[125.512,-14.4222,0.282]]],
[[[125.476,-14.4206,3.4184],[125.4746,-14.4197,3.4184],[125.4734,-14.4212,0.0],[125.4751,-14.422,0.0],[125.476,-14.4206,3.4184]]],
[[[125.4919,-14.4086,0.4987],[125.4918,-14.4091,0.4987],[125.4925,-14.4093,0.0],[125.4926,-14.4083,0.0],[125.4919,-14.4086,0.4987]]],
[[[125.9651,-14.3478,18.6037],[125.9694,-14.3484,2.8518],[125.9706,-14.3469,14.2776],[125.9665,-14.3416,14.0244],[125.9663,-14.3301,2.5139],[125.9594,-14.3222,0.2837],[125.9527,-14.3266,0.0],[125.9537,-14.3292,0.9835],[125.9576,-14.3308,4.539],[125.9589,-14.3351,1.6569],[125.951,-14.3376,9.0387],[125.9499,-14.3359,0.0],[125.9432,-14.3361,1.093],[125.9481,-14.3396,2.7827],[125.949,-14.3456,0.0],[125.9442,-14.3567,3.0391],[125.9377,-14.358,10.0042],[125.9348,-14.3609,0.0],[125.9378,-14.3645,11.208],[125.9424,-14.3644,15.3441],[125.943,-14.3659,0.0],[125.9379,-14.3692,3.3515],[125.9347,-14.3743,0.0],[125.9268,-14.3744,0.0],[125.925,-14.3731,6.5416],[125.9235,-14.3754,2.5557],[125.9242,-14.3772,0.2807],[125.9267,-14.376,15.2274],[125.9331,-14.3772,24.35],[125.9374,-14.3875,20.3881],[125.9445,-14.3888,11.643],[125.9474,-14.3864,0.0],[125.9502,-14.3803,19.757],[125.9565,-14.3742,4.8061],[125.956,-14.3708,6.2948],[125.9585,-14.3634,10.6938],[125.956,-14.3586,3.2705],[125.9602,-14.351,22.9416],[125.9651,-14.3478,18.6037]]],
[[[126.0557,-14.3484,0.6427],[126.0545,-14.3475,0.0],[126.0538,-14.3504,0.7733],[126.0543,-14.3507,0.0],[126.0557,-14.3484,0.6427]]],
[[[126.0051,-14.3496,0.0],[126.0043,-14.345,2.6574],[125.9986,-14.3443,0.0],[126.0023,-14.3494,1.8501],[126.0051,-14.3496,0.0]]],
[[[125.9794,-14.3353,19.1803],[125.978,-14.3335,22.6741],[125.9811,-14.3346,0.0],[125.9828,-14.3376,3.0053],[125.987,-14.3332,8.2272],[125.9869,-14.3309,16.8124],[125.9912,-14.3295,7.3423],[125.994,-14.3243,20.74],[125.9939,-14.3209,11.65],[125.9891,-14.3206,0.0],[125.9764,-14.3282,8.9895],[125.9738,-14.3346,0.0],[125.9763,-14.3379,39.3465],[125.9779,-14.338,4.1643],[125.9794,-14.3353,19.1803]]],
[[[125.6796,-14.3591,0.246],[125.6791,-14.3598,0.0],[125.6804,-14.3607,0.4643],[125.6811,-14.3594,0.0],[125.6796,-14.3591,0.246]]],
[[[125.7144,-14.3554,0.0],[125.72,-14.354,0.1669],[125.7208,-14.3521,0.0],[125.717,-14.3531,5.7399],[125.7145,-14.3496,14.0108],[125.7089,-14.3472,0.0],[125.7086,-14.3533,3.2648],[125.7114,-14.3554,0.0],[125.7144,-14.3554,0.0]]],
[[[125.7062,-14.3457,0.3618],[125.7069,-14.3453,1.6664],[125.7057,-14.3432,4.7652],[125.7053,-14.3439,4.7652],[125.7062,-14.3457,0.3618]]],
[[[125.7543,-14.3253,1.1937],[125.755,-14.3257,1.1937],[125.7563,-14.3254,0.2765],[125.7545,-14.3249,1.1937],[125.7543,-14.3253,1.1937]]],
[[[125.7714,-14.3256,2.9311],[125.7733,-14.3266,0.6521],[125.7721,-14.3242,3.2743],[125.7733,-14.3219,0.2788],[125.7709,-14.3223,0.137],[125.7674,-14.3195,0.0],[125.7613,-14.3242,0.0],[125.763,-14.3255,2.211],[125.7685,-14.3238,6.3157],[125.7691,-14.3261,0.0],[125.7714,-14.3256,2.9311]]],
[[[125.7276,-14.3227,2.4664],[125.7257,-14.3214,0.4364],[125.7249,-14.3219,0.0],[125.7263,-14.3238,0.0648],[125.7276,-14.3227,2.4664]]],
[[[125.7277,-14.3219,2.4664],[125.7285,-14.3218,2.4664],[125.7284,-14.3203,0.2544],[125.7277,-14.3205,0.2544],[125.7277,-14.3219,2.4664]]],
[[[125.7386,-14.3168,0.1554],[125.7382,-14.3173,0.1554],[125.7386,-14.3178,0.1554],[125.7394,-14.3172,0.1554],[125.7386,-14.3168,0.1554]]],
[[[125.9323,-14.3278,0.0],[125.9309,-14.3273,0.0],[125.9332,-14.3293,0.0],[125.9332,-14.3286,0.0],[125.9323,-14.3278,0.0]]],
[[[125.9201,-14.3293,0.3721],[125.9267,-14.3257,7.3913],[125.9292,-14.3263,0.2083],[125.9296,-14.3246,1.0773],[125.9229,-14.324,1.3033],[125.9188,-14.3284,0.3721],[125.9201,-14.3293,0.3721]]],
[[[125.9448,-14.3273,2.2931],[125.9436,-14.3242,3.6828],[125.9426,-14.3236,1.6709],[125.9421,-14.3248,0.8213],[125.9448,-14.3273,2.2931]]],
[[[126.0101,-14.3047,4.615],[126.0053,-14.3039,0.3632],[126.004,-14.3009,9.4374],[126.0062,-14.2918,8.9541],[126.0089,-14.2875,1.4178],[126.009,-14.2809,0.0],[126.0041,-14.284,6.9751],[125.9866,-14.2893,5.2644],[125.9924,-14.302,1.9729],[125.9901,-14.3052,4.7581],[125.9859,-14.307,0.0],[125.9851,-14.3133,5.1427],[125.9883,-14.3159,3.3451],[125.9953,-14.3175,2.3656],[125.9983,-14.3252,0.0],[125.9943,-14.3313,0.0],[125.9933,-14.3363,1.8851],[125.9985,-14.3378,4.2377],[126.0003,-14.3414,0.0],[126.0111,-14.3452,3.5339],[126.0117,-14.3483,2.4437],[126.0134,-14.3497,0.0],[126.0151,-14.349,3.0052],[126.0177,-14.3532,5.8325],[126.0222,-14.3533,0.0],[126.0217,-14.3372,0.0],[126.0234,-14.3285,0.0],[126.0286,-14.3273,4.4615],[126.0363,-14.3361,44.9258],[126.041,-14.3379,29.5965],[126.0462,-14.3325,0.0],[126.0458,-14.3235,2.0809],[126.0416,-14.3152,9.4143],[126.0286,-14.3094,0.0],[126.0285,-14.3071,0.0],[126.0262,-14.3063,8.8805],[126.0235,-14.3005,0.0],[126.0181,-14.307,36.6622],[126.0131,-14.3067,18.9166],[126.0101,-14.3047,4.615]]],
[[[125.6774,-14.2799,0.6711],[125.6792,-14.2797,1.4795],[125.6777,-14.2779,0.0],[125.6767,-14.2787,2.0273],[125.6774,-14.2799,0.6711]]],
[[[125.8403,-14.2787,0.0],[125.8403,-14.2766,0.0],[125.8386,-14.2813,0.0772],[125.8395,-14.2808,2.5759],[125.8403,-14.2787,0.0]]],
[[[125.7232,-14.2791,0.8839],[125.7257,-14.2783,0.979],[125.7256,-14.2777,-0.0032],[125.7236,-14.2774,-0.0615],[125.7232,-14.2791,0.8839]]],
[[[125.8277,-14.2542,0.2501],[125.8263,-14.2552,2.5523],[125.8264,-14.2668,1.7009],[125.828,-14.2685,0.9531],[125.8307,-14.2664,1.9464],[125.8277,-14.2542,0.2501]]],
[[[126.0953,-14.2375,0.0],[126.0945,-14.2376,0.0],[126.0939,-14.2382,2.8988],[126.0948,-14.2384,2.8988],[126.0953,-14.2375,0.0]]],
[[[126.0407,-14.2315,17.5094],[126.0323,-14.2295,2.906],[126.031,-14.2275,4.2512],[126.0258,-14.2278,3.8082],[126.0235,-14.2255,1.3402],[126.0184,-14.2252,4.5788],[126.0168,-14.228,10.8741],[126.0124,-14.2266,2.3069],[126.0135,-14.2283,6.2811],[126.0122,-14.233,15.9301],[126.0082,-14.236,8.6342],[125.9996,-14.2373,10.2252],[125.994,-14.2413,6.5795],[125.9935,-14.2437,4.7325],[125.9948,-14.2452,4.9069],[125.9996,-14.2439,0.0],[126.0065,-14.2493,3.887],[126.0122,-14.2434,1.7837],[126.0145,-14.2446,0.0],[126.021,-14.2424,6.4755],[126.024,-14.2449,1.2996],[126.0296,-14.2427,5.566],[126.0308,-14.2442,4.1961],[126.0314,-14.2422,5.566],[126.0367,-14.2421,0.0],[126.036,-14.2376,2.3948],[126.0431,-14.2342,1.6177],[126.0407,-14.2315,17.5094]]],
[[[126.1159,-14.2325,0.9776],[126.1179,-14.2314,0.7577],[126.1184,-14.2299,0.0],[126.1172,-14.2302,1.1113],[126.1159,-14.2325,0.9776]]],
[[[126.1215,-14.2282,2.629],[126.1218,-14.228,2.629],[126.1218,-14.227,1.0665],[126.1208,-14.2277,1.0665],[126.1215,-14.2282,2.629]]],
[[[125.8301,-14.228,2.892],[125.8264,-14.226,0.3604],[125.8227,-14.2313,0.0],[125.8259,-14.2323,3.4259],[125.8303,-14.2297,2.9917],[125.8301,-14.228,2.892]]],
[[[125.7992,-14.2276,5.4656],[125.8001,-14.2253,2.3104],[125.7979,-14.2245,0.0],[125.7948,-14.2298,0.0],[125.7968,-14.2303,0.968],[125.7992,-14.2276,5.4656]]],
[[[125.7683,-14.2101,3.5859],[125.7667,-14.2077,0.5066],[125.7649,-14.2086,2.3005],[125.7639,-14.2157,1.6947],[125.7692,-14.2112,3.5859],[125.7683,-14.2101,3.5859]]],
[[[125.6586,-14.1979,1.2099],[125.6593,-14.1974,0.0],[125.6588,-14.1965,1.2099],[125.6581,-14.1988,0.2281],[125.6586,-14.1979,1.2099]]],
[[[126.1124,-14.2151,0.8044],[126.11279999999999,-14.2158,0.8044],[126.1137,-14.2159,0.8044],[126.11279999999999,-14.2145,0.0],[126.1124,-14.2151,0.8044]]],
[[[126.0317,-14.2102,0.0],[126.0313,-14.2102,0.4475],[126.0304,-14.211,0.4475],[126.0317,-14.2111,0.0],[126.0317,-14.2102,0.0]]],
[[[126.0505,-14.2045,0.0],[126.0474,-14.2024,0.0],[126.0458,-14.2033,18.9831],[126.0473,-14.2075,7.2087],[126.0496,-14.2069,2.6974],[126.0505,-14.2045,0.0]]],
[[[126.137,-14.201599999999999,1.0443],[126.137,-14.2021,1.0443],[126.1376,-14.2025,1.0443],[126.1379,-14.2014,1.0443],[126.137,-14.201599999999999,1.0443]]],
[[[125.7225,-14.3149,0.1549],[125.7239,-14.3143,0.3796],[125.7233,-14.3129,0.5508],[125.7217,-14.3143,0.0402],[125.7225,-14.3149,0.1549]]],
[[[125.7192,-14.297,1.3832],[125.7226,-14.2953,1.5872],[125.7171,-14.2939,1.5181],[125.7161,-14.2959,2.8918],[125.7192,-14.297,1.3832]]],
[[[125.7138,-14.2931,0.0],[125.7148,-14.2927,1.0894],[125.7144,-14.2914,-0.1113],[125.7137,-14.2921,-0.1113],[125.7138,-14.2931,0.0]]],
[[[125.6682,-14.2883,2.0551],[125.6696,-14.288,2.7779],[125.6703,-14.2862,0.4898],[125.668,-14.2876,2.1478],[125.6682,-14.2883,2.0551]]],
[[[125.6361,-14.2413,0.0],[125.6366,-14.2401,6.3597],[125.6358,-14.2397,0.0],[125.6354,-14.2408,0.0],[125.6361,-14.2413,0.0]]],
[[[125.6143,-14.2367,1.5351],[125.6144,-14.2349,1.5888],[125.6117,-14.2358,0.0],[125.6121,-14.2365,0.0],[125.6143,-14.2367,1.5351]]],
[[[125.6071,-14.2348,0.0],[125.608,-14.2345,0.278],[125.6084,-14.2339,0.278],[125.6068,-14.2342,0.4305],[125.6071,-14.2348,0.0]]],
[[[125.6397,-14.219,0.7286],[125.6398,-14.2221,3.0691],[125.6431,-14.2239,4.0698],[125.6431,-14.2214,7.1653],[125.6397,-14.219,0.7286]]],
[[[125.6357,-14.206,0.8548],[125.6369,-14.2049,2.9432],[125.6361,-14.2032,0.0],[125.635,-14.2053,0.8548],[125.6357,-14.206,0.8548]]],
[[[125.6405,-14.204,3.3294],[125.6426,-14.2046,0.0],[125.6433,-14.2045,0.0],[125.639,-14.2036,3.3294],[125.6405,-14.204,3.3294]]],
[[[125.5786,-14.1436,0.0],[125.5793,-14.1423,0.0],[125.5782,-14.1413,0.578],[125.5781,-14.1451,0.0],[125.5786,-14.1436,0.0]]],
[[[125.6044,-14.1249,5.5662],[125.6021,-14.1294,1.3124],[125.6048,-14.1309,16.7035],[125.6069,-14.1226,0.0],[125.6044,-14.1249,5.5662]]],
[[[125.5606,-14.1072,1.2576],[125.559,-14.1027,14.8238],[125.5598,-14.1003,4.3311],[125.5547,-14.0996,25.5832],[125.5516,-14.1025,0.0],[125.5524,-14.1086,9.3916],[125.5606,-14.1072,1.2576]]],
[[[125.6362,-13.9555,4.2796],[125.6441,-13.9518,3.2573],[125.6441,-13.9469,14.1565],[125.6426,-13.9447,14.6894],[125.6341,-13.9461,11.2559],[125.6316,-13.9387,3.4518],[125.6343,-13.9377,0.0],[125.6338,-13.9322,8.5224],[125.6256,-13.9314,7.058],[125.6231,-13.94,14.8355],[125.6247,-13.949,11.9385],[125.6291,-13.9521,8.2031],[125.6277,-13.9575,6.818],[125.6285,-13.9618,4.4098],[125.632,-13.9612,0.0],[125.6301,-13.9596,12.8332],[125.6317,-13.9568,1.3588],[125.6362,-13.9555,4.2796]]],
[[[125.7716,-14.1535,5.1451],[125.7696,-14.1537,0.0],[125.7648,-14.1584,2.0755],[125.7654,-14.1623,0.482],[125.7711,-14.1595,5.5248],[125.7716,-14.1535,5.1451]]],
[[[125.6594,-14.1572,0.0],[125.6594,-14.1537,0.0],[125.6569,-14.1519,0.0],[125.657,-14.1584,0.0],[125.6594,-14.1572,0.0]]],
[[[125.7726,-14.1527,14.3422],[125.7738,-14.1527,14.3422],[125.7744,-14.1513,14.3422],[125.7736,-14.1508,0.0],[125.7726,-14.1527,14.3422]]],
[[[125.6996,-14.1492,0.0],[125.6985,-14.1519,0.0],[125.6997,-14.1547,0.0],[125.7007,-14.1527,0.0],[125.6996,-14.1492,0.0]]],
[[[125.6914,-14.1432,0.0],[125.692,-14.1438,0.0],[125.6937,-14.1421,3.8311],[125.6927,-14.1417,3.8311],[125.6914,-14.1432,0.0]]],
[[[125.7041,-14.1263,17.0886],[125.7031,-14.1211,0.0],[125.7044,-14.1162,0.0],[125.7004,-14.1173,0.0],[125.6962,-14.1143,18.7331],[125.6949,-14.1095,3.2718],[125.6921,-14.1076,0.0],[125.6927,-14.1137,10.2629],[125.6959,-14.1151,0.0],[125.696,-14.1184,0.0],[125.6978,-14.1197,0.0],[125.6966,-14.1344,10.6284],[125.6943,-14.1398,2.871],[125.6983,-14.139,11.252],[125.7009,-14.144,17.3789],[125.703,-14.1429,1.1623],[125.7053,-14.1374,17.1709],[125.7034,-14.1295,12.3912],[125.7041,-14.1263,17.0886]]],
[[[125.7003,-14.1118,0.0],[125.701,-14.1122,0.6772],[125.7014,-14.1108,1.1501],[125.7008,-14.1106,1.1501],[125.7003,-14.1118,0.0]]],
[[[125.7491,-14.1077,8.0936],[125.7486,-14.1051,2.7207],[125.7468,-14.1079,2.2608],[125.7478,-14.1092,3.2836],[125.7491,-14.1077,8.0936]]],
[[[125.7495,-14.0975,3.3374],[125.7476,-14.0964,0.469],[125.7469,-14.0983,0.6306],[125.7488,-14.0993,8.1942],[125.7495,-14.0975,3.3374]]],
[[[125.7126,-14.0976,0.0],[125.7131,-14.0981,0.0],[125.7141,-14.0978,1.5796],[125.7133,-14.0967,1.5796],[125.7126,-14.0976,0.0]]],
[[[125.7277,-14.0929,0.0],[125.7261,-14.0901,1.7324],[125.7243,-14.0907,0.0],[125.7247,-14.0943,0.0],[125.7277,-14.0929,0.0]]],
[[[125.7353,-14.0909,0.0],[125.7405,-14.094,3.566],[125.744,-14.0924,3.359],[125.7393,-14.091,5.8421],[125.738,-14.0889,0.9319],[125.7357,-14.0888,2.694],[125.7353,-14.0909,0.0]]],
[[[126.138,-14.1556,0.0],[126.1377,-14.1554,0.0],[126.1373,-14.1561,0.0],[126.1379,-14.1563,0.0],[126.138,-14.1556,0.0]]],
[[[126.2428,-14.1561,10.7368],[126.2421,-14.1519,2.9306],[126.2438,-14.1486,0.0],[126.2403,-14.1479,0.0],[126.2395,-14.1462,0.0],[126.2372,-14.1466,4.9319],[126.2372,-14.1497,10.4207],[126.2305,-14.1503,17.8375],[126.2323,-14.1537,11.1097],[126.231,-14.1569,3.0047],[126.2334,-14.1551,19.9915],[126.2343,-14.159,4.9934],[126.2373,-14.161,6.2787],[126.2363,-14.1617,1.6192],[126.2416,-14.1604,0.6759],[126.2433,-14.1585,8.7102],[126.2428,-14.1561,10.7368]]],
[[[126.153,-14.1436,0.0],[126.1529,-14.1432,0.0],[126.1525,-14.1432,0.0],[126.1524,-14.1437,0.0],[126.153,-14.1436,0.0]]],
[[[126.1246,-14.0259,6.8088],[126.124,-14.0259,1.6958],[126.1239,-14.0263,4.7316],[126.1248,-14.0264,1.5861],[126.1246,-14.0259,6.8088]]],
[[[127.4959,-14.0563,0.1711],[127.4968,-14.0562,0.0],[127.496,-14.0545,0.0],[127.4955,-14.0549,0.588],[127.4959,-14.0563,0.1711]]],
[[[127.4544,-14.0447,1.7919],[127.454,-14.0453,1.7919],[127.4547,-14.0458,1.7919],[127.4551,-14.0453,1.7919],[127.4544,-14.0447,1.7919]]],
[[[127.1293,-13.9649,1.5211],[127.1297,-13.9639,0.0],[127.1295,-13.9633,0.0],[127.1286,-13.9647,1.5211],[127.1293,-13.9649,1.5211]]],
[[[127.1311,-13.9635,3.1617],[127.1323,-13.9641,3.1617],[127.1329,-13.9633,0.0],[127.1326,-13.9627,0.0],[127.1311,-13.9635,3.1617]]],
[[[126.5691,-14.0131,0.0],[126.5684,-14.0131,0.4459],[126.5681,-14.0134,0.4459],[126.5689,-14.014,0.0],[126.5691,-14.0131,0.0]]],
[[[126.545,-14.012,0.3623],[126.5459,-14.0136,0.3894],[126.5465,-14.0132,0.0],[126.5452,-14.0116,0.3623],[126.545,-14.012,0.3623]]],
[[[126.751,-14.0117,0.9297],[126.7518,-14.0127,0.9297],[126.7531,-14.0123,0.7306],[126.7525,-14.0117,0.7306],[126.751,-14.0117,0.9297]]],
[[[126.5403,-13.9993,0.7798],[126.5397,-13.9991,0.0],[126.5376,-13.9996,3.1992],[126.5391,-14.0015,2.0813],[126.5403,-13.9993,0.7798]]],
[[[126.5465,-13.997,1.8249],[126.5454,-13.9976,2.4827],[126.5449,-13.998,1.2885],[126.5469,-13.9976,1.8249],[126.5465,-13.997,1.8249]]],
[[[126.8025,-13.9881,0.4066],[126.8033,-13.9871,1.2799],[126.8031,-13.9857,1.3123],[126.8009,-13.9866,1.8671],[126.8025,-13.9881,0.4066]]],
[[[126.8719,-13.9811,2.2429],[126.8713,-13.9805,2.2429],[126.871,-13.9808,1.803],[126.8716,-13.9812,2.2429],[126.8719,-13.9811,2.2429]]],
[[[126.871,-13.9763,1.4307],[126.871,-13.9797,1.803],[126.8788,-13.9806,3.0933],[126.8816,-13.9834,0.0],[126.8771,-13.9763,1.3905],[126.871,-13.9763,1.4307]]],
[[[126.8957,-13.9815,0.0],[126.8958,-13.9798,0.755],[126.8928,-13.9766,1.7304],[126.8917,-13.9794,1.2203],[126.8957,-13.9815,0.0]]],
[[[126.8312,-13.9744,2.0802],[126.8318,-13.9728,0.0],[126.8281,-13.9737,1.0086],[126.8288,-13.9752,0.5756],[126.8312,-13.9744,2.0802]]],
[[[126.8891,-13.9719,0.0],[126.8882,-13.9724,0.0],[126.889,-13.9731,0.0],[126.8894,-13.9723,0.0],[126.8891,-13.9719,0.0]]],
[[[126.8632,-13.9716,2.4759],[126.8639,-13.9726,2.4759],[126.8649,-13.9725,2.4759],[126.8632,-13.9711,2.6981],[126.8632,-13.9716,2.4759]]],
[[[125.6524,-14.0669,13.8872],[125.6507,-14.0663,1.4944],[125.6499,-14.0693,0.3191],[125.6502,-14.0693,0.3191],[125.6524,-14.0669,13.8872]]],
[[[125.8758,-14.0631,0.0],[125.8749,-14.0617,0.5779],[125.8731,-14.0629,0.1965],[125.8742,-14.0635,0.2391],[125.8758,-14.0631,0.0]]],
[[[126.0209,-14.0128,1.5067],[126.0224,-14.0131,0.0],[126.0228,-14.0128,0.4957],[126.0211,-14.0121,1.5067],[126.0209,-14.0128,1.5067]]],
[[[126.2117,-14.0109,0.0],[126.2132,-14.0113,0.0],[126.2136,-14.0105,0.0],[126.2125,-14.0103,0.0],[126.2117,-14.0109,0.0]]],
[[[126.4191,-14.0104,0.5942],[126.4206,-14.0109,0.0],[126.4209,-14.0104,0.0],[126.4193,-14.0099,0.5942],[126.4191,-14.0104,0.5942]]],
[[[126.4031,-13.9941,0.0],[126.403,-13.9876,0.0],[126.3961,-13.9877,0.0],[126.3843,-13.9827,0.608],[126.3765,-13.9746,1.6563],[126.3707,-13.9763,1.8816],[126.3692,-13.979,4.6167],[126.3625,-13.9826,0.0],[126.3638,-13.9876,1.0554],[126.3698,-13.9893,6.409],[126.3736,-13.9961,3.6542],[126.3731,-13.9997,0.0],[126.3843,-14.0115,0.0],[126.3941,-14.0092,0.0],[126.3969,-13.9986,1.8304],[126.4031,-13.9941,0.0]]],
[[[125.9979,-13.9788,0.0],[126.0007,-13.9801,0.0],[126.0035,-13.9763,0.0],[126.0007,-13.9742,0.0],[125.9979,-13.9788,0.0]]],
[[[126.2983,-13.9696,0.0],[126.2975,-13.969,0.5984],[126.2969,-13.9692,0.0],[126.2977,-13.9698,0.0],[126.2983,-13.9696,0.0]]],
[[[126.2983,-13.9665,0.2193],[126.2981,-13.9675,0.2193],[126.2986,-13.9679,0.2193],[126.2986,-13.9666,0.2193],[126.2983,-13.9665,0.2193]]],
[[[126.4519,-13.9638,5.2201],[126.4537,-13.9634,1.1791],[126.4543,-13.9573,3.0273],[126.4566,-13.9544,0.0],[126.4554,-13.9551,1.34],[126.4545,-13.9537,0.0],[126.4532,-13.9549,0.0],[126.4532,-13.958,0.0],[126.4498,-13.9636,1.9376],[126.4519,-13.9638,5.2201]]],
[[[126.4966,-13.9535,0.0],[126.4962,-13.9541,0.0],[126.4966,-13.9546,0.0],[126.4971,-13.9544,0.0],[126.4966,-13.9535,0.0]]],
[[[126.3151,-13.9515,3.5967],[126.3167,-13.9441,2.3794],[126.3211,-13.9421,1.7133],[126.3131,-13.9271,0.942],[126.3114,-13.9265,1.1485],[126.3093,-13.9276,0.3861],[126.3078,-13.934,8.0368],[126.3034,-13.9369,3.0345],[126.3058,-13.9389,19.6432],[126.3057,-13.9408,13.9229],[126.3,-13.9532,3.1301],[126.3025,-13.9598,4.0628],[126.2998,-13.9676,4.1776],[126.3075,-13.9631,2.1463],[126.3097,-13.9643,1.5895],[126.3148,-13.9619,5.4846],[126.3117,-13.9603,1.6703],[126.3151,-13.9515,3.5967]]],
[[[126.1909,-13.9392,31.6757],[126.1949,-13.935,0.0],[126.1897,-13.9274,0.7148],[126.185,-13.9272,0.6598],[126.1742,-13.9327,5.8297],[126.1733,-13.9369,5.732],[126.1697,-13.9368,9.2729],[126.1709,-13.9378,9.2729],[126.1682,-13.9427,8.2313],[126.1685,-13.947,10.4149],[126.1622,-13.953,9.4763],[126.1552,-13.9568,2.1455],[126.1559,-13.9605,0.0],[126.1597,-13.964,9.8064],[126.1646,-13.9636,9.5725],[126.1696,-13.9564,0.0],[126.1733,-13.9555,3.7875],[126.1776,-13.951,14.6656],[126.1788,-13.9472,5.6822],[126.186,-13.9445,4.3707],[126.1909,-13.9392,31.6757]]],
[[[126.2951,-13.9419,0.2655],[126.2911,-13.9378,0.0],[126.2803,-13.9355,0.5962],[126.2794,-13.9327,0.0],[126.2733,-13.9273,0.6493],[126.2722,-13.9277,0.0],[126.273,-13.9308,30.2225],[126.2766,-13.9341,25.1869],[126.2755,-13.9382,5.7034],[126.2794,-13.9396,31.8802],[126.2838,-13.9457,21.9045],[126.2951,-13.9419,0.2655]]],
[[[126.8607,-13.9606,1.6072],[126.8549,-13.9576,0.9922],[126.8371,-13.9552,1.7507],[126.8253,-13.9503,1.5637],[126.8199,-13.9539,1.741],[126.8233,-13.9564,1.2898],[126.8216,-13.9559,0.0],[126.8191,-13.96,1.5228],[126.8214,-13.9592,1.017],[126.8222,-13.9609,0.7145],[126.8285,-13.9595,1.6688],[126.8323,-13.9615,1.7831],[126.8285,-13.9606,1.0445],[126.8237,-13.9626,0.4983],[126.8193,-13.9621,0.854],[126.8181,-13.9635,0.866],[126.8201,-13.9649,0.5183],[126.82,-13.9668,0.2258],[126.8223,-13.9674,0.9838],[126.8302,-13.9665,0.0],[126.8334,-13.9636,1.1404],[126.8457,-13.9637,0.8537],[126.8556,-13.9667,0.0],[126.8684,-13.9734,0.3383],[126.8766,-13.9742,2.1641],[126.8807,-13.9762,2.1061],[126.884,-13.9815,1.0668],[126.8813,-13.991,0.3112],[126.8832,-13.9926,2.1759],[126.8938,-13.9916,1.4611],[126.9013,-13.9853,0.5327],[126.8922,-13.9819,0.9208],[126.8944,-13.9857,1.8154],[126.8981,-13.9867,1.7],[126.8908,-13.9904,2.7764],[126.882,-13.991,3.0982],[126.8826,-13.9894,1.6206],[126.8859,-13.9896,4.5608],[126.8853,-13.9874,1.9886],[126.8879,-13.9868,5.3394],[126.8842,-13.9806,1.3221],[126.8848,-13.9783,2.2888],[126.8825,-13.9763,2.0494],[126.8833,-13.9731,2.0244],[126.8804,-13.9712,3.1962],[126.8773,-13.9713,2.4716],[126.8781,-13.97,3.4228],[126.8812,-13.9701,3.1962],[126.8775,-13.9673,0.0],[126.8736,-13.9604,0.0],[126.8665,-13.9559,0.6132],[126.8639,-13.9576,0.6734],[126.8659,-13.9604,1.6372],[126.8657,-13.9637,2.1642],[126.8718,-13.9665,2.7221],[126.8695,-13.968,1.9762],[126.8607,-13.9606,1.6072]]],
[[[126.8347,-13.9714,2.8321],[126.835,-13.9703,0.8384],[126.8322,-13.9714,3.4694],[126.8338,-13.9722,3.4694],[126.8347,-13.9714,2.8321]]],
[[[126.8613,-13.9708,3.4275],[126.8622,-13.9718,1.28],[126.8625,-13.9716,1.28],[126.8614,-13.9706,3.4275],[126.8613,-13.9708,3.4275]]],
[[[126.845,-13.9687,3.8697],[126.8447,-13.9708,0.6901],[126.8512,-13.9683,0.0],[126.8437,-13.9653,1.4503],[126.8387,-13.9668,0.5934],[126.8397,-13.9675,0.5934],[126.845,-13.9687,3.8697]]],
[[[126.8365,-13.9671,0.0],[126.838,-13.9667,0.0],[126.838,-13.966,0.6698],[126.8362,-13.966,0.0],[126.8365,-13.9671,0.0]]],
[[[126.8621,-13.9589,3.8931],[126.8608,-13.9589,2.3987],[126.864,-13.9616,0.682],[126.8642,-13.9597,1.49],[126.8621,-13.9589,3.8931]]],
[[[126.859,-13.9576,0.0],[126.8601,-13.9584,2.3987],[126.8605,-13.9582,2.3987],[126.8601,-13.9574,0.0],[126.859,-13.9576,0.0]]],
[[[126.816,-13.9603,0.6836],[126.8178,-13.9608,1.5228],[126.8193,-13.9561,0.0],[126.8171,-13.9571,0.3258],[126.8174,-13.9542,1.864],[126.815,-13.9528,0.0096],[126.812,-13.9564,0.1569],[126.8125,-13.9587,0.1407],[126.816,-13.9603,0.6836]]],
[[[127.1285,-13.9623,1.9457],[127.1312,-13.9587,0.0],[127.1315,-13.9579,0.3298],[127.1293,-13.959,0.0],[127.1285,-13.9623,1.9457]]],
[[[127.133,-13.9548,0.0],[127.1318,-13.9563,0.3298],[127.1324,-13.9568,0.3298],[127.1331,-13.956,0.0],[127.133,-13.9548,0.0]]],
[[[127.189,-13.9421,0.0],[127.1894,-13.9424,0.0],[127.1898,-13.9417,0.0],[127.1892,-13.9413,0.0],[127.189,-13.9421,0.0]]],
[[[127.3019,-13.9396,0.0],[127.3023,-13.94,0.0],[127.3027,-13.9397,0.0],[127.3022,-13.9393,0.0],[127.3019,-13.9396,0.0]]],
[[[126.7027,-13.9571,0.0],[126.7031,-13.9567,0.0],[126.7028,-13.9564,0.0],[126.7027,-13.9571,0.0]]],
[[[126.4976,-13.9554,0.219],[126.4966,-13.9557,0.0],[126.4975,-13.9565,0.0],[126.4978,-13.9557,0.219],[126.4976,-13.9554,0.219]]],
[[[126.8371,-13.9529,0.3736],[126.838,-13.9536,0.0],[126.8393,-13.953,0.0],[126.8376,-13.9524,0.3736],[126.8371,-13.9529,0.3736]]],
[[[126.7022,-13.945,1.9721],[126.705,-13.9475,2.1274],[126.7072,-13.955,0.0],[126.7093,-13.9523,0.0],[126.7068,-13.9484,0.0],[126.7082,-13.9427,0.2719],[126.704,-13.9414,9.1084],[126.7017,-13.9431,14.439],[126.7022,-13.945,1.9721]]],
[[[125.1836,-14.7907,0.9184],[125.1818,-14.79,0.9184],[125.1816,-14.7917,0.0],[125.1838,-14.7917,0.0],[125.1836,-14.7907,0.9184]]],
[[[125.1838,-14.7898,0.9184],[125.1847,-14.7853,7.1972],[125.1873,-14.785,1.5882],[125.1874,-14.7833,16.0654],[125.1889,-14.7848,0.9523],[125.1879,-14.7818,8.5989],[125.1829,-14.7865,1.3974],[125.1838,-14.7898,0.9184]]],
[[[125.1821,-14.7852,1.6217],[125.182,-14.786,1.6217],[125.1843,-14.7834,14.5653],[125.1837,-14.7832,0.0],[125.1821,-14.7852,1.6217]]],
[[[125.1991,-14.693,4.5561],[125.198,-14.6936,0.0],[125.1994,-14.6944,4.5561],[125.1998,-14.6941,4.5561],[125.1991,-14.693,4.5561]]],
[[[125.1309,-14.7483,0.0],[125.1306,-14.7482,0.0],[125.1303,-14.7492,0.0],[125.1311,-14.7487,0.0],[125.1309,-14.7483,0.0]]],
[[[125.1266,-14.6733,2.2553],[125.1269,-14.6736,2.2553],[125.1279,-14.6741,2.2553],[125.1276,-14.6725,0.0],[125.1266,-14.6733,2.2553]]],
[[[125.1284,-14.6719,1.3676],[125.1287,-14.6725,1.3676],[125.1298,-14.6719,1.3676],[125.1293,-14.6716,1.3676],[125.1284,-14.6719,1.3676]]],
[[[125.1292,-14.6705,1.305],[125.1298,-14.6698,1.305],[125.1277,-14.6681,0.0],[125.1276,-14.6686,0.0],[125.1292,-14.6705,1.305]]],
[[[125.1501,-14.7404,0.0],[125.1495,-14.741,0.0],[125.1498,-14.7419,0.0],[125.1504,-14.741,0.0],[125.1501,-14.7404,0.0]]],
[[[125.1439,-14.6728,0.4893],[125.1431,-14.6731,1.4051],[125.1434,-14.6736,1.4051],[125.1439,-14.6733,1.4051],[125.1439,-14.6728,0.4893]]],
[[[125.1446,-14.6674,1.3453],[125.1449,-14.6647,0.0],[125.147,-14.665,0.719],[125.1471,-14.6631,3.1777],[125.1407,-14.664,0.9192],[125.1382,-14.6611,0.0],[125.1362,-14.663,0.0],[125.1376,-14.6659,3.1428],[125.1349,-14.6647,0.4659],[125.1322,-14.6663,2.5918],[125.1294,-14.6658,0.0],[125.1351,-14.67,0.5272],[125.1446,-14.6674,1.3453]]],
[[[125.1607,-14.6506,0.6185],[125.1603,-14.6513,2.2695],[125.1617,-14.6523,1.2667],[125.1622,-14.6517,1.2667],[125.1607,-14.6506,0.6185]]],
[[[125.131,-14.6631,8.3187],[125.1302,-14.6638,0.0],[125.1327,-14.6649,1.0395],[125.1342,-14.6602,1.0198],[125.1316,-14.6588,0.9102],[125.1296,-14.6613,0.0],[125.131,-14.6631,8.3187]]],
[[[125.0327,-14.6505,0.0],[125.0337,-14.6504,0.0],[125.0334,-14.6488,0.0],[125.0331,-14.6491,0.0],[125.0327,-14.6505,0.0]]],
[[[125.0947,-14.6469,0.4806],[125.094,-14.6474,0.4806],[125.0946,-14.6483,0.0],[125.0951,-14.6482,0.0],[125.0947,-14.6469,0.4806]]],
[[[125.1305,-14.6446,0.1105],[125.1315,-14.6429,4.3287],[125.1311,-14.6416,4.3287],[125.1301,-14.644,0.0],[125.1305,-14.6446,0.1105]]],
[[[124.9285,-14.9064,0.0],[124.9294,-14.9059,0.0],[124.9292,-14.9047,0.0],[124.9277,-14.9052,0.0],[124.9285,-14.9064,0.0]]],
[[[124.8895,-14.8984,6.7651],[124.8858,-14.9024,4.3419],[124.8856,-14.9041,0.0],[124.8896,-14.901,0.0],[124.8895,-14.8984,6.7651]]],
[[[124.9233,-14.8886,1.4785],[124.9205,-14.8938,46.1611],[124.9212,-14.897,3.6528],[124.9245,-14.9002,0.0],[124.9272,-14.8955,1.3851],[124.9233,-14.8886,1.4785]]],
[[[124.8833,-14.8956,0.0],[124.889,-14.8954,0.5609],[124.8893,-14.8919,3.5432],[124.886,-14.8931,24.9828],[124.8853,-14.8912,0.0],[124.8833,-14.8909,0.0],[124.884,-14.893,13.3861],[124.8821,-14.894,0.2418],[124.8833,-14.8956,0.0]]],
[[[124.8876,-14.888,0.0],[124.8868,-14.8889,0.0],[124.8872,-14.8893,0.0],[124.8881,-14.8886,0.0],[124.8876,-14.888,0.0]]],
[[[124.9735,-14.7095,0.0],[124.9772,-14.7144,1.7984],[124.9793,-14.715,0.0],[124.9799,-14.713,11.8853],[124.9735,-14.7095,0.0]]],
[[[124.9309,-14.5413,0.0],[124.9298,-14.5402,1.9732],[124.928,-14.5417,0.0],[124.9296,-14.5449,0.0],[124.93,-14.5444,0.0],[124.9309,-14.5413,0.0]]],
[[[124.931,-14.5387,0.0],[124.9316,-14.5391,0.0],[124.9325,-14.5386,0.0],[124.9311,-14.538,0.0],[124.931,-14.5387,0.0]]],
[[[124.9363,-14.5382,0.0],[124.9359,-14.5358,3.7943],[124.934,-14.5348,11.6701],[124.9344,-14.5383,0.0],[124.9363,-14.5382,0.0]]],
[[[124.9207,-14.5216,0.0],[124.9202,-14.5221,0.0],[124.9203,-14.5227,0.0],[124.9211,-14.522,0.0],[124.9207,-14.5216,0.0]]],
[[[124.9248,-14.5151,7.7727],[124.9267,-14.5202,0.0],[124.9324,-14.521,0.0],[124.9305,-14.5175,7.9176],[124.9315,-14.514,0.0],[124.9303,-14.5137,8.0508],[124.9292,-14.5159,3.6718],[124.9248,-14.5151,7.7727]]],
[[[124.9213,-14.5112,0.0],[124.9203,-14.5097,0.0],[124.9234,-14.5148,0.0],[124.9241,-14.5127,3.6136],[124.9213,-14.5112,0.0]]],
[[[125.0217,-14.5342,0.5457],[125.0214,-14.5347,1.6313],[125.0223,-14.5363,0.0],[125.0227,-14.5351,1.6313],[125.0217,-14.5342,0.5457]]],
[[[125.0114,-14.535,0.0],[125.0155,-14.5312,0.0],[125.0129,-14.5301,1.6066],[125.0113,-14.5312,1.6066],[125.0101,-14.5367,0.0358],[125.0114,-14.5379,0.0],[125.0114,-14.535,0.0]]],
[[[125.1207,-14.5077,0.7254],[125.1204,-14.5092,0.0],[125.1213,-14.5094,0.0],[125.1214,-14.5081,0.0],[125.1207,-14.5077,0.7254]]],
[[[125.1054,-14.5026,2.2694],[125.1059,-14.4995,0.0],[125.1055,-14.4993,0.0],[125.1046,-14.5012,2.1614],[125.1054,-14.5026,2.2694]]],
[[[125.2421,-14.6701,0.0],[125.2417,-14.6717,0.7461],[125.2424,-14.6727,0.7461],[125.2431,-14.6708,0.0],[125.2421,-14.6701,0.0]]],
[[[125.2527,-14.6549,1.0217],[125.2518,-14.6556,1.0217],[125.2519,-14.6559,1.0217],[125.2528,-14.6553,1.0217],[125.2527,-14.6549,1.0217]]],
[[[125.2772,-14.6539,0.0],[125.2778,-14.654,0.0],[125.2776,-14.6532,0.0],[125.2772,-14.6539,0.0]]],
[[[125.2553,-14.6549,0.0],[125.2572,-14.6528,1.2384],[125.2567,-14.6524,1.2384],[125.2545,-14.6526,2.4366],[125.2553,-14.6549,0.0]]],
[[[125.2576,-14.648,0.0],[125.2583,-14.649,0.0],[125.2587,-14.6487,0.0],[125.2588,-14.648,0.0],[125.2576,-14.648,0.0]]],
[[[125.2435,-14.6458,0.0],[125.2443,-14.6467,0.6889],[125.245,-14.647,0.6889],[125.2435,-14.6448,0.0],[125.2435,-14.6458,0.0]]],
[[[125.266,-14.646,1.5277],[125.266,-14.6453,1.5277],[125.2655,-14.6449,1.5277],[125.265,-14.6455,1.5277],[125.266,-14.646,1.5277]]],
[[[125.2715,-14.6442,8.6813],[125.2707,-14.6464,10.2366],[125.2722,-14.6485,1.3787],[125.2747,-14.6495,3.7591],[125.2775,-14.647,3.9894],[125.276,-14.6416,5.0819],[125.2719,-14.6427,0.0],[125.2715,-14.6442,8.6813]]],
[[[125.2689,-14.6407,0.4908],[125.2682,-14.64,0.9926],[125.2678,-14.6405,0.9926],[125.2685,-14.6414,1.49],[125.2689,-14.6407,0.4908]]],
[[[125.2523,-14.6511,1.5978],[125.2557,-14.6509,1.5638],[125.2559,-14.6458,7.5368],[125.2588,-14.648,0.0],[125.2631,-14.644,4.9515],[125.2634,-14.6465,0.5644],[125.2653,-14.6439,3.6358],[125.267,-14.6462,2.9168],[125.2674,-14.6428,2.8005],[125.2606,-14.6355,1.755],[125.2544,-14.6328,0.0],[125.2557,-14.6321,0.0],[125.2551,-14.6262,0.0],[125.2523,-14.624,0.0],[125.2506,-14.6247,3.5707],[125.2438,-14.6144,0.0],[125.2373,-14.6229,1.9955],[125.2321,-14.6231,1.5114],[125.235,-14.6311,6.8189],[125.2329,-14.6298,18.3862],[125.2314,-14.6258,0.0],[125.2278,-14.6275,2.0067],[125.231,-14.6291,3.3743],[125.2279,-14.6294,3.6632],[125.2274,-14.6348,21.5005],[125.2252,-14.6339,4.0446],[125.224,-14.6351,2.2672],[125.2256,-14.6371,4.1032],[125.2256,-14.6408,1.7619],[125.2209,-14.6368,0.0],[125.218,-14.6367,0.2862],[125.2196,-14.6389,22.0765],[125.2166,-14.6427,0.0],[125.2189,-14.6438,22.1295],[125.2164,-14.6451,11.5079],[125.2117,-14.6426,0.0],[125.2125,-14.6457,1.6021],[125.2094,-14.6482,8.8429],[125.2082,-14.6466,0.0],[125.2079,-14.6501,10.0564],[125.2042,-14.6515,3.0226],[125.2143,-14.6595,5.2421],[125.2187,-14.6581,5.3697],[125.2189,-14.6562,17.272],[125.2211,-14.6589,18.3158],[125.2207,-14.6605,0.3782],[125.2283,-14.6585,1.8105],[125.2302,-14.655,2.5449],[125.2328,-14.6545,13.5051],[125.2299,-14.6486,0.6978],[125.2314,-14.6475,15.1335],[125.2344,-14.6484,2.3096],[125.2337,-14.6424,2.1308],[125.232,-14.6405,4.4522],[125.2348,-14.6387,1.0633],[125.2361,-14.6328,19.9624],[125.2369,-14.6372,0.6823],[125.2414,-14.6391,5.4892],[125.2429,-14.6437,0.0],[125.2481,-14.6494,24.266],[125.2463,-14.6516,7.795],[125.248,-14.653,0.0],[125.2506,-14.6497,0.5739],[125.2523,-14.6511,1.5978]]],
[[[125.2266,-14.6301,4.2272],[125.2251,-14.6302,4.2272],[125.2262,-14.6339,4.0446],[125.2272,-14.6337,16.7271],[125.2266,-14.6301,4.2272]]],
[[[125.2385,-14.6131,0.0],[125.2451,-14.6118,3.2835],[125.2447,-14.6097,1.5134],[125.2436,-14.611,1.5134],[125.241,-14.6093,0.0972],[125.2384,-14.6105,2.9913],[125.2385,-14.6131,0.0]]],
[[[125.2076,-14.6717,11.5119],[125.2085,-14.6677,20.3005],[125.2053,-14.6643,0.0],[125.2038,-14.668,4.4921],[125.2055,-14.672,6.8471],[125.2076,-14.6717,11.5119]]],
[[[125.1879,-14.6277,0.0],[125.1875,-14.6285,0.0],[125.1881,-14.6289,0.0],[125.1884,-14.6283,0.0],[125.1879,-14.6277,0.0]]],
[[[125.2123,-14.612,0.2009],[125.2121,-14.6098,1.9414],[125.2107,-14.6082,0.0],[125.2099,-14.6099,0.0],[125.2123,-14.612,0.2009]]],
[[[125.2057,-14.5742,0.0],[125.2059,-14.5753,0.8562],[125.2069,-14.5757,1.1558],[125.2068,-14.5741,0.0],[125.2057,-14.5742,0.0]]],
[[[125.1631,-14.6451,0.2905],[125.1619,-14.6491,3.4776],[125.1639,-14.6505,2.2375],[125.165,-14.6469,10.4823],[125.1637,-14.6436,1.1012],[125.1631,-14.6451,0.2905]]],
[[[125.1714,-14.6448,0.0],[125.1713,-14.6458,0.0],[125.1718,-14.6463,0.6625],[125.1718,-14.6451,1.3445],[125.1714,-14.6448,0.0]]],
[[[125.1553,-14.6444,1.7603],[125.1554,-14.643,1.7603],[125.154,-14.6412,0.0],[125.1554,-14.6453,0.4946],[125.1553,-14.6444,1.7603]]],
[[[125.1686,-14.6257,2.8736],[125.1673,-14.6278,2.5103],[125.1702,-14.6278,0.0],[125.1691,-14.6257,2.8736],[125.1686,-14.6257,2.8736]]],
[[[125.0667,-14.6426,0.0],[125.0658,-14.6405,4.4231],[125.0648,-14.6441,2.4215],[125.0653,-14.6444,2.4215],[125.0667,-14.6426,0.0]]],
[[[125.0892,-14.6367,0.2717],[125.0895,-14.6377,0.2717],[125.0902,-14.6378,0.2717],[125.0901,-14.6371,0.2717],[125.0892,-14.6367,0.2717]]],
[[[125.0936,-14.6359,4.5479],[125.0954,-14.6352,0.0],[125.0963,-14.6318,0.0],[125.0914,-14.6309,0.8192],[125.0928,-14.6346,2.3278],[125.092,-14.6377,4.52],[125.0948,-14.6396,0.0],[125.0957,-14.6384,0.0],[125.0935,-14.6377,2.8223],[125.0936,-14.6359,4.5479]]],
[[[125.0912,-14.6259,0.0],[125.0898,-14.6265,4.7663],[125.0906,-14.6292,4.6434],[125.0894,-14.6305,2.275],[125.0939,-14.6286,0.4702],[125.0912,-14.6259,0.0]]],
[[[125.0916,-14.5964,0.1054],[125.0925,-14.5977,0.1054],[125.095,-14.5955,6.8614],[125.0929,-14.5936,0.6194],[125.0916,-14.5964,0.1054]]],
[[[125.0736,-14.5969,5.9948],[125.0735,-14.5883,1.8211],[125.0721,-14.5904,4.8268],[125.0735,-14.5992,5.9964],[125.0736,-14.5969,5.9948]]],
[[[125.0931,-14.5867,0.0],[125.0938,-14.5877,0.3867],[125.094,-14.5877,0.3867],[125.0933,-14.5856,0.0],[125.0931,-14.5867,0.0]]],
[[[125.0741,-14.5731,0.0],[125.0742,-14.5703,0.0],[125.074,-14.5701,0.0],[125.0729,-14.5729,1.7281],[125.0741,-14.5731,0.0]]],
[[[125.1669,-14.6256,5.1269],[125.1685,-14.625,2.8736],[125.168,-14.6234,0.9637],[125.1671,-14.6238,5.789],[125.1669,-14.6256,5.1269]]],
[[[125.1742,-14.4522,8.2529],[125.1712,-14.4507,24.5536],[125.1699,-14.4468,0.0],[125.1672,-14.4474,16.7175],[125.1678,-14.4448,8.5063],[125.1654,-14.4399,3.1879],[125.1652,-14.4469,3.4642],[125.1635,-14.4442,0.0],[125.1633,-14.4502,15.4112],[125.1621,-14.4496,0.0],[125.1627,-14.4564,22.4112],[125.159,-14.4541,9.3158],[125.1587,-14.457,12.5853],[125.1574,-14.4524,0.0],[125.1536,-14.4537,1.4193],[125.1538,-14.45,5.0908],[125.1512,-14.4527,0.5023],[125.1523,-14.4552,1.8581],[125.1508,-14.4584,0.0],[125.1526,-14.4592,8.0744],[125.154,-14.4575,7.7578],[125.1554,-14.4645,0.0],[125.1605,-14.4712,6.3204],[125.1587,-14.4696,1.1481],[125.1593,-14.4722,11.8223],[125.1562,-14.4713,6.5005],[125.1512,-14.4676,0.9794],[125.1511,-14.4697,1.4797],[125.1536,-14.4706,6.9031],[125.1517,-14.4726,0.9872],[125.1544,-14.4734,0.5144],[125.1556,-14.4764,18.3455],[125.1482,-14.4716,0.0],[125.1453,-14.4733,14.682],[125.1411,-14.4727,1.165],[125.1404,-14.4755,4.0619],[125.1392,-14.4748,4.0619],[125.138,-14.4771,0.0],[125.1359,-14.4761,0.0],[125.1363,-14.4785,5.7087],[125.1344,-14.478,0.9349],[125.1327,-14.4798,5.7184],[125.1308,-14.4852,11.4536],[125.1282,-14.4848,0.0],[125.1256,-14.4872,2.2232],[125.124,-14.4864,0.3412],[125.1228,-14.49,3.1832],[125.124,-14.4908,3.1832],[125.1215,-14.492,0.0],[125.1212,-14.4944,1.6077],[125.1181,-14.4939,1.1145],[125.1207,-14.5003,1.7084],[125.1166,-14.5026,0.0],[125.1199,-14.5038,0.0],[125.1176,-14.5071,0.0],[125.1209,-14.5059,3.4059],[125.1245,-14.5102,2.0139],[125.1238,-14.5116,0.0],[125.1259,-14.5101,2.0139],[125.1288,-14.5108,12.0797],[125.127,-14.5132,0.0],[125.1316,-14.5122,4.7771],[125.1298,-14.519,0.0],[125.1317,-14.5203,5.5978],[125.1293,-14.521,0.3555],[125.1326,-14.5291,2.1402],[125.1374,-14.5273,2.9926],[125.1345,-14.5237,6.0018],[125.1384,-14.5244,2.7073],[125.1389,-14.523,4.423],[125.1365,-14.5218,4.4397],[125.1398,-14.5216,2.246],[125.1422,-14.5159,5.5865],[125.1408,-14.522,14.0772],[125.1453,-14.524,5.3595],[125.1496,-14.5192,6.0548],[125.1467,-14.5257,0.0],[125.1531,-14.5264,4.3679],[125.1492,-14.5285,5.8118],[125.1497,-14.5339,9.2556],[125.1486,-14.528,2.6528],[125.1439,-14.5302,2.04],[125.1441,-14.5462,2.4386],[125.1415,-14.5389,0.2435],[125.1398,-14.5391,2.121],[125.1396,-14.5434,11.1896],[125.1366,-14.5424,0.545],[125.1364,-14.5454,0.2518],[125.1344,-14.5452,0.0],[125.1412,-14.5501,10.039],[125.1379,-14.5543,0.0],[125.1391,-14.5575,10.6487],[125.1432,-14.5585,6.0728],[125.1452,-14.5628,12.2738],[125.1516,-14.5658,2.4696],[125.1464,-14.5671,4.7236],[125.1429,-14.5642,0.0],[125.1393,-14.5697,13.9034],[125.1353,-14.5703,2.3865],[125.1353,-14.5737,5.0896],[125.1377,-14.5753,11.8628],[125.1347,-14.5748,6.4756],[125.1341,-14.5767,3.3603],[125.1347,-14.5726,8.7372],[125.1335,-14.57,1.1293],[125.1384,-14.5671,9.5403],[125.1388,-14.5641,0.0],[125.1362,-14.5588,2.9997],[125.1323,-14.5576,6.1438],[125.1343,-14.5555,1.8075],[125.1322,-14.5517,1.5878],[125.1288,-14.5509,0.3038],[125.1262,-14.555,0.4228],[125.1265,-14.5576,9.3736],[125.1243,-14.555,0.4228],[125.1201,-14.5574,1.7655],[125.118,-14.5546,1.4271],[125.1201,-14.5498,0.4466],[125.1194,-14.5484,1.3211],[125.1184,-14.5508,1.0512],[125.1167,-14.5495,0.0],[125.1128,-14.5513,0.0],[125.1109,-14.5454,0.0],[125.1104,-14.5475,0.0],[125.1119,-14.5515,0.0],[125.1078,-14.5545,1.2572],[125.1074,-14.5568,3.7562],[125.1051,-14.555,2.6835],[125.1079,-14.552,0.0],[125.1025,-14.547,0.3733],[125.1004,-14.5478,3.4935],[125.1003,-14.544,0.3782],[125.0983,-14.5468,7.1749],[125.0961,-14.5462,0.1654],[125.0977,-14.5505,6.7975],[125.0957,-14.552,6.6942],[125.0968,-14.5589,2.0787],[125.1011,-14.5567,6.3109],[125.0986,-14.5605,6.2696],[125.1025,-14.5684,4.3098],[125.097,-14.5662,0.0],[125.096,-14.5635,0.0],[125.0942,-14.5673,0.6374],[125.0949,-14.5703,0.0],[125.0977,-14.5721,7.7821],[125.0973,-14.5774,2.7915],[125.0954,-14.5795,3.9895],[125.0978,-14.581,7.7437],[125.0978,-14.5854,27.0485],[125.0955,-14.5861,1.6866],[125.0981,-14.588,19.5569],[125.0966,-14.5895,2.1569],[125.0982,-14.5937,8.6759],[125.096,-14.5985,5.2066],[125.0985,-14.6053,6.5986],[125.0973,-14.608,0.5731],[125.0992,-14.6112,3.3657],[125.0971,-14.6125,2.2747],[125.0967,-14.6107,0.0],[125.0948,-14.6128,0.0],[125.0985,-14.6145,26.2031],[125.0973,-14.6154,0.0],[125.101,-14.6194,9.2792],[125.0969,-14.6183,2.1468],[125.0975,-14.6243,7.6693],[125.0926,-14.6259,1.0086],[125.1018,-14.6292,26.3538],[125.1001,-14.6323,12.299],[125.1074,-14.6355,3.9597],[125.1064,-14.637,11.6646],[125.102,-14.6368,0.5766],[125.1057,-14.639,16.0109],[125.1053,-14.6404,2.8191],[125.1081,-14.6428,2.9016],[125.1107,-14.6392,13.359],[125.1141,-14.6386,0.0],[125.1139,-14.6344,0.0],[125.1114,-14.631,25.6257],[125.1128,-14.6312,6.7626],[125.1127,-14.6279,13.6304],[125.115,-14.6327,3.8888],[125.1151,-14.6269,15.564],[125.1164,-14.6283,0.0],[125.1185,-14.6277,24.6659],[125.1239,-14.634,2.4938],[125.1262,-14.6325,17.8884],[125.1295,-14.6333,1.8065],[125.1312,-14.6354,7.1296],[125.1302,-14.6374,0.0],[125.1326,-14.6359,0.0],[125.1363,-14.6284,20.7866],[125.1348,-14.6393,11.8275],[125.1322,-14.642,4.3287],[125.1339,-14.648,0.0],[125.136,-14.6475,12.0512],[125.1351,-14.652,3.6994],[125.1389,-14.6521,18.2271],[125.1459,-14.6564,0.0],[125.1499,-14.6542,2.0032],[125.1526,-14.6551,1.0627],[125.1505,-14.651,7.2288],[125.1518,-14.6522,0.785],[125.1525,-14.6493,3.9548],[125.1508,-14.6457,2.615],[125.1526,-14.6453,1.7372],[125.1524,-14.6427,2.2157],[125.1495,-14.6409,0.1016],[125.15,-14.6374,0.3219],[125.1476,-14.6359,2.1138],[125.1534,-14.6345,2.7492],[125.1529,-14.6363,0.0],[125.155,-14.6366,0.3795],[125.1555,-14.6314,0.3871],[125.1636,-14.6277,0.6291],[125.1674,-14.6198,0.2859],[125.17,-14.6196,7.6879],[125.177,-14.6318,0.554],[125.1809,-14.6344,5.6762],[125.1854,-14.6286,3.4734],[125.186,-14.6251,0.0],[125.1837,-14.6237,15.5555],[125.1857,-14.6199,1.3164],[125.1844,-14.6168,1.2001],[125.1866,-14.6164,0.0],[125.189,-14.6131,1.6381],[125.186,-14.612,5.7923],[125.1853,-14.61,3.2987],[125.191,-14.6081,0.0],[125.1922,-14.6055,5.3011],[125.1958,-14.6055,2.7737],[125.1976,-14.6019,1.1583],[125.1992,-14.6036,0.9233],[125.1974,-14.6056,0.2985],[125.1998,-14.6129,0.0],[125.2037,-14.6091,6.2424],[125.2063,-14.6106,0.9022],[125.2079,-14.6071,7.4285],[125.2107,-14.6073,0.0],[125.2109,-14.6043,9.425],[125.2143,-14.6072,2.8133],[125.2131,-14.6013,0.8078],[125.215,-14.597,0.0],[125.2118,-14.5957,1.2626],[125.2126,-14.5944,3.1061],[125.2104,-14.5914,0.0],[125.2112,-14.5963,4.9642],[125.2078,-14.5972,6.2299],[125.2075,-14.5933,4.0514],[125.2064,-14.592,0.7417],[125.2052,-14.5931,8.2311],[125.2029,-14.5892,0.0],[125.1961,-14.5903,12.474],[125.2029,-14.5856,8.0533],[125.2066,-14.5861,15.2491],[125.2086,-14.5831,0.0],[125.1973,-14.5835,12.2466],[125.1999,-14.5822,6.6454],[125.1978,-14.5785,12.461],[125.2005,-14.5814,0.9139],[125.2034,-14.5812,1.0081],[125.2037,-14.5792,0.9451],[125.2022,-14.5783,10.6359],[125.2043,-14.5762,8.8797],[125.2028,-14.5713,0.0],[125.1989,-14.5709,5.5326],[125.2009,-14.5663,0.0],[125.1996,-14.5625,1.6499],[125.1952,-14.561,2.7125],[125.1924,-14.5692,30.2715],[125.1872,-14.5695,2.4544],[125.1838,-14.5655,13.4343],[125.1809,-14.5657,18.8755],[125.1838,-14.5604,22.7143],[125.1827,-14.5576,2.7536],[125.1815,-14.5601,16.2654],[125.1805,-14.5597,16.2654],[125.1824,-14.5524,22.8739],[125.1842,-14.5511,21.9723],[125.1847,-14.5529,20.2751],[125.187,-14.551,23.9302],[125.1901,-14.552,17.0092],[125.1945,-14.5564,0.0],[125.1953,-14.5507,13.1873],[125.1977,-14.5506,3.5784],[125.1997,-14.5476,23.619],[125.2011,-14.5478,0.0],[125.1973,-14.5425,9.9489],[125.1977,-14.54,12.4981],[125.1994,-14.5412,5.0927],[125.2031,-14.539,0.0],[125.2024,-14.5373,0.3422],[125.2046,-14.5369,0.0],[125.2054,-14.5349,0.1794],[125.2036,-14.534,1.617],[125.2059,-14.5329,1.2371],[125.2043,-14.5302,9.0503],[125.2053,-14.5294,0.0],[125.2028,-14.5286,8.029],[125.204,-14.5276,1.9842],[125.2015,-14.5256,3.2343],[125.2043,-14.5249,1.8429],[125.2059,-14.5274,0.4116],[125.2089,-14.5265,0.6678],[125.2089,-14.5236,1.0755],[125.2056,-14.523,3.9741],[125.2106,-14.5205,0.0],[125.2117,-14.5174,0.0],[125.2117,-14.5081,0.1399],[125.2082,-14.5066,3.1946],[125.2099,-14.5062,0.5795],[125.2065,-14.5023,2.7185],[125.2096,-14.5012,2.0755],[125.209,-14.4998,2.0755],[125.2105,-14.499,9.5859],[125.2077,-14.4966,6.3429],[125.2152,-14.4975,2.9069],[125.2161,-14.4957,8.2016],[125.2128,-14.4924,2.863],[125.2081,-14.4927,6.7843],[125.2048,-14.4997,6.1349],[125.2078,-14.4879,14.2472],[125.2049,-14.4838,7.6011],[125.2016,-14.486,25.8286],[125.2018,-14.4805,4.794],[125.198,-14.4828,20.4755],[125.1994,-14.4784,10.3048],[125.1955,-14.4764,10.167],[125.1918,-14.4779,18.7777],[125.1897,-14.4748,16.4136],[125.1903,-14.473,8.4138],[125.1861,-14.4723,7.3711],[125.1852,-14.4732,2.6767],[125.1863,-14.4745,6.8783],[125.1828,-14.4754,7.3692],[125.1801,-14.4839,13.5438],[125.1815,-14.4756,23.6345],[125.179,-14.4747,29.0557],[125.1815,-14.472,31.4242],[125.1828,-14.4733,1.9651],[125.1841,-14.4723,1.6651],[125.1857,-14.4652,22.3232],[125.1837,-14.4608,29.7064],[125.185,-14.4592,2.5098],[125.1816,-14.4578,18.2058],[125.1783,-14.4502,0.0],[125.1776,-14.4524,1.4472],[125.1742,-14.4522,8.2529]]],
[[[125.1364,-14.5388,0.2641],[125.1376,-14.5373,0.4442],[125.1361,-14.5367,0.339],[125.1358,-14.5388,0.2641],[125.1364,-14.5388,0.2641]]],
[[[125.1431,-14.524,6.0071],[125.1405,-14.5235,4.423],[125.1398,-14.5245,4.423],[125.1439,-14.5245,6.0071],[125.1431,-14.524,6.0071]]],
[[[125.248,-14.6049,3.3217],[125.2529,-14.6066,0.4144],[125.2519,-14.6033,1.4491],[125.2478,-14.6031,5.8208],[125.248,-14.6049,3.3217]]],
[[[125.2752,-14.5884,0.6793],[125.2751,-14.5877,2.7074],[125.2747,-14.5873,2.7074],[125.2743,-14.5878,8.2632],[125.2752,-14.5884,0.6793]]],
[[[125.2233,-14.5808,7.9554],[125.2263,-14.5832,0.0],[125.228,-14.5827,0.0],[125.2229,-14.5788,1.3327],[125.2233,-14.5808,7.9554]]],
[[[125.2773,-14.5722,1.7813],[125.2715,-14.5687,2.5258],[125.2717,-14.5661,0.0],[125.2652,-14.5638,2.8796],[125.2631,-14.5691,7.8559],[125.2668,-14.5762,14.3557],[125.2614,-14.5804,9.9983],[125.2606,-14.5782,6.6056],[125.2567,-14.5757,3.4174],[125.2544,-14.5793,7.219],[125.2614,-14.5859,1.5348],[125.2632,-14.5863,0.0],[125.2655,-14.5842,17.3095],[125.2677,-14.5878,4.2337],[125.2759,-14.5859,10.7544],[125.2762,-14.588,0.6793],[125.2789,-14.5821,1.7922],[125.2774,-14.5821,6.1062],[125.2773,-14.5722,1.7813]]],
[[[125.1882,-14.5638,1.0263],[125.1887,-14.5644,1.0263],[125.1896,-14.5644,1.0263],[125.1891,-14.5634,1.0263],[125.1882,-14.5638,1.0263]]],
[[[125.2017,-14.5418,0.4939],[125.2012,-14.5433,0.4969],[125.2015,-14.5435,0.4969],[125.202,-14.542,0.4939],[125.2017,-14.5418,0.4939]]],
[[[125.2006,-14.5422,0.4939],[125.2003,-14.5418,0.4939],[125.1997,-14.5426,0.9646],[125.2005,-14.5429,0.4939],[125.2006,-14.5422,0.4939]]],
[[[125.2111,-14.5283,0.2644],[125.211,-14.5255,0.4187],[125.2095,-14.5304,0.3756],[125.2109,-14.5303,0.0],[125.2111,-14.5283,0.2644]]],
[[[125.2499,-14.5375,0.8813],[125.2489,-14.536,0.0],[125.2468,-14.5357,0.3023],[125.2475,-14.5391,0.6824],[125.2499,-14.5375,0.8813]]],
[[[125.243,-14.5066,5.1827],[125.2415,-14.5065,5.1827],[125.2408,-14.5092,0.5681],[125.2425,-14.5092,6.3008],[125.243,-14.5066,5.1827]]],
[[[125.2449,-14.4896,0.0],[125.2447,-14.4845,0.0],[125.2432,-14.4866,0.0],[125.2434,-14.4898,0.0],[125.2449,-14.4896,0.0]]],
[[[125.2681,-14.4873,0.0],[125.2685,-14.4865,0.0],[125.2653,-14.4796,4.4042],[125.2649,-14.4823,6.3331],[125.2681,-14.4873,0.0]]],
[[[125.2035,-14.4824,1.5968],[125.2029,-14.4837,2.7625],[125.2032,-14.4841,2.7625],[125.2039,-14.4828,1.5968],[125.2035,-14.4824,1.5968]]],
[[[125.1922,-14.4753,1.0146],[125.1918,-14.4758,12.339],[125.1921,-14.477,2.0952],[125.1928,-14.4757,1.0146],[125.1922,-14.4753,1.0146]]],
[[[125.1927,-14.4766,2.0952],[125.1928,-14.4766,2.0952],[125.1944,-14.4755,0.0],[125.193,-14.4756,1.0146],[125.1927,-14.4766,2.0952]]],
[[[125.201,-14.4732,0.0],[125.2018,-14.4724,9.4578],[125.2027,-14.4702,0.0],[125.1979,-14.4738,0.2648],[125.201,-14.4732,0.0]]],
[[[125.1292,-14.4837,0.0],[125.1301,-14.4821,0.0],[125.129,-14.4804,0.0],[125.1288,-14.483,0.0],[125.1292,-14.4837,0.0]]],
[[[125.1301,-14.4804,0.0],[125.1305,-14.48,0.0],[125.1299,-14.4791,0.0],[125.1296,-14.4794,0.0],[125.1301,-14.4804,0.0]]],
[[[125.1319,-14.4789,0.0],[125.1312,-14.4792,0.0],[125.1316,-14.48,0.0],[125.1319,-14.4798,0.0],[125.1319,-14.4789,0.0]]],
[[[125.1324,-14.4759,0.0],[125.1318,-14.4765,0.0],[125.1322,-14.4776,0.0],[125.1326,-14.4764,0.6568],[125.1324,-14.4759,0.0]]],
[[[125.1888,-14.4707,0.0],[125.1891,-14.4719,4.6127],[125.1899,-14.4714,4.6127],[125.1898,-14.4706,0.0],[125.1888,-14.4707,0.0]]],
[[[125.1923,-14.4714,0.502],[125.1924,-14.4699,0.0],[125.1905,-14.4712,2.4968],[125.1913,-14.4723,6.1224],[125.1923,-14.4714,0.502]]],
[[[125.1863,-14.4677,0.9615],[125.1854,-14.4679,19.0767],[125.1854,-14.4687,13.7803],[125.1859,-14.4688,1.1089],[125.1863,-14.4677,0.9615]]],
[[[125.2038,-14.4682,2.2126],[125.2048,-14.4669,1.5852],[125.2028,-14.4646,3.4005],[125.1959,-14.4706,0.0],[125.1981,-14.4716,0.9002],[125.2038,-14.4682,2.2126]]],
[[[125.1493,-14.4688,0.1684],[125.1487,-14.4692,0.0],[125.1497,-14.4698,0.0],[125.1497,-14.4692,0.1684],[125.1493,-14.4688,0.1684]]],
[[[125.1561,-14.4683,4.2254],[125.1556,-14.468,4.2254],[125.1548,-14.4682,11.0105],[125.1553,-14.4687,4.2254],[125.1561,-14.4683,4.2254]]],
[[[125.1548,-14.4671,0.0],[125.1541,-14.4665,0.0],[125.1538,-14.4669,0.0],[125.1545,-14.4677,0.0],[125.1548,-14.4671,0.0]]],
[[[125.1532,-14.4644,0.0],[125.1525,-14.4643,0.0],[125.1528,-14.4653,0.0],[125.1532,-14.4651,0.0],[125.1532,-14.4644,0.0]]],
[[[125.149,-14.4629,4.6751],[125.1504,-14.4638,1.2455],[125.151,-14.4637,0.0],[125.149,-14.4614,4.6751],[125.149,-14.4629,4.6751]]],
[[[125.1464,-14.4606,0.0],[125.1475,-14.4613,0.0],[125.1483,-14.4606,1.1005],[125.1478,-14.4601,1.1005],[125.1464,-14.4606,0.0]]],
[[[125.2094,-14.4647,0.1534],[125.209,-14.4652,0.1534],[125.2093,-14.4661,0.1534],[125.2102,-14.4651,0.1534],[125.2094,-14.4647,0.1534]]],
[[[125.2019,-14.4624,5.1054],[125.1992,-14.462,0.5412],[125.1954,-14.4664,0.0],[125.2025,-14.4639,1.1464],[125.2019,-14.4624,5.1054]]],
[[[125.1915,-14.4625,0.0],[125.1913,-14.4631,0.0],[125.1919,-14.4638,0.0],[125.1926,-14.4629,0.0],[125.1915,-14.4625,0.0]]],
[[[125.1862,-14.4613,0.0],[125.1859,-14.4618,0.0],[125.1867,-14.4627,0.0],[125.1871,-14.4624,0.0],[125.1862,-14.4613,0.0]]],
[[[125.2483,-14.4851,0.0],[125.2489,-14.4833,0.8569],[125.2473,-14.4806,0.0],[125.2464,-14.4824,2.6444],[125.2483,-14.4851,0.0]]],
[[[125.2505,-14.4797,0.0],[125.2566,-14.4877,0.0],[125.2553,-14.4762,2.2729],[125.2516,-14.4767,0.0],[125.2505,-14.4797,0.0]]],
[[[125.2706,-14.4833,0.0],[125.2726,-14.482,0.0],[125.273,-14.4783,0.0],[125.2659,-14.4641,14.8499],[125.2625,-14.4634,25.0098],[125.2601,-14.4606,28.0096],[125.2549,-14.4613,29.6824],[125.2486,-14.4646,4.007],[125.2481,-14.472,0.6274],[125.2537,-14.4706,5.5971],[125.2607,-14.4745,4.4493],[125.2597,-14.4718,11.4714],[125.2628,-14.4733,0.0],[125.2648,-14.4707,14.1874],[125.2667,-14.4787,3.2826],[125.2706,-14.4833,0.0]]],
[[[125.2366,-14.4333,21.7476],[125.2342,-14.4345,0.0],[125.2348,-14.4367,1.039],[125.2313,-14.4403,2.9045],[125.233,-14.4438,0.0],[125.2365,-14.4419,2.0744],[125.2391,-14.4381,28.3253],[125.2366,-14.4333,21.7476]]],
[[[125.2193,-14.4608,0.0],[125.2184,-14.4605,0.0],[125.2177,-14.4612,0.0],[125.2181,-14.4616,0.0],[125.2193,-14.4608,0.0]]],
[[[125.1882,-14.4599,0.0],[125.1874,-14.4593,0.0],[125.1871,-14.4598,0.0],[125.1875,-14.4602,0.0],[125.1882,-14.4599,0.0]]],
[[[125.2144,-14.4592,0.0],[125.2142,-14.4604,0.0],[125.2158,-14.4589,0.9093],[125.2154,-14.4587,0.9093],[125.2144,-14.4592,0.0]]],
[[[125.1899,-14.4574,0.0],[125.1894,-14.4596,0.0],[125.1902,-14.46,0.0],[125.1902,-14.4575,0.0],[125.1899,-14.4574,0.0]]],
[[[125.2782,-14.4259,0.0],[125.2802,-14.4241,2.2895],[125.2795,-14.4231,2.2895],[125.2777,-14.4237,0.0],[125.2782,-14.4259,0.0]]],
[[[125.243,-14.4283,8.3574],[125.244,-14.4224,12.9599],[125.2401,-14.4198,9.8048],[125.2392,-14.4142,1.6818],[125.2376,-14.4136,1.6818],[125.2369,-14.4286,0.3136],[125.2391,-14.4303,0.606],[125.243,-14.4283,8.3574]]],
[[[125.2638,-14.4257,10.9691],[125.2694,-14.4237,5.2937],[125.2719,-14.4169,4.0717],[125.2712,-14.4143,0.6855],[125.2662,-14.4148,6.79],[125.2616,-14.4106,0.0],[125.2599,-14.4151,35.4057],[125.2539,-14.4113,5.5732],[125.253,-14.414,1.5786],[125.2465,-14.4159,0.8833],[125.2462,-14.4201,5.6536],[125.2517,-14.421,8.3052],[125.254,-14.4185,0.0],[125.2563,-14.419,6.5598],[125.2501,-14.4289,2.4072],[125.2598,-14.4286,0.0],[125.2638,-14.4257,10.9691]]],
[[[125.2382,-14.4121,0.5805],[125.2373,-14.4114,0.3546],[125.2365,-14.4118,0.3546],[125.2376,-14.4125,0.5805],[125.2382,-14.4121,0.5805]]],
[[[126.0217,-14.5177,0.0],[126.0213,-14.5175,0.0],[126.0209,-14.5182,0.0],[126.0216,-14.5186,0.0],[126.0217,-14.5177,0.0]]],
[[[125.9576,-14.5132,0.0],[125.9582,-14.5129,0.0],[125.958,-14.5126,0.0],[125.9573,-14.513,0.0],[125.9576,-14.5132,0.0]]],
[[[126.0415,-14.5036,0.0],[126.0419,-14.5032,0.0],[126.0413,-14.5028,0.0],[126.0411,-14.5035,0.0],[126.0415,-14.5036,0.0]]],
[[[126.0216,-14.4499,0.7732],[126.0213,-14.4509,0.2534],[126.0223,-14.4512,0.7732],[126.023,-14.4501,0.7732],[126.0216,-14.4499,0.7732]]],
[[[125.7166,-14.4474,0.0],[125.7159,-14.4479,0.0],[125.7164,-14.4483,0.0],[125.717,-14.4478,0.0],[125.7166,-14.4474,0.0]]],
[[[125.7211,-14.4459,0.0],[125.7204,-14.4445,0.0],[125.7186,-14.4457,0.0],[125.7195,-14.4482,2.0806],[125.7224,-14.4496,0.4438],[125.7228,-14.4476,2.7018],[125.7211,-14.4459,0.0]]],
[[[125.7175,-14.4445,0.0],[125.7184,-14.4444,0.0],[125.7173,-14.443,0.0],[125.7171,-14.4436,0.0],[125.7175,-14.4445,0.0]]],
[[[125.7463,-14.4128,0.0],[125.7401,-14.4096,3.7796],[125.7316,-14.4081,0.8736],[125.7277,-14.4098,6.4002],[125.7261,-14.4139,0.0],[125.7225,-14.4148,0.0],[125.7234,-14.4221,2.4264],[125.7224,-14.4228,0.0],[125.7261,-14.4224,7.1887],[125.7228,-14.4279,0.0],[125.7293,-14.4276,11.0112],[125.7241,-14.4306,0.0],[125.7258,-14.433,0.0143],[125.7215,-14.441,0.0],[125.7231,-14.4456,1.3113],[125.7272,-14.4498,3.4532],[125.7253,-14.4518,0.4666],[125.7181,-14.4538,0.0],[125.7184,-14.4586,0.0],[125.716,-14.4633,0.0],[125.7171,-14.4689,1.3794],[125.7159,-14.4721,0.0],[125.7197,-14.4793,9.3406],[125.7328,-14.4759,4.0343],[125.7352,-14.4774,4.2518],[125.7413,-14.4695,11.8544],[125.7501,-14.4668,1.6384],[125.7551,-14.4598,1.7351],[125.7539,-14.4573,0.0],[125.7503,-14.4555,17.8432],[125.7568,-14.4517,7.6597],[125.756,-14.448,0.0],[125.7538,-14.4454,0.0],[125.7529,-14.4521,0.0],[125.7491,-14.452,21.2952],[125.7502,-14.4468,5.5203],[125.7491,-14.4453,0.0],[125.745,-14.4459,4.8715],[125.7432,-14.4434,12.177],[125.7445,-14.4356,3.7648],[125.7388,-14.4292,4.1505],[125.7399,-14.427,7.2845],[125.7439,-14.4278,44.7041],[125.746,-14.423,3.5028],[125.7504,-14.4248,4.9223],[125.7527,-14.4231,24.3071],[125.7518,-14.4214,24.969],[125.754,-14.4223,1.4251],[125.7541,-14.4165,0.7137],[125.7486,-14.4116,1.3046],[125.7463,-14.4128,0.0]]],
[[[125.7212,-14.4341,0.2016],[125.7233,-14.4357,0.6032],[125.7241,-14.4347,0.6032],[125.7219,-14.433,0.2016],[125.7212,-14.4341,0.2016]]],
[[[125.7492,-14.4262,1.5517],[125.7499,-14.4265,0.7589],[125.7505,-14.4256,4.9223],[125.7485,-14.4258,1.5517],[125.7492,-14.4262,1.5517]]],
[[[125.6851,-14.4201,0.1479],[125.6847,-14.421,0.1479],[125.6853,-14.4214,0.0],[125.6858,-14.4206,0.1479],[125.6851,-14.4201,0.1479]]],
[[[125.7184,-14.4191,0.0],[125.7183,-14.421,0.0],[125.7188,-14.4216,0.0],[125.7194,-14.4207,0.0],[125.7184,-14.4191,0.0]]],
[[[126.0018,-14.4379,0.739],[125.9965,-14.4351,6.2011],[125.988,-14.4357,0.0],[125.9836,-14.4393,0.9379],[125.9828,-14.4465,3.639],[125.9884,-14.4489,2.1234],[125.9947,-14.4482,2.6583],[126.0027,-14.4431,2.6534],[126.0048,-14.4386,4.7367],[126.0018,-14.4379,0.739]]],
[[[125.9777,-14.3903,3.7368],[125.979,-14.3906,0.9504],[125.9792,-14.3894,0.0],[125.978,-14.3895,6.9811],[125.9777,-14.3903,3.7368]]],
[[[125.9918,-14.3783,0.0],[125.9935,-14.3792,6.7409],[125.9953,-14.3773,9.7594],[125.9941,-14.3736,50.6828],[125.9948,-14.363,0.0],[125.9904,-14.3609,0.0],[125.983,-14.3643,3.4464],[125.9777,-14.3689,0.0],[125.977,-14.3737,2.5726],[125.9736,-14.3791,1.535],[125.9736,-14.384,5.6226],[125.971,-14.3882,0.0],[125.9756,-14.3907,10.6261],[125.98,-14.3859,20.4962],[125.9843,-14.3888,1.3707],[125.9864,-14.386,0.4057],[125.9833,-14.3813,7.1995],[125.9833,-14.3775,4.2658],[125.9861,-14.3765,1.456],[125.9918,-14.3783,0.0]]],
[[[126.0626,-14.356,0.0],[126.0622,-14.3563,0.0],[126.0631,-14.3569,0.0],[126.0633,-14.3563,0.0],[126.0626,-14.356,0.0]]],
[[[125.4252,-14.4094,0.0],[125.4291,-14.4112,2.0111],[125.4319,-14.4054,5.3641],[125.4276,-14.4055,0.8701],[125.4238,-14.4092,0.0],[125.4252,-14.4094,0.0]]],
[[[125.5215,-14.4041,0.6791],[125.5264,-14.4063,0.0],[125.5271,-14.4061,0.8664],[125.5238,-14.4027,0.0],[125.5215,-14.4041,0.6791]]],
[[[125.4237,-14.405,0.0],[125.4227,-14.4028,0.0],[125.4209,-14.4034,1.7689],[125.4231,-14.4052,0.0],[125.4237,-14.405,0.0]]],
[[[125.4159,-14.3885,5.3126],[125.4124,-14.3861,0.0],[125.4125,-14.3836,0.0],[125.4111,-14.3859,0.0],[125.4118,-14.3894,0.0],[125.4153,-14.3899,0.0],[125.4159,-14.3885,5.3126]]],
[[[125.6636,-14.401,0.4595],[125.6635,-14.4017,0.0],[125.6646,-14.4012,0.4595],[125.6643,-14.4006,0.4595],[125.6636,-14.401,0.4595]]],
[[[125.6628,-14.4,1.4109],[125.6643,-14.3991,0.6691],[125.664,-14.398,0.6691],[125.6628,-14.3986,0.0],[125.6628,-14.4,1.4109]]],
[[[125.6576,-14.3939,0.0],[125.6571,-14.3929,0.0],[125.6553,-14.3947,0.1443],[125.6571,-14.3946,0.1443],[125.6576,-14.3939,0.0]]],
[[[125.6848,-14.3845,0.0],[125.6831,-14.3857,0.0],[125.6832,-14.386,0.0],[125.6847,-14.3859,0.1646],[125.6848,-14.3845,0.0]]],
[[[125.3949,-14.402,0.4059],[125.3957,-14.3997,3.7323],[125.3946,-14.3989,0.2053],[125.3936,-14.4013,0.0],[125.3949,-14.402,0.4059]]],
[[[125.4046,-14.3975,-0.0634],[125.4061,-14.398,0.0],[125.4044,-14.3958,0.0],[125.404,-14.3961,0.0],[125.4046,-14.3975,-0.0634]]],
[[[125.3179,-14.395,1.3102],[125.3189,-14.3958,1.3102],[125.3198,-14.3955,0.0],[125.3193,-14.3946,1.3102],[125.3179,-14.395,1.3102]]],
[[[125.4073,-14.3626,0.8107],[125.4008,-14.3667,0.246],[125.4045,-14.3689,16.5226],[125.4075,-14.3652,16.2281],[125.4073,-14.3626,0.8107]]],
[[[125.6795,-14.384,0.2664],[125.6789,-14.384,0.2664],[125.6785,-14.3844,0.2664],[125.6799,-14.3848,0.0],[125.6795,-14.384,0.2664]]],
[[[125.6782,-14.3836,0.2664],[125.6803,-14.3821,0.2031],[125.6802,-14.3812,0.0],[125.6768,-14.3847,0.0],[125.6782,-14.3836,0.2664]]],
[[[125.6832,-14.3777,2.2812],[125.6838,-14.3786,0.2666],[125.6848,-14.3781,0.0],[125.6845,-14.3777,0.0],[125.6832,-14.3777,2.2812]]],
[[[125.6803,-14.374,3.6966],[125.6814,-14.3704,4.2322],[125.6789,-14.3683,3.2943],[125.6757,-14.3687,3.2524],[125.6741,-14.3661,0.0],[125.6694,-14.3681,1.9156],[125.6699,-14.3783,1.1486],[125.6707,-14.3796,0.0],[125.6724,-14.3785,4.1071],[125.6728,-14.3813,0.0],[125.6806,-14.3779,3.7371],[125.6803,-14.374,3.6966]]],
[[[125.2372,-14.4103,0.0],[125.2376,-14.4109,4.264],[125.2398,-14.4103,1.0205],[125.2389,-14.4096,4.264],[125.2372,-14.4103,0.0]]],
[[[125.2556,-14.3922,0.1424],[125.2554,-14.3928,0.1424],[125.2572,-14.3922,0.0],[125.2563,-14.392,0.0],[125.2556,-14.3922,0.1424]]],
[[[125.2201,-14.4545,1.5954],[125.2206,-14.4524,2.5807],[125.2199,-14.4517,2.5807],[125.2182,-14.4531,0.0],[125.2201,-14.4545,1.5954]]],
[[[125.2166,-14.2968,0.0],[125.2114,-14.3083,6.3011],[125.2104,-14.3121,0.0],[125.2116,-14.3148,1.7227],[125.2219,-14.3104,1.0197],[125.2283,-14.3041,1.148],[125.2282,-14.2964,10.4019],[125.2237,-14.2916,10.9984],[125.2223,-14.2867,6.5801],[125.22,-14.2872,2.8963],[125.2177,-14.2908,0.0],[125.218,-14.2948,5.5125],[125.2166,-14.2968,0.0]]],
[[[125.3113,-14.2965,0.0],[125.3124,-14.2961,0.6662],[125.3142,-14.2934,0.5853],[125.3116,-14.295,0.6662],[125.3113,-14.2965,0.0]]],
[[[125.3093,-14.2839,4.4086],[125.3102,-14.2748,7.0017],[125.3022,-14.2731,42.5456],[125.2958,-14.2737,18.6738],[125.2941,-14.2704,4.306],[125.2924,-14.2705,0.0],[125.2929,-14.2754,17.7345],[125.2891,-14.279,8.1376],[125.2904,-14.2792,8.1376],[125.2909,-14.2894,14.4034],[125.2968,-14.2893,0.7545],[125.2989,-14.2917,1.2948],[125.2985,-14.2942,1.2878],[125.3027,-14.2932,0.0],[125.3023,-14.2899,17.6348],[125.3047,-14.2841,18.7075],[125.3079,-14.2858,0.0],[125.3093,-14.2839,4.4086]]],
[[[125.3128,-14.2713,0.0],[125.3139,-14.2706,3.5709],[125.3125,-14.2683,0.0],[125.3122,-14.2694,0.0],[125.3128,-14.2713,0.0]]],
[[[125.313,-14.2617,0.0],[125.3151,-14.2719,0.0],[125.3169,-14.2733,0.0],[125.3204,-14.268,1.8968],[125.3198,-14.2642,14.9859],[125.3185,-14.2623,19.0628],[125.313,-14.2617,0.0]]],
[[[125.3065,-14.2587,8.1051],[125.3085,-14.2608,3.8571],[125.3083,-14.2632,0.0],[125.3102,-14.2636,0.0],[125.3092,-14.2552,5.0396],[125.3065,-14.2587,8.1051]]],
[[[125.3223,-14.2405,0.0],[125.3203,-14.2405,0.145],[125.3199,-14.2418,0.1364],[125.3215,-14.2424,0.1364],[125.3223,-14.2405,0.0]]],
[[[125.4143,-14.3755,0.0],[125.4138,-14.3761,0.0],[125.414,-14.3774,0.0],[125.4149,-14.3761,-0.0034],[125.4143,-14.3755,0.0]]],
[[[125.583,-14.3687,0.0],[125.5843,-14.3691,3.8933],[125.5849,-14.3677,1.5181],[125.5829,-14.3672,0.1614],[125.583,-14.3687,0.0]]],
[[[125.4182,-14.3629,1.2771],[125.4183,-14.3612,0.0],[125.4173,-14.3601,0.0],[125.4161,-14.3634,0.0],[125.4182,-14.3629,1.2771]]],
[[[125.4271,-14.3579,10.4784],[125.4269,-14.3558,4.8196],[125.4239,-14.3571,0.0],[125.4259,-14.3588,0.0],[125.4271,-14.3579,10.4784]]],
[[[125.5768,-14.3617,0.173],[125.58,-14.3645,4.1903],[125.5823,-14.3628,5.1787],[125.5813,-14.361,15.1454],[125.5837,-14.3621,2.7856],[125.585,-14.3595,17.6262],[125.5827,-14.3521,9.4401],[125.579,-14.3487,0.6376],[125.5751,-14.3525,0.9953],[125.5734,-14.3571,0.9916],[125.5768,-14.3617,0.173]]],
[[[125.5863,-14.3558,0.0],[125.5865,-14.3571,3.5556],[125.5869,-14.3572,3.5556],[125.5872,-14.356,0.0],[125.5863,-14.3558,0.0]]],
[[[125.4914,-14.3484,11.1035],[125.4912,-14.3513,0.6352],[125.4962,-14.3505,7.5125],[125.4962,-14.3494,13.0723],[125.4914,-14.3484,11.1035]]],
[[[125.5888,-14.3357,8.3838],[125.5891,-14.3335,7.126],[125.5881,-14.333,7.126],[125.5867,-14.3346,0.0],[125.5888,-14.3357,8.3838]]],
[[[125.4107,-14.3352,19.791],[125.4094,-14.3338,8.9789],[125.404,-14.3344,0.3674],[125.4041,-14.3385,11.4121],[125.4075,-14.3448,0.0],[125.4109,-14.3428,34.8165],[125.4107,-14.3352,19.791]]],
[[[125.3811,-14.3346,15.6462],[125.378,-14.3352,3.4974],[125.3797,-14.3387,1.9783],[125.3819,-14.338,0.0],[125.3811,-14.3346,15.6462]]],
[[[125.3145,-14.3352,0.0],[125.3157,-14.3344,0.0],[125.3151,-14.3337,0.0],[125.314,-14.3341,0.0],[125.3145,-14.3352,0.0]]],
[[[125.3794,-14.3328,0.8331],[125.3787,-14.3327,0.0],[125.3787,-14.3332,0.0],[125.379,-14.3332,0.0],[125.3794,-14.3328,0.8331]]],
[[[125.3791,-14.33,0.0],[125.3795,-14.3298,0.0],[125.3786,-14.3287,0.0],[125.3784,-14.3293,0.0],[125.3791,-14.33,0.0]]],
[[[125.3112,-14.3035,3.3975],[125.3209,-14.3003,3.6217],[125.321,-14.298,20.4575],[125.3162,-14.2975,0.0],[125.3164,-14.2958,0.6702],[125.3132,-14.297,0.0],[125.31,-14.304,3.3975],[125.3112,-14.3035,3.3975]]],
[[[125.3072,-14.2986,0.0],[125.3089,-14.2968,0.7835],[125.3092,-14.2955,1.1825],[125.3073,-14.2964,0.4565],[125.3072,-14.2986,0.0]]],
[[[125.3054,-14.2953,0.6732],[125.3058,-14.2961,0.6732],[125.3067,-14.2958,0.6732],[125.3061,-14.2947,0.6732],[125.3054,-14.2953,0.6732]]],
[[[126.6985,-13.943,1.4945],[126.7,-13.9447,0.0],[126.7004,-13.9431,14.439],[126.6965,-13.937,0.0],[126.6937,-13.9362,0.0],[126.6936,-13.9313,0.0],[126.6852,-13.9386,8.2517],[126.6861,-13.9414,10.1195],[126.6839,-13.952,0.8855],[126.6766,-13.9614,0.7966],[126.6815,-13.9616,0.0],[126.6852,-13.9557,0.9544],[126.6875,-13.956,3.7824],[126.6877,-13.9576,2.3329],[126.6889,-13.9566,0.0],[126.6925,-13.9439,9.522],[126.6985,-13.943,1.4945]]],
[[[126.8164,-13.9425,2.2746],[126.8177,-13.9433,1.3834],[126.8186,-13.9495,1.0219],[126.8243,-13.9467,0.0],[126.8205,-13.9416,0.7782],[126.8161,-13.9408,0.0],[126.8164,-13.9425,2.2746]]],
[[[126.5954,-13.942,0.0],[126.6053,-13.9528,0.3884],[126.608,-13.9451,0.0],[126.6007,-13.9359,0.0],[126.5954,-13.942,0.0]]],
[[[126.7112,-13.944,0.0],[126.7121,-13.9425,-0.0471],[126.7097,-13.9429,0.6813],[126.7099,-13.9436,0.1959],[126.7112,-13.944,0.0]]],
[[[126.7134,-13.9428,0.0494],[126.7144,-13.9433,0.0],[126.7151,-13.9425,0.0],[126.7141,-13.9423,0.0494],[126.7134,-13.9428,0.0494]]],
[[[126.7177,-13.9402,-0.0491],[126.717,-13.9398,-0.0491],[126.7156,-13.9417,0.0],[126.7161,-13.9419,0.0],[126.7177,-13.9402,-0.0491]]],
[[[126.8418,-13.9399,1.0097],[126.8416,-13.9406,1.0097],[126.8421,-13.9409,1.0097],[126.8425,-13.9406,0.0],[126.8418,-13.9399,1.0097]]],
[[[126.8319,-13.9287,0.3121],[126.8313,-13.9292,0.3121],[126.8318,-13.9296,0.0],[126.8323,-13.9291,0.0],[126.8319,-13.9287,0.3121]]],
[[[126.5863,-13.9077,0.9388],[126.5881,-13.9088,0.0],[126.5869,-13.9055,0.0],[126.5865,-13.9059,0.0],[126.5863,-13.9077,0.9388]]],
[[[126.5894,-13.9071,0.0],[126.5906,-13.9053,0.9384],[126.5904,-13.904,0.4288],[126.589,-13.9045,0.0],[126.5894,-13.9071,0.0]]],
[[[126.5926,-13.905,0.0],[126.5918,-13.9056,0.0],[126.5922,-13.9062,0.0],[126.5927,-13.9055,0.0],[126.5926,-13.905,0.0]]],
[[[126.5918,-13.9029,1.8199],[126.5939,-13.9021,0.9514],[126.5943,-13.8998,2.2036],[126.5912,-13.9022,0.0],[126.5918,-13.9029,1.8199]]],
[[[126.5559,-13.8975,1.1688],[126.5556,-13.8978,1.1688],[126.556,-13.8987,0.0],[126.5564,-13.8977,0.0],[126.5559,-13.8975,1.1688]]],
[[[126.5652,-13.8977,0.0],[126.5656,-13.8984,0.0],[126.5663,-13.8974,0.0],[126.5659,-13.8972,0.0],[126.5652,-13.8977,0.0]]],
[[[126.5988,-13.8946,0.0],[126.5993,-13.8953,0.0],[126.5996,-13.8949,8.8308],[126.5992,-13.8943,0.0],[126.5988,-13.8946,0.0]]],
[[[126.591,-13.8902,0.0],[126.5907,-13.8909,0.0],[126.5914,-13.8913,0.7714],[126.5918,-13.8908,0.0],[126.591,-13.8902,0.0]]],
[[[126.3041,-13.9275,0.0],[126.304,-13.9281,0.0],[126.3047,-13.9282,0.0],[126.3048,-13.9277,0.0],[126.3041,-13.9275,0.0]]],
[[[126.3057,-13.9256,0.0],[126.3075,-13.9233,0.6133],[126.3122,-13.9231,0.1911],[126.3118,-13.9196,0.6592],[126.3167,-13.9127,0.0],[126.3174,-13.9095,1.1765],[126.3152,-13.902,1.515],[126.3125,-13.9006,0.8447],[126.31,-13.9004,1.0598],[126.3027,-13.9045,0.0],[126.3036,-13.9078,4.8616],[126.3006,-13.9141,3.7806],[126.3029,-13.9185,0.9149],[126.3001,-13.9207,0.0],[126.3057,-13.9256,0.0]]],
[[[126.3166,-13.8993,0.0],[126.3161,-13.8996,2.3729],[126.3174,-13.9009,2.3729],[126.3177,-13.9005,0.0],[126.3166,-13.8993,0.0]]],
[[[126.1041,-13.9008,7.1065],[126.106,-13.9014,0.0],[126.1071,-13.8994,0.0],[126.1046,-13.8985,0.2647],[126.1041,-13.9008,7.1065]]],
[[[126.5329,-13.8753,4.0214],[126.5266,-13.8734,2.1969],[126.5253,-13.868,5.4082],[126.5227,-13.8661,0.0],[126.5088,-13.8695,0.0],[126.5049,-13.8691,0.3188],[126.5068,-13.8771,0.0],[126.5028,-13.8864,0.0],[126.504,-13.8928,1.9293],[126.5138,-13.9067,0.6389],[126.5195,-13.9069,0.0],[126.5274,-13.9014,0.4122],[126.5362,-13.9076,1.0752],[126.5396,-13.9042,5.7513],[126.5422,-13.9043,0.0],[126.5418,-13.8998,6.0558],[126.539,-13.8984,4.4839],[126.5429,-13.8977,1.463],[126.5455,-13.8936,0.0],[126.5498,-13.8966,0.0],[126.5512,-13.8926,4.5193],[126.5534,-13.8933,4.1826],[126.5549,-13.8961,2.9803],[126.5588,-13.8946,3.2089],[126.5604,-13.8959,3.2089],[126.5612,-13.8923,0.0],[126.5639,-13.8913,0.0],[126.5676,-13.8935,0.0],[126.5682,-13.8966,0.0],[126.5656,-13.9002,10.7269],[126.5615,-13.9,4.2825],[126.5588,-13.9024,1.4838],[126.5596,-13.9031,0.0],[126.5937,-13.8984,1.0458],[126.5978,-13.9048,3.2361],[126.6074,-13.9133,0.0],[126.6178,-13.9081,1.7057],[126.6171,-13.9025,4.5669],[126.6141,-13.9002,2.1328],[126.6113,-13.9009,12.6297],[126.6127,-13.8992,0.0],[126.6124,-13.8946,0.0],[126.6193,-13.8905,3.5827],[126.6162,-13.8918,1.9774],[126.607,-13.8907,2.473],[126.6039,-13.8925,13.1644],[126.6019,-13.8917,6.9661],[126.5994,-13.8972,9.1687],[126.5949,-13.8932,9.3201],[126.592,-13.8932,7.6854],[126.5874,-13.8904,3.0202],[126.5856,-13.8874,3.3391],[126.5881,-13.8859,0.6867],[126.5755,-13.8873,1.9775],[126.5527,-13.8736,2.8135],[126.5409,-13.8715,6.0856],[126.5329,-13.8753,4.0214]]],
[[[126.5854,-13.8837,0.0],[126.5856,-13.8844,0.0],[126.5862,-13.8847,0.7258],[126.5863,-13.8837,0.0],[126.5854,-13.8837,0.0]]],
[[[126.598,-13.8823,0.0],[126.5973,-13.8825,0.0],[126.5974,-13.8832,0.0],[126.5981,-13.8828,0.0],[126.598,-13.8823,0.0]]],
[[[126.5988,-13.8811,0.0],[126.5982,-13.8816,0.0],[126.5986,-13.8819,0.0],[126.599,-13.8813,0.0],[126.5988,-13.8811,0.0]]],
[[[126.3102,-13.8984,0.2391],[126.3094,-13.8984,0.3002],[126.3085,-13.899,0.3002],[126.3087,-13.8994,0.3002],[126.3102,-13.8984,0.2391]]],
[[[126.1016,-13.8965,0.23],[126.1016,-13.8969,0.23],[126.1033,-13.8977,0.23],[126.1022,-13.8959,0.0],[126.1016,-13.8965,0.23]]],
[[[126.3163,-13.8761,0.0],[126.3116,-13.8738,0.9924],[126.308,-13.868,0.2192],[126.3035,-13.8673,2.153],[126.3049,-13.8738,0.0],[126.3015,-13.8803,1.8216],[126.3015,-13.8834,0.9844],[126.3092,-13.8884,1.2257],[126.3145,-13.8948,0.2417],[126.3156,-13.8879,3.2672],[126.319,-13.8862,1.079],[126.3163,-13.8761,0.0]]],
[[[126.3645,-13.7536,0.0],[126.3578,-13.7567,1.2937],[126.3564,-13.759,0.0],[126.3593,-13.758,0.0],[126.3645,-13.7536,0.0]]],
[[[126.1511,-13.7486,0.0],[126.1491,-13.746,0.0],[126.1454,-13.7486,1.4952],[126.1504,-13.7597,0.064],[126.1526,-13.7582,0.6915],[126.1511,-13.7486,0.0]]],
[[[126.1364,-13.7227,0.0],[126.1361,-13.7235,0.0],[126.1365,-13.724,0.0],[126.1371,-13.7231,0.0],[126.1364,-13.7227,0.0]]],
[[[127.1151,-13.8988,2.8366],[127.1156,-13.8967,2.9616],[127.1138,-13.8982,5.5003],[127.11279999999999,-13.9045,1.6357],[127.116,-13.9017,2.0145],[127.1151,-13.8988,2.8366]]],
[[[127.1926,-13.9003,0.5635],[127.1941,-13.8994,1.4988],[127.1926,-13.898,1.4988],[127.1918,-13.8986,0.0],[127.1926,-13.9003,0.5635]]],
[[[127.1669,-13.9017,1.6189],[127.1698,-13.9048,0.0],[127.1757,-13.9036,2.2679],[127.1735,-13.8964,21.6943],[127.1689,-13.8941,7.9138],[127.1659,-13.8865,0.0],[127.1628,-13.8829,-0.0426],[127.1591,-13.8875,1.5136],[127.1643,-13.8962,3.5594],[127.1566,-13.8987,0.0],[127.1612,-13.8998,0.5012],[127.1632,-13.9024,0.765],[127.1669,-13.9017,1.6189]]],
[[[127.266,-13.8191,0.3734],[127.2676,-13.8215,0.6283],[127.2718,-13.8219,1.2492],[127.2799,-13.8187,0.0],[127.2697,-13.8166,1.0731],[127.266,-13.8191,0.3734]]],
[[[126.59,-13.8827,3.1744],[126.5941,-13.8819,0.0],[126.5957,-13.8831,0.0],[126.597,-13.8793,0.7772],[126.5923,-13.8771,0.1649],[126.5894,-13.8811,3.0654],[126.59,-13.8827,3.1744]]],
[[[126.635,-13.8701,1.1399],[126.636,-13.8705,1.1399],[126.6364,-13.8697,1.1399],[126.6358,-13.8693,0.0917],[126.635,-13.8701,1.1399]]],
[[[126.6275,-13.864,2.4441],[126.6288,-13.8587,2.4359],[126.6255,-13.8533,3.6935],[126.6221,-13.8537,0.0],[126.615,-13.8624,9.0787],[126.6157,-13.8677,3.6403],[126.6198,-13.8718,0.0],[126.6189,-13.8815,0.0],[126.6206,-13.8826,1.3076],[126.6237,-13.8811,0.0],[126.6269,-13.8749,0.0],[126.6345,-13.8767,0.3996],[126.635,-13.8713,0.4583],[126.6293,-13.8701,3.0739],[126.6269,-13.8663,1.4851],[126.6275,-13.864,2.4441]]],
[[[127.0481,-13.8383,0.0],[127.0497,-13.838,0.8773],[127.0501,-13.8377,0.9755],[127.0483,-13.837,0.9755],[127.0481,-13.8383,0.0]]],
[[[127.0405,-13.8106,0.0],[127.0404,-13.8113,0.0],[127.041,-13.8122,0.0],[127.0412,-13.812,0.0],[127.0405,-13.8106,0.0]]],
[[[127.0199,-13.8094,0.0],[127.0203,-13.8107,3.5092],[127.0217,-13.8101,0.0],[127.0215,-13.8098,0.0],[127.0199,-13.8094,0.0]]],
[[[127.0329,-13.7951,0.3591],[127.0321,-13.7947,0.3591],[127.0335,-13.7957,0.3591],[127.0329,-13.7951,0.3591]]],
[[[126.5935,-13.7955,0.0],[126.5944,-13.7942,0.0],[126.5937,-13.7932,0.0],[126.5929,-13.7942,0.0],[126.5935,-13.7955,0.0]]],
[[[126.7686,-13.7835,0.0],[126.7679,-13.7815,1.7953],[126.7651,-13.784,2.4379],[126.7658,-13.7852,0.0],[126.7686,-13.7835,0.0]]],
[[[126.7931,-13.7644,0.0],[126.7926,-13.7625,0.8877],[126.7912,-13.763,2.5614],[126.7918,-13.7688,0.0],[126.792,-13.7673,1.1363],[126.7931,-13.7644,0.0]]],
[[[126.9987,-13.766,5.4399],[126.9987,-13.7649,5.4399],[126.9975,-13.764099999999999,1.6109],[126.9971,-13.7659,5.4399],[126.9987,-13.766,5.4399]]],
[[[126.9644,-13.737,0.0],[126.9635,-13.7378,0.0],[126.964,-13.7385,0.0],[126.9652,-13.7374,0.0],[126.9644,-13.737,0.0]]],
[[[126.8966,-13.6927,0.0],[126.8948,-13.6918,1.5622],[126.8945,-13.6921,1.5622],[126.8974,-13.6946,0.0],[126.8966,-13.6927,0.0]]],
[[[126.9151,-13.6938,1.4184],[126.9153,-13.6914,1.0152],[126.9193,-13.6937,0.0],[126.9175,-13.6897,2.3442],[126.9139,-13.6902,2.0267],[126.9146,-13.694,1.4184],[126.9167,-13.6941,0.0],[126.9151,-13.6938,1.4184]]],
[[[124.4694,-16.0096,35.2993],[124.4698,-16.0031,0.0],[124.4681,-16.0022,0.0],[124.467,-16.0041,9.4736],[124.4655,-16.0,7.7833],[124.4636,-15.9991,0.0],[124.4621,-16.0007,0.0],[124.4613,-16.0104,0.0],[124.4557,-16.0228,13.3955],[124.4573,-16.0297,0.0],[124.4597,-16.0271,5.8466],[124.463,-16.0183,48.2995],[124.4675,-16.0149,17.1805],[124.4694,-16.0096,35.2993]]],
[[[124.4766,-15.9909,21.0982],[124.476,-15.986,0.0],[124.4731,-15.9863,16.4588],[124.4734,-15.9843,1.0223],[124.471,-15.9839,0.0],[124.4704,-15.9938,1.1484],[124.4725,-15.9945,34.2996],[124.4766,-15.9909,21.0982]]],
[[[124.4917,-15.9732,0.3922],[124.491,-15.9734,0.3922],[124.4911,-15.9746,0.0617],[124.4918,-15.9742,0.3922],[124.4917,-15.9732,0.3922]]],
[[[124.4743,-15.9751,9.951],[124.4741,-15.9779,21.7605],[124.4766,-15.9787,7.4182],[124.4769,-15.9817,0.5235],[124.4838,-15.9743,11.0004],[124.485,-15.9671,11.417],[124.4815,-15.9665,0.0],[124.4793,-15.9725,0.1209],[124.4777,-15.9715,0.0],[124.4777,-15.9739,0.4009],[124.4743,-15.9751,9.951]]],
[[[124.4665,-15.9709,10.9967],[124.4714,-15.9652,1.6963],[124.4713,-15.9615,0.0203],[124.4695,-15.9654,2.2709],[124.4651,-15.9665,1.0321],[124.4651,-15.9708,3.1735],[124.4665,-15.9709,10.9967]]],
[[[124.471,-15.9565,0.0],[124.4707,-15.957,0.0],[124.4711,-15.9575,0.0],[124.4716,-15.9571,0.0],[124.471,-15.9565,0.0]]],
[[[124.4715,-15.9561,0.0],[124.4723,-15.9566,0.4008],[124.4726,-15.9562,0.2775],[124.4719,-15.9552,0.2775],[124.4715,-15.9561,0.0]]],
[[[124.4957,-15.9457,-0.4437],[124.4946,-15.9454,-0.4437],[124.4948,-15.9469,-0.3096],[124.4951,-15.9468,-0.3096],[124.4957,-15.9457,-0.4437]]],
[[[124.5912,-15.9959,13.9699],[124.5913,-15.9977,20.7224],[124.5838,-15.995,12.9083],[124.5811,-15.9986,19.0657],[124.634,-15.9986,7.1191],[124.6393,-15.9885,6.8781],[124.6347,-15.9826,0.0],[124.6237,-15.9857,7.8892],[124.6162,-15.9825,0.0],[124.6199,-15.9963,21.4652],[124.6175,-15.9931,21.8531],[124.6152,-15.9837,4.3418],[124.6136,-15.9859,4.2328],[124.6131,-15.9823,1.2627],[124.612,-15.9836,4.1361],[124.6112,-15.9819,2.2926],[124.6061,-15.9813,6.0384],[124.6024,-15.9782,4.9148],[124.5996,-15.9795,5.4689],[124.5981,-15.976,0.0],[124.5966,-15.9802,4.0227],[124.595,-15.9766,8.9708],[124.5921,-15.977,1.3986],[124.5895,-15.9732,0.0],[124.5889,-15.9811,2.1051],[124.5861,-15.984,0.0],[124.5856,-15.9879,3.1208],[124.5912,-15.9959,13.9699]]],
[[[124.5941,-15.9747,0.0414],[124.5965,-15.9763,1.2636],[124.5969,-15.9756,2.2537],[124.5959,-15.9744,0.0],[124.5941,-15.9747,0.0414]]],
[[[124.5963,-15.956,0.0],[124.5943,-15.9544,0.0],[124.5924,-15.96,0.9496],[124.5968,-15.9595,0.0],[124.5963,-15.956,0.0]]],
[[[124.592,-15.9176,1.5179],[124.5967,-15.9109,0.4595],[124.5948,-15.9086,10.8145],[124.5948,-15.9056,1.1605],[124.592,-15.9059,1.4488],[124.5899,-15.9093,5.6521],[124.5847,-15.9117,0.0],[124.5831,-15.9154,3.6493],[124.5812,-15.9141,0.0],[124.5806,-15.9172,2.0831],[124.5786,-15.9143,3.2438],[124.5814,-15.9112,0.0],[124.5734,-15.9107,1.6858],[124.5708,-15.9174,5.0998],[124.5749,-15.9174,6.3742],[124.5729,-15.9202,5.7899],[124.5762,-15.9205,4.9585],[124.5643,-15.929,0.1825],[124.5612,-15.9291,0.2413],[124.5456,-15.9368,7.9598],[124.5432,-15.9443,0.0],[124.5316,-15.9646,8.962],[124.532,-15.9666,0.8572],[124.5346,-15.9665,0.0],[124.538,-15.9618,3.8584],[124.5413,-15.9672,3.1947],[124.543,-15.9643,16.5083],[124.5443,-15.9665,1.4928],[124.5481,-15.9676,8.2306],[124.5541,-15.9645,27.9407],[124.5573,-15.965,1.4979],[124.5607,-15.9626,0.0],[124.562,-15.9553,0.9493],[124.5716,-15.9521,4.2586],[124.5758,-15.9541,6.1517],[124.5761,-15.9494,4.4419],[124.5777,-15.9487,2.082],[124.5826,-15.9534,2.6776],[124.5851,-15.9525,7.6673],[124.5846,-15.9469,13.4379],[124.5888,-15.9459,3.6359],[124.5868,-15.9415,14.0793],[124.5875,-15.9389,6.715],[124.5853,-15.9389,4.6386],[124.5854,-15.9378,5.6885],[124.5911,-15.9373,10.7414],[124.5922,-15.9327,21.8603],[124.5952,-15.9301,21.5581],[124.5967,-15.9231,0.0],[124.5947,-15.9207,3.9026],[124.5899,-15.9222,15.4698],[124.592,-15.9176,1.5179]]],
[[[124.4664,-15.9458,0.0],[124.4664,-15.9452,0.0],[124.4657,-15.9451,0.0],[124.4657,-15.946,0.0],[124.4664,-15.9458,0.0]]],
[[[124.4632,-15.9455,5.5275],[124.4638,-15.9449,0.0],[124.4637,-15.9443,0.2001],[124.4629,-15.9449,5.5275],[124.4632,-15.9455,5.5275]]],
[[[124.4875,-15.9433,0.0],[124.4899,-15.9474,0.0],[124.4923,-15.9459,8.1909],[124.4923,-15.9421,0.0],[124.4875,-15.9433,0.0]]],
[[[124.4846,-15.944,0.0],[124.4844,-15.9432,0.0],[124.4841,-15.9431,0.0],[124.4838,-15.9443,0.0],[124.4846,-15.944,0.0]]],
[[[124.1933,-15.9537,1.6356],[124.1924,-15.9553,9.2973],[124.1949,-15.9568,0.0],[124.195,-15.9564,0.0],[124.1933,-15.9537,1.6356]]],
[[[124.3041,-15.9536,1.3103],[124.3053,-15.9538,7.7393],[124.3071,-15.9526,0.0],[124.3064,-15.9522,0.0],[124.3041,-15.9536,1.3103]]],
[[[124.1742,-15.9448,2.2201],[124.1768,-15.9507,5.5216],[124.1849,-15.9573,4.8762],[124.1869,-15.9569,4.7608],[124.1866,-15.9513,6.9804],[124.1786,-15.9454,9.0968],[124.1774,-15.938,3.9111],[124.1742,-15.9448,2.2201]]],
[[[124.2017,-15.925,7.9918],[124.2012,-15.9263,8.2255],[124.1973,-15.9207,2.0097],[124.1949,-15.9189,1.2991],[124.1942,-15.9207,4.0482],[124.19,-15.9167,1.6225],[124.1889,-15.9237,2.6507],[124.1928,-15.9337,8.4011],[124.1895,-15.9305,6.2556],[124.1871,-15.9233,0.6562],[124.1853,-15.9242,0.3683],[124.1868,-15.9309,3.454],[124.1907,-15.9368,1.5065],[124.1906,-15.9405,1.7841],[124.1952,-15.9492,3.5183],[124.1956,-15.9545,3.0658],[124.2011,-15.965,0.4345],[124.2339,-15.9712,4.2337],[124.2352,-15.9687,4.3246],[124.2331,-15.9527,3.5218],[124.2274,-15.9497,4.7314],[124.2163,-15.9557,2.4286],[124.2113,-15.9543,0.7602],[124.2095,-15.9519,2.0942],[124.208,-15.9423,7.4128],[124.2042,-15.9358,8.4229],[124.2055,-15.9301,5.9709],[124.2033,-15.925,9.0022],[124.2049,-15.9235,3.1364],[124.2005,-15.92,2.6043],[124.1991,-15.9232,3.8874],[124.2017,-15.925,7.9918]]],
[[[124.2091,-15.9419,3.372],[124.2097,-15.9461,1.9411],[124.2144,-15.952,5.7943],[124.2182,-15.9499,1.2229],[124.2201,-15.9461,3.8972],[124.2141,-15.9363,5.2583],[124.2118,-15.9352,6.9686],[124.2091,-15.9419,3.372]]],
[[[124.1804,-15.9408,2.5589],[124.1789,-15.9449,9.0968],[124.1814,-15.9461,8.4143],[124.1819,-15.945,4.8805],[124.1804,-15.9408,2.5589]]],
[[[124.2831,-15.9372,7.2321],[124.2841,-15.9373,7.2321],[124.2845,-15.9368,7.2321],[124.2828,-15.9361,0.0],[124.2831,-15.9372,7.2321]]],
[[[124.2882,-15.9351,0.0],[124.2887,-15.9357,0.0],[124.2895,-15.935,0.0],[124.2889,-15.9345,0.0],[124.2882,-15.9351,0.0]]],
[[[124.4524,-15.9839,1.9794],[124.4533,-15.9834,1.9794],[124.4538,-15.9814,1.2253],[124.4523,-15.9827,15.0822],[124.4524,-15.9839,1.9794]]],
[[[124.4552,-15.9802,12.5868],[124.4548,-15.98,12.5868],[124.4542,-15.9807,12.5868],[124.4549,-15.9809,12.5868],[124.4552,-15.9802,12.5868]]],
[[[124.4216,-15.9328,5.0618],[124.4215,-15.9293,0.0],[124.4208,-15.9289,0.0],[124.4195,-15.9307,0.0],[124.4216,-15.9328,5.0618]]],
[[[124.4553,-15.8951,0.0],[124.4548,-15.8949,0.0],[124.4544,-15.8957,0.0],[124.4551,-15.8958,0.0],[124.4553,-15.8951,0.0]]],
[[[124.209,-15.9335,3.6649],[124.2097,-15.933,3.6649],[124.2095,-15.9313,5.3479],[124.2088,-15.9315,5.3479],[124.209,-15.9335,3.6649]]],
[[[124.2148,-15.9356,4.8372],[124.2198,-15.9434,6.1303],[124.222,-15.9434,3.5165],[124.2296,-15.9382,2.3421],[124.2267,-15.9271,7.3551],[124.2186,-15.9194,2.147],[124.2133,-15.9183,2.2982],[124.2119,-15.9193,2.2435],[124.212,-15.9337,5.0534],[124.2148,-15.9356,4.8372]]],
[[[124.3247,-15.9277,7.8277],[124.3263,-15.9283,1.5923],[124.3265,-15.9278,1.2263],[124.3253,-15.9269,7.8277],[124.3247,-15.9277,7.8277]]],
[[[124.3404,-15.9232,7.2281],[124.3406,-15.9244,7.2281],[124.3417,-15.9238,7.2281],[124.3411,-15.9224,-0.7687],[124.3404,-15.9232,7.2281]]],
[[[124.4801,-15.9407,0.0],[124.4795,-15.9412,9.2545],[124.48,-15.9419,0.0],[124.4804,-15.9414,0.0],[124.4801,-15.9407,0.0]]],
[[[124.4641,-15.8988,0.0],[124.4633,-15.8971,1.5487],[124.4625,-15.8992,9.354],[124.4612,-15.897,0.701],[124.4598,-15.898,5.796],[124.4615,-15.9027,0.0],[124.4602,-15.9087,1.9032],[124.4575,-15.9062,-0.0363],[124.4564,-15.9087,5.266],[124.4555,-15.9061,0.0],[124.4529,-15.9078,0.0],[124.4533,-15.9128,0.0],[124.4569,-15.9122,8.4575],[124.4544,-15.9198,0.0],[124.4603,-15.9186,14.0482],[124.4554,-15.9228,10.107],[124.4565,-15.9298,8.6319],[124.4535,-15.9323,2.0736],[124.4534,-15.9369,2.6526],[124.4509,-15.9387,0.0],[124.4509,-15.9438,0.0],[124.453,-15.9467,0.8996],[124.4515,-15.9488,9.0015],[124.4521,-15.9521,0.6152],[124.4543,-15.9557,0.0],[124.4538,-15.9573,8.9385],[124.452,-15.9572,0.0],[124.449,-15.9846,0.0925],[124.4512,-15.9839,14.3028],[124.4561,-15.9752,0.0],[124.4559,-15.9668,1.4783],[124.4576,-15.9608,1.5027],[124.4573,-15.9566,10.1209],[124.4555,-15.9555,15.3674],[124.4581,-15.9536,11.0497],[124.4623,-15.9446,5.5275],[124.4626,-15.9396,11.3617],[124.4651,-15.9403,2.3415],[124.4642,-15.9418,4.4691],[124.4664,-15.9436,7.4171],[124.4688,-15.9361,29.9522],[124.4676,-15.9176,16.5059],[124.47,-15.9142,6.8655],[124.4648,-15.9175,0.5804],[124.4679,-15.9095,-0.2653],[124.4656,-15.9095,2.9986],[124.4653,-15.9082,2.9986],[124.467,-15.9084,2.57],[124.468,-15.906,0.0],[124.4667,-15.9027,0.0],[124.4644,-15.9034,0.8328],[124.4641,-15.8988,0.0]]],
[[[124.4989,-15.9375,1.6248],[124.4978,-15.9394,0.0],[124.5017,-15.9398,-0.0757],[124.5064,-15.9362,0.283],[124.5005,-15.9376,1.6248],[124.4989,-15.9375,1.6248]]],
[[[124.46,-15.9037,0.1401],[124.4599,-15.903,0.1401],[124.4587,-15.9037,0.0],[124.4595,-15.9043,0.0],[124.46,-15.9037,0.1401]]],
[[[124.4486,-15.8955,1.928],[124.4477,-15.8946,1.928],[124.4468,-15.8948,0.0],[124.4475,-15.896,1.928],[124.4486,-15.8955,1.928]]],
[[[124.456,-15.8944,0.0],[124.4566,-15.894,0.0],[124.4564,-15.8932,0.0],[124.4558,-15.8936,0.0],[124.456,-15.8944,0.0]]],
[[[124.4556,-15.8898,0.0],[124.4558,-15.8895,0.0],[124.4552,-15.889,-0.2146],[124.4551,-15.8897,0.0],[124.4556,-15.8898,0.0]]],
[[[124.4565,-15.8885,0.0],[124.4553,-15.8871,-0.0432],[124.4552,-15.8881,-0.2146],[124.4565,-15.8885,0.0]]],
[[[124.4513,-15.8847,0.0],[124.4507,-15.8858,0.0],[124.4511,-15.8861,0.0],[124.4515,-15.8857,0.0],[124.4513,-15.8847,0.0]]],
[[[124.4543,-15.8842,1.6143],[124.4537,-15.8849,0.0831],[124.4541,-15.8854,0.0831],[124.4547,-15.885,0.0831],[124.4543,-15.8842,1.6143]]],
[[[124.4532,-15.8833,0.6484],[124.4522,-15.8841,0.6484],[124.4525,-15.8845,0.6484],[124.4537,-15.8837,1.6143],[124.4532,-15.8833,0.6484]]],
[[[124.4547,-15.8815,0.4811],[124.4543,-15.882,0.4811],[124.4547,-15.8826,0.4811],[124.4551,-15.882,0.4811],[124.4547,-15.8815,0.4811]]],
[[[124.4586,-15.8984,14.595],[124.4569,-15.8974,4.7056],[124.4546,-15.898,0.0],[124.4568,-15.9003,8.2312],[124.4586,-15.8984,14.595]]],
[[[124.4574,-15.8933,0.0],[124.4578,-15.893,0.0],[124.4576,-15.8922,0.0],[124.4569,-15.8925,0.0],[124.4574,-15.8933,0.0]]],
[[[124.4574,-15.8323,-0.1389],[124.4578,-15.831,-0.0556],[124.4574,-15.8306,0.3751],[124.4568,-15.8324,-0.1389],[124.4574,-15.8323,-0.1389]]],
[[[124.4581,-15.8236,0.319],[124.4569,-15.8254,0.0],[124.4577,-15.8274,0.5597],[124.4586,-15.8268,0.5597],[124.4581,-15.8236,0.319]]],
[[[124.3403,-15.9197,1.7897],[124.3401,-15.9202,-2.1158],[124.341,-15.9205,1.7897],[124.3411,-15.9199,1.7897],[124.3403,-15.9197,1.7897]]],
[[[124.3429,-15.9164,0.1123],[124.3435,-15.9165,0.1123],[124.3437,-15.9143,0.0],[124.3427,-15.9156,0.7724],[124.3429,-15.9164,0.1123]]],
[[[124.3456,-15.9044,0.2238],[124.3434,-15.9045,0.4033],[124.3428,-15.9095,10.9532],[124.3413,-15.9108,-1.1606],[124.3427,-15.9125,5.388],[124.3453,-15.9083,8.218],[124.3456,-15.9044,0.2238]]],
[[[124.3027,-15.899,0.0],[124.3026,-15.8976,0.0],[124.3017,-15.8971,0.0],[124.3016,-15.8981,0.0],[124.3027,-15.899,0.0]]],
[[[124.4542,-15.8796,-0.0401],[124.4539,-15.8805,-0.0401],[124.4543,-15.8809,-0.0401],[124.4548,-15.8801,-0.0401],[124.4542,-15.8796,-0.0401]]],
[[[124.4525,-15.8807,19.9979],[124.4556,-15.8758,0.0],[124.4538,-15.8695,0.0],[124.4434,-15.8709,0.0],[124.444,-15.8751,5.9095],[124.4424,-15.8758,0.8995],[124.4425,-15.8789,0.2708],[124.4474,-15.8746,31.1203],[124.4465,-15.8787,0.0],[124.4479,-15.8784,9.5341],[124.4479,-15.8863,0.507],[124.4499,-15.8809,19.508],[124.4505,-15.883,0.0],[124.4525,-15.8807,19.9979]]],
[[[124.4544,-15.8499,7.2688],[124.4537,-15.8385,1.6555],[124.4513,-15.8347,0.7233],[124.4476,-15.837,1.2655],[124.4478,-15.844,1.7565],[124.4498,-15.8457,0.3225],[124.4512,-15.8579,0.0],[124.4535,-15.8634,0.6175],[124.456,-15.8614,0.0],[124.4535,-15.8572,2.3162],[124.4537,-15.8553,3.5783],[124.4554,-15.8565,0.0],[124.4546,-15.8517,1.8554],[124.453,-15.8514,4.5576],[124.4544,-15.8499,7.2688]]],
[[[124.395,-15.7263,0.0873],[124.3952,-15.7256,1.2309],[124.3945,-15.7251,1.2309],[124.3943,-15.7258,1.2309],[124.395,-15.7263,0.0873]]],
[[[124.4186,-15.7215,0.0],[124.4189,-15.7206,1.3338],[124.418,-15.7207,1.2545],[124.4178,-15.7215,0.0],[124.4186,-15.7215,0.0]]],
[[[124.4106,-15.7137,3.8464],[124.4111,-15.713,3.8464],[124.411,-15.7122,0.4227],[124.4097,-15.713,0.7076],[124.4106,-15.7137,3.8464]]],
[[[124.4017,-15.6631,0.5206],[124.4011,-15.664,0.5206],[124.4018,-15.6653,0.2304],[124.4021,-15.6643,0.0],[124.4017,-15.6631,0.5206]]],
[[[124.441,-15.654,0.5027],[124.4395,-15.655,3.694],[124.4393,-15.6563,0.0],[124.4419,-15.6556,3.2053],[124.441,-15.654,0.5027]]],
[[[124.3826,-15.694,2.286],[124.383,-15.6933,2.286],[124.383,-15.6916,1.5233],[124.3817,-15.6935,2.286],[124.3826,-15.694,2.286]]],
[[[124.3818,-15.6919,1.5233],[124.3825,-15.6913,1.5233],[124.3823,-15.6906,0.0],[124.3818,-15.691,0.0],[124.3818,-15.6919,1.5233]]],
[[[124.3862,-15.69,0.0],[124.3863,-15.6893,0.0],[124.3858,-15.6891,0.0],[124.3856,-15.6902,0.0],[124.3862,-15.69,0.0]]],
[[[124.3809,-15.6573,0.777],[124.3799,-15.6578,0.777],[124.3802,-15.6582,2.4071],[124.3808,-15.658,2.4071],[124.3809,-15.6573,0.777]]],
[[[124.6409,-15.995,8.3477],[124.6407,-15.9943,17.0712],[124.6402,-15.9951,0.0],[124.6407,-15.9954,8.3477],[124.6409,-15.995,8.3477]]],
[[[124.6199,-15.9187,0.0],[124.6193,-15.9178,0.0],[124.6186,-15.9177,0.0],[124.6185,-15.9183,0.0],[124.6199,-15.9187,0.0]]],
[[[124.6171,-15.9165,0.0],[124.6171,-15.9159,1.7761],[124.6164,-15.9156,1.7761],[124.6163,-15.9162,1.7761],[124.6171,-15.9165,0.0]]],
[[[124.6278,-15.8805,0.7056],[124.6277,-15.8799,0.7056],[124.6272,-15.8798,0.7056],[124.6268,-15.8803,0.7056],[124.6278,-15.8805,0.7056]]],
[[[124.57,-15.9195,0.6507],[124.5683,-15.9221,0.0],[124.5723,-15.9192,2.5114],[124.57,-15.9195,0.6507]]],
[[[124.6092,-15.9205,0.0],[124.6088,-15.9201,0.0],[124.6081,-15.92,0.0],[124.6081,-15.9204,0.0],[124.6092,-15.9205,0.0]]],
[[[124.5935,-15.9197,3.9026],[124.5931,-15.9189,0.0],[124.5923,-15.9198,0.0],[124.5925,-15.9203,0.0],[124.5935,-15.9197,3.9026]]],
[[[124.6098,-15.9188,0.0],[124.6104,-15.919,0.0],[124.6102,-15.9183,0.0],[124.6099,-15.9182,0.0],[124.6098,-15.9188,0.0]]],
[[[124.613,-15.9171,6.7229],[124.6118,-15.9166,6.7229],[124.6111,-15.9176,0.0],[124.6125,-15.918,3.0961],[124.613,-15.9171,6.7229]]],
[[[124.6153,-15.9166,1.5114],[124.6149,-15.9159,0.0],[124.6142,-15.9167,1.5114],[124.6146,-15.9171,1.5114],[124.6153,-15.9166,1.5114]]],
[[[124.6003,-15.9064,0.0],[124.5991,-15.9059,0.0],[124.5987,-15.9064,0.0],[124.5994,-15.9067,0.0],[124.6003,-15.9064,0.0]]],
[[[124.6053,-15.8964,0.0],[124.6058,-15.8955,4.9164],[124.6054,-15.8954,0.0],[124.6046,-15.8964,0.0],[124.6053,-15.8964,0.0]]],
[[[124.6752,-15.8795,0.3098],[124.6745,-15.8792,0.3098],[124.6743,-15.8795,0.3098],[124.6749,-15.88,2.2696],[124.6752,-15.8795,0.3098]]],
[[[124.6764,-15.8782,0.0],[124.6756,-15.8777,0.0],[124.6755,-15.8781,0.3098],[124.676,-15.8784,0.0],[124.6764,-15.8782,0.0]]],
[[[124.6744,-15.8628,0.0],[124.6745,-15.8649,0.0],[124.675,-15.8654,0.0],[124.6751,-15.8641,0.0],[124.6744,-15.8628,0.0]]],
[[[124.6704,-15.8555,0.0],[124.6696,-15.8559,0.0],[124.6704,-15.8571,0.0],[124.6704,-15.8555,0.0]]],
[[[124.6692,-15.8554,0.0],[124.6687,-15.8549,0.0],[124.6683,-15.8556,0.0],[124.6687,-15.8558,0.0],[124.6692,-15.8554,0.0]]],
[[[124.6627,-15.856,0.6168],[124.6603,-15.8534,0.7411],[124.6585,-15.8552,0.5971],[124.6618,-15.8566,0.3266],[124.6627,-15.856,0.6168]]],
[[[124.7104,-15.8081,0.0],[124.7095,-15.8083,0.0],[124.7109,-15.809,0.0],[124.7109,-15.8085,0.0],[124.7104,-15.8081,0.0]]],
[[[124.6414,-15.8015,0.0],[124.6485,-15.799,3.4548],[124.6557,-15.7885,0.0],[124.6397,-15.7923,0.0],[124.6289,-15.8045,2.8999],[124.6414,-15.8015,0.0]]],
[[[124.6277,-15.7886,1.7545],[124.6286,-15.7899,1.6751],[124.6297,-15.7906,1.6751],[124.6299,-15.7899,1.6751],[124.6277,-15.7886,1.7545]]],
[[[124.6267,-15.7864,2.6402],[124.6267,-15.7881,1.7545],[124.6274,-15.7857,4.139],[124.6267,-15.7864,2.6402]]],
[[[124.633,-15.7809,2.9629],[124.6329,-15.7825,4.5203],[124.6333,-15.7829,4.5203],[124.6337,-15.7805,2.9629],[124.633,-15.7809,2.9629]]],
[[[124.7067,-15.7659,0.0],[124.7051,-15.7672,0.0],[124.7065,-15.767,1.8243],[124.7067,-15.7659,0.0]]],
[[[124.6803,-15.7607,1.7349],[124.6807,-15.7618,0.8165],[124.6831,-15.759,0.8882],[124.6814,-15.7595,5.1509],[124.6803,-15.7607,1.7349]]],
[[[124.6276,-15.5066,2.8263],[124.6268,-15.5063,2.8263],[124.6259,-15.5077,0.3348],[124.6282,-15.508,0.8895],[124.6276,-15.5066,2.8263]]],
[[[124.6288,-15.5052,0.0],[124.6281,-15.505,0.0],[124.6281,-15.5057,0.0],[124.6289,-15.5057,0.0],[124.6288,-15.5052,0.0]]],
[[[124.6783,-15.4904,2.8103],[124.6777,-15.4889,10.8501],[124.676,-15.492,1.1614],[124.6764,-15.4923,1.1614],[124.6783,-15.4904,2.8103]]],
[[[124.5896,-15.5119,0.0],[124.5899,-15.5118,0.0],[124.5899,-15.5114,0.0],[124.5894,-15.5115,0.0],[124.5896,-15.5119,0.0]]],
[[[124.5882,-15.5118,-0.8571],[124.5885,-15.5118,-0.8571],[124.5888,-15.5112,1.0523],[124.5882,-15.5113,-0.8571],[124.5882,-15.5118,-0.8571]]],
[[[124.5895,-15.5103,0.0],[124.5895,-15.5075,0.0],[124.5851,-15.5095,0.1811],[124.5858,-15.5117,0.6917],[124.5895,-15.5103,0.0]]],
[[[124.5981,-15.4977,0.0],[124.5973,-15.4996,0.4014],[124.5979,-15.4999,0.0],[124.5989,-15.4982,0.1561],[124.5981,-15.4977,0.0]]],
[[[124.6735,-15.4777,0.0],[124.6752,-15.4773,1.1224],[124.6738,-15.4758,0.0],[124.6733,-15.4767,0.0],[124.6735,-15.4777,0.0]]],
[[[124.6689,-15.4724,0.0778],[124.6682,-15.4688,0.0],[124.6686,-15.4754,0.8809],[124.6697,-15.4743,0.0],[124.6689,-15.4724,0.0778]]],
[[[124.676,-15.4689,0.0],[124.6737,-15.4676,0.0],[124.6717,-15.4721,1.1577],[124.6734,-15.472,1.1577],[124.676,-15.4689,0.0]]],
[[[124.6547,-15.4645,2.6726],[124.6563,-15.4634,0.2882],[124.6537,-15.4613,2.4135],[124.653,-15.462,2.4135],[124.6547,-15.4645,2.6726]]],
[[[124.6519,-15.4599,1.144],[124.6534,-15.46,0.0],[124.654,-15.4584,-0.0134],[124.6519,-15.4594,0.2175],[124.6519,-15.4599,1.144]]],
[[[124.6726,-15.4587,0.8166],[124.6713,-15.4593,0.0],[124.6715,-15.4598,0.8456],[124.6725,-15.4593,0.8166],[124.6726,-15.4587,0.8166]]],
[[[124.63,-15.4404,0.5594],[124.63,-15.4398,0.5594],[124.6296,-15.4394,0.0],[124.6292,-15.4405,0.5594],[124.63,-15.4404,0.5594]]],
[[[124.6679,-15.4324,0.0],[124.6675,-15.4335,0.6875],[124.6687,-15.4344,0.6875],[124.6689,-15.4332,0.6875],[124.6679,-15.4324,0.0]]],
[[[124.6518,-15.4283,0.6388],[124.6512,-15.4291,0.6388],[124.6519,-15.4308,2.8779],[124.6523,-15.4306,2.8779],[124.6518,-15.4283,0.6388]]],
[[[124.6401,-15.4291,0.4328],[124.6422,-15.4279,0.0],[124.6418,-15.4271,0.0],[124.6396,-15.4278,1.8491],[124.6401,-15.4291,0.4328]]],
[[[124.6378,-15.4274,0.0],[124.6389,-15.4276,1.8491],[124.6391,-15.4259,0.0],[124.6382,-15.4258,0.0],[124.6378,-15.4274,0.0]]],
[[[124.6232,-15.4247,0.0],[124.6204,-15.4238,0.7522],[124.6194,-15.4255,0.8232],[124.621,-15.4263,3.737],[124.6232,-15.4247,0.0]]],
[[[124.6675,-15.4237,1.4288],[124.6685,-15.4248,0.0],[124.6696,-15.4224,0.0],[124.6692,-15.4223,0.0075],[124.6675,-15.4237,1.4288]]],
[[[124.6444,-15.4223,0.9988],[124.6433,-15.422,0.9988],[124.6427,-15.4226,0.9988],[124.6434,-15.4228,0.9988],[124.6444,-15.4223,0.9988]]],
[[[124.6438,-15.4197,1.4314],[124.6433,-15.4194,0.0],[124.6426,-15.4202,3.0235],[124.643,-15.4204,1.4314],[124.6438,-15.4197,1.4314]]],
[[[124.6461,-15.416,1.2392],[124.6457,-15.4184,4.4699],[124.6461,-15.4186,4.4699],[124.6479,-15.4151,8.1854],[124.6461,-15.416,1.2392]]],
[[[125.0582,-15.4343,2.6661],[125.0588,-15.4323,0.4065],[125.0559,-15.4317,0.0],[125.0563,-15.4325,3.9006],[125.0582,-15.4343,2.6661]]],
[[[125.0364,-15.3287,0.0],[125.0338,-15.3228,0.0],[125.0262,-15.3225,0.0],[125.0265,-15.3203,0.0],[125.0242,-15.3196,0.2063],[125.0233,-15.3236,0.9136],[125.0215,-15.3215,0.0],[125.0153,-15.3298,4.2639],[125.0145,-15.3349,0.5506],[125.0082,-15.3441,0.0],[124.9928,-15.357,2.2491],[124.9902,-15.3665,0.0],[124.9955,-15.3758,7.8887],[125.0078,-15.3765,0.0],[125.0139,-15.3753,11.7124],[125.0182,-15.3717,0.0],[125.0364,-15.3287,0.0]]],
[[[125.1301,-15.3249,1.0994],[125.1296,-15.3244,6.5128],[125.1288,-15.3254,1.0994],[125.1291,-15.3258,1.0994],[125.1301,-15.3249,1.0994]]],
[[[125.1185,-15.3245,4.8036],[125.119,-15.3252,3.839],[125.1192,-15.3249,3.839],[125.1188,-15.324,4.8036],[125.1185,-15.3245,4.8036]]],
[[[124.9469,-15.3686,0.0],[124.9482,-15.3677,0.0],[124.9481,-15.3658,0.0],[124.9463,-15.3667,0.0],[124.9469,-15.3686,0.0]]],
[[[124.9791,-15.3528,18.7944],[124.9835,-15.3498,0.0],[124.9843,-15.343,0.0],[124.9814,-15.3402,3.3679],[124.9765,-15.3398,5.6562],[124.9742,-15.3431,36.2119],[124.9668,-15.345,4.8748],[124.9624,-15.3488,3.0313],[124.9536,-15.3521,19.4775],[124.9496,-15.359,37.2353],[124.9494,-15.3618,37.8333],[124.9525,-15.3648,7.0434],[124.9603,-15.362,5.7768],[124.9736,-15.3517,1.5975],[124.9791,-15.3528,18.7944]]],
[[[124.8842,-15.3486,0.0],[124.8835,-15.3488,0.0],[124.8844,-15.3497,4.4812],[124.8847,-15.3492,0.0],[124.8842,-15.3486,0.0]]],
[[[124.9945,-15.3315,0.0],[124.9968,-15.3319,1.539],[124.9974,-15.3307,1.6993],[124.9957,-15.3296,0.0],[124.9945,-15.3315,0.0]]],
[[[124.8604,-15.3365,3.8101],[124.8596,-15.3373,3.8101],[124.8607,-15.3387,0.0],[124.8612,-15.337,0.0],[124.8604,-15.3365,3.8101]]],
[[[124.8559,-15.335,0.0],[124.8558,-15.3344,0.0],[124.8553,-15.3343,0.0],[124.8551,-15.3346,0.0],[124.8559,-15.335,0.0]]],
[[[124.8743,-15.3324,0.0],[124.874,-15.3316,0.0],[124.8732,-15.3317,0.0],[124.8739,-15.3325,0.0],[124.8743,-15.3324,0.0]]],
[[[124.8702,-15.3294,0.0],[124.8711,-15.3305,4.4623],[124.8723,-15.3305,4.4623],[124.8711,-15.3288,0.0],[124.8702,-15.3294,0.0]]],
[[[125.0106,-15.3235,2.7411],[125.0164,-15.3259,8.4287],[125.0192,-15.3237,6.8285],[125.0203,-15.3197,3.4862],[125.0179,-15.3166,3.4562],[125.0147,-15.3171,0.4413],[125.0099,-15.3204,0.6325],[125.0106,-15.3235,2.7411]]],
[[[125.0217,-15.3186,4.1244],[125.0223,-15.319,4.1244],[125.0244,-15.3174,1.2643],[125.0219,-15.3175,0.3244],[125.0217,-15.3186,4.1244]]],
[[[125.038,-15.3179,0.0408],[125.0383,-15.3181,0.0],[125.0387,-15.3173,0.0408],[125.0383,-15.3172,0.0408],[125.038,-15.3179,0.0408]]],
[[[125.0493,-15.3224,2.4869],[125.0532,-15.3107,0.0],[125.0519,-15.3084,3.8439],[125.0488,-15.3071,0.0],[125.0436,-15.3091,0.0],[125.0425,-15.3142,3.3135],[125.0402,-15.3154,4.5728],[125.0472,-15.32,4.4187],[125.0486,-15.3235,0.5511],[125.0493,-15.3224,2.4869]]],
[[[124.4449,-15.6524,0.0],[124.4444,-15.6522,0.0],[124.444,-15.6529,0.0],[124.4446,-15.6531,0.0],[124.4449,-15.6524,0.0]]],
[[[124.4348,-15.6101,0.0],[124.4352,-15.6098,0.0],[124.435,-15.6092,5.3032],[124.4342,-15.6095,2.5579],[124.4348,-15.6101,0.0]]],
[[[124.4334,-15.6095,2.5579],[124.4334,-15.609,2.5579],[124.4322,-15.6094,0.2418],[124.4325,-15.6098,0.0],[124.4334,-15.6095,2.5579]]],
[[[124.4163,-15.5501,0.0],[124.4159,-15.549,0.0],[124.415,-15.551,2.9465],[124.4158,-15.5511,2.9465],[124.4163,-15.5501,0.0]]],
[[[124.4166,-15.5481,0.81],[124.4161,-15.5439,18.3186],[124.414,-15.5414,18.8728],[124.4115,-15.5409,0.0],[124.4087,-15.543,1.3825],[124.4111,-15.5489,0.0639],[124.4122,-15.5494,0.0],[124.4137,-15.547,3.5559],[124.4166,-15.5481,0.81]]],
[[[124.4018,-15.544,10.3239],[124.401,-15.5364,6.5285],[124.3993,-15.5428,0.0],[124.4009,-15.5449,1.4777],[124.4018,-15.544,10.3239]]],
[[[124.4384,-15.5342,0.0],[124.4399,-15.5341,0.0],[124.4401,-15.5331,0.0],[124.4379,-15.5328,0.0],[124.4384,-15.5342,0.0]]],
[[[124.4043,-15.5301,-0.2639],[124.4002,-15.5246,1.3308],[124.3988,-15.5265,3.3183],[124.4002,-15.5342,7.4881],[124.4041,-15.5335,0.0],[124.4043,-15.5301,-0.2639]]],
[[[124.404,-15.5073,0.0],[124.4045,-15.5063,0.0],[124.4034,-15.5054,-0.0886],[124.4031,-15.506,-0.0886],[124.404,-15.5073,0.0]]],
[[[124.4558,-15.391,0.0],[124.4564,-15.3877,0.0],[124.4543,-15.3875,0.4882],[124.4536,-15.3909,8.9398],[124.4558,-15.391,0.0]]],
[[[124.4379,-15.372,2.4597],[124.4393,-15.3715,0.3629],[124.4394,-15.3709,0.0],[124.4379,-15.3703,0.0],[124.4379,-15.372,2.4597]]],
[[[124.4543,-15.3653,0.0],[124.4543,-15.3647,0.0],[124.454,-15.3645,0.1155],[124.4538,-15.3653,0.0],[124.4543,-15.3653,0.0]]],
[[[124.3733,-15.4024,3.5454],[124.3741,-15.4027,3.5454],[124.3735,-15.4005,0.1359],[124.373,-15.4015,0.0],[124.3733,-15.4024,3.5454]]],
[[[124.372,-15.3821,0.0],[124.3716,-15.3827,0.0],[124.3724,-15.383,0.5942],[124.3728,-15.3827,0.0],[124.372,-15.3821,0.0]]],
[[[124.3691,-15.3775,5.7249],[124.3702,-15.375,3.1],[124.3679,-15.3749,4.8907],[124.3697,-15.3706,0.0],[124.3669,-15.3663,15.6068],[124.3577,-15.3659,23.9272],[124.3579,-15.3643,7.2293],[124.3529,-15.3607,0.0],[124.3474,-15.3644,0.0],[124.3493,-15.3671,3.1301],[124.3484,-15.3693,3.8289],[124.3423,-15.37,0.0],[124.342,-15.3757,0.0],[124.3377,-15.376,0.9307],[124.3449,-15.3804,34.0706],[124.3477,-15.3852,8.7416],[124.354,-15.3884,9.2978],[124.358,-15.3934,2.1427],[124.3631,-15.3953,12.7407],[124.3667,-15.3989,1.4071],[124.3717,-15.3992,8.5275],[124.3728,-15.3977,0.0],[124.3667,-15.3917,20.7194],[124.3749,-15.3908,2.9968],[124.3707,-15.3886,7.1774],[124.369,-15.3853,2.3677],[124.3635,-15.3868,11.5386],[124.3694,-15.3805,0.0],[124.3691,-15.3775,5.7249]]],
[[[124.3058,-15.3655,10.2309],[124.3055,-15.3631,2.4317],[124.3003,-15.3632,5.3069],[124.2988,-15.3614,6.2629],[124.2945,-15.3644,0.0],[124.2954,-15.3669,6.6964],[124.2989,-15.3658,15.187],[124.3032,-15.3674,25.3262],[124.3046,-15.3721,0.0],[124.3077,-15.3696,0.0187],[124.3058,-15.3655,10.2309]]],
[[[124.4606,-15.5261,0.0],[124.4587,-15.5256,0.1668],[124.46,-15.5317,5.3802],[124.4615,-15.5306,5.2643],[124.4606,-15.5261,0.0]]],
[[[124.4941,-15.4734,0.0],[124.4941,-15.4728,0.0],[124.4933,-15.4724,0.0],[124.4929,-15.4728,0.0],[124.4941,-15.4734,0.0]]],
[[[124.483,-15.4665,0.0765],[124.4826,-15.4662,0.4348],[124.4817,-15.4671,0.0],[124.4825,-15.4674,0.0765],[124.483,-15.4665,0.0765]]],
[[[124.4839,-15.4662,0.4348],[124.484,-15.4659,0.4348],[124.4836,-15.4655,0.4348],[124.4833,-15.466,0.4348],[124.4839,-15.4662,0.4348]]],
[[[124.5602,-15.4912,22.5043],[124.56,-15.4889,1.778],[124.5559,-15.4887,-0.096],[124.5545,-15.4951,0.2578],[124.5558,-15.4959,0.2578],[124.5602,-15.4912,22.5043]]],
[[[124.6143,-15.4869,0.0],[124.6136,-15.4883,0.0],[124.6156,-15.4883,0.0],[124.6149,-15.4871,0.0],[124.6143,-15.4869,0.0]]],
[[[124.5998,-15.4885,0.057],[124.6019,-15.4876,-0.0841],[124.6025,-15.4848,0.0813],[124.6005,-15.4864,0.0205],[124.5998,-15.4885,0.057]]],
[[[124.595,-15.4865,0.0],[124.5965,-15.4874,0.0],[124.5966,-15.4851,0.0],[124.5952,-15.4849,0.0],[124.595,-15.4865,0.0]]],
[[[124.6029,-15.4767,8.5424],[124.6034,-15.4745,0.6624],[124.6013,-15.4734,0.7172],[124.599,-15.4754,3.6623],[124.6003,-15.4768,11.6895],[124.6029,-15.4767,8.5424]]],
[[[124.611,-15.4546,1.8099],[124.6125,-15.4537,0.2461],[124.6106,-15.4493,0.0],[124.6093,-15.4539,3.3021],[124.611,-15.4546,1.8099]]],
[[[124.6132,-15.4479,6.8045],[124.6146,-15.4468,0.0],[124.6152,-15.4376,11.851],[124.6172,-15.4375,3.951],[124.6202,-15.4321,0.7754],[124.6045,-15.4336,1.5176],[124.6026,-15.4356,0.0],[124.6031,-15.4382,5.7576],[124.5978,-15.437,4.4815],[124.595,-15.4398,0.358],[124.5944,-15.4416,1.4977],[124.5972,-15.4448,0.6594],[124.5985,-15.4425,0.9678],[124.6021,-15.4414,21.5684],[124.6059,-15.4522,0.0],[124.6074,-15.4461,5.0128],[124.6056,-15.4435,24.3244],[124.6076,-15.4444,19.2753],[124.6095,-15.4403,15.8441],[124.6102,-15.4453,6.2602],[124.6132,-15.4479,6.8045]]],
[[[124.5238,-15.4424,0.16],[124.5238,-15.4412,0.0],[124.5229,-15.4409,0.0],[124.5223,-15.4416,0.599],[124.5238,-15.4424,0.16]]],
[[[124.4845,-15.4646,0.0],[124.484,-15.4652,0.4348],[124.4844,-15.4655,0.0],[124.4847,-15.4654,0.0],[124.4845,-15.4646,0.0]]],
[[[124.4925,-15.4553,11.2492],[124.4887,-15.4582,8.7068],[124.4878,-15.4654,2.1413],[124.4931,-15.4617,29.1888],[124.496,-15.4614,26.2962],[124.5008,-15.4569,0.0],[124.4989,-15.4527,0.0],[124.4961,-15.4511,0.0],[124.4925,-15.4553,11.2492]]],
[[[124.5133,-15.451,0.0],[124.5132,-15.4502,0.0],[124.5124,-15.4509,0.0],[124.5126,-15.4511,0.0],[124.5133,-15.451,0.0]]],
[[[124.4809,-15.4401,3.8711],[124.4768,-15.4405,1.5436],[124.473,-15.4436,1.7904],[124.4794,-15.444,11.0531],[124.485,-15.4424,4.9957],[124.4888,-15.4371,0.0],[124.4809,-15.4401,3.8711]]],
[[[124.5001,-15.4424,7.268],[124.5048,-15.4413,0.0],[124.5013,-15.4376,0.0],[124.4989,-15.4381,6.0827],[124.5001,-15.4424,7.268]]],
[[[124.4899,-15.4348,0.0],[124.493,-15.4384,3.4341],[124.4946,-15.4367,4.9307],[124.4981,-15.4366,5.8819],[124.4942,-15.4347,9.3116],[124.4899,-15.4348,0.0]]],
[[[124.4968,-15.4351,0.5747],[124.4963,-15.4347,2.2376],[124.4961,-15.4349,2.2376],[124.4965,-15.4354,2.2376],[124.4968,-15.4351,0.5747]]],
[[[124.4707,-15.3921,13.7468],[124.4686,-15.392,1.1382],[124.4694,-15.3963,0.0],[124.4697,-15.3959,6.3167],[124.4707,-15.3921,13.7468]]],
[[[124.5232,-15.4125,0.0],[124.5233,-15.4134,0.0],[124.5238,-15.4141,2.0767],[124.5241,-15.4122,0.6567],[124.5232,-15.4125,0.0]]],
[[[124.5476,-15.4016,2.186],[124.5481,-15.4018,0.0],[124.5483,-15.4012,0.0],[124.5478,-15.401,0.0],[124.5476,-15.4016,2.186]]],
[[[124.5305,-15.3861,1.5945],[124.5306,-15.3869,1.4397],[124.5309,-15.3868,1.4397],[124.5309,-15.3862,1.5945],[124.5305,-15.3861,1.5945]]],
[[[124.5839,-15.381,0.0],[124.5836,-15.3816,1.006],[124.5841,-15.3815,1.006],[124.5839,-15.381,0.0]]],
[[[124.4613,-15.3939,0.0228],[124.4647,-15.3947,9.112],[124.4661,-15.3912,0.0],[124.4641,-15.3907,0.1808],[124.4613,-15.3939,0.0228]]],
[[[124.4705,-15.3871,1.831],[124.469,-15.3847,3.0745],[124.4665,-15.386,0.2176],[124.469,-15.3895,12.1507],[124.4705,-15.3871,1.831]]],
[[[124.4982,-15.382,9.3716],[124.4975,-15.3805,1.977],[124.4947,-15.3812,9.1797],[124.4965,-15.3826,6.484],[124.4982,-15.382,9.3716]]],
[[[124.4589,-15.366,0.0],[124.4563,-15.3647,0.5195],[124.4558,-15.3625,0.0],[124.4544,-15.3627,0.0],[124.4563,-15.3694,13.9428],[124.4589,-15.366,0.0]]],
[[[124.5366,-15.3764,0.878],[124.5369,-15.3772,0.878],[124.5372,-15.3772,0.878],[124.5372,-15.3766,0.878],[124.5366,-15.3764,0.878]]],
[[[124.5308,-15.3752,1.9653],[124.5307,-15.3742,0.0],[124.5299,-15.375,1.9653],[124.53,-15.3754,1.9653],[124.5308,-15.3752,1.9653]]],
[[[124.54,-15.374,1.77],[124.5401,-15.3755,5.2933],[124.5407,-15.3756,5.2933],[124.5412,-15.3737,1.77],[124.54,-15.374,1.77]]],
[[[124.5356,-15.3736,1.643],[124.5356,-15.3742,1.643],[124.536,-15.3739,7.6542],[124.5356,-15.3736,1.643]]],
[[[124.3088,-15.3642,0.0],[124.3094,-15.3638,0.0],[124.3092,-15.3633,0.0],[124.3084,-15.3637,0.0],[124.3088,-15.3642,0.0]]],
[[[124.3206,-15.36,1.9918],[124.3176,-15.361,3.9198],[124.3202,-15.365,4.238],[124.322,-15.3653,2.2437],[124.3228,-15.3634,4.8937],[124.3206,-15.36,1.9918]]],
[[[124.3066,-15.3623,0.7171],[124.307,-15.3617,0.7171],[124.3063,-15.361,0.0],[124.3059,-15.362,0.7171],[124.3066,-15.3623,0.7171]]],
[[[124.342,-15.3635,0.9555],[124.3463,-15.3612,19.1455],[124.3494,-15.362,15.2862],[124.3525,-15.3558,1.3221],[124.3463,-15.3585,8.533],[124.3432,-15.3575,0.3922],[124.34,-15.3602,0.1333],[124.342,-15.3635,0.9555]]],
[[[124.3169,-15.359,1.1],[124.318,-15.359,0.0],[124.3177,-15.3582,0.0],[124.317,-15.3587,1.1],[124.3169,-15.359,1.1]]],
[[[124.3162,-15.3584,1.1],[124.3157,-15.3564,2.2953],[124.3141,-15.3568,0.3744],[124.3141,-15.3571,0.3744],[124.3162,-15.3584,1.1]]],
[[[124.3645,-15.3557,0.7078],[124.364,-15.355,0.7078],[124.3634,-15.3557,0.7078],[124.364,-15.3561,0.7078],[124.3645,-15.3557,0.7078]]],
[[[124.3663,-15.3545,0.0],[124.3659,-15.3544,0.0],[124.3653,-15.3549,1.1231],[124.3662,-15.3553,1.1231],[124.3663,-15.3545,0.0]]],
[[[124.3044,-15.3542,0.8252],[124.3039,-15.3548,0.0],[124.3043,-15.3551,0.0],[124.3046,-15.3548,0.0],[124.3044,-15.3542,0.8252]]],
[[[124.3583,-15.3525,0.0],[124.3576,-15.3536,0.6992],[124.3605,-15.3544,7.4612],[124.3634,-15.3531,0.0],[124.3603,-15.3522,0.0],[124.3583,-15.3525,0.0]]],
[[[124.3508,-15.3488,0.0],[124.3506,-15.3471,0.0],[124.3494,-15.3465,0.4069],[124.3492,-15.3499,2.6245],[124.3508,-15.3488,0.0]]],
[[[124.3357,-15.3465,1.2998],[124.3358,-15.3479,1.2998],[124.3363,-15.3485,0.0],[124.3364,-15.3465,0.3142],[124.3357,-15.3465,1.2998]]],
[[[124.3372,-15.3454,0.4163],[124.3368,-15.3459,0.4163],[124.3373,-15.3464,0.3142],[124.3375,-15.3458,0.4163],[124.3372,-15.3454,0.4163]]],
[[[124.3369,-15.341,0.0],[124.3368,-15.3406,0.0],[124.3363,-15.3404,0.0],[124.3362,-15.3412,0.0],[124.3369,-15.341,0.0]]],
[[[124.1854,-15.3376,0.461],[124.1865,-15.3376,0.0],[124.1845,-15.3367,0.461],[124.1846,-15.3375,0.461],[124.1854,-15.3376,0.461]]],
[[[124.3111,-15.3364,0.3931],[124.3109,-15.3359,0.2383],[124.3106,-15.3357,0.2383],[124.3102,-15.3363,0.3931],[124.3111,-15.3364,0.3931]]],
[[[124.5419,-15.3737,0.9725],[124.5422,-15.374,0.9725],[124.5424,-15.3732,0.9725],[124.5421,-15.3731,0.9725],[124.5419,-15.3737,0.9725]]],
[[[124.5894,-15.3729,6.8892],[124.5896,-15.3725,6.8892],[124.5892,-15.3724,6.8892],[124.5889,-15.3726,8.71],[124.5894,-15.3729,6.8892]]],
[[[124.5406,-15.3721,1.5673],[124.5406,-15.3727,1.5673],[124.5413,-15.3724,1.5673],[124.5412,-15.3721,1.5673],[124.5406,-15.3721,1.5673]]],
[[[124.5271,-15.3692,2.3204],[124.5265,-15.3705,1.4427],[124.5269,-15.371,1.4427],[124.5274,-15.3704,1.4427],[124.5271,-15.3692,2.3204]]],
[[[124.5297,-15.3693,0.0],[124.5297,-15.3687,0.0],[124.5293,-15.3685,2.7754],[124.5289,-15.3691,2.7754],[124.5297,-15.3693,0.0]]],
[[[124.53,-15.3675,0.0],[124.53,-15.3669,0.0],[124.5295,-15.3667,0.0],[124.5293,-15.3674,0.0],[124.53,-15.3675,0.0]]],
[[[124.5629,-15.2537,1.9704],[124.5693,-15.2506,8.234],[124.5675,-15.2488,22.2017],[124.5704,-15.2479,11.4136],[124.5713,-15.2454,0.2888],[124.565,-15.2458,2.2222],[124.558,-15.2498,6.2157],[124.5519,-15.2572,0.0],[124.5517,-15.2644,1.6858],[124.5497,-15.2646,28.4339],[124.5457,-15.2615,13.0529],[124.5418,-15.2646,0.0],[124.5435,-15.265,8.7963],[124.5429,-15.2663,4.3974],[124.5379,-15.2698,32.169],[124.5371,-15.2728,22.4733],[124.5399,-15.2741,34.732],[124.5396,-15.2771,7.0406],[124.5419,-15.2801,31.3602],[124.5398,-15.2801,20.6211],[124.5361,-15.2759,0.0],[124.5338,-15.2783,45.0926],[124.5338,-15.2748,0.0],[124.5276,-15.273,12.5572],[124.5255,-15.2796,66.6374],[124.5225,-15.2828,10.6691],[124.5224,-15.2749,7.9859],[124.516,-15.2767,6.3039],[124.5142,-15.2797,12.8479],[124.5117,-15.2775,0.0],[124.5106,-15.2814,13.3304],[124.5078,-15.2804,8.0227],[124.5046,-15.2816,0.0],[124.4993,-15.2915,37.092],[124.4948,-15.2922,3.505],[124.4928,-15.2965,18.3605],[124.4952,-15.2999,10.5966],[124.4981,-15.3014,0.2502],[124.4993,-15.2998,0.0],[124.4974,-15.2966,10.5084],[124.4997,-15.2977,13.4075],[124.5024,-15.2963,17.5311],[124.5002,-15.3019,0.0],[124.5044,-15.3043,1.6629],[124.5091,-15.3038,8.0683],[124.5166,-15.2988,43.9012],[124.5141,-15.3039,6.6237],[124.5159,-15.304,11.6012],[124.519,-15.3017,2.2524],[124.5234,-15.2939,33.9861],[124.5209,-15.2995,2.4143],[124.5207,-15.3056,15.2104],[124.5311,-15.3031,12.9812],[124.5356,-15.3036,3.5134],[124.5254,-15.3069,26.2516],[124.5247,-15.3085,6.1562],[124.5187,-15.3085,9.9191],[124.5189,-15.3119,31.1018],[124.5173,-15.3105,36.5819],[124.5152,-15.3136,18.9148],[124.5153,-15.3099,0.0],[124.5135,-15.31,6.3881],[124.5139,-15.3068,0.7453],[124.503,-15.3117,10.7954],[124.5055,-15.3074,5.7462],[124.4984,-15.3077,0.0],[124.4999,-15.3195,42.1145],[124.5034,-15.323,0.0],[124.5067,-15.323,10.9623],[124.5085,-15.329,12.5731],[124.5165,-15.3319,24.7862],[124.5171,-15.3338,0.4969],[124.5095,-15.3321,0.0],[124.5055,-15.338,16.0976],[124.5003,-15.3366,18.0608],[124.5049,-15.3267,1.8016],[124.5013,-15.325,2.6332],[124.4984,-15.3265,38.4626],[124.4961,-15.3236,1.8798],[124.493,-15.3245,2.0004],[124.4908,-15.321,0.0],[124.4891,-15.3236,4.8329],[124.4876,-15.3229,0.0],[124.4843,-15.3255,5.755],[124.4844,-15.3276,14.0827],[124.4822,-15.3281,11.5936],[124.4812,-15.3358,0.0],[124.4828,-15.3402,6.2951],[124.4875,-15.3431,6.1118],[124.4867,-15.3446,5.6299],[124.4911,-15.3491,28.7101],[124.4949,-15.3504,8.808],[124.4973,-15.348,15.0817],[124.4921,-15.3582,2.6914],[124.4886,-15.3577,1.5481],[124.4909,-15.3545,0.0],[124.4905,-15.3509,5.3292],[124.4892,-15.3528,0.4558],[124.4868,-15.3487,0.0],[124.4825,-15.3488,0.4678],[124.4816,-15.3456,0.0],[124.4804,-15.347,4.17],[124.4761,-15.3462,0.9006],[124.4764,-15.3532,29.0875],[124.4732,-15.355,6.4662],[124.4641,-15.3527,0.0],[124.4611,-15.3553,0.2047],[124.4631,-15.3552,4.324],[124.4638,-15.357,16.107],[124.4636,-15.3601,3.5339],[124.4604,-15.363,6.9353],[124.4608,-15.368,1.8022],[124.4648,-15.3708,5.1947],[124.4657,-15.3693,22.4711],[124.4669,-15.3729,10.0584],[124.4733,-15.3727,14.3358],[124.4747,-15.3704,0.0],[124.4734,-15.367,19.8445],[124.4777,-15.3626,25.2167],[124.4838,-15.3616,3.8434],[124.4834,-15.3648,8.827],[124.4808,-15.3679,0.0],[124.4832,-15.3676,15.2611],[124.4792,-15.3769,2.7247],[124.481,-15.3797,3.5171],[124.4843,-15.3806,22.4905],[124.4806,-15.3819,3.3077],[124.4806,-15.3871,3.2679],[124.4786,-15.39,8.3783],[124.4761,-15.3891,0.0],[124.4732,-15.3913,0.0],[124.4733,-15.3943,0.0],[124.4754,-15.3961,29.5323],[124.473,-15.3973,0.0],[124.4724,-15.4004,2.249],[124.4656,-15.4031,2.3552],[124.4722,-15.4027,12.6682],[124.4758,-15.405,4.0866],[124.4813,-15.4026,28.3667],[124.4864,-15.4032,1.3726],[124.4846,-15.4005,0.0],[124.4794,-15.3982,3.8903],[124.4837,-15.397,5.2321],[124.4844,-15.3952,0.0],[124.4812,-15.3924,12.1262],[124.4835,-15.3855,5.1519],[124.4862,-15.3835,12.7999],[124.4876,-15.3851,4.9271],[124.489,-15.3833,6.1902],[124.4926,-15.3849,0.0],[124.4913,-15.3802,10.2452],[124.5031,-15.3772,0.8856],[124.5032,-15.3744,4.3617],[124.4981,-15.3697,21.144],[124.5041,-15.3728,16.8486],[124.5066,-15.3692,14.4751],[124.5056,-15.3674,13.1216],[124.5124,-15.3652,13.5891],[124.507,-15.3713,11.6717],[124.506,-15.3744,2.7039],[124.5073,-15.3759,22.4473],[124.504,-15.3807,0.2998],[124.5058,-15.3851,6.0154],[124.5045,-15.3882,1.3204],[124.506,-15.3895,8.3936],[124.5029,-15.3935,9.9882],[124.5072,-15.3976,10.3699],[124.5121,-15.3992,9.1094],[124.513,-15.3956,0.7613],[124.5115,-15.3934,6.3851],[124.5162,-15.3927,1.6158],[124.5152,-15.3896,1.1735],[124.5171,-15.3862,0.5693],[124.513,-15.3842,13.5992],[124.5183,-15.3817,1.0815],[124.5154,-15.3806,12.4371],[124.5214,-15.3806,8.7956],[124.522,-15.385,9.5427],[124.5256,-15.3828,20.582],[124.5278,-15.3865,2.6617],[124.5322,-15.3825,13.5773],[124.5352,-15.3832,1.2937],[124.5357,-15.3806,0.0],[124.5335,-15.3788,0.0],[124.5307,-15.3805,6.6675],[124.5288,-15.3787,1.2923],[124.5222,-15.3789,15.7944],[124.5238,-15.377,2.7072],[124.5224,-15.3754,13.6327],[124.5286,-15.375,0.8351],[124.5249,-15.3728,15.3417],[124.5255,-15.3696,1.4427],[124.5285,-15.3678,0.0],[124.5244,-15.3616,7.1335],[124.5272,-15.3634,0.0],[124.5265,-15.3598,2.944],[124.528,-15.3574,19.2641],[124.5323,-15.3704,6.1494],[124.5367,-15.3728,25.15],[124.5373,-15.3759,4.2284],[124.5411,-15.3684,15.1494],[124.5421,-15.3711,9.1716],[124.5432,-15.3694,14.9003],[124.5442,-15.3649,0.0],[124.5418,-15.3629,20.6182],[124.5441,-15.3632,4.1702],[124.5451,-15.36,8.4952],[124.546,-15.3594,19.6763],[124.547,-15.3651,8.915],[124.552,-15.3646,17.0146],[124.5488,-15.3685,19.985],[124.5479,-15.3664,7.4399],[124.547,-15.367,7.4399],[124.5487,-15.3722,8.8536],[124.5533,-15.368,31.5336],[124.5499,-15.3735,0.4288],[124.5516,-15.3743,14.9822],[124.5488,-15.3756,8.9414],[124.5471,-15.3786,2.5961],[124.5469,-15.3838,11.3572],[124.5483,-15.3871,10.4055],[124.5541,-15.386,21.078],[124.5546,-15.3886,4.4373],[124.5634,-15.3841,2.4044],[124.565,-15.3815,23.3124],[124.5669,-15.3824,0.0],[124.5682,-15.3793,8.2486],[124.5675,-15.3711,31.0299],[124.569,-15.3751,29.3312],[124.5727,-15.3787,14.3902],[124.5832,-15.3739,22.6757],[124.5859,-15.3758,5.1309],[124.591,-15.369,23.9772],[124.5912,-15.3725,6.8892],[124.5882,-15.3772,19.3291],[124.5898,-15.3819,35.3664],[124.5879,-15.3797,17.5388],[124.5858,-15.3823,1.3763],[124.5787,-15.3837,16.5144],[124.5789,-15.3819,0.3452],[124.5759,-15.382,0.0],[124.5684,-15.3849,0.0],[124.5676,-15.3885,3.9781],[124.5655,-15.3901,10.7162],[124.5638,-15.3889,2.6047],[124.5625,-15.3919,29.1298],[124.5576,-15.3915,4.5416],[124.5552,-15.3943,2.6507],[124.5596,-15.396,20.4371],[124.5602,-15.4005,10.948],[124.5555,-15.399,0.0],[124.5494,-15.405,12.3283],[124.5477,-15.4039,1.2175],[124.5452,-15.406,0.9987],[124.5438,-15.4105,1.6485],[124.5389,-15.4129,0.0],[124.5419,-15.4204,14.9724],[124.5431,-15.4208,14.9724],[124.5437,-15.4186,18.1256],[124.5474,-15.425,19.1288],[124.543,-15.4233,0.0],[124.5438,-15.4277,2.5879],[124.5411,-15.4332,17.0859],[124.5404,-15.4207,1.3119],[124.5369,-15.4166,2.5408],[124.5324,-15.4251,12.6184],[124.5319,-15.4183,4.2495],[124.5296,-15.4192,0.7806],[124.5295,-15.4132,0.6066],[124.5287,-15.4163,6.4132999999999996],[124.5263,-15.4164,1.7921],[124.5254,-15.4184,10.9389],[124.5233,-15.4161,0.0752],[124.5216,-15.4225,13.5017],[124.5196,-15.4218,2.7684],[124.5175,-15.4248,17.9191],[124.5138,-15.4264,5.6181],[124.5204,-15.4311,14.9357],[124.5131,-15.4334,6.2991],[124.5109,-15.4322,0.637],[124.5107,-15.4343,8.5832],[124.5176,-15.4412,12.0286],[124.5239,-15.4357,7.244],[124.5249,-15.4406,0.0],[124.5271,-15.441,7.9088],[124.5279,-15.4433,20.9752],[124.5211,-15.447,2.8211],[124.5246,-15.4484,2.1378],[124.5447,-15.4461,71.4814],[124.5524,-15.447,0.4178],[124.5581,-15.4426,47.7758],[124.5602,-15.4447,0.3115],[124.5654,-15.4423,24.3596],[124.5666,-15.4443,9.9802],[124.5734,-15.4402,1.7381],[124.5741,-15.4384,6.7034],[124.5717,-15.4375,36.3158],[124.5866,-15.4336,40.654],[124.5916,-15.4284,32.5023],[124.5996,-15.427,4.5487],[124.6087,-15.4209,35.1462],[124.6126,-15.4209,24.7015],[124.6132,-15.4269,0.0],[124.6156,-15.4273,13.7232],[124.6239,-15.4163,7.7029],[124.6293,-15.4172,21.0675],[124.631,-15.4131,14.8943],[124.6332,-15.4148,0.7829],[124.6373,-15.4099,7.1198],[124.6407,-15.4104,0.0],[124.6428,-15.4064,0.597],[124.6551,-15.3986,0.3996],[124.6542,-15.397,0.0],[124.6468,-15.3953,4.7719],[124.6405,-15.3971,7.5283],[124.6291,-15.3934,0.4447],[124.6245,-15.3936,0.0],[124.626,-15.3907,0.0],[124.6209,-15.3871,2.8039],[124.6195,-15.3816,4.6727],[124.6259,-15.3795,10.687],[124.6262,-15.3748,0.0],[124.6212,-15.3625,3.2028],[124.6167,-15.3595,0.0],[124.6153,-15.362,14.9832],[124.6134,-15.3572,11.0011],[124.6088,-15.3527,0.0],[124.6085,-15.347,0.0],[124.605,-15.3418,15.3584],[124.5992,-15.3412,0.0],[124.5956,-15.3458,43.9744],[124.5914,-15.3455,0.0],[124.59,-15.3467,19.9193],[124.58,-15.3427,19.5975],[124.5864,-15.3432,5.772],[124.5871,-15.3391,2.9104],[124.5894,-15.3364,0.0],[124.5882,-15.3338,1.9901],[124.5889,-15.3285,2.33],[124.5867,-15.3226,39.8299],[124.587,-15.3188,19.5913],[124.5901,-15.316,2.1542],[124.5899,-15.3122,0.0],[124.588,-15.315,7.8722],[124.582,-15.3135,1.5176],[124.5797,-15.3112,0.0],[124.5728,-15.3154,13.5739],[124.5714,-15.3132,0.418],[124.5688,-15.3151,16.4008],[124.5668,-15.3202,4.7705],[124.5598,-15.3194,0.0],[124.5581,-15.3176,10.2666],[124.5581,-15.3153,1.8282],[124.5562,-15.3143,31.4481],[124.5606,-15.3108,0.0],[124.5589,-15.3062,23.8523],[124.5629,-15.3049,0.0],[124.5613,-15.3029,0.0],[124.564,-15.2974,0.0],[124.5631,-15.2966,0.0],[124.565,-15.2942,31.1858],[124.5659,-15.298,14.797],[124.5677,-15.2987,9.1406],[124.5687,-15.2953,0.0],[124.5663,-15.2916,22.4152],[124.5682,-15.2882,28.0135],[124.5675,-15.2824,21.6133],[124.569,-15.2813,0.0],[124.5625,-15.2804,7.3736],[124.5676,-15.2772,11.201],[124.5676,-15.2758,2.5188],[124.5648,-15.2743,10.6867],[124.5683,-15.2709,15.6956],[124.5683,-15.267,14.0802],[124.5621,-15.2618,2.4775],[124.5581,-15.2552,19.8306],[124.5602,-15.2524,41.1026],[124.5629,-15.2537,1.9704]]],
[[[124.5907,-15.3435,7.2605],[124.5928,-15.3427,6.7191],[124.5927,-15.3415,6.7191],[124.5899,-15.3424,3.2283],[124.5907,-15.3435,7.2605]]],
[[[124.4756,-15.3439,0.521],[124.4757,-15.3435,0.521],[124.4754,-15.343,0.521],[124.475,-15.3439,0.521],[124.4756,-15.3439,0.521]]],
[[[124.4778,-15.3438,0.5908],[124.4778,-15.3432,0.5908],[124.4772,-15.3429,0.0],[124.4771,-15.3434,0.5908],[124.4778,-15.3438,0.5908]]],
[[[124.4748,-15.3429,0.0],[124.4748,-15.3423,0.0],[124.4743,-15.3418,0.0],[124.474,-15.3428,0.0],[124.4748,-15.3429,0.0]]],
[[[124.4735,-15.3391,0.7586],[124.4732,-15.3383,0.7586],[124.4722,-15.3388,0.7586],[124.4731,-15.34,3.178],[124.4735,-15.3391,0.7586]]],
[[[124.4761,-15.3221,3.7996],[124.4755,-15.3227,0.2945],[124.476,-15.3231,0.0],[124.4764,-15.3225,3.7996],[124.4761,-15.3221,3.7996]]],
[[[124.4613,-15.3225,5.5212],[124.4613,-15.3213,5.5212],[124.4605,-15.3208,0.6314],[124.4598,-15.3219,5.5212],[124.4613,-15.3225,5.5212]]],
[[[124.4615,-15.3199,0.6314],[124.4653,-15.3201,3.9709],[124.4637,-15.3178,0.0],[124.4615,-15.3177,0.0],[124.4615,-15.3199,0.6314]]],
[[[124.4835,-15.3185,6.9362],[124.4834,-15.3208,15.7095],[124.489,-15.3194,1.3482],[124.486,-15.3167,7.5646],[124.4835,-15.3185,6.9362]]],
[[[124.6394,-15.4142,2.9539],[124.6406,-15.4139,0.0],[124.6413,-15.4128,0.0],[124.6387,-15.4135,2.9539],[124.6394,-15.4142,2.9539]]],
[[[124.6396,-15.4118,0.6253],[124.6398,-15.4114,0.6253],[124.6391,-15.411,11.0231],[124.6388,-15.4116,0.6253],[124.6396,-15.4118,0.6253]]],
[[[124.6497,-15.3914,0.1562],[124.6502,-15.3919,0.1562],[124.6504,-15.3911,0.0],[124.6501,-15.3909,0.0],[124.6497,-15.3914,0.1562]]],
[[[124.6454,-15.3924,0.0],[124.6438,-15.3893,0.0],[124.642,-15.3908,4.1321],[124.6441,-15.3927,5.7415],[124.6454,-15.3924,0.0]]],
[[[124.86,-15.3473,0.1143],[124.8593,-15.3473,0.1143],[124.8588,-15.3481,0.0],[124.8599,-15.3483,0.0],[124.86,-15.3473,0.1143]]],
[[[124.8529,-15.3464,1.0062],[124.8592,-15.3444,0.0],[124.8531,-15.3373,0.0],[124.8438,-15.3421,0.7531],[124.8478,-15.349,2.5918],[124.8501,-15.3486,5.7778],[124.8533,-15.3448,9.1348],[124.8529,-15.3464,1.0062]]],
[[[124.7487,-15.342,3.7958],[124.7502,-15.3411,0.2831],[124.7499,-15.3383,0.0],[124.7469,-15.3414,1.45],[124.7487,-15.342,3.7958]]],
[[[124.8492,-15.3381,2.0432],[124.8496,-15.3385,2.0432],[124.8499,-15.338,2.0432],[124.8495,-15.3378,0.0],[124.8492,-15.3381,2.0432]]],
[[[124.6322,-15.3761,52.1892],[124.6358,-15.3753,3.8233],[124.6357,-15.3699,4.1082],[124.6298,-15.3674,0.0],[124.6288,-15.3704,15.4949],[124.6322,-15.3761,52.1892]]],
[[[124.6285,-15.3591,0.7494],[124.6289,-15.3598,2.2173],[124.6293,-15.3595,0.7494],[124.6288,-15.3587,0.7494],[124.6285,-15.3591,0.7494]]],
[[[124.621,-15.3224,36.4237],[124.6231,-15.3178,0.0],[124.6201,-15.3194,8.5013],[124.6193,-15.3246,5.5835],[124.621,-15.3224,36.4237]]],
[[[124.64,-15.2815,22.976],[124.6364,-15.273,7.8257],[124.6314,-15.2736,0.0],[124.6274,-15.2768,12.5921],[124.6241,-15.2732,6.9],[124.6235,-15.2685,0.0],[124.6201,-15.2653,0.0],[124.6176,-15.2738,10.8999],[124.6187,-15.2803,64.477],[124.6175,-15.2827,2.7842],[124.6121,-15.2836,8.5726],[124.6151,-15.2843,28.908],[124.6164,-15.2902,36.5406],[124.6181,-15.2907,2.6753999999999998],[124.6203,-15.2881,11.9599],[124.6247,-15.2885,3.3909],[124.6314,-15.2801,30.7868],[124.6358,-15.2804,41.5933],[124.6389,-15.2832,26.2767],[124.64,-15.2815,22.976]]],
[[[124.8722,-15.2783,1.4408],[124.8709,-15.2773,0.4685],[124.8714,-15.2785,1.4408],[124.8722,-15.2783,1.4408]]],
[[[124.8729,-15.2773,1.3344],[124.8723,-15.2765,1.3344],[124.872,-15.277,1.3344],[124.8727,-15.2775,1.3344],[124.8729,-15.2773,1.3344]]],
[[[124.8638,-15.2738,1.7648],[124.8625,-15.2744,1.0743],[124.8632,-15.2753,0.0],[124.8638,-15.2751,0.0],[124.8638,-15.2738,1.7648]]],
[[[124.7294,-15.2691,0.0],[124.7282,-15.2695,0.0],[124.7289,-15.2706,8.0321],[124.7298,-15.2696,0.0],[124.7294,-15.2691,0.0]]],
[[[124.8624,-15.3146,0.0],[124.8636,-15.3149,0.0],[124.8651,-15.3131,0.0],[124.8638,-15.3127,0.0],[124.8624,-15.3146,0.0]]],
[[[124.8155,-15.3126,0.0],[124.8162,-15.3142,9.884],[124.8181,-15.3146,0.0],[124.8167,-15.3121,0.0],[124.8155,-15.3126,0.0]]],
[[[124.8152,-15.3107,0.6324],[124.8145,-15.3103,0.6324],[124.8142,-15.3107,0.6324],[124.8149,-15.311,0.6324],[124.8152,-15.3107,0.6324]]],
[[[124.8159,-15.3088,0.0],[124.816,-15.3081,0.0],[124.8156,-15.3079,0.0],[124.8152,-15.3089,0.0],[124.8159,-15.3088,0.0]]],
[[[125.03,-15.309,0.3727],[125.0298,-15.3095,0.3727],[125.0308,-15.3102,2.7127],[125.0308,-15.3091,0.3727],[125.03,-15.309,0.3727]]],
[[[125.0282,-15.3091,0.0],[125.0286,-15.3093,0.0],[125.0289,-15.309,0.0],[125.0284,-15.3088,0.0],[125.0282,-15.3091,0.0]]],
[[[125.0272,-15.3028,0.0],[125.0276,-15.303,0.0],[125.0278,-15.3023,0.0],[125.0274,-15.3022,0.0],[125.0272,-15.3028,0.0]]],
[[[125.03,-15.3011,0.0],[125.0304,-15.3013,0.0],[125.0307,-15.301,0.0],[125.0302,-15.3008,0.0],[125.03,-15.3011,0.0]]],
[[[124.8039,-15.3049,1.0972],[124.8034,-15.3046,1.0972],[124.8028,-15.3046,1.8801],[124.8031,-15.3052,1.8801],[124.8039,-15.3049,1.0972]]],
[[[124.8246,-15.3039,0.0],[124.8246,-15.303,0.0],[124.8241,-15.3027,0.0],[124.8238,-15.3033,0.0],[124.8246,-15.3039,0.0]]],
[[[124.8604,-15.2998,0.0],[124.8632,-15.2964,0.0],[124.8607,-15.2966,21.6439],[124.86,-15.2937,0.3066],[124.8635,-15.2873,0.0],[124.8593,-15.2833,0.8429],[124.8569,-15.2898,13.6591],[124.849,-15.2934,3.0595],[124.8544,-15.3034,10.0724],[124.8515,-15.3047,32.2906],[124.8497,-15.3078,0.0],[124.8428,-15.3099,7.1222],[124.8408,-15.3136,10.1248],[124.8486,-15.3161,0.0],[124.8496,-15.312,6.564],[124.8543,-15.3126,19.0962],[124.8584,-15.3112,25.7438],[124.8608,-15.313,4.9855],[124.8607,-15.3101,10.4743],[124.8624,-15.3104,1.1626],[124.8597,-15.3022,0.0],[124.8604,-15.2998,0.0]]],
[[[124.8321,-15.2895,0.8682],[124.8328,-15.2897,0.0],[124.8336,-15.2879,0.0],[124.8328,-15.2882,0.8682],[124.8321,-15.2895,0.8682]]],
[[[124.8442,-15.2837,0.4317],[124.8441,-15.2831,0.4317],[124.8437,-15.283,0.4317],[124.8435,-15.2837,0.4317],[124.8442,-15.2837,0.4317]]],
[[[124.8668,-15.2842,11.6491],[124.8684,-15.2849,0.0],[124.8712,-15.2828,0.0],[124.8714,-15.2803,2.6194],[124.865,-15.2799,10.3039],[124.865,-15.2833,11.6491],[124.8668,-15.2842,11.6491]]],
[[[124.8441,-15.2817,0.0],[124.8435,-15.2813,0.0],[124.8429,-15.2822,0.0],[124.8433,-15.2825,0.0],[124.8441,-15.2817,0.0]]],
[[[124.8733,-15.2807,0.0],[124.8733,-15.28,0.0],[124.8723,-15.2794,1.4408],[124.8721,-15.2799,2.6194],[124.8733,-15.2807,0.0]]],
[[[124.8261,-15.2406,0.3074],[124.8249,-15.2402,1.0716],[124.8252,-15.2432,11.4088],[124.8226,-15.2378,0.0],[124.8207,-15.2392,3.2663],[124.8174,-15.2356,0.2123],[124.8129,-15.2349,16.1984],[124.8118,-15.2329,4.3849],[124.8133,-15.2299,14.2549],[124.8096,-15.2291,3.7554],[124.8074,-15.2332,23.3779],[124.8086,-15.2378,24.9377],[124.8062,-15.2372,0.9338],[124.8046,-15.2395,0.0],[124.8059,-15.2449,5.2753],[124.8038,-15.2441,0.1526],[124.8028,-15.2455,2.3271],[124.8038,-15.2491,17.8395],[124.8007,-15.2568,8.0038],[124.7988,-15.2578,2.4118],[124.7997,-15.2601,10.2364],[124.7944,-15.2578,0.0],[124.7927,-15.2605,0.0],[124.7925,-15.2677,18.8425],[124.796,-15.2753,9.5339],[124.7919,-15.281,10.0915],[124.7908,-15.2873,0.0],[124.8048,-15.2998,2.095],[124.8065,-15.3031,0.0],[124.8118,-15.3061,7.1102],[124.8125,-15.3052,7.1102],[124.8082,-15.302,9.9719],[124.8135,-15.302,0.0],[124.8112,-15.2995,23.8892],[124.8148,-15.2977,11.9529],[124.8148,-15.2937,16.3306],[124.8123,-15.2895,34.032],[124.8152,-15.2919,4.7742],[124.8192,-15.2919,19.9064],[124.8219,-15.2904,0.0],[124.8216,-15.2891,24.6225],[124.8262,-15.2878,0.0],[124.8221,-15.2854,18.7105],[124.8266,-15.2862,8.8114],[124.8278,-15.284,22.6201],[124.8286,-15.2868,2.4917],[124.8316,-15.2855,22.3122],[124.8361,-15.2802,14.0031],[124.8381,-15.2813,1.6266],[124.83839999999999,-15.279,0.0],[124.8341,-15.2725,44.6384],[124.8422,-15.2801,3.7507],[124.8454,-15.2763,1.3364],[124.8445,-15.2721,17.6629],[124.8488,-15.2746,0.6717],[124.8504,-15.2709,29.5778],[124.8508,-15.2671,0.0],[124.848,-15.2626,24.2259],[124.8537,-15.2648,0.5468],[124.8569,-15.2603,0.0],[124.8574,-15.2562,0.4398],[124.8521,-15.2502,0.9162],[124.8511,-15.2463,0.0],[124.8475,-15.2444,0.0],[124.8411,-15.2439,1.1095],[124.8389,-15.2399,2.1544],[124.8336,-15.2367,0.5371],[124.8304,-15.2376,1.3173],[124.8336,-15.2464,11.3195],[124.8302,-15.242,0.9121],[124.8279,-15.2453,13.8646],[124.8278,-15.2416,3.2299],[124.8261,-15.2406,0.3074]]],
[[[124.7218,-15.2658,0.0],[124.7222,-15.2668,2.5022],[124.7235,-15.2673,0.0],[124.7225,-15.2653,0.0],[124.7218,-15.2658,0.0]]],
[[[124.7981,-15.2567,2.4118],[124.7986,-15.257,2.4118],[124.7987,-15.2562,0.307],[124.7984,-15.256,0.307],[124.7981,-15.2567,2.4118]]],
[[[124.7999,-15.256,1.4105],[124.7998,-15.2553,1.4105],[124.7993,-15.255,1.4105],[124.7991,-15.2556,1.4105],[124.7999,-15.256,1.4105]]],
[[[124.6729,-15.2737,3.838],[124.6682,-15.2722,2.1908],[124.6662,-15.2744,31.9107],[124.6698,-15.2761,15.431],[124.6729,-15.2737,3.838]]],
[[[124.7007,-15.2592,23.4712],[124.7,-15.2574,0.0],[124.6997,-15.2591,0.8609],[124.7007,-15.2592,23.4712]]],
[[[124.6997,-15.2561,0.0],[124.7002,-15.2566,0.0],[124.7005,-15.2561,1.611],[124.7,-15.2558,0.0],[124.6997,-15.2561,0.0]]],
[[[124.701,-15.2092,0.0],[124.7005,-15.2107,0.0],[124.7011,-15.211,0.0],[124.7017,-15.2104,0.0],[124.701,-15.2092,0.0]]],
[[[124.8055,-15.2353,0.0],[124.8052,-15.2358,0.0],[124.8056,-15.2366,0.9338],[124.8061,-15.2357,0.0],[124.8055,-15.2353,0.0]]],
[[[124.8148,-15.2282,0.9638],[124.8169,-15.2263,0.9309],[124.8148,-15.2258,0.0],[124.812,-15.2277,1.0955],[124.8148,-15.2282,0.9638]]],
[[[124.8262,-15.2283,2.0283],[124.8277,-15.2284,2.0283],[124.8298,-15.2237,1.9574],[124.8256,-15.2234,1.6001],[124.8262,-15.2283,2.0283]]],
[[[124.7266,-15.2234,0.0],[124.726,-15.2228,0.0],[124.7258,-15.2232,0.0],[124.7263,-15.2235,0.0],[124.7266,-15.2234,0.0]]],
[[[124.7346,-15.2207,1.7336],[124.7353,-15.2194,0.0],[124.735,-15.2192,0.0],[124.7339,-15.2207,1.7336],[124.7346,-15.2207,1.7336]]],
[[[124.8076,-15.2164,0.0],[124.8067,-15.2151,1.176],[124.8026,-15.2158,0.3413],[124.7994,-15.2144,12.8888],[124.8036,-15.214,3.9885],[124.8055,-15.2118,2.0693],[124.8031,-15.2058,3.7062],[124.8,-15.2038,0.9037],[124.7952,-15.2083,14.0491],[124.7938,-15.2124,5.0521],[124.7916,-15.2117,0.7651],[124.7906,-15.2135,3.0187],[124.7849,-15.2156,6.3763],[124.7835,-15.2189,13.2164],[124.7863,-15.2224,6.8758],[124.7901,-15.2212,20.1551],[124.7925,-15.2222,1.0822],[124.7922,-15.2173,6.9993],[124.7971,-15.2175,9.8642],[124.799,-15.2217,3.0023],[124.8015,-15.2226,4.0637],[124.8032,-15.2191,27.5169],[124.8071,-15.2212,25.0219],[124.8076,-15.2164,0.0]]],
[[[124.8163,-15.21,0.0],[124.8164,-15.2096,0.0],[124.8156,-15.2093,0.0],[124.8158,-15.21,0.0],[124.8163,-15.21,0.0]]],
[[[124.8153,-15.1998,4.0527],[124.8123,-15.2012,1.6505],[124.8124,-15.2088,2.3874],[124.8161,-15.2026,0.0],[124.8153,-15.1998,4.0527]]],
[[[125.0129,-15.5384,5.5563],[125.0139,-15.5374,2.8936],[125.0137,-15.5368,2.8936],[125.0124,-15.5381,5.5563],[125.0129,-15.5384,5.5563]]],
[[[125.0127,-15.5346,2.5199],[125.0132,-15.534,0.0],[125.0125,-15.5337,2.5768],[125.0122,-15.534,2.5768],[125.0127,-15.5346,2.5199]]],
[[[125.0076,-15.5278,3.3412],[125.0074,-15.5281,1.324],[125.0079,-15.5284,1.324],[125.0081,-15.5281,1.324],[125.0076,-15.5278,3.3412]]],
[[[125.0104,-15.5189,2.2189],[125.0096,-15.5186,2.2189],[125.0093,-15.519,2.2189],[125.0101,-15.5192,2.2189],[125.0104,-15.5189,2.2189]]],
[[[125.0288,-15.5182,4.3534],[125.0287,-15.5192,4.3534],[125.0296,-15.5201,4.6461],[125.0303,-15.5183,4.6367],[125.0288,-15.5182,4.3534]]],
[[[125.052,-15.4965,0.0],[125.0516,-15.4963,0.0],[125.0515,-15.4972,0.0],[125.052,-15.4972,0.0],[125.052,-15.4965,0.0]]],
[[[125.1302,-15.4825,0.0],[125.13,-15.4828,0.0],[125.1308,-15.4832,0.8842],[125.1308,-15.4827,5.6339],[125.1302,-15.4825,0.0]]],
[[[125.0112,-15.4362,10.1371],[125.0148,-15.432,3.5984],[125.0142,-15.4298,3.5786],[125.0126,-15.4316,14.134],[125.0102,-15.4312,0.0],[125.0092,-15.4291,0.0],[125.0074,-15.4333,19.5284],[125.0039,-15.4342,0.0],[125.0057,-15.4393,1.0817],[125.0097,-15.4382,0.0],[125.0112,-15.4362,10.1371]]],
[[[125.0032,-15.5023,4.1646],[125.0024,-15.5009,3.8262],[125.0016,-15.5017,5.4915],[125.0032,-15.5023,4.1646]]],
[[[125.0031,-15.4392,0.0],[125.0034,-15.4391,0.0],[125.0033,-15.4386,0.0],[125.0029,-15.4388,0.0],[125.0031,-15.4392,0.0]]],
[[[125.0006,-15.438,0.0],[125.0021,-15.4375,1.3838],[125.0024,-15.4354,0.2442],[125.0007,-15.4369,1.3838],[125.0006,-15.438,0.0]]],
[[[124.9998,-15.4362,0.0],[124.9993,-15.4367,0.0],[124.9997,-15.437,0.0],[125.0,-15.4365,0.0],[124.9998,-15.4362,0.0]]],
[[[124.9607,-15.3957,0.4887],[124.9603,-15.3948,0.4887],[124.9597,-15.3959,0.4887],[124.9606,-15.396,0.4887],[124.9607,-15.3957,0.4887]]],
[[[124.9396,-15.3929,0.0],[124.9392,-15.3928,0.0],[124.9369,-15.3939,0.0],[124.9388,-15.3941,0.0057],[124.9396,-15.3929,0.0]]],
[[[124.9285,-15.3935,4.9295],[124.9285,-15.3927,0.299],[124.9272,-15.3917,0.299],[124.9277,-15.3934,4.9295],[124.9285,-15.3935,4.9295]]],
[[[124.939,-15.3817,0.0],[124.9388,-15.3821,0.0],[124.9393,-15.3825,0.0],[124.9395,-15.382,0.0],[124.939,-15.3817,0.0]]],
[[[125.2583,-15.5849,0.0],[125.2589,-15.5849,0.0],[125.2593,-15.5844,2.2015],[125.2585,-15.5842,2.2015],[125.2583,-15.5849,0.0]]],
[[[125.2621,-15.5838,4.5435],[125.2614,-15.5835,0.0],[125.2612,-15.5839,0.0],[125.2617,-15.5844,0.0],[125.2621,-15.5838,4.5435]]],
[[[125.2248,-15.5573,0.0],[125.2254,-15.5574,0.0],[125.2251,-15.5563,0.0],[125.2247,-15.5565,0.0],[125.2248,-15.5573,0.0]]],
[[[125.2242,-15.5557,0.0],[125.2248,-15.5557,0.0],[125.2251,-15.555,0.0],[125.2243,-15.5548,0.0],[125.2242,-15.5557,0.0]]],
[[[125.2235,-15.5519,2.0255],[125.223,-15.5524,2.0255],[125.2233,-15.5528,2.0255],[125.2238,-15.5526,2.0255],[125.2235,-15.5519,2.0255]]],
[[[125.2087,-15.5495,0.0],[125.2083,-15.5491,17.9349],[125.208,-15.5492,17.9349],[125.2085,-15.5499,18.7085],[125.2087,-15.5495,0.0]]],
[[[125.2029,-15.1222,0.0],[125.203,-15.1218,0.0],[125.202,-15.1216,0.0],[125.2019,-15.1221,0.0],[125.2029,-15.1222,0.0]]],
[[[125.1971,-15.122,2.3229],[125.198,-15.1213,2.3229],[125.1977,-15.1203,1.4871],[125.1961,-15.1216,0.6496],[125.1971,-15.122,2.3229]]],
[[[125.2218,-15.1208,1.7402],[125.2223,-15.1204,1.7402],[125.2204,-15.1207,1.5838],[125.2207,-15.1211,1.5838],[125.2218,-15.1208,1.7402]]],
[[[125.2215,-15.1123,-0.3274],[125.2214,-15.1126,-0.3274],[125.2218,-15.1128,-0.3274],[125.2219,-15.1126,-0.3274],[125.2215,-15.1123,-0.3274]]],
[[[125.2203,-15.1119,0.245],[125.2207,-15.1119,0.245],[125.2207,-15.1118,0.245],[125.22,-15.1117,0.245],[125.2203,-15.1119,0.245]]],
[[[125.2241,-15.1063,1.1723],[125.2231,-15.1054,0.3188],[125.2234,-15.1068,1.1723],[125.2241,-15.1063,1.1723]]],
[[[125.2534,-15.091,19.1958],[125.2544,-15.0856,2.94],[125.2508,-15.0829,8.5853],[125.2483,-15.0781,9.7046],[125.244,-15.0781,7.0409],[125.2396,-15.0816,4.517],[125.2376,-15.0859,27.7577],[125.2331,-15.0828,0.0],[125.2306,-15.085,8.0872],[125.23,-15.094,14.6079],[125.2279,-15.0961,0.3145],[125.2291,-15.0986,0.7115],[125.2345,-15.0982,1.1542],[125.2375,-15.0957,-0.0843],[125.2382,-15.0928,1.1374],[125.2431,-15.0953,1.6307],[125.247,-15.095,3.5496],[125.249,-15.0911,30.372],[125.2526,-15.0924,8.7361],[125.2534,-15.091,19.1958]]],
[[[125.2565,-15.0875,7.7825],[125.259,-15.0873,3.4368],[125.2589,-15.0848,3.9934],[125.257,-15.0841,0.0],[125.2555,-15.0856,2.94],[125.2565,-15.0875,7.7825]]],
[[[125.2616,-15.0824,0.2605],[125.2597,-15.0837,0.6972],[125.2606,-15.086,7.43],[125.2641,-15.0868,0.0],[125.2643,-15.0859,0.0],[125.2616,-15.0824,0.2605]]],
[[[125.2768,-15.0828,0.0],[125.2766,-15.0833,4.7935],[125.2777,-15.0842,4.7935],[125.2779,-15.0836,4.7935],[125.2768,-15.0828,0.0]]],
[[[125.1665,-15.5213,2.3497],[125.1661,-15.5216,2.3497],[125.1668,-15.5225,2.3497],[125.1669,-15.5216,2.3497],[125.1665,-15.5213,2.3497]]],
[[[125.1662,-15.516,4.2278],[125.1684,-15.5167,2.3003],[125.1693,-15.5166,2.3003],[125.1664,-15.514,3.3198],[125.1662,-15.516,4.2278]]],
[[[125.153,-15.5092,9.4053],[125.155,-15.5098,6.2036],[125.1555,-15.5097,2.5333],[125.1519,-15.5078,0.0],[125.153,-15.5092,9.4053]]],
[[[125.1446,-15.5041,0.9929],[125.1444,-15.5045,0.9929],[125.1447,-15.5048,5.6969],[125.1451,-15.5043,0.0],[125.1446,-15.5041,0.9929]]],
[[[125.1479,-15.5046,0.0],[125.1479,-15.5041,0.0],[125.1471,-15.5041,0.0],[125.1474,-15.5046,0.0],[125.1479,-15.5046,0.0]]],
[[[125.1324,-15.4846,4.0529],[125.1331,-15.4852,4.0529],[125.1361,-15.4853,5.2308],[125.1335,-15.4836,2.3929],[125.1324,-15.4846,4.0529]]],
[[[125.1338,-15.3323,0.0],[125.133,-15.3336,3.3585],[125.1367,-15.3316,0.0],[125.136,-15.3314,3.0644],[125.1338,-15.3323,0.0]]],
[[[125.1582,-15.3216,4.4592],[125.1572,-15.3212,7.432],[125.1562,-15.3221,1.0206],[125.1569,-15.3223,1.0206],[125.1582,-15.3216,4.4592]]],
[[[125.1442,-15.1112,0.0],[125.1439,-15.1111,0.0],[125.1438,-15.1121,0.0],[125.1441,-15.1119,0.0],[125.1442,-15.1112,0.0]]],
[[[125.1433,-15.1103,0.0],[125.1429,-15.1102,0.0],[125.1428,-15.111,0.0],[125.1433,-15.111,0.0],[125.1433,-15.1103,0.0]]],
[[[125.1708,-15.0986,0.0],[125.1711,-15.0983,0.0],[125.1704,-15.0977,0.0],[125.1703,-15.0982,0.0],[125.1708,-15.0986,0.0]]],
[[[125.1632,-15.0963,0.0],[125.1636,-15.0957,0.0],[125.163,-15.0952,0.0],[125.1628,-15.0957,0.0],[125.1632,-15.0963,0.0]]],
[[[125.0573,-15.1785,0.0],[125.0565,-15.1782,0.0],[125.0561,-15.1788,0.0],[125.0566,-15.1792,0.0],[125.0573,-15.1785,0.0]]],
[[[125.041,-15.1696,7.8335],[125.0448,-15.1671,0.0],[125.0439,-15.1652,0.0],[125.0387,-15.1692,0.6014],[125.0394,-15.1706,3.3813],[125.041,-15.1696,7.8335]]],
[[[125.1265,-15.082,0.0],[125.1249,-15.0823,4.6477],[125.1254,-15.084,5.2911],[125.1263,-15.0829,0.0],[125.1265,-15.082,0.0]]],
[[[125.1048,-15.0055,0.0],[125.1035,-15.005,0.0],[125.102,-15.007,1.1477],[125.1026,-15.0088,1.0534],[125.1046,-15.0089,2.2868],[125.1103,-15.0047,3.6296],[125.1092,-15.004,0.0],[125.1048,-15.0055,0.0]]],
[[[125.1613,-15.0908,0.0],[125.1606,-15.0913,0.351],[125.1622,-15.0924,0.3948],[125.162,-15.0916,0.3948],[125.1613,-15.0908,0.0]]],
[[[125.1348,-15.0567,0.0],[125.1353,-15.0559,0.0],[125.1348,-15.0557,0.0],[125.1345,-15.0562,0.0],[125.1348,-15.0567,0.0]]],
[[[125.1332,-15.0535,0.0],[125.1328,-15.0539,0.0],[125.1333,-15.0542,0.0],[125.1334,-15.0536,0.0],[125.1332,-15.0535,0.0]]],
[[[125.1487,-15.0513,0.0],[125.1481,-15.051,0.0],[125.148,-15.0516,0.0],[125.1486,-15.0516,0.0],[125.1487,-15.0513,0.0]]],
[[[125.2244,-15.1048,0.3188],[125.2239,-15.1046,0.3188],[125.2242,-15.1055,0.3188],[125.2244,-15.1052,0.3188],[125.2244,-15.1048,0.3188]]],
[[[125.1725,-15.0385,7.1434],[125.1735,-15.0347,5.4889],[125.1696,-15.0332,0.0],[125.1658,-15.0291,0.0],[125.1638,-15.0295,3.2466],[125.1649,-15.027,25.1698],[125.1669,-15.0274,14.7916],[125.1685,-15.0255,2.4965],[125.1666,-15.0205,0.0],[125.1631,-15.0228,0.0],[125.1615,-15.0261,10.8417],[125.1581,-15.0251,3.8316],[125.1564,-15.0261,0.0],[125.1566,-15.031,0.0],[125.159,-15.0302,12.6697],[125.1586,-15.0329,15.2933],[125.1538,-15.0387,1.5477],[125.1572,-15.0427,46.4585],[125.1579,-15.0463,33.2671],[125.1566,-15.0482,3.068],[125.1523,-15.0488,3.1456],[125.1472,-15.0398,10.3945],[125.1445,-15.0417,0.0],[125.1442,-15.0454,2.2382],[125.1497,-15.0502,41.2129],[125.1504,-15.0547,15.1156],[125.1484,-15.0573,0.0],[125.1517,-15.0636,25.8034],[125.1547,-15.0649,2.5175],[125.1564,-15.0636,22.9548],[125.1608,-15.0672,10.1874],[125.1609,-15.0768,2.3218],[125.1641,-15.0796,0.7683],[125.1644,-15.0828,0.0],[125.1668,-15.083,2.8044],[125.1668,-15.0806,15.5113],[125.1699,-15.0806,18.2688],[125.174,-15.078,0.2531],[125.1749,-15.0789,0.2531],[125.1699,-15.0848,19.2987],[125.1706,-15.0907,8.5807],[125.1723,-15.0941,11.8591],[125.1758,-15.0957,4.4697],[125.17529999999999,-15.0977,0.0],[125.1709,-15.1016,2.8548],[125.1649,-15.0993,0.0],[125.1664,-15.1101,9.1897],[125.1687,-15.1115,4.3354],[125.1683,-15.115,5.3783],[125.1705,-15.1151,2.8442],[125.1711,-15.1197,1.084],[125.1751,-15.1221,1.6806],[125.1822,-15.1217,2.0713],[125.1873,-15.1234,2.1005],[125.1962,-15.1206,1.4871],[125.1977,-15.1163,0.8398],[125.2037,-15.1131,0.0],[125.2064,-15.1098,15.969],[125.2166,-15.1054,-0.401],[125.2128,-15.1025,-0.7877],[125.2149,-15.102,0.0],[125.2129,-15.0984,3.0283],[125.2187,-15.1046,-0.175],[125.2208,-15.1022,-0.0983],[125.2289,-15.0996,0.7866],[125.2263,-15.097,0.0],[125.2228,-15.0993,0.0],[125.2166,-15.0978,0.5589],[125.223,-15.0945,11.5005],[125.2257,-15.0878,35.9852],[125.2299,-15.0843,1.5532],[125.2288,-15.0813,16.0382],[125.2308,-15.0782,8.9674],[125.2309,-15.0707,9.9169],[125.2274,-15.0651,0.0],[125.2234,-15.0645,0.0],[125.2152,-15.0669,9.809],[125.2133,-15.0642,0.0],[125.2034,-15.063,16.4741],[125.2022,-15.0577,0.0],[125.1984,-15.0582,2.7336],[125.1913,-15.0636,14.5124],[125.1898,-15.0579,0.0],[125.1885,-15.0578,0.0],[125.1854,-15.0672,4.7767],[125.1808,-15.0683,17.4909],[125.1776,-15.0669,0.8932],[125.1754,-15.0629,23.7626],[125.1775,-15.058,2.3098],[125.1764,-15.0563,0.5614],[125.1781,-15.0543,0.8122],[125.1785,-15.0482,3.0368],[125.1725,-15.0385,7.1434]]],
[[[125.2077,-14.98,1.7523],[125.2043,-14.9815,0.0],[125.2057,-14.9831,7.4247],[125.2045,-14.9847,0.0],[125.2072,-14.9835,2.0461],[125.2077,-14.98,1.7523]]],
[[[125.1934,-14.9725,0.0],[125.194,-14.9708,0.7532],[125.1931,-14.9698,0.7532],[125.1926,-14.9713,0.0],[125.1934,-14.9725,0.0]]],
[[[125.1441,-15.0491,0.0],[125.1448,-15.049,0.459],[125.1445,-15.0485,0.0],[125.1438,-15.0489,0.0],[125.1441,-15.0491,0.0]]],
[[[125.1804,-15.0396,0.5537],[125.1815,-15.04,0.5537],[125.1828,-15.0375,0.0],[125.1812,-15.0378,0.0],[125.1804,-15.0396,0.5537]]],
[[[125.1544,-15.0266,0.0],[125.1541,-15.0269,0.0],[125.1545,-15.0276,0.0],[125.1548,-15.0269,0.0],[125.1544,-15.0266,0.0]]],
[[[125.1697,-15.0236,0.0],[125.1692,-15.023,0.3961],[125.1694,-15.0244,0.3961],[125.1696,-15.0242,0.0],[125.1697,-15.0236,0.0]]],
[[[125.1828,-14.9619,11.0101],[125.1842,-14.9613,0.0],[125.1846,-14.9604,0.0],[125.1829,-14.9598,7.0548],[125.1828,-14.9619,11.0101]]],
[[[125.2063,-14.9491,3.5983],[125.2024,-14.9445,0.0],[125.201,-14.9448,3.3862],[125.2012,-14.9405,0.0],[125.1978,-14.9412,2.0389],[125.1956,-14.9433,3.6943],[125.1975,-14.9477,13.2301],[125.1951,-14.9519,8.2661],[125.1984,-14.953,19.1731],[125.1949,-14.9527,8.2661],[125.1945,-14.9549,14.2842],[125.1928,-14.9537,3.0359],[125.1901,-14.9554,2.4435],[125.1916,-14.9586,4.3292],[125.1883,-14.9621,14.0228],[125.1939,-14.9628,28.0796],[125.1976,-14.967,4.6961],[125.2008,-14.9665,0.0],[125.2013,-14.9639,1.9438],[125.2069,-14.9588,3.4557],[125.201,-14.953,3.7465],[125.206,-14.9544,8.2897],[125.2056,-14.9495,3.5983],[125.2084,-14.9533,0.0],[125.2063,-14.9491,3.5983]]],
[[[125.1927,-14.9483,0.0],[125.1921,-14.9462,0.0],[125.191,-14.9463,0.0],[125.1917,-14.9483,0.0],[125.1927,-14.9483,0.0]]],
[[[125.1899,-14.9443,0.0],[125.189,-14.9447,0.0],[125.189,-14.9452,0.0],[125.1899,-14.945,0.0],[125.1899,-14.9443,0.0]]],
[[[125.3223,-15.1511,1.8528],[125.3225,-15.1506,1.8528],[125.3221,-15.1502,1.8528],[125.3218,-15.1507,1.8528],[125.3223,-15.1511,1.8528]]],
[[[125.3222,-15.1494,1.0115],[125.3224,-15.1489,1.0115],[125.3215,-15.148,0.4912],[125.321,-15.1486,0.4912],[125.3222,-15.1494,1.0115]]],
[[[125.3406,-15.1447,5.6833],[125.3409,-15.1441,0.0],[125.3403,-15.144,0.0],[125.3402,-15.1444,0.0],[125.3406,-15.1447,5.6833]]],
[[[125.3399,-15.1434,0.0],[125.3405,-15.1427,0.0],[125.3398,-15.1423,0.0],[125.3395,-15.143,0.0],[125.3399,-15.1434,0.0]]],
[[[125.4808,-15.139099999999999,7.0464],[125.4746,-15.1371,3.2546],[125.4641,-15.1388,4.5887],[125.4547,-15.1367,6.4586],[125.4481,-15.1376,1.3092],[125.4514,-15.1409,3.3877],[125.4629,-15.1409,0.9373],[125.4779,-15.1506,1.5517],[125.4807,-15.1495,1.8659],[125.4808,-15.139099999999999,7.0464]]],
[[[125.4415,-15.1381,4.3052],[125.4394,-15.1389,2.9176],[125.442,-15.1409,1.0662],[125.4472,-15.1405,2.3814],[125.4451,-15.1383,5.1843],[125.4415,-15.1381,4.3052]]],
[[[125.4312,-15.1377,0.0],[125.4251,-15.1364,37.3014],[125.4216,-15.1405,12.1451],[125.4301,-15.1393,6.4252],[125.4312,-15.1377,0.0]]],
[[[125.4454,-15.1318,4.41],[125.4392,-15.1338,6.9693],[125.4555,-15.1344,5.4983],[125.453,-15.1317,8.6042],[125.4454,-15.1318,4.41]]],
[[[125.3758,-15.1255,9.8582],[125.3692,-15.1232,27.5735],[125.3761,-15.1296,0.0],[125.3838,-15.1303,4.2173],[125.3829,-15.1284,18.5619],[125.3758,-15.1255,9.8582]]],
[[[125.3489,-15.1221,2.3849],[125.351,-15.123,0.6023],[125.3522,-15.1222,1.8899],[125.3507,-15.1211,0.0],[125.3489,-15.1221,2.3849]]],
[[[125.3327,-15.0903,0.0],[125.3308,-15.0895,0.0],[125.3313,-15.0926,2.6061],[125.3298,-15.0946,0.0],[125.3308,-15.1014,0.914],[125.3347,-15.1051,11.2319],[125.338,-15.1052,4.7183],[125.3361,-15.0999,26.7677],[125.3369,-15.0942,0.3915],[125.3327,-15.0903,0.0]]],
[[[125.3464,-15.0828,4.3393],[125.3466,-15.0822,4.3393],[125.346,-15.082,0.0],[125.3459,-15.0826,0.0],[125.3464,-15.0828,4.3393]]],
[[[125.3441,-15.0816,0.5134],[125.3444,-15.0809,0.0],[125.3433,-15.0799,1.6997],[125.343,-15.0802,1.6997],[125.3441,-15.0816,0.5134]]],
[[[125.367,-15.0786,0.0],[125.3645,-15.0782,19.3966],[125.3637,-15.0745,0.0],[125.3619,-15.0744,1.5625],[125.3602,-15.0718,6.125],[125.357,-15.0723,2.2659],[125.3551,-15.0765,14.4527],[125.3528,-15.0756,0.0],[125.3523,-15.0778,1.3768],[125.3476,-15.0785,6.0291],[125.3472,-15.0837,0.7681],[125.3585,-15.0856,5.2077],[125.3609,-15.0844,0.0],[125.3603,-15.0816,8.4625],[125.3635,-15.0818,2.371],[125.367,-15.0786,0.0]]],
[[[125.3411,-15.0785,3.0759],[125.342,-15.0794,3.0759],[125.342,-15.0777,0.0],[125.3395,-15.0776,0.6448],[125.3398,-15.078,0.0],[125.3411,-15.0785,3.0759]]],
[[[125.303,-15.0663,19.3247],[125.2993,-15.064,0.0],[125.3027,-15.0735,2.2783],[125.3063,-15.07,0.0],[125.303,-15.0663,19.3247]]],
[[[125.271,-15.0818,0.2127],[125.2709,-15.0829,0.2127],[125.2734,-15.084,0.1729],[125.2725,-15.0823,0.0],[125.271,-15.0818,0.2127]]],
[[[125.2382,-15.0795,0.0],[125.23779999999999,-15.0799,0.0],[125.238,-15.0803,0.0],[125.2386,-15.0799,0.0],[125.2382,-15.0795,0.0]]],
[[[125.2537,-15.0306,7.8248],[125.2554,-15.0292,0.0],[125.2496,-15.0317,0.0],[125.253,-15.0312,7.8248],[125.2537,-15.0306,7.8248]]],
[[[125.2582,-15.0291,0.0],[125.2582,-15.0285,0.0],[125.2574,-15.0289,0.0],[125.2582,-15.0291,0.0]]],
[[[125.2927,-15.0537,0.3084],[125.2957,-15.0564,0.846],[125.2952,-15.0539,1.3499],[125.293,-15.0526,0.3267],[125.2927,-15.0537,0.3084]]],
[[[125.3313,-15.0509,6.4644],[125.3325,-15.0501,0.0],[125.3315,-15.0491,0.0],[125.331,-15.0506,6.4644],[125.3313,-15.0509,6.4644]]],
[[[125.3307,-15.0487,0.0],[125.3309,-15.0481,0.0],[125.3306,-15.0478,0.0],[125.3302,-15.0484,0.0],[125.3307,-15.0487,0.0]]],
[[[125.2847,-15.0307,3.2364],[125.2852,-15.0319,6.3291],[125.2866,-15.0326,6.3291],[125.2851,-15.0307,3.2364],[125.2847,-15.0307,3.2364]]],
[[[125.2833,-15.028,6.2713],[125.2838,-15.0294,6.2713],[125.2856,-15.0295,0.0],[125.2839,-15.0277,1.2359],[125.2833,-15.028,6.2713]]],
[[[125.2813,-15.0233,10.8808],[125.2831,-15.0264,1.2359],[125.284,-15.0263,1.2359],[125.2838,-15.0233,7.2136],[125.2813,-15.0233,10.8808]]],
[[[125.3597,-15.0109,15.8078],[125.3555,-15.0145,2.1754],[125.3562,-15.0171,5.9082],[125.3539,-15.022,40.7118],[125.3557,-15.0248,1.5351],[125.3551,-15.0282,11.1687],[125.3611,-15.03,0.0],[125.3646,-15.0202,21.5389],[125.3631,-15.0163,0.0],[125.3669,-15.0115,69.9938],[125.3661,-15.0098,44.101],[125.3597,-15.0109,15.8078]]],
[[[125.2816,-14.9991,4.8938],[125.2829,-14.9994,0.0],[125.2834,-14.9983,0.0],[125.2815,-14.9975,0.0],[125.2816,-14.9991,4.8938]]],
[[[125.2311,-14.9996,0.6307],[125.2308,-14.9999,0.6307],[125.2314,-15.0007,1.2306],[125.2315,-15.0006,1.2306],[125.2311,-14.9996,0.6307]]],
[[[125.2296,-14.9995,0.0],[125.2292,-14.9998,0.6307],[125.2295,-15.0003,0.6307],[125.2301,-14.9997,0.6307],[125.2296,-14.9995,0.0]]],
[[[125.2324,-14.9993,0.0],[125.2322,-14.9995,0.0],[125.2325,-15.0003,1.2306],[125.2331,-15.0001,1.2306],[125.2324,-14.9993,0.0]]],
[[[125.2303,-14.9956,6.8022],[125.2298,-14.9963,4.4985],[125.2305,-14.9976,4.4985],[125.231,-14.996,6.8022],[125.2303,-14.9956,6.8022]]],
[[[125.2292,-14.994,13.1966],[125.2289,-14.9942,0.7668],[125.2292,-14.9948,6.8022],[125.2295,-14.9946,6.8022],[125.2292,-14.994,13.1966]]],
[[[125.2492,-14.9934,2.1575],[125.2484,-14.9929,2.8955],[125.2477,-14.9937,2.1575],[125.249,-14.9937,2.1575],[125.2492,-14.9934,2.1575]]],
[[[125.2763,-14.9882,9.2825],[125.2741,-14.9886,1.2565],[125.274,-14.9897,1.5315],[125.2777,-14.9892,2.4651],[125.2763,-14.9882,9.2825]]],
[[[125.2793,-14.9872,0.0],[125.2784,-14.9877,0.0],[125.2805,-14.9876,0.0],[125.2793,-14.9872,0.0]]],
[[[125.2328,-14.9882,1.8119],[125.2331,-14.9877,0.8348],[125.2317,-14.9866,0.8348],[125.2313,-14.9869,0.8348],[125.2328,-14.9882,1.8119]]],
[[[125.2344,-14.9869,4.8982],[125.2336,-14.9861,0.0],[125.2333,-14.9865,4.8982],[125.2339,-14.9876,4.8982],[125.2344,-14.9869,4.8982]]],
[[[125.276,-14.9876,9.4647],[125.2764,-14.9871,9.4647],[125.2756,-14.9846,5.6478],[125.2741,-14.9867,4.3141],[125.276,-14.9876,9.4647]]],
[[[125.2502,-14.9856,8.3346],[125.2511,-14.9856,8.3346],[125.2519,-14.9842,1.4274],[125.2509,-14.9843,0.0],[125.2502,-14.9856,8.3346]]],
[[[125.2491,-14.9803,5.5791],[125.2524,-14.9829,10.1277],[125.2533,-14.9812,0.9472],[125.2519,-14.9801,0.9472],[125.2535,-14.978,7.6002],[125.2525,-14.9746,7.0222],[125.2493,-14.9678,0.0],[125.2487,-14.9721,15.0185],[125.2464,-14.9725,2.4359],[125.2484,-14.9758,18.9527],[125.2461,-14.9743,5.6228],[125.2464,-14.9762,4.2304],[125.2448,-14.9757,0.958],[125.2457,-14.9794,22.7666],[125.2426,-14.9772,0.6584],[125.2417,-14.9786,14.0527],[125.2395,-14.9772,2.6865],[125.2423,-14.9852,3.0127],[125.2389,-14.9843,0.0],[125.2389,-14.9885,11.5473],[125.2359,-14.9883,11.5036],[125.2355,-14.9911,31.8638],[125.2321,-14.9885,1.8119],[125.233,-14.991,6.6195],[125.2319,-14.9896,6.6195],[125.231,-14.9913,11.323],[125.2288,-14.9911,1.259],[125.2329,-14.9957,14.595],[125.2325,-14.997,1.8633],[125.2412,-14.9994,6.2596],[125.2484,-14.9911,17.8776],[125.2512,-14.9925,7.0072],[125.2475,-14.9829,19.4864],[125.2491,-14.9803,5.5791]]],
[[[125.2618,-14.9798,1.3425],[125.2627,-14.9798,0.0],[125.2617,-14.9778,0.9126],[125.2611,-14.9788,0.0],[125.2618,-14.9798,1.3425]]],
[[[125.2694,-14.9732,0.0596],[125.2692,-14.9744,0.0596],[125.2695,-14.9747,0.0],[125.2701,-14.9733,0.0596],[125.2694,-14.9732,0.0596]]],
[[[125.2305,-14.9688,0.0],[125.2314,-14.9698,0.0],[125.2318,-14.9698,0.0],[125.2312,-14.9686,0.0],[125.2305,-14.9688,0.0]]],
[[[125.2303,-14.9662,1.0606],[125.2309,-14.966,1.0606],[125.2305,-14.9651,1.0606],[125.2298,-14.9653,1.0606],[125.2303,-14.9662,1.0606]]],
[[[125.2721,-14.9262,0.4133],[125.2715,-14.925,0.4133],[125.2705,-14.9255,0.4133],[125.2712,-14.9264,0.0],[125.2721,-14.9262,0.4133]]],
[[[125.2729,-14.9254,0.4426],[125.2742,-14.925,0.4426],[125.2735,-14.9241,0.0],[125.2725,-14.9244,0.0],[125.2729,-14.9254,0.4426]]],
[[[125.2311,-14.9168,0.5262],[125.2308,-14.9172,0.5262],[125.2318,-14.918,0.0],[125.232,-14.9174,0.0],[125.2311,-14.9168,0.5262]]],
[[[125.4705,-15.0016,2.2961],[125.4716,-15.0037,4.2569],[125.4725,-15.0031,0.0],[125.4714,-15.0017,2.2961],[125.4705,-15.0016,2.2961]]],
[[[125.4355,-14.6333,2.6072],[125.4357,-14.6326,0.0],[125.4354,-14.6324,0.0],[125.4347,-14.6333,0.0],[125.4355,-14.6333,2.6072]]],
[[[125.4425,-14.6095,0.0],[125.443,-14.6091,0.0],[125.4428,-14.6086,0.0],[125.4424,-14.6086,0.0],[125.4425,-14.6095,0.0]]],
[[[125.4414,-14.6075,0.7492],[125.4418,-14.6071,0.7492],[125.4413,-14.6067,0.7492],[125.441,-14.6073,0.0],[125.4414,-14.6075,0.7492]]],
[[[125.2988,-14.6508,1.9868],[125.3021,-14.6529,3.5478],[125.3065,-14.6475,2.1329],[125.2993,-14.6439,0.0],[125.2997,-14.6481,6.5188],[125.2967,-14.6493,0.0],[125.2988,-14.6508,1.9868]]],
[[[125.3646,-14.5795,0.0],[125.3634,-14.5797,0.0],[125.3635,-14.5801,0.0],[125.3652,-14.5799,0.0],[125.3646,-14.5795,0.0]]],
[[[125.3683,-14.5734,6.2486],[125.3688,-14.5773,1.8621],[125.3685,-14.5743,6.2486],[125.3705,-14.574,4.7095],[125.3683,-14.5734,6.2486]]],
[[[125.3771,-14.5706,0.0],[125.377,-14.5714,0.0],[125.3772,-14.5716,0.0],[125.3778,-14.5708,0.0],[125.3771,-14.5706,0.0]]],
[[[125.426,-14.5955,1.7051],[125.4266,-14.5905,0.0],[125.4241,-14.5947,0.0],[125.4252,-14.5973,0.9015],[125.426,-14.5955,1.7051]]],
[[[125.4499,-14.5906,0.0],[125.4504,-14.59,0.0],[125.4502,-14.5897,0.0],[125.4498,-14.59,0.0],[125.4499,-14.5906,0.0]]],
[[[125.4436,-14.5883,1.5339],[125.4436,-14.5891,1.5339],[125.449,-14.5928,0.17],[125.4474,-14.5861,0.0],[125.4436,-14.5883,1.5339]]],
[[[125.4421,-14.5684,7.8364],[125.4392,-14.5681,25.4349],[125.4363,-14.576,0.0],[125.4328,-14.5797,0.0],[125.4347,-14.5829,2.469],[125.4379,-14.5834,7.9938],[125.4424,-14.5804,40.9164],[125.4436,-14.575,14.5694],[125.4417,-14.5718,11.4594],[125.4421,-14.5684,7.8364]]],
[[[125.4232,-14.5742,0.0],[125.4236,-14.5714,0.2059],[125.4228,-14.5707,0.0],[125.4218,-14.574,0.3146],[125.4232,-14.5742,0.0]]],
[[[125.4233,-14.5695,0.0],[125.424,-14.5705,0.0],[125.4246,-14.5702,0.0],[125.4235,-14.5687,0.0],[125.4233,-14.5695,0.0]]],
[[[125.4211,-14.5682,1.5977],[125.419,-14.5676,2.2694],[125.4212,-14.5719,1.771],[125.4218,-14.571,2.9458],[125.4211,-14.5682,1.5977]]],
[[[125.4675,-14.5639,0.0],[125.4679,-14.5644,0.0],[125.4688,-14.5646,0.0],[125.468,-14.5631,0.0],[125.4675,-14.5639,0.0]]],
[[[125.1606,-14.9585,5.0882],[125.1593,-14.9602,20.3938],[125.1601,-14.9621,5.2069],[125.1634,-14.958,0.0],[125.1606,-14.9585,5.0882]]],
[[[125.177,-14.9549,9.8034],[125.176,-14.9603,30.1443],[125.1793,-14.9643,17.4309],[125.1801,-14.9597,0.0],[125.1783,-14.9544,0.0],[125.177,-14.9549,9.8034]]],
[[[125.1763,-14.9394,0.0],[125.1755,-14.9418,5.4564],[125.1742,-14.9403,7.4833],[125.1745,-14.9433,1.0906],[125.1765,-14.9432,0.0],[125.1763,-14.9394,0.0]]],
[[[125.1709,-14.933,0.0],[125.1724,-14.936,12.625],[125.1717,-14.9389,9.6304],[125.1731,-14.9394,9.6304],[125.1755,-14.937,19.7426],[125.1763,-14.9265,0.0],[125.1715,-14.9272,15.8213],[125.1709,-14.933,0.0]]],
[[[125.1489,-14.919,0.0],[125.1476,-14.9196,1.7602],[125.1495,-14.9218,0.0],[125.1511,-14.9197,0.0],[125.1489,-14.919,0.0]]],
[[[125.1402,-14.9128,0.0],[125.1389,-14.913,1.0595],[125.1425,-14.9182,0.0],[125.1425,-14.9151,1.8732],[125.1402,-14.9128,0.0]]],
[[[125.1774,-14.8489,0.0],[125.1762,-14.8486,0.0],[125.1759,-14.8489,0.0],[125.1767,-14.8494,0.0],[125.1774,-14.8489,0.0]]],
[[[125.1737,-14.8434,0.9952],[125.1735,-14.8444,0.0],[125.1748,-14.8451,2.006],[125.1747,-14.8445,0.9952],[125.1737,-14.8434,0.9952]]],
[[[125.2056,-14.8757,0.0],[125.204,-14.8742,0.0],[125.2026,-14.8743,0.0],[125.2041,-14.8763,0.0],[125.2056,-14.8757,0.0]]],
[[[125.2081,-14.87,0.0],[125.2086,-14.8712,7.4227],[125.2108,-14.8727,0.0],[125.2104,-14.8696,7.4227],[125.2081,-14.87,0.0]]],
[[[125.2176,-14.8698,0.8153],[125.2183,-14.8702,0.8153],[125.2191,-14.8692,1.6686],[125.2181,-14.8693,0.0],[125.2176,-14.8698,0.8153]]],
[[[125.1855,-14.8635,0.542],[125.1841,-14.8528,0.0],[125.1815,-14.8512,0.0],[125.1815,-14.8529,3.9204],[125.179,-14.852,2.4867],[125.1802,-14.8539,11.0444],[125.1773,-14.8576,2.2091],[125.1776,-14.8599,8.064],[125.1762,-14.8594,11.2046],[125.1782,-14.8613,21.1374],[125.1776,-14.8636,3.5645],[125.1803,-14.866,36.1533],[125.1794,-14.8685,2.6209],[125.1865,-14.8755,1.3176],[125.1895,-14.8708,5.4546],[125.1878,-14.8693,18.6848],[125.189,-14.8675,0.0],[125.1855,-14.8635,0.542]]],
[[[125.1324,-14.9182,0.0],[125.1333,-14.9178,0.0],[125.1311,-14.9177,0.0],[125.1315,-14.9181,0.2809],[125.1324,-14.9182,0.0]]],
[[[125.0324,-14.8077,8.157],[125.0345,-14.8064,0.0],[125.0327,-14.8039,0.2294],[125.0305,-14.8055,0.0],[125.0281,-14.8113,0.0],[125.0293,-14.8128,0.0],[125.0328,-14.8091,11.536],[125.0324,-14.8077,8.157]]],
[[[125.0376,-14.8019,2.3744],[125.0371,-14.8028,2.3744],[125.0386,-14.8035,0.5012],[125.0385,-14.8028,3.2325],[125.0376,-14.8019,2.3744]]],
[[[125.0164,-14.7876,0.0],[125.018,-14.788,0.0],[125.019,-14.7857,4.2364],[125.0186,-14.7855,4.2364],[125.0164,-14.7876,0.0]]],
[[[125.1862,-14.8582,0.5398],[125.1865,-14.8579,0.0],[125.1874,-14.8578,0.0],[125.1864,-14.8573,0.0],[125.1862,-14.8582,0.5398]]],
[[[125.2004,-14.8501,5.3501],[125.1999,-14.8513,0.0],[125.2027,-14.8512,0.0],[125.2021,-14.8492,2.0868],[125.2004,-14.8501,5.3501]]],
[[[125.1839,-14.8489,0.0],[125.1838,-14.85,0.0],[125.1853,-14.8488,0.0],[125.1847,-14.8485,0.0],[125.1839,-14.8489,0.0]]],
[[[125.2037,-14.8492,4.6666],[125.2056,-14.8473,4.5079],[125.2051,-14.8458,1.2208],[125.2031,-14.8479,6.0826],[125.2037,-14.8492,4.6666]]],
[[[125.1674,-14.8409,8.5453],[125.1671,-14.8415,0.0],[125.1688,-14.8411,8.5453],[125.1674,-14.8409,8.5453]]],
[[[125.1699,-14.8408,7.7496],[125.1716,-14.8398,0.6389],[125.1711,-14.8376,0.0],[125.1678,-14.8394,7.7345],[125.1699,-14.8408,7.7496]]],
[[[125.1757,-14.8383,12.3887],[125.1775,-14.8398,1.7592],[125.1778,-14.8383,1.252],[125.179,-14.8389,1.252],[125.1776,-14.8336,5.5995],[125.1754,-14.8352,0.0],[125.1761,-14.8379,14.224],[125.1746,-14.8379,0.0],[125.1757,-14.8383,12.3887]]],
[[[125.1797,-14.8341,0.2939],[125.1786,-14.8349,0.9298],[125.18,-14.8357,0.0],[125.18,-14.8345,0.0],[125.1797,-14.8341,0.2939]]],
[[[125.1832,-14.8279,3.5646],[125.1828,-14.825,1.2104],[125.182,-14.8293,5.1447],[125.1832,-14.8302,1.5532],[125.1832,-14.8279,3.5646]]],
[[[125.1871,-14.8191,0.8374],[125.187,-14.8182,0.8374],[125.1867,-14.818,0.8374],[125.186,-14.8188,0.8374],[125.1871,-14.8191,0.8374]]],
[[[125.1858,-14.8164,2.7942],[125.185,-14.8173,2.7942],[125.1859,-14.8182,0.8374],[125.1862,-14.8173,0.0],[125.1858,-14.8164,2.7942]]],
[[[125.188,-14.8046,0.0],[125.1886,-14.8056,0.0],[125.189,-14.8054,0.0],[125.1886,-14.8043,0.0],[125.188,-14.8046,0.0]]],
[[[125.1814,-14.8301,6.9579],[125.1811,-14.828,2.5488],[125.1785,-14.8289,0.2135],[125.1798,-14.8309,6.9579],[125.1814,-14.8301,6.9579]]],
[[[125.1831,-14.824,7.8386],[125.1807,-14.821,0.0],[125.1797,-14.8213,0.0],[125.181,-14.8239,2.7065],[125.1831,-14.824,7.8386]]],
[[[125.147,-14.7955,0.0],[125.1458,-14.795,6.3697],[125.1405,-14.8015,6.957],[125.1423,-14.808,0.8511],[125.1475,-14.8016,2.9431],[125.147,-14.7955,0.0]]],
[[[125.1741,-14.7959,8.8815],[125.1752,-14.7931,10.3881],[125.1739,-14.7916,3.1965],[125.1731,-14.7927,0.0],[125.1741,-14.7959,8.8815]]],
[[[125.2123,-14.9419,4.0842],[125.2139,-14.9427,0.0],[125.2139,-14.9403,0.4844],[125.213,-14.9401,0.4844],[125.2123,-14.9419,4.0842]]],
[[[125.2175,-14.9416,2.1526],[125.2185,-14.9424,2.1526],[125.2185,-14.9405,1.6999],[125.2167,-14.9406,0.0],[125.2175,-14.9416,2.1526]]],
[[[125.2195,-14.9412,0.0],[125.22,-14.9407,0.0],[125.2189,-14.9405,0.0],[125.219,-14.9411,0.0],[125.2195,-14.9412,0.0]]],
[[[125.2121,-14.9159,2.908],[125.2072,-14.9176,0.4046],[125.207,-14.9186,4.8138],[125.2155,-14.9158,1.9671],[125.2121,-14.9159,2.908]]],
[[[125.2997,-14.9168,0.0],[125.2991,-14.9165,0.0],[125.2984,-14.917,0.0],[125.2988,-14.9174,0.0],[125.2997,-14.9168,0.0]]],
[[[125.2858,-14.9156,0.0],[125.2852,-14.9152,0.0],[125.284,-14.9156,1.046],[125.2843,-14.916,1.046],[125.2858,-14.9156,0.0]]],
[[[125.3136,-14.8863,10.5173],[125.3144,-14.8877,10.5173],[125.3159,-14.8865,0.0],[125.3144,-14.8854,0.0],[125.3136,-14.8863,10.5173]]],
[[[125.2806,-14.8686,0.0],[125.2806,-14.8697,0.0],[125.2814,-14.8697,0.0],[125.2814,-14.8693,0.0],[125.2806,-14.8686,0.0]]],
[[[125.2431,-14.9123,0.0],[125.244,-14.913,3.6972],[125.2437,-14.9113,2.9086],[125.2431,-14.9123,0.0]]],
[[[125.2255,-14.9099,17.9243],[125.2288,-14.9124,9.8871],[125.2297,-14.9085,0.0],[125.2281,-14.9023,0.0],[125.226,-14.9024,1.0387],[125.224,-14.9095,14.7512],[125.2255,-14.9099,17.9243]]],
[[[125.2514,-14.8884,9.7063],[125.2489,-14.8896,5.6533],[125.2506,-14.8913,0.0],[125.2533,-14.8905,13.2497],[125.2514,-14.8884,9.7063]]],
[[[125.2731,-14.8699,0.0],[125.2728,-14.8696,0.0],[125.2727,-14.8707,0.0],[125.2731,-14.8708,0.0],[125.2731,-14.8699,0.0]]],
[[[125.1949,-14.6912,0.0],[125.1943,-14.6897,0.0],[125.1918,-14.6907,0.0],[125.1925,-14.6921,5.2888],[125.1949,-14.6912,0.0]]],
[[[125.2031,-14.6821,0.0],[125.2023,-14.6801,5.7364],[125.2017,-14.6854,7.9699],[125.2029,-14.6865,0.0],[125.2026,-14.6827,0.0],[125.2031,-14.6821,0.0]]],
[[[125.1866,-14.6794,2.9707],[125.1847,-14.6795,0.0],[125.1891,-14.6808,3.4538],[125.194,-14.6791,4.1765],[125.1916,-14.676,0.0],[125.1896,-14.6795,4.7749],[125.1885,-14.6784,4.7749],[125.1866,-14.6794,2.9707]]],
[[[125.211,-14.6715,0.6553],[125.211,-14.6707,0.0],[125.2098,-14.671,11.1519],[125.2099,-14.6711,11.1519],[125.211,-14.6715,0.6553]]],
[[[125.1654,-14.7883,12.7916],[125.1646,-14.7867,1.219],[125.1637,-14.7865,1.219],[125.165,-14.7895,2.8781],[125.1654,-14.7883,12.7916]]],
[[[125.1529,-14.7858,0.0],[125.1526,-14.7863,0.0],[125.1531,-14.7874,0.0],[125.1535,-14.7862,0.0],[125.1529,-14.7858,0.0]]],
[[[125.1527,-14.7842,5.2446],[125.1538,-14.7837,2.1017],[125.1531,-14.7814,1.1435],[125.1518,-14.7826,3.1655],[125.1527,-14.7842,5.2446]]],
[[[125.1514,-14.7802,1.2627],[125.152,-14.7791,0.0],[125.1512,-14.778,0.0],[125.1503,-14.7798,1.0936],[125.1514,-14.7802,1.2627]]],
[[[125.1453,-14.7796,0.0],[125.1455,-14.7779,0.0],[125.1447,-14.7771,0.0],[125.1437,-14.7797,0.2387],[125.1453,-14.7796,0.0]]],
[[[125.1472,-14.7725,0.0],[125.1459,-14.772,0.0],[125.147,-14.7758,0.0],[125.1482,-14.7737,0.0],[125.1472,-14.7725,0.0]]],
[[[125.1565,-14.7705,0.6101],[125.1559,-14.7711,0.6101],[125.1564,-14.7719,0.5411],[125.1568,-14.7715,0.5411],[125.1565,-14.7705,0.6101]]],
[[[125.146,-14.7708,0.0],[125.1458,-14.7696,0.0],[125.1447,-14.7681,0.0],[125.145,-14.7707,0.0],[125.146,-14.7708,0.0]]],
[[[125.032,-14.7837,3.2093],[125.0263,-14.7735,3.9513],[125.0257,-14.7704,0.0],[125.0273,-14.7664,11.3599],[125.0258,-14.7653,4.6382],[125.0181,-14.7721,8.9995],[125.0201,-14.7767,15.6601],[125.0172,-14.7779,5.2782],[125.017,-14.7802,0.0],[125.0178,-14.7813,0.0],[125.0238,-14.78,11.804],[125.0244,-14.7833,11.142],[125.0231,-14.785,11.4341],[125.0219,-14.784,1.0213],[125.0205,-14.7869,1.2308],[125.0221,-14.7907,2.7856],[125.0241,-14.7894,10.4085],[125.0264,-14.7904,8.104],[125.0256,-14.7924,4.9299],[125.0292,-14.7912,6.692],[125.0308,-14.7838,22.473],[125.032,-14.7837,3.2093]]],
[[[125.1265,-14.763,0.0],[125.1268,-14.7622,0.0],[125.126,-14.7617,0.0],[125.1258,-14.7624,0.0],[125.1265,-14.763,0.0]]],
[[[125.1229,-14.7573,2.1771],[125.1238,-14.7567,2.1771],[125.1226,-14.7558,0.0],[125.1223,-14.7561,0.0],[125.1229,-14.7573,2.1771]]],
[[[125.1296,-14.7567,3.9124],[125.1317,-14.7589,0.9522],[125.1322,-14.7569,5.4198],[125.1333,-14.7576,0.0],[125.1339,-14.7518,0.0],[125.1302,-14.7507,0.7255],[125.1288,-14.7545,8.3396],[125.1279,-14.753,0.2631],[125.1264,-14.7555,14.9256],[125.1247,-14.7551,0.0],[125.1247,-14.7575,11.3387],[125.1275,-14.7585,4.584],[125.1269,-14.7608,1.9072],[125.1295,-14.7592,1.7132],[125.1296,-14.7567,3.9124]]],
[[[125.1415,-14.7656,10.1493],[125.1398,-14.7659,1.1386],[125.1405,-14.7684,1.1249],[125.1418,-14.7677,2.0181],[125.1415,-14.7656,10.1493]]],
[[[125.1451,-14.7648,0.0],[125.1453,-14.7611,2.461],[125.1435,-14.7594,1.7845],[125.1442,-14.7585,1.7845],[125.1417,-14.7572,1.8649],[125.1411,-14.7535,0.0],[125.1377,-14.7488,0.0],[125.1374,-14.7521,6.0146],[125.1352,-14.7546,6.0988],[125.1362,-14.758,0.0],[125.1391,-14.7583,22.5452],[125.1375,-14.7612,0.5501],[125.1404,-14.7612,16.1388],[125.1423,-14.7592,6.0843],[125.1445,-14.7608,7.6394],[125.1419,-14.7622,2.0229],[125.1426,-14.7665,2.0181],[125.1442,-14.7672,10.8813],[125.1451,-14.7648,0.0]]],
[[[125.1429,-14.7559,13.7677],[125.1433,-14.7551,13.7677],[125.1426,-14.7542,0.0],[125.1424,-14.7549,0.0],[125.1429,-14.7559,13.7677]]],
[[[125.1337,-14.7502,0.0],[125.1334,-14.7494,0.0],[125.1327,-14.7508,0.0],[125.1331,-14.7508,0.0],[125.1337,-14.7502,0.0]]],
[[[124.9383,-14.9479,0.5346],[124.9363,-14.9468,6.5426],[124.9314,-14.948,15.7304],[124.9301,-14.9462,3.3873],[124.9313,-14.9443,0.0],[124.9276,-14.9416,28.7411],[124.9239,-14.9314,6.3383],[124.927,-14.9281,0.0],[124.9266,-14.9266,27.3366],[124.9172,-14.9224,1.2711],[124.9144,-14.9295,32.4648],[124.9182,-14.9366,0.0],[124.9171,-14.9414,0.0],[124.9255,-14.9428,22.3329],[124.9301,-14.9483,0.6282],[124.9282,-14.9511,3.2473],[124.925,-14.9516,4.6631],[124.9246,-14.9537,6.6498],[124.9223,-14.954,0.1496],[124.9222,-14.9638,1.2121],[124.92,-14.9702,0.0],[124.9124,-14.9739,0.0],[124.9051,-14.9729,0.0],[124.9021,-14.9749,8.1677],[124.8981,-14.9748,17.9235],[124.8965,-14.9713,0.0],[124.8985,-14.9686,0.7768],[124.8977,-14.9618,33.328],[124.8943,-14.9613,43.5278],[124.8923,-14.9651,2.9746],[124.89,-14.9654,5.2331],[124.8894,-14.9594,0.0],[124.8878,-14.9617,13.3465],[124.8879,-14.9692,19.5993],[124.8826,-14.9746,9.7995],[124.8792,-14.9756,0.0],[124.8799,-14.978,0.0],[124.883,-14.9765,0.0],[124.8852,-14.9785,2.1721],[124.8833,-14.9795,0.0],[124.8827,-14.983,20.0873],[124.8779,-14.9841,18.7306],[124.8768,-14.9875,0.0],[124.8819,-14.9896,15.6984],[124.8834,-14.9969,0.0],[124.8784,-15.0042,3.016],[124.8817,-15.0046,0.0],[124.8868,-15.0,0.0],[124.8876,-14.9935,0.0],[124.8914,-14.9879,10.1853],[124.8927,-14.9923,1.8558],[124.891,-14.9944,0.0],[124.8941,-14.9964,0.0],[124.9016,-14.9876,22.159],[124.9015,-14.9832,1.5519],[124.9057,-14.9856,0.5035],[124.9142,-14.9803,1.5938],[124.9211,-14.9806,2.5227],[124.9186,-14.9838,2.5025],[124.9187,-14.9869,1.0481],[124.9148,-14.9884,8.4886],[124.9135,-14.9873,0.6066],[124.9121,-14.989,0.0],[124.9117,-14.9918,0.0],[124.9138,-14.9961,5.1678],[124.9058,-14.9943,0.9866],[124.8977,-15.0053,0.3137],[124.9023,-15.0097,0.0],[124.9058,-15.0084,0.7236],[124.9071,-15.0048,2.1873],[124.9107,-15.0046,2.3411],[124.9169,-15.0102,2.0774],[124.9205,-15.0089,6.202],[124.9206,-15.0105,24.2618],[124.9126,-15.0155,22.9705],[124.9137,-15.0172,11.6639],[124.9119,-15.0179,0.0],[124.911,-15.0213,0.0],[124.9162,-15.0248,0.0],[124.9159,-15.0292,0.0],[124.9208,-15.028,33.4348],[124.9235,-15.0314,38.7344],[124.9225,-15.0345,5.7397],[124.9264,-15.0381,0.0],[124.9287,-15.0374,0.0],[124.9319,-15.0327,4.364],[124.9352,-15.0383,0.0],[124.9414,-15.0381,14.6429],[124.9392,-15.0429,25.8108],[124.9397,-15.0492,15.403],[124.9441,-15.0465,4.7737],[124.9439,-15.043,0.9443],[124.9477,-15.0441,0.0],[124.9594,-15.0307,5.7969],[124.9586,-15.0286,1.0753],[124.9542,-15.0285,3.6963],[124.9544,-15.0253,0.0],[124.9514,-15.0287,13.8787],[124.9485,-15.0274,0.0],[124.9454,-15.0189,4.8666],[124.9512,-15.011,11.1473],[124.9586,-15.0054,2.016],[124.9536,-15.0026,0.0],[124.9488,-15.0047,18.7396],[124.9484,-15.0014,0.0],[124.9449,-15.0036,0.0],[124.9432,-15.0072,7.9664],[124.9441,-15.0101,18.5817],[124.9393,-15.0155,17.7536],[124.9373,-15.015,0.5953],[124.9368,-15.011,20.0803],[124.939,-15.0026,0.0],[124.9312,-15.0086,2.3671],[124.9299,-15.0065,0.0],[124.9314,-15.0026,0.8678],[124.9434,-14.9868,0.0],[124.9397,-14.9874,12.4186],[124.943,-14.9822,1.109],[124.9401,-14.9828,0.0],[124.9363,-14.9779,14.3563],[124.9406,-14.9698,22.2837],[124.9462,-14.9659,6.9335],[124.9433,-14.9639,3.1249],[124.9393,-14.9651,10.9481],[124.935,-14.9611,6.1959],[124.9361,-14.9589,13.4311],[124.9349,-14.9577,2.0488],[124.9386,-14.9549,0.337],[124.9383,-14.9479,0.5346]]],
[[[124.922,-14.9503,0.0],[124.923,-14.9496,0.43],[124.9221,-14.9485,0.0],[124.9224,-14.9499,0.0],[124.922,-14.9503,0.0]]],
[[[124.9368,-14.9252,0.0],[124.9364,-14.9258,0.0],[124.9372,-14.9271,0.0],[124.9374,-14.9258,0.0],[124.9368,-14.9252,0.0]]],
[[[124.9088,-14.9208,4.6226],[124.9083,-14.9199,4.6226],[124.9058,-14.9221,0.0],[124.9084,-14.9227,4.4584],[124.9088,-14.9208,4.6226]]],
[[[125.0978,-14.9882,0.0],[125.0974,-14.985,0.0],[125.0958,-14.9872,18.4244],[125.0974,-14.9891,8.0337],[125.0978,-14.9882,0.0]]],
[[[125.0195,-14.9674,14.7048],[125.0204,-14.9693,17.3074],[125.0232,-14.9696,3.2057],[125.0225,-14.9646,3.455],[125.0198,-14.9655,3.3219],[125.0195,-14.9674,14.7048]]],
[[[125.0372,-14.9314,0.0],[125.0371,-14.9319,0.0],[125.0375,-14.9325,0.0],[125.038,-14.9318,0.0],[125.0372,-14.9314,0.0]]],
[[[125.1298,-14.9194,0.0],[125.1297,-14.9186,0.0],[125.1288,-14.9195,0.0],[125.1294,-14.9199,0.0],[125.1298,-14.9194,0.0]]],
[[[124.8872,-14.953,0.0],[124.8893,-14.9558,0.0],[124.8908,-14.9489,18.2514],[124.8826,-14.9472,16.6308],[124.8831,-14.9438,6.1015],[124.8805,-14.9429,5.9226],[124.8815,-14.9401,0.2974],[124.8773,-14.9413,20.0365],[124.8767,-14.9426,0.0],[124.8806,-14.9464,11.4366],[124.8797,-14.9501,4.3741],[124.8872,-14.953,0.0]]],
[[[124.7734,-14.9372,2.1327],[124.7713,-14.9414,8.6976],[124.7714,-14.9457,8.1896],[124.7735,-14.9523,8.9904],[124.7755,-14.9536,3.4587],[124.78,-14.9493,2.8719],[124.776,-14.9476,13.3207],[124.7762,-14.9389,20.9458],[124.7734,-14.9372,2.1327]]],
[[[124.8672,-14.9395,32.636],[124.8688,-14.9425,4.0018],[124.8727,-14.9407,12.5067],[124.8721,-14.9377,2.8171],[124.8695,-14.9373,11.2159],[124.8682,-14.9351,0.0],[124.8698,-14.932,0.0],[124.8652,-14.9304,0.0],[124.8651,-14.9351,0.8256],[124.8672,-14.9395,32.636]]],
[[[124.7804,-14.9314,0.0],[124.7811,-14.9308,0.0],[124.7807,-14.9296,0.0],[124.7802,-14.9299,0.0],[124.7804,-14.9314,0.0]]],
[[[124.9392,-14.9166,0.0],[124.9399,-14.9152,0.0],[124.939,-14.9144,0.0],[124.9386,-14.9147,1.6208],[124.9392,-14.9166,0.0]]],
[[[124.9363,-14.9152,0.0],[124.9339,-14.9129,0.0],[124.9338,-14.9145,0.0],[124.9376,-14.9161,1.6208],[124.9363,-14.9152,0.0]]],
[[[124.9035,-14.9053,10.1762],[124.8994,-14.9063,0.0],[124.8994,-14.9079,0.0],[124.9047,-14.914,10.4446],[124.9071,-14.91,11.1065],[124.9035,-14.9053,10.1762]]],
[[[124.931,-14.9103,0.0],[124.9303,-14.9067,0.0],[124.9296,-14.9091,0.0],[124.9318,-14.9122,0.0],[124.931,-14.9103,0.0]]],
[[[124.6719,-14.9451,9.1294],[124.6697,-14.9387,3.1895],[124.6618,-14.9388,2.0],[124.6608,-14.937,5.9802],[124.6587,-14.9379,3.6875],[124.6576,-14.942,9.2068],[124.6654,-14.95,13.1074],[124.6726,-14.9494,13.283],[124.6719,-14.9451,9.1294]]],
[[[124.6749,-14.9342,0.0],[124.6743,-14.936,2.6359],[124.6771,-14.9363,0.7812],[124.6767,-14.9352,4.6215],[124.6749,-14.9342,0.0]]],
[[[124.6989,-14.9372,4.7062],[124.6964,-14.9313,3.7343],[124.6926,-14.9327,14.2806],[124.6953,-14.9384,4.6809],[124.6981,-14.9396,0.6729],[124.6989,-14.9372,4.7062]]],
[[[124.6791,-14.9327,8.1596],[124.6808,-14.9308,9.4984],[124.6799,-14.9293,0.0],[124.6787,-14.9305,8.0465],[124.6791,-14.9327,8.1596]]],
[[[124.6825,-14.9119,8.4255],[124.6815,-14.9137,0.0],[124.6866,-14.9126,0.0],[124.6851,-14.9097,6.8],[124.6825,-14.9119,8.4255]]],
[[[124.723,-14.9069,5.8196],[124.7197,-14.9049,14.2912],[124.7182,-14.9084,0.0],[124.7193,-14.9091,7.2328],[124.723,-14.9069,5.8196]]],
[[[124.7418,-14.9323,3.6196],[124.7407,-14.9289,10.8886],[124.7422,-14.9261,5.9928],[124.7426,-14.9166,17.6218],[124.7461,-14.9158,0.5317],[124.7485,-14.9102,8.666],[124.7474,-14.9064,11.973],[124.7431,-14.9106,3.2684],[124.7382,-14.9088,18.0993],[124.7331,-14.9114,0.0],[124.7333,-14.9135,2.7447],[124.7367,-14.9158,17.4524],[124.7342,-14.9232,2.0313],[124.7371,-14.9311,7.3923],[124.7354,-14.9381,16.4191],[124.7389,-14.942,4.3928],[124.7418,-14.9323,3.6196]]],
[[[124.7262,-14.9076,19.8689],[124.727,-14.9049,32.1956],[124.7257,-14.9044,0.0],[124.7235,-14.9065,5.8196],[124.7262,-14.9076,19.8689]]],
[[[124.8832,-14.9016,0.0],[124.883,-14.9009,0.0],[124.8825,-14.9005,0.0],[124.8822,-14.9011,0.0],[124.8832,-14.9016,0.0]]],
[[[124.7278,-14.8627,5.9419],[124.7237,-14.8624,3.0611],[124.7219,-14.8637,6.6725],[124.7186,-14.8614,7.2835],[124.7175,-14.8623,7.2835],[124.7164,-14.8588,1.6754],[124.713,-14.863,3.2461],[124.7162,-14.8647,0.0],[124.7158,-14.8679,0.0],[124.717,-14.8683,20.4615],[124.7157,-14.8701,0.0],[124.7163,-14.872,0.0],[124.7179,-14.8722,3.8142],[124.7222,-14.8669,8.2589],[124.7328,-14.8629,11.6655],[124.7317,-14.8602,4.5857],[124.7278,-14.8627,5.9419]]],
[[[124.7679,-14.8528,0.0],[124.7676,-14.8566,0.0],[124.771,-14.8575,0.0],[124.771,-14.8541,0.0],[124.7679,-14.8528,0.0]]],
[[[124.7321,-14.849,2.4362],[124.7306,-14.8506,4.3454],[124.732,-14.8506,9.43],[124.733,-14.8554,3.3124],[124.7388,-14.8495,3.6495],[124.7379,-14.8481,3.6495],[124.7337,-14.8505,9.8701],[124.7321,-14.849,2.4362]]],
[[[124.9988,-14.5083,0.0],[124.9953,-14.5095,4.6016],[124.9947,-14.508,4.6016],[124.9967,-14.5071,0.9319],[124.9986,-14.5031,39.8516],[124.9932,-14.4954,0.0],[124.9936,-14.4858,0.0],[124.9904,-14.4845,0.0],[124.9887,-14.4875,0.0],[124.9908,-14.4947,10.95],[124.99,-14.4986,14.9498],[124.9884,-14.497,0.0],[124.985,-14.4977,0.0],[124.9853,-14.5039,26.8059],[124.9836,-14.5075,12.6571],[124.98,-14.5086,37.6262],[124.9768,-14.507,4.2656],[124.9795,-14.5118,0.0],[124.9821,-14.5121,3.7693],[124.9825,-14.5194,38.0522],[124.9804,-14.5207,13.7345],[124.9796,-14.5242,0.0],[124.982,-14.5241,9.86],[124.9848,-14.5281,0.0],[124.9857,-14.5266,2.9756],[124.9835,-14.5239,1.5049],[124.9836,-14.5211,5.5442],[124.986,-14.5201,0.2956],[124.9917,-14.529,0.0],[124.9929,-14.5217,0.0],[124.9957,-14.5215,0.0],[124.9998,-14.5175,0.0],[124.9988,-14.5083,0.0]]],
[[[124.9683,-14.4978,9.4401],[124.9702,-14.4995,2.3332],[124.9712,-14.4975,7.2618],[124.9703,-14.494,1.4459],[124.9689,-14.4941,3.0266],[124.9683,-14.4978,9.4401]]],
[[[124.9678,-14.4916,0.0],[124.9672,-14.492,0.0],[124.9675,-14.4929,0.0],[124.9678,-14.4926,0.0],[124.9678,-14.4916,0.0]]],
[[[124.9663,-14.4872,0.0],[124.9655,-14.4879,0.9489],[124.9658,-14.4884,0.0],[124.9663,-14.4882,0.0],[124.9663,-14.4872,0.0]]],
[[[125.0088,-14.4736,5.2257999999999996],[125.0078,-14.4745,5.2257999999999996],[125.0079,-14.475,9.0529],[125.009,-14.4745,0.0],[125.0088,-14.4736,5.2257999999999996]]],
[[[125.0295,-14.4389,0.0],[125.0307,-14.4391,0.4747],[125.0325,-14.4375,0.0],[125.032,-14.4372,0.0],[125.0295,-14.4389,0.0]]],
[[[125.0015,-14.4752,18.8008],[125.0008,-14.48,46.6817],[124.9964,-14.4835,0.0],[125.0016,-14.4833,0.0],[125.0068,-14.4751,33.1661],[125.0031,-14.4734,8.4433],[125.001,-14.4741,4.6983],[125.0015,-14.4752,18.8008]]],
[[[124.9872,-14.4732,0.6614],[124.9867,-14.4699,0.0],[124.9841,-14.4696,2.8681],[124.9857,-14.4791,1.056],[124.9865,-14.4779,0.0],[124.9872,-14.4732,0.6614]]],
[[[124.9821,-14.4648,5.9163],[124.9791,-14.4621,0.0],[124.9792,-14.4643,2.2957],[124.9825,-14.4676,0.0],[124.9821,-14.4648,5.9163]]],
[[[124.9864,-14.4493,0.8977],[124.9948,-14.446,0.0],[124.9939,-14.4413,0.0],[124.9955,-14.4402,0.2625],[124.9842,-14.4273,0.0332],[124.9805,-14.434,2.8588],[124.9755,-14.4332,6.0458],[124.9725,-14.4372,11.1346],[124.9781,-14.4393,18.6771],[124.9795,-14.444,0.0],[124.9782,-14.4483,16.645],[124.9751,-14.451599999999999,4.7907],[124.9775,-14.455,0.0],[124.9864,-14.4493,0.8977]]],
[[[124.9572,-14.4042,6.6581],[124.9581,-14.4025,0.0132],[124.9561,-14.4031,6.6581],[124.9561,-14.4072,0.0],[124.9565,-14.407,0.0],[124.9572,-14.4042,6.6581]]],
[[[124.9853,-14.4016,7.998],[124.9846,-14.3968,2.3567],[124.9859,-14.3952,3.8951],[124.9812,-14.3934,22.68],[124.9807,-14.3911,0.0],[124.9779,-14.3903,21.6661],[124.9779,-14.3868,10.0221],[124.9735,-14.3835,0.0],[124.973,-14.3875,0.0],[124.9697,-14.3888,0.0],[124.9706,-14.3907,2.5295],[124.9679,-14.3956,16.3492],[124.9593,-14.4017,0.0132],[124.9664,-14.3993,7.388],[124.9687,-14.4,0.0],[124.9733,-14.3976,8.8929],[124.9768,-14.4021,2.5418],[124.9724,-14.4116,13.7954],[124.9833,-14.4243,5.8133],[124.9828,-14.4191,0.0],[124.9799,-14.4134,19.4701],[124.9813,-14.4102,21.591],[124.9803,-14.4086,13.5228],[124.9817,-14.4041,19.9676],[124.9853,-14.4016,7.998]]],
[[[124.4011,-15.3432,2.6144],[124.4007,-15.3419,0.3514],[124.3974,-15.3422,2.7051],[124.3962,-15.3397,0.5082],[124.3921,-15.338,9.5821],[124.3916,-15.3433,0.0],[124.3896,-15.3449,9.0765999999999991],[124.3922,-15.3462,17.8976],[124.4011,-15.3432,2.6144]]],
[[[124.4024,-15.3388,0.3545],[124.4022,-15.3395,0.3545],[124.4035,-15.3392,0.3545],[124.4031,-15.3385,0.3545],[124.4024,-15.3388,0.3545]]],
[[[124.4028,-15.338,0.3545],[124.4029,-15.3377,0.0],[124.4025,-15.3373,0.0],[124.4021,-15.3377,0.0],[124.4028,-15.338,0.3545]]],
[[[124.3926,-15.3354,0.7734],[124.3932,-15.3358,0.7734],[124.3944,-15.3338,0.0],[124.3928,-15.3347,0.7734],[124.3926,-15.3354,0.7734]]],
[[[124.3431,-15.3362,0.0],[124.3431,-15.3354,0.0],[124.3424,-15.3351,0.0],[124.3422,-15.336,2.4091],[124.3431,-15.3362,0.0]]],
[[[124.3501,-15.3315,13.9141],[124.3469,-15.3272,6.6989],[124.3459,-15.3214,14.4455],[124.3477,-15.3191,5.4263],[124.3461,-15.3149,18.6631],[124.3444,-15.313,3.1925],[124.3404,-15.3139,7.7924],[124.3389,-15.3222,5.5469],[124.3365,-15.3259,5.8199],[124.3335,-15.3261,0.0],[124.3319,-15.3295,0.0],[124.3247,-15.3308,2.0961],[124.3229,-15.3353,1.6742],[124.3204,-15.3352,1.7313],[124.3184,-15.3378,4.9546],[124.3168,-15.3377,0.4248],[124.3145,-15.3419,3.0625],[124.3104,-15.3443,3.3237],[124.3161,-15.343,23.479],[124.3036,-15.3518,1.7866],[124.3115,-15.3528,17.9905],[124.3182,-15.3569,1.3293],[124.3214,-15.3493,13.1512],[124.3242,-15.3475,4.7499],[124.3256,-15.3495,3.6105],[124.3275,-15.3482,1.0728],[124.3282,-15.3439,1.9618],[124.3354,-15.3452,8.742],[124.3347,-15.341,0.4708],[124.3361,-15.3373,1.6073],[124.3411,-15.3345,2.5898],[124.3396,-15.3323,27.249],[124.3436,-15.3303,12.6637],[124.3446,-15.3329,20.0974],[124.3473,-15.3341,3.7937],[124.3501,-15.3315,13.9141]]],
[[[124.3119,-15.335,0.0],[124.3115,-15.3344,0.0],[124.3112,-15.3347,0.2383],[124.3115,-15.3353,0.0],[124.3119,-15.335,0.0]]],
[[[124.1897,-15.3348,0.0],[124.1886,-15.3373,9.8381],[124.2069,-15.3378,0.0],[124.2038,-15.3348,0.809],[124.2083,-15.3306,0.0],[124.1903,-15.3332,3.6214],[124.1897,-15.3348,0.0]]],
[[[124.3911,-15.3327,1.3206],[124.3906,-15.3332,0.6065],[124.3912,-15.3336,0.6065],[124.3914,-15.333,0.6065],[124.3911,-15.3327,1.3206]]],
[[[124.3924,-15.3315,2.2537],[124.3923,-15.3314,2.2537],[124.3922,-15.3314,2.2537],[124.3922,-15.3316,2.2537],[124.3924,-15.3315,2.2537]]],
[[[124.3967,-15.3315,0.3336],[124.3972,-15.3319,0.3336],[124.3976,-15.3314,0.3336],[124.3971,-15.3309,0.5715],[124.3967,-15.3315,0.3336]]],
[[[124.3927,-15.3308,1.4742],[124.3927,-15.3306,1.4742],[124.3926,-15.3306,1.4742],[124.3926,-15.3308,1.4742],[124.3927,-15.3308,1.4742]]],
[[[124.3138,-15.3339,0.0],[124.3144,-15.3345,0.0],[124.3151,-15.3343,0.0],[124.3144,-15.3333,0.0],[124.3138,-15.3339,0.0]]],
[[[124.3901,-15.3341,0.6065],[124.3906,-15.3339,0.6065],[124.3902,-15.3333,0.6065],[124.3899,-15.3337,0.6065],[124.3901,-15.3341,0.6065]]],
[[[124.3704,-15.3304,0.0],[124.3714,-15.3307,0.7195],[124.3719,-15.3295,11.4576],[124.371,-15.3291,0.0],[124.3704,-15.3304,0.0]]],
[[[124.2133,-15.3306,0.5804],[124.2134,-15.3281,0.0],[124.2129,-15.3277,0.0],[124.2117,-15.3305,4.9815],[124.2133,-15.3306,0.5804]]],
[[[124.3985,-15.3305,0.0],[124.3979,-15.3302,0.0],[124.3976,-15.3306,0.5715],[124.3984,-15.3312,0.0],[124.3985,-15.3305,0.0]]],
[[[124.3961,-15.3297,0.5715],[124.3957,-15.3302,0.0],[124.3963,-15.3305,0.5715],[124.3965,-15.3302,0.5715],[124.3961,-15.3297,0.5715]]],
[[[124.3934,-15.3301,1.4742],[124.3932,-15.33,1.4742],[124.3932,-15.3301,1.4742],[124.3933,-15.3302,1.4742],[124.3934,-15.3301,1.4742]]],
[[[124.3972,-15.3291,0.0],[124.397,-15.3288,0.0],[124.3966,-15.3286,0.0],[124.3964,-15.3291,0.0],[124.3972,-15.3291,0.0]]],
[[[124.318,-15.3325,4.4115],[124.3199,-15.3286,10.211],[124.323,-15.3288,8.8867],[124.3251,-15.3266,1.993],[124.3248,-15.325,0.0],[124.3199,-15.3246,7.9779],[124.3179,-15.3295,11.1082],[124.3163,-15.33,13.0499],[124.318,-15.3325,4.4115]]],
[[[124.2423,-15.3278,0.0],[124.243,-15.3279,0.0],[124.2436,-15.327,0.0],[124.2426,-15.3272,0.0],[124.2423,-15.3278,0.0]]],
[[[124.2105,-15.3223,0.3311],[124.2101,-15.3221,0.3311],[124.2091,-15.3229,0.3311],[124.2102,-15.3232,0.3128],[124.2105,-15.3223,0.3311]]],
[[[124.2449,-15.3187,0.0],[124.2425,-15.3221,2.9545],[124.2468,-15.3232,2.1647],[124.2488,-15.321,0.0],[124.2449,-15.3187,0.0]]],
[[[124.397,-15.327,0.3146],[124.3968,-15.3278,0.3146],[124.3973,-15.3278,0.3146],[124.3974,-15.3273,0.3146],[124.397,-15.327,0.3146]]],
[[[124.4384,-15.3278,0.0],[124.4395,-15.3277,0.4043],[124.4397,-15.326,0.0],[124.4382,-15.3261,0.0],[124.4384,-15.3278,0.0]]],
[[[124.4335,-15.3227,8.4672],[124.433,-15.3219,8.4672],[124.4325,-15.3223,3.8467],[124.433,-15.3229,8.4672],[124.4335,-15.3227,8.4672]]],
[[[124.4399,-15.3187,1.8343],[124.4399,-15.3195,1.8343],[124.4408,-15.3189,1.8343],[124.4403,-15.3183,1.8343],[124.4399,-15.3187,1.8343]]],
[[[124.402,-15.3134,0.4045],[124.4017,-15.3143,9.5657],[124.4031,-15.3136,0.4045],[124.4027,-15.3134,0.4045],[124.402,-15.3134,0.4045]]],
[[[124.4347,-15.3098,12.0728],[124.4345,-15.3103,12.0728],[124.4352,-15.3114,0.0],[124.4355,-15.3106,10.9241],[124.4347,-15.3098,12.0728]]],
[[[124.4174,-15.3096,0.1816],[124.4185,-15.3088,0.1964],[124.4185,-15.3085,0.1964],[124.4161,-15.3091,0.0],[124.4174,-15.3096,0.1816]]],
[[[124.4517,-15.2947,0.0],[124.4516,-15.2956,0.0],[124.4526,-15.2939,0.0],[124.4517,-15.2947,0.0]]],
[[[124.2218,-15.3217,7.36],[124.2248,-15.3253,3.5391],[124.2295,-15.3231,0.0],[124.2271,-15.3142,0.0],[124.2213,-15.319,2.9483],[124.2184,-15.3187,7.6597],[124.2165,-15.3162,0.0],[124.2135,-15.318,3.0763],[124.2147,-15.3201,3.7175],[124.2218,-15.3217,7.36]]],
[[[124.333,-15.3161,0.0],[124.3326,-15.3177,3.1791],[124.3337,-15.32,2.6357],[124.3346,-15.3173,0.0],[124.333,-15.3161,0.0]]],
[[[124.2765,-15.3126,4.8444],[124.2759,-15.3126,0.8152],[124.2756,-15.3129,0.8152],[124.2767,-15.3133,0.8931],[124.2765,-15.3126,4.8444]]],
[[[124.2869,-15.3019,0.0],[124.2813,-15.2962,2.3094],[124.282,-15.2922,2.9309],[124.2805,-15.2859,0.0],[124.2778,-15.2846,5.9303],[124.2764,-15.2797,0.0],[124.268,-15.2859,16.4999],[124.266,-15.2825,0.0],[124.2589,-15.288,6.6564],[124.2544,-15.2862,0.0],[124.2498,-15.2928,3.4619],[124.2326,-15.2975,0.3822],[124.2305,-15.3003,4.9147],[124.2329,-15.3038,3.0116],[124.2307,-15.307,2.2693],[124.2318,-15.3187,8.0573],[124.2346,-15.3206,10.5055],[124.2417,-15.3197,3.2971],[124.2433,-15.3128,12.3168],[124.2475,-15.3112,5.5751],[124.2491,-15.3082,7.0533],[124.2517,-15.3089,3.1784],[124.2533,-15.307,12.3287],[124.2551,-15.3095,7.3721],[124.2579,-15.3066,0.0],[124.2578,-15.3049,0.5043],[124.2557,-15.3045,9.1925],[124.2569,-15.3017,3.4065],[124.2615,-15.3081,0.7168],[124.2658,-15.3049,0.4238],[124.2629,-15.3086,2.4617],[124.2632,-15.3107,4.1573],[124.269,-15.3096,1.4171],[124.272,-15.3039,11.4767],[124.2731,-15.3088,11.7998],[124.2784,-15.3125,4.8444],[124.2808,-15.3115,0.0],[124.2829,-15.3068,5.2327],[124.2865,-15.3058,3.3902],[124.2869,-15.3019,0.0]]],
[[[124.4568,-15.2699,1.7688],[124.4529,-15.2663,30.5438],[124.4513,-15.261,0.0],[124.4449,-15.2579,26.3927],[124.4443,-15.2534,16.3644],[124.4411,-15.2498,1.0193],[124.4374,-15.2561,0.0],[124.4334,-15.2575,0.0],[124.4287,-15.2549,0.0],[124.4283,-15.2568,5.7081],[124.4246,-15.2575,4.3155],[124.4216,-15.2618,25.7013],[124.4175,-15.2639,2.3451],[124.416,-15.2742,5.928],[124.4084,-15.2817,25.7792],[124.4071,-15.2852,8.0552],[124.404,-15.2852,8.4148],[124.3982,-15.2899,4.4115],[124.3922,-15.2846,17.4241],[124.3866,-15.288,24.7509],[124.3824,-15.2872,1.1782],[124.3796,-15.2944,8.1652],[124.3781,-15.2861,0.0],[124.3693,-15.2884,15.7699],[124.3651,-15.2999,2.4841],[124.3635,-15.2999,1.8657],[124.3645,-15.3027,1.5039],[124.3664,-15.3029,3.3466],[124.3671,-15.3084,2.2486],[124.3595,-15.306,0.0],[124.3591,-15.3007,0.0],[124.3612,-15.2926,0.0],[124.3594,-15.2911,0.0],[124.3556,-15.2922,0.9288],[124.35,-15.2957,0.0],[124.347,-15.3027,2.3253],[124.3433,-15.3059,0.3755],[124.3429,-15.3098,2.1453],[124.3495,-15.3136,2.6528],[124.3527,-15.3192,24.8684],[124.3526,-15.3222,12.6113],[124.3568,-15.3228,33.6505],[124.3583,-15.325,1.1096],[124.3678,-15.324,35.6683],[124.3738,-15.3294,10.7626],[124.3754,-15.329,1.2105],[124.3745,-15.3262,4.9651],[124.3779,-15.324,0.0743],[124.3781,-15.3218,0.8943],[124.3837,-15.3203,2.517],[124.3846,-15.3252,0.0],[124.3868,-15.326,12.3085],[124.3845,-15.3277,0.0],[124.3856,-15.33,2.5744],[124.3873,-15.3311,2.5744],[124.3881,-15.3292,10.684],[124.3893,-15.3319,2.0953],[124.3919,-15.3325,2.2537],[124.3908,-15.3289,6.2081],[124.3938,-15.3294,0.0],[124.3945,-15.3246,4.3943],[124.3984,-15.3228,1.0791],[124.3952,-15.3182,8.7859],[124.3948,-15.3132,9.8158],[124.3964,-15.313,1.8732],[124.3976,-15.3071,22.7544],[124.3989,-15.3065,2.4142],[124.3986,-15.3134,5.0575],[124.4028,-15.3129,3.082],[124.4085,-15.3042,6.1908],[124.4108,-15.2943,14.4689],[124.4147,-15.2931,27.4268],[124.4131,-15.2967,18.8755],[124.4137,-15.3004,4.8367],[124.4152,-15.3003,11.6849],[124.4138,-15.303,2.6969],[124.4173,-15.3044,14.4626],[124.4209,-15.3034,5.0514],[124.4187,-15.3063,0.9513],[124.4194,-15.3077,0.9513],[124.4215,-15.3061,10.627],[124.4275,-15.3056,16.9637],[124.4223,-15.309,2.5923],[124.4215,-15.3127,6.4503],[124.4199,-15.3123,0.0],[124.4205,-15.3156,3.2179],[124.4323,-15.3127,18.6142],[124.4339,-15.3088,20.4945],[124.4374,-15.31,10.9013],[124.4389,-15.3064,29.0252],[124.4403,-15.3076,22.7525],[124.4433,-15.3066,21.4729],[124.4413,-15.31,14.5005],[124.4368,-15.3119,0.0],[124.4324,-15.3163,1.3583],[124.4337,-15.3168,9.8219],[124.4313,-15.3204,12.0725],[124.4351,-15.3214,2.305],[124.4383,-15.3159,31.3844],[124.4388,-15.3185,14.9794],[124.4421,-15.3146,9.0472],[124.4419,-15.3118,5.4688],[124.4471,-15.3121,13.503],[124.4485,-15.3086,14.1313],[124.4521,-15.3115,3.5881],[124.454,-15.3095,5.1276],[124.4527,-15.3065,9.8833],[124.456,-15.3085,0.0],[124.4567,-15.3041,16.624],[124.461,-15.3036,13.3364],[124.4614,-15.3007,4.4686],[124.4577,-15.2958,0.0],[124.4549,-15.2967,0.0],[124.453,-15.3005,0.8074],[124.4516,-15.2996,0.8074],[124.4494,-15.3032,22.8174],[124.4492,-15.295,4.0678],[124.4419,-15.2982,20.328],[124.4499,-15.2904,0.0],[124.4486,-15.2853,2.0799],[124.4462,-15.2833,15.8391],[124.4457,-15.2774,5.2901],[124.4419,-15.2781,14.1599],[124.4439,-15.2764,6.4188],[124.4421,-15.2722,13.8909],[124.4447,-15.2751,9.4009],[124.4477,-15.274,2.9571],[124.4489,-15.2771,0.8831],[124.4528,-15.279,5.2956],[124.4553,-15.2705,20.7574],[124.4568,-15.2699,1.7688]]],
[[[124.451,-15.2881,0.5224],[124.451,-15.2876,0.0],[124.4507,-15.2872,0.0],[124.4503,-15.2878,0.0],[124.451,-15.2881,0.5224]]],
[[[124.4524,-15.287,0.0],[124.4521,-15.2878,0.0],[124.4524,-15.2881,0.0],[124.4528,-15.2873,0.0],[124.4524,-15.287,0.0]]],
[[[124.4544,-15.2868,0.0],[124.4553,-15.2879,0.0],[124.4545,-15.2857,0.0],[124.4544,-15.2868,0.0]]],
[[[124.2926,-15.2926,4.9275],[124.2934,-15.2917,0.0],[124.2928,-15.2899,2.4675],[124.292,-15.2909,2.4675],[124.2926,-15.2926,4.9275]]],
[[[124.294,-15.2869,8.2647],[124.2947,-15.2845,1.1583],[124.293,-15.2839,1.1583],[124.2916,-15.2877,11.0391],[124.294,-15.2869,8.2647]]],
[[[124.2936,-15.2822,0.0],[124.2937,-15.283,1.1583],[124.2941,-15.2836,1.1583],[124.2944,-15.2823,0.0],[124.2936,-15.2822,0.0]]],
[[[124.3444,-15.2667,7.1344],[124.3442,-15.2683,0.2541],[124.3445,-15.2686,5.4305],[124.3449,-15.2672,7.1344],[124.3444,-15.2667,7.1344]]],
[[[124.427,-15.2559,0.1144],[124.4273,-15.2565,5.7081],[124.428,-15.2561,0.1144],[124.4276,-15.2555,0.1144],[124.427,-15.2559,0.1144]]],
[[[124.4017,-15.2551,0.0],[124.4014,-15.2575,1.0588],[124.4044,-15.2581,1.7391],[124.4102,-15.2561,7.4272],[124.4109,-15.2543,1.5916],[124.408,-15.2533,5.0838],[124.4017,-15.2551,0.0]]],
[[[124.4256,-15.2538,0.8002],[124.425,-15.2544,0.8002],[124.4252,-15.2546,0.1626],[124.4257,-15.2543,0.8002],[124.4256,-15.2538,0.8002]]],
[[[124.4122,-15.2526,0.0],[124.412,-15.2535,1.5916],[124.4124,-15.2536,4.4803],[124.4127,-15.2532,4.4803],[124.4122,-15.2526,0.0]]],
[[[124.4708,-15.3128,0.2864],[124.4702,-15.3145,6.1221],[124.4715,-15.315,5.4021],[124.4698,-15.3166,5.0887],[124.4766,-15.3212,13.6395],[124.4795,-15.322,3.7103],[124.4821,-15.3186,14.336],[124.4797,-15.3127,4.7179],[124.4769,-15.3103,1.4137],[124.4708,-15.3128,0.2864]]],
[[[124.4791,-15.3109,0.0],[124.4786,-15.3104,0.0],[124.4782,-15.3113,4.7179],[124.4786,-15.3116,4.7179],[124.4791,-15.3109,0.0]]],
[[[124.4722,-15.3102,1.8333],[124.4711,-15.3102,0.0],[124.4709,-15.3109,0.0],[124.4721,-15.3108,1.8333],[124.4722,-15.3102,1.8333]]],
[[[124.4732,-15.3101,1.8333],[124.4738,-15.3104,1.8333],[124.4751,-15.3093,0.0],[124.4745,-15.309,0.0],[124.4732,-15.3101,1.8333]]],
[[[124.5642,-15.3031,0.0],[124.5648,-15.3028,0.0],[124.5643,-15.3024,0.0],[124.5642,-15.3031,0.0]]],
[[[124.5779,-15.2921,0.9496],[124.5765,-15.2942,0.0],[124.5769,-15.2959,12.5181],[124.5785,-15.2944,12.8194],[124.5779,-15.2921,0.9496]]],
[[[124.5696,-15.2872,0.0],[124.57,-15.2875,0.0],[124.5703,-15.2872,0.0],[124.5701,-15.2867,0.0],[124.5696,-15.2872,0.0]]],
[[[124.6105,-15.2836,2.2366],[124.6091,-15.2848,9.6677],[124.6092,-15.2862,9.6677],[124.6111,-15.2844,2.2366],[124.6105,-15.2836,2.2366]]],
[[[124.4627,-15.3038,4.5943],[124.4623,-15.3026,2.5117],[124.4618,-15.305,1.0288],[124.4624,-15.3048,1.0288],[124.4627,-15.3038,4.5943]]],
[[[124.4911,-15.2951,0.5591],[124.4911,-15.2956,0.5591],[124.4918,-15.2958,0.5591],[124.4917,-15.2949,0.5591],[124.4911,-15.2951,0.5591]]],
[[[124.4965,-15.2819,0.8256],[124.4923,-15.2852,2.691],[124.499,-15.2867,1.4516],[124.5005,-15.2818,5.5563],[124.4965,-15.2819,0.8256]]],
[[[124.522,-15.237,0.7055],[124.518,-15.2387,21.6693],[124.5183,-15.2436,24.2908],[124.521,-15.2428,27.3208],[124.522,-15.237,0.7055]]],
[[[124.592,-15.2753,0.0],[124.5915,-15.2757,0.0],[124.5921,-15.2766,0.0],[124.5923,-15.2756,0.0],[124.592,-15.2753,0.0]]],
[[[124.534,-15.2733,0.0],[124.5343,-15.2736,0.0],[124.5347,-15.2728,0.0],[124.5343,-15.2727,0.0],[124.534,-15.2733,0.0]]],
[[[124.577,-15.2684,0.0],[124.5759,-15.2656,1.613],[124.5732,-15.2649,1.4067],[124.5737,-15.2616,0.0],[124.5716,-15.2586,0.0],[124.5684,-15.2558,1.0885],[124.5669,-15.2561,1.0885],[124.5656,-15.26,12.6877],[124.5696,-15.2642,47.5682],[124.5708,-15.2691,8.8336],[124.5733,-15.2674,15.3164],[124.576,-15.2694,19.2866],[124.577,-15.2684,0.0]]],
[[[124.6036,-15.26,15.9575],[124.6036,-15.2609,15.9575],[124.6042,-15.2618,7.4278],[124.6051,-15.2594,0.0],[124.6036,-15.26,15.9575]]],
[[[124.9002,-15.2656,1.6362],[124.8983,-15.2608,0.0],[124.896,-15.2615,12.7525],[124.8893,-15.2678,0.0],[124.8888,-15.2706,5.4213],[124.8979,-15.2676,6.2777],[124.9002,-15.2656,1.6362]]],
[[[124.884,-15.2601,0.0],[124.8838,-15.2605,0.0],[124.8841,-15.2608,0.0],[124.8845,-15.2603,0.0],[124.884,-15.2601,0.0]]],
[[[124.9189,-15.2478,2.31],[124.919,-15.2472,2.31],[124.9183,-15.2471,0.0],[124.9182,-15.2474,0.0],[124.9189,-15.2478,2.31]]],
[[[124.9176,-15.2355,1.708],[124.9193,-15.2391,3.4906],[124.924,-15.235,2.6822],[124.919,-15.2339,0.9099],[124.9176,-15.2355,1.708]]],
[[[125.1033,-15.2832,2.0684],[125.1022,-15.2839,2.0684],[125.1022,-15.2849,0.0],[125.1028,-15.2843,2.0684],[125.1033,-15.2832,2.0684]]],
[[[125.0208,-15.2107,0.0],[125.0194,-15.2113,0.6824],[125.0206,-15.2123,0.6824],[125.0209,-15.2119,0.6824],[125.0208,-15.2107,0.0]]],
[[[125.006,-15.2077,0.6872],[125.0073,-15.2119,7.1408],[125.0111,-15.2139,18.8488],[125.0155,-15.2116,4.5561],[125.0164,-15.207,11.0495],[125.0113,-15.201599999999999,1.5142],[125.0066,-15.2032,0.0],[125.006,-15.2077,0.6872]]],
[[[125.0176,-15.2058,0.0],[125.0175,-15.2067,4.1225],[125.0193,-15.208,0.0],[125.0188,-15.205,0.0],[125.0176,-15.2058,0.0]]],
[[[124.9256,-15.2321,0.0],[124.9254,-15.2325,0.0],[124.9258,-15.233,0.0],[124.926,-15.2325,0.0],[124.9256,-15.2321,0.0]]],
[[[124.9107,-15.2318,0.3081],[124.9112,-15.2318,0.3081],[124.9114,-15.2313,0.3081],[124.9109,-15.2311,3.3124],[124.9107,-15.2318,0.3081]]],
[[[124.9262,-15.2302,0.0],[124.9259,-15.2306,0.0],[124.9262,-15.2312,0.0],[124.9265,-15.2309,0.0],[124.9262,-15.2302,0.0]]],
[[[124.9737,-15.2143,0.0],[124.9724,-15.2134,0.0],[124.9722,-15.2138,0.0],[124.973,-15.215,0.0],[124.9737,-15.2143,0.0]]],
[[[124.9726,-15.2019,0.0],[124.9721,-15.201599999999999,0.0],[124.9722,-15.2027,0.0],[124.9726,-15.2023,0.0],[124.9726,-15.2019,0.0]]],
[[[124.9656,-15.1871,6.6822],[124.9648,-15.1913,5.4263],[124.9665,-15.1947,0.0509],[124.9713,-15.1952,20.4763],[124.9725,-15.185,0.0],[124.9656,-15.1871,6.6822]]],
[[[124.9807,-15.184,1.6602],[124.9803,-15.18,0.3215],[124.976,-15.18,0.5887],[124.9759,-15.1886,0.0],[124.9786,-15.1876,-0.0666],[124.9807,-15.184,1.6602]]],
[[[124.9828,-15.1769,0.0],[124.9824,-15.1766,0.0],[124.9801,-15.1779,0.0],[124.9806,-15.1781,0.0],[124.9828,-15.1769,0.0]]],
[[[124.9837,-15.1722,0.0378],[124.9827,-15.1723,0.0378],[124.983,-15.174,0.0151],[124.9833,-15.1736,0.0151],[124.9837,-15.1722,0.0378]]],
[[[124.9672,-15.1185,0.0],[124.9672,-15.1206,0.1669],[124.968,-15.12,0.0],[124.9672,-15.1185,0.0]]],
[[[124.9589,-15.1071,0.0],[124.9592,-15.1064,0.0],[124.9589,-15.1062,0.0],[124.9586,-15.1068,0.0],[124.9589,-15.1071,0.0]]],
[[[124.9067,-15.1015,0.0],[124.9063,-15.1027,0.0],[124.9101,-15.1056,5.2999],[124.9101,-15.1049,5.2999],[124.9067,-15.1015,0.0]]],
[[[124.9506,-15.0929,0.0],[124.9501,-15.0928,0.0],[124.9499,-15.0932,0.0],[124.9506,-15.0932,0.0],[124.9506,-15.0929,0.0]]],
[[[124.9617,-15.0763,0.0],[124.9618,-15.0753,1.6675],[124.9612,-15.0774,3.5448],[124.9618,-15.0774,0.0],[124.9617,-15.0763,0.0]]],
[[[124.9401,-15.0734,1.0144],[124.9378,-15.0705,0.0],[124.9364,-15.0706,0.0],[124.9376,-15.0752,2.2516],[124.9401,-15.0734,1.0144]]],
[[[124.9698,-15.088,6.7152],[124.9734,-15.0828,0.4358],[124.9765,-15.0709,0.3399],[124.9812,-15.0668,1.2593],[124.9849,-15.0605,0.0],[124.985,-15.0555,0.0],[124.9793,-15.0482,13.7687],[124.9768,-15.0405,0.0],[124.9716,-15.0404,0.0],[124.9691,-15.042,3.9941],[124.9667,-15.0479,9.8941],[124.9678,-15.0527,33.9087],[124.9646,-15.0542,0.0],[124.9613,-15.0625,0.0],[124.9569,-15.0667,20.4792],[124.9561,-15.0714,8.69],[124.9584,-15.0721,0.0],[124.9622,-15.067,11.0389],[124.9647,-15.0821,28.5313],[124.9633,-15.0828,12.0334],[124.962,-15.0798,3.7877],[124.9593,-15.0852,6.4393],[124.9546,-15.088,2.0619],[124.9523,-15.0985,3.7524],[124.954,-15.0988,3.6748],[124.9562,-15.0957,11.5698],[124.9629,-15.0944,18.7898],[124.9698,-15.088,6.7152]]],
[[[124.9431,-15.0637,1.9102],[124.9434,-15.0631,1.9102],[124.943,-15.063,0.0],[124.9428,-15.0633,0.0],[124.9431,-15.0637,1.9102]]],
[[[124.9423,-15.0584,0.0],[124.9403,-15.0612,1.3246],[124.9405,-15.0621,0.0],[124.9427,-15.0602,0.3369],[124.9423,-15.0584,0.0]]],
[[[124.9486,-15.0735,0.0],[124.9508,-15.0725,6.7191],[124.9587,-15.0575,0.0],[124.9587,-15.0513,0.0],[124.9623,-15.045,0.0],[124.9591,-15.0412,0.0],[124.9532,-15.0436,0.0],[124.9436,-15.0571,4.5086],[124.9483,-15.0559,14.9208],[124.9489,-15.057,4.5953],[124.9483,-15.0585,22.827],[124.9451,-15.0587,0.0],[124.9444,-15.0641,1.9102],[124.9487,-15.063,3.0566],[124.9512,-15.0644,7.883],[124.9451,-15.0659,0.0],[124.9436,-15.0677,0.8192],[124.9427,-15.0663,7.3191],[124.9398,-15.0672,10.1742],[124.9399,-15.0702,10.0984],[124.9448,-15.0753,0.9444],[124.9469,-15.073,16.4538],[124.9486,-15.0735,0.0]]],
[[[124.8852,-15.0238,0.0],[124.8851,-15.0251,0.0],[124.886,-15.0255,0.0],[124.8865,-15.0247,0.0],[124.8852,-15.0238,0.0]]],
[[[124.8657,-15.0256,3.1876],[124.8662,-15.0226,1.7808],[124.8637,-15.0228,0.0],[124.8622,-15.0208,3.0178],[124.8645,-15.0129,2.7422],[124.8599,-15.0111,0.0],[124.8556,-15.0161,12.6857],[124.8488,-15.0185,5.2259],[124.8491,-15.022,7.1828],[124.8444,-15.024,4.9178],[124.8545,-15.0311,13.0015],[124.8557,-15.0291,4.5648],[124.8587,-15.0284,13.9809],[124.8579,-15.021,14.8405],[124.8657,-15.0256,3.1876]]],
[[[124.7714,-15.0173,2.9417],[124.7706,-15.0173,2.9417],[124.7699,-15.0179,0.0],[124.7713,-15.0186,1.4936],[124.7714,-15.0173,2.9417]]],
[[[124.8015,-15.0121,0.0],[124.7995,-15.0092,0.0],[124.7976,-15.0105,11.8887],[124.7965,-15.0123,0.9798],[124.7978,-15.0167,4.8586],[124.8005,-15.0165,0.0],[124.8022,-15.0142,0.0],[124.8015,-15.0121,0.0]]],
[[[124.8266,-15.0134,1.2554],[124.8277,-15.0117,0.9625],[124.826,-15.0099,0.0],[124.8257,-15.0128,7.6059],[124.8266,-15.0134,1.2554]]],
[[[124.6964,-15.2026,16.3248],[124.6972,-15.204,13.4335],[124.6986,-15.2024,0.0],[124.6977,-15.2015,16.3248],[124.6964,-15.2026,16.3248]]],
[[[124.7013,-15.1939,0.0],[124.6999,-15.1949,0.0],[124.7004,-15.1959,0.0],[124.7018,-15.1941,0.0],[124.7013,-15.1939,0.0]]],
[[[124.6546,-15.1695,5.658],[124.6529,-15.1667,2.2659],[124.6516,-15.1704,23.8117],[124.6562,-15.1715,4.7166],[124.6546,-15.1695,5.658]]],
[[[124.6477,-15.1728,29.3693],[124.6506,-15.1691,2.3253],[124.6493,-15.1627,0.0],[124.6439,-15.162,2.8568],[124.6433,-15.1736,19.4194],[124.6453,-15.1745,23.8086],[124.6477,-15.1728,29.3693]]],
[[[124.6575,-15.1676,1.1065],[124.6587,-15.1691,9.1104],[124.6604,-15.1679,0.0],[124.6602,-15.167,0.0],[124.6575,-15.1676,1.1065]]],
[[[124.654,-15.1654,4.6979],[124.6559,-15.1669,6.4427],[124.6567,-15.1669,6.4427],[124.6553,-15.1647,4.7095],[124.654,-15.1654,4.6979]]],
[[[124.6739,-15.1545,12.0768],[124.6761,-15.1581,0.0],[124.6765,-15.1545,0.0],[124.675,-15.1525,1.2897],[124.673,-15.1516,0.9868],[124.6705,-15.1544,4.8453],[124.6739,-15.1545,12.0768]]],
[[[124.668,-15.1557,4.9476],[124.6692,-15.1547,4.9476],[124.6672,-15.1534,4.7004],[124.6668,-15.1552,20.3586],[124.668,-15.1557,4.9476]]],
[[[124.8647,-15.1416,0.3628],[124.8643,-15.1421,0.3628],[124.865,-15.1424,0.0],[124.865,-15.1418,0.0],[124.8647,-15.1416,0.3628]]],
[[[124.7216,-15.0774,0.0],[124.721,-15.0779,0.0],[124.7212,-15.0783,0.0],[124.7217,-15.0779,0.0],[124.7216,-15.0774,0.0]]],
[[[124.7198,-15.0766,3.1751],[124.7218,-15.0742,0.0],[124.7209,-15.0728,0.0],[124.7204,-15.0731,2.8379],[124.7198,-15.0766,3.1751]]],
[[[124.7468,-15.032,3.761],[124.7452,-15.0342,0.0],[124.7503,-15.0362,31.97],[124.7531,-15.0315,4.0797],[124.749,-15.0321,0.0],[124.7468,-15.032,3.761]]],
[[[124.6663,-15.1526,2.7879],[124.6666,-15.1479,0.0],[124.6643,-15.152,2.752],[124.6655,-15.1535,4.7004],[124.6663,-15.1526,2.7879]]],
[[[124.6144,-15.0208,1.3734],[124.6151,-15.0225,4.0911],[124.6158,-15.0226,4.0911],[124.6154,-15.0199,1.3734],[124.6144,-15.0208,1.3734]]],
[[[124.6175,-15.0199,0.0],[124.6173,-15.0205,0.0],[124.6175,-15.0208,0.0],[124.6179,-15.0201,0.0],[124.6175,-15.0199,0.0]]],
[[[124.6838,-14.9448,0.0],[124.6857,-14.9502,3.0197],[124.6903,-14.9507,7.5058],[124.6902,-14.9539,6.8324],[124.6941,-14.9559,0.76],[124.6923,-14.9468,0.0],[124.6898,-14.9443,10.7136],[124.6889,-14.9401,7.2979],[124.6839,-14.9373,3.0543],[124.6823,-14.9412,3.2357],[124.6838,-14.9448,0.0]]],
[[[124.7464,-15.0307,0.0],[124.7459,-15.0312,0.0],[124.7462,-15.0315,3.761],[124.7468,-15.0311,0.0],[124.7464,-15.0307,0.0]]],
[[[124.8382,-15.0252,0.0],[124.8372,-15.026,3.9954],[124.8374,-15.0281,1.2177],[124.8376,-15.0278,6.7626],[124.8382,-15.0252,0.0]]],
[[[124.7724,-15.0298,57.0907],[124.7748,-15.0354,0.0],[124.7777,-15.0325,21.2204],[124.7815,-15.033,0.0],[124.7899,-15.0149,0.0],[124.7878,-15.0104,2.043],[124.786,-15.0115,3.8155],[124.7861,-15.0168,0.0],[124.7838,-15.018,7.0737],[124.78,-15.0167,4.8337],[124.779,-15.012,1.9837],[124.7764,-15.0126,2.0658],[124.7729,-15.0179,34.4575],[124.7753,-15.0179,29.0119],[124.7768,-15.02,31.4711],[124.7724,-15.0298,57.0907]]],
[[[124.836,-15.0245,11.901],[124.8365,-15.0212,0.0],[124.8327,-15.0197,6.0453],[124.8333,-15.0242,17.4457],[124.836,-15.0245,11.901]]],
[[[124.6035,-15.0304,0.0],[124.6037,-15.029,0.0],[124.6031,-15.029,0.0],[124.6029,-15.0295,0.0],[124.6035,-15.0304,0.0]]],
[[[124.601,-15.0184,1.3451],[124.6007,-15.0207,5.0512],[124.6016,-15.0218,0.0],[124.6023,-15.0208,0.0],[124.601,-15.0184,1.3451]]],
[[[124.6024,-15.015,0.0],[124.6029,-15.0149,0.0],[124.6025,-15.0142,0.0],[124.6022,-15.0147,0.0],[124.6024,-15.015,0.0]]],
[[[124.5974,-15.0086,0.0],[124.5965,-15.0083,0.0],[124.5962,-15.0086,0.0],[124.5975,-15.0096,0.0],[124.5974,-15.0086,0.0]]],
[[[124.8432,-15.0022,0.0],[124.8418,-15.0027,0.0],[124.8451,-15.0059,20.4146],[124.8463,-15.0096,3.8164],[124.8446,-15.0151,4.349],[124.8467,-15.0149,1.6864],[124.8485,-15.0133,0.0],[124.8473,-15.0054,1.1174],[124.8432,-15.0022,0.0]]],
[[[124.7877,-15.0045,1.176],[124.7856,-15.0043,1.7022],[124.7837,-15.0067,2.1759],[124.7879,-15.0085,0.5567],[124.792,-15.0019,0.0],[124.7915,-15.0017,0.0],[124.7877,-15.0045,1.176]]],
[[[124.848,-14.9966,0.0],[124.8494,-14.996,3.6623],[124.8491,-14.9949,3.6623],[124.8485,-14.9952,3.6623],[124.848,-14.9966,0.0]]],
[[[124.7505,-14.9887,0.0],[124.7532,-14.9902,1.7839],[124.7547,-14.9897,0.0],[124.7542,-14.9887,0.0],[124.7505,-14.9887,0.0]]],
[[[124.8201,-14.9754,1.784],[124.82,-14.9799,0.0],[124.8218,-14.9765,0.0],[124.8263,-14.976,15.4754],[124.8285,-14.9694,2.2428],[124.8226,-14.9694,0.0],[124.8201,-14.9754,1.784]]],
[[[124.8229,-14.9673,0.0],[124.8234,-14.9681,0.0],[124.825,-14.9656,0.0],[124.8241,-14.9658,0.0],[124.8229,-14.9673,0.0]]],
[[[124.8164,-14.9657,0.0],[124.8159,-14.9651,0.0],[124.8158,-14.9633,0.0],[124.8151,-14.9656,0.0],[124.8164,-14.9657,0.0]]],
[[[124.7603,-14.9473,8.5893],[124.76,-14.9433,4.5878],[124.7565,-14.9406,3.0135],[124.7515,-14.9442,11.3061],[124.7495,-14.9436,16.1335],[124.7476,-14.9398,0.0],[124.746,-14.9401,8.3655],[124.7447,-14.9507,0.0],[124.7468,-14.9521,4.5192],[124.7534,-14.9518,2.0788],[124.7553,-14.957,2.521],[124.7584,-14.958,2.8095],[124.7626,-14.9545,0.0],[124.7603,-14.9473,8.5893]]],
[[[124.5799,-15.2625,46.6971],[124.5824,-15.2629,24.5441],[124.5875,-15.2552,15.6774],[124.5824,-15.2563,19.7277],[124.5799,-15.2625,46.6971]]],
[[[124.5888,-15.2551,15.6774],[124.589,-15.2561,15.6774],[124.5902,-15.256,0.0],[124.5902,-15.2545,0.0],[124.5888,-15.2551,15.6774]]],
[[[124.5721,-15.2492,7.4916],[124.5719,-15.2519,4.263],[124.5764,-15.2498,5.6524],[124.5755,-15.2484,2.6091],[124.5721,-15.2492,7.4916]]],
[[[124.5386,-15.2435,2.5596],[124.5392,-15.2399,3.5642],[124.5352,-15.2425,4.0764],[124.5371,-15.2444,27.0933],[124.5386,-15.2435,2.5596]]],
[[[124.5272,-15.2375,0.0],[124.5265,-15.2391,5.9724],[124.5272,-15.2396,2.0267],[124.5275,-15.2381,0.0],[124.5272,-15.2375,0.0]]],
[[[124.533,-15.2373,1.3413],[124.5356,-15.2395,21.2781],[124.543,-15.236,46.7266],[124.547,-15.2329,0.0],[124.5461,-15.2288,0.0],[124.5439,-15.2271,0.0],[124.542,-15.2297,12.6989],[124.5397,-15.2291,0.4778],[124.538,-15.234,41.8037],[124.5364,-15.232,2.6859],[124.533,-15.2373,1.3413]]],
[[[124.5262,-15.231,0.0],[124.5251,-15.227,0.0],[124.5237,-15.2305,9.4922],[124.526,-15.2322,0.0],[124.5262,-15.231,0.0]]],
[[[124.5397,-15.226,0.045],[124.539,-15.2267,3.8298],[124.5389,-15.2278,3.8298],[124.5402,-15.2262,0.2429],[124.5397,-15.226,0.045]]],
[[[124.5192,-15.237,2.083],[124.5211,-15.2349,2.362],[124.5169,-15.2357,0.0],[124.5169,-15.237,0.0],[124.5192,-15.237,2.083]]],
[[[124.463,-15.2315,8.9861],[124.4632,-15.2299,2.0405],[124.4611,-15.2319,0.0],[124.4618,-15.2322,8.9861],[124.463,-15.2315,8.9861]]],
[[[124.5147,-15.2306,3.493],[124.515,-15.2326,8.9493],[124.5187,-15.2338,7.4633],[124.5215,-15.2327,0.0],[124.5218,-15.2288,1.2385],[124.5196,-15.2272,0.0],[124.5147,-15.2306,3.493]]],
[[[124.4838,-15.2295,0.0],[124.4817,-15.2289,0.0],[124.4805,-15.2306,3.4586],[124.4874,-15.231,8.5533],[124.4881,-15.2297,8.5533],[124.4855,-15.2289,0.4123],[124.4838,-15.2295,0.0]]],
[[[124.4965,-15.2287,15.5894],[124.4945,-15.2279,0.0],[124.493,-15.2319,4.7787],[124.495,-15.2313,0.0],[124.4965,-15.2287,15.5894]]],
[[[124.5035,-15.2196,8.8111],[124.5047,-15.2217,0.0],[124.5071,-15.2208,29.7715],[124.5098,-15.2235,2.1956],[124.5162,-15.2155,7.5728],[124.516,-15.2119,0.993],[124.5129,-15.2117,2.7399],[124.5091,-15.2054,0.0],[124.5067,-15.2053,0.0],[124.5037,-15.2096,18.0847],[124.4981,-15.2122,0.7637],[124.4992,-15.2166,34.4952],[124.5035,-15.2196,8.8111]]],
[[[124.4959,-15.2077,3.1625],[124.4954,-15.2048,1.9564],[124.4924,-15.2031,10.6101],[124.4884,-15.2062,0.2242],[124.4937,-15.2135,7.053],[124.4954,-15.2118,8.09],[124.4959,-15.2077,3.1625]]],
[[[124.4857,-15.2089,5.1857],[124.4873,-15.2069,8.8376],[124.4869,-15.2046,1.815],[124.4851,-15.2075,1.636],[124.4857,-15.2089,5.1857]]],
[[[124.5049,-15.132,0.0],[124.5046,-15.1317,1.6323],[124.5028,-15.1338,1.1929],[124.5039,-15.1337,1.1929],[124.5049,-15.132,0.0]]],
[[[124.5043,-15.131,0.0],[124.5048,-15.1305,0.0],[124.5047,-15.1302,0.0],[124.5039,-15.1306,0.0],[124.5043,-15.131,0.0]]],
[[[124.5153,-15.1217,0.0],[124.5149,-15.1223,0.2052],[124.5154,-15.1225,0.0],[124.5156,-15.1219,0.0],[124.5153,-15.1217,0.0]]],
[[[124.5143,-15.1214,0.2052],[124.514,-15.1214,0.2052],[124.514,-15.1222,0.2052],[124.5143,-15.1219,0.2052],[124.5143,-15.1214,0.2052]]],
[[[124.5401,-15.2234,0.2346],[124.54,-15.2238,0.2346],[124.5408,-15.2246,0.2429],[124.541,-15.2242,0.2346],[124.5401,-15.2234,0.2346]]],
[[[124.5494,-15.1621,0.7005],[124.5484,-15.1618,0.7005],[124.548,-15.1621,0.7005],[124.5488,-15.163,2.4228],[124.5494,-15.1621,0.7005]]],
[[[124.5325,-15.113,8.5617],[124.5336,-15.1142,32.7133],[124.5386,-15.1122,0.0],[124.5377,-15.1106,0.0],[124.5349,-15.1104,0.0],[124.5325,-15.113,8.5617]]],
[[[124.6101,-15.0296,0.0],[124.608,-15.0277,0.0],[124.6085,-15.0299,9.4983],[124.6062,-15.0312,3.9195],[124.6084,-15.0325,11.6938],[124.6101,-15.0296,0.0]]],
[[[124.5172,-15.1171,5.4434],[124.5177,-15.1173,5.4434],[124.5179,-15.1167,5.4434],[124.5175,-15.1165,5.4434],[124.5172,-15.1171,5.4434]]],
[[[124.5193,-15.115,0.0],[124.5183,-15.1159,0.0],[124.519,-15.1171,5.4434],[124.5195,-15.1159,0.0],[124.5193,-15.115,0.0]]],
[[[124.5712,-14.9891,0.72],[124.5719,-14.9875,2.0151],[124.5707,-14.987,2.0151],[124.5695,-14.9889,8.513],[124.5712,-14.9903,0.0],[124.5712,-14.9891,0.72]]],
[[[124.5357,-14.9886,0.0],[124.5355,-14.9873,3.5942],[124.5341,-14.9866,3.5942],[124.5347,-14.99,1.4209],[124.5357,-14.9886,0.0]]],
[[[124.4192,-15.252,7.3553],[124.4153,-15.2517,2.4375],[124.4135,-15.2533,4.4803],[124.415,-15.2535,2.3338],[124.4192,-15.252,7.3553]]],
[[[124.4244,-15.2528,2.3838],[124.4256,-15.2521,13.2843],[124.4258,-15.2502,4.455],[124.4242,-15.251,0.0],[124.4244,-15.2528,2.3838]]],
[[[124.4295,-15.2361,0.0],[124.4256,-15.2354,2.8103],[124.4224,-15.2375,0.0],[124.4217,-15.2431,5.9814],[124.4231,-15.2433,6.4981],[124.4295,-15.2361,0.0]]],
[[[124.3951,-15.2349,4.7064],[124.3995,-15.2276,0.0],[124.3946,-15.2322,1.3162],[124.3871,-15.2271,1.3634],[124.3842,-15.2283,1.4319],[124.3854,-15.2393,0.0],[124.3926,-15.2342,19.942],[124.3889,-15.2456,13.2301],[124.3924,-15.2505,21.4843],[124.3958,-15.2496,0.0],[124.3966,-15.246,0.0],[124.3951,-15.2349,4.7064]]],
[[[124.3457,-15.2685,5.4305],[124.3463,-15.2698,0.5659],[124.348,-15.2691,15.9796],[124.3512,-15.2647,0.0],[124.3466,-15.2651,6.6272],[124.3457,-15.2685,5.4305]]],
[[[124.3698,-15.2338,0.0],[124.3691,-15.2339,0.0],[124.3693,-15.2348,0.0],[124.3699,-15.2344,0.0],[124.3698,-15.2338,0.0]]],
[[[124.3799,-15.2315,18.5996],[124.3796,-15.234,22.3343],[124.3806,-15.2342,22.3343],[124.3818,-15.2312,0.0],[124.3799,-15.2315,18.5996]]],
[[[124.2599,-15.2147,10.1004],[124.2616,-15.2124,24.8915],[124.2596,-15.2098,0.0],[124.2589,-15.2127,16.079],[124.2599,-15.2147,10.1004]]],
[[[124.42,-15.2325,0.0],[124.4194,-15.2325,0.0],[124.4191,-15.233,0.0],[124.4198,-15.2334,0.0],[124.42,-15.2325,0.0]]],
[[[124.4122,-15.2113,41.5581],[124.4076,-15.2134,0.0],[124.4085,-15.2167,2.9687],[124.4204,-15.2113,19.5882],[124.4208,-15.2084,0.0],[124.4146,-15.2093,0.0],[124.4122,-15.2113,41.5581]]],
[[[124.3256,-15.0616,1.3827],[124.3271,-15.0608,1.3274],[124.3267,-15.0598,1.3274],[124.3256,-15.0606,0.8371],[124.3256,-15.0616,1.3827]]],
[[[123.5507,-14.1098,-1.8695],[123.5487,-14.1069,0.2517],[123.5469,-14.1087,-0.063],[123.548,-14.1104,-1.6186],[123.5507,-14.1098,-1.8695]]]]}
,"properties": {"GID_2": "AUS.11.137_1","GID_0": "AUS","country": "Australia","GID_1": "AUS.11_1","state": "WesternAustralia","NL_NAME_1": "NA","county": "Wyndham-EastKimberley","VARNAME_2": "NA","NL_NAME_2": "NA","TYPE_2": "Shire","ENGTYPE_2": "Shire","CC_2": "59340","HASC_2": "AU.WA.WE","name": "Wyndham-EastKimberley.county","area_km2": 112400.5,"hist_schema_id": "Elevation0-9000","hist_area_km2": {"0": 5821.84,"25": 5433.63,"50": 5505.34,"75": 5164.76,"100": 6945.98,"125": 5268.13,"150": 4697.23,"175": 4779.44,"200": 5012.84,"225": 4855.26,"250": 4595.95,"275": 4397.93,"300": 5157.95,"325": 5872.04,"350": 5669.26,"375": 5716.59,"400": 5168.84,"425": 4788.15,"450": 4228.12,"475": 3592.83,"500": 3000.68,"525": 2418.85,"550": 1852.41,"575": 1258.74,"600": 718.2,"625": 317.5,"650": 107.81,"675": 35.27,"700": 11.03,"725": 6.29,"750": 1.65}}}