{"type": "Feature","id": "2651","bbox": [112.91944,-35.13787,129.00012,-13.72357],"geometry": {"type": "MultiPolygon","coordinates": [[[[122.24695,-34.16245,0.0],[122.25134,-34.15182,0.0],[122.24993,-34.1361,93.9669],[122.25839,-34.1231,64.6195],[122.25263,-34.11717,0.0],[122.24281,-34.11279,6.153],[122.23245,-34.12326,0.0],[122.23709,-34.13247,0.0],[122.23448,-34.14892,3.1744],[122.23306,-34.16044,0.0],[122.23792,-34.16387,0.0],[122.24695,-34.16245,0.0]]],
[[[115.67848,-32.21649,23.0695],[115.66375,-32.17311,12.3636],[115.66,-32.14983,0.0],[115.64723,-32.16269,0.0],[115.64942,-32.18434,0.0],[115.65699,-32.20941,0.0],[115.66,-32.23252,0.0],[115.66456,-32.23463,0.0],[115.68051,-32.23935,3.2335],[115.67848,-32.21649,23.0695]]],
[[[115.55219,-32.0062,12.1709],[115.54261,-32.00003,3.6293],[115.52461,-31.99381,10.0715],[115.49211,-31.99565,0.0],[115.48237,-32.01089,11.0167],[115.4583,-32.00971,0.0],[115.44014,-32.02183,0.0],[115.4594,-32.02298,0.756],[115.49073,-32.0191,0.0],[115.51476,-32.02536,0.0],[115.53165,-32.01832,0.0],[115.55219,-32.0062,12.1709]]],
[[[113.69334,-28.48354,9.3211],[113.70209,-28.47202,0.0],[113.71521,-28.46215,4.4983],[113.73206,-28.44294,0.0],[113.74954,-28.42758,0.0],[113.73518,-28.42757,0.0],[113.72021,-28.42812,0.0],[113.71147,-28.4391,0.0],[113.70335,-28.44842,1.3091],[113.67962,-28.45224,0.0],[113.68148,-28.46816,0.0],[113.6846,-28.48628,0.0],[113.69334,-28.48354,9.3211]]],
[[[112.95948,-25.48252,0.0],[112.94606,-25.49188,0.0],[112.93181,-25.50701,0.0],[112.91944,-25.52361,0.0],[112.92246,-25.55897,0.0],[112.91985,-25.57711,0.0],[112.9196,-25.63156,0.0],[112.95479,-25.69752,0.0],[112.96355,-25.75449,0.0],[112.9629,-25.7636,0.0],[112.95387,-25.77304,0.0],[112.96453,-25.79404,0.0],[113.01243,-25.84513,39.8837],[113.04615,-25.94004,0.0],[113.0827,-25.9655,4.2342],[113.1277,-26.0237,0.0],[113.13559,-26.03346,0.0],[113.1557,-26.05406,5.392],[113.17068,-26.09262,32.0902],[113.17726,-26.12558,0.0],[113.19614,-26.136,0.0],[113.20704,-26.13974,0.0],[113.219,-26.12884,12.4779],[113.22511,-26.10833,2.7676],[113.22462,-26.08538,6.477],[113.21664,-26.06805,34.6434],[113.21217,-26.05918,34.3665],[113.20899,-26.03655,4.7081],[113.20338,-26.02703,4.7815],[113.19606,-26.01898,27.4489],[113.18328,-26.00091,9.1281],[113.17579,-25.99277,4.9686],[113.16456,-25.97698,13.9157],[113.15504,-25.95867,20.6191],[113.1447,-25.94622,0.0],[113.13136,-25.94793,20.0192],[113.13478,-25.95224,0.0],[113.14039,-25.96258,0.0],[113.14503,-25.96901,0.0],[113.11557,-25.96331,50.8708],[113.11524,-25.93776,11.9449],[113.13754,-25.88592,5.5582],[113.11785,-25.84713,0.0],[113.08976,-25.79582,41.4079],[113.07108,-25.74685,24.8736],[113.05128,-25.71697,40.4716],[113.05018,-25.68076,4.9989],[113.04338,-25.62965,0.0],[113.02001,-25.58913,1.1246],[113.00606,-25.55292,19.6369],[113.00618,-25.53165,3.4287],[113.00652,-25.50457,29.4923],[113.00782,-25.49619,0.0],[112.99838,-25.48992,0.0],[112.98365,-25.4931,16.1755],[112.969,-25.49432,39.7093],[112.95948,-25.48252,0.0]]],
[[[113.06935,-25.27646,0.0],[113.07472,-25.26019,10.7827],[113.07667,-25.24228,20.1553],[113.07618,-25.20501,0.0],[113.07984,-25.19052,0.0],[113.09767,-25.15651,25.5405],[113.10336,-25.14039,26.0306],[113.10304,-25.10076,12.7671],[113.10548,-25.07985,18.3781],[113.11427,-25.07098,24.831],[113.11012,-25.06308,12.9227],[113.11061,-25.04469,23.9696],[113.11769,-25.00945,15.9779],[113.08839,-25.02907,0.0],[113.07911,-25.06243,0.0],[113.08302,-25.13665,0.0],[113.07586,-25.16985,0.0],[113.05128,-25.23968,0.0],[113.05567,-25.26279,0.0],[113.05738,-25.26727,0.0],[113.06316,-25.27646,0.0],[113.06935,-25.27646,0.0]]],
[[[113.12094,-24.97405,0.9285],[113.12957,-24.95623,31.6073],[113.15187,-24.92693,1.1918],[113.136,-24.91717,37.7598],[113.13494,-24.89202,29.3604],[113.15846,-24.80169,17.3223],[113.15919,-24.77565,35.5784],[113.15187,-24.75563,0.0],[113.13282,-24.80234,0.0],[113.11085,-24.96111,0.0],[113.11427,-24.96893,0.0],[113.11647,-24.97715,0.0],[113.11769,-24.98577,0.0],[113.11769,-24.99521,13.0196],[113.12094,-24.97405,0.9285]]],
[[[115.4131,-20.83945,13.0708],[115.41538,-20.8362,12.229],[115.42677,-20.82488,17.6208],[115.43043,-20.82236,22.1537],[115.43849,-20.81902,13.8651],[115.43995,-20.81146,11.5656],[115.43922,-20.80234,13.2593],[115.44028,-20.79437,19.9116],[115.46306,-20.76385,10.9159],[115.47047,-20.74619,3.0909],[115.46453,-20.73016,7.5202],[115.45704,-20.716,16.6427],[115.45672,-20.68222,9.2187],[115.45118,-20.66839,0.0],[115.42897,-20.66912,0.0],[115.39942,-20.69378,0.0],[115.3296,-20.77337,0.0],[115.31056,-20.80185,0.0],[115.30242,-20.84319,0.0],[115.2964,-20.85654,0.0],[115.30698,-20.87054,0.0],[115.31813,-20.87274,8.6412],[115.32691,-20.8659,20.9477],[115.33041,-20.85312,15.5347],[115.3357,-20.8497,27.5894],[115.3475,-20.85442,25.6247],[115.35939,-20.86452,3.5543],[115.36524,-20.87689,0.0],[115.39576,-20.8637,5.834],[115.40805,-20.85369,4.4611],[115.4131,-20.83945,13.0708]]],
[[[116.55795,-20.5764,0.0],[116.54895,-20.56824,0.0],[116.53525,-20.58149,0.0],[116.53423,-20.59572,8.7255],[116.52161,-20.59828,0.0],[116.5163,-20.58414,0.0],[116.48092,-20.58822,16.9793],[116.46727,-20.60502,33.6049],[116.475,-20.6132,0.6013],[116.49661,-20.61762,4.5252],[116.53084,-20.61948,4.8378],[116.55614,-20.61791,0.0],[116.56087,-20.59887,0.0],[116.55795,-20.5764,0.0]]],
[[[123.5219,-16.62656,60.755],[123.52524,-16.61826,15.0651],[123.52426,-16.61305,41.2109],[123.51775,-16.61045,62.9182],[123.51051,-16.61509,0.0],[123.50571,-16.6216,9.7015],[123.50384,-16.62599,24.5706],[123.50123,-16.62908,13.4083],[123.48512,-16.61826,36.7333],[123.47397,-16.61785,37.5107],[123.45908,-16.62029,2.8465],[123.45704,-16.62298,0.0],[123.46437,-16.62892,0.0],[123.47177,-16.63275,0.0],[123.47657,-16.63307,0.0],[123.48715,-16.63901,0.0],[123.50457,-16.64243,0.0],[123.51458,-16.63755,55.168],[123.5219,-16.62656,60.755]]],
[[[123.38543,-16.59393,20.1377],[123.38649,-16.58034,25.0881],[123.38168,-16.57399,3.9339],[123.36459,-16.55682,4.9255],[123.35621,-16.54176,6.7289],[123.35564,-16.53875,5.4317],[123.35621,-16.53566,34.7063],[123.35426,-16.53314,8.3516],[123.34929,-16.53387,0.0],[123.34612,-16.54176,0.0],[123.34832,-16.55934,0.0],[123.35873,-16.58139,0.0],[123.37574,-16.59775,0.0],[123.38331,-16.59905,5.5],[123.38543,-16.59393,20.1377]]],
[[[123.3458,-16.44402,0.7321],[123.34775,-16.44183,6.5945],[123.35198,-16.43719,34.5836],[123.35743,-16.43353,8.5359],[123.35597,-16.42978,33.4295],[123.35597,-16.42791,18.1667],[123.35629,-16.4262,24.7655],[123.35621,-16.42295,6.2179],[123.35336,-16.42181,34.3411],[123.35198,-16.41717,0.0],[123.34734,-16.41627,4.1099],[123.34197,-16.42051,0.0],[123.34352,-16.4262,2.6688],[123.34344,-16.42921,0.0],[123.34148,-16.43141,0.0],[123.34319,-16.43629,0.0],[123.34148,-16.44223,0.0],[123.34384,-16.44647,0.0],[123.3458,-16.44402,0.7321]]],
[[[123.12582,-16.43068,0.0],[123.11671,-16.42978,0.0],[123.11305,-16.42807,1.6901],[123.11134,-16.42653,0.0],[123.10784,-16.42238,0.0],[123.10385,-16.41872,0.0],[123.10019,-16.41538,0.0],[123.0962,-16.41692,0.0],[123.09319,-16.42026,0.0],[123.09059,-16.4227,0.0],[123.08774,-16.4249,0.0],[123.09539,-16.43027,0.9293],[123.10174,-16.43108,5.2185],[123.10816,-16.43597,7.8902],[123.12062,-16.43556,13.5292],[123.12761,-16.43597,4.6603],[123.12582,-16.43068,0.0]]],
[[[123.2138,-16.41725,5.0427],[123.21778,-16.41416,0.0],[123.21982,-16.40879,5.6691],[123.22112,-16.4026,0.8694],[123.22039,-16.39634,18.6531],[123.21648,-16.39235,0.0],[123.21103,-16.39788,3.158],[123.20639,-16.40285,2.8935],[123.20314,-16.41066,6.4526],[123.1989,-16.41725,0.0],[123.19923,-16.42409,1.8823],[123.20305,-16.42164,11.9592],[123.20654999999999,-16.42164,1.0397],[123.20729,-16.4214,1.0397],[123.21111,-16.42181,4.5281],[123.2138,-16.41725,5.0427]]],
[[[123.19125,-16.41985,16.4321],[123.19646,-16.41465,10.9518],[123.20265,-16.40529,4.5891],[123.20729,-16.39593,22.6397],[123.2072,-16.39105,4.2919],[123.20216,-16.38901,0.0],[123.19166,-16.38893,0.0],[123.1832,-16.38494,0.0],[123.17595,-16.38478,0.0],[123.16855,-16.38681,0.0],[123.167,-16.38893,0.0],[123.17197,-16.3956,18.3258],[123.17538,-16.40325,0.0],[123.1714,-16.41245,0.0],[123.15968,-16.42116,0.0],[123.15317,-16.42848,0.0],[123.15716,-16.42889,10.1229],[123.16546,-16.42588,3.499],[123.17156,-16.42929,0.0],[123.17547,-16.43271,0.0],[123.18076,-16.43092,0.0],[123.1858,-16.431,8.6507],[123.18963,-16.43027,9.5781],[123.19125,-16.41985,16.4321]]],
[[[124.23805,-16.38201,4.1747],[124.23585,-16.37607,20.8442],[124.23609,-16.37379,32.8918],[124.23512,-16.37103,12.6114],[124.23154,-16.37054,4.8448],[124.23089,-16.36802,4.4845],[124.22625,-16.36419,33.6323],[124.22478,-16.36142,19.3549],[124.22275,-16.3602,44.684],[124.22267,-16.35654,26.0278],[124.22332,-16.34881,25.9232],[124.21648,-16.34686,0.0],[124.21591,-16.34995,0.0],[124.21404,-16.35263,0.0],[124.21404,-16.35801,0.0],[124.21681,-16.3633,0.0],[124.21778,-16.37859,0.0],[124.23308,-16.39039,2.4126],[124.25009,-16.39422,3.6181],[124.25408,-16.38812,40.2273],[124.25441,-16.38234,0.0],[124.25156,-16.38348,35.5195],[124.24676,-16.37737,0.0],[124.24236,-16.37859,0.2048],[124.24041,-16.38291,1.8519],[124.23805,-16.38201,4.1747]]],
[[[123.35255,-16.35304,0.0],[123.34921,-16.3471,3.211],[123.34726,-16.34108,43.5871],[123.34604,-16.33782,0.0],[123.34164,-16.3362,28.2563],[123.33823,-16.33261,0.0],[123.33579,-16.33384,11.7036],[123.32976,-16.34287,0.0],[123.33383,-16.35711,0.0],[123.33823,-16.35923,18.8282],[123.34124,-16.35646,5.4864],[123.34425,-16.35801,0.5161],[123.34881,-16.35947,23.52],[123.35418,-16.36126,0.2092],[123.35939,-16.36297,0.0],[123.35255,-16.35304,0.0]]],
[[[123.62664,-16.35491,1.4338],[123.62688,-16.34466,0.0],[123.62127,-16.34262,0.0],[123.61793,-16.33563,0.0],[123.60564,-16.32692,0.0],[123.60027,-16.32724,0.0],[123.60003,-16.33221,0.0],[123.60532,-16.33986,0.0],[123.61508,-16.34751,40.1756],[123.61883,-16.35084,9.9292],[123.6198,-16.35247,8.6521],[123.62102,-16.35272,13.3259],[123.62322,-16.35499,4.0561],[123.62664,-16.35491,1.4338]]],
[[[123.53915,-16.26108,0.0],[123.53948,-16.25587,17.6516],[123.5372,-16.25758,6.0747],[123.53256,-16.25945,2.433],[123.53102,-16.26198,0.0],[123.52125,-16.26271,0.0],[123.51157,-16.25848,0.0],[123.50636,-16.25775,2.9712],[123.51059,-16.26336,1.7715],[123.51539,-16.26507,4.5824],[123.51726,-16.26922,6.3519],[123.51995,-16.27296,1.7595],[123.52296,-16.27272,20.8511],[123.52345,-16.27606,0.8239],[123.5228,-16.2776,0.0],[123.52377,-16.27825,0.0],[123.52931,-16.27687,21.590699999999998],[123.53419,-16.27101,58.3646],[123.53915,-16.26108,0.0]]],
[[[123.88144,-16.23569,6.0092],[123.87794,-16.23512,26.4865],[123.87827,-16.23952,0.0],[123.87648,-16.24302,0.0],[123.86931,-16.24074,0.0],[123.86264,-16.23691,29.4747],[123.86077,-16.23838,59.3344],[123.87257,-16.24757,0.0],[123.8947,-16.25775,0.0],[123.8978,-16.26539,0.0],[123.90219,-16.26979,38.7407],[123.90496,-16.27077,2.8461],[123.90447,-16.27475,1.7495],[123.91,-16.27858,0.0],[123.92286,-16.28224,7.7134],[123.93491,-16.28045,51.5184],[123.93751,-16.27532,61.6637],[123.9205,-16.26474,5.6924],[123.88144,-16.23569,6.0092]]],
[[[124.11476,-16.23577,51.3741],[124.11443,-16.23089,0.0],[124.11118,-16.2304,0.0],[124.10914,-16.2304,0.0],[124.10939,-16.23561,0.0],[124.10996,-16.23903,2.3115],[124.1041,-16.23846,19.9296],[124.09995,-16.23886,0.0],[124.09677,-16.24261,0.0],[124.0949,-16.24717,0.0],[124.09523,-16.25115,0.0],[124.09905,-16.2527,3.5114],[124.10157,-16.25449,1.9965],[124.1019,-16.25775,0.0],[124.1128,-16.25156,10.1808],[124.12485,-16.25221,21.0825],[124.14243,-16.24863,10.3089],[124.1338,-16.2457,-0.3156],[124.12664,-16.23919,3.7245],[124.11883,-16.23553,0.7212],[124.1163,-16.23927,25.2725],[124.11476,-16.23577,51.3741]]],
[[[123.49692,-16.24424,5.3425],[123.49073,-16.24057,0.0],[123.48308,-16.22886,0.0],[123.48292,-16.22177,31.42],[123.47381,-16.21421,22.9375],[123.46567,-16.21095,5.9723],[123.45753,-16.20957,1.1031],[123.45183,-16.21168,3.3319],[123.44907,-16.21697,0.0],[123.44565,-16.22047,0.0],[123.44801,-16.22584,23.1609],[123.46241,-16.23683,0.0],[123.46803,-16.23789,2.7411],[123.47332,-16.24293,0.0],[123.47486,-16.25148,0.0],[123.48341,-16.26995,0.0],[123.48333,-16.27581,0.0],[123.48203,-16.2798,0.0],[123.48479,-16.28224,0.0],[123.49366,-16.28468,0.0],[123.49692,-16.28436,22.0984],[123.49895,-16.2798,47.4453],[123.50432,-16.27288,25.3545],[123.4992,-16.26596,82.6149],[123.4944,-16.25579,0.0],[123.50327,-16.25205,0.0],[123.52508,-16.2553,53.7286],[123.52735,-16.25294,47.1778],[123.49692,-16.24424,5.3425]]],
[[[123.32927,-16.15097,6.86],[123.32521,-16.14739,14.7969],[123.32244,-16.14853,0.0],[123.32163,-16.1535,2.3075],[123.32366,-16.15805,0.0],[123.32781,-16.15895,0.0],[123.33082,-16.16204,0.0],[123.33172,-16.164,1.1356],[123.33709,-16.16798,0.0],[123.34384,-16.17124,0.0],[123.34474,-16.17067,0.0],[123.3427,-16.16619,4.4143],[123.34547,-16.1657,0.0],[123.35052,-16.16465,1.3742],[123.3506,-16.1631,2.184],[123.34693,-16.16001,27.5773],[123.34881,-16.15748,2.9161],[123.34352,-16.15122,6.111],[123.33546,-16.15285,3.359],[123.33131,-16.15399,17.9375],[123.32927,-16.15097,6.86]]],
[[[123.5145,-16.16465,0.0],[123.51873,-16.16245,18.8347],[123.52312,-16.15887,47.008],[123.52345,-16.15008,28.4335],[123.52231,-16.14365,13.7236],[123.51547,-16.14324,2.0369],[123.51092,-16.14292,0.0],[123.50717,-16.14658,0.0],[123.50351,-16.16009,0.0],[123.50945,-16.16497,7.774],[123.5145,-16.16465,0.0]]],
[[[124.06756,-16.13779,5.6578],[124.0656,-16.13527,0.0],[124.06495,-16.13242,0.0],[124.06251,-16.13185,0.0],[124.06088,-16.1347,0.0],[124.05974,-16.14015,0.0],[124.06235,-16.14463,0.0],[124.06186,-16.14715,0.0],[124.05755,-16.15081,0.0],[124.06023,-16.15447,0.0],[124.0656,-16.15651,0.0],[124.07089,-16.16123,0.0],[124.0809,-16.16595,43.7857],[124.09083,-16.16733,0.0],[124.09344,-16.16294,24.2239],[124.09034,-16.15944,17.6129],[124.08847,-16.15659,10.3971],[124.0888,-16.14983,42.1252],[124.08513,-16.14438,40.993],[124.07496,-16.13665,21.558],[124.07382,-16.13942,37.3181],[124.07244,-16.14039,21.8667],[124.06756,-16.13779,5.6578]]],
[[[123.40244,-16.11826,17.0746],[123.39894,-16.11321,24.1387],[123.39641,-16.10768,0.0],[123.39308,-16.10849,0.0],[123.39365,-16.11517,0.0],[123.39373,-16.11972,27.5366],[123.38901,-16.11956,0.0],[123.38909,-16.12436,0.0],[123.38771,-16.12762,5.5286],[123.38933,-16.13014,0.0],[123.393,-16.13047,0.3251],[123.39584,-16.13502,0.0],[123.39959,-16.13128,42.6147],[123.40276,-16.13047,0.0],[123.40675,-16.12859,0.0],[123.41057,-16.12982,0.0],[123.41139,-16.13128,0.0],[123.41163,-16.13429,0.0],[123.41171,-16.13698,0.0],[123.4166,-16.13437,0.0],[123.41879,-16.12754,7.377],[123.41407,-16.12453,6.2432],[123.41057,-16.12103,21.7705],[123.40244,-16.11826,17.0746]]],
[[[123.72739,-16.11395,19.2548],[123.72332,-16.10955,0.0],[123.71485,-16.10727,0.0],[123.68735,-16.10923,9.6025],[123.6823,-16.11118,3.2402],[123.68409,-16.11476,3.9421],[123.68849,-16.11647,0.0],[123.70004,-16.11745,0.0],[123.73032,-16.13136,0.0],[123.75945,-16.15594,0.0],[123.76913,-16.15846,0.0],[123.76987,-16.15675,5.5935],[123.76515,-16.15195,8.3814],[123.76498,-16.14878,0.6742],[123.77247,-16.15114,0.0],[123.78183,-16.15667,0.0],[123.78663,-16.15586,80.6885],[123.78565999999999,-16.15081,0.0],[123.79298,-16.14438,27.5271],[123.79257,-16.14007,55.8983],[123.78419,-16.13177,85.5635],[123.78533,-16.12241,4.2673],[123.78728,-16.11948,74.2741],[123.78785,-16.11671,63.4275],[123.78028,-16.11484,5.4514],[123.77418,-16.11899,0.0],[123.77149,-16.12412,0.0],[123.73732,-16.11509,33.3774],[123.73089,-16.11541,0.8916],[123.72739,-16.11395,19.2548]]],
[[[124.09523,-16.10483,0.6045],[124.08082,-16.08896,21.0116],[124.06731,-16.08506,8.9846],[124.06617,-16.09002,0.0],[124.063,-16.09718,0.0],[124.05567,-16.10573,0.0],[124.05429,-16.1102,0.0],[124.06365,-16.10874,1.1545],[124.06528,-16.10996,0.0],[124.06105,-16.11517,0.0],[124.05893,-16.12127,0.0],[124.06332,-16.12298,0.0],[124.07097,-16.11728,24.61],[124.07618,-16.11948,0.0],[124.08416,-16.1098,27.8512],[124.08676,-16.10923,7.5307],[124.08692,-16.11191,18.4962],[124.0888,-16.11549,0.0],[124.09449,-16.11574,0.0],[124.09523,-16.10483,0.6045]]],
[[[123.58513,-16.08148,4.0912],[123.58245,-16.08416,0.0],[123.58839,-16.0866,15.3727],[123.59303,-16.09002,0.0],[123.6054,-16.09914,0.0],[123.61459,-16.10215,13.076],[123.62664,-16.10646,7.443],[123.62672,-16.10451,60.1053],[123.63144,-16.10451,4.3283],[123.63445,-16.10076,21.1636],[123.63836,-16.10027,0.0],[123.63624,-16.09694,25.6178],[123.62721,-16.09458,0.0],[123.62013,-16.09043,0.0],[123.60914,-16.08774,21.053],[123.60279,-16.08416,0.0],[123.59913,-16.08416,0.0],[123.59571,-16.08506,0.0],[123.59295,-16.08546,0.0],[123.58513,-16.08148,4.0912]]],
[[[123.39055,-16.05975,20.2112],[123.38868,-16.06097,0.0],[123.38347,-16.06064,12.506],[123.37924,-16.06137,0.0],[123.38746,-16.06601,0.0],[123.40366,-16.06959,0.0],[123.41977,-16.07472,0.0],[123.4214,-16.07317,3.0335],[123.42237,-16.07098,0.0],[123.41741,-16.07252,9.065],[123.40716,-16.06658,54.7194],[123.39845,-16.06292,42.8257],[123.39552,-16.06292,56.3607],[123.39055,-16.05975,20.2112]]],
[[[123.55747,-16.07204,21.1999],[123.54998,-16.06789,0.0],[123.54298,-16.06618,1.1031],[123.53549,-16.05698,0.0],[123.52776,-16.05788,0.0],[123.52223,-16.0652,0.0],[123.52068,-16.06748,0.0],[123.52304,-16.07285,0.0],[123.52345,-16.08001,0.0],[123.52467,-16.08506,0.0],[123.53012,-16.08733,2.6837],[123.53061,-16.09035,0.0],[123.5333,-16.09336,0.0],[123.53728,-16.09043,0.0],[123.54103,-16.08603,30.2559],[123.54493,-16.09205,0.0],[123.54656,-16.09767,0.0],[123.54566,-16.09962,0.0],[123.55494,-16.09279,0.0],[123.54965,-16.0866,91.9725],[123.5525,-16.07537,10.5135],[123.55787,-16.07627,0.0],[123.55747,-16.07204,21.1999]]],
[[[123.29957,-16.03566,0.7983],[123.29453,-16.03688,5.3872],[123.28948,-16.0407,43.7508],[123.28566,-16.04054,0.9618],[123.28126,-16.04054,20.4888],[123.27971,-16.04192,26.9329],[123.27776,-16.0442,0.0],[123.27329,-16.04518,0.0],[123.27345,-16.04811,0.0],[123.27776,-16.05055,0.0],[123.28037,-16.05234,0.0],[123.28858,-16.0499,0.0],[123.30218,-16.04306,0.0],[123.30551,-16.03598,27.7265],[123.30209,-16.03672,8.9735],[123.29957,-16.03566,0.7983]]],
[[[123.52866,-16.02427,20.2012],[123.52768,-16.02044,0.0],[123.51938,-16.0158,0.0],[123.51352,-16.01849,0.0],[123.51588,-16.025,4.2238],[123.51279,-16.02329,4.9566],[123.50888,-16.02239,0.0],[123.51173,-16.0285,0.0],[123.51629,-16.03484,0.0],[123.52508,-16.04331,0.0],[123.52801,-16.04778,0.0],[123.53492,-16.0521,0.0],[123.53883,-16.05478,0.0],[123.53891,-16.04982,2.8055],[123.54412,-16.04762,6.8378],[123.54876,-16.04713,0.0],[123.54884,-16.04225,0.0],[123.54339,-16.03932,0.0],[123.54151,-16.04144,14.5913],[123.54005,-16.03916,10.8602],[123.53956,-16.03655,0.0],[123.53655,-16.03314,17.4328],[123.53297,-16.02866,0.0],[123.52662,-16.03305,30.9348],[123.52573,-16.03094,3.1535],[123.52394,-16.02638,1.0513],[123.52866,-16.02427,20.2012]]],
[[[123.68605,-15.96323,0.0],[123.68914,-15.95753,16.248],[123.69125,-15.95436,9.5564],[123.6963,-15.95021,21.8765],[123.69581,-15.94069,46.3896],[123.69256,-15.93467,6.1406],[123.69068,-15.93149,23.4135],[123.68808,-15.93003,0.0],[123.68727,-15.93743,0.0],[123.68694,-15.94581,0.0],[123.68694,-15.95452,0.0],[123.68271,-15.95924,0.0],[123.68303,-15.96673,0.0],[123.68507,-15.96941,0.0],[123.68605,-15.96323,0.0]]],
[[[124.22679,-15.93713,6.3237],[124.22069,-15.92147,4.8365],[124.21558,-15.92117,6.9059],[124.21209,-15.94134,7.9441],[124.22679,-15.93713,6.3237]]],
[[[124.20283,-15.93655,6.8631],[124.2044,-15.92149,1.8496],[124.19225,-15.9172,0.9307],[124.18875,-15.92704,2.3227],[124.19196,-15.93656,1.5065],[124.19679,-15.95621,9.6109],[124.20346,-15.96738,0.0],[124.23291,-15.96968,5.075],[124.23577,-15.95923,0.7532],[124.22905,-15.95034,2.2117],[124.20733,-15.95559,4.8158],[124.20283,-15.93655,6.8631]]],
[[[124.58806,-15.90537,0.0],[124.58343,-15.90903,0.0],[124.57586,-15.91041,2.1795],[124.57276,-15.90944,0.0],[124.56658,-15.91538,0.0],[124.56479,-15.92571,0.0],[124.56088,-15.92954,0.2413],[124.5547,-15.9297,0.0],[124.54168,-15.93768,2.2825],[124.53858,-15.94655,0.0],[124.53313,-15.95387,14.4766],[124.53028,-15.96819,0.0],[124.53614,-15.96518,0.0],[124.54094,-15.96762,3.1947],[124.54868,-15.96681,8.2306],[124.55315,-15.96453,27.9407],[124.55999,-15.95761,44.7981],[124.56804,-15.95265,8.0745],[124.5735,-15.9533,0.0],[124.57683,-15.95135,0.0],[124.57984,-15.95387,0.0],[124.58269,-15.94915,30.5885],[124.58343,-15.94061,4.2585],[124.58627,-15.93849,4.6386],[124.58717,-15.93434,52.9894],[124.59083,-15.93011,80.9953],[124.59287,-15.92409,52.9745],[124.59278,-15.91969,0.0],[124.59254,-15.9109,16.4551],[124.58806,-15.90537,0.0]]],
[[[124.4603,-15.91595,39.9185],[124.46274,-15.9105,9.6472],[124.46192,-15.90805,10.4682],[124.45973,-15.90708,3.6938],[124.45891,-15.90407,0.0],[124.45696,-15.90171,0.0],[124.45468,-15.90423,0.0],[124.4546,-15.90895,6.8056],[124.44842,-15.91139,0.0],[124.44955,-15.91692,0.0],[124.45012,-15.9227,0.0],[124.44972,-15.92889,0.0],[124.44972,-15.93043,0.0],[124.44907,-15.93231,0.0],[124.44817,-15.93548,0.0],[124.4489,-15.93882,0.0],[124.44557,-15.94752,0.0],[124.4489,-15.95949,0.0],[124.44678999999999,-15.96819,0.0],[124.4489,-15.97064,0.0],[124.44492,-15.97194,0.0],[124.44557,-15.99,0.0],[124.45289,-15.96225,4.4334],[124.45663,-15.95306,52.2082],[124.45753,-15.94752,26.2012],[124.46209,-15.94606,5.5275],[124.46502,-15.94264,4.4691],[124.46388,-15.92978,28.0702],[124.46192,-15.91847,19.9891],[124.45908,-15.92116,17.1899],[124.4603,-15.91595,39.9185]]],
[[[124.27801,-15.3021,27.5771],[124.27166,-15.28265,0.0],[124.26857,-15.28216,0.0],[124.22893,-15.29974,0.0],[124.22511,-15.30446,0.0],[124.22861,-15.32016,5.5464],[124.23382,-15.32204,0.0],[124.25009,-15.30747,13.8358],[124.25563,-15.3056,0.9681],[124.25986,-15.30934,0.0],[124.27068,-15.31178,0.0],[124.27597,-15.31056,9.6353],[124.27801,-15.3021,27.5771]]],
[[[124.44459,-15.29941,23.6564],[124.43181,-15.29217,55.5941],[124.43653,-15.28387,51.6297],[124.44728,-15.27483,2.8776],[124.452,-15.26474,11.6203],[124.44549,-15.25319,0.0],[124.43385,-15.24651,0.0],[124.42286,-15.24619,0.0],[124.41798,-15.25408,3.507],[124.40797,-15.27207,0.0],[124.38413,-15.28118,0.0],[124.33473,-15.29192,0.0],[124.33473,-15.29681,0.0],[124.33619,-15.30006,0.0],[124.34213,-15.30625,0.0],[124.37281,-15.31732,48.6676],[124.37648,-15.31927,23.0762],[124.3851,-15.31552,42.422],[124.3899,-15.30918,44.5941],[124.39308,-15.30283,53.0419],[124.39682,-15.29941,61.4881],[124.40992,-15.30088,8.4086],[124.42075,-15.30641,2.1808],[124.43165,-15.30869,24.619],[124.44459,-15.29941,23.6564]]],
[[[124.56324,-15.25652,0.0],[124.5687,-15.24424,0.0],[124.55201,-15.24944,0.0],[124.50440999999999,-15.27939,0.0],[124.49317,-15.29192,0.0],[124.51417,-15.29192,72.8364],[124.50538,-15.30039,42.4071],[124.50172,-15.30869,15.7195],[124.50245,-15.31715,39.7508],[124.50668,-15.3261,0.0],[124.49562,-15.31585,0.0],[124.48707,-15.31373,0.0],[124.47975,-15.31797,21.0313],[124.47267,-15.3261,0.0],[124.47193,-15.33229,0.0],[124.47299,-15.341,3.178],[124.47055,-15.35101,0.0],[124.45883,-15.36094,0.0],[124.47429,-15.36924,0.0],[124.48569,-15.37762,46.4395],[124.49773,-15.37762,24.2967],[124.51417,-15.36094,34.5228],[124.50668,-15.38144,9.4128],[124.5171,-15.37859,21.5941],[124.52849,-15.36972,0.4931],[124.53777,-15.36777,23.7278],[124.57032,-15.37371,46.0516],[124.58253,-15.37396,23.7918],[124.56707,-15.37933,8.2486],[124.55437,-15.38934,4.4373],[124.53468,-15.41546,0.0],[124.52524,-15.40976,0.0],[124.51775,-15.41326,0.0],[124.51498,-15.42303,0.0],[124.52036,-15.43597,34.432],[124.53126,-15.44036,39.2402],[124.54916,-15.43629,41.8463],[124.63543,-15.40439,143.095],[124.65016,-15.39511,0.0],[124.62794,-15.38738,0.0],[124.60174,-15.34385,64.7158],[124.57569,-15.33294,55.6127],[124.5822,-15.31797,65.2825],[124.57447,-15.30999,0.0],[124.56129,-15.30682,0.0],[124.55144,-15.30625,85.0132],[124.54957,-15.29746,129.6744],[124.56324,-15.25652,0.0]]],
[[[124.83123,-15.28395,33.6679],[124.83448,-15.28029,13.9025],[124.83399,-15.27736,43.2274],[124.83611,-15.27736,2.0897],[124.84344,-15.27475,21.1717],[124.85052,-15.26401,29.465],[124.85247,-15.25872,64.2785],[124.84767,-15.2492,13.6643],[124.84026,-15.24358,1.1095],[124.83334,-15.24025,25.3954],[124.82228,-15.23976,17.193],[124.80714,-15.23146,0.0],[124.8047,-15.23292,0.0],[124.79607,-15.25327,0.0],[124.79184,-15.25856,0.0],[124.78924,-15.26556,0.0],[124.79013,-15.27386,0.0],[124.80462,-15.28411,108.2523],[124.82333,-15.28875,6.035],[124.83123,-15.28395,33.6679]]],
[[[128.19679,-15.17555,0.0],[128.19858,-15.15203,0.7844],[128.19451,-15.12689,49.7121],[128.18678,-15.1076,0.0],[128.18067,-15.10394,0.0],[128.1714,-15.10101,0.0],[128.16261,-15.09726,3.0726],[128.15886,-15.09026,3.0325],[128.15773,-15.08709,4.9702],[128.15203,-15.05242,0.8014],[128.13136,-15.03753,0.0],[128.12379,-15.0486,2.1309],[128.12428,-15.11956,194.5057],[128.12599,-15.1347,27.5116],[128.13396,-15.14658,3.4282],[128.15203,-15.16229,3.8993],[128.16383,-15.16725,3.3403],[128.17408,-15.17409,3.21],[128.1819,-15.1819,3.4911],[128.18678,-15.1902,0.0],[128.19679,-15.17555,0.0]]],
[[[124.93263,-14.96543,45.2153],[124.9319,-14.95469,13.3497],[124.92848,-14.94411,13.6646],[124.92457,-14.93629,27.5995],[124.91717,-14.94411,0.0],[124.91131,-14.95224,0.0],[124.90691,-14.96103,0.0],[124.90398,-14.97039,0.0],[124.88697,-14.95281,6.2468],[124.87143,-14.95672,0.0],[124.86378,-14.97259,0.0],[124.86988,-14.99098,0.0],[124.87469,-14.99212,0.0],[124.89064,-14.98984,0.0],[124.89715,-14.99098,35.2522],[124.90016,-14.9957,0.0],[124.90805,-15.01263,0.0],[124.91147,-15.01824,0.2771],[124.92701,-15.02923,104.2961],[124.93629,-15.02606,56.7066],[124.93979,-15.01393,1.0534],[124.93816,-14.99774,0.0],[124.93385,-14.99603,72.0731],[124.92604,-14.99139,75.0146],[124.92164,-14.98398,22.353],[124.92823,-14.97357,38.6419],[124.93263,-14.96543,45.2153]]],
[[[124.7409,-14.9262,32.2686],[124.74497,-14.91855,0.0],[124.74659,-14.91497,0.5317],[124.74773,-14.90805,6.3514],[124.74195,-14.90895,0.0],[124.73618,-14.90927,3.2032],[124.7339,-14.91123,6.8375],[124.73455,-14.91473,0.0],[124.73528,-14.91562,17.4524],[124.73341,-14.91985,0.0],[124.73341,-14.92734,0.0],[124.73528,-14.93133,5.3366],[124.73715,-14.94289,0.0],[124.7409,-14.9262,32.2686]]],
[[[128.44125,-15.01629,3.5339],[128.43784,-14.98895,0.0],[128.42954,-14.96592,0.0],[128.41619,-14.95623,2.6049],[128.40935,-14.94492,0.0],[128.38494,-14.8917,0.0],[128.37176,-14.87428,0.0],[128.35377,-14.86924,0.0],[128.3484,-14.88299,0.0],[128.35133,-14.93271,0.0],[128.35825,-14.95631,2.5571],[128.41277,-15.01824,2.7273],[128.44068,-15.03875,2.9445],[128.44125,-15.01629,3.5339]]],
[[[128.3143,-14.76206,0.0],[128.31756,-14.76076,0.0],[128.32488,-14.76059,0.0],[128.32993,-14.7597,0.0],[128.33383,-14.7575,0.0],[128.32317,-14.74407,0.0],[128.3178,-14.74342,21.5517],[128.3121,-14.73895,0.0],[128.30169,-14.73537,0.0],[128.29656,-14.73846,52.2625],[128.2999,-14.74676,19.6595],[128.30291,-14.7479,23.9836],[128.30226,-14.75156,4.2245],[128.31259,-14.76401,1.5067],[128.3143,-14.76206,0.0]]],
[[[124.99073,-14.52353,29.9972],[124.99635,-14.51816,57.4877],[124.99651,-14.51214,65.8556],[124.99448,-14.50465,33.266],[124.9935,-14.50026,52.0353],[124.99187,-14.49684,37.6682],[124.98976,-14.49082,0.0],[124.99024,-14.48626,0.0],[124.98715,-14.48797,0.0],[124.98699,-14.49228,0.0],[124.98666,-14.49611,0.0],[124.98219,-14.49749,0.0],[124.9808,-14.49814,0.0],[124.9808,-14.50563,0.0],[124.97763,-14.5075,4.2656],[124.97682,-14.51295,0.0],[124.97901,-14.5193,0.0],[124.97568,-14.52475,0.0],[124.9782,-14.52703,0.0],[124.98146,-14.52524,0.0],[124.98471,-14.52589,2.0382],[124.98886,-14.52931,0.0],[124.99073,-14.52353,29.9972]]],
[[[125.44427,-14.48162,0.0],[125.44418,-14.48504,0.0],[125.45037,-14.49562,3.3197],[125.46111,-14.50612,0.0],[125.47031,-14.51141,0.0],[125.4734,-14.51149,7.4105],[125.48024,-14.50302,80.6114],[125.48593,-14.49204,12.0839],[125.48455,-14.48927,0.6367],[125.48325,-14.48821,8.4341],[125.48211,-14.48471,0.0],[125.47877,-14.48846,0.0],[125.47267,-14.49228,0.0],[125.44427,-14.48162,0.0]]],
[[[125.20875,-14.48162,0.0],[125.20639,-14.47357,0.0],[125.19508,-14.47015,0.0],[125.18678,-14.46933,1.1089],[125.18141,-14.4664,46.4706],[125.17848,-14.46103,25.3337],[125.17774,-14.45281,1.738],[125.17189,-14.44061,0.0],[125.16065999999999,-14.43792,0.0],[125.15284,-14.44378,0.0],[125.15789,-14.45648,12.5853],[125.14088,-14.46697,0.0],[125.12281,-14.48122,0.0],[125.11557,-14.49684,0.0],[125.13054,-14.51116,7.6058],[125.13893,-14.5097,18.424],[125.13551,-14.54127,0.0],[125.13746,-14.55901,0.0],[125.12916,-14.55136,2.6972],[125.11524,-14.54217,0.0],[125.10222,-14.539,0.0],[125.09645,-14.549,3.3092],[125.09474,-14.5792,0.0],[125.08961,-14.60735,0.0],[125.09156,-14.61858,0.0],[125.09645,-14.61981,1.8401],[125.10377,-14.61647,59.775],[125.11345,-14.61419,57.412],[125.12062,-14.61834,62.7923],[125.12713,-14.62802,31.3092],[125.13746,-14.64764,9.0877],[125.14454,-14.64398,16.8756],[125.14991,-14.63844,1.6183],[125.15162,-14.63193,9.154],[125.14763,-14.62412,44.2899],[125.14698,-14.61712,53.0272],[125.15358,-14.61094,92.5582],[125.16139,-14.60784,58.4395],[125.16529,-14.61077,49.0542],[125.16961,-14.6111,37.5283],[125.19288,-14.59588,62.7499],[125.20493,-14.59303,8.2311],[125.19923,-14.5783,6.6771],[125.18141,-14.55283,50.9195],[125.17774,-14.54217,43.9377],[125.1819,-14.53427,43.4264],[125.20053,-14.51043,26.5797],[125.20875,-14.48162,0.0]]],
[[[125.55161,-14.48691,52.9309],[125.55323,-14.48024,25.9365],[125.54192,-14.47625,0.0],[125.54021,-14.47129,22.6311],[125.54575,-14.46022,0.9328],[125.54257,-14.45159,0.1531],[125.53858,-14.44956,0.0],[125.53338,-14.4485,9.2173],[125.53606,-14.44435,18.8036],[125.53793,-14.43825,0.0],[125.53354,-14.43027,3.6807],[125.53232,-14.424,0.0],[125.52923,-14.42433,0.0],[125.51368,-14.44427,0.0],[125.51214,-14.44752,11.8873],[125.51189,-14.45542,2.5705],[125.52044,-14.46404,0.0],[125.52508,-14.48349,2.4268],[125.53159,-14.48854,9.296],[125.53907,-14.48903,0.888],[125.55161,-14.48691,52.9309]]],
[[[124.98113,-14.42457,0.0],[124.98105,-14.42189,0.0],[124.9808,-14.41904,10.6092],[124.97991,-14.40578,23.3359],[124.9839,-14.39975,16.6106],[124.97755,-14.38567,0.0],[124.97421,-14.38177,0.0],[124.97047,-14.38567,0.0],[124.96917,-14.38665,0.0],[124.96819,-14.38974,0.0],[124.96233,-14.39511,0.0],[124.96697,-14.39845,7.388],[124.97527,-14.40114,0.0],[124.97006,-14.41212,0.0],[124.97706,-14.41904,0.0],[124.98024,-14.42466,0.0],[124.98113,-14.42457,0.0]]],
[[[125.9572,-14.372,4.6057],[125.96136,-14.35491,0.0],[125.96534,-14.34995,0.0],[125.97023,-14.34702,14.2776],[125.97234,-14.34409,0.0],[125.97031,-14.33872,0.0],[125.96925,-14.33148,0.0],[125.96754,-14.32586,0.0],[125.96323,-14.32366,5.5625],[125.95794,-14.32448,4.3555],[125.95769,-14.32789,15.3027],[125.95639,-14.33229,0.0],[125.95135,-14.33685,9.0387],[125.94833,-14.34857,28.276],[125.93759,-14.35996,21.6008],[125.93857,-14.36533,1.2866],[125.93588,-14.36956,0.0],[125.92954,-14.37168,0.0],[125.92555,-14.3742,6.5416],[125.938,-14.38226,38.8069],[125.94842,-14.38397,18.1956],[125.9572,-14.372,4.6057]]],
[[[126.00766,-14.30226,0.0],[126.00538,-14.29534,11.1687],[126.00506,-14.28664,45.6616],[126.00123,-14.28484,26.4467],[125.99399,-14.28924,45.764],[125.99187,-14.2973,30.0955],[125.99244,-14.30421,5.3115],[125.98943,-14.30812,77.4722],[125.98878,-14.31268,155.1154],[125.99464,-14.31959,0.0],[125.99863,-14.33139,50.7103],[125.99895,-14.3401,1.4707],[126.01197,-14.34946,2.4437],[126.01808,-14.3471,37.1198],[126.02003,-14.33481,42.1558],[126.02638,-14.33164,0.0],[126.03753,-14.33253,126.9601],[126.04371,-14.32716,62.9892],[126.04029,-14.31854,61.0062],[126.03207,-14.31072,13.0165],[126.02312,-14.30421,39.2036],[126.01686,-14.30348,0.0],[126.01262,-14.30535,0.0],[126.00766,-14.30226,0.0]]],
[[[125.30413,-14.28769,10.6108],[125.31031,-14.27817,10.3954],[125.31072,-14.27345,1.4526],[125.30029999999999,-14.27207,0.0],[125.29615,-14.27028,0.0],[125.29233,-14.27077,0.0],[125.2916,-14.27451,0.0],[125.28818,-14.27671,0.0],[125.28915,-14.28712,10.6912],[125.29575,-14.28826,0.7545],[125.29965,-14.29323,0.0],[125.30413,-14.28769,10.6108]]],
[[[125.70476,-14.13657,17.1709],[125.70265,-14.12412,14.4241],[125.70297,-14.1172,3.6647],[125.69825,-14.11696,18.3129],[125.69427,-14.11175,11.1083],[125.69093,-14.11435,0.0],[125.6928,-14.11818,0.0],[125.69516,-14.1312,0.0],[125.69427,-14.13917,11.0605],[125.69776,-14.14357,0.0],[125.6989,-14.14674,0.0],[125.70476,-14.13657,17.1709]]],
[[[125.63202,-13.94368,13.6394],[125.63162,-13.93661,2.8271],[125.63526,-13.93112,0.0],[125.6304,-13.92877,2.041],[125.62313,-13.93544,3.5626],[125.62555,-13.94289,21.3045],[125.62717,-13.94996,3.5272],[125.62757,-13.96016,0.5361],[125.63242,-13.95937,0.0],[125.63445,-13.95466,4.9531],[125.64617,-13.95151,1.3172],[125.64415,-13.94445,5.3451],[125.63849,-13.94446,0.0],[125.63202,-13.94368,13.6394]]],
[[[126.31324,-13.92278,0.8155],[126.31593,-13.91741,0.0],[126.3156,-13.90146,0.0],[126.30926,-13.89983,0.271],[126.30315,-13.90838,0.0],[126.30218,-13.91985,0.3444],[126.30624,-13.92693,0.0],[126.31324,-13.92278,0.8155]]],
[[[126.61085,-13.89422,7.8654],[126.5857,-13.88421,0.0],[126.55397,-13.87526,6.207],[126.5232,-13.87086,7.7854],[126.50099,-13.87371,0.0],[126.50563,-13.88983,5.2791],[126.50782,-13.89422,8.3421],[126.51515,-13.90488,4.6034],[126.52589,-13.90374,0.0],[126.53956,-13.89788,8.132],[126.55567,-13.89422,9.4332],[126.5713,-13.89691,13.1773],[126.58562,-13.90211,0.0],[126.59864,-13.90521,3.2361],[126.61085,-13.90106,12.6297],[126.61085,-13.89422,7.8654]]],
[[[126.9782,-13.754,0.0],[126.95289,-13.72357,0.0],[126.92774,-13.73089,0.0],[126.91553999999999,-13.73594,0.0],[126.90504,-13.74334,0.0],[126.91285,-13.74578,0.3313],[126.93238,-13.75758,0.4524],[126.91375,-13.76393,0.0],[126.8978,-13.75644,0.0],[126.88185,-13.74578,0.0],[126.86354,-13.74334,0.0],[126.84539,-13.75433,0.0],[126.84645,-13.76898,0.0],[126.85963,-13.78289,8.3115],[126.87721,-13.79176,12.8182],[126.87721,-13.79803,1.6264],[126.86411,-13.79803,0.0],[126.85328,-13.80096,12.6447],[126.84588,-13.80755,5.7246],[126.84303,-13.81854,5.1168],[126.83277,-13.81609,10.5726],[126.82325,-13.81227,9.2683],[126.82789,-13.79111,9.791],[126.82276,-13.77646,0.0],[126.81446,-13.76832,0.5865],[126.81007,-13.76767,0.0],[126.80291,-13.78004,4.5694],[126.78541,-13.78737,1.7363],[126.76466,-13.79079,4.2202],[126.74741,-13.79176,4.1571],[126.75554,-13.80495,0.0],[126.76783,-13.84637,2.5164],[126.77369,-13.85516,12.1184],[126.792,-13.87713,5.7],[126.79575,-13.88397,0.0],[126.79689,-13.8987,0.0],[126.80055,-13.91286,0.0],[126.80787,-13.92352,8.7205],[126.81983,-13.92767,0.0],[126.83473,-13.92889,0.0],[126.84474,-13.93271,9.8281],[126.85157,-13.93939,0.4212],[126.85727,-13.9494,0.0],[126.83107,-13.94345,0.0],[126.81821,-13.94264,2.1891],[126.81007,-13.9494,0.0],[126.81324,-13.95696,0.1569],[126.82407,-13.96331,1.1526],[126.84303,-13.9699,0.682],[126.82976,-13.9826,4.4695],[126.81658,-13.98235,0.3257],[126.78891,-13.9699,1.5485],[126.78826,-13.97259,2.6548],[126.77426,-13.9747,0.0],[126.76173,-13.9699,0.0],[126.75123,-13.98073,3.4401],[126.74741,-13.99041,0.0],[126.73414,-13.98984,0.0],[126.71323,-13.98333,2.2146],[126.7072,-13.98358,5.2565],[126.70004,-13.99383,0.0],[126.70118,-14.00709,7.9269],[126.70851,-14.02068,7.9112],[126.72023,-14.03191,0.0],[126.73194,-14.02272,0.0],[126.73715,-14.01775,0.0],[126.74122,-14.01092,1.5438],[126.74741,-14.01092,0.9278],[126.7444,-14.02988,0.0],[126.7339,-14.04485,0.0],[126.72682,-14.05836,0.0],[126.73373,-14.07293,0.0],[126.72039,-14.08611,0.0],[126.70484,-14.1181,0.0],[126.69272,-14.12078,0.0],[126.688,-14.11533,0.8446],[126.68336,-14.09482,0.0],[126.67905,-14.08538,0.0],[126.67359,-14.08034,0.0],[126.6587,-14.07138,0.0],[126.65187,-14.06609,0.0],[126.64723,-14.07781,6.6435],[126.6517,-14.08717,17.145],[126.65699,-14.09531,8.9131],[126.65528,-14.10312,10.1639],[126.64731,-14.11419,0.0],[126.64698,-14.1233,0.0],[126.64991,-14.13258,1.4651],[126.65187,-14.14398,14.1733],[126.64674,-14.15814,0.0],[126.63453,-14.16497,0.0],[126.62086,-14.1692,0.0],[126.61085,-14.17539,0.0],[126.60532,-14.18727,0.0],[126.60328,-14.2011,0.0],[126.60353,-14.23008,0.0],[126.59156,-14.21746,1.4978],[126.58286,-14.21404,1.2666],[126.57594,-14.20989,0.0],[126.56918,-14.19525,0.0],[126.5687,-14.18279,0.0],[126.57203,-14.15163,5.3815],[126.56918,-14.14056,0.0],[126.55885,-14.13494,0.0],[126.54835,-14.13942,0.0],[126.53614,-14.14617,0.0],[126.52149,-14.14739,0.0],[126.51393,-14.14137,0.0],[126.5018,-14.12029,0.0],[126.49366,-14.11338,5.366],[126.52768,-14.07293,0.0],[126.51596,-14.06911,0.0],[126.48341,-14.08148,0.0],[126.46274,-14.08538,0.0],[126.4533,-14.07757,5.0268],[126.46502,-14.05983,3.7411],[126.49366,-14.03191,0.0],[126.49635,-14.02361,0.0],[126.50099,-13.99725,9.9821],[126.50636,-13.99179,8.2389],[126.51319,-13.98854,4.9708],[126.51904999999999,-13.98366,10.1684],[126.52149,-13.97357,14.945],[126.52687,-13.96347,11.3839],[126.54005,-13.95371,14.5123],[126.55584,-13.94598,0.0],[126.56918,-13.94199,5.2545],[126.54184,-13.93239,0.0],[126.52752,-13.92897,0.0],[126.51694,-13.93743,0.0],[126.50099,-13.96307,0.0],[126.48813,-13.97942,0.0],[126.46998,-13.99196,0.0],[126.44996,-13.99179,0.0],[126.43214,-13.9699,0.0],[126.42164,-13.98235,0.0],[126.39031,-14.00506,4.6878],[126.37721,-14.04266,0.0],[126.36166,-14.04534,0.0],[126.3436,-14.04551,0.0],[126.32911,-14.05926,0.0],[126.33351,-14.06308,0.0],[126.33855,-14.06959,0.0],[126.34327,-14.07293,0.0],[126.32455,-14.08017,0.0],[126.31593,-14.08685,0.0],[126.31227,-14.09677,0.0],[126.30926,-14.11338,0.0],[126.29802,-14.12737,0.0],[126.29371,-14.13649,0.0],[126.29868,-14.14056,0.0],[126.3073,-14.1408,9.0737],[126.31373,-14.14186,1.9097],[126.31935,-14.14511,0.0],[126.33595,-14.16155,9.1923],[126.34547,-14.17425,2.1815],[126.34506,-14.18467,0.0],[126.3108,-14.19232,0.0],[126.30201,-14.20127,0.0],[126.29762,-14.21429,0.0],[126.29558,-14.23008,3.1337],[126.28883,-14.23008,6.9459],[126.28207,-14.20859,0.0],[126.27149,-14.20827,12.2373],[126.25929,-14.21705,0.0],[126.24773,-14.22324,0.0],[126.24366,-14.22161,0.0],[126.22975,-14.21494,0.0],[126.22657,-14.21299,2.8227],[126.22804,-14.20485,4.1566],[126.23178,-14.20322,2.34],[126.23732,-14.20281,6.0702],[126.24399,-14.19891,0.0],[126.24147,-14.18515,0.0],[126.21453,-14.17547,0.0],[126.19109,-14.1596,5.3507999999999996],[126.19996,-14.12689,0.0],[126.18035,-14.13323,17.4735],[126.18751,-14.12249,72.5922],[126.21363,-14.0997,0.0],[126.21225,-14.08148,17.6237],[126.19825,-14.07781,0.0],[126.16586,-14.08538,36.1114],[126.16871,-14.07057,36.0919],[126.16489,-14.05779,30.8052],[126.16912,-14.049,118.6351],[126.1963,-14.04567,35.6751],[126.2142,-14.03965,30.988],[126.2107,-14.02663,93.0819],[126.19239,-14.01442,94.7577],[126.16586,-14.01092,0.8772],[126.1784,-13.99538,0.0],[126.20965,-13.97682,76.6809],[126.22047,-13.95623,0.0],[126.19239,-13.96551,0.0],[126.18165,-13.9708,0.0],[126.17213,-13.97731,0.0],[126.14324,-14.00254,19.6136],[126.12843,-14.01214,1.9542],[126.11061,-14.01775,0.0],[126.11557,-14.00172,73.327],[126.12477,-13.98707,40.1476],[126.13697,-13.97584,95.5338],[126.15162,-13.9699,30.4894],[126.15162,-13.96307,0.0],[126.14576,-13.96185,0.0],[126.13608,-13.95778,0.0],[126.13038,-13.95623,11.2349],[126.1443,-13.94134,76.4294],[126.14959,-13.93279,36.779],[126.15162,-13.92213,3.3269],[126.13844,-13.93092,29.5161],[126.12924,-13.93206,0.0],[126.12013,-13.92946,0.0],[126.09156,-13.92539,49.4746],[126.09213,-13.91888,0.0],[126.09938,-13.90927,0.0],[126.10377,-13.89764,0.0],[126.0984,-13.88738,0.0],[126.08644,-13.88942,0.0],[126.07447,-13.8991,0.0],[126.0691,-13.91155,0.0],[126.06642,-13.92767,1.846],[126.06007,-13.93182,0.0],[126.03142,-13.92474,49.5647],[126.02027,-13.92059,0.0],[126.01734,-13.92205,0.0],[126.02801,-13.9358,0.0],[126.0359,-13.94232,33.1697],[126.07504,-13.96233,39.1786],[126.08188,-13.96453,64.141],[126.08595,-13.96941,24.791],[126.0901,-13.98358,0.0],[126.09148,-13.99603,0.0],[126.09099,-14.00709,1.4011],[126.09156,-14.01686,2.1592],[126.09636,-14.02508,74.9986],[126.07407,-14.02606,0.0],[126.04737,-13.98406,0.0],[126.03492,-13.99041,9.2346],[126.03297,-14.00433,0.0],[126.03517,-14.01824,0.0],[126.03386,-14.0285,11.829],[126.02052,-14.03191,0.0],[126.01002,-14.02606,18.7092],[125.99236,-13.99969,0.0],[125.98024,-13.99041,0.0],[125.97901,-14.00091,73.9697],[125.97389,-14.01344,0.0],[125.97283,-14.02142,0.0],[125.97495,-14.03094,0.0],[125.98422,-14.04567,69.256],[125.9865,-14.0556,0.0],[125.99244,-14.07147,0.0],[126.0066,-14.07822,0.0],[126.10711,-14.07952,5.1652],[126.13445,-14.0949,74.9687],[126.15162,-14.13372,13.6155],[126.14039,-14.143,0.0],[126.14186,-14.15846,12.6296],[126.14633,-14.17693,0.0],[126.14479,-14.19525,0.0],[126.14129,-14.19549,0.0],[126.11671,-14.2164,0.0],[126.10816,-14.2208,0.0],[126.10206,-14.22243,0.0],[126.07179,-14.22666,0.0],[126.063,-14.23561,0.0],[126.06153,-14.24782,0.0],[126.06227,-14.261,33.1974],[126.0643,-14.27044,2.1879],[126.07374,-14.2868,17.7135],[126.07586,-14.2951,12.6149],[126.07423,-14.30283,0.0],[126.06568,-14.3117,0.0],[126.06227,-14.31943,0.0],[126.06267,-14.3305,0.0],[126.06446,-14.34157,0.0],[126.06088,-14.35003,0.0],[126.03492,-14.35565,0.0],[126.01677,-14.36492,0.0],[126.011,-14.36712,0.0],[126.01173,-14.37078,0.0],[125.99969,-14.3777,0.0],[125.98569,-14.38291,0.0],[125.98024,-14.38079,33.0028],[125.97828,-14.39381,11.3631],[125.98211,-14.40081,9.674],[125.98845,-14.40455,7.1762],[125.99391,-14.40879,8.1105],[126.0018,-14.41627,0.4014],[126.00847,-14.41912,0.0],[126.01287,-14.42441,0.0],[126.01441,-14.43914,0.0],[126.01759,-14.44769,0.0],[126.03175,-14.46258,8.7331],[126.03492,-14.47357,0.0],[126.03696,-14.48553,0.0],[126.04054,-14.49749,0.0],[126.04127,-14.50872,0.0],[126.03492,-14.51865,0.0],[126.0267,-14.51995,0.0],[126.01124,-14.5097,0.0],[126.00074,-14.51116,0.0],[125.99708,-14.51963,0.0],[125.99928,-14.53094,0.0],[125.99781,-14.54111,0.0],[125.98341,-14.54534,0.4246],[125.97901,-14.54192,0.0],[125.96811,-14.52646,19.3388],[125.96599,-14.52166,0.7406],[125.95965,-14.51979,5.446],[125.92506,-14.51865,0.0],[125.9201,-14.52597,0.0],[125.91603,-14.53753,0.0],[125.91188,-14.55901,0.0],[125.90984,-14.56048,0.0],[125.90561,-14.56414,0.0],[125.90382,-14.56951,8.3566],[125.90821,-14.57635,8.1905],[125.91863,-14.58571,0.0],[125.92311,-14.59149,5.4898],[125.92506,-14.59686,3.7033],[125.91814,-14.63779,0.0],[125.90943,-14.63942,0.0],[125.88966,-14.62689,52.6993],[125.8567,-14.60052,0.0],[125.84799,-14.60101,13.569],[125.83985,-14.59482,107.7485],[125.83302,-14.58457,0.0],[125.82887,-14.57317,2.4533],[125.83107,-14.56211,62.5488],[125.83717,-14.55283,4.602],[125.83725,-14.5451,0.0],[125.82203,-14.53916,7.4076],[125.82203,-14.53167,87.3013],[125.83302,-14.51946,0.0],[125.81723,-14.48431,172.2155],[125.83253,-14.47698,69.0435],[125.84213,-14.47405,118.8844],[125.84897,-14.46673,147.0887],[125.84995,-14.45761,0.0],[125.84254,-14.44915,0.0],[125.83351,-14.44817,0.0],[125.8274,-14.45428,0.0],[125.82211,-14.4612,0.0],[125.81577,-14.46331,0.0],[125.80519,-14.45957,20.4528],[125.80356,-14.45696,25.0453],[125.80633,-14.45322,22.0604],[125.80836,-14.44598,-0.0786],[125.80519,-14.43792,0.0],[125.79811,-14.43483,0.0],[125.79103,-14.43719,0.0],[125.78785,-14.44598,0.0],[125.78224,-14.45745,0.0],[125.76824,-14.46356,0.0],[125.73316,-14.47015,2.9484],[125.74415,-14.44476,4.8715],[125.74342,-14.43499,14.0469],[125.73316,-14.42929,6.6163],[125.74106,-14.41041,3.7796],[125.73292,-14.39853,0.0],[125.71957,-14.40097,0.0],[125.71274,-14.42588,0.0],[125.7107,-14.47088,0.0],[125.70574,-14.49432,0.0],[125.69606,-14.50433,0.0],[125.65235,-14.62225,0.0],[125.63771,-14.6347,6.9382],[125.63697,-14.59808,18.4522],[125.68434,-14.50677,5.6486],[125.68198,-14.47357,9.8426],[125.67262,-14.45827,29.0069],[125.65805,-14.36028,16.7324],[125.65968,-14.35491,17.2349],[125.66285,-14.3484,14.2612],[125.66358,-14.34108,4.0124],[125.65805,-14.3331,4.3175],[125.67262,-14.32545,11.372],[125.68141,-14.33001,12.9753],[125.68873,-14.33766,3.8715],[125.69907,-14.33994,8.1254],[125.71095,-14.33367,19.6182],[125.71844,-14.32431,0.0],[125.71941,-14.3139,0.3926],[125.71274,-14.30511,13.519],[125.72657,-14.27947,0.979],[125.73316,-14.27093,0.0],[125.72706,-14.26483,0.0],[125.71876,-14.27068,0.0],[125.71274,-14.27663,0.0],[125.70875,-14.28346,0.0],[125.70654999999999,-14.29144,0.0],[125.69361,-14.27988,0.0],[125.66529,-14.26426,0.6932],[125.65805,-14.25042,0.0],[125.65187,-14.25042,0.9119],[125.65187,-14.25726,3.8569],[125.64438,-14.25726,0.0],[125.63526,-14.23154,0.0],[125.61817,-14.22373,0.0],[125.6058,-14.22926,0.0],[125.61036,-14.24358,6.1227],[125.59457,-14.23992,0.0],[125.58562,-14.2457,0.0],[125.58546,-14.25563,0.0],[125.59669,-14.26483,51.6578],[125.59669,-14.27093,8.512],[125.58497,-14.28769,0.0],[125.58644,-14.30804,24.1266],[125.59205,-14.32627,24.1728],[125.59303,-14.33652,0.0],[125.58839,-14.35101,0.0],[125.59767,-14.36728,37.2021],[125.61061,-14.38445,6.0261],[125.6172,-14.4013,0.448],[125.615,-14.41009,0.0],[125.60572,-14.4332,5.0264],[125.59669,-14.48724,0.0],[125.59799,-14.49358,4.0129],[125.60328,-14.49961,0.0],[125.60353,-14.50433,0.0],[125.60035,-14.50888,0.0],[125.59571,-14.51043,0.0],[125.59116,-14.51051,0.0],[125.5892,-14.51116,0.0],[125.58383,-14.52654,6.8733],[125.58399,-14.53476,22.5526],[125.5892,-14.54534,55.7147],[125.57618,-14.55039,26.8969],[125.55779,-14.55397,0.0],[125.53956,-14.55332,0.0],[125.52784,-14.54534,2.1097],[125.53224,-14.53802,74.2254],[125.54469,-14.52744,78.2384],[125.55543,-14.51385,6.0408],[125.55502,-14.49749,0.0],[125.55055,-14.49651,0.0],[125.53248,-14.49774,0.0],[125.52442,-14.49407,0.0],[125.51694,-14.48846,0.0],[125.50929,-14.48577,0.0],[125.50131,-14.48626,0.0],[125.49366,-14.49066,0.0],[125.48658,-14.50302,5.0742],[125.48715,-14.51751,0.0],[125.49366,-14.54534,0.0],[125.46632,-14.52483,0.0],[125.4629,-14.53395,0.0],[125.4629,-14.54176,0.0],[125.46616,-14.54811,6.2682],[125.47315999999999,-14.55283,42.7487],[125.46485,-14.56072,0.0],[125.45997,-14.57049,0.0],[125.45826,-14.58148,79.5936],[125.45948,-14.59303,25.0405],[125.44264,-14.58929,0.0],[125.43963,-14.59881,62.1774],[125.44516,-14.62038,0.0],[125.44068,-14.63665,44.0697],[125.43946,-14.63885,41.4621],[125.438,-14.63193,5.6396],[125.40431,-14.55316,71.1447],[125.39064,-14.53916,0.0],[125.38819,-14.55999,0.0],[125.37371,-14.57391,0.0],[125.35564,-14.5875,14.22],[125.34278,-14.60735,33.237],[125.35222,-14.58278,13.0844],[125.35524,-14.57049,23.315],[125.35646,-14.50433,0.0],[125.34767,-14.49871,0.0],[125.34108,-14.50311,0.0],[125.33692,-14.51426,82.7119],[125.33351,-14.54315,0.0],[125.32895,-14.55047,0.0],[125.32244,-14.55804,0.0],[125.31479,-14.57317,17.254],[125.3086,-14.57317,53.8182],[125.29054,-14.56618,0.0],[125.26588,-14.57562,0.0],[125.24366,-14.59417,0.0],[125.23292,-14.61419,0.0],[125.23902,-14.63152,27.6859],[125.25807,-14.63275,0.0],[125.28159,-14.62982,0.573],[125.30128,-14.6347,15.7438],[125.28435,-14.64902,0.0],[125.27149,-14.65081,0.0],[125.26319,-14.65374,0.0],[125.26026,-14.67156,20.2964],[125.2531,-14.67295,0.0],[125.21778,-14.66383,0.0],[125.20493,-14.66815,35.1701],[125.20135,-14.68499,7.9699],[125.21144,-14.70086,0.0],[125.19508,-14.70233,0.0],[125.18873,-14.70078,0.0],[125.18531,-14.69834,0.0],[125.18165,-14.69883,0.0],[125.17457,-14.70599,0.0],[125.174,-14.71307,0.0],[125.17726,-14.72096,0.0],[125.1775,-14.72747,0.0],[125.16847,-14.73024,0.0],[125.15659,-14.72869,0.0],[125.1443,-14.72845,0.0],[125.136,-14.73594,0.0],[125.13746,-14.7575,20.12],[125.14137,-14.75986,0.0],[125.1482,-14.7597,12.5036],[125.15496,-14.76287,27.0461],[125.15789,-14.775,0.0],[125.1609,-14.77842,0.0],[125.16814,-14.77679,26.6955],[125.18141,-14.77191,70.129],[125.18873,-14.77939,6.3126],[125.19142,-14.8327,42.7353],[125.20216,-14.84482,0.0],[125.22771,-14.85019,25.0813],[125.23292,-14.86053,0.0],[125.26759,-14.85622,61.8551],[125.29762,-14.86834,71.1465],[125.30885,-14.88502,0.0],[125.28761,-14.89471,0.0],[125.29396,-14.90602,0.0],[125.29477,-14.91473,0.0],[125.28972,-14.9201,0.0],[125.27735,-14.92205,0.0],[125.26319,-14.91912,13.6979],[125.25782,-14.91237,27.73],[125.2562,-14.90545,14.5724],[125.25343,-14.90154,0.0],[125.24464,-14.9013,0.0],[125.22722,-14.90691,44.1528],[125.21583,-14.90838,0.0],[125.21209,-14.91277,0.0],[125.20899,-14.9223,0.0],[125.20427,-14.93206,0.0],[125.19508,-14.93629,0.0],[125.18295,-14.93914,0.0],[125.18678,-14.94549,0.0],[125.19703,-14.95233,13.4068],[125.20493,-14.95623,0.0],[125.21412,-14.9581,19.9938],[125.21827,-14.95566,35.2851],[125.22169,-14.95192,36.6023],[125.22926,-14.94997,61.0209],[125.23813,-14.95281,13.0485],[125.24285,-14.96608,0.0],[125.25343,-14.97039,8.5215],[125.25571,-14.96771,21.661],[125.26417,-14.96201,6.1995],[125.27573,-14.95696,13.2551],[125.28761,-14.95623,36.1672],[125.27768,-14.96795,0.0],[125.27369,-14.97617,0.0],[125.27394,-14.98406,0.0],[125.28094,-14.99342,0.0],[125.28858,-14.9944,55.1751],[125.2977,-14.99196,110.0035],[125.3086,-14.99098,136.1018],[125.30763,-14.98968,136.1018],[125.31129,-14.98724,187.0528],[125.31715,-14.98512,163.36],[125.32163,-14.98406,129.8321],[125.32691,-14.98642,88.6973],[125.32993,-14.99627,0.0],[125.3353,-14.99774,0.0],[125.34653,-14.99627,137.8262],[125.3545,-14.99391,283.6068],[125.36695,-15.0084,0.0],[125.38404,-15.01393,147.3766],[125.41749,-15.00221,104.2191],[125.42954,-15.00905,176.879],[125.43084,-15.01971,0.0],[125.40577,-15.02842,0.0],[125.38893,-15.0429,0.0],[125.38063,-15.04616,0.0],[125.3694,-15.04778,0.0],[125.36647,-15.05145,0.0],[125.36948,-15.05983,11.5822],[125.37281,-15.06504,147.2326],[125.38014,-15.06609,98.9385],[125.38738,-15.06813,6.3839],[125.39064,-15.07659,0.0],[125.38746,-15.0818,0.0],[125.38038,-15.08408,0.0],[125.3733,-15.08506,0.0],[125.36948,-15.08652,0.0],[125.3694,-15.09645,0.0],[125.37379,-15.1076,0.0],[125.38209,-15.11688,91.4731],[125.39404999999999,-15.1207,56.3478],[125.42514,-15.11614,88.7518],[125.43067,-15.12054,54.6523],[125.43214,-15.13795,4.6273],[125.41993,-15.14935,0.0],[125.35711,-15.13649,0.0],[125.32911,-15.14121,0.0],[125.32879,-15.15276,0.0],[125.3108,-15.15065,0.0],[125.28826,-15.14056,0.0],[125.27394,-15.12811,188.2238],[125.27906,-15.11989,204.9219],[125.28175,-15.11338,110.1656],[125.28077,-15.1076,49.2626],[125.26222,-15.08929,0.0],[125.25571,-15.08506,2.94],[125.24985,-15.07822,0.0],[125.24659,-15.06609,0.0],[125.22975,-15.07269,22.27],[125.22202,-15.06707,73.3431],[125.21559,-15.05755,0.0],[125.20191,-15.05242,0.0],[125.18588,-15.05071,0.0],[125.17262,-15.04453,38.9295],[125.16505,-15.032,31.8856],[125.16529,-15.01141,0.0],[125.14576,-15.02801,0.0],[125.14796,-15.04485,33.1142],[125.15886,-15.06276,30.4741],[125.17612,-15.11631,24.4269],[125.17457,-15.12444,0.0],[125.16896,-15.13323,0.0],[125.16627,-15.14186,0.0],[125.16725,-15.14983,6.1317],[125.17156,-15.15602,3.8849],[125.16529,-15.16229,3.1136],[125.15431,-15.15032,50.1636],[125.14047,-15.12038,0.0],[125.13404,-15.11443,67.7122],[125.13282,-15.10784,59.4416],[125.11687,-15.06951,16.272],[125.11899,-15.06048,23.6604],[125.1233,-15.05527,63.259],[125.12615,-15.04949,76.4644],[125.12371,-15.03875,0.0],[125.12135,-15.03769,0.0],[125.11541,-15.03289,0.0],[125.11036,-15.02752,0.0],[125.11004,-15.02508,0.0],[125.0984,-15.02907,0.0],[125.08741,-15.0512,0.0],[125.07594,-15.05983,6.8354],[125.0691,-15.02508,0.0],[125.0617,-15.03191,0.0],[125.06324,-15.0136,123.3979],[125.08318,-14.99326,9.3377],[125.08204,-14.97666,0.0],[125.07228,-14.96852,0.0],[125.05958,-14.97234,0.0],[125.04802,-14.98187,0.0],[125.04176,-14.99098,84.2847],[125.02361,-14.97674,0.0],[125.01344,-14.9721,0.0],[125.00017,-14.97039,0.0],[125.00807,-14.98455,0.0],[125.01197,-15.00514,0.0],[125.01271,-15.0237,0.0],[125.01043,-15.03191,0.0],[125.02784,-15.04095,50.7924],[125.0315,-15.06162,3.0796],[125.0276,-15.08457,0.0],[125.02125,-15.10027,0.0],[125.01303,-15.08465,0.0],[124.99708,-15.09791,0.0],[124.97291,-15.13494,4.4249],[124.95997,-15.11989,13.1868],[124.95248,-15.1159,0.0],[124.93067,-15.11224,0.0],[124.917,-15.10247,0.0],[124.90773,-15.10027,0.0],[124.89666,-15.1015,0.0],[124.88364,-15.10475,0.0],[124.87159,-15.10931,0.0],[124.86305,-15.11443,0.0],[124.86052,-15.11891,0.0],[124.85808,-15.13128,0.0],[124.85621,-15.13494,0.0],[124.84352,-15.14153,0.0],[124.84197,-15.14121,0.0],[124.83424,-15.16473,0.0],[124.84506,-15.16725,43.5709],[124.8615,-15.16286,46.4877],[124.86988,-15.16595,24.9027],[124.86817,-15.17441,40.4791],[124.85987,-15.18621,0.0],[124.85621,-15.19508,0.0],[124.85678,-15.1985,0.0],[124.85792,-15.2195,0.0],[124.85621,-15.22991,0.0],[124.86305,-15.22991,0.0],[124.86988,-15.21624,0.0],[124.87672,-15.22373,22.6282],[124.87224,-15.22861,6.8248],[124.87013,-15.23382,9.8724],[124.86988,-15.25042,0.0],[124.88722,-15.23968,11.4379],[124.9319,-15.20322,65.1309],[124.95493,-15.19183,98.5485],[124.96266,-15.1902,31.2803],[124.96363,-15.18629,64.5923],[124.97389,-15.16806,0.0],[124.97975,-15.16229,19.1922],[124.9817,-15.17254,1.2952],[124.98634,-15.17848,1.4395],[124.99366,-15.18141,54.8742],[125.00359,-15.18206,55.12],[125.00587,-15.1775,56.5275],[125.01385,-15.14861,18.4633],[125.02508,-15.15301,7.0775],[125.04672,-15.15838,0.0],[125.05543,-15.16229,4.8578],[125.02573,-15.20371,0.0],[125.00652,-15.22129,0.0],[124.98992,-15.21998,0.0],[124.97682,-15.20778,0.0],[124.97055,-15.20778,14.3493],[124.96559,-15.21307,30.239],[124.94793,-15.21795,0.0],[124.93621,-15.22259,0.0],[124.92465,-15.22926,0.0],[124.91774,-15.2374,1.0999],[124.92465,-15.24717,17.2851],[124.91871,-15.25302,0.0],[124.90699,-15.25775,14.4975],[124.89715,-15.26474,38.5702],[124.88746,-15.27549,0.0],[124.88453,-15.28045,0.0],[124.88347,-15.28867,0.0],[124.88526,-15.29681,36.105],[124.88933,-15.29803,106.5974],[124.89381,-15.2973,112.9491],[124.89715,-15.29941,103.1312],[124.90162,-15.32236,0.0],[124.90659,-15.33318,1.5455],[124.91774,-15.33978,9.2316],[124.92888,-15.33815,123.4015],[124.95151,-15.32301,183.8911],[124.98439,-15.31219,105.7582],[125.02662,-15.28395,60.7278],[125.0381,-15.28143,30.0955],[125.05258,-15.29323,22.4497],[125.07293,-15.30446,117.1789],[125.09051,-15.30511,8.0392],[125.09645,-15.28525,0.0],[125.10401,-15.29876,6.138],[125.11443,-15.30869,7.6396],[125.12761,-15.31373,8.6235],[125.1443,-15.31308,8.5209],[125.1443,-15.31927,6.4553],[125.12924,-15.32236,8.3172],[125.11305,-15.32928,8.3932],[125.09889,-15.33807,0.0],[125.08961,-15.34726,0.0],[125.0735,-15.40748,0.0],[125.07252,-15.41888,0.0],[125.12371,-15.46014,8.763],[125.13217,-15.47177,90.7279],[125.17237,-15.50237,153.6986],[125.18523,-15.51784,133.5026],[125.15797,-15.50514,9.6549],[125.0866,-15.45477,0.0],[125.0617,-15.44964,0.0],[125.05356,-15.46559,0.0],[125.05397,-15.48577,9.6994],[125.04982,-15.49822,3.65],[125.0276,-15.49114,0.0],[125.02442,-15.48406,8.786],[125.02711,-15.47479,0.0],[125.0276,-15.46673,0.0],[125.01759,-15.46331,0.0],[125.00856,-15.46649,0.0],[125.00074,-15.47291,0.0],[124.99171,-15.47812,4.0688],[124.97975,-15.47763,3.0941],[124.97625,-15.46917,10.2927],[124.99317,-15.43808,81.9529],[124.99334,-15.4223,0.0],[124.98959,-15.41839,0.0],[124.98341,-15.41383,0.0],[124.97625,-15.41025,28.3342],[124.95753,-15.40683,58.6311],[124.95216,-15.40203,25.6411],[124.94972,-15.39568,64.0839],[124.94557,-15.38885,51.8185],[124.92042,-15.36102,0.0],[124.90553,-15.35166,0.0],[124.88347,-15.34726,0.0],[124.86931,-15.34775,29.3587],[124.84344,-15.3528,3.3128],[124.82203,-15.3541,80.8236],[124.82862,-15.34336,5.1778],[124.83481,-15.32977,98.2549],[124.83546,-15.31805,10.4238],[124.82521,-15.31308,50.0703],[124.8156,-15.30983,0.0],[124.80397,-15.29518,91.5776],[124.79786,-15.29192,88.5842],[124.78224,-15.30145,4.693],[124.74586,-15.33538,16.3846],[124.73951,-15.33294,103.2168],[124.75489,-15.30779,100.0188],[124.76149,-15.29217,0.0],[124.7566,-15.28525,0.0],[124.72039,-15.27532,45.3468],[124.71559,-15.27459,57.1307],[124.71306,-15.26865,53.4823],[124.71176,-15.25351,0.0],[124.70875,-15.25042,0.0],[124.70265,-15.25254,0.0],[124.69801,-15.25709,0.0],[124.69606,-15.26198,0.0],[124.69801,-15.26474,0.0],[124.68816,-15.26279,0.0],[124.68238,-15.26067,4.3032],[124.66375,-15.25042,0.0],[124.66017,-15.27418,0.0],[124.66033,-15.28379,0.0],[124.66375,-15.29192,0.0],[124.67286,-15.29437,0.0],[124.68686,-15.29437,99.6365],[124.69793,-15.29844,5.3244],[124.69801,-15.31308,0.0],[124.68922,-15.32049,0.0],[124.67726,-15.32106,0.0],[124.667,-15.3244,0.0],[124.66375,-15.33978,25.7801],[124.66969,-15.35231,84.6742],[124.681,-15.34979,103.6556],[124.70533,-15.33294,198.8378],[124.70851,-15.34564,109.5271],[124.72804,-15.34759,28.5696],[124.73268,-15.35752,13.9855],[124.72779,-15.36126,0.0],[124.69801,-15.37396,0.0],[124.68344,-15.39235,4.7515],[124.67262,-15.41823,0.0],[124.67286,-15.44264,0.5888],[124.69174,-15.45713,34.0313],[124.68263,-15.47389,1.9873],[124.66863,-15.47845,0.0],[124.65406,-15.47234,0.6869],[124.64332,-15.45713,0.0],[124.64283,-15.44638,11.0201],[124.64942,-15.42685,0.0],[124.64674,-15.41888,4.4699],[124.64015,-15.41595,0.0],[124.63461,-15.41904,0.0],[124.63111,-15.42547,0.0],[124.62965,-15.43255,0.0],[124.62965,-15.50498,0.0],[124.61769,-15.50954,14.6969],[124.59799,-15.50994,29.5969],[124.57814,-15.50693,14.9915],[124.56528,-15.50156,61.7627],[124.53761,-15.48073,0.0],[124.50424,-15.46746,0.0],[124.47291,-15.46868,0.0],[124.452,-15.49114,0.0],[124.452,-15.52166,0.0],[124.44776,-15.52508,0.0],[124.42897,-15.53045,0.0],[124.42482,-15.53558,0.0],[124.4192,-15.5346,0.0],[124.40602,-15.52801,0.0],[124.3899,-15.52256,0.0],[124.37648,-15.52532,0.0],[124.39698,-15.53916,0.0],[124.40333,-15.55926,0.0],[124.39682,-15.60801,0.0],[124.41847,-15.6041,0.0],[124.4275,-15.62151,0.0],[124.42628,-15.64756,0.0],[124.41798,-15.66937,24.3167],[124.40431,-15.63519,0.0],[124.39975,-15.64227,0.0],[124.39674,-15.65228,0.0],[124.39568,-15.664,0.0],[124.39682,-15.6762,36.4628],[124.38998,-15.6762,3.7607],[124.38526,-15.66774,0.4738],[124.38063,-15.66448,12.7266],[124.37745,-15.66692,23.8262],[124.37648,-15.6762,29.0311],[124.37794,-15.68727,0.0],[124.38998,-15.71705,0.0],[124.38347,-15.72763,0.0],[124.38152,-15.74847,0.0],[124.38453,-15.77142,0.0],[124.3934,-15.78883,0.0],[124.39918,-15.80478,0.0],[124.40431,-15.87477,0.0],[124.41676,-15.86484,44.4616],[124.42091,-15.86061,1.1624],[124.42482,-15.85426,0.0],[124.43409,-15.85565,61.4609],[124.43873,-15.8497,71.899],[124.43995,-15.83904,10.1783],[124.43849,-15.82635,18.6283],[124.45045,-15.84319,2.3669],[124.46949,-15.89593,0.0],[124.4756,-15.92734,0.0],[124.48227,-15.93499,0.0],[124.48943,-15.94069,0.0],[124.49317,-15.95045,0.0],[124.49138,-15.96413,0.0],[124.48666,-15.97503,0.0],[124.48365,-15.98553,0.0],[124.48634,-15.9983,0.0],[124.51515,-15.97015,11.2504],[124.55844,-15.87493,124.6685],[124.58668,-15.84783,3.3944],[124.60971,-15.80657,99.0929],[124.62184,-15.79778,93.8507],[124.63168,-15.7942,0.0],[124.67888,-15.79168,0.0],[124.69711,-15.79404,0.0],[124.73268,-15.80657,15.5595],[124.70875,-15.82073,50.618899999999996],[124.69923,-15.83685,0.0],[124.69459,-15.85638,45.3314],[124.68426,-15.88104,20.3314],[124.67799,-15.88104,0.0],[124.66586,-15.8615,0.5188],[124.64259,-15.86566,0.0],[124.61988,-15.88193,0.0],[124.60971,-15.8987,43.3517],[124.60629,-15.93678,22.9305],[124.60768,-15.95761,137.3982],[124.61598,-15.97723,0.0],[124.59116,-15.97731,8.7348],[124.58375,-15.98886,0.0],[124.58937,-16.02508,0.0],[124.59002,-16.09417,10.1916],[124.5962,-16.115,4.884],[124.56967,-16.10996,0.0],[124.54672,-16.12811,0.0],[124.52955,-16.15496,0.0],[124.52036,-16.17645,0.0],[124.51092,-16.1583,1.6556],[124.49985,-16.14227,0.0],[124.4769,-16.12054,40.4323],[124.47267,-16.115,39.6183],[124.47104,-16.10182,2.1087],[124.47267,-16.08782,183.7216],[124.47242,-16.0735,0.0],[124.46583,-16.06048,0.0],[124.45427,-16.05267,0.0],[124.44313,-16.05185,0.0],[124.43434,-16.05779,0.0],[124.43092,-16.07,0.0],[124.4297,-16.14186,0.0],[124.42555,-16.15358,0.0],[124.41822,-16.16058,0.0],[124.39454,-16.1666,0.0],[124.39186,-16.17596,0.0],[124.39186,-16.18816,17.3217],[124.38657,-16.20062,0.0],[124.37843,-16.21494,0.1682],[124.38307,-16.22291,2.1617],[124.3921,-16.22918,8.305],[124.39682,-16.23854,0.0],[124.39479,-16.24961,0.0],[124.38526,-16.2702,0.0],[124.38331,-16.28265,0.0],[124.38543,-16.28786,0.0],[124.38998,-16.29266,0.0],[124.39479,-16.29925,0.0],[124.40154,-16.32928,21.0386],[124.41326,-16.33815,16.0204],[124.42872,-16.34051,33.8622],[124.44459,-16.34043,62.6575],[124.44996,-16.33847,75.8433],[124.45338,-16.33506,20.1894],[124.4568,-16.33327,63.6428],[124.47633,-16.34783,0.0],[124.48552,-16.34547,102.2121],[124.49928,-16.33571,102.0158],[124.57325,-16.32586,7.2563],[124.5962,-16.32659,3.8717],[124.69728,-16.34441,5.025],[124.75318,-16.37444,4.7124],[124.79135,-16.38193,5.5651],[124.80942,-16.38763,4.7004],[124.82521,-16.39902,4.7671],[124.84083,-16.40521,4.7399],[124.88404,-16.39918,5.0382],[124.90398,-16.40244,5.0744],[124.87892,-16.42067,1.5],[124.83969,-16.42571,1.5],[124.80372,-16.41823,8.9568],[124.78785,-16.39902,0.5],[124.76873,-16.38535,0.5],[124.72576,-16.3825,0.0],[124.68133,-16.38698,0.0],[124.65748,-16.3956,0.0],[124.65016,-16.38812,0.0],[124.6233,-16.4,0.0],[124.59246,-16.4013,0.0],[124.47364,-16.39332,0.0],[124.44923,-16.38698,0.0],[124.42482,-16.37444,22.9671],[124.40016,-16.35312,11.2354],[124.38608,-16.35117,10.3015],[124.36647,-16.36452,0.5464],[124.34213,-16.40797,0.2496],[124.3322,-16.41009,0.0],[124.30063,-16.40244,0.0],[124.22267,-16.3956,0.0],[124.20997,-16.38958,0.0],[124.19939,-16.3751,1.1685],[124.17091,-16.30299,0.0],[124.16717,-16.29697,0.0],[124.14796,-16.28826,0.0],[124.12623,-16.27223,0.0],[124.10776,-16.26539,0.0],[124.06853,-16.25897,0.0],[124.04762,-16.2636,0.0],[124.03785,-16.26344,0.0],[124.03386,-16.25555,0.0],[124.02931,-16.24928,0.0],[124.01889,-16.24603,0.0],[123.99627,-16.24481,0.0],[123.97218,-16.24041,0.0],[123.93287,-16.22177,0.0],[123.9109,-16.21746,17.6257],[123.92335,-16.2348,0.0],[123.94239,-16.25286,0.0],[123.96461,-16.26865,20.6884],[123.98601,-16.2789,64.6127],[123.98601,-16.28631,2.8373],[123.95143,-16.29363,109.5632],[123.95777,-16.3209,138.278],[123.99285,-16.37786,120.6138],[123.98463,-16.3847,121.426],[123.96697,-16.37444,0.0],[123.95037,-16.35996,0.0],[123.94508,-16.35394,0.0],[123.92872,-16.34612,0.0],[123.90675,-16.33864,104.7658],[123.89186,-16.3388,0.0],[123.89723,-16.35394,67.5727],[123.89137,-16.36981,0.0],[123.8947,-16.40976,0.0],[123.88966,-16.42978,120.9294],[123.88502,-16.42498,134.7868],[123.87924,-16.42067,170.636],[123.87672,-16.41611,65.7733],[123.86931,-16.41611,89.8585],[123.86305,-16.42978,0.0],[123.85328,-16.41595,0.0],[123.83522,-16.36826,181.0389],[123.84881,-16.36077,188.7558],[123.85808,-16.37078,162.2873],[123.86606,-16.3681,70.8152],[123.87062,-16.35662,95.7973],[123.86931,-16.34043,0.0],[123.86264,-16.32733,16.7756],[123.85377,-16.32334,150.6335],[123.84246,-16.32252,50.925],[123.82838,-16.31992,0.0],[123.80348,-16.3082,64.3876],[123.73268,-16.25897,7.7624],[123.7575,-16.25368,50.9545],[123.78712,-16.25156,0.0],[123.81349,-16.24603,24.7562],[123.82838,-16.23113,0.0],[123.81129,-16.23024,0.0],[123.78785,-16.22536,0.0],[123.7693,-16.21657,117.9829],[123.76686,-16.20436,2.0613],[123.77426,-16.20192,41.1267],[123.79607,-16.20875,39.3778],[123.80445,-16.20745,0.0889],[123.80934,-16.19891,0.0],[123.8069,-16.19109,5.276],[123.79965,-16.18548,0.0],[123.79054,-16.18328,12.022],[123.78582,-16.18043,10.563],[123.77849,-16.16741,8.4627],[123.77369,-16.16277,0.0],[123.77101,-16.16334,20.5354],[123.74952,-16.16277,27.6354],[123.74187,-16.15488,48.6185],[123.7326,-16.14105,0.0],[123.72413,-16.13633,0.0],[123.71909,-16.15594,46.4586],[123.69093,-16.1487,0.0],[123.59498,-16.15594,0.0],[123.60336,-16.17555,9.9732],[123.59669,-16.17881,0.0],[123.58546,-16.174,0.0],[123.58131,-16.16961,0.0],[123.57016,-16.17693,14.9097],[123.56373,-16.18532,0.6353],[123.55397,-16.21063,2.6549],[123.57065,-16.22186,0.0],[123.57643,-16.24245,26.0536],[123.56715,-16.26092,40.937],[123.53972,-16.26523,58.9476],[123.54737,-16.27752,0.7766],[123.55836,-16.28672,9.2106],[123.58131,-16.29998,28.1645],[123.58481,-16.30438,54.5929],[123.58888,-16.31072,32.3889],[123.59409,-16.31683,24.0548],[123.60182,-16.31992,0.0],[123.6102,-16.31813,0.0],[123.615,-16.31341,87.3087],[123.6159,-16.30853,92.3698],[123.61232,-16.30625,117.8144],[123.60288,-16.30413,65.8101],[123.60336,-16.29974,29.8408],[123.61012,-16.29518,28.1323],[123.61915,-16.29315,0.0],[123.62696,-16.29681,0.0],[123.63697,-16.30535,13.3567],[123.64576,-16.31536,0.0],[123.64959,-16.32334,0.0],[123.65797,-16.32773,0.0],[123.69825,-16.33001,14.4665],[123.71168,-16.33359,5.2617],[123.71559,-16.34336,41.0393],[123.71656,-16.35866,53.969],[123.7151,-16.37347,3.0882],[123.71168,-16.38128,44.4987],[123.69972,-16.38104,71.9365],[123.68133,-16.37623,15.245],[123.6644,-16.36989,3.2806],[123.65162,-16.36028,37.4733],[123.64047,-16.36061,75.8985],[123.6316,-16.36468,0.0],[123.6325,-16.37135,0.0],[123.64404999999999,-16.38535,0.0],[123.65187,-16.39251,0.0],[123.66041,-16.3956,0.0],[123.67555,-16.3991,111.9329],[123.68816,-16.40797,1.2267],[123.71168,-16.42978,6.1936],[123.64845,-16.42783,1.0434],[123.55397,-16.3956,0.0],[123.54933,-16.41188,27.1077],[123.53785,-16.41465,0.0],[123.50611,-16.40797,0.0],[123.50611,-16.41611,18.4106],[123.53875,-16.42645,80.4887],[123.65406,-16.48447,4.4404],[123.63819,-16.48952,0.0],[123.60743,-16.49407,5.9477],[123.58815,-16.50547,26.1875],[123.62062,-16.51035,36.1787],[123.6351,-16.51539,26.0609],[123.64332,-16.52597,0.0],[123.61842,-16.52996,12.2263],[123.59295,-16.52215,0.0],[123.56764,-16.511,9.1463],[123.54347,-16.50547,0.0],[123.52426,-16.49847,124.472],[123.48951,-16.46893,0.0],[123.46583,-16.4638,0.0],[123.48609,-16.48838,0.0],[123.49252,-16.50026,0.0],[123.48268,-16.50547,0.0],[123.46949,-16.50368,0.0],[123.42416,-16.49114,0.0],[123.42758,-16.49977,0.0],[123.43336,-16.50457,2.832],[123.43946,-16.50791,42.3144],[123.44467,-16.5123,29.6849],[123.44597,-16.5123,37.1003],[123.45883,-16.52467,0.0],[123.45851,-16.52597,0.0],[123.48805,-16.54388,45.5066],[123.49252,-16.54974,16.6399],[123.49855,-16.56194,0.0],[123.51254,-16.56666,9.6359],[123.54347,-16.56699,0.0],[123.54575,-16.56268,0.0],[123.53346,-16.53216,122.6895],[123.55519,-16.53973,93.4762],[123.59645,-16.5359,127.6095],[123.60922,-16.54632,32.2409],[123.60914,-16.5639,0.0],[123.59506,-16.57488,2.0984],[123.55397,-16.59417,0.0],[123.56617,-16.61598,20.1696],[123.5525,-16.62623,0.0],[123.52931,-16.63242,0.0],[123.51295,-16.64202,4.5471],[123.50913,-16.64983,0.0],[123.50994,-16.6539,0.0],[123.59555,-16.6653,133.0098],[123.61158,-16.67376,12.0448],[123.64332,-16.70403,4.266],[123.65935,-16.71445,15.8654],[123.69313,-16.72991,6.8251],[123.70826,-16.74188,5.8729],[123.71681,-16.75742,4.7327],[123.72608,-16.79648,4.4493],[123.73268,-16.8139,0.0],[123.76808,-16.87851,3.648],[123.79249,-16.89072,3.9244],[123.83522,-16.88152,4.0455],[123.9026,-16.85898,3.6335],[123.92359,-16.8388,4.2207],[123.93141,-16.80023,5.8874],[123.94858,-16.80926,4.3776],[123.9533,-16.82855,1.0186],[123.9485,-16.85052,0.0],[123.93751,-16.86785,4.8629],[123.92091,-16.87835,3.977],[123.90073,-16.88665,0.0],[123.8838,-16.89691,6.4185],[123.87672,-16.91269,0.0],[123.87013,-16.9236,2.367],[123.84164,-16.94655,1.031],[123.83522,-16.96071,3.673],[123.84311,-16.97926,0.0],[123.85865,-16.99163,3.4406],[123.86964,-17.00465,1.6838],[123.86305,-17.02557,0.4082],[123.85401,-17.01849,3.9818],[123.81764,-16.99619,0.0],[123.80445,-16.99139,0.0],[123.79461,-17.0001,0.0],[123.79884,-17.01979,0.0],[123.81471,-17.05348,0.0],[123.83709,-17.13242,4.3209],[123.85377,-17.16326,0.0],[123.88299,-17.19069,0.0],[123.8934,-17.19451,4.7829],[123.9048,-17.19606,4.8862],[123.91407,-17.19899,4.8881],[123.91774,-17.20745,4.9453],[123.91334,-17.21559,4.1505],[123.90268,-17.21852,4.7913],[123.87973,-17.21795,4.8635],[123.86085,-17.21038,4.5737],[123.84653,-17.19232,4.8007],[123.83448,-17.17164,0.0],[123.82154,-17.15594,0.0],[123.81153,-17.15049,1.123],[123.78891,-17.14072,0.879],[123.77711,-17.13242,2.2932],[123.77125,-17.12607,4.0863],[123.76547,-17.11761,4.1691],[123.76108,-17.10801,4.0479],[123.75945,-17.09783,4.0818],[123.75148,-17.08261,4.0685],[123.73341,-17.06609,0.0],[123.71274,-17.05283,0.0],[123.69801,-17.04664,0.0],[123.69313,-17.05071,0.0],[123.68629,-17.05788,0.0],[123.68019,-17.06032,0.0],[123.66993,-17.01572,0.0],[123.66725,-17.00848,0.0],[123.65602,-16.99578,0.0],[123.6504,-16.99391,0.0],[123.63592,-16.99139,0.0],[123.62469,-16.99261,0.0],[123.61541,-16.99651,0.0],[123.60613,-16.99635,0.0],[123.59498,-16.98512,0.0],[123.59132,-16.99993,0.0],[123.57765,-17.02549,0.0],[123.57447,-17.0429,0.0],[123.5796,-17.09401,0.0],[123.62281,-17.15594,0.0],[123.63966,-17.17278,1.2973],[123.6443,-17.18475,0.0],[123.64332,-17.20371,0.0],[123.63697,-17.20289,5.8984],[123.63453,-17.20159,4.1642],[123.62965,-17.20257,4.796],[123.62062,-17.20794,0.0],[123.61279999999999,-17.21575,0.0],[123.60922,-17.2282,0.0],[123.60768,-17.25066,0.0],[123.60434,-17.26051,0.0],[123.5984,-17.26946,0.0],[123.59441,-17.27874,0.0],[123.59409,-17.29046,0.0],[123.59523,-17.30267,0.0],[123.59498,-17.31357,0.0],[123.58985,-17.32676,0.0],[123.57325,-17.35019,0.0],[123.56764,-17.36199,0.0],[123.5617,-17.40447,0.0],[123.5608,-17.44736,0.0],[123.56332,-17.45761,0.5],[123.58131,-17.49236,1.5],[123.5866,-17.5075,2.0],[123.58766,-17.51507,2.0],[123.58815,-17.57057,2.9328],[123.58497,-17.58099,5.3238],[123.57789,-17.59051,9.0641],[123.57081,-17.59515,2.5],[123.56764,-17.5914,9.4737],[123.56690999999999,-17.57635,6.8811],[123.56031,-17.53623,5.4232],[123.55397,-17.51898,4.9137],[123.54054,-17.5014,5.3143],[123.51173,-17.47186,5.0163],[123.50148,-17.42978,4.8798],[123.49041,-17.41627,5.1385],[123.47706,-17.40545,4.6882],[123.46583,-17.38934,4.8081],[123.45777,-17.38437,19.0483],[123.44809,-17.365,10.7995],[123.43442,-17.34441,6.5009],[123.39967,-17.32928,4.6446],[123.38795,-17.31561,4.6454],[123.36964,-17.27947,19.3294],[123.37940999999999,-17.25482,9.0499],[123.36817,-17.22845,4.2738],[123.35076,-17.20469,5.6312],[123.34181,-17.18727,5.1687],[123.33375,-17.16237,13.7772],[123.31544,-17.13828,12.1718],[123.28028,-17.10125,8.4875],[123.27174,-17.08563,12.0028],[123.26759,-17.06951,5.2078],[123.26661,-17.02939,18.0132],[123.26043,-17.01474,4.8502],[123.21811,-16.97772,13.8479],[123.19825,-16.94313,2.1678],[123.18377,-16.92897,0.0],[123.16017,-16.92311,10.265],[123.14332,-16.91375,5.7259],[123.14357,-16.89235,11.0554],[123.15675,-16.85556,14.7593],[123.15773,-16.84344,4.9611],[123.15626,-16.8248,14.4783],[123.15089,-16.80771,20.1537],[123.13941,-16.80023,5.5244],[123.12379,-16.79681,8.305],[123.10646,-16.78639,9.0832],[123.09449,-16.7693,22.613],[123.09457,-16.7457,13.1049],[123.10084,-16.73235,4.0149],[123.10711,-16.72894,16.5862],[123.11492,-16.72763,12.1835],[123.12574,-16.72112,17.4759],[123.13103,-16.71103,16.7549],[123.13356,-16.69687,0.0],[123.13217,-16.68629,0.0],[123.12574,-16.68694,0.0],[123.11988,-16.69541,0.0],[123.11704,-16.70355,0.0],[123.11256,-16.70973,0.0],[123.10206,-16.71209,3.3458],[123.09018,-16.70965,3.5146],[123.08188,-16.70322,14.0808],[123.06739,-16.68353,0.0],[123.04282,-16.69248,4.5531],[123.03077,-16.6762,13.3083],[123.0267,-16.6491,8.3149],[123.02638,-16.62558,12.0451],[123.02101,-16.61435,9.3514],[123.00904,-16.61688,0.0],[122.98878,-16.629,6.8191],[122.98072,-16.62542,20.7113],[122.97674,-16.61647,16.7918],[122.97169,-16.59417,10.89],[122.95981,-16.58034,0.0],[122.99041,-16.52923,14.8879],[122.97788,-16.50547,3.4194],[122.98487,-16.48105,2.7009],[122.99,-16.4734,0.0],[123.00261,-16.47064,0.0],[123.01588,-16.47324,0.0],[123.02833,-16.47723,0.0],[123.04078,-16.47812,0.0],[123.05372,-16.47064,0.0],[123.05836,-16.45355,6.484],[123.04151,-16.44109,6.6161],[122.99838,-16.42295,26.7714],[123.01808,-16.39609,9.1185],[123.02027,-16.38258,11.4777],[123.0066,-16.37444,2.3524],[122.93824,-16.41611,32.1728],[122.91619,-16.41595,0.0],[122.90284,-16.45062,21.6149],[122.89454,-16.49212,0.0],[122.8864,-16.5123,7.124],[122.87045,-16.51678,5.9764],[122.86166,-16.52776,4.3791],[122.85597,-16.54119,6.903],[122.84889,-16.55316,8.418],[122.83741,-16.56162,5.7808],[122.82553,-16.56308,11.6748],[122.79713,-16.56015,0.0],[122.78395,-16.56585,0.0],[122.77149,-16.57928,0.0],[122.76246,-16.59417,0.0],[122.7588,-16.60442,0.0],[122.7588,-16.63885,0.0],[122.75709,-16.64658,0.0],[122.7483,-16.66237,0.0],[122.74513,-16.66985,0.0],[122.7461,-16.70289,1.0843],[122.76319,-16.73008,0.0],[122.82097,-16.77972,2.4387],[122.77369,-16.76165,6.2352],[122.7588,-16.75872,0.0],[122.74049,-16.76133,0.0],[122.72901,-16.76922,0.0],[122.71892,-16.7789,0.0],[122.70427,-16.78672,3.094],[122.69728,-16.78769,14.2363],[122.67359,-16.78672,0.0],[122.66456,-16.78851,0.0],[122.65016,-16.79762,0.0],[122.64283,-16.80023,9.4479],[122.62599,-16.80039,15.2579],[122.61443,-16.79608,28.1001],[122.60662,-16.78688,32.8879],[122.60125,-16.77223,30.4063],[122.58237,-16.77955,15.3089],[122.57057,-16.78851,3.9993],[122.56178,-16.79974,10.2367],[122.55348,-16.8139,0.0],[122.55258,-16.81732,0.0],[122.55348,-16.83099,3.7233],[122.55104,-16.8375,12.2552],[122.54615,-16.83904,14.8536],[122.54168,-16.8375,14.479],[122.54029,-16.83441,11.302],[122.53598,-16.8401,9.6859],[122.53126,-16.84417,0.0],[122.52752,-16.85027,0.0],[122.52613,-16.86175,0.0],[122.53045,-16.87396,0.0],[122.56031,-16.90944,0.0],[122.58204,-16.95623,0.0],[122.59498,-16.97096,2.6838],[122.54298,-16.96087,12.4719],[122.52955,-16.95387,8.8201],[122.52133,-16.94166,0.0],[122.51539,-16.92938,1.7489],[122.50611,-16.91961,0.0],[122.48829,-16.9157,3.4419],[122.47291,-16.92018,0.0],[122.47527,-16.93239,0.0],[122.48162,-16.94997,3.9043],[122.47828,-16.97096,2.6044],[122.46412,-16.98382,3.5858],[122.45086,-16.98162,4.2626],[122.44451,-16.96893,4.3277],[122.45102,-16.95045,0.0],[122.41277,-16.97275,4.7194],[122.27605,-17.08929,0.0],[122.26612,-17.10125,2.6469],[122.2566,-17.12127,25.5236],[122.26254,-17.12623,26.6578],[122.27369,-17.12835,14.2312],[122.27963,-17.13926,0.0],[122.26686,-17.15065,0.0],[122.21412,-17.21087,0.0],[122.20769,-17.22479,0.0],[122.19044,-17.23056,0.0],[122.17872,-17.24424,0.0],[122.17205,-17.26116,0.0],[122.167,-17.29567,0.0],[122.14942,-17.34149,0.0],[122.14112,-17.45875,0.0],[122.14324,-17.56365,0.0],[122.14519,-17.5722,0.0],[122.15406,-17.58815,0.0],[122.15626,-17.59783,0.0],[122.16977,-17.62884,0.0],[122.17433,-17.65399,0.0],[122.17726,-17.66302,0.0],[122.18849,-17.68369,0.0],[122.20053,-17.70086,0.0],[122.20541,-17.71087,9.561],[122.20362,-17.7221,9.3454],[122.19947,-17.73309,0.0],[122.19711,-17.74245,0.0],[122.19337,-17.80584,0.0],[122.20729,-17.87322,0.0],[122.20786,-17.91131,0.0],[122.19614,-17.94541,0.0],[122.16977,-17.97829,0.0],[122.17677,-17.98211,0.0],[122.18238,-17.9865,0.0],[122.18727,-17.99196,0.0],[122.19093,-17.99879,0.0],[122.19711,-17.99879,14.2229],[122.21705,-17.96966,17.4513],[122.24855,-17.96087,0.0],[122.28346,-17.96429,15.2407],[122.31373,-17.97145,14.4625],[122.34409,-17.98301,0.0],[122.36069,-18.00018,0.0],[122.36769,-18.02614,0.0],[122.36915,-18.0639,0.0],[122.36305,-18.08799,0.0],[122.34702,-18.12119,0.0],[122.32399,-18.15057,0.0],[122.25066,-18.18678,0.0],[122.22039,-18.1972,0.0],[122.21046,-18.21111,4.5921],[122.19711,-18.23895,3.2923],[122.19239,-18.23431,2.2525],[122.18637,-18.22967,0.0],[122.18344,-18.22536,0.0],[122.15805,-18.26344,0.0],[122.1421,-18.27947,0.0],[122.12208,-18.29363,0.0],[122.06227,-18.32,0.0],[122.05307,-18.33148,0.0],[122.0442,-18.36053,15.4748],[122.02215,-18.3847,0.0],[121.91033,-18.46445,13.1314],[121.88868,-18.47186,10.0888],[121.86655,-18.4708,1.3768],[121.85076,-18.46364,7.8977],[121.83741,-18.45574,29.0457],[121.82374,-18.45184,15.6187],[121.81105,-18.46258,10.0968],[121.79664,-18.48691,8.5718],[121.77394,-18.54567,5.5195],[121.75961,-18.56097,10.9064],[121.73162,-18.58099,0.0],[121.76197,-18.59694,0.0],[121.77475,-18.60613,0.0],[121.78004,-18.61924,0.0],[121.77719,-18.64088,0.0],[121.76904999999999,-18.6574,0.0],[121.72381,-18.69948,0.0],[121.71559,-18.70371,7.7982],[121.67823,-18.70615,0.0],[121.66774,-18.70908,0.0],[121.65968,-18.71502,4.1113],[121.64389,-18.71705,4.3712],[121.62452,-18.71063,3.5412],[121.61329,-18.7125,0.0],[121.62176,-18.73935,6.9772],[121.62892,-18.74774,0.0],[121.63819,-18.75482,0.0],[121.64625,-18.76344,0.0],[121.64967,-18.77679,0.0],[121.64869,-18.78623,7.7961],[121.64259,-18.81024,0.0],[121.63185,-18.82399,0.0],[121.61279999999999,-18.865,0.0],[121.59742,-18.91123,6.0533],[121.59108,-18.92116,1.7874],[121.57569,-18.93572,0.0],[121.56918,-18.94459,0.0],[121.56658,-18.95525,7.4496],[121.56414,-18.97568,6.318],[121.55795,-18.99,2.7322],[121.53981,-19.0136,0.0],[121.51938,-19.06959,1.4297],[121.41619,-19.22161,0.0],[121.31153,-19.3541,0.0],[121.19353,-19.47243,0.0],[121.17986,-19.47975,0.0],[121.16603,-19.48455,0.0],[121.12827,-19.52068,0.0],[120.95436,-19.63372,0.0],[120.80323,-19.69801,4.0916],[120.65056,-19.76328,6.2229],[120.3685,-19.86712,7.1545],[120.23829,-19.90683,4.322],[120.07057,-19.92164,0.0],[119.90659,-19.94655,0.0],[119.80226,-19.96575,0.0],[119.75563,-19.9612,0.0],[119.73439,-19.96266,0.0],[119.71616,-19.97324,0.0],[119.71567,-19.98309,0.0],[119.719,-19.99334,0.0],[119.71754,-20.00368,0.0],[119.70265,-20.0136,1.3677],[119.69093,-20.01483,3.4924],[119.67213,-20.00856,0.0],[119.66481,-20.01043,0.0],[119.64291,-20.03777,0.0],[119.63787,-20.0416,0.0],[119.6233,-20.04616,0.0],[119.58985,-20.06585,0.0],[119.56666,-20.06878,0.0],[119.54664,-20.06357,0.0],[119.52345,-20.05316,0.0],[119.48715,-20.03094,4.6685],[119.48129,-20.02256,3.8791],[119.47853,-20.01344,0.0],[119.47397,-20.00547,0.0],[119.46306,-19.99993,0.0],[119.45729,-20.00115,0.0],[119.44508,-20.01133,0.0],[119.4358,-20.0136,3.784],[119.417,-20.01019,4.6907],[119.37648,-19.99627,8.3699],[119.35694,-19.9931,6.0296],[119.33326,-19.99212,6.2856],[119.292,-19.98504,3.4722],[119.21241,-19.9612,5.0372],[119.19239,-19.95892,4.4982],[119.17213,-19.96014,0.0],[119.16326,-19.96624,0.0],[119.16098,-19.98073,0.2913],[119.16139,-20.00742,1.9613],[119.11834,-19.97161,4.2928],[119.09547,-19.96673,3.4738],[119.06853,-19.98284,0.0],[119.06422,-19.99082,0.0],[119.0608,-20.00107,0.0],[119.05616,-20.00986,0.0],[119.04811,-20.0136,0.0],[119.0149,-20.02435,0.0],[119.00017,-20.0346,0.0],[118.98569,-20.04062,0.0],[118.97462,-20.05039,0.0],[118.97023,-20.0722,0.0],[118.95883,-20.10418,0.0],[118.88087,-20.18548,0.0],[118.85174,-20.2365,4.0818],[118.8318,-20.26198,0.8008],[118.80567,-20.28102,0.7381],[118.78403,-20.28655,2.7699],[118.76051,-20.28826,0.0],[118.73805,-20.29217,0.0],[118.70191,-20.3178,6.5336],[118.68181,-20.32366,2.9644],[118.66236,-20.32399,5.8197],[118.64747,-20.32147,5.5772],[118.63966,-20.31764,4.0446],[118.63445,-20.31325,5.0495],[118.6281,-20.30983,2.6921],[118.61671,-20.30836,4.0986],[118.60629,-20.3095,9.8435],[118.57594,-20.31601,5.6348],[118.57301,-20.31756,3.963],[118.57049,-20.31951,0.0],[118.56544,-20.32147,3.8761],[118.5547,-20.32236,2.7422],[118.55079,-20.32204,3.0261],[118.55193,-20.32147,2.6745],[118.41082,-20.34645,0.2484],[118.36883,-20.36207,4.2313],[118.35328,-20.36297,3.0008],[118.34205,-20.35556,4.782],[118.33904,-20.34637,4.7502],[118.3353,-20.3388,8.5957],[118.32228,-20.33571,0.0],[118.31227,-20.33782,0.0],[118.29176,-20.34726,0.7781],[118.28094,-20.3493,0.0],[118.26433,-20.35508,0.0],[118.24838,-20.36582,0.0],[118.2308,-20.37168,3.5737],[118.20924,-20.36297,0.0],[118.19508,-20.37135,0.0],[118.19142,-20.36614,4.5226],[118.19158,-20.35589,5.2093],[118.18873,-20.3493,9.33],[118.17701,-20.34808,7.9391],[118.1692,-20.35068,11.8735],[118.16188,-20.35426,0.0],[118.15089,-20.35613,0.0],[118.13559,-20.36207,0.0],[117.94068,-20.49277,4.0546],[117.93483,-20.50075,0.0],[117.93336,-20.50986,0.0],[117.93531,-20.52988,0.0],[117.93181,-20.53802,0.0],[117.91863,-20.55511,2.7713],[117.91114,-20.56024,1.0935],[117.88551,-20.56292,2.4632],[117.87875,-20.56512,2.4813],[117.8672,-20.57586,0.0],[117.86061,-20.58473,0.0],[117.84913,-20.60711,0.4766],[117.83937,-20.61688,0.471],[117.83082,-20.61989,0.1113],[117.81007,-20.62322,0.0],[117.78679,-20.63633,0.0],[117.74985,-20.64967,0.0],[117.73634,-20.65846,0.0],[117.7295,-20.65097,92.1179],[117.68995,-20.66815,0.0],[117.67482,-20.67213,0.0],[117.67529999999999,-20.66806,0.0],[117.67042,-20.66131,0.0],[117.66424,-20.65732,0.0],[117.66114,-20.66155,0.0],[117.65065,-20.67213,0.0],[117.63575,-20.67327,0.0],[117.6233,-20.66155,0.0],[117.60271,-20.65732,0.0],[117.57911,-20.66709,0.0],[117.54379,-20.69256,0.0],[117.51344,-20.70631,0.0],[117.43751,-20.72259,0.0],[117.35377,-20.72772,0.0],[117.31153,-20.72283,0.0],[117.27247,-20.71299,0.0],[117.1976,-20.68377,0.0],[117.18133,-20.67352,2.3211],[117.17457,-20.66155,1.5562],[117.17237,-20.65846,2.4128],[117.16285,-20.64983,2.8435],[117.16017,-20.64479,3.7716],[117.16098,-20.6386,2.5218],[117.16774,-20.62428,1.9781],[117.16774,-20.61566,2.7047],[117.16863,-20.60947,5.162],[117.16717,-20.60369,7.0034],[117.16017,-20.59637,0.0],[117.15406,-20.59637,0.0],[117.14438,-20.60711,0.0],[117.11793,-20.62965,0.0],[117.10768,-20.63519,0.0],[117.09547,-20.63738,8.0297],[117.09018,-20.6347,16.3186],[117.07154,-20.62054,8.2135],[117.06251,-20.62168,23.6203],[116.95704,-20.66806,0.0],[116.94801,-20.67547,0.0],[116.94028,-20.68662,0.0],[116.92164,-20.69834,0.0],[116.89918,-20.7081,0.0],[116.87965,-20.71307,0.0],[116.85548,-20.71209,0.0],[116.83595,-20.70428,0.0],[116.78728,-20.66424,2.1649],[116.78395,-20.65716,9.0883],[116.78419,-20.64479,79.2971],[116.78875,-20.63372,4.7925],[116.80551,-20.61785,34.6784],[116.8108,-20.61004,31.7435],[116.81446,-20.57,15.9043],[116.82032,-20.5499,56.8636],[116.83513,-20.54111,62.7853],[116.84539,-20.53932,49.9491],[116.84352,-20.53525,50.0384],[116.83513,-20.53094,60.1041],[116.82447,-20.52809,20.016],[116.81446,-20.52776,0.0],[116.80641,-20.52907,0.0],[116.79086,-20.53493,0.0],[116.79713,-20.5486,0.0],[116.77931,-20.56024,0.0],[116.74317,-20.61688,0.0],[116.69939,-20.65936,0.0],[116.58709,-20.73528,0.0],[116.55079,-20.74725,0.0],[116.53004,-20.74684,0.0],[116.52052,-20.75115,0.0],[116.51352,-20.77321,0.3915],[116.5062,-20.78086,0.0],[116.49806,-20.78623,0.0],[116.4922,-20.78818,0.0],[116.48227,-20.79274,0.0],[116.45151,-20.81471,0.0],[116.43474,-20.82236,0.0],[116.39194,-20.82789,0.0],[116.34799,-20.82855,0.0],[116.33432,-20.83318,0.0],[116.3086,-20.85556,0.0],[116.2894,-20.86321,0.0],[116.26588,-20.86256,0.0],[116.24594,-20.8554,0.0],[116.23024,-20.84686,0.0],[116.2186,-20.84287,7.8825],[116.1963,-20.84686,0.0],[116.1893,-20.85882,0.0],[116.18767,-20.90423,0.5724],[116.17408,-20.94305,0.0],[116.15154,-20.96998,0.0],[116.12127,-20.98642,0.0],[116.08522,-20.99358,0.0],[116.07106,-21.00384,0.0],[116.05641,-21.01084,0.0],[116.0232,-21.02158,0.0],[115.97413,-21.04485,0.0],[115.95802,-21.04827,0.0],[115.9367,-21.05901,0.0],[115.90553,-21.08457,0.0],[115.87761,-21.11517,0.0],[115.85906,-21.15496,0.0],[115.83041,-21.19085,0.0],[115.8187,-21.22576,0.0],[115.80616,-21.23545,0.0],[115.66228,-21.29803,0.0],[115.62599,-21.32195,0.0],[115.60271,-21.34352,0.0],[115.53647,-21.42441,0.0],[115.50831,-21.45013,0.0],[115.49464,-21.46608,0.0],[115.48878,-21.48333,0.0],[115.47853,-21.50115,0.0],[115.4546,-21.51377,2.6772],[115.22389,-21.59881,1.8076],[115.10515,-21.66522,3.479],[115.09864,-21.65276,0.0],[115.08863,-21.65276,6.6873],[115.0774,-21.65976,0.5294],[115.06739,-21.66863,0.5738],[115.05519,-21.67653,1.037],[115.00896,-21.69313,1.0235],[114.97071,-21.68206,0.982],[114.92897,-21.69394,2.4785],[114.77898,-21.78135,0.0],[114.70045,-21.80926,0.0],[114.69158,-21.81748,0.0],[114.67823,-21.83457,3.8118],[114.66944,-21.83782,1.7268],[114.64674,-21.84336,0.0],[114.63771,-21.85735,0.0],[114.6316,-21.89804,0.0],[114.62721,-21.91302,0.0],[114.62477,-21.91855,0.0],[114.62127,-21.9223,0.0],[114.61744,-21.92327,0.0],[114.61378,-21.92352,0.0],[114.61109,-21.92523,0.0],[114.59881,-21.95599,0.0],[114.55029999999999,-22.04192,0.0],[114.53891,-22.032,1.1864],[114.52052,-22.011,1.4079],[114.50318,-21.99603,0.0],[114.49562,-22.00449,0.0],[114.4961,-22.01605,0.0],[114.49952,-22.03493,0.0],[114.5018,-22.04192,0.0],[114.50636,-22.04852,0.0],[114.51873,-22.06072,0.0],[114.52231,-22.06927,4.427],[114.52125,-22.08904,0.0],[114.50571,-22.1264,1.0229],[114.49781,-22.16367,1.4855],[114.48829,-22.16766,1.5481],[114.47682,-22.16806,1.9675],[114.46762,-22.1723,3.4793],[114.46363,-22.18108,0.0],[114.46852,-22.19476,0.0],[114.46762,-22.20648,2.0676],[114.44386,-22.23748,0.0],[114.43979,-22.24456,0.0],[114.42848,-22.27125,0.0],[114.42172,-22.29852,0.0],[114.39194,-22.35801,0.0],[114.38722,-22.37949,0.0],[114.38575,-22.40228,0.0],[114.38356,-22.41424,0.0],[114.37379,-22.43418,0.0],[114.37159,-22.44297,0.0],[114.37086,-22.46559,0.0],[114.36704,-22.47829,0.0],[114.35694,-22.48602,0.0],[114.33741,-22.49383,2.0127],[114.31983,-22.48756,0.0],[114.31178,-22.47617,6.2378],[114.3069,-22.4625,12.7198],[114.29982,-22.4498,12.6224],[114.28663,-22.44329,10.927],[114.2741,-22.44752,7.8242],[114.26222,-22.4555,6.5766],[114.25172,-22.45965,4.7396],[114.22193,-22.46795,0.0],[114.20688,-22.48691,0.0],[114.1963,-22.50775,0.0],[114.1797,-22.52174,0.0],[114.14812,-22.52142,2.513],[114.12241,-22.50416,2.0864],[114.11085,-22.47772,4.0202],[114.12574,-22.43816,0.5013],[114.11817,-22.41326,4.0564],[114.11769,-22.39886,2.8758],[114.12273,-22.38909,14.8485],[114.15187,-22.35801,5.0162],[114.16383,-22.35556,2.0203],[114.17042,-22.33847,4.0891],[114.1714,-22.31748,6.4288],[114.16603,-22.30267,0.0],[114.14747,-22.29453,0.0],[114.13754,-22.30731,0.0],[114.1316,-22.32627,3.7375],[114.12436,-22.33668,2.2612],[114.10971,-22.33099,5.2804],[114.11134,-22.31211,5.164],[114.12436,-22.27532,4.2241],[114.12094,-22.26043,3.3544],[114.10271,-22.22275,2.929],[114.09376,-22.21014,4.3675],[114.07748,-22.17547,6.5333],[114.08302,-22.14072,7.5993],[114.09645,-22.10638,0.0],[114.1277,-21.92278,7.1022],[114.14234,-21.88047,4.1075],[114.14568,-21.86102,3.846],[114.15252,-21.84637,6.1152],[114.16603,-21.83506,2.2796],[114.17604,-21.8222,4.6116],[114.17221,-21.80299,6.569],[114.15919,-21.79192,4.3425],[114.1447,-21.79551,0.0],[114.12778,-21.80429,0.0],[114.10743,-21.80926,45.6709],[114.08627,-21.81194,0.4634],[114.06715,-21.81902,0.0],[114.03582,-21.83782,0.0],[114.01149,-21.85996,0.0],[113.94703,-21.95257,1.7613],[113.92311,-22.01312,0.0],[113.89796,-22.04925,0.0],[113.89324,-22.06854,0.0],[113.8908,-22.08913,0.0],[113.88551,-22.11094,0.0],[113.80397,-22.33082,0.0],[113.79274,-22.34734,0.0],[113.7588,-22.38242,0.0],[113.74773,-22.40154,0.0],[113.7409,-22.42555,0.0],[113.73463,-22.47031,0.0],[113.73146,-22.47959,2.8325],[113.71681,-22.49212,0.0],[113.69313,-22.53541,0.0],[113.68263,-22.54355,5.3441],[113.66082,-22.5534,0.0],[113.65211,-22.56268,0.0],[113.64666,-22.57773,0.0],[113.64967,-22.58652,0.0],[113.65577,-22.59466,0.0],[113.65895,-22.60711,0.0],[113.65952,-22.6408,0.0],[113.66196,-22.6487,0.0],[113.67213,-22.66872,0.0],[113.67164,-22.6902,0.0],[113.65895,-22.7278,0.0],[113.67604,-22.72772,0.0],[113.69068,-22.73065,0.0],[113.70289,-22.73561,0.0],[113.71363,-22.74147,0.0],[113.75978,-22.78875,0.0],[113.7754,-22.85247,0.0],[113.7859,-22.87493,0.0],[113.80177,-22.89983,0.0],[113.80738,-22.9306,0.0],[113.81153,-23.05136,0.0],[113.80502,-23.07513,0.0],[113.78932,-23.0971,0.0],[113.77866,-23.10508,0.0],[113.76743,-23.1115,0.0],[113.75831,-23.11883,0.0],[113.75457,-23.12819,0.0],[113.75367,-23.13828,0.0],[113.7483,-23.16229,0.0],[113.75115,-23.18084,0.0],[113.76881,-23.24114,0.0],[113.78248,-23.32708,0.0],[113.78028,-23.34881,0.0],[113.77101,-23.38958,0.0],[113.76881,-23.4577,0.0],[113.76661,-23.46592,0.0],[113.75685,-23.4791,0.0],[113.75457,-23.48504,0.0],[113.74985,-23.51165,0.0],[113.73756,-23.52703,0.0],[113.69996,-23.54957,0.0],[113.69361,-23.55836,0.0],[113.68898,-23.56976,0.0],[113.68214,-23.57969,0.0],[113.66041,-23.58603,0.0],[113.63624,-23.59686,0.0],[113.63103,-23.60117,0.0],[113.6277,-23.61191,0.0],[113.61997,-23.61712,0.0],[113.61109,-23.62038,0.0],[113.60434,-23.62469,0.0],[113.59946,-23.63397,0.0],[113.55934,-23.74196,0.0],[113.53834,-23.74847,0.0],[113.52638,-23.76474,0.0],[113.50213,-23.8528,0.0],[113.49187,-23.87217,0.0],[113.45973,-23.91033,0.0],[113.45655,-23.92718,0.0],[113.45948,-23.94459,0.0],[113.46046,-23.96795,0.0],[113.45533,-23.99066,0.0],[113.44679,-24.00758,0.0],[113.43572,-24.02109,0.0],[113.4227,-24.03314,0.0],[113.41456,-24.04941,0.0],[113.41383,-24.07041,0.0],[113.41928,-24.10459,0.0],[113.43181,-24.14804,0.0],[113.43328,-24.17018,0.0],[113.4227,-24.19052,0.0],[113.39723,-24.21413,0.0],[113.38941,-24.2278,0.0],[113.38526,-24.24912,0.0],[113.39145,-24.41367,0.0],[113.40024,-24.45794,0.0],[113.41676,-24.49765,0.0],[113.43946,-24.53281,0.0],[113.54249,-24.64349,0.0],[113.60434,-24.72829,0.0],[113.61166,-24.74538,0.0],[113.61866,-24.77044,0.0],[113.62094,-24.79583,0.0],[113.61402,-24.81406,0.0],[113.60515,-24.8305,0.0],[113.60572,-24.85019,0.0],[113.60971,-24.87135,0.0],[113.61061,-24.89275,0.0],[113.63966,-24.89617,1.7661],[113.65821,-24.91204,0.0],[113.66676,-24.93377,0.0],[113.66521,-24.95485,0.0],[113.66041,-24.96258,0.0],[113.64731,-24.97731,0.0],[113.6447,-24.98561,0.0],[113.64576,-24.9931,0.0],[113.65105,-25.0053,0.0],[113.65528,-25.02614,0.0],[113.66944,-25.04754,0.0],[113.67791,-25.08164,0.0],[113.69215,-25.10524,0.0],[113.71306,-25.12493,0.0],[113.74733,-25.13665,0.0],[113.78932,-25.16033,0.0],[113.80242,-25.17181,0.0],[113.80812,-25.18222,0.0],[113.81666,-25.20875,0.0],[113.85328,-25.26393,1.0946],[113.85816,-25.28004,0.0],[113.86207,-25.30267,0.0],[113.9284,-25.4498,0.0],[113.95167,-25.48919,2.0305],[114.01564,-25.56959,2.3708],[114.04103,-25.63356,2.9133],[114.04933,-25.64691,3.1799],[114.08692,-25.66741,3.3635],[114.09303,-25.67164,3.3489],[114.0975,-25.69052,2.1382],[114.1006,-25.69476,2.2331],[114.11549,-25.70078,3.5388],[114.12916,-25.71526,4.3379],[114.13649,-25.73333,3.6078],[114.13201,-25.74993,1.7325],[114.14487,-25.75701,1.9411],[114.14869,-25.77321,1.8853],[114.15528,-25.78973,1.1282],[114.19313,-25.80218,4.568],[114.24269,-25.82887,4.1054],[114.25856,-25.84189,3.1542],[114.26319,-25.86224,2.1936],[114.25441,-25.88584,0.0],[114.24171,-25.90879,0.0],[114.23422,-25.92742,0.0],[114.23748,-25.94964,0.0],[114.24806,-25.96087,0.0],[114.26026,-25.97112,1.7464],[114.26857,-25.98952,2.2438],[114.25815,-25.98895,1.4293],[114.25554,-25.98952,0.0],[114.24684,-25.99285,0.0],[114.23268,-25.99603,5.5674],[114.21957,-25.99676,6.5242],[114.21388,-25.99277,6.0612],[114.20021,-25.97666,0.0],[114.19077,-25.97088,0.0],[114.18653,-25.97894,0.0],[114.19174,-26.004,0.0],[114.21778,-26.04306,0.0],[114.22755,-26.06463,0.0],[114.22828,-26.07529,0.0],[114.22682,-26.0888,0.0],[114.22332,-26.10068,0.0],[114.2173,-26.10565,0.0],[114.20438,-26.14684,0.0],[114.19721,-26.16809,3.136],[114.1919,-26.19586,3.5394],[114.19928,-26.21869,0.0],[114.20488,-26.24645,0.0],[114.21958,-26.27416,0.0],[114.23437,-26.31658,0.0],[114.21631,-26.34445,6.1212],[114.20736,-26.37554,4.3337],[114.1837,-26.38218,0.7926],[114.15642,-26.39373,0.0],[114.14375,-26.41339,0.0],[114.12376,-26.42981,1.0409],[114.10378,-26.44788,0.0],[114.08554,-26.44795,0.0],[114.06908,-26.43656,0.0],[114.02153,-26.39089,0.0],[113.96998,-26.33172,0.0],[113.96485,-26.30928,6.1857],[113.95751,-26.28315,3.0571],[113.95564,-26.26028,0.0],[113.94283,-26.22764,2.0371],[113.93547,-26.19172,0.0],[113.94809,-26.13946,0.0],[113.9281,-26.13787,4.2893],[113.90602,-26.11932,28.2342],[113.91164,-26.08894,0.0],[113.90243,-26.03185,0.0],[113.906,-25.99922,0.0],[113.90958,-25.97637,0.5401],[113.88551,-25.95176,0.0],[113.86443,-25.94793,0.0],[113.85873,-25.94622,0.0],[113.8545,-25.94427,0.0],[113.85157,-25.94769,0.0],[113.85076,-25.9616,0.0],[113.85288,-25.97129,0.0],[113.86232,-25.98895,1.3714],[113.86443,-25.99944,1.4117],[113.87884,-26.04332,0.0],[113.868,-26.07924,0.9548],[113.84807,-26.12171,6.595],[113.79539,-26.20671,27.4478],[113.76625,-26.21003,0.0],[113.76261,-26.19697,0.0],[113.728,-26.19703,0.0],[113.72801,-26.18069,4.2397],[113.70436,-26.14805,29.3473],[113.71346,-26.12191,0.0],[113.71528,-26.07783,0.0],[113.72255,-26.04844,0.0],[113.71891,-26.03212,0.7432],[113.73164,-26.00762,0.5388],[113.73889,-25.98477,0.0],[113.73885,-25.9554,0.0],[113.73522,-25.93581,4.0144],[113.75337,-25.92111,0.0],[113.76061,-25.90479,0.0],[113.75695,-25.88522,25.1947],[113.74424,-25.88032,8.8135],[113.72731,-25.87282,1.4991],[113.72234,-25.86663,3.5204],[113.71698,-25.84607,23.9113],[113.72241,-25.82812,0.0],[113.72783,-25.79544,0.0],[113.70094,-25.79176,0.0],[113.67518,-25.78079,7.8003],[113.66064,-25.74977,0.0],[113.63103,-25.73626,13.802],[113.60798,-25.70402,0.0],[113.59344,-25.66643,0.0],[113.58434,-25.63211,0.0],[113.56251,-25.63152,0.0],[113.55592,-25.61956,0.0],[113.54664,-25.61761,0.0],[113.53289,-25.61826,2.877],[113.5208,-25.60096,3.0702],[113.52439,-25.57806,0.0],[113.51891,-25.54043,0.0],[113.51525,-25.50934,0.0],[113.50255,-25.51421,15.5231],[113.48987,-25.54527,3.9088],[113.46446,-25.57301,0.0],[113.45175,-25.60405,4.3352],[113.43357,-25.63344,30.0295],[113.42265,-25.65466,0.0],[113.419,-25.68081,13.9347],[113.41353,-25.70205,0.0],[113.42078,-25.72822,12.9148],[113.44752,-25.76483,0.0],[113.46046,-25.77663,6.986],[113.46916,-25.79171,0.0],[113.46816,-25.80511,7.9786],[113.47411,-25.81763,8.8712],[113.48803,-25.82748,12.2755],[113.49995,-25.84269,0.0],[113.51187,-25.85342,0.0],[113.51782,-25.8704,8.3728],[113.52377,-25.89185,4.1912],[113.51876,-25.91954,16.6895],[113.55755,-25.94099,16.9031],[113.55352,-25.97226,0.0],[113.56243,-25.99996,0.0],[113.57635,-26.0089,21.5497],[113.56736,-26.0366,0.0],[113.57132,-26.05716,0.0],[113.57724,-26.08934,0.0],[113.61108,-26.09648,0.9858],[113.64888,-26.13939,14.34],[113.66778,-26.1662,29.6891],[113.67997,-26.18383,0.0],[113.67996,-26.20083,0.0],[113.68414,-26.2216,0.0],[113.74924,-26.23851,0.0],[113.78175,-26.24139,9.1968],[113.81422,-26.26678,0.0],[113.84108,-26.29567,0.0],[113.86841,-26.3188,0.0],[113.88477,-26.34267,4.4671],[113.88337,-26.37854,4.5102],[113.87303,-26.39849,7.2026],[113.88345,-26.4224,32.8092],[113.88948,-26.46492,17.8934],[113.88657,-26.49284,0.6308],[113.87029,-26.52213,0.0],[113.8525,-26.54477,1.5781],[113.83319,-26.55413,0.5628],[113.81388,-26.56349,0.0],[113.81243,-26.59942,0.1635],[113.78045,-26.60125,2.4466],[113.77227,-26.58751,0.0],[113.76038,-26.59551,4.5485],[113.7351,-26.60087,0.0],[113.71129,-26.61021,1.0077],[113.69492,-26.61424,8.0217],[113.68747,-26.63156,0.0],[113.68629,-26.65423,0.0],[113.66959,-26.65289,0.0],[113.67108,-26.63558,0.0],[113.66663,-26.61562,0.0],[113.66218,-26.60098,0.3566],[113.64431,-26.60233,0.0],[113.62875,-26.59808,7.2684],[113.63838,-26.58768,0.0],[113.63393,-26.57304,0.0],[113.64289,-26.54907,0.0],[113.64291,-26.52645,0.0],[113.64441,-26.49984,0.0],[113.64443,-26.48122,0.0],[113.62515,-26.44,0.0],[113.61772,-26.44665,0.0],[113.62065,-26.46927,0.0],[113.62361,-26.48789,11.7932],[113.60425,-26.50786,0.0],[113.59828,-26.51851,9.7576],[113.59676,-26.53847,0.0],[113.59376,-26.55312,9.8812],[113.58183,-26.56511,0.0],[113.56551,-26.56508,0.0],[113.56709,-26.52913,12.5894],[113.56711,-26.49056,0.0],[113.55674,-26.4706,0.0],[113.56716,-26.44535,0.0],[113.55977,-26.4121,9.1575],[113.55238,-26.38417,0.0],[113.56133,-26.35227,1.626],[113.55392,-26.32435,0.0],[113.54949,-26.3044,0.0],[113.54357,-26.28712,0.0],[113.53022,-26.26717,0.0],[113.51387,-26.27381,0.0],[113.51384,-26.29508,7.7856],[113.50936,-26.31236,7.0964],[113.52565,-26.35492,1.2705],[113.51369,-26.39348,0.6555],[113.50772,-26.41077,2.3457],[113.50767,-26.43471,0.0],[113.50762,-26.4693,22.4053],[113.48676,-26.47994,0.0],[113.47932,-26.47329,0.0],[113.49279,-26.43471,0.0],[113.48988,-26.40013,6.4799],[113.50332,-26.37619,13.5145],[113.49596,-26.32698,0.0],[113.48708,-26.30038,0.0],[113.4782,-26.28309,20.159],[113.47378,-26.26314,0.9406],[113.46191,-26.24983,0.0],[113.45898,-26.2219,0.0],[113.45009,-26.20061,0.0],[113.45163,-26.15938,0.0],[113.42342,-26.15668,1.5038],[113.41302,-26.15533,1.0],[113.39664,-26.17658,11.7543],[113.38787,-26.0608,0.0],[113.36267,-26.01282,0.0],[113.3567,-26.04209,0.0],[113.3804,-26.09938,19.0439],[113.37725,-26.2098,2.0243],[113.36383,-26.2284,1.0],[113.3533,-26.27494,1.0],[113.35619,-26.3082,18.2183],[113.37543,-26.35081,12.727],[113.38427,-26.38276,3.5497],[113.36791,-26.37874,-1.0],[113.36201,-26.35745,5.641],[113.34719,-26.33082,0.0],[113.33533,-26.31084,2.553],[113.328,-26.2749,1.0],[113.32964,-26.23503,1.0],[113.3209,-26.12185,0.0],[113.30622,-25.99665,0.0],[113.29131,-26.02457,0.0],[113.28532,-26.0565,0.0],[113.28822,-26.09379,0.0],[113.29261,-26.13108,8.4466],[113.2851,-26.16567,3.3063],[113.27906,-26.1976,9.7687],[113.27597,-26.23486,2.4181],[113.26413,-26.21087,1.9276],[113.25825,-26.18556,0.0],[113.22853,-26.1806,0.0],[113.21022,-26.17449,0.0],[113.18685,-26.15604,0.0],[113.16149,-26.13995,0.0],[113.15698,-26.15193,23.1318],[113.17629,-26.17731,13.7721],[113.21323,-26.2151,0.0],[113.24467,-26.2401,93.3284],[113.27134,-26.28809,0.0],[113.28466,-26.31873,0.0],[113.29949,-26.33872,4.1496],[113.29199,-26.35335,0.0],[113.29787,-26.37466,0.0],[113.29778,-26.39729,2.3736],[113.31262,-26.41595,9.1203],[113.34295,-26.44305,60.0797],[113.35727,-26.45517,76.6606],[113.46571,-26.55714,21.7344],[113.53175,-26.62322,0.0],[113.59058,-26.67565,79.6925],[113.65453,-26.77559,0.0],[113.76441,-26.91815,0.0],[113.92319,-27.17132,0.0],[114.01254,-27.31536,32.2884],[114.07447,-27.4472,0.0],[114.14389,-27.68776,0.0],[114.14568,-27.69891,0.0],[114.14234,-27.70916,0.0],[114.1277,-27.73016,0.0],[114.12436,-27.74017,0.0],[114.12062,-27.7597,0.0],[114.10255,-27.79795,0.0],[114.09718,-27.81943,0.0],[114.09791,-27.86273,0.0],[114.10597,-27.90407,0.0],[114.14389,-28.01865,0.0],[114.14568,-28.0276,0.0],[114.14682,-28.06162,0.0],[114.14869,-28.06854,0.0],[114.15414,-28.07806,0.0],[114.16603,-28.1067,0.0],[114.24488,-28.19248,0.0],[114.26051,-28.20525,0.0],[114.29558,-28.22145,0.0],[114.31007,-28.23016,0.0],[114.35694,-28.29258,0.0],[114.36476,-28.30901,0.0],[114.36931,-28.32285,0.0],[114.42286,-28.40097,0.0],[114.50864,-28.4909,0.0],[114.5311,-28.52239,0.0],[114.58985,-28.65586,0.0],[114.59783,-28.70184,0.0],[114.59555,-28.7483,0.0],[114.57748,-28.78509,0.0],[114.59278,-28.79778,0.0],[114.60377,-28.83856,0.0],[114.61451,-28.85752,0.0],[114.64829,-28.90228,0.0],[114.6526,-28.91237,0.0],[114.83204,-29.09205,0.0],[114.84246,-29.10858,0.0],[114.89625,-29.23366,0.0],[114.91236,-29.29209,0.0],[114.9297,-29.32781,0.0],[114.93328,-29.34368,0.0],[114.93507,-29.36452,0.0],[114.93995,-29.38747,0.0],[114.95379,-29.42938,0.0],[114.97877,-29.47991,0.0],[114.9817,-29.50172,0.0],[114.97934,-29.52321,0.0],[114.96119,-29.58025,0.0],[114.94606,-29.65814,0.0],[114.94068,-29.74407,0.0],[114.94752,-29.83001,0.0],[114.95102,-29.8449,0.0],[114.96559,-29.88063,0.0],[114.96746,-29.90244,0.0],[114.94264,-30.03102,0.0],[114.94752,-30.06683,0.0],[114.95379,-30.07448,0.0],[114.9629,-30.0827,0.0],[114.9712,-30.09238,0.0],[114.97706,-30.11549,0.0],[114.98634,-30.136,0.0],[114.98854,-30.14568,0.0],[114.98487,-30.16815,0.0],[114.9782,-30.19183,0.0],[114.97486,-30.21404,0.0],[114.9817,-30.23203,0.0],[114.98902,-30.23707,0.0],[115.01043,-30.24822,0.0],[115.01922,-30.25457,0.0],[115.0228,-30.26287,0.0],[115.02377,-30.27418,0.0],[115.02263,-30.29616,0.0],[115.02027,-30.3025,0.0],[115.01051,-30.31268,0.0],[115.00896,-30.32008,0.0],[115.01108,-30.32497,0.0],[115.01979,-30.33563,0.0],[115.02263,-30.34059,0.0],[115.03419,-30.37038,0.0],[115.05494,-30.44801,0.0],[115.05738,-30.46746,0.0],[115.05698,-30.50547,0.0],[115.0608,-30.52239,0.0],[115.09506,-30.60573,0.0],[115.0984,-30.62518,0.0],[115.10108,-30.6334,0.0],[115.16196,-30.74212,0.0],[115.16603,-30.75555,0.0],[115.16651,-30.76588,0.0],[115.18092,-30.82724,0.0],[115.23854,-30.87868,0.0],[115.313,-30.99082,0.0],[115.38307,-31.13388,0.0],[115.4546,-31.30348,0.0],[115.55063,-31.43475,0.0],[115.60483,-31.54656,0.0],[115.68035,-31.64861,0.0],[115.70094,-31.69118,0.0],[115.72153,-31.77264,0.0],[115.74366,-31.92783,0.0],[115.72779,-32.05511,0.0],[115.72934,-32.07464,0.0],[115.73854,-32.09149,0.0],[115.74269,-32.10231,0.0],[115.7409,-32.11452,0.0],[115.73512,-32.12949,0.0],[115.73878,-32.13942,0.0],[115.75099,-32.15342,0.0],[115.75563,-32.16351,0.0],[115.75685,-32.18564,0.0],[115.74529,-32.22283,0.0],[115.74195,-32.24236,0.0],[115.73585,-32.26442,0.0],[115.71974,-32.27321,0.0],[115.67368,-32.27337,0.0],[115.68678,-32.29022,0.0],[115.71437,-32.30299,3.7556],[115.72779,-32.31504,0.0],[115.73585,-32.33318,0.0],[115.73194,-32.34588,0.0],[115.70786,-32.36956,0.0],[115.73365,-32.38795,5.0112],[115.74562,-32.41872,0.0],[115.74545,-32.45566,0.0],[115.73512,-32.49245,0.0],[115.72975,-32.50189,0.0],[115.71705,-32.51922,0.0],[115.71412,-32.52663,7.4672],[115.71453,-32.53704,3.5578],[115.72153,-32.55731,0.734],[115.72926,-32.56609,0.8097],[115.74635,-32.57008,0.0],[115.76295,-32.57903,0.0],[115.7693,-32.60231,0.0],[115.76287,-32.6277,0.0],[115.74871,-32.6373,0.0],[115.70444,-32.63649,0.0],[115.69386,-32.63372,1.8333],[115.67677,-32.62282,5.8173],[115.66684,-32.62282,0.0],[115.65886,-32.62851,0.0],[115.66188,-32.63397,0.0],[115.67368,-32.64275,0.0],[115.67823,-32.65618,0.0],[115.68019,-32.66546,0.0],[115.68051,-32.68125,0.0],[115.68377,-32.6902,0.0],[115.69793,-32.70322,0.0],[115.71713,-32.74163,0.4777],[115.72299,-32.76377,0.0],[115.71412,-32.78045,0.2753],[115.69109,-32.7706,4.3648],[115.66798,-32.73065,49.5816],[115.63966,-32.65691,25.6436],[115.6399,-32.60858,21.8783],[115.69337,-32.55267,16.0825],[115.70094,-32.51295,0.0],[115.67579,-32.53493,0.0],[115.62965,-32.59238,0.0],[115.61232,-32.62282,0.0],[115.60092,-32.66172,0.0],[115.60385,-32.695,0.0],[115.61279999999999,-32.72845,0.0],[115.62469,-32.81178,0.0],[115.66,-32.93816,0.8122],[115.67457,-33.025,0.0],[115.67189,-33.12054,0.0],[115.66684,-33.28769,0.0],[115.67368,-33.28769,0.0],[115.68637,-33.24049,14.0564],[115.69109,-33.20485,11.6916],[115.69793,-33.19313,0.1146],[115.70484,-33.19248,0.4322],[115.70786,-33.20843,0.0],[115.71013,-33.27068,0.0],[115.70167,-33.29713,0.0],[115.67709,-33.30804,0.0],[115.65773,-33.30511,0.0],[115.64617,-33.30039,0.0],[115.63697,-33.29925,0.0],[115.62599,-33.30804,0.0],[115.61883,-33.32073,0.0],[115.60483,-33.36956,0.0],[115.57553,-33.42669,0.0],[115.5171,-33.51238,0.0],[115.43409,-33.59547,0.0],[115.40602,-33.61468,0.0],[115.3672,-33.63128,0.0],[115.32374,-33.64381,0.0],[115.28273,-33.65065,0.0],[115.23707,-33.65114,0.0],[115.19467,-33.64463,0.4147],[115.15553,-33.63258,0.0],[115.11883,-33.61647,0.0],[115.09067,-33.59295,81.1576],[115.07057,-33.56373,39.523],[115.04566,-33.5372,0.0],[115.0027,-33.52109,0.0],[114.98854,-33.52109,0.0],[114.99,-33.54192,0.0],[115.0027,-33.59547,0.0],[115.00392,-33.61696,0.0],[114.99789,-33.63104,0.0],[114.97104,-33.6539,0.0],[114.9568,-33.68231,0.0],[114.95899,-33.7199,0.0],[114.97145,-33.75628,0.0],[114.98854,-33.78102,0.0],[114.9795,-33.7986,0.0],[114.96388,-33.84303,0.0],[114.96119,-33.85955,0.0],[114.96339,-33.88201,0.0],[114.97267,-33.92278,0.0],[114.97438,-34.0617,0.0],[114.97104,-34.0827,0.0],[114.97446,-34.09189,0.0],[115.0027,-34.14479,0.0],[115.00994,-34.16318,0.0],[115.01173,-34.17913,0.0],[115.00896,-34.21868,0.0],[115.01043,-34.24505,0.0],[115.01783,-34.26214,0.0],[115.10841,-34.34433,0.0],[115.11883,-34.36338,0.0],[115.13754,-34.34987,120.8852],[115.16489,-34.31024,0.0],[115.18377,-34.30185,12.2798],[115.26287,-34.29852,9.6049],[115.29078,-34.30185,18.726],[115.33473,-34.31422,6.5041],[115.48927,-34.38209,47.3075],[115.49903,-34.38372,59.4115],[115.50815,-34.38698,65.6843],[115.51401,-34.39511,0.0],[115.51905,-34.40521,0.0],[115.52638,-34.41481,0.0],[115.53492,-34.41839,0.0],[115.57065,-34.42474,0.0],[115.61232,-34.4459,0.0],[115.74545,-34.54022,2.1755],[115.88673,-34.67734,0.0],[115.91578,-34.70192,0.0],[115.9336,-34.72259,0.0],[115.94654,-34.7575,0.0],[115.97242,-34.78297,0.0],[115.98162,-34.80145,0.0],[115.9756,-34.81845,0.0],[115.97389,-34.83025,0.0],[115.97853,-34.83563,0.0],[115.98959,-34.83465,0.0],[116.00953,-34.83034,77.4606],[116.01979,-34.82936,12.8252],[116.0962,-34.83864,8.5412],[116.24838,-34.87754,0.0],[116.2894,-34.89764,0.0],[116.33082,-34.91269,84.9456],[116.37615,-34.91741,20.5283],[116.39894,-34.9039,7.0766],[116.37257,-34.86354,8.2604],[116.38136,-34.85817,10.683],[116.38754,-34.85752,11.2991],[116.39291,-34.8598,10.7555],[116.39926,-34.86354,10.8923],[116.41383,-34.87615,0.5],[116.42661,-34.89186,0.5],[116.44223,-34.90553,0.5],[116.4756,-34.91367,10.7834],[116.48943,-34.92002,3.889],[116.5005,-34.92889,4.4992],[116.50367,-34.93922,0.5],[116.49773,-34.94622,6.4289],[116.48829,-34.94573,0.5],[116.46876,-34.93922,0.5],[116.38299,-34.92498,38.4311],[116.37525,-34.93271,70.6061],[116.39503,-34.94948,93.7776],[116.43474,-34.9734,6.5107],[116.45851,-34.997,0.0],[116.4651,-35.00066,0.0],[116.49008,-34.9992,201.5304],[116.50318,-34.99993,68.9286],[116.51295,-35.00408,18.5036],[116.53159,-35.01474,0.0],[116.58481,-35.02117,67.18],[116.61769,-35.04306,0.0],[116.63787,-35.05023,137.5383],[116.64698,-35.03826,119.7388],[116.65838,-35.02801,98.7812],[116.72885,-35.02801,5.0293],[116.72731,-35.02077,0.0],[116.72804,-35.01767,0.0],[116.73097,-35.01442,0.0],[116.73634,-35.0075,0.0],[116.74952,-35.01238,10.7142],[116.79086,-35.02117,0.0],[116.8309,-35.04339,0.0],[116.84498,-35.04909,0.0],[116.8777,-35.05486,0.0],[116.89959,-35.05039,32.4145],[116.91725,-35.03753,16.5161],[116.93775,-35.01816,3.5376],[116.94996,-35.01344,8.7563],[116.96608,-35.01426,30.7263],[116.9817,-35.01849,31.9092],[116.99244,-35.02459,2.8568],[117.00245,-35.02899,0.0],[117.0149,-35.02728,25.9775],[117.02809,-35.02337,19.2463],[117.04038,-35.02117,15.2793],[117.05258,-35.02337,12.495],[117.07797,-35.03265,0.9199],[117.09547,-35.03484,0.0],[117.10678,-35.03834,0.0],[117.12794,-35.05608,0.0],[117.14039,-35.06276,0.0],[117.15895,-35.02744,8.4831],[117.17164,-35.01328,21.3628],[117.19166,-35.0075,21.5923],[117.20094,-35.01067,22.9869],[117.21217,-35.01678,17.6946],[117.2234,-35.02077,0.0],[117.23292,-35.01816,45.6618],[117.23959,-35.01483,120.2782],[117.24887,-35.01409,83.657],[117.26694,-35.01491,22.215],[117.30494,-35.03021,64.5607],[117.32399,-35.03297,84.8272],[117.3322,-35.01816,0.0],[117.34059,-35.01784,38.3556],[117.35955,-35.02418,0.0],[117.3899,-35.03826,0.0],[117.40235,-35.04664,0.0],[117.45997,-35.0761,0.0],[117.47104,-35.07969,0.0],[117.50359,-35.08327,7.7261],[117.53858,-35.09222,0.0],[117.58904,-35.12558,0.0],[117.61964,-35.13787,0.0],[117.62086,-35.10589,138.1951],[117.6268,-35.08025,220.9543],[117.64129,-35.06129,24.9389],[117.66733,-35.04909,7.8477],[117.68434,-35.04632,0.0],[117.74724,-35.05136,0.0],[117.80983,-35.07138,118.5699],[117.86036,-35.10882,0.0],[117.89047,-35.11736,4.7924],[117.93287,-35.12038,0.0],[117.94858,-35.11736,132.7206],[117.97047,-35.10394,0.0],[117.98276,-35.09954,1.4475],[117.99635,-35.10369,0.0],[118.00148,-35.08815,91.2535],[117.98862,-35.08473,0.0],[117.952,-35.08953,0.0],[117.93483,-35.08131,8.1878],[117.91765,-35.04705,3.1283],[117.90138,-35.04168,0.0],[117.89324,-35.04656,0.0],[117.89404999999999,-35.05478,0.0],[117.89869,-35.06422,0.0],[117.90138,-35.07269,0.0],[117.89772,-35.08148,9.9832],[117.88893,-35.08172,11.0294],[117.86004,-35.07138,28.9698],[117.84376,-35.06024,23.1483],[117.83204,-35.04583,11.2357],[117.83546,-35.03143,10.538],[117.84929,-35.02557,4.0937],[117.90756,-35.02117,8.4291],[117.90886,-35.01914,2.6503],[117.91684,-35.00994,3.9746],[117.92058,-35.0075,2.5659],[117.92872,-35.00758,1.4733],[117.93426,-35.01035,0.0],[117.93881,-35.01336,0.0],[117.94483,-35.01491,0.0],[117.95444,-35.01385,0.0],[117.97169,-35.00872,73.4937],[117.97901,-35.0075,28.8685],[117.98845,-35.00872,8.5403],[118.00831,-35.01393,15.5083],[118.01686,-35.01491,18.4138],[118.0267,-35.01393,63.9827],[118.03419,-35.01198,78.2413],[118.04469,-35.0075,144.5417],[118.09213,-34.99383,0.0],[118.10621,-34.98707,0.0],[118.11305,-34.99383,0.0],[118.11988,-34.98707,15.4372],[118.1692,-35.0167,0.0],[118.18141,-35.02117,0.0],[118.19939,-35.01678,62.2698],[118.20102,-35.00237,15.398],[118.19288,-34.98358,162.8263],[118.18141,-34.96592,0.0],[118.17506,-34.96356,0.0],[118.16554,-34.96152,3.7832],[118.15886,-34.95664,1.7192],[118.16082,-34.94549,1.1975],[118.16774,-34.94256,2.9615],[118.2024,-34.93922,39.7293],[118.24448,-34.91676,16.6006],[118.26441,-34.91131,0.0],[118.34262,-34.90504,0.0],[118.3851,-34.90838,0.0],[118.39845,-34.90097,188.8197],[118.40113,-34.87721,0.0],[118.38933,-34.84629,22.7043],[118.38738,-34.82594,19.317],[118.39772,-34.80527,8.5411],[118.40992,-34.78883,15.7205],[118.43019,-34.75457,45.9332],[118.44264,-34.74,41.8082],[118.47983,-34.71705,40.1823],[118.52345,-34.70338,86.5582],[118.61329,-34.68597,116.7161],[118.6325,-34.67791,100.2325],[118.66627,-34.65683,105.8028],[118.7059,-34.64772,87.515],[118.72495,-34.63584,151.492],[118.75733,-34.60345,5.5267],[118.73243,-34.59832,33.8608],[118.72381,-34.57887,63.0574],[118.72731,-34.55804,56.421],[118.74,-34.54827,17.1661],[118.75367,-34.54274,41.3801],[118.78989,-34.51881,56.6039],[118.80885,-34.51344,0.0],[118.8755,-34.50644,0.0],[118.88771,-34.50042,0.0],[118.88201,-34.49066,107.3385],[118.83985,-34.45257,21.5],[118.84596,-34.45257,23.25],[118.89796,-34.45875,0.0],[118.90406,-34.4568,22.3719],[118.92213,-34.44785,20.291],[118.93198,-34.4459,34.0714],[119.11695,-34.47243,0.0],[119.12355,-34.47527,0.0],[119.13893,-34.48886,0.0],[119.14772,-34.49358,0.0],[119.15968,-34.49505,0.0],[119.1784,-34.49196,0.0],[119.1893,-34.49358,0.0],[119.20094,-34.49798,0.0],[119.20948,-34.50335,0.0],[119.21485,-34.51165,0.0],[119.21656,-34.52467,0.0],[119.22071,-34.53183,0.0],[119.22999,-34.53216,10.7315],[119.24708,-34.52776,117.3463],[119.26059,-34.52215,0.0],[119.26498,-34.50945,164.5477],[119.26441,-34.48675,131.6346],[119.26954,-34.46649,38.5813],[119.27418,-34.46038,28.1172],[119.28484,-34.45257,3.1194],[119.30144,-34.4459,26.458],[119.31918,-34.44492,0.0],[119.33367,-34.45192,0.0],[119.34116,-34.47405,0.0],[119.34938,-34.48968,0.0],[119.3532,-34.49358,0.0],[119.36402,-34.49505,0.0],[119.36622,-34.49082,0.0],[119.36549,-34.48455,0.0],[119.36744,-34.47991,0.0],[119.39088,-34.46331,0.0],[119.40154,-34.45875,44.3238],[119.38209,-34.44012,91.9468],[119.37648,-34.41172,17.9456],[119.38502,-34.38486,0.0],[119.40846,-34.37005,19.7801],[119.44239,-34.37444,0.0],[119.4795,-34.40455,0.0],[119.5114,-34.39804,51.63],[119.53321,-34.39031,83.1486],[119.54656,-34.38836,41.6637],[119.55926,-34.38372,87.3201],[119.535,-34.37151,0.0],[119.50782,-34.36679,43.2661],[119.4839,-34.35858,27.3424],[119.4699,-34.33603,29.64],[119.46949,-34.31341,23.5703],[119.47495,-34.2859,0.0],[119.48487,-34.25945,27.9815],[119.49708,-34.23903,32.8046],[119.53273,-34.21649,22.5089],[119.53883,-34.20908,3.991],[119.57203,-34.14202,41.011],[119.58204,-34.13372,34.9296],[119.60621,-34.12754,0.7612],[119.61817,-34.12005,0.0],[119.62338,-34.1111,16.7586],[119.61313,-34.1032,7.8538],[119.64064,-34.08522,33.6536],[119.70265,-34.06341,12.8958],[119.73048,-34.04852,155.5416],[119.79363,-33.9931,85.7632],[119.80616,-33.98496,52.8741],[119.8589,-33.96795,35.8594],[119.9087,-33.966,10.7504],[119.92848,-33.96282,58.3238],[119.94337,-33.95599,47.0953],[119.97023,-33.93865,68.473],[119.98536,-33.93141,14.7813],[120.00221,-33.92604,59.5692],[120.02027,-33.92352,263.1434],[120.03907,-33.92506,0.0],[120.05543,-33.93092,0.0],[120.08448,-33.94785,0.0],[120.10043,-33.95233,0.0],[120.12257,-33.95037,8.1702],[120.15846,-33.93499,10.815],[120.17897,-33.93125,16.8836],[120.27858,-33.93865,0.0],[120.3816,-33.96258,0.0],[120.3943,-33.97381,0.0],[120.4227,-33.9699,0.0],[120.52735,-33.93678,0.0],[120.54274,-33.92816,0.0],[120.54518,-33.92181,19.7509],[120.54428,-33.91424,5.1559],[120.54518,-33.90594,9.5954],[120.55299,-33.89715,5.3501],[120.56219,-33.893,7.2215],[120.57228,-33.89153,1.3171],[120.74708,-33.89088,0.0],[120.76531,-33.88348,5.7054],[120.79038,-33.886,0.0],[120.81625,-33.87664,16.6484],[120.8423,-33.86386,3.5857],[120.86769,-33.85613,11.1095],[120.92018,-33.85711,6.5804],[120.94972,-33.86175,10.6161],[120.97055,-33.87038,0.0],[120.9817,-33.86452,37.2542],[120.99342,-33.86297,17.3868],[121.01905,-33.86297,0.0],[121.03956,-33.85866,6.0855],[121.0796,-33.84539,30.1252],[121.09767,-33.84246,73.9121],[121.10857,-33.84385,91.3665],[121.13258,-33.85174,6.5539],[121.15675,-33.86419,0.0],[121.16212,-33.86826,0.0],[121.16635,-33.86793,0.0],[121.21168,-33.84344,0.0],[121.22853,-33.83766,67.7533],[121.27849,-33.83278,18.2952],[121.31422,-33.81951,38.882],[121.33375,-33.8152,23.0634],[121.4983,-33.82204,44.3475],[121.52149,-33.81911,33.8224],[121.53289,-33.81951,94.0705],[121.55063,-33.82977,0.0],[121.57643,-33.84043,0.0],[121.58424,-33.84246,14.4761],[121.60222,-33.84954,16.274],[121.61476,-33.86403,0.0],[121.62843,-33.8764,0.0],[121.64967,-33.87664,70.2694],[121.65691,-33.87217,63.3838],[121.66521,-33.86517,68.9993],[121.67514,-33.85898,35.4958],[121.68727,-33.85613,33.9997],[121.69728,-33.85719,29.233],[121.71697,-33.86191,46.4732],[121.72828,-33.86297,66.5324],[121.74383,-33.86793,49.1915],[121.77573,-33.89056,79.7233],[121.79371,-33.89715,72.2711],[121.813,-33.89511,72.2648],[121.84848,-33.88014,46.401],[121.86476,-33.87664,17.6257],[121.87924,-33.86989,31.3637],[121.91375,-33.83856,1.7597],[121.93702,-33.82879,3.9133],[121.98146,-33.82879,7.2578],[121.99545,-33.82244,8.5975],[122.00571,-33.82073,10.4064],[122.01564,-33.82537,12.0175],[122.03956,-33.85613,0.0],[122.06105,-33.87078,9.098],[122.06739,-33.87664,8.7296],[122.07423,-33.89153,0.0],[122.08237,-33.92718,0.0],[122.1058,-33.96404,0.0],[122.10279,-33.98016,0.0],[122.07358,-34.00701,0.0],[122.07358,-34.01442,0.0],[122.09474,-34.01914,0.0],[122.18727,-34.02068,0.0],[122.19272,-34.01637,1.2093],[122.19923,-34.00693,27.8281],[122.20729,-33.99749,11.8531],[122.21762,-33.99334,41.1387],[122.2234,-34.00156,0.0],[122.24024,-34.01621,0.0],[122.25782,-34.02207,0.0],[122.26612,-34.00384,0.0],[122.26401,-33.97096,6.1547],[122.26775,-33.95924,9.2881],[122.27963,-33.94549,6.6134],[122.31227,-33.9249,24.7182],[122.34986,-33.9153,7.1614],[122.39015,-33.91579,0.0],[122.48894,-33.94354,0.0],[122.50196,-33.94549,0.0],[122.52182,-33.93108,31.5906],[122.52638,-33.93288,29.1143],[122.53077,-33.93662,0.6538],[122.53663,-33.93865,0.0],[122.54086,-33.94118,0.0],[122.56031,-33.95916,0.0],[122.57399,-33.94899,0.0],[122.58302,-33.93694,11.0576],[122.58424,-33.92392,0.0],[122.57455,-33.91082,24.6001],[122.60743,-33.89479,4.7262],[122.64829,-33.88942,5.8902],[122.73561,-33.89088,6.7061],[122.76344,-33.879,0.0],[122.77662,-33.87664,10.9514],[122.78785,-33.88104,0.0],[122.80763,-33.90016,0.0],[122.81788,-33.90455,0.0],[122.84083,-33.90374,4.0052],[122.87713,-33.89715,2.7618],[122.95411,-33.87282,57.6925],[122.99342,-33.8681,42.1541],[123.00758,-33.86354,40.3784],[123.02312,-33.86061,0.0],[123.04689,-33.86297,0.0],[123.08497,-33.87835,0.0],[123.11362,-33.90447,0.0],[123.13282,-33.93906,0.0],[123.14698,-34.00213,0.0],[123.15463,-34.00945,0.0],[123.18751,-34.00701,6.3825],[123.1941,-34.0053,5.8823],[123.20574,-33.99668,79.6653],[123.21127,-33.99334,36.6882],[123.21778,-33.99326,24.7759],[123.22389,-33.99603,0.0],[123.22877,-33.99928,0.0],[123.23194,-34.00075,0.0],[123.26661,-33.9865,0.0],[123.31414,-33.9306,16.7173],[123.3436,-33.9035,5.4442],[123.38331,-33.89088,7.6538],[123.45973,-33.90016,7.1954],[123.47202,-33.90765,0.0],[123.47836,-33.91888,0.0],[123.49334,-33.93125,0.0],[123.51124,-33.93963,0.8851],[123.52662,-33.93865,7.9812],[123.56666,-33.88437,12.8128],[123.58107,-33.87623,7.2884],[123.61207,-33.87737,4.9053],[123.62281,-33.87664,0.0],[123.6277,-33.87151,12.198],[123.64161,-33.85125,20.4082],[123.64959,-33.84246,7.6463],[123.66668,-33.83294,5.5078],[123.71079,-33.81634,0.0],[123.72901,-33.80495,10.9113],[123.73878,-33.79404,6.4729],[123.73862,-33.78802,7.556],[123.73463,-33.78069,4.4488],[123.73268,-33.76678,6.313],[123.73487,-33.75799,5.7917],[123.74317,-33.73805,5.2376],[123.75685,-33.71413,1.4697],[123.8152,-33.65838,1.534],[123.85816,-33.63397,6.4226],[123.86305,-33.62957,4.3903],[123.86476,-33.62558,5.4376],[123.86451,-33.62151,2.7331],[123.86345,-33.61826,2.6396],[123.86305,-33.61647,2.5313],[123.87574,-33.60125,0.0],[123.89161,-33.58815,6.5491],[123.9109,-33.57903,3.5418],[123.93442,-33.57562,1.6563],[123.95248,-33.56732,3.8798],[123.96111,-33.54713,4.7044],[123.96551,-33.49977,4.3682],[123.97071,-33.47975,2.7633],[123.98878,-33.43564,2.7189],[123.99464,-33.4109,2.9843],[124.00392,-33.38828,2.9318],[124.00709,-33.37705,1.4158],[124.0075,-33.36842,1.4273],[124.00709,-33.36199,1.8393],[124.00831,-33.35418,-0.7792],[124.04566,-33.2846,2.4143],[124.05836,-33.2702,2.9028],[124.06967,-33.25359,3.0555],[124.07553,-33.23309,10.022],[124.08155,-33.19085,5.62],[124.09474,-33.15569,5.3063],[124.11655,-33.12151,5.298],[124.16481,-33.06797,2.331],[124.20118,-33.03802,8.0068],[124.22267,-33.02565,2.1516],[124.24293,-33.02068,0.0],[124.25489,-33.01336,0.0],[124.29656,-32.97812,2.9064],[124.31495,-32.96608,6.3505],[124.35694,-32.95281,8.5841],[124.51848,-32.92781,17.2237],[124.70883,-32.9039,68.3482],[124.74586,-32.89219,78.1196],[124.83399,-32.8677,0.0],[124.90191,-32.83366,0.0],[125.00025,-32.73724,73.2049],[125.01759,-32.73211,77.1349],[125.03631,-32.72991,0.0],[125.09645,-32.71217,66.4195],[125.25626,-32.63912,0.0],[125.33783,-32.60151,9.2048],[125.47423,-32.56386,63.6583],[125.53727,-32.54838,0.0],[125.67334,-32.45897,0.0],[125.80312,-32.37448,0.0],[125.87,-32.33298,69.0202],[125.92677,-32.30694,0.0],[125.97745,-32.28434,0.0],[126.00758,-32.27337,72.5461],[126.07879,-32.28053,0.0],[126.10377,-32.27337,0.0],[126.11085,-32.26816,0.0],[126.12696,-32.25213,39.9611],[126.13787,-32.24538,43.9982],[126.17408,-32.23691,0.0],[126.18572,-32.23252,1.7871],[126.20362,-32.23854,0.0],[126.24879,-32.24163,6.6048],[126.2776,-32.25628,0.0],[126.37233,-32.28281,0.0],[126.67774,-32.31658,0.0],[126.76026,-32.31097,0.0],[126.78891,-32.30071,0.0],[126.82065,-32.3108,0.0],[126.9358,-32.30071,0.0],[127.05299,-32.30381,0.0],[127.08326,-32.29388,0.0],[127.0901,-32.30071,0.0],[127.11012,-32.29339,0.0],[127.28875,-32.27337,0.0],[127.53199,-32.21136,0.0],[127.53785,-32.20713,0.0],[127.55543,-32.1889,0.0],[127.56609,-32.18467,0.0],[127.58595,-32.18239,0.0],[127.76629,-32.12314,1.8655],[128.01734,-32.08424,0.0],[128.21892,-32.01767,0.0],[128.65528,-31.8458,0.0],[128.72389,-31.80364,0.0],[128.75538,-31.79363,0.0],[128.77068,-31.77825,0.0],[128.93165,-31.7081,0.0],[128.99,-31.69052,0.0],[129.00009,-31.68922,0.0],[129.00012,-31.68922,0.0],[129.00012,-31.33674,127.4252],[129.00012,-30.98095,146.9838],[129.00012,-30.62516,165.5584],[129.00012,-30.26931,179.0605],[129.00012,-29.91352,186.9059],[129.00012,-29.55778,201.4277],[129.00012,-29.20204,285.7111],[129.00012,-28.84625,282.1189],[129.00012,-28.49046,305.4224],[129.00012,-28.13461,309.0467],[129.00012,-27.77882,364.198],[129.00012,-27.42308,373.5773],[129.00012,-27.06734,425.6572],[129.00012,-26.71155,476.9335],[129.00012,-26.3557,548.0054],[129.00012,-25.99991,641.8019],[129.00012,-25.65218,626.3574],[129.00012,-25.30435,733.4368],[129.00012,-24.95651,649.4436],[129.00012,-24.60878,509.1232],[129.00012,-24.26105,453.7132],[129.00012,-23.91322,479.7658],[129.00012,-23.56543,413.6044],[129.00012,-23.21765,456.0123],[129.00012,-22.86992,391.5923],[129.00012,-22.52214,362.2886],[129.00012,-22.17431,361.3101],[129.00012,-21.82657,364.789],[129.00012,-21.47879,360.0496],[129.00012,-21.13101,332.7758],[129.00012,-20.78318,358.8765],[129.00012,-20.43544,389.7073],[129.00012,-20.08771,455.347],[129.00012,-19.73988,375.7496],[129.00012,-19.39205,506.4144],[129.00012,-19.04432,457.7043],[129.00012,-18.69658,423.8828],[129.00012,-18.34875,368.4106],[129.00012,-18.00092,387.8846],[129.00012,-17.65319,315.195],[129.00012,-17.30546,200.1694],[129.00012,-16.95762,207.0519],[129.00012,-16.60984,169.044],[129.00012,-16.26206,110.1811],[129.00012,-15.91433,90.0791],[129.00012,-15.56659,40.9003],[129.00012,-15.21886,33.2885],[129.00012,-14.87103,0.0],[129.00012,-14.86819,0.0],[129.00012,-14.86815,0.0],[128.99187,-14.86736,0.0],[128.97348,-14.8637,0.0],[128.94028,-14.84612,0.0],[128.91977,-14.8401,0.0],[128.83416,-14.8401,0.0],[128.81373,-14.83563,0.0],[128.79005,-14.82708,0.0],[128.7671,-14.82171,0.0],[128.74855,-14.82643,0.0],[128.71339,-14.79754,0.0],[128.67555,-14.78777,0.0],[128.59083,-14.77801,0.0],[128.55421,-14.75872,0.0],[128.5324,-14.75286,0.0],[128.51246,-14.76092,0.0],[128.49928,-14.77011,0.0],[128.47983,-14.77947,0.0],[128.44068,-14.79225,0.0],[128.39576,-14.79599,0.0],[128.38844,-14.8034,0.0],[128.4026,-14.82301,2.4002],[128.41033,-14.8283,1.4115],[128.42742,-14.83506,12.3728],[128.43328,-14.8401,8.9564],[128.43898,-14.84987,2.7713],[128.43824,-14.85329,0.0],[128.4336,-14.85524,0.0],[128.42701,-14.86053,0.0],[128.41871,-14.8659,0.0],[128.41196,-14.86566,6.6826],[128.40748,-14.86883,8.9206],[128.40602,-14.88445,0.0],[128.40805,-14.89528,0.0],[128.41733,-14.91579,2.1424],[128.42286,-14.94012,0.0],[128.44752,-14.98406,2.6221],[128.4524,-14.99049,2.5533],[128.4568,-14.99505,3.5236],[128.45981,-15.00164,0.0],[128.46119,-15.01483,3.549],[128.45973,-15.0237,0.5517],[128.45582,-15.03411,2.4927],[128.45021,-15.04266,2.6349],[128.4441,-15.04616,2.6785],[128.41798,-15.03973,0.0],[128.39942,-15.02386,1.0376],[128.36492,-14.98406,0.0],[128.35841,-14.99912,0.0],[128.35914,-15.01409,1.1052],[128.36492,-15.04616,0.0],[128.35011,-15.03729,3.081],[128.34278,-15.02109,2.5883],[128.33025,-14.93629,0.0],[128.32301,-14.91074,0.0],[128.31349,-14.90496,0.0],[128.29518,-14.92498,0.0],[128.28305,-14.94256,0.0],[128.28224,-14.9472,0.0],[128.28395,-14.95908,0.0],[128.28305,-14.96364,0.0],[128.27947,-14.96649,0.0],[128.27166,-14.96852,0.0],[128.26873,-14.97039,0.0],[128.21583,-15.02191,0.0],[128.19581,-15.05682,0.0],[128.19988,-15.10027,3.1389],[128.20525,-15.10638,3.1172],[128.21217,-15.11102,3.0634],[128.21827,-15.1181,5.3063],[128.22584,-15.16025,3.2302],[128.22438,-15.16595,1.3587],[128.21632,-15.18524,0.0],[128.22023,-15.20566,0.9705],[128.23048,-15.22405,4.5609],[128.24147,-15.2374,3.285],[128.27866,-15.27166,3.318],[128.29176,-15.2907,3.3055],[128.29664,-15.31618,0.0],[128.28932,-15.40179,0.0],[128.28305,-15.40179,2.7781],[128.28028,-15.38356,0.0],[128.25563,-15.31024,3.3536],[128.23813,-15.282,0.0],[128.23463,-15.27459,0.0],[128.22446,-15.26019,0.0],[128.17449,-15.21331,0.0],[128.14332,-15.19785,0.0],[128.13453,-15.18768,0.0],[128.12517,-15.18206,0.0],[128.11109,-15.1902,0.0],[128.10914,-15.19997,0.0],[128.11118,-15.21315,0.0],[128.11061,-15.22487,0.0],[128.1006,-15.22991,15.0334],[128.11793,-15.29192,0.0],[128.11842,-15.33514,0.0],[128.1128,-15.38177,0.0],[128.10133,-15.42457,0.0],[128.08375,-15.45713,0.0],[128.0687,-15.47096,0.0],[128.04558,-15.48756,0.0],[128.02426,-15.49651,0.0],[128.0149,-15.48748,30.7763],[128.02027,-15.47845,9.2549],[128.05592,-15.44345,3.3742],[128.07228,-15.40447,3.3454],[128.0713,-15.36793,3.2963],[128.04274,-15.29192,0.0],[128.06023,-15.29217,3.1374],[128.07057,-15.28769,3.3786],[128.07569,-15.27776,30.8628],[128.08465,-15.17457,10.4122],[128.08123,-15.16269,2.8138],[128.06959,-15.14121,174.7431],[128.06707,-15.12518,7.222],[128.06853,-15.10662,5.7338],[128.07309,-15.08913,2.7805],[128.09034,-15.0608,17.511],[128.09197,-15.04664,14.5892],[128.09018,-15.03118,24.7003],[128.09059,-15.01141,2.6693],[128.09498,-14.99725,33.1594],[128.10825,-14.97283,2.9118],[128.11109,-14.95989,12.1648],[128.13282,-14.8952,0.0],[128.13746,-14.86256,0.0],[128.11793,-14.85377,2.1798],[128.13836,-14.8388,1.9029],[128.14894,-14.83424,8.1146],[128.16228,-14.8327,11.7387],[128.18067,-14.83245,20.1207],[128.1906,-14.82985,56.3998],[128.19435,-14.82195,0.0],[128.19361,-14.80592,0.0],[128.18141,-14.76995,0.0],[128.17945,-14.75408,2.3905],[128.18483,-14.73699,34.6328],[128.19776,-14.73162,19.2794],[128.21363,-14.73496,4.4341],[128.22779,-14.74391,0.0],[128.23048,-14.73724,0.0],[128.23194,-14.72796,0.0],[128.23129,-14.71819,0.0],[128.22779,-14.70973,0.0],[128.21949,-14.70045,0.0],[128.21469,-14.69891,0.0],[128.20867,-14.70078,0.0],[128.19679,-14.70233,0.0],[128.1753,-14.69842,0.0],[128.15919,-14.68841,0.0],[128.11785,-14.65,0.0],[128.10694,-14.64373,0.0],[128.09596,-14.64129,0.0],[128.08033,-14.6408,0.0],[128.06642,-14.63348,54.0919],[128.05934,-14.61696,96.845],[128.05405,-14.60052,0.0],[128.04656,-14.59303,0.0],[128.04151,-14.59043,0.0],[128.01857,-14.56976,0.0],[128.00538,-14.56072,0.0],[127.99879,-14.56227,1.8598],[127.99244,-14.56862,26.4934],[127.96697,-14.57855,0.0],[127.95753,-14.57887,0.0],[127.94728,-14.57317,9.831],[127.94321,-14.56601,0.0],[127.93995,-14.55446,0.0],[127.93946,-14.54388,0.0],[127.94386,-14.53916,0.0],[127.95476,-14.53289,0.0],[127.9402,-14.51898,1.1536],[127.90561,-14.49749,0.0],[127.88722,-14.47405,0.0],[127.87428,-14.4699,0.0],[127.85792,-14.48382,0.0],[127.85524,-14.4651,49.7955],[127.87940999999999,-14.43955,0.0],[127.87143,-14.42246,0.0],[127.85987,-14.41546,0.0],[127.85108,-14.41725,0.0],[127.84596,-14.42588,0.0],[127.84425,-14.43914,0.0],[127.84108,-14.44354,0.0],[127.83399,-14.44256,0.0],[127.82691,-14.43662,0.0],[127.82358,-14.42588,151.0176],[127.82586,-14.38958,0.0],[127.82358,-14.38079,0.0],[127.81593,-14.37493,0.0],[127.79672,-14.37086,0.0],[127.78956,-14.36712,0.0],[127.76157,-14.2951,0.0],[127.75587,-14.28484,0.0],[127.69825,-14.23545,0.0],[127.68263,-14.21697,18.8844],[127.67075,-14.1972,0.6319],[127.66603,-14.1784,0.0],[127.62452,-14.14739,0.0],[127.61524,-14.13714,0.0],[127.61085,-14.13372,0.0],[127.60613,-14.13299,0.0],[127.59506,-14.13437,0.0],[127.59034,-14.13372,0.0],[127.57496,-14.1233,0.0],[127.54713,-14.09791,0.0],[127.53199,-14.09287,16.8593],[127.52027,-14.0831,0.0],[127.50424,-14.06561,0.0],[127.48927,-14.05836,0.0],[127.48048,-14.0792,0.0],[127.47047,-14.06992,57.2635],[127.45021,-14.05731,0.854],[127.4463,-14.04876,25.9925],[127.45216,-14.01385,70.119],[127.45248,-14.00408,63.3157],[127.4485,-13.98691,17.256],[127.44077,-13.96941,0.0],[127.43043,-13.95387,1.2483],[127.41847,-13.94199,0.0],[127.40707,-13.95713,14.6816],[127.4048,-13.96307,16.0716],[127.39861,-13.96307,40.9174],[127.3943,-13.95224,45.1321],[127.3895,-13.94354,48.6691],[127.38152,-13.93776,21.443],[127.36769,-13.9358,44.6646],[127.36036,-13.92978,63.9393],[127.35328,-13.91668,57.8394],[127.34425,-13.90447,0.0],[127.33025,-13.90106,0.0],[127.32244,-13.91741,0.0],[127.33123,-13.94402,0.0],[127.33269,-13.9612,0.8555],[127.30299,-13.9494,25.41],[127.28793,-13.93825,77.9839],[127.25131,-13.89764,0.0],[127.23683,-13.89202,0.0],[127.22633,-13.90447,0.0],[127.21363,-13.9358,0.0],[127.2059,-13.94362,0.0],[127.19695,-13.94931,0.0],[127.1893,-13.94695,3.1634],[127.18629,-13.93182,67.1313],[127.18727,-13.90179,0.0],[127.18141,-13.89031,0.0],[127.16521,-13.88055,0.0],[127.15968,-13.89219,0.0],[127.15935,-13.90276,0.0],[127.16358,-13.91082,0.0],[127.17262,-13.91522,5.3629],[127.15406,-13.93377,0.0],[127.14259,-13.95623,0.0],[127.12973,-13.96771,0.0],[127.10743,-13.95281,85.062],[127.09571,-13.92636,0.0],[127.09352,-13.90008,54.8317],[127.08513,-13.88388,0.0],[127.05535,-13.88738,47.2817],[127.06414,-13.86777,22.1349],[127.07211,-13.84254,49.1737],[127.07016,-13.82806,0.0],[127.04908,-13.83953,0.8773],[127.05592,-13.82008,0.0],[127.05063,-13.81341,0.0],[127.03761,-13.81618,0.0],[127.02117,-13.82594,12.961],[127.02174,-13.79323,0.0],[127.02003,-13.77776,0.0],[127.01124,-13.77125,0.0],[126.99317,-13.76629,0.0],[126.9782,-13.754,0.0]]]]}
,"properties": {"ISO3166-1-Alpha-3": "AUS","country": "Australia","fill": "#FF0","name": "Western Australia","area_km2": 2533720.2,"hist_schema_id": "Elevation0-9000","hist_area_km2": {"0": 43584.0,"25": 54739.4,"50": 50771.8,"75": 54625.6,"100": 62544.7,"125": 67159.4,"150": 86232.8,"175": 82252.2,"200": 99021.0,"225": 104747.1,"250": 99145.5,"275": 124450.3,"300": 146646.9,"325": 145014.9,"350": 155408.4,"375": 156753.6,"400": 176906.0,"425": 174706.1,"450": 177151.2,"475": 133129.0,"500": 97105.0,"525": 73008.4,"550": 58843.8,"575": 40428.9,"600": 26836.3,"625": 16352.2,"650": 7467.3,"675": 4753.4,"700": 3815.7,"725": 2922.2,"750": 2196.0,"775": 1568.6,"800": 989.8,"825": 667.4,"850": 477.8,"875": 335.3,"900": 248.1,"925": 180.5,"950": 135.5,"975": 106.2,"1000": 83.2,"1025": 68.3,"1050": 51.4,"1075": 37.4,"1100": 24.7}}}