{"type": "Feature","bbox": [143.819,-55.1169,158.95,-39.2037],"geometry": {"type": "MultiPolygon","coordinates": [[[[145.618825,-43.0149,0.342],[145.6189,-43.0149,0.342],[145.61893673469388,-43.014936734693876,0.342],[145.6243,-43.0167,7.6507],[145.6246,-43.0183,0.0],[145.6266,-43.0176,17.8244],[145.6305,-43.0193,18.4121],[145.641,-43.0268,6.1939],[145.644,-43.0248,21.8888],[145.6422,-43.0273,19.8111],[145.6391,-43.0265,2.0454],[145.6392,-43.0311,1.5622],[145.6378,-43.0324,0.0],[145.6401,-43.0327,13.1918],[145.6429,-43.0375,14.2233],[145.641,-43.0415,0.0],[145.6466,-43.042,10.9795],[145.6459,-43.0456,0.0],[145.6476,-43.0485,0.1214],[145.6519,-43.0495,2.7139],[145.657,-43.0444,11.3672],[145.66,-43.0438,7.6663],[145.6744,-43.0527,3.6763],[145.6822,-43.0505,3.3587],[145.681,-43.0512,3.4921],[145.6845,-43.0535,0.0],[145.6869,-43.0586,0.0],[145.6845,-43.0685,1.0676],[145.6884,-43.0692,11.4984],[145.6912,-43.0675,5.9985],[145.6858,-43.0713,6.1098],[145.6836,-43.07,11.4209],[145.6832,-43.0673,0.0],[145.6808,-43.0667,2.4626],[145.6749,-43.0705,5.8618],[145.6746,-43.0741,0.0],[145.6763,-43.0768,5.0732],[145.6725,-43.078,4.3034],[145.6698,-43.0812,3.7199],[145.6767,-43.0911,0.0707],[145.674,-43.0947,12.0052],[145.6647,-43.0935,4.3013],[145.6649,-43.0962,5.8336],[145.6662,-43.0957,5.8336],[145.6661,-43.0971,0.2465],[145.6678,-43.0957,7.1921],[145.6681,-43.0982,0.0],[145.6716,-43.0998,10.7506],[145.6715,-43.102,1.3525],[145.6736,-43.1025,9.286],[145.6734,-43.1067,0.1602],[145.6765,-43.1014,18.445],[145.6788,-43.1032,0.0],[145.6788,-43.101,15.6047],[145.6802,-43.101,20.9641],[145.6817,-43.1032,0.0],[145.6834,-43.1004,24.3877],[145.6845,-43.1041,0.0],[145.6881,-43.1069,23.0248],[145.6868,-43.1084,0.0],[145.6905,-43.1128,5.7564],[145.6915,-43.1123,11.4369],[145.6907,-43.1137,0.4539],[145.6918,-43.1138,7.5625],[145.6934,-43.1155,14.1425],[145.6942,-43.1184,0.0],[145.6964,-43.1167,11.9338],[145.6966,-43.1183,0.0],[145.6967,-43.1168,11.9338],[145.6988,-43.1191,2.2474],[145.7005,-43.1148,7.5605],[145.7011,-43.1204,0.0],[145.7035,-43.1183,11.7957],[145.705,-43.1188,1.1075],[145.7052,-43.1155,18.3768],[145.7086,-43.1184,0.0],[145.7117,-43.112,34.4489],[145.7136,-43.1122,16.9835],[145.716,-43.106,7.8723],[145.7168,-43.1067,16.8483],[145.7154,-43.1118,0.8258],[145.7208,-43.1096,0.944],[145.7273,-43.1119,0.0],[145.7311,-43.1139,21.2619],[145.7328,-43.1199,19.8614],[145.7362,-43.1167,11.3198],[145.7336,-43.12,19.8614],[145.7321,-43.1201,11.0552],[145.7307,-43.1194,1.3835],[145.7287,-43.1217,17.1839],[145.725,-43.1225,5.1898],[145.7241,-43.1248,0.0],[145.7261,-43.1244,19.9589],[145.7265,-43.1252,17.8221],[145.7252,-43.1291,9.4614],[145.726,-43.1323,0.0],[145.7215,-43.1343,0.0],[145.7217,-43.1363,0.0],[145.7241,-43.1359,21.6319],[145.7245,-43.138,0.0],[145.7264,-43.1369,15.2176],[145.7272,-43.1397,0.0],[145.7336,-43.1375,19.4038],[145.7344,-43.1411,0.3437],[145.7375,-43.141,14.4642],[145.7374,-43.1431,0.0],[145.741,-43.1435,22.8649],[145.7412,-43.1483,4.6644],[145.7438,-43.1485,13.451],[145.7436,-43.152,2.5474],[145.746,-43.1527,11.8262],[145.745,-43.1546,11.1861],[145.7446,-43.1546,0.0],[145.7461,-43.1563,1.0464],[145.7452,-43.1569,1.0464],[145.7474,-43.1562,25.0167],[145.7469,-43.1582,0.0],[145.7497,-43.1577,22.6727],[145.753,-43.1625,0.0732],[145.7579,-43.1648,11.5197],[145.7592,-43.1694,7.8803],[145.7555,-43.1698,4.2829],[145.7548,-43.1723,0.0],[145.7577,-43.1744,25.1052],[145.7598,-43.1802,10.7256],[145.7609,-43.1844,6.6301],[145.7584,-43.1842,0.0491],[145.7587,-43.1876,4.5898],[145.7574,-43.1876,4.5898],[145.7616,-43.1933,1.6911],[145.7632,-43.194,1.6911],[145.7638,-43.1922,10.5284],[145.7656,-43.1938,0.7876],[145.7676,-43.1934,0.0],[145.7687,-43.1856,13.0022],[145.7721,-43.1889,4.2421],[145.7742,-43.1883,8.0468],[145.7757,-43.1897,0.0],[145.778,-43.1872,7.5164],[145.7829,-43.1866,4.5705],[145.7877,-43.1883,0.0],[145.7881,-43.1898,0.0],[145.7905,-43.1895,10.1259],[145.7953,-43.1924,10.107],[145.7926,-43.195,17.2692],[145.7914,-43.1942,0.0],[145.7927,-43.1961,17.2692],[145.7887,-43.1979,0.0],[145.7899,-43.2008,0.0],[145.7963,-43.2005,23.505],[145.7929,-43.2024,1.6732],[145.797,-43.2011,23.505],[145.7971,-43.2022,12.5941],[145.7937,-43.2038,0.2605],[145.799,-43.2041,12.157],[145.7977,-43.2057,0.2009],[145.8028,-43.2068,9.2992],[145.8035,-43.2104,0.0],[145.8044,-43.208,0.0],[145.8066,-43.2078,4.8827],[145.8079,-43.2095,6.0804],[145.8047,-43.2089,9.2297],[145.8035,-43.2151,11.1331],[145.8014,-43.2179,7.0721],[145.7967,-43.2191,1.8427],[145.8023,-43.2271,0.8038],[145.8044,-43.2263,3.6314],[145.8088,-43.2292,25.4949],[145.8108,-43.234,15.554],[145.8091,-43.2364,19.715],[145.8041,-43.2355,0.8721],[145.808,-43.2422,1.8321],[145.8025,-43.2432,3.5953],[145.8085,-43.2468,1.1347],[145.8065,-43.2489,0.0],[145.814,-43.2484,3.798],[145.8206,-43.2501,11.0369],[145.8163,-43.2517,0.089],[145.8184,-43.2543,2.683],[145.8187,-43.2581,0.0084],[145.8148,-43.2662,2.3666],[145.818,-43.2718,0.3235],[145.8156,-43.2784,0.0],[145.8209,-43.2824,2.9377],[145.8228,-43.2805,22.4253],[145.8288,-43.2815,0.0],[145.8298,-43.283,15.5739],[145.8278,-43.2842,7.5258],[145.8287,-43.2869,2.9791],[145.8317,-43.2886,0.6128],[145.8335,-43.2873,13.0795],[145.8344,-43.2895,0.766],[145.8352,-43.2884,0.766],[145.8392,-43.2947,0.0],[145.8402,-43.2927,53.3705],[145.8415,-43.2942,5.8845],[145.8462,-43.2913,5.748],[145.8478,-43.2936,1.2769],[145.8504,-43.2926,26.3558],[145.8501,-43.2969,5.7268],[145.8519,-43.2973,20.0425],[145.8534,-43.3002,0.0],[145.8494,-43.3057,8.401],[145.8436,-43.3042,2.1858],[145.8424,-43.3066,0.0],[145.8456,-43.3104,11.963],[145.8394,-43.3098,3.9665],[145.8415,-43.3105,30.5136],[145.8386,-43.3109,3.9665],[145.8401,-43.3132,18.886],[145.8391,-43.3143,1.7305],[145.8411,-43.3135,18.886],[145.8424,-43.3153,1.7061],[145.8434,-43.3132,35.3943],[145.8472,-43.314,3.9692],[145.8463,-43.3108,15.3141],[145.8505,-43.3068,14.0013],[145.8547,-43.3093,39.2468],[145.8549,-43.312,13.2136],[145.8599,-43.318,0.0],[145.8628,-43.3178,107.5137],[145.8705,-43.3226,1.406],[145.8725,-43.321,0.0],[145.8715,-43.32,19.9525],[145.8733,-43.3198,0.0],[145.8724,-43.3176,9.0353],[145.8756,-43.3148,4.2366],[145.8743,-43.3134,56.0656],[145.8787,-43.3108,37.3554],[145.8886,-43.3117,9.4795],[145.8897,-43.3129,16.5385],[145.8904,-43.3118,16.5385],[145.8933,-43.3146,0.0],[145.8943,-43.3135,11.8856],[145.8952,-43.3145,0.8853],[145.8942,-43.3127,39.1653],[145.8961,-43.3133,0.8853],[145.8947,-43.3117,39.1653],[145.896,-43.3111,15.9405],[145.8943,-43.3046,50.6183],[145.8992,-43.3003,13.6812],[145.9023,-43.3009,5.3808],[145.9025,-43.2996,5.3808],[145.9087,-43.2986,6.8703],[145.9172,-43.3025,4.6905],[145.9182,-43.3014,5.9549],[145.9227,-43.3031,0.0],[145.9212,-43.3017,12.1089],[145.9229,-43.3019,8.7632],[145.9221,-43.2998,27.0088],[145.925,-43.302,1.2116],[145.9239,-43.3007,17.3839],[145.9266,-43.3005,0.0],[145.9205,-43.2952,18.6818],[145.9201,-43.292,9.5683],[145.9201,-43.2857,7.5165],[145.9223,-43.284,1.9869],[145.9207,-43.2804,23.4307],[145.9238,-43.278,14.2459],[145.9226,-43.2765,16.1648],[145.9265,-43.2725,1.3287],[145.924,-43.2674,0.0],[145.9011,-43.2655,0.0],[145.9037,-43.2674,1.6036],[145.9045,-43.2718,2.2083],[145.8992,-43.2756,9.6273],[145.8976,-43.2816,4.6619],[145.8918,-43.2843,1.7313],[145.889,-43.2828,0.0],[145.8874,-43.2861,0.0],[145.8806,-43.2897,3.8823],[145.8718,-43.2861,0.306],[145.8693,-43.2812,0.5642],[145.8649,-43.2778,0.0],[145.8645,-43.2719,0.5605],[145.8625,-43.273,3.0919],[145.8628,-43.2726,2.439],[145.8638,-43.2722,2.439],[145.8642,-43.2717,0.5605],[145.8695,-43.2713,1.0166],[145.8757,-43.2732,0.0],[145.8767,-43.2711,0.0],[145.8752,-43.2691,3.6609],[145.8769,-43.2672,0.0],[145.873,-43.2681,5.6596],[145.8697,-43.2654,7.207],[145.8712,-43.2614,0.0],[145.8701,-43.26,2.1203],[145.8718,-43.2587,0.7691],[145.876,-43.2603,0.7247],[145.8807,-43.2593,3.857],[145.8839,-43.2616,0.0],[145.8851,-43.2609,0.0],[145.8844,-43.2588,2.3396],[145.8859,-43.2583,6.2827],[145.8846,-43.259,2.3396],[145.8882,-43.2626,0.0],[145.8971,-43.2641,2.6662],[145.8988,-43.2634,2.6662],[145.9018,-43.2559,4.6288],[145.9075,-43.2484,0.0],[145.9114,-43.2474,1.2227],[145.915,-43.2497,0.0],[145.9174,-43.2478,15.7313],[145.9267,-43.2477,3.9332],[145.9266,-43.2457,7.7888],[145.9285,-43.2452,0.0],[145.9268,-43.2422,5.1257],[145.9285,-43.238,0.0],[145.9226,-43.2279,14.8128],[145.9248,-43.2249,0.0],[145.9208,-43.2229,1.6874],[145.9196,-43.2156,0.0],[145.9139,-43.2178,15.1951],[145.9164,-43.2154,0.0],[145.9137,-43.2085,2.0107],[145.9168,-43.2047,0.0],[145.9207,-43.2048,1.8251],[145.9138,-43.2012,1.8362],[145.91,-43.1941,0.354],[145.9114,-43.1898,3.9705],[145.9125,-43.1893,3.8994],[145.9131,-43.1931,0.0],[145.9134,-43.1903,1.0358],[145.9158,-43.1883,5.6114],[145.9098,-43.1877,2.7082],[145.9086,-43.187,3.764],[145.9097,-43.1857,3.751],[145.9113,-43.1847,3.751],[145.9111,-43.1851,3.751],[145.9089,-43.1867,3.764],[145.909,-43.1872,3.764],[145.9158,-43.1877,18.2678],[145.916,-43.1888,5.6114],[145.9137,-43.1906,0.7546],[145.9139,-43.1919,0.0],[145.9189,-43.1885,2.6144],[145.925,-43.1902,1.0331],[145.9271,-43.1894,3.7008],[145.9257,-43.1833,4.0853],[145.9284,-43.1779,0.0],[145.9217,-43.1745,15.9083],[145.9195,-43.1716,14.9941],[145.9205,-43.1614,1.9656],[145.9262,-43.1567,1.5865],[145.9335,-43.156,34.5114],[145.9352,-43.1519,19.6554],[145.9405,-43.1504,63.6578],[145.9357,-43.152,19.6554],[145.935,-43.1548,85.4811],[145.9336,-43.1565,67.2058],[145.9258,-43.1578,19.1511],[145.9213,-43.1632,2.8469],[145.9214,-43.1727,1.4629],[145.9299,-43.1775,0.0],[145.9277,-43.185,0.0],[145.9303,-43.1882,0.0],[145.9341,-43.1883,1.1346],[145.9332,-43.1905,0.1254],[145.9373,-43.1915,5.7306],[145.9292,-43.1931,17.8739],[145.9199,-43.1899,5.7615],[145.9163,-43.1922,11.6231],[145.9153,-43.1949,0.0],[145.9181,-43.199,5.1731],[145.9281,-43.2047,11.2839],[145.9253,-43.2094,2.5295],[145.9208,-43.2072,1.2332],[145.9167,-43.2094,1.2778],[145.9161,-43.2113,5.8525],[145.9178,-43.2133,0.0],[145.9217,-43.2118,5.1392],[145.9264,-43.215,0.0],[145.9288,-43.2117,1.4841],[145.9317,-43.2121,0.0],[145.9317,-43.2149,0.0],[145.9356,-43.2207,1.8819],[145.9382,-43.2234,0.0],[145.9451,-43.2251,4.3241],[145.9464,-43.23,0.0],[145.9602,-43.2308,0.0],[145.9615,-43.2287,1.8842],[145.9651,-43.2284,1.1576],[145.9709,-43.2304,0.8382],[145.9689,-43.2281,2.935],[145.9706,-43.2293,4.7182],[145.974,-43.2338,0.7187],[145.9758,-43.2323,12.1981],[145.9744,-43.2355,0.0],[145.9763,-43.2345,13.8027],[145.9798,-43.2348,7.1468],[145.976,-43.2348,7.5371],[145.9745,-43.2394,0.0],[145.9721,-43.2412,0.979],[145.9724,-43.2456,1.7723],[145.9682,-43.2476,5.0035],[145.9714,-43.2506,22.8081],[145.9717,-43.2531,9.3565],[145.9703,-43.255,3.676],[145.9712,-43.2585,23.8191],[145.967,-43.262,0.0],[145.9681,-43.2645,23.3526],[145.9666,-43.2658,0.0],[145.9737,-43.2694,25.2292],[145.9731,-43.273,0.0],[145.969,-43.2751,0.0],[145.9704,-43.2761,4.909],[145.9688,-43.2791,5.9931],[145.9681,-43.2774,0.0],[145.964,-43.2789,6.8957],[145.9582,-43.2782,13.5735],[145.9534,-43.2811,6.1643],[145.9552,-43.2831,0.0],[145.96,-43.2832,4.6147],[145.9602,-43.2848,0.9719],[145.9635,-43.2857,6.4111],[145.9623,-43.2908,1.7075],[145.958,-43.2905,0.0],[145.9608,-43.295,0.4391],[145.9665,-43.2964,0.0],[145.9677,-43.2989,78.0679],[145.9662,-43.3005,0.0],[145.9684,-43.303,0.0],[145.9738,-43.3054,5.546],[145.9766,-43.3033,3.4693],[145.983,-43.3047,3.478],[145.9817,-43.3049,3.478],[145.9841,-43.3108,4.1214],[145.979,-43.3152,0.0],[145.9835,-43.3226,0.0],[145.9964,-43.3218,0.0],[145.9948,-43.3205,3.0068],[145.998,-43.3191,19.9011],[146.0015,-43.3212,0.0],[146.0044,-43.3195,36.0685],[146.006,-43.3207,4.1601],[146.0044,-43.329,19.1933],[146.0025,-43.3306,19.0484],[145.9972,-43.3306,0.0],[145.9999,-43.3324,0.0],[146.0048,-43.3312,24.2822],[146.0038,-43.3353,1.3857],[146.0078,-43.3318,12.8625],[146.0085,-43.3345,3.7381],[146.0109,-43.3333,16.6784],[146.0102,-43.3352,0.0],[146.0175,-43.3345,22.6151],[146.017,-43.337,3.1678],[146.0255,-43.3379,37.2971],[146.0269,-43.3395,19.5798],[146.0262,-43.3409,0.0],[146.0287,-43.3424,1.4439],[146.0394,-43.3363,0.0],[146.0391,-43.3328,40.7905],[146.0442,-43.3363,0.0],[146.0491,-43.3373,3.7899],[146.0514,-43.3365,1.9646],[146.0505,-43.3356,4.537],[146.0525,-43.3326,9.6644],[146.0565,-43.3344,3.38],[146.059,-43.3336,1.0775],[146.0565,-43.3317,0.4781],[146.059,-43.3295,6.3969],[146.059,-43.3267,4.0166],[146.051,-43.3242,3.7597],[146.0509,-43.3228,3.1083],[146.0523,-43.3219,0.0],[146.0492,-43.3212,7.2171],[146.0512,-43.3203,1.4604],[146.0508,-43.318,7.1762],[146.0527,-43.3165,0.5828],[146.0511,-43.3138,4.6298],[146.0517,-43.3113,0.5729],[146.0612,-43.3072,0.9385],[146.0561,-43.3035,0.0],[146.0528,-43.3059,5.4939],[146.0518,-43.3045,2.1628],[146.0533,-43.3007,10.827],[146.0587,-43.295,4.1933],[146.0644,-43.2974,2.7229],[146.0632,-43.2936,5.7381],[146.0652,-43.2954,0.0],[146.0645,-43.2894,5.0406],[146.0672,-43.2894,9.6783],[146.0657,-43.2977,2.7229],[146.0571,-43.3008,0.0],[146.0603,-43.3008,7.5883],[146.059,-43.3045,4.0997],[146.0623,-43.3058,3.0409],[146.0628,-43.3037,7.6037],[146.0651,-43.3059,30.611],[146.0655,-43.3093,7.1547],[146.0698,-43.3096,3.6652],[146.0688,-43.3111,3.6652],[146.0708,-43.3115,2.7864],[146.0691,-43.3125,0.0],[146.0714,-43.3154,0.0],[146.0703,-43.3222,4.9301],[146.0726,-43.3247,12.087],[146.0718,-43.3274,0.0],[146.0745,-43.3281,6.1479],[146.0773,-43.3313,5.9375],[146.0771,-43.334,2.7304],[146.0843,-43.3402,0.9972],[146.0857,-43.3396,0.0],[146.0843,-43.3347,14.2918],[146.0848,-43.3257,8.1699],[146.0874,-43.3256,7.7036],[146.091,-43.3333,33.2688],[146.0911,-43.3393,8.0584],[146.0967,-43.3412,20.069],[146.099,-43.3443,7.5938],[146.1009,-43.3432,16.6486],[146.1005,-43.3445,7.5938],[146.1041,-43.3437,11.1562],[146.1072,-43.3454,0.0],[146.1102,-43.3438,8.6273],[146.1093,-43.3453,2.5292],[146.1119,-43.3484,0.6509],[146.1169,-43.3489,5.3888],[146.1202,-43.3469,7.5288],[146.1303,-43.3495,21.6518],[146.1364,-43.3456,0.9852],[146.1388,-43.3369,2.2783],[146.1359,-43.3348,2.7232],[146.1392,-43.3336,2.2124],[146.1387,-43.3297,5.8541],[146.1412,-43.3223,22.6034],[146.1473,-43.3193,0.7658],[146.149,-43.3156,9.4717],[146.1525,-43.3197,0.0],[146.153,-43.3151,0.0],[146.1576,-43.3113,1.9916],[146.1546,-43.3099,1.0213],[146.1571,-43.3061,0.0],[146.152,-43.3077,4.3793],[146.1521,-43.3027,4.3205],[146.157,-43.2994,1.6869],[146.1534,-43.2988,1.3726],[146.1574,-43.2985,1.6869],[146.1684,-43.291,1.6619],[146.169,-43.2911,2.088],[146.1702,-43.2923,5.9773],[146.1711,-43.2924,6.4888],[146.1713,-43.2932,1.8578],[146.1728,-43.2936,1.8578],[146.1735,-43.2948,11.2685],[146.1711,-43.2997,0.0],[146.1744,-43.2975,24.112],[146.1761,-43.2983,0.0],[146.1765,-43.3047,7.9055],[146.172,-43.3116,3.8868],[146.1715,-43.3192,7.4049],[146.1768,-43.3243,1.4916],[146.1764,-43.3267,0.0],[146.1787,-43.3258,3.7887],[146.181,-43.3269,0.9548],[146.1815,-43.32,0.3299],[146.1868,-43.3204,2.4932],[146.1834,-43.3175,1.3286],[146.1848,-43.3158,3.347],[146.1869,-43.3166,0.0],[146.1891,-43.3152,1.5289],[146.1972,-43.3174,2.9823],[146.199,-43.3222,2.4637],[146.2051,-43.3254,17.6953],[146.2086,-43.3305,7.5365],[146.2138,-43.3291,6.1911],[146.2148,-43.3234,0.0],[146.2192,-43.3211,16.3448],[146.2216,-43.3218,0.0],[146.2218,-43.3235,0.1567],[146.2178,-43.3261,0.0],[146.224,-43.325,0.1008],[146.2246,-43.3234,0.3007],[146.2288,-43.3255,1.3167],[146.2316,-43.3226,1.2535],[146.2307,-43.3269,4.1068],[146.2241,-43.3286,0.0],[146.2228,-43.3325,13.1234],[146.2247,-43.3387,18.3113],[146.2235,-43.3451,2.9234],[146.2253,-43.3482,6.1698],[146.2247,-43.351,6.0002],[146.2278,-43.3557,1.1775],[146.2266,-43.361,6.5455],[146.2231,-43.3633,31.5522],[146.2129,-43.3641,7.7952],[146.2199,-43.3703,0.0],[146.2187,-43.373,0.0],[146.2254,-43.3759,12.4702],[146.2249,-43.3811,9.5778],[146.2271,-43.3839,1.8941],[146.2244,-43.384,0.0],[146.2229,-43.3858,2.6005],[146.2235,-43.3846,2.6005],[146.2241,-43.3838,0.1406],[146.2195,-43.3869,4.9447],[146.2203,-43.3891,2.0605],[146.2201,-43.3891,2.1524],[146.2192,-43.3873,4.9447],[146.2193,-43.3858,0.0],[146.2163,-43.3859,0.0],[146.2162,-43.3823,0.0],[146.2091,-43.3756,5.4204],[146.2084,-43.3685,1.0334],[146.2119,-43.3663,0.0],[146.2103,-43.3636,3.1406],[146.1887,-43.3636,9.233],[146.1848,-43.363,20.7433],[146.1822,-43.3602,5.2482],[146.1772,-43.362,31.1124],[146.1664,-43.3617,3.6715],[146.1639,-43.3653,3.2643],[146.1554,-43.3628,0.0],[146.1598,-43.3645,3.434],[146.1603,-43.3672,0.0],[146.1654,-43.3708,4.6784],[146.1639,-43.3745,1.4664],[146.1666,-43.3748,0.0],[146.1675,-43.3795,2.7086],[146.1744,-43.3787,1.4112],[146.1768,-43.3822,0.0],[146.176,-43.3835,5.1309],[146.1697,-43.3837,4.0941],[146.1646,-43.3819,2.8222],[146.1591,-43.3856,0.0],[146.1592,-43.3909,1.1491],[146.1569,-43.3921,5.3237],[146.15,-43.3874,13.2907],[146.1474,-43.3778,0.0],[146.1405,-43.3752,4.0521],[146.1346,-43.3765,0.0],[146.1371,-43.3773,12.3612],[146.1345,-43.3809,15.0393],[146.1357,-43.3841,1.5011],[146.1415,-43.395,0.0],[146.1441,-43.3958,12.7778],[146.1418,-43.3968,0.0],[146.1414,-43.3988,0.0],[146.1443,-43.4028,9.2823],[146.143,-43.4066,6.8238],[146.1439,-43.4081,0.333],[146.1499,-43.4101,0.4088],[146.15,-43.4128,2.4997],[146.1521,-43.4127,7.1385],[146.1522,-43.4153,7.7889],[146.1558,-43.4143,11.0238],[146.1591,-43.415,1.5972],[146.1642,-43.4128,0.615],[146.1637,-43.4119,0.615],[146.1639,-43.4103,0.5868],[146.1642,-43.4108,0.5868],[146.1638,-43.4118,0.615],[146.1641,-43.4124,0.615],[146.1686,-43.4111,1.9923],[146.1714,-43.4141,0.6647],[146.1711,-43.4165,0.6235],[146.1664,-43.4188,2.8322],[146.1653,-43.4186,2.8322],[146.166,-43.4174,0.9714],[146.1627,-43.4183,5.7414],[146.1613,-43.4163,1.2242],[146.1562,-43.4147,2.3498],[146.1518,-43.4156,7.7889],[146.151,-43.4143,1.9572],[146.1514,-43.413,1.9572],[146.1488,-43.413,3.4713],[146.1482,-43.4099,0.4088],[146.1445,-43.4097,6.1904],[146.1401,-43.4066,0.7299],[146.1409,-43.4043,5.6717],[146.143,-43.4036,0.0],[146.1422,-43.4015,3.1152],[146.1389,-43.4002,2.3557],[146.1392,-43.3913,3.453],[146.136,-43.3859,6.494],[146.1335,-43.3888,2.7194],[146.1325,-43.3868,3.5282],[146.1328,-43.3846,6.8738],[146.1342,-43.3863,6.3007],[146.1341,-43.3825,15.636],[146.1304,-43.3815,2.903],[146.1301,-43.3791,0.0],[146.1282,-43.3787,2.3392],[146.1298,-43.3757,0.0],[146.1267,-43.3737,0.8643],[146.1296,-43.3723,12.3772],[146.1323,-43.3737,0.0],[146.1372,-43.373,0.0],[146.1288,-43.3648,4.5676],[146.1306,-43.3627,6.4238],[146.1355,-43.3626,1.2245],[146.1322,-43.3609,2.4535],[146.1329,-43.3595,1.0145],[146.1307,-43.3585,5.2189],[146.1305,-43.3555,2.0482],[146.1279,-43.3558,3.9427],[146.1282,-43.3546,3.9427],[146.1238,-43.3521,2.0476],[146.121,-43.3534,14.6444],[146.1164,-43.3517,4.0189],[146.1129,-43.3521,2.5707],[146.1153,-43.3536,5.636],[146.1139,-43.3549,12.8774],[146.1118,-43.352,2.5707],[146.1079,-43.3525,4.5561],[146.1087,-43.3512,0.0],[146.1067,-43.3484,15.2455],[146.1002,-43.3493,1.3664],[146.0992,-43.3481,1.3664],[146.1013,-43.3459,0.0],[146.0961,-43.347,0.0],[146.095,-43.3517,12.2935],[146.0917,-43.3497,7.9452],[146.0882,-43.343,5.3313],[146.0862,-43.342,0.7605],[146.0896,-43.3503,4.2241],[146.0862,-43.3474,1.5573],[146.0829,-43.3488,5.8594],[146.079,-43.3466,10.7985],[146.0752,-43.3494,0.0],[146.0683,-43.3442,0.0],[146.0648,-43.3452,4.887],[146.0607,-43.3423,2.7658],[146.0606,-43.3437,12.171],[146.0583,-43.3445,6.1781],[146.0634,-43.3477,3.7137],[146.0663,-43.3456,4.3562],[146.0648,-43.3496,3.6049],[146.0696,-43.3534,0.0],[146.0761,-43.355,1.1909],[146.0909,-43.364,14.5062],[146.0935,-43.3677,4.1683],[146.0904,-43.3704,2.1398],[146.0846,-43.3695,0.0],[146.0846,-43.3709,3.9169],[146.0841,-43.3695,0.0],[146.0833,-43.3709,2.3476],[146.0771,-43.3692,0.3851],[146.0763,-43.3667,0.0],[146.0712,-43.3661,2.0763],[146.0705,-43.3651,2.0763],[146.0755,-43.3622,0.9401],[146.0778,-43.3586,5.8745],[146.0731,-43.3578,0.0],[146.0684,-43.355,6.399],[146.068,-43.3532,0.0],[146.0611,-43.3526,4.3472],[146.0563,-43.3496,13.1704],[146.0522,-43.3501,13.4255],[146.052,-43.3499,13.4255],[146.0521,-43.3489,2.4243],[146.0525,-43.3485,2.4243],[146.046,-43.3464,11.0947],[146.0345,-43.3471,11.4215],[146.0304,-43.346,0.0],[146.0223,-43.3473,6.6856],[146.0122,-43.3443,0.0],[146.0031,-43.345,16.1683],[146.001,-43.3416,12.4912],[146.0068,-43.3397,0.0],[145.9927,-43.3359,19.5395],[145.9914,-43.3315,22.4806],[145.9869,-43.3293,0.0],[145.9818,-43.3333,33.6639],[145.9813,-43.3373,2.9736],[145.9781,-43.3397,2.8879],[145.9801,-43.3405,50.2832],[145.9762,-43.3435,19.1182],[145.9769,-43.3461,28.1813],[145.9751,-43.3492,0.0],[145.9788,-43.3532,0.0],[145.9817,-43.352,1.6945],[145.9842,-43.3485,8.4698],[145.9892,-43.3479,20.9939],[145.9921,-43.3511,7.0982],[145.9918,-43.3628,9.9433],[145.9931,-43.3653,0.0],[145.9965,-43.3653,10.8795],[145.9974,-43.3668,0.0],[145.9999,-43.3662,2.3146],[145.9993,-43.3649,2.1782],[145.9995,-43.3648,2.1782],[146.0,-43.3649,3.1701],[145.9995,-43.3649,2.1782],[146.0002,-43.3657,3.1701],[146.0,-43.3663,5.7716],[145.9979,-43.3671,0.0],[145.9992,-43.3677,8.9412],[145.9985,-43.3748,17.925],[145.9943,-43.3786,4.5781],[145.9981,-43.3847,24.0792],[145.9937,-43.3943,0.0],[145.9868,-43.3945,0.0],[145.9837,-43.3885,6.0166],[145.9893,-43.3804,1.4913],[145.9898,-43.3772,1.6531],[145.9921,-43.3768,1.2466],[145.9935,-43.374,11.2044],[145.9905,-43.3728,2.9832],[145.9879,-43.3615,0.0],[145.9816,-43.3576,0.0],[145.9783,-43.3582,5.2022],[145.9775,-43.3556,0.0],[145.9701,-43.3571,8.5571],[145.9702,-43.3595,24.0726],[145.9688,-43.3598,5.2436],[145.9693,-43.3616,0.0],[145.9748,-43.3618,7.7784],[145.9758,-43.3631,9.0394],[145.9748,-43.3664,0.0],[145.9708,-43.3697,5.1177],[145.9649,-43.3696,15.4485],[145.9629,-43.3682,8.3221],[145.962,-43.3634,14.5473],[145.9533,-43.3594,0.0],[145.9508,-43.3611,14.9168],[145.9512,-43.3644,25.9704],[145.9488,-43.3641,0.0],[145.9475,-43.3652,0.0],[145.9485,-43.3669,10.2539],[145.946,-43.3671,2.1057],[145.9455,-43.368,0.3875],[145.9478,-43.3692,11.786],[145.9463,-43.3718,9.0646],[145.9356,-43.3697,33.1487],[145.9328,-43.3699,26.3356],[145.9331,-43.3718,38.1287],[145.9321,-43.37,26.3356],[145.9307,-43.3721,5.1399],[145.9331,-43.3749,43.1063],[145.931,-43.3764,0.0676],[145.9319,-43.3775,0.0676],[145.9303,-43.3794,7.4141],[145.925,-43.379,1.3673],[145.9215,-43.3813,1.8265],[145.9247,-43.3859,9.6749],[145.9295,-43.3859,59.8501],[145.9291,-43.388,0.0],[145.93,-43.3878,1.6656],[145.9311,-43.3898,0.0],[145.9321,-43.3886,103.4296],[145.9343,-43.3909,0.0],[145.938,-43.3902,0.0],[145.9481,-43.3813,18.2618],[145.9498,-43.383,0.0],[145.9515,-43.3819,28.4932],[145.9517,-43.3833,0.0],[145.9549,-43.3819,11.3951],[145.9646,-43.3827,7.4466],[145.9683,-43.3845,8.9218],[145.9764,-43.3952,13.8442],[145.9764,-43.399,5.8989],[145.9724,-43.4023,8.0349],[145.9703,-43.4021,2.1216],[145.9712,-43.4034,7.6936],[145.9771,-43.4052,2.0481],[145.9927,-43.4056,1.8529],[145.9967,-43.4081,5.989],[145.9974,-43.4069,6.6123],[145.9951,-43.4127,6.0937],[145.9967,-43.4145,22.5096],[145.9962,-43.42,5.9527],[145.9984,-43.4211,35.1412],[145.9966,-43.4238,3.3452],[146.0009,-43.4232,5.9874],[146.0024,-43.4275,49.7116],[145.9993,-43.4317,31.5974],[146.0,-43.434,0.6863],[146.0017,-43.4327,31.4022],[146.001,-43.4335,0.6863],[146.0031,-43.435,26.6506],[146.001,-43.4378,0.2888],[146.0042,-43.438,31.0492],[146.0056,-43.4402,14.5402],[146.0043,-43.4422,0.0],[146.0066,-43.4413,10.9733],[146.0085,-43.445,0.0],[146.0116,-43.4446,34.7085],[146.0133,-43.4475,70.2853],[146.0119,-43.4492,10.4099],[146.018,-43.4551,3.7022],[146.0163,-43.4563,26.6764],[146.0131,-43.4554,0.7289],[146.0133,-43.4562,0.7289],[146.0148,-43.4571,26.6764],[146.014,-43.4578,3.1105],[146.0118,-43.4562,0.0],[146.0117,-43.4588,34.1169],[146.0087,-43.4599,14.8474],[146.0078,-43.4629,0.0],[146.0057,-43.4639,0.0],[146.0078,-43.4666,0.0],[146.01,-43.4664,1.0156],[146.0101,-43.4651,48.6562],[146.013,-43.4646,0.0],[146.0149,-43.4594,33.8997],[146.0248,-43.4609,6.8491],[146.0292,-43.4643,27.8948],[146.032,-43.4682,19.819],[146.0278,-43.4795,0.0],[146.0275,-43.4882,0.0],[146.0291,-43.4909,33.8951],[146.0359,-43.495,23.1127],[146.0369,-43.5002,0.0],[146.0358,-43.5027,0.9225],[146.0402,-43.5051,142.1835],[146.0398,-43.5076,51.5923],[146.0428,-43.5085,3.8137],[146.0416,-43.5106,10.4561],[146.0427,-43.512,7.4441],[146.0407,-43.5133,0.0],[146.0419,-43.514,33.6754],[146.0395,-43.516,8.0868],[146.04,-43.5195,31.7682],[146.0362,-43.5209,0.0],[146.0383,-43.525,79.125],[146.0379,-43.5278,76.4679],[146.0409,-43.5306,17.7654],[146.041,-43.5337,17.5195],[146.0385,-43.5337,3.7399],[146.0395,-43.5368,41.1138],[146.0376,-43.5385,31.1829],[146.0403,-43.5422,22.8548],[146.0345,-43.5391,0.0],[146.0349,-43.5407,1.4146],[146.0338,-43.5399,1.4146],[146.038,-43.5479,132.5008],[146.0366,-43.5489,0.0],[146.0372,-43.5513,75.8834],[146.0339,-43.5548,5.387],[146.035,-43.5555,50.3873],[146.0329,-43.5563,63.8734],[146.0352,-43.5599,83.6538],[146.0349,-43.5624,0.576],[146.0323,-43.5675,9.3872],[146.0296,-43.5681,7.2626],[146.0299,-43.5699,10.4328],[146.032,-43.5713,0.0],[146.0341,-43.5705,8.8465],[146.0346,-43.5675,65.0661],[146.0414,-43.5615,0.0],[146.0428,-43.5582,29.2593],[146.0419,-43.556399999999996,34.3761],[146.0441,-43.5562,13.1663],[146.0446,-43.5532,45.173],[146.0462,-43.5524,44.9026],[146.0493,-43.5543,0.0],[146.0496,-43.5518,13.2276],[146.0536,-43.5512,75.4972],[146.0605,-43.553,19.1407],[146.0622,-43.5556,6.46],[146.0658,-43.5549,20.6488],[146.0699,-43.5565,0.0],[146.0751,-43.5492,0.0],[146.0758,-43.5436,20.7364],[146.0795,-43.541,29.2319],[146.0831,-43.5419,0.0],[146.086,-43.5404,8.6721],[146.0908,-43.5425,52.8082],[146.0938,-43.5489,31.6456],[146.0916,-43.5524,5.1892],[146.0946,-43.5528,54.322],[146.0948,-43.5566,0.0],[146.0971,-43.5544,120.2453],[146.1006,-43.5557,6.5158],[146.1025,-43.5545,102.0795],[146.1041,-43.557,1.0969],[146.1099,-43.5571,5.6085],[146.1129,-43.5517,47.8843],[146.1073,-43.5443,0.0],[146.1088,-43.5413,18.449],[146.1107,-43.5417,0.205],[146.1072,-43.5316,0.0],[146.1081,-43.529,3.7211],[146.1103,-43.5302,0.0],[146.1083,-43.527,12.9565],[146.1101,-43.5273,0.0],[146.11,-43.5258,8.9526],[146.1123,-43.525,0.0],[146.1105,-43.5235,9.1977],[146.1135,-43.5238,16.4681],[146.1162,-43.5272,2.8346],[146.1182,-43.5274,4.5792],[146.118,-43.5263,4.5792],[146.1217,-43.5267,0.0],[146.1213,-43.522,52.4092],[146.1231,-43.5216,0.0],[146.1289,-43.5259,6.6541],[146.1284,-43.5212,7.5587],[146.1365,-43.5183,19.959],[146.1382,-43.521,40.0499],[146.1415,-43.5203,42.7378],[146.1456,-43.5284,1.9375],[146.1472,-43.5283,1.6389],[146.1475,-43.5264,31.0934],[146.1495,-43.5257,24.1338],[146.1472,-43.5222,19.4239],[146.1423,-43.5042,0.0],[146.148,-43.5015,0.0],[146.158,-43.5018,0.0],[146.1591,-43.5,9.6465],[146.1586,-43.502,15.9503],[146.1567,-43.5019,0.0],[146.1587,-43.5046,14.5975],[146.1569,-43.5064,5.4952],[146.1566,-43.5102,13.1265],[146.1615,-43.5164,0.5926],[146.1711,-43.511,59.062],[146.1766,-43.5106,6.2355],[146.1795,-43.5141,67.1193],[146.1791,-43.5159,54.3075],[146.1808,-43.5165,8.1354],[146.1795,-43.5188,37.1638],[146.1814,-43.5204,82.9074],[146.1803,-43.5228,0.0],[146.1817,-43.5232,37.7131],[146.1824,-43.5266,0.0],[146.1838,-43.5266,33.7497],[146.1841,-43.5321,0.0],[146.1859,-43.5304,24.4351],[146.1872,-43.5337,0.0],[146.1877,-43.5319,46.6656],[146.189,-43.5322,46.6656],[146.1916,-43.5388,0.0],[146.1941,-43.5392,0.0],[146.1931,-43.54,0.0],[146.1953,-43.5385,0.0],[146.1992,-43.5393,0.0],[146.1997,-43.5373,42.0114],[146.2113,-43.534,15.6187],[146.2103,-43.528,48.6246],[146.2126,-43.5262,0.0],[146.2112,-43.5254,107.1066],[146.2123,-43.5256,0.0],[146.2111,-43.524,103.2686],[146.212,-43.521,0.0],[146.2089,-43.5123,36.3706],[146.2104,-43.5098,0.0],[146.2098,-43.507,46.6551],[146.2142,-43.502,0.0],[146.2141,-43.4956,0.0],[146.2245,-43.4911,3.2257],[146.2335,-43.4906,2.4338],[146.2406,-43.4912,21.3435],[146.2409,-43.4935,10.2106],[146.2438,-43.4958,7.5084],[146.2435,-43.4911,6.549],[146.2521,-43.4901,0.0],[146.2623,-43.4925,2.3955],[146.2729,-43.4985,0.0],[146.2761,-43.5036,20.4265],[146.2733,-43.5058,0.0],[146.2738,-43.5106,30.7312],[146.2726,-43.5123,9.1631],[146.2686,-43.5124,0.8547],[146.2702,-43.5147,18.2493],[146.265,-43.5157,0.0],[146.2704,-43.5182,10.3666],[146.2677,-43.5236,12.9167],[146.269,-43.5262,9.5921],[146.2665,-43.5266,3.7423],[146.2666,-43.5286,1.5659],[146.2698,-43.527,16.4934],[146.2728,-43.5292,2.5986],[146.2764,-43.5288,14.7342],[146.2765,-43.5315,1.8589],[146.2782,-43.5321,18.3646],[146.2773,-43.5339,2.9789],[146.2796,-43.5333,5.233],[146.2834,-43.5359,1.6782],[146.2867,-43.5362,23.3955],[146.2853,-43.5374,4.0035],[146.2888,-43.5418,24.9692],[146.2876,-43.5436,0.0],[146.2901,-43.5447,0.0],[146.2929,-43.5429,67.3443],[146.2954,-43.544,8.5466],[146.3046,-43.5403,17.4418],[146.3083,-43.5405,9.2543],[146.3104,-43.5384,18.6115],[146.3174,-43.5365,5.2478],[146.3198,-43.5324,14.5789],[146.3234,-43.5318,0.0],[146.3217,-43.5314,7.0319],[146.3203,-43.5273,3.9127],[146.3225,-43.5241,19.9438],[146.3275,-43.5234,0.0],[146.3257,-43.5206,9.0437],[146.3305,-43.5216,1.6135],[146.3342,-43.5187,14.8803],[146.3363,-43.5192,0.0],[146.3357,-43.5183,0.0],[146.3382,-43.5166,8.2017],[146.344,-43.5163,0.0],[146.343,-43.5143,10.1701],[146.3447,-43.5128,5.4355],[146.3443,-43.5143,1.0667],[146.3513,-43.5162,24.1111],[146.3512,-43.5174,0.0],[146.356,-43.5161,42.2641],[146.3567,-43.5174,3.7024],[146.3586,-43.5153,16.3754],[146.3676,-43.5202,1.1159],[146.3687,-43.5305,0.0],[146.3704,-43.5293,9.4562],[146.371,-43.5239,7.749],[146.3695,-43.5191,2.2012],[146.3715,-43.5233,7.749],[146.3708,-43.5303,7.7726],[146.3729,-43.5332,17.201],[146.3726,-43.535,0.3986],[146.3813,-43.532,14.8409],[146.3854,-43.5338,3.4513],[146.3856,-43.5319,13.258],[146.3915,-43.5303,18.441],[146.3975,-43.5327,46.371],[146.3961,-43.5349,0.0],[146.3995,-43.5348,8.4369],[146.4006,-43.5362,8.4369],[146.401,-43.535,8.4369],[146.4027,-43.5371,24.9432],[146.4015,-43.5382,4.5001],[146.4056,-43.5398,0.0],[146.4112,-43.5351,16.3228],[146.412,-43.5369,1.7473],[146.4141,-43.5357,68.5888],[146.4147,-43.5382,0.0],[146.4158,-43.5368,13.9478],[146.4168,-43.5378,13.9478],[146.4175,-43.5365,13.9478],[146.4205,-43.5371,4.5537],[146.4205,-43.5353,45.718],[146.423,-43.5346,5.7195],[146.4444,-43.5378,52.7328],[146.4527,-43.5344,51.6098],[146.4551,-43.5371,56.5333],[146.4551,-43.5398,0.0],[146.4595,-43.5426,59.0423],[146.4637,-43.541,186.4477],[146.4693,-43.5426,3.2698],[146.4714,-43.5366,2.2507],[146.474,-43.5346,0.0],[146.4768,-43.5378,16.2775],[146.4807,-43.5365,4.6977],[146.4815,-43.5379,35.4063],[146.4845,-43.5375,44.4632],[146.4874,-43.5393,25.7798],[146.4883,-43.5412,26.0966],[146.4865,-43.5439,0.7446],[146.4899,-43.5429,0.0],[146.4906,-43.5382,13.377],[146.4931,-43.5385,0.7968],[146.4926,-43.5355,20.5697],[146.4971,-43.5351,1.7819],[146.4983,-43.5332,0.0],[146.4972,-43.5299,7.5164],[146.502,-43.5295,18.4714],[146.5088,-43.5241,11.7289],[146.5121,-43.5233,3.8367],[146.5183,-43.5248,2.2609],[146.5197,-43.5272,0.0],[146.5182,-43.5302,0.0],[146.5318,-43.5313,0.0],[146.5422,-43.5233,3.2808],[146.577,-43.5352,2.8671],[146.5959,-43.5435,0.0],[146.5954,-43.5415,0.0],[146.5875,-43.5387,2.3399],[146.5838,-43.5346,14.957],[146.5716,-43.5274,6.4168],[146.5638,-43.5252,1.3236],[146.5632,-43.524,9.2661],[146.5658,-43.5229,1.3793],[146.5636,-43.5182,12.0182],[146.5526,-43.5124,5.4096],[146.5514,-43.5104,33.6414],[146.5506,-43.5012,17.7279],[146.5561,-43.4966,0.0],[146.5554,-43.4937,3.6162],[146.5489,-43.4921,12.8647],[146.5495,-43.4848,0.0],[146.5482,-43.4834,4.3967],[146.5502,-43.4799,2.2055],[146.5487,-43.4754,11.8661],[146.5532,-43.4685,7.7183],[146.556,-43.4676,9.1339],[146.5597,-43.4691,0.0],[146.5594,-43.4649,4.5613],[146.5603,-43.4686,0.0],[146.5608,-43.4659,8.1767],[146.5635,-43.4664,0.0],[146.5692,-43.4745,3.9569],[146.5715,-43.4757,2.0273],[146.5729,-43.4808,14.5664],[146.5783,-43.4851,12.2002],[146.5762,-43.4901,4.4633],[146.5773,-43.4932,7.9955],[146.5746,-43.4955,4.8901],[146.5757,-43.5043,3.9825],[146.5741,-43.5068,15.3778],[146.5757,-43.5091,2.2207],[146.5759,-43.515,0.0],[146.5791,-43.521,3.5124],[146.5752,-43.5246,0.0],[146.5879,-43.5356,0.7531],[146.5976,-43.5411,18.7912],[146.6013,-43.5456,20.2202],[146.5999,-43.5448,3.1958],[146.5981,-43.5425,0.0],[146.5973,-43.5462,0.0],[146.6046,-43.5505,0.0],[146.6075,-43.5502,33.1116],[146.6066,-43.5519,4.2513],[146.602,-43.5538,2.024],[146.6027,-43.5553,13.9438],[146.5986,-43.5578,0.0],[146.5981,-43.5602,0.0],[146.6009,-43.5606,33.0845],[146.5994,-43.5619,0.0],[146.61,-43.5598,5.8196],[146.6103,-43.5625,7.2737],[146.6062,-43.5634,0.0],[146.6071,-43.565,49.3225],[146.605,-43.5667,17.387],[146.6089,-43.5691,6.2173],[146.6175,-43.5629,30.7521],[146.6237,-43.5634,0.0],[146.6237,-43.5624,11.5926],[146.6247,-43.5643,0.0],[146.6285,-43.5655,22.7789],[146.6284,-43.5675,5.9542],[146.6301,-43.5672,18.2957],[146.6302,-43.5699,0.0],[146.6321,-43.5702,16.5888],[146.6317,-43.5723,6.6681],[146.6353,-43.5731,15.0976],[146.637,-43.5782,0.9315],[146.6401,-43.5775,38.3337],[146.642,-43.5803,0.0],[146.645,-43.5804,26.4422],[146.6448,-43.5821,28.0683],[146.6403,-43.5843,3.0522],[146.6401,-43.5874,1.7559],[146.6476,-43.5815,3.001],[146.6572,-43.5842,0.3174],[146.6551,-43.581,14.616],[146.6567,-43.5794,18.8419],[146.656,-43.5808,14.616],[146.6586,-43.5833,11.3886],[146.6569,-43.5873,8.4114],[146.6584,-43.5877,8.4114],[146.6528,-43.5962,9.7864],[146.6548,-43.5959,31.465699999999998],[146.6536,-43.5978,5.118],[146.6561,-43.6009,9.4481],[146.6564,-43.6044,31.9673],[146.6599,-43.6055,10.1627],[146.6601,-43.6077,0.0],[146.6629,-43.6067,0.0],[146.6651,-43.6008,7.9357],[146.6684,-43.5987,19.7937],[146.6703,-43.5944,22.6555],[146.6782,-43.5944,13.2665],[146.6861,-43.5967,2.7886],[146.6866,-43.6022,0.0],[146.6875,-43.6014,14.1359],[146.6902,-43.6039,41.1479],[146.6938,-43.6117,0.0],[146.6926,-43.6142,0.0],[146.6974,-43.6179,43.3114],[146.6978,-43.6255,0.1532],[146.6994,-43.6241,5.4094],[146.7018,-43.6247,35.7284],[146.7058,-43.6293,107.0525],[146.7054,-43.6334,0.2146],[146.7112,-43.6261,94.8859],[146.7157,-43.6262,73.7195],[146.7183,-43.6295,21.8305],[146.7219,-43.6293,31.8511],[146.7235,-43.6319,0.2804],[146.7253,-43.6277,47.1957],[146.7318,-43.622,0.0],[146.734,-43.618,22.5662],[146.7381,-43.6165,25.1805],[146.7389,-43.6185,1.8732],[146.7405,-43.6184,1.8732],[146.7461,-43.61,14.7324],[146.7511,-43.6103,0.0],[146.7536,-43.6083,26.3842],[146.762,-43.6119,34.0597],[146.7623,-43.6153,4.5123],[146.7708,-43.6079,108.826],[146.7769,-43.607,35.0829],[146.7807,-43.6095,36.3945],[146.7853,-43.6049,3.8536],[146.7851,-43.6003,0.0],[146.7917,-43.6017,0.0],[146.7925,-43.6053,0.0],[146.7959,-43.6018,11.6804],[146.8004,-43.6017,4.8373],[146.8076,-43.6062,35.1667],[146.8174,-43.6066,11.5664],[146.8312,-43.6151,5.6327],[146.8338,-43.6182,7.2676],[146.8357,-43.6255,70.3214],[146.8389,-43.6284,0.0],[146.8387,-43.6307,0.0],[146.8257,-43.6398,4.9765],[146.8266,-43.6431,0.0],[146.8353,-43.6399,15.7688],[146.8357,-43.6382,5.0596],[146.8384,-43.6387,4.4081],[146.8389,-43.6363,23.0754],[146.8448,-43.6331,7.1334],[146.8502,-43.6366,2.5877],[146.8533,-43.6336,68.703],[146.8553,-43.6345,41.9071],[146.8581,-43.6323,41.0806],[146.8634,-43.632,31.3585],[146.8696,-43.6349,0.6106],[146.871,-43.6386,1.9066],[146.874,-43.6285,15.6754],[146.8736,-43.6234,3.6193],[146.8794,-43.6203,12.3045],[146.8848,-43.6209,5.9827],[146.8863,-43.6156,69.5413],[146.8947,-43.6157,15.685],[146.9216,-43.5992,41.991],[146.9214,-43.5959,19.3883],[146.9169,-43.594,13.4821],[146.9201,-43.59,0.0],[146.9181,-43.5862,3.2097],[146.9238,-43.581,55.5311],[146.9195,-43.5757,13.7475],[146.9207,-43.5704,2.0134],[146.9168,-43.5688,2.4439],[146.9149,-43.5695,2.2298],[146.9135,-43.5731,8.1799],[146.9087,-43.5729,0.0],[146.9074,-43.5767,6.0279],[146.9002,-43.5772,2.6643],[146.9003,-43.5788,6.5921],[146.8958,-43.5823,0.3495],[146.8922,-43.5834,6.7094],[146.8866,-43.5828,3.0993],[146.8826,-43.586,0.0],[146.8726,-43.5897,5.0122],[146.874,-43.5878,22.4587],[146.8807,-43.5858,0.0],[146.8844,-43.5821,18.6206],[146.8926,-43.5826,0.5473],[146.8873,-43.5784,3.2143],[146.8916,-43.5755,0.0],[146.8904,-43.5724,19.4127],[146.8916,-43.5712,0.0],[146.887,-43.566,12.1735],[146.8897,-43.5659,19.0638],[146.8918,-43.5683,0.0],[146.8909,-43.5652,19.0638],[146.8934,-43.5641,2.0882],[146.8932,-43.5625,14.2213],[146.896,-43.5621,8.2822],[146.9016,-43.565,0.0],[146.9037,-43.562,0.0],[146.9038,-43.5602,4.7397],[146.8927,-43.5584,13.2661],[146.8915,-43.5535,0.0],[146.8774,-43.558,34.2243],[146.8845,-43.5555,13.6261],[146.8861,-43.5534,7.5291],[146.8892,-43.5532,3.8837],[146.888,-43.5492,13.321],[146.8898,-43.5452,0.0],[146.8954,-43.541,0.8017],[146.8905,-43.5354,3.4189],[146.8966,-43.529,33.8806],[146.8966,-43.5261,26.5917],[146.9023,-43.5229,4.7647],[146.9001,-43.5172,14.3674],[146.9008,-43.5159,39.3773],[146.9028,-43.5152,15.5449],[146.9062,-43.5165,15.189],[146.9078,-43.5149,7.0522],[146.9105,-43.5144,9.4927],[146.9072,-43.5124,21.2392],[146.9095,-43.5132,9.4927],[146.9108,-43.5141,9.4927],[146.9104,-43.5147,12.3562],[146.9078,-43.5154,7.0522],[146.9066,-43.5167,15.189],[146.9031,-43.5169,0.925],[146.9039,-43.5184,2.4414],[146.9037,-43.5196,1.2073],[146.9048,-43.5214,0.0],[146.9077,-43.5213,17.7477],[146.9056,-43.5268,17.9967],[146.9091,-43.5285,1.7789],[146.9114,-43.5319,0.0],[146.9095,-43.5337,27.5882],[146.9091,-43.5375,0.0],[146.9037,-43.5389,3.1869],[146.9055,-43.5416,0.0],[146.9136,-43.542,13.7892],[146.9137,-43.5441,29.2784],[146.9171,-43.5463,0.0],[146.9169,-43.5435,6.6168],[146.9208,-43.5415,2.1849],[146.9188,-43.5351,8.7841],[146.9241,-43.5303,4.335],[146.927,-43.5309,6.0219],[146.9267,-43.5344,6.7984],[146.9216,-43.5375,0.569],[146.9214,-43.5393,6.8922],[146.9347,-43.5333,0.0],[146.9419,-43.5319,3.4296],[146.9481,-43.534,4.4784],[146.9527,-43.5331,0.771],[146.9561,-43.5265,16.2603],[146.9525,-43.5151,5.2657],[146.9533,-43.5132,0.0],[146.9584,-43.5072,5.2015],[146.9779,-43.494,0.0],[146.9767,-43.4876,0.0],[146.9642,-43.4979,0.0],[146.9533,-43.5099,4.3025],[146.9437,-43.512,10.2488],[146.9444,-43.5101,1.9563],[146.9412,-43.5062,0.0],[146.9423,-43.5036,3.3268],[146.9446,-43.5028,0.0],[146.9438,-43.4981,0.0],[146.9433,-43.5014,8.6697],[146.9381,-43.5013,29.5386],[146.936,-43.5007,11.2645],[146.9364,-43.4986,2.6126],[146.9292,-43.4967,9.1201],[146.9304,-43.4933,1.4519],[146.9369,-43.4899,0.0],[146.9366,-43.4857,2.3451],[146.9421,-43.4781,0.0],[146.9444,-43.4779,2.6343],[146.9453,-43.4805,1.6044],[146.9473,-43.4813,0.0],[146.9471,-43.4788,3.5986],[146.9497,-43.477,2.4101],[146.9551,-43.478,0.0],[146.9602,-43.4765,0.0],[146.9616,-43.4717,0.0],[146.96,-43.4712,8.3464],[146.9619,-43.4712,17.259],[146.964,-43.4719,2.121],[146.9725,-43.4686,8.4126],[146.9796,-43.4704,4.4056],[146.9825,-43.4748,0.0],[146.9823,-43.4796,10.3461],[146.9788,-43.4857,1.6611],[146.9807,-43.4872,4.4995],[146.9839,-43.4875,1.8442],[146.9954,-43.4805,4.7705],[147.0008,-43.4816,0.0],[147.0018,-43.4796,11.5759],[146.9987,-43.4754,0.0],[147.0001,-43.4708,0.0],[146.995,-43.4686,1.2398],[146.9945,-43.4658,1.7438],[146.9968,-43.464,2.2996],[146.9964,-43.4619,0.0],[146.9866,-43.4603,12.1011],[146.9832,-43.4547,19.9941],[146.9745,-43.4536,0.0],[146.9734,-43.4556,2.635],[146.97,-43.4556,2.206],[146.9662,-43.4542,3.0523],[146.9624,-43.4489,2.1993],[146.9597,-43.4477,0.0],[146.9584,-43.45,11.8378],[146.9531,-43.4505,9.0425],[146.9486,-43.4531,29.5163],[146.9431,-43.451,0.0],[146.9425,-43.4489,0.0],[146.9388,-43.4495,7.2485],[146.9394,-43.4468,6.4164],[146.9371,-43.4474,7.8742],[146.9403,-43.444,10.6536],[146.9462,-43.446,10.6414],[146.9418,-43.44,5.81],[146.9375,-43.4415,13.1978],[146.9305,-43.4408,2.3784],[146.9247,-43.4446,13.9774],[146.9156,-43.4471,7.182],[146.9198,-43.4427,0.0],[146.9168,-43.4412,8.3005],[146.9181,-43.4385,0.0],[146.9206,-43.4382,0.0],[146.9079,-43.4328,4.3136],[146.9069,-43.4307,1.6999],[146.9086,-43.4278,0.9942],[146.9059,-43.4208,5.2543],[146.9094,-43.4275,0.9942],[146.9083,-43.4322,4.3136],[146.9097,-43.4332,1.7878],[146.9187,-43.4359,0.0],[146.9166,-43.4352,0.1356],[146.9177,-43.4336,1.4081],[146.9236,-43.4398,0.0],[146.9276,-43.4386,6.5604],[146.9284,-43.4367,0.0],[146.9203,-43.4178,0.853],[146.9217,-43.4162,4.5435],[146.9209,-43.4143,4.6815],[146.9236,-43.4156,0.3645],[146.9308,-43.4242,3.3653],[146.9353,-43.4252,15.5531],[146.935,-43.4282,4.0266],[146.9388,-43.4322,4.5746],[146.9476,-43.4343,24.7666],[146.9472,-43.4374,3.7897],[146.9446,-43.4393,8.3989],[146.9475,-43.4435,0.0],[146.9498,-43.4433,21.7284],[146.9489,-43.4456,22.0904],[146.9505,-43.4474,5.7767],[146.9613,-43.4459,0.0],[146.9628,-43.4371,4.8732],[146.973,-43.4319,1.1274],[146.9776,-43.4332,4.86],[146.9783,-43.4362,2.9782],[146.9823,-43.4359,1.989],[146.9834,-43.4393,0.0],[146.9869,-43.4408,6.3538],[146.9895,-43.44,3.2557],[146.9908,-43.435,1.2012],[146.9957,-43.4336,2.2437],[147.0011,-43.4366,1.1929],[147.0031,-43.434,32.3615],[147.01,-43.4372,3.5042],[147.0122,-43.441,5.1721],[147.0142,-43.4413,4.9048],[147.0135,-43.4436,1.9254],[147.0176,-43.4435,5.3628],[147.0174,-43.4405,33.0994],[147.0209,-43.4389,0.0],[147.0218,-43.4368,13.7696],[147.0264,-43.4358,44.7866],[147.0228,-43.428,0.0],[147.0194,-43.425,18.3438],[147.0153,-43.4251,20.7433],[147.0124,-43.4221,0.0],[147.0151,-43.4176,29.5905],[147.0194,-43.4139,48.054],[147.0218,-43.4136,0.0],[147.0207,-43.4125,10.5203],[147.0217,-43.4117,10.5203],[147.0255,-43.4114,0.0],[147.0188,-43.4088,10.0579],[147.0167,-43.4033,0.0],[147.0189,-43.4007,42.0504],[147.0299,-43.3972,0.0],[147.0308,-43.3959,17.025],[147.0283,-43.3914,84.5075],[147.032,-43.3863,9.4554],[147.039,-43.3852,7.1626],[147.0397,-43.3826,45.2749],[147.046,-43.38,0.0],[147.0482,-43.377,0.0],[147.0475,-43.375,0.0],[147.0505,-43.3737,10.7614],[147.0517,-43.37,0.0],[147.0526,-43.3573,53.775],[147.0597,-43.3577,14.2622],[147.0593,-43.3531,16.17],[147.0395,-43.3455,0.0],[147.0343,-43.3454,4.3116],[147.0327,-43.3479,11.3848],[147.0314,-43.343,2.0874],[147.0242,-43.3401,21.7665],[147.0246,-43.3383,23.1674],[147.0193,-43.3339,6.3251],[147.0163,-43.3348,0.0],[147.0131,-43.342,20.4019],[147.0077,-43.3435,19.8092],[147.0025,-43.34,6.927],[146.9909,-43.3402,18.4004],[146.9917,-43.338,17.1711],[146.9901,-43.3352,0.0],[146.9854,-43.3332,12.0591],[146.9789,-43.3394,5.9905],[146.9806,-43.3367,1.7445],[146.9783,-43.3335,0.0],[146.9826,-43.3297,2.4079],[146.9756,-43.3298,5.9972],[146.9731,-43.328,2.5474],[146.9708,-43.331,3.277],[146.9717,-43.3274,0.3597],[146.9763,-43.3254,0.8555],[146.981,-43.3254,2.1559],[146.9829,-43.3274,0.1109],[146.9876,-43.3274,13.8765],[146.9938,-43.3351,0.0],[147.0024,-43.334,9.1715],[147.0042,-43.3355,0.0],[147.006,-43.3345,2.182],[147.0031,-43.331,0.0],[147.0036,-43.3238,4.975],[147.0059,-43.3235,2.3543],[147.012,-43.3159,5.2598],[147.0196,-43.3163,0.0],[147.0226,-43.3187,0.0],[147.0233,-43.3167,0.0],[147.0282,-43.3139,2.2591],[147.0321,-43.3148,0.0],[147.045,-43.3123,2.2452],[147.0538,-43.3167,0.9079],[147.0549,-43.3186,0.0],[147.0538,-43.3211,3.0666],[147.0582,-43.3254,17.8621],[147.0591,-43.3293,6.7978],[147.0653,-43.3328,30.7192],[147.0681,-43.3287,16.3217],[147.0726,-43.3262,0.0],[147.069,-43.3242,21.4666],[147.067,-43.3186,18.5687],[147.0692,-43.3149,11.5013],[147.0742,-43.3133,0.0],[147.0755,-43.3113,5.8744],[147.0754,-43.3081,16.906],[147.0796,-43.2987,28.3177],[147.0787,-43.2955,6.5271],[147.0806,-43.2924,0.0],[147.0888,-43.2905,3.3295],[147.099,-43.2918,0.0],[147.1001,-43.2902,2.9996],[147.0976,-43.2862,16.1137],[147.1007,-43.2837,4.3123],[147.0976,-43.2802,14.7188],[147.0894,-43.2784,16.6135],[147.0884,-43.2761,16.1489],[147.0894,-43.274,6.221],[147.0768,-43.2711,0.0],[147.068,-43.2636,3.9088],[147.066,-43.26,0.0],[147.0679,-43.2579,1.1736],[147.0644,-43.256,0.0],[147.0659,-43.2544,0.0],[147.0645,-43.2491,0.0],[147.0608,-43.2476,0.0],[147.0537,-43.248,19.1312],[147.0422,-43.2411,0.0],[147.0371,-43.2438,35.2185],[147.0377,-43.2401,0.0],[147.0328,-43.2352,18.7501],[147.0246,-43.231,16.2354],[147.0244,-43.2275,4.8141],[147.0204,-43.2261,21.8934],[147.0201,-43.2236,4.0779],[147.0164,-43.2246,19.5079],[147.0131,-43.2221,0.0],[147.0066,-43.2205,7.2017],[147.0056,-43.2175,2.011],[147.0023,-43.2172,0.0],[147.0034,-43.2158,0.0],[147.0017,-43.2145,0.0],[146.9967,-43.2141,0.0],[146.9903,-43.2171,7.9685],[146.9926,-43.2117,4.3647],[146.9967,-43.2078,0.0],[146.9953,-43.2064,20.4828],[146.9881,-43.2035,5.1453],[146.9792,-43.2065,12.6662],[146.9719,-43.204,0.6947],[146.9712,-43.2024,3.1533],[146.9729,-43.2,11.9808],[146.9705,-43.1982,10.7813],[146.9697,-43.1934,0.0],[146.9642,-43.1903,10.407],[146.9684,-43.188,0.0],[146.9713,-43.1838,0.0],[146.9711,-43.1799,12.0743],[146.967,-43.1776,33.7871],[146.9745,-43.1693,3.767],[146.9689,-43.1641,0.6503],[146.9605,-43.1616,12.6302],[146.9622,-43.158,0.1078],[146.9591,-43.158,0.836],[146.95,-43.1638,9.3459],[146.9528,-43.1608,1.8881],[146.9596,-43.1561,11.0301],[146.9638,-43.158,0.0],[146.966,-43.1563,1.2237],[146.9729,-43.1572,5.502],[146.9759,-43.1589,8.3664],[146.9758,-43.161,0.0],[146.9761,-43.1589,8.3664],[146.9807,-43.1589,4.0315],[146.9813,-43.1518,18.7767],[146.9781,-43.148,7.9568],[146.9794,-43.1456,5.4089],[146.9725,-43.1418,8.9032],[146.9725,-43.1385,5.6798],[146.98,-43.1372,3.7811],[146.9815,-43.1317,1.6957],[146.9887,-43.1316,0.0],[146.993,-43.1286,4.152],[146.9936,-43.1246,4.3572],[146.9912,-43.1219,6.3553],[146.9914,-43.1187,10.4558],[146.9961,-43.1125,5.5725],[147.0008,-43.1096,2.1986],[147.0011,-43.1046,4.0168],[147.0139,-43.0882,0.3145],[147.0181,-43.0789,5.796],[147.0215,-43.077,0.0],[147.0245,-43.0682,9.0441],[147.0296,-43.0615,0.9287],[147.0297,-43.0587,0.345],[147.0403,-43.0519,0.3348],[147.0453,-43.0434,0.9742],[147.0547,-43.0399,0.6732],[147.0462,-43.0346,4.1278],[147.0357,-43.025,3.5436],[147.0313,-43.0156,0.6233],[147.033,-43.0114,4.744],[147.0244,-43.0118,2.975],[147.0017,-43.0174,21.3657],[147.007,-43.0146,4.26],[147.0233,-43.0114,2.975],[147.034,-43.0109,10.3058],[147.0323,-43.0151,0.6233],[147.0347,-43.0191,0.2289],[147.0372,-43.0202,4.0409],[147.0348,-43.0196,0.9614],[147.0365,-43.0247,3.5436],[147.0563,-43.0397,32.5707],[147.0451,-43.0456,4.5149],[147.0419,-43.0595,2.339],[147.037,-43.0674,0.0],[147.0398,-43.069,2.4043],[147.0398,-43.0691,2.4043],[147.039,-43.0689,1.1664],[147.0389,-43.069,1.1664],[147.0369,-43.0676,0.0],[147.038,-43.0705,1.2981],[147.0365,-43.069,0.0],[147.0304,-43.0813,3.884],[147.0218,-43.0919,0.4014],[147.0199,-43.0989,0.0],[147.0208,-43.1035,1.9079],[147.0173,-43.1099,0.0],[147.0188,-43.1122,0.1494],[147.0171,-43.1138,1.539],[147.0141,-43.1146,5.8973],[147.0116,-43.1179,4.3073],[147.0067,-43.138,21.3896],[147.001,-43.1411,0.0],[146.9972,-43.147,0.0],[147.0,-43.1546,7.8214],[146.9972,-43.1568,0.0],[146.9984,-43.1587,19.4595],[146.9948,-43.1644,5.3952],[146.9968,-43.1661,12.1837],[146.9951,-43.1664,3.9547],[146.9946,-43.1732,19.3655],[146.9912,-43.176,0.0],[146.9835,-43.1776,0.0],[146.9864,-43.1797,17.0663],[146.9844,-43.1894,11.1076],[146.9944,-43.1902,11.696],[147.0025,-43.1929,9.9724],[147.0103,-43.1903,6.0094],[147.0144,-43.1965,0.0],[147.0248,-43.2001,13.1089],[147.024,-43.2058,0.0],[147.0278,-43.2079,10.9767],[147.0278,-43.2096,0.0],[147.0456,-43.2129,19.0611],[147.0464,-43.2154,15.9201],[147.0452,-43.2169,0.0],[147.051,-43.2177,17.4855],[147.0547,-43.2202,0.0],[147.0557,-43.2233,0.0],[147.0563,-43.2205,2.8884],[147.0594,-43.2201,2.8556],[147.062,-43.2251,0.0],[147.064,-43.2239,0.0],[147.0632,-43.2173,30.5181],[147.0713,-43.2139,9.7015],[147.0756,-43.2089,8.5308],[147.0803,-43.2087,0.0],[147.0833,-43.2067,0.0],[147.0783,-43.2042,0.0],[147.0742,-43.2051,9.5625],[147.0718,-43.2023,8.155],[147.0769,-43.1994,0.0],[147.0745,-43.1964,5.91],[147.0787,-43.1983,0.0],[147.0843,-43.1929,28.7475],[147.0865,-43.1928,0.0],[147.0812,-43.1828,1.8244],[147.0836,-43.1787,0.0],[147.0801,-43.1722,12.503],[147.0819,-43.167,0.0],[147.0804,-43.1657,1.0176],[147.0801,-43.1647,13.2503],[147.0812,-43.1631,2.7389],[147.0805,-43.1653,1.0176],[147.0837,-43.1664,0.0],[147.0825,-43.1629,7.906],[147.0852,-43.1663,3.732],[147.0862,-43.1699,0.0],[147.0944,-43.1689,2.3031],[147.096,-43.1712,2.713],[147.0955,-43.1713,9.1264],[147.0941,-43.1706,0.2157],[147.0928,-43.171,0.2157],[147.0946,-43.1716,2.3519],[147.0932,-43.1714,2.3519],[147.0928,-43.1746,14.918],[147.0895,-43.1775,0.0],[147.0932,-43.1779,11.4555],[147.093,-43.1815,3.5337],[147.0983,-43.1837,1.5232],[147.1012,-43.183,2.1783],[147.1042,-43.1853,1.346],[147.1079,-43.1851,4.9431],[147.1068,-43.1857,4.0512],[147.1048,-43.1859,1.346],[147.1035,-43.1853,1.346],[147.1006,-43.1876,0.0],[147.0945,-43.188,0.0],[147.101,-43.1902,9.4264],[147.1021,-43.192,3.7749],[147.1005,-43.1942,0.9939],[147.1011,-43.1961,11.9226],[147.1056,-43.1984,4.7435],[147.1038,-43.2013,1.9011],[147.1052,-43.2037,9.7532],[147.102,-43.2068,1.7609],[147.1089,-43.206,12.1708],[147.1166,-43.2108,7.0009],[147.1138,-43.211,0.0],[147.1134,-43.2146,12.4112],[147.1076,-43.2137,2.643],[147.0983,-43.2151,4.1156],[147.092,-43.2191,4.2774],[147.0917,-43.2229,8.5611],[147.0931,-43.2241,19.2096],[147.0919,-43.225,1.2981],[147.0972,-43.2257,5.8702],[147.0945,-43.2269,0.0],[147.0943,-43.2287,0.0],[147.0972,-43.2289,9.4564],[147.0943,-43.2314,0.0],[147.0979,-43.2317,1.8797],[147.0945,-43.2351,0.0],[147.0978,-43.2358,4.9099],[147.0993,-43.2379,22.9227],[147.0969,-43.2382,2.1232],[147.0954,-43.2413,37.4205],[147.0905,-43.2403,0.0],[147.0889,-43.2432,0.0],[147.0897,-43.2446,0.0],[147.0995,-43.2449,6.2316],[147.1003,-43.2485,8.7585],[147.0955,-43.2489,0.0],[147.1029,-43.252,2.0757],[147.1081,-43.2512,1.8605],[147.1083,-43.2487,8.3163],[147.1124,-43.2466,5.6429],[147.1215,-43.2476,0.0],[147.1189,-43.2452,11.4276],[147.1231,-43.2428,5.3214],[147.1273,-43.2433,0.0],[147.1299,-43.2478,30.5235],[147.139,-43.248,0.0],[147.1438,-43.25,1.0839],[147.1512,-43.2412,9.8182],[147.1504,-43.2433,30.1548],[147.1492,-43.243899999999996,4.95],[147.1485,-43.2462,3.8811],[147.1434,-43.2506,1.0839],[147.142,-43.2539,0.0],[147.1435,-43.2602,7.7944],[147.1423,-43.2656,16.0669],[147.1466,-43.2697,13.7344],[147.145,-43.2712,1.0665],[147.1422,-43.2706,4.6564],[147.1436,-43.2725,9.1771],[147.147,-43.2719,5.2377],[147.1521,-43.2763,0.0],[147.1615,-43.2777,7.1268],[147.1677,-43.2834,0.0],[147.1735,-43.2818,1.6865],[147.1794,-43.2775,7.4475],[147.189,-43.2762,22.0864],[147.2063,-43.2786,14.8221],[147.2142,-43.2814,0.0],[147.2196,-43.281,13.1757],[147.2318,-43.2762,7.0654],[147.2347,-43.272,2.2667],[147.2394,-43.2711,3.1218],[147.2425,-43.2681,0.6451],[147.2401,-43.2654,0.9808],[147.2426,-43.2617,1.6475],[147.2405,-43.2597,4.4023],[147.2404,-43.2566,5.4636],[147.2504,-43.2418,3.0589],[147.2556,-43.2381,2.3319],[147.261,-43.2236,5.7407],[147.2588,-43.2206,7.6372],[147.2604,-43.2144,0.0],[147.2561,-43.2042,25.3347],[147.2572,-43.2001,39.5937],[147.2518,-43.1917,6.9736],[147.2529,-43.1893,13.4011],[147.2554,-43.1884,3.1472],[147.2432,-43.1834,6.42],[147.2414,-43.1818,4.6578],[147.244,-43.1794,0.0],[147.2394,-43.1771,0.0],[147.2393,-43.1739,0.0],[147.242,-43.1721,1.6487],[147.2419,-43.1703,1.7457],[147.2484,-43.1662,0.0],[147.2395,-43.1633,3.9601],[147.2392,-43.1628,0.0],[147.2392,-43.1613,0.0],[147.2418,-43.1596,0.0],[147.2393,-43.1572,0.0],[147.2389,-43.1544,2.6675],[147.2479,-43.1518,0.0],[147.2469,-43.1499,18.816],[147.2417,-43.1487,8.2927],[147.2451,-43.1448,0.0],[147.2493,-43.144,0.0],[147.2472,-43.1423,0.0],[147.2479,-43.1406,1.9285],[147.2562,-43.1386,9.2992],[147.2517,-43.1351,2.5226],[147.2528,-43.1323,14.7563],[147.2628,-43.1308,11.6626],[147.2623,-43.1292,0.0],[147.257,-43.1271,2.432],[147.2498,-43.1282,14.9332],[147.2497,-43.1245,0.0],[147.2464,-43.1223,13.3304],[147.2535,-43.1216,3.8347],[147.2583,-43.1234,4.629],[147.2694,-43.1219,11.872],[147.2719,-43.1193,2.1372],[147.2715,-43.1148,21.4083],[147.263,-43.112,18.9164],[147.2598,-43.1071,0.0],[147.2577,-43.1065,7.2825],[147.2619,-43.1057,18.4932],[147.2678,-43.1076,9.2705],[147.2743,-43.1044,40.0138],[147.2853,-43.111,7.998],[147.2859,-43.1035,22.84],[147.2967,-43.0966,0.0],[147.3002,-43.0923,33.5413],[147.3012,-43.0879,0.0],[147.3005,-43.0848,0.0],[147.2917,-43.0799,35.7719],[147.2832,-43.0788,7.3114],[147.279,-43.0749,12.5915],[147.2712,-43.0746,20.1132],[147.2666,-43.0725,0.0],[147.2556,-43.0732,9.6479],[147.2581,-43.0694,11.2991],[147.2645,-43.0661,4.6125],[147.2624,-43.0612,7.5711],[147.2587,-43.061,5.8819],[147.2563,-43.0635,5.342],[147.2578,-43.0619,2.3389],[147.2563,-43.0621,12.0065],[147.26,-43.06,5.8938],[147.2633,-43.0615,0.8827],[147.2664,-43.0584,0.0],[147.2654,-43.056,12.1732],[147.2686,-43.0544,1.7241],[147.2654,-43.0506,12.2085],[147.2677,-43.0501,0.0],[147.268,-43.048,0.0],[147.2663,-43.048,2.7162],[147.2673,-43.0441,4.7047],[147.2735,-43.0424,6.6205],[147.272,-43.0397,3.0301],[147.2764,-43.0374,0.0],[147.2762,-43.0298,1.1231],[147.2799,-43.0267,0.0],[147.276,-43.0233,2.412],[147.2692,-43.027,8.1386],[147.2651,-43.0263,22.9217],[147.2655,-43.0251,0.5382],[147.2695,-43.0235,2.8866],[147.2699,-43.0252,0.0],[147.2697,-43.0239,1.3055],[147.2711,-43.0241,1.3055],[147.2693,-43.0213,5.2406],[147.2725,-43.0158,17.1146],[147.2777,-43.0111,10.6144],[147.2854,-43.0097,1.1062],[147.2849,-43.0083,10.9525],[147.2858,-43.0096,1.1062],[147.2852,-43.0128,2.2728],[147.2876,-43.02,0.0],[147.2895,-43.0181,6.4696],[147.2899,-43.0208,0.0],[147.2924,-43.0216,15.7283],[147.2901,-43.0252,0.0],[147.291,-43.0271,0.0],[147.2937,-43.0277,13.4596],[147.2933,-43.0293,5.9266],[147.297,-43.0333,4.8218],[147.2968,-43.0359,3.8421],[147.3007,-43.039,17.8306],[147.3019,-43.0448,0.0],[147.3039,-43.0452,8.0426],[147.3076,-43.0524,0.0],[147.3141,-43.0595,9.5974],[147.3219,-43.0608,8.6287],[147.3293,-43.0576,11.3268],[147.3334,-43.0587,1.5941],[147.3442,-43.0517,0.0],[147.345,-43.0485,0.0],[147.3372,-43.0407,19.7464],[147.3373,-43.0391,32.2829],[147.3389,-43.0391,4.6091],[147.3386,-43.036,0.0],[147.337,-43.031,3.9912],[147.3348,-43.0292,55.3017],[147.3355,-43.0274,0.0],[147.3332,-43.0242,44.4207],[147.3341,-43.0225,4.0109],[147.3288,-43.0168,13.7865],[147.3304,-43.0107,3.0295],[147.3278,-43.0093,0.0],[147.3294,-43.0081,0.0],[147.3291,-43.0077,0.0],[147.3255,-43.0077,0.0],[147.3242,-43.0062,8.366],[147.3256,-43.002,1.1695],[147.3293,-42.9983,0.0],[147.3289,-42.9924,17.3418],[147.3304,-42.9892,3.854],[147.3241,-42.983,6.4226],[147.3296,-42.9779,3.819],[147.3279,-42.9777,7.9338],[147.3247,-42.9756,0.6823],[147.3246,-42.9777,0.632],[147.3226,-42.9795,1.8819],[147.3207,-42.9796,5.4896],[147.317,-42.9774,6.4404],[147.3149,-42.9742,4.285],[147.3163,-42.9737,4.285],[147.316,-42.9744,4.285],[147.3154,-42.9748,3.2639],[147.317,-42.9765,6.4404],[147.3172,-42.9774,6.4404],[147.3216,-42.9795,1.8819],[147.3242,-42.9744,30.1153],[147.3284,-42.9774,7.9338],[147.3386,-42.9744,7.1776],[147.3388,-42.9697,21.7341],[147.3404,-42.9696,0.0],[147.3398,-42.9677,32.5643],[147.3414,-42.967,32.5643],[147.3408,-42.9619,43.2306],[147.3445,-42.9548,0.0],[147.3558,-42.9512,7.9461],[147.3552,-42.9474,4.4387],[147.3577,-42.9431,2.6677],[147.356,-42.9413,16.2681],[147.3606,-42.9323,6.551],[147.362,-42.9259,35.8288],[147.3598,-42.916,23.3345],[147.361,-42.9142,1.9925],[147.3573,-42.9137,9.4572],[147.357,-42.9095,0.0],[147.3448,-42.9079,0.0],[147.3374,-42.9041,5.5563],[147.3384,-42.9016,0.0],[147.3322,-42.9002,5.4548],[147.3333,-42.8961,5.2007],[147.3346,-42.896,1.2513],[147.3339,-42.8943,15.9885],[147.339,-42.8911,6.5217],[147.3381,-42.8892,0.9866],[147.3394,-42.8868,4.0457],[147.3377,-42.886,0.0],[147.3327,-42.8857,3.1325],[147.3315,-42.885,3.1325],[147.3415,-42.8822,1.9543],[147.3412,-42.8771,1.1088],[147.3392,-42.8773,5.0684],[147.3352,-42.8738,28.5824],[147.3345,-42.8707,14.2617],[147.3367,-42.8646,3.0204],[147.3311,-42.8637,10.5958],[147.3286,-42.8601,5.0765],[147.3197,-42.8551,4.0843],[147.3219,-42.8513,0.0],[147.3273,-42.8515,0.0],[147.3279,-42.8446,0.0],[147.3149,-42.8468,2.0211],[147.3131,-42.8492,3.3474],[147.3151,-42.8446,0.6101],[147.3179,-42.8434,0.0],[147.3182,-42.8398,0.0],[147.3211,-42.8401,0.0],[147.3236,-42.8379,1.3396],[147.3232,-42.834,0.0],[147.3212,-42.8318,0.5101],[147.3221,-42.8321,0.5101],[147.3173,-42.8292,0.0],[147.3053,-42.8264,4.9866],[147.3032,-42.828,1.6836],[147.3049,-42.8293,12.144],[147.3049,-42.8336,9.8836],[147.3019,-42.8338,3.9099],[147.3009,-42.8301,0.2711],[147.2986,-42.8312,0.4414],[147.298,-42.8295,0.0],[147.295,-42.8293,4.5846],[147.2975,-42.8274,7.6075],[147.3005,-42.8281,0.0],[147.2978,-42.8238,6.0125],[147.3022,-42.825,0.0],[147.3067,-42.8235,0.0],[147.304,-42.8205,7.2655],[147.298,-42.8187,1.8221],[147.2865,-42.8201,7.3869],[147.2851,-42.8189,0.8016],[147.2841,-42.8222,7.59],[147.2793,-42.826,0.8199],[147.2723,-42.8244,1.2065],[147.268,-42.8192,0.0],[147.2613,-42.8168,8.1813],[147.2618,-42.8144,0.0],[147.2598,-42.8158,1.2488],[147.2559,-42.8151,10.2453],[147.2567,-42.8117,3.2356],[147.2616,-42.813,0.0],[147.2623,-42.8113,10.3694],[147.2612,-42.8087,0.9977],[147.2586,-42.81,3.8387],[147.258,-42.8073,0.0],[147.2552,-42.8089,1.7187],[147.2537,-42.8062,11.7237],[147.2582,-42.8049,0.0],[147.2572,-42.8015,9.1577],[147.2617,-42.8004,1.4434],[147.2659,-42.7965,0.0],[147.2586,-42.7949,5.9601],[147.2578,-42.7933,0.1432],[147.259,-42.7918,1.5519],[147.2721,-42.7958,3.5175],[147.2832,-42.79,0.0],[147.2759,-42.7886,4.9635],[147.2742,-42.7904,12.1766],[147.2693,-42.7908,4.0657],[147.2614,-42.7848,7.0674],[147.26,-42.7888,8.3657],[147.2579,-42.787,0.0],[147.2526,-42.7866,6.2908],[147.2553,-42.7821,4.2147],[147.2568,-42.7828,4.2147],[147.2562,-42.7793,10.3032],[147.258,-42.7773,0.0],[147.2536,-42.7694,1.483],[147.2535,-42.7658,0.0],[147.2489,-42.7663,11.4447],[147.246,-42.7636,2.6943],[147.2437,-42.7643,0.4007],[147.2425,-42.7613,3.7793],[147.2373,-42.7595,2.3814],[147.2362,-42.7554,1.6378],[147.2326,-42.7519,0.0],[147.2217,-42.7487,15.4873],[147.2087,-42.7412,0.0],[147.1983,-42.7404,2.5994],[147.1912,-42.7434,5.5166],[147.1873,-42.743,8.876],[147.1804,-42.7452,2.1276],[147.166,-42.7514,1.6969],[147.1545,-42.7528,0.4382],[147.1474,-42.7582,1.6559],[147.1429,-42.768,42.3101],[147.1396,-42.7698,2.2545],[147.1312,-42.7718,1.6557],[147.123,-42.7709,0.0],[147.1127,-42.7767,0.5029],[147.1116,-42.7756,0.9674],[147.1208,-42.7695,12.5713],[147.1308,-42.77,0.6989],[147.1399,-42.767,0.9941],[147.1441,-42.7584,0.0],[147.15,-42.7518,8.9891],[147.1619,-42.7496,0.0],[147.1775,-42.7426,0.2308],[147.1761,-42.7412,0.5192],[147.1779,-42.7425,0.2308],[147.186,-42.7409,0.0],[147.1834,-42.7404,0.2486],[147.1841,-42.7393,0.0903],[147.1791,-42.7398,0.4805],[147.185,-42.7378,0.4747],[147.1858,-42.737,0.0],[147.1843,-42.7357,0.7071],[147.1865,-42.7367,0.0],[147.1842,-42.7353,0.7071],[147.184,-42.7323,0.6186],[147.1915,-42.7274,4.0499],[147.199,-42.7253,10.1729],[147.2039,-42.7266,8.4571],[147.2146,-42.737,4.9692],[147.2234,-42.7372,3.4955],[147.2219,-42.7382,0.0],[147.2286,-42.7421,0.8055],[147.2306,-42.7428,0.8816],[147.235,-42.7409,18.2082],[147.2477,-42.7465,13.2058],[147.2483,-42.7503,1.2113],[147.2517,-42.7543,3.4596],[147.2545,-42.7575,0.0],[147.2567,-42.757,4.4962],[147.2522,-42.7512,5.0273],[147.2587,-42.7407,11.1282],[147.2646,-42.739,5.235],[147.2606,-42.7347,12.0026],[147.2626,-42.7302,5.1867],[147.2627,-42.7313,3.2595],[147.2613,-42.7349,12.0026],[147.2656,-42.7389,57.6125],[147.2594,-42.7413,14.1301],[147.2561,-42.7486,0.0],[147.2616,-42.7521,11.3761],[147.2636,-42.7543,17.9729],[147.2627,-42.7553,0.0],[147.2667,-42.7557,5.8913],[147.263,-42.7571,0.0],[147.2615,-42.7613,4.7643],[147.2631,-42.7629,4.7643],[147.2605,-42.7654,0.0],[147.2632,-42.7678,8.955],[147.2647,-42.7785,0.0],[147.2709,-42.7823,0.2663],[147.2767,-42.7824,3.0515],[147.2806,-42.7818,0.8941],[147.2842,-42.7778,18.0867],[147.2858,-42.7825,2.1801],[147.2911,-42.7863,0.0],[147.2927,-42.7897,39.0839],[147.2892,-42.7935,0.0],[147.2899,-42.7952,7.8737],[147.282,-42.797,13.2039],[147.2816,-42.801,0.0],[147.2925,-42.8071,14.8103],[147.2932,-42.8091,15.2271],[147.3083,-42.8124,2.994],[147.3123,-42.8157,2.9881],[147.312,-42.8177,0.0],[147.3149,-42.8151,5.4259],[147.3199,-42.8167,1.7352],[147.3207,-42.8184,4.5667],[147.3176,-42.8212,7.4095],[147.3174,-42.8249,2.9715],[147.321,-42.8272,2.9492],[147.3228,-42.8265,5.0043],[147.3224,-42.8282,0.0],[147.3266,-42.8295,38.7067],[147.33,-42.8354,9.0573],[147.3351,-42.8337,28.3563],[147.3313,-42.837,0.0],[147.3338,-42.8411,11.1314],[147.3463,-42.8361,8.1681],[147.3378,-42.845,13.6859],[147.3384,-42.8466,1.4171],[147.3432,-42.8483,0.0],[147.3443,-42.8508,12.051],[147.3503,-42.8531,0.0],[147.355,-42.8501,0.0],[147.3551,-42.8483,1.0455],[147.3586,-42.8487,2.9151],[147.3551,-42.8535,3.1306],[147.3546,-42.8575,5.1296],[147.3505,-42.8606,1.5613],[147.3516,-42.8632,4.4963],[147.3502,-42.8652,2.4895],[147.3552,-42.8655,5.0359],[147.3534,-42.8694,5.6714],[147.351,-42.8705,0.0],[147.3524,-42.8758,14.5145],[147.356,-42.8756,11.3126],[147.3627,-42.8716,2.2571],[147.3647,-42.8721,0.0],[147.3657,-42.8702,3.2675],[147.3692,-42.8726,1.8444],[147.3635,-42.8753,3.4878999999999998],[147.3631,-42.8786,5.8079],[147.3665,-42.8826,14.8696],[147.3698,-42.8814,4.309],[147.3706,-42.8794,2.5219],[147.3786,-42.879,1.7067],[147.3839,-42.8798,0.0],[147.3859,-42.8822,2.5985],[147.3917,-42.8807,2.0732],[147.4047,-42.8843,1.3336],[147.4054,-42.8873,0.0],[147.4033,-42.8886,0.0],[147.4051,-42.8914,0.0],[147.4097,-42.8938,7.1562],[147.4173,-42.9089,2.6812],[147.4158,-42.9137,11.5493],[147.4092,-42.9189,0.0],[147.4117,-42.9242,17.2246],[147.4113,-42.9291,0.0],[147.4081,-42.9353,7.0941],[147.4089,-42.9388,1.3302],[147.4137,-42.9378,21.2584],[147.4191,-42.9406,1.9957],[147.4214,-42.9397,5.4577],[147.4281,-42.9282,0.0],[147.4334,-42.9244,2.7838],[147.4352,-42.9171,0.0],[147.432,-42.9119,20.4189],[147.4351,-42.9087,0.8662],[147.4464,-42.9082,0.0],[147.4585,-42.9117,0.0],[147.4632,-42.9088,5.1286],[147.479,-42.9063,0.0],[147.4836,-42.9095,3.0177],[147.4845,-42.9114,1.7709],[147.483,-42.9123,0.0],[147.4855,-42.913,0.7523],[147.4858,-42.9161,2.0205],[147.4838,-42.9193,0.8949],[147.4841,-42.9224,1.0391],[147.4914,-42.9271,0.0993],[147.488,-42.929,0.526],[147.4845,-42.9286,0.4545],[147.4796,-42.9201,0.0],[147.4769,-42.9186,4.3222],[147.4745,-42.9185,2.9702],[147.4648,-42.9234,0.0],[147.4638,-42.9313,11.4701],[147.4563,-42.9367,0.0],[147.4547,-42.9409,0.0],[147.4559,-42.9485,1.0237],[147.4531,-42.9507,1.865],[147.4488,-42.9501,8.3722],[147.453,-42.9545,13.0863],[147.4522,-42.9599,3.9229],[147.4509,-42.9623,13.2837],[147.4461,-42.9645,0.0],[147.4493,-42.9702,20.3567],[147.4454,-42.9784,0.0],[147.4526,-42.972,12.6716],[147.4605,-42.973,0.0],[147.4653,-42.9702,3.7112],[147.4732,-42.9745,0.7079],[147.4785,-42.9821,2.8588],[147.4786,-42.988,3.3078],[147.4727,-42.9902,0.0],[147.4727,-42.9949,5.2783],[147.4688,-42.9993,1.7148],[147.4705,-43.0054,3.7097],[147.4734,-43.0088,14.5818],[147.47,-43.0125,7.607],[147.4737,-43.0151,8.6572],[147.4729,-43.0172,0.0],[147.4741,-43.0187,3.3298],[147.472,-43.0214,1.7327],[147.4728,-43.0233,0.2601],[147.4698,-43.026,0.3372],[147.4607,-43.0308,0.3129],[147.4522,-43.0326,0.0],[147.4374,-43.0303,0.5179],[147.4301,-43.0276,0.5887],[147.4259,-43.0196,9.4858],[147.4283,-43.0149,0.0],[147.4277,-43.013,30.5732],[147.4175,-43.0028,16.8371],[147.4197,-42.9935,39.723],[147.4179,-42.9844,0.0],[147.4088,-42.9819,5.0287],[147.4038,-42.9777,1.2036],[147.4042,-42.9749,3.2021],[147.4084,-42.9738,0.0],[147.408,-42.9681,0.0],[147.4105,-42.9667,0.0],[147.4081,-42.9655,0.2246],[147.4088,-42.9629,0.0],[147.4041,-42.9632,0.0],[147.4049,-42.9676,0.0],[147.4014,-42.9736,5.7009],[147.392,-42.9757,3.7906],[147.3934,-42.978,0.0],[147.4007,-42.9809,3.5763],[147.4041,-42.9845,4.4072],[147.4037,-42.9918,7.6084],[147.4017,-42.9931,11.4296],[147.3985,-42.9924,1.4919],[147.4006,-42.9966,3.7883],[147.3983,-42.9984,8.2947],[147.3996,-43.0006,19.4888],[147.3978,-43.0022,7.3963],[147.397,-43.0067,0.0],[147.4083,-43.0103,0.729],[147.4127,-43.0145,1.1012],[147.4155,-43.0204,3.2174],[147.4147,-43.0274,6.4989],[147.4093,-43.0327,0.0],[147.4064,-43.0333,14.019],[147.4041,-43.0369,0.0],[147.4113,-43.0406,0.0],[147.4115,-43.0432,5.4255],[147.4076,-43.0445,0.934],[147.4084,-43.0465,0.0],[147.4143,-43.0467,12.442],[147.4156,-43.0497,0.0],[147.4188,-43.0505,2.9102],[147.4228,-43.0457,30.5022],[147.423,-43.0433,51.9897],[147.4413,-43.0369,1.2392],[147.4567,-43.0336,2.7781],[147.4762,-43.0329,2.8378],[147.4821,-43.0308,7.7336],[147.4842,-43.0269,0.0],[147.5005,-43.0221,2.3592],[147.5125,-43.0213,0.0],[147.5149,-43.0195,50.8942],[147.5213,-43.0208,5.4904],[147.5231,-43.0179,0.0],[147.5199,-43.0162,0.0],[147.5204,-43.0144,28.5781],[147.5255,-43.0119,5.5105],[147.5288,-43.006,55.8875],[147.5278,-43.0007,8.4772],[147.5233,-42.9966,11.4704],[147.5237,-42.9927,7.4126],[147.5421,-42.9868,1.0179],[147.5485,-42.9863,7.2562],[147.5505,-42.9887,2.6087],[147.551,-42.9867,32.2179],[147.5541,-42.9856,0.0],[147.5497,-42.9821,5.5635],[147.5504,-42.9797,7.9055],[147.5488,-42.9759,52.2379],[147.5507,-42.9742,13.4292],[147.5488,-42.9716,37.5419],[147.55,-42.9682,0.0],[147.5439,-42.9631,24.2058],[147.5418,-42.9593,0.0],[147.5401,-42.9593,0.461],[147.5401,-42.9629,4.1786],[147.5378,-42.9643,2.6805],[147.5321,-42.9649,6.5152],[147.5306,-42.9618,1.8455],[147.5277,-42.962,0.0],[147.5302,-42.9696,0.0],[147.5358,-42.9706,0.4362],[147.5392,-42.9749,4.0425],[147.5346,-42.9824,0.0],[147.5287,-42.9852,0.7703],[147.5228,-42.9846,1.7872],[147.5203,-42.9817,6.0061],[147.5178,-42.9738,5.0685],[147.5152,-42.9713,6.1291],[147.5113,-42.9703,1.8109],[147.5091,-42.9673,1.4659],[147.5087,-42.9647,0.3923],[147.5113,-42.9626,0.6234],[147.5149,-42.9619,3.062],[147.5172,-42.9643,3.796],[147.5182,-42.9635,3.796],[147.5182,-42.9607,0.576],[147.5151,-42.9596,1.8358],[147.5133,-42.9554,0.1546],[147.514,-42.9528,3.647],[147.5173,-42.952,1.3909],[147.5229,-42.9523,2.7566],[147.5274,-42.9574,0.8666],[147.5387,-42.9616,0.0],[147.5342,-42.9571,3.2817],[147.5343,-42.953,3.8045],[147.5367,-42.9507,23.82],[147.5348,-42.9445,41.6106],[147.5364,-42.9416,23.3406],[147.5321,-42.9363,17.2165],[147.5305,-42.9313,25.7943],[147.5252,-42.926,0.0],[147.5147,-42.925,1.972],[147.5129,-42.9222,0.0],[147.5126,-42.9162,0.0],[147.5008,-42.9173,1.5591],[147.497,-42.915,2.7264],[147.495,-42.9113,0.8292],[147.4951,-42.9053,0.0],[147.5012,-42.8944,2.9235],[147.5007,-42.8919,2.5382],[147.5111,-42.876,0.0],[147.5103,-42.8726,19.1419],[147.503,-42.8669,2.6839],[147.5036,-42.8643,2.9348],[147.5155,-42.8549,0.7611],[147.5292,-42.8473,0.4217],[147.5432,-42.8423,3.1942],[147.5646,-42.8379,5.4203],[147.5891,-42.8382,0.0],[147.6079,-42.8458,3.2015],[147.6134,-42.846,0.0],[147.595,-42.8298,4.3147],[147.578,-42.825,7.0268],[147.5472,-42.8251,7.0082],[147.5323,-42.828,9.2244],[147.5222,-42.828,0.6758],[147.5179,-42.8259,0.9455],[147.5144,-42.8217,4.6793],[147.5131,-42.8176,0.0],[147.5146,-42.8131,0.0],[147.5131,-42.8113,3.9472],[147.5096,-42.8138,12.1085],[147.5036,-42.8125,2.6548],[147.5025,-42.8191,22.308],[147.4912,-42.828,1.9374],[147.4884,-42.8288,0.3376],[147.4811,-42.8267,7.2494],[147.4763,-42.8231,2.2521],[147.475,-42.819,0.3265],[147.4721,-42.821,1.892],[147.472,-42.82,1.892],[147.4735,-42.8187,0.3265],[147.4753,-42.8186,0.3265],[147.4747,-42.8157,0.3879],[147.4776,-42.8129,0.5248],[147.4898,-42.815,0.0],[147.4839,-42.8108,0.0],[147.4854,-42.8079,0.0],[147.4806,-42.8116,0.433],[147.4819,-42.8115,0.5296],[147.4758,-42.8126,0.5356],[147.4658,-42.8119,1.2084],[147.46,-42.8095,0.0],[147.4584,-42.8051,4.6816],[147.4548,-42.8037,1.2419],[147.4545,-42.8011,0.0],[147.4515,-42.8004,1.5145],[147.452,-42.7986,0.0],[147.4474,-42.7993,2.1518],[147.4471,-42.7967,0.6107],[147.4448,-42.7965,5.1624],[147.4451,-42.7954,0.82],[147.4477,-42.795,0.3457],[147.4442,-42.7933,8.1548],[147.4456,-42.7901,1.0221],[147.4371,-42.7858,0.9784],[147.4352,-42.7812,0.3532],[147.4381,-42.7814,0.0],[147.4365,-42.7801,0.0616],[147.4365,-42.777,7.116],[147.4341,-42.7755,0.288],[147.4346,-42.7741,5.0258],[147.4367,-42.7764,7.116],[147.4378,-42.7797,0.0616],[147.4427,-42.7806,3.0056],[147.4451,-42.7833,0.0],[147.4475,-42.7807,1.3213],[147.4459,-42.778,3.0744],[147.4485,-42.7759,8.3179],[147.455,-42.7745,0.2478],[147.4578,-42.7776,0.109],[147.4591,-42.7768,0.0],[147.4491,-42.7689,0.0],[147.4459,-42.7583,6.2812],[147.4476,-42.7562,0.8155],[147.4497,-42.7564,13.0325],[147.448,-42.7582,0.0],[147.4499,-42.7638,0.1573],[147.4512,-42.7656,0.0],[147.4516,-42.7635,2.9942],[147.454,-42.7681,0.0],[147.4568,-42.7679,0.3715],[147.4578,-42.7663,0.1947],[147.4598,-42.7685,0.1034],[147.4651,-42.7701,0.0],[147.4637,-42.7684,0.3295],[147.4662,-42.7676,1.7199],[147.4685,-42.7711,5.2837],[147.4636,-42.7775,0.2019],[147.4569,-42.7813,4.5438],[147.4529,-42.7815,2.3664],[147.4663,-42.7923,0.0951],[147.4744,-42.793,0.0],[147.476,-42.7958,23.0144],[147.4873,-42.8031,0.0],[147.4922,-42.8011,6.41],[147.4914,-42.7978,27.6222],[147.493,-42.7961,37.035],[147.499,-42.794,10.4751],[147.5065,-42.7865,0.0],[147.513,-42.7829,3.8084],[147.5207,-42.7853,8.253],[147.5197,-42.7884,3.9918],[147.524,-42.7913,2.1229],[147.5235,-42.7946,2.7218],[147.5263,-42.8002,0.0],[147.5252,-42.8018,5.5974],[147.5284,-42.8043,4.9279],[147.5278,-42.8052,0.0],[147.5353,-42.8052,1.7517],[147.5397,-42.8012,0.0],[147.5376,-42.8,1.8532],[147.538,-42.7973,0.0],[147.5349,-42.7931,18.4771],[147.5306,-42.7912,0.9862],[147.5318,-42.7863,0.2852],[147.5292,-42.7838,0.0],[147.5308,-42.7811,0.4291],[147.5351,-42.7821,0.1607],[147.5347,-42.7789,0.3565],[147.5326,-42.7785,0.6673],[147.5352,-42.775,0.8306],[147.537,-42.7804,0.1393],[147.538,-42.7797,2.9387],[147.5369,-42.7822,0.1607],[147.5385,-42.7845,7.8854],[147.5447,-42.7838,2.5361],[147.5503,-42.7853,2.3125],[147.5517,-42.7933,1.176],[147.5548,-42.7959,4.394],[147.5614,-42.7971,3.1175],[147.5625,-42.7926,6.0158],[147.5668,-42.7923,2.0321],[147.5646,-42.7886,5.8727],[147.5677,-42.7925,2.0321],[147.5651,-42.7943,0.2597],[147.5762,-42.7956,6.4333],[147.5818,-42.7986,2.565],[147.5866,-42.7987,0.2624],[147.5921,-42.8011,0.1203],[147.5878,-42.7976,15.0377],[147.5922,-42.7968,1.4074],[147.5941,-42.7945,0.1646],[147.5912,-42.7901,0.0],[147.5952,-42.7845,1.3483],[147.5942,-42.7822,3.0289],[147.5906,-42.7824,16.7116],[147.587,-42.7792,6.4055],[147.589,-42.7799,4.7812],[147.5912,-42.7819,4.8393],[147.5942,-42.7816,3.0289],[147.597,-42.7895,7.3714],[147.6007,-42.791,14.4477],[147.6007,-42.793,4.116],[147.5977,-42.7961,0.0],[147.6033,-42.7981,6.6604],[147.6032,-42.7983,6.6604],[147.6021,-42.7981,2.2091],[147.5986,-42.7971,0.0],[147.601,-42.7999,2.5108],[147.6012,-42.8032,3.4695],[147.5945,-42.8071,0.0],[147.5961,-42.8077,1.7315],[147.5967,-42.8134,0.0],[147.602,-42.8227,5.8763],[147.608,-42.8229,3.657],[147.6054,-42.8263,1.8287],[147.6056,-42.8306,1.333],[147.6107,-42.8351,2.6971],[147.6166,-42.8373,5.7221],[147.6212,-42.8425,0.0],[147.6205,-42.8509,1.1824],[147.6164,-42.8514,9.1148],[147.6126,-42.857,3.9055],[147.6073,-42.8558,4.8998],[147.6075,-42.8579,21.7378],[147.6113,-42.8612,7.505],[147.6114,-42.8636,14.2276],[147.6101,-42.8659,3.4326],[147.607,-42.8666,0.0],[147.606,-42.8692,0.6465],[147.6137,-42.8678,13.1754],[147.6235,-42.8695,5.3385],[147.6533,-42.8788,0.0],[147.6503,-42.8757,1.1055],[147.6567,-42.876,5.9021],[147.6643,-42.8725,11.5769],[147.6656,-42.87,6.0348],[147.6743,-42.8687,3.7416],[147.6788,-42.864,10.255],[147.679,-42.8651,0.8808],[147.6841,-42.8627,9.5094],[147.6903,-42.8637,7.9491],[147.6909,-42.8676,1.0462],[147.6964,-42.8698,7.6096],[147.6968,-42.8726,4.3441],[147.7009,-42.8716,2.0726],[147.6995,-42.8735,7.1883],[147.6963,-42.8738,5.7031],[147.6942,-42.8719,5.0305],[147.6945,-42.8698,4.1621],[147.6902,-42.8679,1.0462],[147.6894,-42.8649,0.5],[147.6842,-42.8644,1.2031],[147.6805,-42.8655,1.3453],[147.6802,-42.8727,1.1005],[147.6772,-42.8745,8.0863],[147.664,-42.8743,0.0],[147.6563,-42.8819,5.7231],[147.6444,-42.8774,0.0],[147.6401,-42.8796,11.8098],[147.6392,-42.8842,0.0],[147.6406,-42.8884,3.9846],[147.6474,-42.8928,11.5251],[147.6504,-42.8928,0.0],[147.6515,-42.8897,0.0],[147.654,-42.889,4.577],[147.6537,-42.8872,11.2411],[147.6558,-42.8861,9.1708],[147.6595,-42.8866,0.0],[147.6684,-42.8916,0.0],[147.6705,-42.8937,4.8588],[147.6691,-42.9019,2.2292],[147.6767,-42.9006,10.9642],[147.6802,-42.9036,0.7988],[147.6802,-42.9001,2.6546],[147.6882,-42.8967,0.0],[147.6876,-42.8937,0.0],[147.6895,-42.8922,4.555],[147.695,-42.8912,20.9544],[147.7043,-42.8944,1.3],[147.7069,-42.8922,6.6898],[147.7141,-42.8912,0.0],[147.7171,-42.8871,6.3676],[147.722,-42.8866,0.0],[147.7294,-42.8922,0.0],[147.7276,-42.8947,0.0],[147.7289,-42.8956,3.581],[147.7284,-42.8988,0.0],[147.736,-42.8948,4.6806],[147.7424,-42.895,5.936],[147.7496,-42.8967,5.673],[147.7515,-42.8981,4.194],[147.7519,-42.9011,7.1067],[147.7613,-42.9015,0.0],[147.7668,-42.9068,0.3451],[147.7703,-42.9034,1.5559],[147.7695,-42.9003,11.856],[147.7728,-42.8987,2.1733],[147.7772,-42.8996,0.8779],[147.778,-42.9014,0.0],[147.7817,-42.8997,2.3459],[147.7905,-42.9031,0.0],[147.7924,-42.901,0.0],[147.7902,-42.8953,16.1317],[147.7914,-42.8926,11.5406],[147.7948,-42.8917,0.8219],[147.8024,-42.8931,0.0],[147.807,-42.8901,5.1689],[147.8148,-42.8885,2.1141],[147.815,-42.8853,0.7268],[147.8176,-42.8855,0.0],[147.8222,-42.8807,7.3034],[147.8272,-42.8805,7.8542],[147.8259,-42.8765,5.6135],[147.8291,-42.8721,2.9367],[147.8287,-42.8681,2.7107],[147.8324,-42.8657,5.0173],[147.8351,-42.8654,1.8231],[147.8382,-42.8678,0.6664],[147.8396,-42.8719,12.1025],[147.8374,-42.8745,0.0],[147.8395,-42.8763,0.0],[147.8427,-42.8764,0.0],[147.8447,-42.8743,0.0],[147.8453,-42.8716,0.0],[147.8355,-42.8646,0.2135],[147.8351,-42.861,6.7585],[147.838,-42.8589,1.1096],[147.8432,-42.8599,0.0],[147.8399,-42.8526,0.0],[147.844,-42.8458,0.6908],[147.849,-42.844,2.8077],[147.8548,-42.8467,0.2457],[147.8555,-42.8491,0.0],[147.8552,-42.8474,0.2457],[147.8569,-42.8465,0.0],[147.8533,-42.8429,0.0],[147.8534,-42.838,0.0],[147.8575,-42.8346,0.0],[147.8562,-42.8324,0.0],[147.8576,-42.8295,4.3682],[147.8611,-42.8271,2.1023],[147.862,-42.82,0.4917],[147.8636,-42.82,0.0941],[147.8646,-42.8147,0.4592],[147.8651,-42.8151,0.4592],[147.8641,-42.82,0.0941],[147.868,-42.8246,0.0],[147.8676,-42.8292,0.127],[147.8705,-42.8369,0.6296],[147.8802,-42.845,0.267],[147.8841,-42.8455,0.0],[147.8757,-42.8365,4.1651],[147.8695,-42.8187,2.4871],[147.8705,-42.7941,0.0],[147.8791,-42.7699,0.0],[147.8843,-42.7609,13.0511],[147.8855,-42.7613,0.0],[147.8872,-42.7573,4.0699],[147.8918,-42.7549,0.8082],[147.8927,-42.7515,0.0],[147.9,-42.743899999999996,0.0],[147.903,-42.7429,31.1408],[147.905,-42.744,4.0385],[147.9097,-42.7395,50.5287],[147.9271,-42.739,25.5384],[147.9333,-42.7373,14.3047],[147.9381,-42.7344,125.8657],[147.9428,-42.7283,16.07],[147.9465,-42.728,1.8103],[147.9448,-42.7269,18.6834],[147.9462,-42.7261,29.747],[147.9434,-42.722,16.2692],[147.9441,-42.7167,14.9551],[147.9419,-42.7137,18.3538],[147.946,-42.7122,41.2782],[147.9473,-42.7091,9.8989],[147.9401,-42.7056,5.9384],[147.9388,-42.7007,6.0529],[147.941,-42.6973,1.882],[147.9455,-42.6948,0.0],[147.944,-42.6939,11.1632],[147.9449,-42.6904,1.4157],[147.9497,-42.6907,0.0],[147.9489,-42.6883,0.0],[147.9575,-42.685,1.1974],[147.9579,-42.681399999999996,9.6027],[147.9622,-42.6795,1.3062],[147.9593,-42.6761,0.0],[147.963,-42.6695,4.7783],[147.9535,-42.6611,0.0],[147.9571,-42.6532,0.0],[147.9543,-42.6571,0.4403],[147.9516,-42.6544,0.0],[147.9438,-42.6547,2.2565],[147.9297,-42.6449,1.5121],[147.9351,-42.6476,0.1206],[147.9321,-42.6434,0.6497],[147.9366,-42.6475,0.3243],[147.9365,-42.6458,0.5019],[147.9388,-42.648,0.0],[147.9378,-42.6455,0.5019],[147.9385,-42.6457,0.6308],[147.9393,-42.648,0.0],[147.9529,-42.6517,1.8646],[147.954,-42.6536,0.0],[147.9557,-42.6529,0.0],[147.955,-42.6511,5.8135],[147.9577,-42.6525,0.0],[147.9577,-42.648,3.4765],[147.9555,-42.6449,1.5094],[147.9364,-42.6363,2.1617],[147.9316,-42.6316,2.4593],[147.9355,-42.6265,0.9866],[147.9386,-42.6257,1.8422],[147.9376,-42.6207,4.293],[147.9407,-42.6166,0.0],[147.9386,-42.6146,4.4021],[147.9457,-42.6101,7.322],[147.9455,-42.6063,18.4933],[147.9362,-42.6037,20.1122],[147.9362,-42.6019,4.4838],[147.9324,-42.6002,0.7165],[147.9317,-42.5935,5.4364],[147.928,-42.5954,35.5588],[147.9233,-42.5919,13.5389],[147.9172,-42.59,12.3109],[147.9146,-42.5828,0.0],[147.9106,-42.5813,7.6299],[147.9078,-42.5696,0.0],[147.9025,-42.5659,1.9328],[147.8991,-42.5653,1.6712],[147.8986,-42.5679,4.4162],[147.8962,-42.569,2.2599],[147.8869,-42.5665,6.0619],[147.8818,-42.5669,4.748],[147.8779,-42.5605,4.1356],[147.879,-42.5542,0.0],[147.8745,-42.5583,2.4964],[147.8714,-42.559,1.8424],[147.8586,-42.559,4.431],[147.8527,-42.561,6.3987],[147.8508,-42.5586,7.957],[147.8528,-42.5605,6.3987],[147.8575,-42.5582,2.0442],[147.8714,-42.5573,1.7482],[147.8784,-42.5522,8.5847],[147.8819,-42.551,4.6329],[147.8818,-42.5527,0.0],[147.8884,-42.5453,8.9822],[147.8966,-42.5462,22.6104],[147.8998,-42.5481,0.0],[147.9049,-42.5466,0.0],[147.9134,-42.5485,2.8647],[147.9165,-42.5449,0.0],[147.9137,-42.5416,0.0],[147.9156,-42.5382,2.5448],[147.9133,-42.5307,0.0],[147.9102,-42.5312,0.0],[147.9007,-42.5244,0.0],[147.8976,-42.5238,2.5566],[147.9017,-42.5177,2.4323],[147.9054,-42.5149,3.0194],[147.9094,-42.5146,0.7324],[147.9076,-42.5107,1.2618],[147.909,-42.5104,1.2618],[147.9062,-42.5094,3.9877],[147.9053,-42.506,6.0977],[147.9064,-42.5083,3.9877],[147.9064,-42.5093,3.9877],[147.9087,-42.51,1.2618],[147.9087,-42.5089,2.8581],[147.9139,-42.5109,0.3322],[147.9186,-42.5083,0.0],[147.9187,-42.5035,3.4442],[147.9209,-42.4994,7.7695],[147.9239,-42.4989,4.216],[147.9237,-42.4968,5.7673],[147.9243,-42.4987,9.4287],[147.9224,-42.5012,5.8115],[147.9239,-42.5048,4.1408],[147.9216,-42.5052,0.1088],[147.9206,-42.5087,2.1066],[147.915,-42.5128,0.3614],[147.9142,-42.5162,14.4574],[147.9304,-42.5308,4.9148],[147.9255,-42.534,0.5593],[147.9266,-42.5356,6.6391],[147.9252,-42.5382,0.5285],[147.931,-42.5402,0.0],[147.9303,-42.5425,6.5675],[147.9322,-42.5458,30.2636],[147.9307,-42.5467,0.0],[147.9323,-42.5501,0.0],[147.9408,-42.5469,1.4867],[147.9491,-42.5532,0.0],[147.955,-42.5514,0.0],[147.9562,-42.5497,0.9675],[147.9549,-42.549,3.6457],[147.9563,-42.5476,17.6087],[147.955,-42.545,10.3491],[147.9582,-42.5417,30.5514],[147.9551,-42.5381,6.3543],[147.9595,-42.5354,0.0],[147.9578,-42.5346,19.9201],[147.9582,-42.5319,48.7244],[147.9682,-42.5291,2.5952],[147.9696,-42.5253,0.0],[147.9669,-42.5231,9.2617],[147.9687,-42.5204,1.6819],[147.9716,-42.5197,0.0],[147.9753,-42.5162,27.7744],[147.9832,-42.516,1.6893],[147.9855,-42.5214,0.0],[147.9888,-42.5245,37.079],[147.9949,-42.5265,0.0],[147.9984,-42.5212,0.0],[147.9959,-42.5177,65.0753],[148.0027,-42.5168,0.0],[148.0105,-42.5104,0.0],[148.0099,-42.5085,27.9322],[148.003,-42.5072,10.0521],[148.0016,-42.5029,3.6287],[147.9971,-42.5016,15.9672],[147.9944,-42.49,0.0],[147.9921,-42.4905,1.0015],[147.9928,-42.4956,0.5],[147.9914,-42.5,1.5158],[147.9899,-42.5005,1.5158],[147.9885,-42.4983,1.2034],[147.9918,-42.4902,4.0118],[147.9888,-42.4888,4.3251],[147.9946,-42.4889,0.0],[147.9967,-42.4762,3.9982],[147.9989,-42.4746,0.0],[148.0005,-42.4677,23.9343],[148.0037,-42.4658,2.5087],[148.0041,-42.4636,6.3357],[148.0103,-42.4623,11.4048],[148.0075,-42.4582,51.3235],[148.0091,-42.4526,15.5149],[148.0121,-42.4508,1.2263],[148.0087,-42.4472,3.0001],[148.0103,-42.4415,29.3721],[148.0084,-42.4397,16.9813],[148.0,-42.4404,0.0],[147.9931,-42.4375,0.7436],[147.9882,-42.4407,1.6082],[147.9846,-42.441,0.0],[147.9828,-42.4389,0.6343],[147.9803,-42.4414,4.5038],[147.977,-42.441,3.4787],[147.978,-42.4406,3.43],[147.9803,-42.4411,1.6659],[147.9816,-42.4377,3.7578],[147.9862,-42.4392,3.7072],[147.9929,-42.4369,0.7436],[147.9975,-42.4386,0.77],[147.9972,-42.4357,0.4898],[147.9957,-42.435,4.0757],[147.9989,-42.4332,0.0],[147.9941,-42.4275,0.0],[147.995,-42.4219,1.8781],[147.9933,-42.4182,31.084],[147.9854,-42.4152,18.2597],[147.9855,-42.4114,6.0257],[147.9805,-42.4053,2.7688],[147.9833,-42.4021,5.1704],[147.9878,-42.389,2.0993],[147.9974,-42.3789,4.0265],[148.0086,-42.3737,1.3759],[148.0082,-42.367,3.7631],[148.0098,-42.3632,2.858],[148.0143,-42.3581,0.0],[148.0165,-42.3577,8.0585],[148.0183,-42.3539,9.4719],[148.0269,-42.3495,0.0],[148.0218,-42.348,5.052],[148.0246,-42.3424,4.0332],[148.0191,-42.3381,3.1893],[148.0179,-42.3309,12.1754],[148.0155,-42.3278,10.6802],[148.0163,-42.3242,8.2259],[148.0145,-42.3205,0.6414],[148.0188,-42.3177,0.0],[148.0185,-42.315,11.0908],[148.0153,-42.3141,0.0],[148.0114,-42.3168,2.8421],[148.0,-42.3151,1.9209],[147.9961,-42.3115,0.1034],[147.9901,-42.3152,2.0501],[147.9922,-42.3183,4.4258],[147.9914,-42.3196,4.4892],[147.9883,-42.3221,3.1332],[147.9858,-42.3214,0.4134],[147.9879,-42.3231,8.5015],[147.9878,-42.325,8.7552],[147.986,-42.324,0.0],[147.978,-42.3257,2.8031],[147.9812,-42.3275,3.6106],[147.9814,-42.3298,11.6719],[147.9771,-42.3318,4.7085],[147.9758,-42.3342,16.7578],[147.9823,-42.3349,0.5936],[147.9859,-42.3372,4.7868],[147.9792,-42.3375,1.632],[147.9759,-42.3363,4.3143],[147.9693,-42.3416,5.4854],[147.9654,-42.3377,0.0],[147.9603,-42.3413,4.2259],[147.9615,-42.3454,4.6001],[147.9593,-42.3516,16.6503],[147.963,-42.3548,0.753],[147.9621,-42.3573,2.0909],[147.9603,-42.3547,5.6896],[147.9572,-42.3537,6.3554],[147.9544,-42.3474,10.0073],[147.9566,-42.3463,1.5485],[147.9549,-42.3439,0.6051],[147.9512,-42.3439,4.4318],[147.947,-42.348,6.1966],[147.9455,-42.3464,0.3531],[147.9458,-42.3485,1.6084],[147.9439,-42.3496,11.6721],[147.9451,-42.3471,0.3531],[147.9418,-42.3485,1.9116],[147.9444,-42.3459,0.0],[147.9349,-42.3486,2.2557],[147.9314,-42.3473,5.5447],[147.9311,-42.3435,2.5803],[147.9358,-42.3367,1.2822],[147.9363,-42.3406,0.532],[147.9435,-42.3432,0.0],[147.9381,-42.3373,2.0049],[147.939,-42.3328,1.9295],[147.9386,-42.3374,1.8791],[147.9397,-42.3383,1.5851],[147.94,-42.3371,1.8791],[147.9441,-42.3424,0.3675],[147.9484,-42.3403,0.822],[147.9497,-42.3378,0.0],[147.9452,-42.3388,0.6893],[147.9437,-42.3373,2.2193],[147.9447,-42.3361,15.7436],[147.9529,-42.3367,0.0],[147.959,-42.335,0.0],[147.9537,-42.3325,20.3697],[147.9548,-42.3327,20.3697],[147.9602,-42.335,0.0],[147.9704,-42.333,0.0],[147.9748,-42.3284,2.2052],[147.9704,-42.3259,1.9084],[147.9725,-42.3233,2.4584],[147.9706,-42.3206,14.2409],[147.9745,-42.3195,4.4149],[147.9774,-42.3141,8.3202],[147.9799,-42.3139,0.0],[147.9795,-42.3127,12.8376],[147.9812,-42.312,2.3316],[147.9776,-42.3075,15.6504],[147.9782,-42.3076,15.6504],[147.979,-42.308,5.9919],[147.9791,-42.3086,5.9919],[147.9803,-42.309,13.3539],[147.9812,-42.3106,2.8608],[147.9879,-42.3101,0.0],[147.9883,-42.3073,19.3258],[147.9898,-42.31,0.0],[147.9958,-42.3084,4.6494],[147.9951,-42.3105,0.6469],[148.0004,-42.3099,1.0],[148.0002,-42.3041,0.6653],[148.0024,-42.2987,0.9387],[148.0042,-42.2983,0.9387],[148.0037,-42.2964,1.1678],[148.008,-42.2926,3.8601],[148.0117,-42.2923,0.0737],[148.0099,-42.2909,0.0],[148.0105,-42.2887,0.0],[148.0156,-42.2855,2.5789],[148.0157,-42.2814,2.6991],[148.0124,-42.2797,14.2933],[148.0121,-42.2777,7.6235],[148.0135,-42.2752,3.035],[148.0158,-42.2746,0.0],[148.0154,-42.2722,2.8133],[148.0191,-42.2707,0.0],[148.0153,-42.2706,5.3997],[148.0148,-42.2682,0.0],[148.0171,-42.2681,0.0],[148.0174,-42.2661,9.22],[148.0236,-42.2614,0.0],[148.026,-42.2626,2.1778],[148.0281,-42.2607,8.7047],[148.0244,-42.2544,0.0],[148.0203,-42.2538,1.8405],[148.0181,-42.2504,6.7781],[148.0132,-42.2494,0.0],[148.0118,-42.2449,2.2532],[148.0136,-42.2393,10.4394],[148.0254,-42.2268,4.6879],[148.0295,-42.225,0.0],[148.0317,-42.2176,7.5814],[148.0366,-42.2136,14.561],[148.0407,-42.2126,10.6384],[148.0427,-42.2096,7.7039],[148.0458,-42.2092,0.0],[148.0455,-42.2069,0.0],[148.0433,-42.2061,5.3531],[148.0439,-42.203,0.957],[148.0499,-42.1989,2.0961],[148.0659,-42.1926,14.3645],[148.0687,-42.1883,2.0558],[148.0689,-42.1811,13.1009],[148.0719,-42.1778,18.1508],[148.0721,-42.175,17.8047],[148.0764,-42.1706,1.2199],[148.0839,-42.1679,5.2241],[148.084,-42.1664,5.2241],[148.0811,-42.1658,0.0],[148.0789,-42.163,7.2743],[148.08,-42.1563,12.4547],[148.0767,-42.1556,1.8308],[148.0762,-42.1529,3.4998],[148.0713,-42.1542,12.4882],[148.0716,-42.1534,12.4882],[148.0723,-42.1528,7.3338],[148.0765,-42.1524,0.0],[148.0768,-42.1482,0.0],[148.0812,-42.144,0.0],[148.0809,-42.1419,0.0],[148.0777,-42.1405,4.2951],[148.0766,-42.1326,0.9909],[148.0851,-42.1255,0.0],[148.0759,-42.1232,10.4337],[148.0723,-42.1154,0.0],[148.0728,-42.1126,0.0],[148.0698,-42.1121,1.444],[148.0651,-42.1141,2.8541],[148.062,-42.1133,6.2986],[148.0616,-42.1157,8.2223],[148.0595,-42.1164,8.213],[148.0578,-42.1165,8.213],[148.0559,-42.1161,9.1546],[148.0551,-42.1149,10.6517],[148.0525,-42.1188,12.1992],[148.0484,-42.118899999999996,13.7229],[148.0523,-42.1187,12.1992],[148.0548,-42.1148,10.6517],[148.0552,-42.1148,10.6517],[148.0557,-42.1151,9.1546],[148.056,-42.1161,9.1546],[148.0587,-42.1164,8.213],[148.0614,-42.1156,8.2223],[148.061,-42.1144,7.6277],[148.0615,-42.1133,7.6277],[148.0619,-42.1131,6.2986],[148.0657,-42.1137,2.8541],[148.0692,-42.1119,1.444],[148.0722,-42.1112,6.0306],[148.073,-42.1124,0.0],[148.0811,-42.1053,0.0],[148.0922,-42.0992,3.2689],[148.121,-42.0927,3.9305],[148.1655,-42.0914,0.0],[148.1999,-42.0942,2.5273],[148.231,-42.0995,1.8627],[148.2352,-42.0979,0.0],[148.2334,-42.0925,0.0],[148.2114,-42.0849,4.4516],[148.1838,-42.0819,0.8673],[148.1761,-42.0846,5.7811],[148.1675,-42.085,7.4375],[148.1568,-42.079,0.1379],[148.1544,-42.0754,0.1688],[148.1507,-42.0745,0.0],[148.1296,-42.0802,0.243],[148.1238,-42.0797,0.377],[148.1291,-42.0775,0.0694],[148.1187,-42.0764,0.6867],[148.1033,-42.0829,0.1567],[148.0953,-42.0825,0.0],[148.0895,-42.0798,1.7112],[148.0816,-42.0724,0.0],[148.0758,-42.0727,0.7183],[148.0752,-42.0661,0.7644],[148.0694,-42.0657,3.9031],[148.0733,-42.0651,2.4552],[148.0752,-42.0659,0.7644],[148.0796,-42.0609,1.8525],[148.0768,-42.0562,2.7587],[148.0762,-42.0539,4.6629],[148.0767,-42.0541,2.8978],[148.0772,-42.0561,2.7587],[148.0774,-42.0543,2.8978],[148.0798,-42.0609,1.8525],[148.0757,-42.0654,0.7644],[148.0758,-42.0722,0.7183],[148.0826,-42.0715,12.0247],[148.0855,-42.0754,2.9535],[148.0937,-42.0811,8.738],[148.1035,-42.0818,0.1567],[148.1195,-42.0747,0.0],[148.1268,-42.074,0.1737],[148.1274,-42.0712,0.3305],[148.1241,-42.0716,0.6447],[148.123,-42.0704,0.0883],[148.1147,-42.0736,0.7564],[148.1183,-42.0702,0.0895],[148.1241,-42.0665,0.0],[148.1295,-42.0611,2.3221],[148.1353,-42.063,0.0],[148.1379,-42.0607,0.4651],[148.1396,-42.0634,0.0],[148.1524,-42.0623,0.0],[148.165,-42.0518,0.0],[148.1573,-42.0489,0.1935],[148.1607,-42.0472,0.0],[148.1625,-42.0441,0.0487],[148.1625,-42.0388,0.1732],[148.1487,-42.0339,0.141],[148.1453,-42.0372,0.1401],[148.151,-42.0405,0.1743],[148.1502,-42.0464,0.0],[148.1429,-42.0516,0.3544],[148.1398,-42.0501,1.1385],[148.142,-42.0465,-0.0149],[148.1392,-42.046,1.1417],[148.1422,-42.0454,0.0],[148.141,-42.0423,0.6593],[148.1462,-42.041,0.0],[148.1446,-42.0371,0.1401],[148.1452,-42.0327,0.0],[148.1435,-42.0298,0.0785],[148.1459,-42.027,-0.0557],[148.1433,-42.0227,0.0],[148.1443,-42.0171,0.0],[148.1537,-42.0102,0.2967],[148.1536,-42.0052,0.5782],[148.1659,-41.9963,0.0],[148.171,-41.9971,0.4417],[148.1722,-42.001,0.2268],[148.1692,-42.0029,1.2623],[148.1721,-42.0038,1.695],[148.1727,-42.0055,0.2253],[148.1714,-42.0061,0.2253],[148.1733,-42.0068,3.3684],[148.1734,-42.009,2.2379],[148.1843,-42.0111,0.2315],[148.187,-42.0147,1.0917],[148.187,-42.0185,0.6599],[148.1983,-42.0207,0.1688],[148.2003,-42.0173,3.0394],[148.2051,-42.0164,0.0],[148.2109,-42.0105,3.3008],[148.2131,-42.0048,0.0],[148.21465,-42.00418,0.1214],[148.2147,-42.0041,0.1214],[148.214775,-42.00413,0.1214],[148.2176,-42.003,0.3512],[148.2178,-42.0017,3.5682],[148.2123,-41.9963,0.249],[148.212,-41.9948,8.2667],[148.2146,-41.9926,0.2933],[148.2107,-41.9906,1.2092],[148.2121,-41.9904,1.0336],[148.2149,-41.9917,0.2933],[148.2158,-41.988,0.8368],[148.2136,-41.9872,1.7354],[148.2171,-41.9882,0.1001],[148.2143,-41.986,1.6485],[148.2157,-41.9865,1.1709],[148.2153,-41.9854,1.6485],[148.2173,-41.9876,0.7061],[148.2177,-41.9885,0.1001],[148.2219,-41.9903,0.1506],[148.2309,-41.9841,0.1967],[148.2406,-41.9862,2.8032],[148.2439,-41.989,1.6596],[148.2454,-41.9924,0.0928],[148.2453,-41.9975,0.1235],[148.243,-42.0026,0.0903],[148.2395,-42.0063,5.0135],[148.2333,-42.0093,1.1138],[148.2297,-42.0136,0.0],[148.2265,-42.0222,0.3188],[148.2245,-42.023,0.3677],[148.2244,-42.0203,0.0],[148.2221,-42.0209,0.0465],[148.2212,-42.0243,0.7276],[148.2179,-42.0279,0.0],[148.2182,-42.0313,0.234],[148.2156,-42.0326,0.0],[148.2143,-42.0357,3.2572],[148.2067,-42.0394,0.1116],[148.1929,-42.0361,0.0],[148.1799,-42.043,12.2913],[148.1727,-42.0434,1.4451],[148.1709,-42.046,8.3654],[148.1706,-42.0513,0.0],[148.1741,-42.0524,8.5881],[148.1746,-42.0543,0.0],[148.1732,-42.0558,0.4637],[148.1634,-42.0574,6.1604],[148.1594,-42.0601,0.0],[148.1568,-42.0652,0.4033],[148.1572,-42.0742,3.3819],[148.1622,-42.0779,7.7544],[148.187,-42.0778,2.014],[148.1913,-42.0749,0.1382],[148.1942,-42.0689,1.005],[148.1977,-42.0672,2.1177],[148.2211,-42.0688,3.1881],[148.2247,-42.0716,5.8862],[148.2233,-42.0758,0.1399],[148.2246,-42.0769,0.3427],[148.2176,-42.0749,2.4199],[148.2132,-42.0714,0.2544],[148.2081,-42.0761,0.659],[148.2084,-42.0774,1.2381],[148.2417,-42.091,1.4087],[148.2409,-42.0944,2.7005],[148.2365,-42.0968,0.0],[148.2368,-42.1011,0.0],[148.2436,-42.1051,9.2649],[148.2442,-42.1108,0.5734],[148.2474,-42.1133,14.6494],[148.2475,-42.1168,0.7453],[148.2511,-42.1145,15.7211],[148.2566,-42.1146,0.0],[148.2585,-42.1128,9.9242],[148.2661,-42.1137,0.0],[148.2684,-42.1101,2.512],[148.2709,-42.1113,4.7657],[148.2679,-42.1111,2.512],[148.2676,-42.1123,4.1581],[148.2828,-42.1209,7.8775],[148.282,-42.1245,0.0],[148.2834,-42.1281,0.0],[148.2867,-42.1274,10.7651],[148.2888,-42.1288,0.0],[148.2944,-42.1246,0.0],[148.2978,-42.1265,0.0],[148.2984,-42.1256,5.989],[148.3024,-42.1341,2.9676],[148.2979,-42.1364,0.0],[148.2976,-42.1402,11.3846],[148.2918,-42.1413,22.6427],[148.2891,-42.1436,14.0397],[148.2876,-42.1429,0.0],[148.2853,-42.1454,5.2234],[148.2835,-42.1448,9.1094],[148.2726,-42.1485,4.4498],[148.2651,-42.1557,0.0],[148.2593,-42.1657,0.0],[148.264,-42.1692,13.1638],[148.2714,-42.1685,2.1474],[148.28,-42.1752,4.4302],[148.2915,-42.1904,4.0832],[148.2913,-42.195,19.7975],[148.2897,-42.1962,0.0],[148.2905,-42.1986,32.1639],[148.2767,-42.2077,2.1367],[148.2783,-42.2098,19.8484],[148.2716,-42.2168,0.0],[148.2732,-42.2205,0.0],[148.2697,-42.2267,2.4553],[148.2696,-42.2256,0.0],[148.2623,-42.229,3.8687],[148.259,-42.2275,0.0],[148.2569,-42.2299,13.1939],[148.254,-42.2284,5.4983],[148.2507,-42.2314,0.0],[148.2528,-42.2341,2.895],[148.2516,-42.243,6.8036],[148.2578,-42.2521,18.1144],[148.2615,-42.2544,26.3256],[148.269,-42.2541,11.3747],[148.2704,-42.2562,7.7872],[148.2743,-42.257,0.0],[148.276,-42.2542,3.5445],[148.2799,-42.2545,1.0331],[148.2888,-42.2604,1.5443],[148.2937,-42.2736,2.9146],[148.2911,-42.2775,14.7391],[148.2921,-42.2812,10.5034],[148.2957,-42.283,0.0],[148.3028,-42.2822,0.0],[148.3023,-42.2814,5.2845],[148.306,-42.2794,65.2799],[148.3091,-42.2793,0.0],[148.3083,-42.2768,54.6513],[148.312,-42.2777,17.7846],[148.3145,-42.276,8.8992],[148.3069,-42.2705,12.7789],[148.3085,-42.2661,75.7421],[148.3139,-42.2653,10.5359],[148.3147,-42.2666,0.0],[148.3155,-42.2649,4.5931],[148.3206,-42.264,0.8177],[148.318,-42.2631,36.5511],[148.321,-42.2607,7.8652],[148.3176,-42.2596,50.8988],[148.3191,-42.2561,56.8594],[148.3208,-42.2566,0.0],[148.3212,-42.2546,0.0],[148.3241,-42.2535,2.916],[148.323,-42.2469,57.7987],[148.3209,-42.2451,115.9224],[148.3232,-42.2433,0.0],[148.3223,-42.2412,58.7848],[148.3242,-42.2371,79.5411],[148.328,-42.2331,0.0],[148.3277,-42.2302,3.1643],[148.3314,-42.2304,0.0],[148.3321,-42.228,3.0685],[148.3349,-42.2288,6.8304],[148.3413,-42.2271,0.0],[148.3468,-42.2226,2.5327],[148.3469,-42.2205,0.0],[148.3447,-42.2212,0.0],[148.343,-42.2199,88.2042],[148.3443,-42.2149,0.0],[148.3429,-42.2112,63.4387],[148.3487,-42.207,0.0],[148.3529,-42.2009,0.0],[148.3557,-42.1931,0.0],[148.3509,-42.1849,38.8308],[148.3547,-42.1806,2.4041],[148.3569,-42.1809,0.0],[148.3568,-42.1795,0.0],[148.3496,-42.1799,5.2569],[148.3454,-42.1836,10.5698],[148.3435,-42.181399999999996,55.3256],[148.3388,-42.1811,16.1896],[148.3348,-42.1767,4.254],[148.3339,-42.1776,4.254],[148.3326,-42.1756,8.7041],[148.3252,-42.1738,25.1074],[148.3233,-42.1718,2.6604],[148.3205,-42.172,22.2934],[148.3156,-42.1692,0.0],[148.314,-42.1717,30.4346],[148.3099,-42.1736,4.3292],[148.3111,-42.1739,21.5088],[148.31,-42.1756,2.8501],[148.3067,-42.1756,0.8527],[148.3013,-42.1727,0.0],[148.2977,-42.1664,4.9864],[148.2992,-42.1617,15.156],[148.3135,-42.1602,3.0475],[148.3159,-42.156,48.8726],[148.3196,-42.1555,0.0],[148.3188,-42.154,17.6632],[148.3202,-42.1538,0.0],[148.3208,-42.1501,0.0],[148.3242,-42.1493,0.0],[148.3204,-42.1374,2.9826],[148.318,-42.1367,14.3791],[148.3196,-42.1325,10.8181],[148.3247,-42.1326,20.2342],[148.326,-42.1307,43.5468],[148.3381,-42.133,0.0],[148.3344,-42.1274,48.1402],[148.344,-42.1232,0.0],[148.3454,-42.1184,3.6972],[148.3402,-42.1113,22.9546],[148.3429,-42.1087,11.8979],[148.3405,-42.1027,0.735],[148.3358,-42.1034,25.8699],[148.3357,-42.1052,46.3635],[148.3331,-42.1055,18.1981],[148.3256,-42.0962,27.0153],[148.3259,-42.0933,6.2795],[148.3236,-42.0919,16.1402],[148.3255,-42.0856,0.0],[148.3246,-42.083,67.0319],[148.3171,-42.0775,0.0],[148.3178,-42.0726,0.0],[148.3128,-42.0692,41.1804],[148.3129,-42.0637,0.0],[148.3104,-42.0623,22.5833],[148.3114,-42.0607,0.0],[148.3096,-42.057,0.0],[148.298,-42.0571,4.6507],[148.2883,-42.0472,0.0],[148.2846,-42.039,0.0],[148.2834,-42.0328,0.0],[148.2839,-42.0018,0.0],[148.2861,-41.9928,9.9364],[148.2907,-41.9875,0.0],[148.2892,-41.9867,7.223],[148.2903,-41.9799,0.0],[148.2935,-41.9715,0.0],[148.2979,-41.9659,10.1199],[148.3024,-41.9633,0.3823],[148.3058,-41.9641,2.2417],[148.3098,-41.9614,0.0],[148.3069,-41.9541,0.6814],[148.3025,-41.9498,7.1325],[148.3025,-41.9369,7.4269],[148.3065,-41.9313,1.1344],[148.3145,-41.929,6.5287],[148.317,-41.9254,0.6061],[148.3197,-41.9251,0.0],[148.3236,-41.9172,0.0],[148.3208,-41.912,2.8422],[148.3178,-41.91,1.5283],[148.3193,-41.9031,0.0],[148.3143,-41.9039,6.9213],[148.3113,-41.8991,0.0],[148.3086,-41.8976,14.0185],[148.3091,-41.8946,0.0],[148.3058,-41.8944,2.9037],[148.3041,-41.8914,6.3254],[148.3074,-41.8883,0.0],[148.3039,-41.8827,9.5599],[148.309,-41.8804,0.0],[148.3082,-41.8772,31.2837],[148.3112,-41.8768,0.0],[148.3109,-41.8733,1.1552],[148.306,-41.8702,8.0712],[148.3056,-41.8685,1.4783],[148.3037,-41.8694,1.0051],[148.303,-41.872,7.8322],[148.2998,-41.8727,6.1582],[148.2958,-41.8705,10.255],[148.2954,-41.8687,1.9134],[148.2913,-41.8678,0.2968],[148.291,-41.8657,0.0],[148.2874,-41.8658,1.6717],[148.2865,-41.8609,0.0],[148.2772,-41.8557,2.9798],[148.2774,-41.8537,1.68],[148.2725,-41.8489,1.5141],[148.2679,-41.8366,0.0],[148.2644,-41.809,4.721],[148.2668,-41.7934,0.0],[148.2843,-41.7578,0.0],[148.2925,-41.7497,0.0],[148.2986,-41.7494,9.1169],[148.2995,-41.7523,0.8758],[148.3026,-41.7507,0.0],[148.302,-41.7487,5.3739],[148.3048,-41.7482,0.0],[148.3024,-41.745,11.8025],[148.3047,-41.7423,0.0],[148.3022,-41.7408,7.6315],[148.303,-41.7396,0.0],[148.2994,-41.7412,0.0],[148.2968,-41.7406,1.0868],[148.2893,-41.7348,0.6121],[148.286,-41.7284,5.2921],[148.2841,-41.72,0.0],[148.2878,-41.7013,2.7939],[148.2907,-41.6965,0.0],[148.2934,-41.6963,0.0],[148.2952,-41.6932,0.4719],[148.2911,-41.6901,0.0],[148.289,-41.6845,0.0],[148.2897,-41.6716,2.7675],[148.2932,-41.659,0.8031],[148.3015,-41.6458,0.4726],[148.3074,-41.6405,9.4024],[148.3121,-41.6392,2.2283],[148.3128,-41.636,16.5192],[148.3156,-41.6339,1.9084],[148.3142,-41.6319,11.5057],[148.3154,-41.6283,1.4137],[148.3142,-41.6263,2.0556],[148.3175,-41.625,0.0],[148.3203,-41.6214,1.4306],[148.3193,-41.613,0.0],[148.3208,-41.6109,4.0044],[148.3187,-41.6099,15.2992],[148.3184,-41.6072,2.5496],[148.3183,-41.5999,3.4967],[148.3195,-41.5984,0.0],[148.3161,-41.5862,13.8394],[148.3169,-41.5824,19.9932],[148.3152,-41.5809,6.8624],[148.3163,-41.5791,13.6701],[148.315,-41.5773,3.6391],[148.3167,-41.5754,6.2783],[148.3146,-41.5746,16.8012],[148.3146,-41.5713,11.2373],[148.311,-41.5718,5.8152],[148.305,-41.5685,0.6327],[148.3033,-41.5624,0.0],[148.2994,-41.5581,9.4791],[148.2942,-41.5595,0.6626],[148.2927,-41.5573,0.0],[148.2904,-41.5583,10.1481],[148.288,-41.5582,9.1496],[148.2887,-41.5577,3.4985],[148.2907,-41.5578,2.6537],[148.2909,-41.5573,2.6537],[148.2862,-41.5525,0.0],[148.2838,-41.5475,0.8541],[148.2833,-41.5443,6.2192],[148.2859,-41.5416,4.4888],[148.2851,-41.5384,0.9306],[148.2821,-41.5357,0.0],[148.2792,-41.5228,9.3207],[148.2802,-41.52,5.8763],[148.282,-41.5195,2.5695],[148.2791,-41.5188,9.5765999999999991],[148.279,-41.5158,1.7691],[148.2765,-41.5134,2.7977],[148.2773,-41.5122,1.3356],[148.2753,-41.5108,2.7115],[148.2756,-41.5035,4.8709],[148.2715,-41.5027,0.4724],[148.2692,-41.5051,3.0189],[148.2666,-41.5055,1.3256],[148.2696,-41.5039,1.4618],[148.2659,-41.5012,0.3995],[148.2655,-41.5012,1.2484],[148.2637,-41.5028,1.5011],[148.265,-41.5002,1.2484],[148.2615,-41.4976,0.7922],[148.2628,-41.4968,0.7922],[148.2625,-41.4915,2.2301],[148.2594,-41.4905,0.708],[148.2573,-41.4864,2.596],[148.2494,-41.4861,0.2232],[148.2536,-41.4824,0.0],[148.2519,-41.4796,3.2696],[148.2531,-41.4779,10.3268],[148.2574,-41.4808,5.8732],[148.2559,-41.4851,0.3769],[148.2588,-41.4854,1.4669],[148.2619,-41.4894,0.6249],[148.2643,-41.4819,1.1082],[148.2642,-41.4878,0.6306],[148.2628,-41.4876,1.0156],[148.2627,-41.489,0.6249],[148.2675,-41.5008,0.3995],[148.271,-41.5024,0.4724],[148.2662,-41.4847,0.0],[148.2665,-41.4622,0.0],[148.2541,-41.4592,4.9286],[148.2496,-41.4566,10.2493],[148.2458,-41.4619,0.0],[148.2472,-41.4657,37.115],[148.2447,-41.4673,0.0],[148.242,-41.4672,0.7441],[148.2318,-41.4607,1.8005],[148.2301,-41.4576,40.3821],[148.2293,-41.4552,6.9109],[148.2324,-41.4429,13.7275],[148.228,-41.4451,14.0952],[148.2225,-41.4418,1.6668],[148.2217,-41.4428,1.2206],[148.2244,-41.445,6.0632],[148.2219,-41.447,1.3775],[148.217,-41.4479,2.8748],[148.2163,-41.4513,6.8802],[148.2165,-41.448,1.2136],[148.2197,-41.4469,1.9653],[148.2152,-41.4459,20.6199],[148.2105,-41.4471,8.1954],[148.2079,-41.4446,4.614],[148.2047,-41.4481,13.2558],[148.2015,-41.4481,22.7339],[148.2003,-41.4474,5.1168],[148.204,-41.4443,22.1107],[148.2051,-41.4411,7.5897],[148.1979,-41.4424,5.6772],[148.2009,-41.4406,14.9483],[148.2051,-41.4407,7.5897],[148.2056,-41.4412,7.5897],[148.2044,-41.4442,22.1107],[148.201,-41.4473,5.1168],[148.2023,-41.448,15.2226],[148.2047,-41.4477,4.9661],[148.2072,-41.444,25.1603],[148.2087,-41.4441,48.2488],[148.2105,-41.4466,8.1954],[148.2146,-41.4455,20.6199],[148.2218,-41.4465,1.3775],[148.2235,-41.4445,3.3759],[148.221,-41.443,2.0038],[148.2227,-41.4412,33.434],[148.224,-41.4413,1.6668],[148.2289,-41.4443,3.8944],[148.2301,-41.4435,3.8944],[148.2282,-41.4435,2.8152],[148.2267,-41.4409,0.9824],[148.2266,-41.4397,0.9824],[148.2284,-41.441,0.9824],[148.2278,-41.4379,1.8412],[148.225,-41.4345,11.2094],[148.228,-41.4326,8.6396],[148.2248,-41.431399999999996,15.9142],[148.2276,-41.4316,8.6396],[148.2282,-41.4323,8.6396],[148.2279,-41.4332,14.6931],[148.2258,-41.4347,5.8351],[148.2282,-41.4374,1.8412],[148.2301,-41.4428,0.5],[148.2324,-41.4419,13.7275],[148.2334,-41.4428,39.0407],[148.2308,-41.4562,4.3545],[148.2329,-41.4604,1.3597],[148.24,-41.4655,0.7892],[148.2446,-41.4665,0.0],[148.2459,-41.4631,0.0],[148.2442,-41.4651,0.703],[148.2419,-41.4646,1.2766],[148.2362,-41.4591,1.0971],[148.24,-41.4569,1.0862],[148.2436,-41.4591,13.2216],[148.2439,-41.4625,0.4025],[148.2464,-41.4575,23.6109],[148.2502,-41.4554,17.8336],[148.263,-41.4602,0.0],[148.2648,-41.4585,3.171],[148.2643,-41.4573,6.3172],[148.2663,-41.4519,2.6293],[148.2662,-41.4558,3.033],[148.2646,-41.4575,6.3172],[148.2672,-41.4617,0.0],[148.2706,-41.4457,1.0447],[148.2744,-41.4381,0.0],[148.2773,-41.4359,2.3074],[148.276,-41.4312,0.0],[148.2792,-41.4166,3.6467],[148.284,-41.4063,2.166],[148.2901,-41.3986,11.1196],[148.2908,-41.3863,0.0],[148.2957,-41.3717,2.2995],[148.2925,-41.3704,2.1405],[148.2869,-41.3762,0.0],[148.2895,-41.3775,1.2772],[148.289,-41.3804,2.965],[148.2794,-41.3788,10.6321],[148.2805,-41.3759,0.0],[148.2792,-41.3718,7.5153],[148.2835,-41.3724,2.4123],[148.2937,-41.3693,2.6886],[148.292,-41.3656,1.9408],[148.2867,-41.3648,3.7038],[148.2886,-41.3647,3.3943],[148.2888,-41.3633,1.8206],[148.293,-41.3649,8.5257],[148.2958,-41.3682,5.3568],[148.294,-41.3694,2.6886],[148.2958,-41.3703,1.1988],[148.3013,-41.3662,0.4142],[148.3058,-41.3601,1.3143],[148.3056,-41.3582,2.6957],[148.3097,-41.355,0.0],[148.3093,-41.3534,0.0],[148.3143,-41.3447,1.2429],[148.321,-41.32,4.6239],[148.3273,-41.3065,0.0],[148.3426,-41.2904,1.3569],[148.3483,-41.2865,0.0],[148.3532,-41.2869,0.0],[148.3537,-41.284,11.9194],[148.3589,-41.2815,1.2482],[148.3591,-41.2765,4.8569],[148.3564,-41.2739,0.3374],[148.3481,-41.2763,7.0176],[148.347,-41.2786,12.7746],[148.3394,-41.282,2.9366],[148.3358,-41.2807,0.0],[148.332,-41.2765,0.0],[148.3318,-41.283,3.1355],[148.325,-41.2891,0.0],[148.3293,-41.2883,0.1205],[148.3268,-41.2947,0.0],[148.3235,-41.2985,2.4317],[148.3179,-41.2997,2.0857],[148.319,-41.3013,6.3651],[148.316,-41.3013,1.8976],[148.3139,-41.3032,1.73],[148.3117,-41.3091,2.8461],[148.3108,-41.3084,0.0],[148.312,-41.312,1.4274],[148.3095,-41.317,5.3688],[148.2995,-41.3233,5.3314],[148.2915,-41.3247,31.032],[148.2716,-41.3396,8.9484],[148.2666,-41.3383,6.278],[148.2631,-41.3407,11.3104],[148.2629,-41.3385,2.31],[148.2598,-41.3375,0.0],[148.2559,-41.3304,0.0],[148.2495,-41.33,5.8102],[148.2471,-41.3281,2.8926],[148.2448,-41.3296,24.4504],[148.2406,-41.327,12.4744],[148.2404,-41.3247,4.6669],[148.2378,-41.3241,7.3434],[148.2387,-41.3231,7.3434],[148.2357,-41.3227,1.3861],[148.2409,-41.3202,5.2363],[148.2442,-41.326,0.0],[148.2468,-41.326,3.6916],[148.248,-41.3279,0.9244],[148.252,-41.3237,2.0569],[148.2555,-41.3236,0.166],[148.2577,-41.3213,0.9677],[148.259,-41.325,0.0],[148.2616,-41.3214,0.1499],[148.2687,-41.322,0.0],[148.277,-41.3152,0.0],[148.2744,-41.315,0.1815],[148.2775,-41.3141,0.501],[148.2782,-41.312,0.0],[148.2772,-41.3123,0.1566],[148.2755,-41.314,1.4536],[148.2743,-41.3144,1.4536],[148.2686,-41.3142,3.9711],[148.2761,-41.3124,0.1566],[148.272,-41.3109,0.3099],[148.2712,-41.3075,14.2229],[148.275,-41.3017,0.0],[148.2744,-41.2913,0.0],[148.2802,-41.2862,0.1397],[148.2793,-41.2789,8.3628],[148.2816,-41.2766,7.7139],[148.2812,-41.2792,0.1499],[148.2832,-41.2818,3.3417],[148.2954,-41.2827,6.9625],[148.2942,-41.2878,0.0],[148.2969,-41.2908,2.899],[148.2912,-41.2975,10.6071],[148.2906,-41.304,17.7265],[148.3017,-41.3044,5.288],[148.3077,-41.3023,17.6455],[148.3125,-41.2989,3.886],[148.3099,-41.2945,0.0],[148.3099,-41.2885,1.99],[148.3167,-41.2838,11.8684],[148.3184,-41.2798,0.0],[148.3243,-41.28,0.0],[148.3305,-41.2756,1.2402],[148.3304,-41.273,0.0],[148.3333,-41.2711,20.5892],[148.3324,-41.2681,15.6771],[148.3345,-41.2622,14.2173],[148.3383,-41.26,0.4489],[148.3388,-41.2574,0.7005],[148.337,-41.257,11.0087],[148.3382,-41.2544,0.0],[148.3335,-41.2531,14.8445],[148.3293,-41.2486,1.9263],[148.3252,-41.2522,4.0746],[148.3203,-41.2529,0.0],[148.3181,-41.255,26.1741],[148.3158,-41.2545,6.9868],[148.3162,-41.2511,4.2192],[148.3121,-41.2484,7.8739],[148.3121,-41.2467,1.2022],[148.3108,-41.2492,2.7543],[148.3099,-41.2484,2.7543],[148.3089,-41.25,23.7384],[148.3065,-41.2513,10.7995],[148.3016,-41.2519,4.0872],[148.3004,-41.2535,11.6645],[148.2996,-41.2515,1.879],[148.2959,-41.256,1.0],[148.2877,-41.257,11.5614],[148.2932,-41.2537,1.0],[148.2912,-41.2511,2.5339],[148.285,-41.2515,13.5179],[148.288,-41.2502,11.2263],[148.2978,-41.2502,1.8926],[148.2961,-41.2485,5.3497],[148.2999,-41.2507,1.4124],[148.3003,-41.2515,1.879],[148.3002,-41.2529,1.879],[148.3017,-41.2514,4.0872],[148.3038,-41.2515,5.3695],[148.2974,-41.2483,1.46],[148.2926,-41.2435,0.0],[148.2935,-41.2407,0.368],[148.2908,-41.2382,1.6687],[148.2935,-41.236,0.0],[148.2892,-41.2359,1.3015],[148.2837,-41.2278,1.2886],[148.2795,-41.2304,17.9282],[148.282,-41.2278,26.6368],[148.2839,-41.2272,1.2886],[148.2843,-41.2229,0.0],[148.2823,-41.2189,0.0],[148.2848,-41.2166,0.0],[148.2806,-41.2129,15.2027],[148.2845,-41.2112,1.2834],[148.2853,-41.2093,0.0],[148.2739,-41.2078,1.3784],[148.2691,-41.2102,8.7756],[148.2695,-41.207,4.9633],[148.262,-41.2033,8.6931],[148.2668,-41.2026,8.0239],[148.2693,-41.2049,0.5],[148.2726,-41.2051,0.8232],[148.2733,-41.2075,0.5],[148.2757,-41.2076,1.3784],[148.2706,-41.1936,2.7334],[148.2719,-41.1806,0.5916],[148.2702,-41.1818,1.4819],[148.2692,-41.1861,0.0],[148.2659,-41.1859,0.0],[148.2647,-41.189,1.949],[148.2619,-41.1884,3.252],[148.2529,-41.1909,27.8396],[148.2626,-41.1841,10.791],[148.2696,-41.1829,4.6256],[148.269,-41.1792,17.5341],[148.2725,-41.1801,0.5916],[148.2776,-41.1762,16.7786],[148.2807,-41.177,0.8515],[148.2809,-41.1704,2.8012],[148.2849,-41.1686,0.0],[148.2826,-41.1653,1.1629],[148.2843,-41.1619,0.0],[148.2804,-41.1613,6.2972],[148.2769,-41.1576,0.5934],[148.276,-41.1514,0.0],[148.2712,-41.1501,0.0],[148.2708,-41.1519,2.22],[148.2681,-41.1518,4.0526],[148.2703,-41.1504,0.0],[148.268,-41.1479,0.0],[148.2686,-41.1452,2.7067],[148.2707,-41.1495,0.8148],[148.2727,-41.1492,0.9185],[148.2702,-41.1421,3.0431],[148.2695,-41.126,1.3657],[148.2736,-41.1104,4.9999],[148.2769,-41.1043,3.5357],[148.283,-41.0979,0.2053],[148.2849,-41.0898,0.0],[148.2885,-41.0863,0.0],[148.2926,-41.0713,0.0],[148.2982,-41.0638,2.0129],[148.2897,-41.0604,2.5935],[148.2869,-41.0543,0.0],[148.2822,-41.0522,0.0],[148.2758,-41.0539,4.3218],[148.271,-41.0518,3.4322],[148.2685,-41.0529,2.1177],[148.2692,-41.051,0.9506],[148.2673,-41.0497,6.3816],[148.2636,-41.0499,3.8781],[148.262,-41.0518,7.9616],[148.2495,-41.0511,20.4993],[148.2605,-41.049,2.3583],[148.26,-41.0453,0.0],[148.2624,-41.0422,4.5822],[148.2762,-41.0344,4.4438],[148.2812,-41.0334,1.4355],[148.2863,-41.0352,0.0],[148.2939,-41.029,2.313],[148.2946,-41.0309,1.9466],[148.2911,-41.0323,0.7963],[148.2926,-41.0345,4.2185],[148.2863,-41.0484,1.4449],[148.2912,-41.0582,3.3339],[148.2968,-41.0619,0.0],[148.2938,-41.0563,2.2529],[148.294,-41.0474,2.5753],[148.2971,-41.0365,0.3172],[148.3016,-41.0292,6.7315],[148.304,-41.0292,3.6422],[148.3069,-41.0247,0.0],[148.3098,-41.0243,0.0],[148.3084,-41.0226,7.9035],[148.3116,-41.0184,0.6881],[148.3146,-41.0173,4.7951],[148.3201,-41.0089,1.7699],[148.3307,-40.9999,1.7022],[148.3407,-40.994,5.2318],[148.3445,-40.9933,5.7555],[148.3499,-40.9952,1.0146],[148.3448,-40.9877,0.0],[148.3313,-40.9914,6.4286],[148.327,-40.9901,3.2941],[148.3225,-40.9863,8.1341],[148.3225,-40.9847,6.4481],[148.3167,-40.9789,5.4239],[148.3166,-40.9713,10.471],[148.3144,-40.9691,0.3576],[148.3087,-40.9697,8.6522],[148.313,-40.969,0.3576],[148.3058,-40.9645,1.0437],[148.3008,-40.9551,2.4602],[148.2985,-40.9545,6.3421],[148.299,-40.954,6.3421],[148.2994,-40.9539,6.3421],[148.3,-40.9542,6.3421],[148.3012,-40.9551,2.4602],[148.3026,-40.9574,0.0],[148.303,-40.9573,0.0],[148.301,-40.95,0.0],[148.302,-40.9417,1.8069],[148.2947,-40.9395,0.0],[148.2937,-40.9368,0.9341],[148.2839,-40.9309,0.0],[148.2743,-40.9207,0.0],[148.2681,-40.9106,0.0],[148.2674,-40.9005,1.7368],[148.2639,-40.8992,0.7768],[148.2599,-40.9002,4.8386],[148.2587,-40.9014,7.5317],[148.2585,-40.9037,10.4246],[148.2579,-40.9042,10.4246],[148.2584,-40.9032,10.4246],[148.2584,-40.9016,7.5317],[148.259,-40.9004,6.6256],[148.2638,-40.8989,0.7768],[148.2619,-40.8925,0.0],[148.2483,-40.8869,3.6874],[148.2436,-40.8882,6.5702],[148.2375,-40.8861,0.9093],[148.2327,-40.8824,0.0],[148.2309,-40.8782,0.0],[148.2268,-40.8764,5.4843],[148.2219,-40.8694,0.0],[148.2198,-40.8623,5.9603],[148.2202,-40.8538,7.4098],[148.2238,-40.8474,1.2269],[148.2228,-40.846,0.0],[148.2107,-40.8451,3.3993],[148.1976,-40.8394,0.8221],[148.1851,-40.8308,4.5896],[148.1824,-40.8272,2.2721],[148.1826,-40.8249,2.9112],[148.1784,-40.8209,0.0],[148.1758,-40.8209,0.31],[148.176,-40.8241,0.3224],[148.1735,-40.826,2.4164],[148.1742,-40.828,0.0],[148.1768,-40.8289,0.0],[148.1777,-40.8323,5.1431],[148.1764,-40.8363,0.6239],[148.1738,-40.8387,2.6979],[148.1562,-40.837,1.0466],[148.1543,-40.838,1.8973],[148.1548,-40.8395,4.0421],[148.1593,-40.8407,4.1545],[148.1581,-40.8405,3.9158],[148.1546,-40.8395,4.0421],[148.1542,-40.839,1.8973],[148.1541,-40.8378,0.0],[148.1375,-40.8337,1.5113],[148.1306,-40.8289,0.7159],[148.1286,-40.8293,0.1577],[148.1276,-40.833,3.7669],[148.1256,-40.8327,0.0],[148.1262,-40.836,3.1893],[148.1251,-40.8331,0.5005],[148.1144,-40.8308,2.663],[148.1147,-40.8282,3.2585],[148.1118,-40.8282,3.6691],[148.1135,-40.8229,0.0],[148.1081,-40.8206,1.3583],[148.1172,-40.8206,0.7728],[148.112,-40.8175,0.7278],[148.1153,-40.8169,0.0],[148.1153,-40.814,0.8898],[148.1215,-40.8191,2.7365],[148.1214,-40.8258,0.0],[148.127,-40.8231,0.071],[148.134,-40.8304,0.2472],[148.1482,-40.8347,0.0],[148.1635,-40.8358,1.2495],[148.1701,-40.8347,0.0],[148.1753,-40.8301,0.0],[148.175,-40.8291,0.0],[148.1733,-40.8315,0.5509],[148.1662,-40.8344,0.0],[148.156,-40.835,0.0],[148.1385,-40.8293,0.9098],[148.1164,-40.8119,0.9429],[148.1029,-40.7935,5.8864],[148.1013,-40.7882,0.0],[148.0874,-40.7769,4.1608],[148.0857,-40.7737,3.4439],[148.0829,-40.7732,3.4916],[148.0791,-40.769,1.1581],[148.0737,-40.7721,4.8347],[148.0551,-40.7711,0.0],[148.0431,-40.7667,1.564],[148.0376,-40.7621,0.0],[148.037,-40.7659,0.0],[148.044,-40.7692,1.0604],[148.0417,-40.773,1.7302],[148.0487,-40.7747,1.5904],[148.0447,-40.7747,5.3225],[148.0392,-40.7729,0.0],[148.0328,-40.765,3.2362],[148.038,-40.7613,0.0],[148.0333,-40.7576,0.0],[148.033,-40.7517,3.173],[148.0307,-40.7502,1.0923],[148.0262,-40.7532,1.5018],[148.019,-40.7536,2.1954],[148.0122,-40.7458,0.6158],[148.0077,-40.7454,0.7888],[148.0066,-40.7437,0.374],[148.0024,-40.7449,1.6696],[147.9879,-40.7429,0.0],[147.9858,-40.7416,0.0],[147.9866,-40.74,0.0],[147.981,-40.7423,0.3911],[147.9751,-40.7392,0.3482],[147.9746,-40.7376,0.0],[147.9741,-40.7406,0.0],[147.9702,-40.7431,3.1838],[147.9599,-40.7464,6.1893],[147.9499,-40.7464,2.965],[147.9494,-40.7443,0.055],[147.947,-40.7453,1.8697],[147.9463,-40.7429,0.0],[147.9437,-40.7429,0.9923],[147.9423,-40.7398,3.8928],[147.9396,-40.7391,0.0],[147.9391,-40.7423,0.0],[147.9412,-40.7447,1.3294],[147.9391,-40.7457,0.0],[147.9402,-40.7483,0.0],[147.9426,-40.7494,6.7017],[147.9428,-40.7527,10.1044],[147.9479,-40.7533,0.0],[147.9502,-40.7511,2.4368],[147.9539,-40.7524,2.9206],[147.955,-40.7545,7.1208],[147.9588,-40.755,0.0],[147.9597,-40.7593,2.5097],[147.9559,-40.7613,0.0],[147.9576,-40.7617,3.0139],[147.9588,-40.7648,0.0],[147.953,-40.7763,8.7988],[147.9506,-40.7775,2.4669],[147.9491,-40.7761,0.0],[147.9435,-40.7759,0.3111],[147.9461,-40.7797,0.5542],[147.9442,-40.7824,0.0],[147.946,-40.7849,3.2429],[147.9446,-40.7858,3.2429],[147.946,-40.7877,2.535],[147.9451,-40.7884,1.0349],[147.9478,-40.791,0.0],[147.9329,-40.8152,4.8619],[147.9122,-40.841,1.1079],[147.887,-40.8638,0.7974],[147.8882,-40.8651,0.0],[147.8845,-40.8703,0.0],[147.8839,-40.8738,2.1369],[147.8869,-40.8791,0.0],[147.8934,-40.876,0.5766],[147.9034,-40.8772,0.3467],[147.9065,-40.8694,3.3589],[147.9129,-40.8691,4.4345],[147.9107,-40.8711,1.4197],[147.9066,-40.8699,3.3109],[147.9064,-40.871,3.3109],[147.908,-40.8709,1.6124],[147.9063,-40.8715,2.2684],[147.9042,-40.8777,0.3467],[147.8925,-40.8772,0.1999],[147.8874,-40.881,0.0],[147.8786,-40.8791,0.4251],[147.8739,-40.8829,2.2088],[147.8805,-40.8735,0.0],[147.8791,-40.8706,0.0],[147.8821,-40.8708,0.0],[147.8826,-40.8681,0.0],[147.8569,-40.8806,4.8288],[147.8353,-40.8871,5.4829],[147.8222,-40.8869,8.4103],[147.8161,-40.8848,17.4701],[147.7975,-40.8835,2.6035],[147.78,-40.8798,3.5099],[147.7759,-40.8774,0.0],[147.7725,-40.8733,1.6115],[147.7565,-40.8651,2.0584],[147.7523,-40.8679,0.0],[147.7517,-40.8713,1.4727],[147.7535,-40.8734,3.3306],[147.752,-40.876,0.563],[147.7507,-40.8711,4.1014],[147.7521,-40.8688,1.1938],[147.7503,-40.8681,3.5782],[147.7515,-40.8663,0.0],[147.7563,-40.8649,2.0584],[147.7571,-40.8629,5.0368],[147.7587,-40.8641,0.0],[147.7576,-40.8577,0.1984],[147.7395,-40.8568,1.1639],[147.7385,-40.8587,1.0692],[147.7216,-40.8628,0.0],[147.7064,-40.8603,1.0321],[147.6937,-40.8498,2.752],[147.6922,-40.845,0.0],[147.6882,-40.8414,0.7755],[147.69,-40.8392,0.0],[147.6693,-40.8274,0.0],[147.6716,-40.8219,0.0],[147.6697,-40.821,0.0],[147.6613,-40.825,8.5112],[147.6515,-40.8339,7.976],[147.6459,-40.8341,0.4291],[147.6442,-40.838,13.6479],[147.6268,-40.845,12.4813],[147.6145,-40.8477,0.0],[147.6034,-40.8471,2.3798],[147.595,-40.8491,0.8787],[147.595,-40.8508,2.6306],[147.5987,-40.8519,0.0],[147.5977,-40.8543,0.0],[147.5989,-40.8563,11.5161],[147.595,-40.8591,1.0485],[147.5952,-40.8625,6.9538],[147.5934,-40.8641,1.5947],[147.5836,-40.8634,1.4479],[147.5851,-40.8659,11.0637],[147.5836,-40.8678,1.3437],[147.5878,-40.8681,2.2136],[147.5907,-40.8716,10.9147],[147.5885,-40.8721,0.0],[147.5755,-40.8908,0.0],[147.5828,-40.8932,9.0529],[147.5766,-40.8923,3.03],[147.5726,-40.8964,4.4519],[147.5681,-40.8986,4.0999],[147.5542,-40.9185,5.7618],[147.5256,-40.9507,1.6567],[147.4924,-40.9782,1.9514],[147.4577,-40.9964,1.9312],[147.4415,-41.0029,0.0],[147.4126,-41.0069,1.4148],[147.397,-41.0029,6.4948],[147.4044,-41.0061,1.4331],[147.4056,-41.01,0.2119],[147.4184,-41.0116,0.0],[147.4213,-41.0101,0.2226],[147.4254,-41.0135,0.5135],[147.4277,-41.0119,0.5912],[147.4301,-41.0125,0.5651],[147.42967894736842,-41.010057894736853,0.9809],[147.4307,-41.0121,0.5651],[147.4304,-41.0128,0.5651],[147.4279,-41.0123,0.5912],[147.4257,-41.014,0.5135],[147.4234,-41.0136,1.1227],[147.4217,-41.011,0.2226],[147.4188,-41.0134,0.7912],[147.4131,-41.0127,0.0],[147.4121,-41.014,2.1912],[147.4123,-41.0126,0.0],[147.4043,-41.0118,6.0002],[147.4021,-41.0092,0.8413],[147.399,-41.0085,3.6739],[147.3964,-41.0048,11.2318],[147.3972,-41.0012,0.0],[147.392,-40.9982,8.3521],[147.3904,-40.9947,6.8911],[147.3917,-40.9857,0.0],[147.3843,-40.9804,1.2195],[147.3675,-40.9761,0.0],[147.3561,-40.9774,3.3647],[147.3567,-40.9811,11.7473],[147.3619,-40.9829,4.8856],[147.3554,-40.9823,1.7902],[147.3547,-40.9768,0.0],[147.3584,-40.9767,2.7033],[147.3593,-40.975,3.6795],[147.3606,-40.9764,0.0],[147.3606,-40.9753,0.4747],[147.3529,-40.961,0.0],[147.3551,-40.953,0.0],[147.3456,-40.9395,0.0],[147.3381,-40.9419,1.8431],[147.33,-40.949,1.7868],[147.3199,-40.9544,0.0],[147.3026,-40.9577,0.0],[147.2927,-40.9562,0.0],[147.2848,-40.9519,1.1324],[147.2812,-40.9467,4.2944],[147.2836,-40.9433,0.9905],[147.2798,-40.9417,0.0],[147.2737,-40.9462,0.0],[147.2673,-40.9457,0.0],[147.267,-40.9478,0.0],[147.2609,-40.9511,0.0],[147.2495,-40.9535,2.966],[147.25,-40.9565,3.7784],[147.2476,-40.9622,6.1226],[147.2274,-40.9866,7.0542],[147.2104,-40.9971,6.8331],[147.1997,-40.9997,2.1002],[147.2057,-40.9998,4.9817],[147.204,-41.0,4.9817],[147.2044,-41.002,4.4273],[147.2005,-41.0053,4.0457],[147.2006,-41.0084,7.5851],[147.2039,-41.0081,4.3764],[147.2027,-41.009,4.6208],[147.2004,-41.0084,7.5851],[147.2002,-41.0055,4.0457],[147.2007,-41.0043,6.8859],[147.2038,-41.0017,4.4273],[147.2032,-40.9999,3.5934],[147.1993,-41.0013,9.2248],[147.1944,-40.9991,0.5462],[147.1765,-41.0093,0.0],[147.1692,-41.0097,7.2504],[147.1617,-41.008,10.152],[147.1596,-41.0108,0.0],[147.1613,-41.015,4.4387],[147.1573,-41.0199,1.3424],[147.16,-41.0208,3.6314],[147.156,-41.022,0.0],[147.1607,-41.0283,28.9031],[147.1579,-41.0314,19.4093],[147.1602,-41.0283,7.4757],[147.1527,-41.0238,1.0483],[147.1543,-41.022,0.5929],[147.1514,-41.0237,1.0248],[147.1498,-41.0293,0.0],[147.1446,-41.0335,15.3115],[147.1375,-41.0358,0.94],[147.1344,-41.0349,1.4694],[147.1419,-41.0337,12.7171],[147.1466,-41.0298,0.0],[147.1482,-41.0206,7.1586],[147.1532,-41.0168,1.7388],[147.1574,-41.0159,1.7295],[147.159,-41.0137,0.4546],[147.1575,-41.0122,2.167],[147.1478,-41.013,13.7128],[147.1448,-41.0101,3.731],[147.1392,-41.0089,6.8682],[147.1379,-41.0065,2.1979],[147.134,-41.0067,4.179],[147.1236,-41.0033,5.4835],[147.115,-40.9988,8.5156],[147.116,-40.9946,0.0],[147.1002,-40.998,7.3601],[147.0893,-40.9934,3.2308],[147.0855,-40.9973,2.9586],[147.0728,-40.9997,12.5099],[147.0685,-40.9982,5.9257],[147.0678,-40.9937,5.9644],[147.0587,-40.988,15.3541],[147.0519,-40.9862,0.0],[147.0438,-40.9893,0.0],[147.032,-40.9904,14.5997],[147.0209,-40.9803,1.6299],[147.021,-40.9815,38.6901],[147.016,-40.9811,0.0],[147.0089,-40.9856,1.825],[147.0043,-40.9859,0.0],[147.0017,-40.9838,4.7006],[146.9969,-40.9848,5.8954],[146.9925,-40.9884,0.0],[146.99,-40.9944,1.3453],[146.982,-41.0017,6.0631],[146.9632,-41.0138,6.5081],[146.9529,-41.0233,6.4306],[146.9477,-41.0256,4.9256],[146.9566,-41.0251,4.8605],[146.9593,-41.0275,11.5523],[146.9552,-41.0252,4.8605],[146.9479,-41.0263,8.4979],[146.9472,-41.0253,4.9256],[146.9486,-41.0246,3.8896],[146.9463,-41.0239,1.1889],[146.9297,-41.0293,0.0],[146.9245,-41.0289,4.3502],[146.9194,-41.0306,4.6954],[146.9152,-41.0302,10.3605],[146.9095,-41.0268,2.526],[146.8937,-41.0297,34.9386],[146.8886,-41.0279,23.7229],[146.8819,-41.0197,15.7987],[146.8766,-41.0201,10.0887],[146.8748,-41.0188,2.8716],[146.871,-41.0247,8.0247],[146.8597,-41.0315,8.5978],[146.8396,-41.0407,4.6456],[146.8349,-41.0414,13.2246],[146.8337,-41.0395,0.0],[146.8265,-41.045,0.0],[146.8205,-41.0545,0.7183],[146.807,-41.063,5.928],[146.8019,-41.0634,3.0358],[146.7999,-41.0606,0.7295],[146.7969,-41.0607,1.6735],[146.7921,-41.0557,12.8892],[146.7866,-41.0541,0.0],[146.7895,-41.0581,0.0],[146.7889,-41.0608,1.1226],[146.7936,-41.0626,6.511],[146.7927,-41.0663,0.0],[146.7941,-41.063,0.0],[146.7941,-41.0653,0.0],[146.7987,-41.0645,4.6494],[146.8004,-41.0694,0.0],[146.804,-41.0697,0.0],[146.8037,-41.0747,0.5374],[146.8053,-41.0762,5.9371],[146.804,-41.0795,0.5386],[146.8113,-41.0836,3.9002],[146.8105,-41.0886,0.0],[146.8129,-41.0892,3.9935],[146.8153,-41.0938,2.4885],[146.8137,-41.0983,1.213],[146.8147,-41.1002,1.78],[146.8135,-41.1001,1.78],[146.816,-41.1087,0.0],[146.8174,-41.11,0.0],[146.8269,-41.1081,0.0],[146.8266,-41.1104,0.7504],[146.8221,-41.1116,0.0],[146.8239,-41.1134,2.2935],[146.8233,-41.1183,2.1578],[146.8247,-41.1192,2.1578],[146.821,-41.1224,4.2698],[146.8208,-41.1205,0.0],[146.8178,-41.1214,6.147],[146.8176,-41.1238,10.6732],[146.8274,-41.1314,0.0],[146.8309,-41.1259,14.5513],[146.8339,-41.1252,11.5209],[146.8337,-41.1262,11.5209],[146.8315,-41.128,11.5581],[146.8331,-41.1345,0.0],[146.8279,-41.1363,0.0],[146.8332,-41.1371,7.3587],[146.838,-41.1354,11.0363],[146.843,-41.1388,4.2352],[146.853,-41.1394,7.4312],[146.8509,-41.14,0.0],[146.8582,-41.1389,2.1595],[146.8724,-41.1315,2.6871],[146.8773,-41.1306,13.3938],[146.8838,-41.1315,2.8128],[146.8889,-41.1358,0.0],[146.8921,-41.136,21.0773],[146.8953,-41.1385,3.5274],[146.9004,-41.137,9.0647],[146.9017,-41.1399,8.9723],[146.8993,-41.141,4.4893],[146.9019,-41.1436,2.1609],[146.9091,-41.1426,13.5505],[146.9119,-41.1455,4.1914],[146.9156,-41.1461,11.0029],[146.912,-41.1483,12.45],[146.9082,-41.1467,7.2501],[146.9076,-41.1483,10.5096],[146.9117,-41.1521,4.0119],[146.9169,-41.1537,11.4769],[146.9154,-41.1551,1.9434],[146.9188,-41.1582,1.3978],[146.9219,-41.1606,7.1419],[146.9273,-41.1606,24.1094],[146.9232,-41.1616,0.0],[146.9462,-41.1761,11.5726],[146.9485,-41.1755,21.6561],[146.9485,-41.1769,0.0],[146.9563,-41.1797,0.0],[146.9636,-41.1902,2.24],[146.9654,-41.1901,8.2096],[146.9613,-41.1921,7.1013],[146.9506,-41.1827,0.0],[146.9373,-41.1818,3.0746],[146.9303,-41.1866,6.4683],[146.9245,-41.1876,1.0569],[146.9247,-41.1926,10.73],[146.9221,-41.1946,0.0],[146.9266,-41.2013,0.0],[146.9325,-41.1999,14.0367],[146.9229,-41.2077,0.4343],[146.9192,-41.2084,9.7204],[146.916,-41.2065,3.2423],[146.912,-41.212,4.443],[146.9134,-41.2151,0.0],[146.9215,-41.2203,0.0],[146.9297,-41.2159,21.6342],[146.9337,-41.216,9.5738],[146.9447,-41.2066,8.8359],[146.9437,-41.2083,2.3745],[146.946,-41.2144,4.6951],[146.9444,-41.2214,0.0],[146.9457,-41.2289,1.7781],[146.9521,-41.2329,14.1453],[146.9564,-41.2324,15.012],[146.9603,-41.235,2.641],[146.9673,-41.2366,4.5796],[146.9691,-41.2395,3.8308],[146.9687,-41.2373,4.5796],[146.9755,-41.2342,16.4818],[146.9738,-41.236,5.9992],[146.9768,-41.2434,2.0708],[146.9808,-41.244,10.1284],[146.9841,-41.2482,3.7675],[146.9888,-41.2498,0.0],[146.9901,-41.2489,11.4354],[146.9937,-41.2513,0.0],[146.9929,-41.2532,0.0],[146.9959,-41.2559,5.086],[146.996,-41.2581,5.8948],[146.9989,-41.2594,3.7326],[147.0007,-41.2584,8.2847],[146.9993,-41.2617,13.0555],[147.0037,-41.2686,3.5614],[147.0076,-41.2696,3.3779],[147.0064,-41.2718,1.7513],[147.0106,-41.2717,17.6434],[147.0108,-41.2744,9.8421],[147.0154,-41.2764,2.033],[147.0156,-41.2783,6.1521],[147.0134,-41.2797,2.564],[147.0137,-41.2836,4.7892],[147.0092,-41.2826,0.9263],[147.0002,-41.2848,5.3092],[146.9912,-41.2892,0.3406],[146.99,-41.2918,7.8959],[146.9852,-41.2932,4.989],[146.9842,-41.2956,9.4706],[146.9788,-41.2988,5.4565],[146.9766,-41.3032,6.593],[146.9782,-41.3088,8.5817],[146.983,-41.3103,3.0681],[146.9876,-41.3142,4.4985],[146.9995,-41.3163,0.0],[147.0244,-41.3149,1.9385],[147.0302,-41.3175,4.3359],[147.0398,-41.3186,1.1636],[147.0453,-41.3226,2.8969],[147.0419,-41.3247,2.7226],[147.0456,-41.3295,3.9942],[147.0459,-41.3366,1.0366],[147.0492,-41.3366,0.5071],[147.062,-41.3305,7.1288],[147.0724,-41.3307,9.4507],[147.0826,-41.3446,3.7289],[147.0755,-41.3504,0.5116],[147.0752,-41.3541,0.6724],[147.0764,-41.3531,2.1755],[147.0775,-41.3528,1.7084],[147.0811,-41.353,2.3731],[147.0825,-41.3517,1.7778],[147.0835,-41.352,1.7778],[147.0847,-41.3531,4.9096],[147.0842,-41.353,5.5809],[147.0833,-41.3521,1.7778],[147.0826,-41.3518,1.7778],[147.0811,-41.3532,2.3731],[147.0768,-41.3532,2.1755],[147.0753,-41.3545,0.6724],[147.0797,-41.3668,0.0],[147.0883,-41.3728,1.532],[147.0926,-41.3779,1.629],[147.0939,-41.3858,0.8757],[147.1128,-41.3962,2.2921],[147.1172,-41.403,0.5],[147.1278,-41.4109,7.7368],[147.1261,-41.4157,3.1556],[147.1199,-41.4179,0.5],[147.118,-41.4202,2.8355],[147.127,-41.4321,2.0231],[147.13,-41.4336,1.0363],[147.1323,-41.431399999999996,1.1538],[147.1421,-41.4293,2.2109],[147.1411,-41.4259,3.4738],[147.1445,-41.4174,1.953],[147.1471,-41.4168,1.2095],[147.1486,-41.4203,0.8532],[147.1511,-41.4211,1.547],[147.1528,-41.42,1.4458],[147.1531,-41.4165,1.5138],[147.1547,-41.416,2.1946],[147.1573,-41.4172,3.0126],[147.16,-41.4202,1.0682],[147.1588,-41.4239,1.2081],[147.1612,-41.4272,1.2455],[147.1638,-41.4258,2.1184],[147.1653,-41.4265,2.5114],[147.1645,-41.4292,1.5918],[147.1663,-41.4333,4.0097],[147.1698,-41.4324,2.0527],[147.1733,-41.4347,4.5635],[147.1723,-41.4364,4.896],[147.1727,-41.4345,1.8044],[147.1708,-41.4341,2.0439],[147.1699,-41.4328,2.0527],[147.1683,-41.4345,2.9125],[147.1658,-41.4333,4.0097],[147.1639,-41.4292,1.5918],[147.1646,-41.4266,1.982],[147.1609,-41.4276,1.2455],[147.1581,-41.4238,1.5466],[147.1593,-41.4202,1.0682],[147.1567,-41.4174,3.0126],[147.1537,-41.4167,1.5138],[147.1532,-41.4205,1.4458],[147.1503,-41.4216,1.5804],[147.1475,-41.4203,1.414],[147.1458,-41.4172,1.953],[147.1421,-41.4256,1.6696],[147.1432,-41.4293,2.2109],[147.1363,-41.432,4.1693],[147.1328,-41.4322,1.1538],[147.1296,-41.435,0.5],[147.1307,-41.4393,1.6482],[147.1212,-41.4436,30.0474],[147.127,-41.44,14.5672],[147.1277,-41.4374,0.5],[147.1162,-41.423,1.0822],[147.1161,-41.4195,0.5],[147.1122,-41.4219,8.3664],[147.1234,-41.4135,2.1658],[147.123,-41.4095,1.2676],[147.1186,-41.4069,0.9788],[147.119,-41.409,1.6167],[147.1188,-41.4103,2.5855],[147.1188,-41.4089,1.6167],[147.1172,-41.4094,1.2115],[147.1166,-41.4115,2.6349],[147.1173,-41.4062,0.8055],[147.1112,-41.4007,0.7887],[147.0956,-41.3994,1.7043],[147.0895,-41.3974,2.1276],[147.0868,-41.3948,1.7309],[147.0831,-41.3956,2.2626],[147.0854,-41.3948,2.3562],[147.0852,-41.3935,0.4695],[147.0795,-41.3912,1.6074],[147.0744,-41.384,0.3143],[147.074,-41.3812,1.4986],[147.0753,-41.3682,0.8675],[147.069,-41.3544,1.2003],[147.0724,-41.3478,0.4088],[147.0777,-41.3451,4.2023],[147.0769,-41.341,0.0],[147.0683,-41.3364,3.0006],[147.0585,-41.3357,0.7979],[147.0549,-41.3409,0.3651],[147.0471,-41.3435,8.376],[147.0459,-41.3457,22.1318],[147.0363,-41.347,0.0],[147.0334,-41.3512,1.1628],[147.0341,-41.3534,3.8829],[147.0296,-41.3453,0.5629],[147.0112,-41.3317,2.2844],[147.0086,-41.3283,3.4699],[147.0097,-41.3265,9.89],[147.0049,-41.3212,0.0],[146.9998,-41.3227,3.1113],[146.9966,-41.3211,0.0],[146.987,-41.3212,1.0557],[146.9734,-41.3126,2.9653],[146.9706,-41.3092,9.4192],[146.9703,-41.3069,2.6855],[146.969,-41.3069,12.6113],[146.9714,-41.3041,0.0],[146.9701,-41.2977,0.0],[146.9623,-41.2942,28.7222],[146.97,-41.2962,0.8458],[146.9694,-41.2945,5.9175],[146.9737,-41.2941,3.868],[146.9772,-41.2883,1.5319],[146.9789,-41.2807,3.5202],[146.9773,-41.2764,10.2233],[146.9783,-41.2733,0.6895],[146.9697,-41.2689,1.8438],[146.9676,-41.2633,0.5054],[146.9692,-41.2592,0.4739],[146.974,-41.2549,0.7544],[146.9747,-41.2518,0.1791],[146.9707,-41.2557,5.9562],[146.9708,-41.2544,1.2794],[146.9663,-41.2517,0.9661],[146.9567,-41.2579,0.0],[146.955,-41.2606,2.6793],[146.9464,-41.2599,10.8444],[146.9451,-41.2541,1.3632],[146.9342,-41.243,5.6222],[146.9356,-41.2358,5.2944],[146.9338,-41.2314,3.3591],[146.9278,-41.2288,12.6023],[146.9239,-41.2247,0.0],[146.9158,-41.2221,3.8456],[146.9144,-41.2185,0.0],[146.91,-41.2171,12.7772],[146.9073,-41.2135,9.6495],[146.9017,-41.2103,6.2148],[146.8975,-41.2026,0.0],[146.8975,-41.1995,5.0864],[146.8991,-41.1989,5.0864],[146.9014,-41.2013,14.5216],[146.9017,-41.2041,11.6618],[146.9072,-41.2062,5.8278],[146.9069,-41.2001,6.7815],[146.9102,-41.201,18.7538],[146.9156,-41.1978,4.7763],[146.9165,-41.1903,0.0],[146.9089,-41.1888,9.9242],[146.9108,-41.1859,9.9873],[146.9138,-41.1876,8.0221],[146.916,-41.187,0.0],[146.917,-41.1824,8.348],[146.9207,-41.1823,12.2752],[146.9234,-41.1792,7.7053],[146.9288,-41.1789,4.3953],[146.9276,-41.1742,2.356],[146.9246,-41.1728,0.0],[146.9232,-41.1698,12.5287],[146.9117,-41.1662,0.0],[146.9041,-41.1589,6.1462],[146.8993,-41.159,3.3757],[146.8913,-41.1542,0.0],[146.8778,-41.15,1.0609],[146.873,-41.154,1.5783],[146.8688,-41.1609,0.8776],[146.8692,-41.1665,1.7536],[146.868,-41.1669,2.3681],[146.8687,-41.1653,2.0863],[146.8672,-41.1642,0.9357],[146.8653,-41.1644,0.2584],[146.8644,-41.1668,2.1477],[146.8606,-41.1689,0.506],[146.8602,-41.1721,1.419],[146.8575,-41.1712,0.1922],[146.8548,-41.1723,0.9841],[146.8517,-41.1706,14.319],[146.8514,-41.1688,6.5761],[146.8437,-41.1674,0.8534],[146.8362,-41.1626,0.0],[146.8341,-41.1631,0.8295],[146.8356,-41.166,24.8425],[146.8408,-41.1689,8.5776],[146.844,-41.1743,40.2942],[146.8439,-41.18,11.264099999999999],[146.8522,-41.1856,6.1295],[146.8576,-41.193,6.7981],[146.8537,-41.1905,8.2319],[146.8547,-41.1896,1.9786],[146.8527,-41.1883,4.7598],[146.845,-41.1863,6.5673],[146.8386,-41.1917,11.6531],[146.8408,-41.1917,14.1785],[146.837,-41.1924,3.2741],[146.8391,-41.2,8.3224],[146.8379,-41.1972,12.1815],[146.836,-41.196,0.0],[146.835,-41.197,10.3178],[146.8341,-41.1954,5.6585],[146.8339,-41.1926,7.2336],[146.8359,-41.1901,0.0],[146.8328,-41.1865,8.6769],[146.8305,-41.1864,10.0465],[146.8338,-41.1855,8.2452],[146.835,-41.1861,8.2452],[146.8346,-41.1835,13.2187],[146.8381,-41.1787,0.0],[146.8379,-41.1765,0.0],[146.8353,-41.1735,2.8446],[146.8342,-41.1746,5.6151],[146.8324,-41.1724,4.0637],[146.827,-41.1718,6.5796],[146.8255,-41.1703,4.0955],[146.8262,-41.1685,3.2875],[146.8235,-41.1706,6.0479],[146.8211,-41.1701,8.2262],[146.8246,-41.1643,12.7199],[146.8233,-41.1597,4.693],[146.8248,-41.1585,1.1577],[146.8224,-41.1564,11.1032],[146.8237,-41.1519,1.7433],[146.825,-41.1523,1.7433],[146.8241,-41.1493,0.0],[146.8233,-41.1503,1.0505],[146.8201,-41.149,1.2336],[146.8179,-41.1454,0.0],[146.8088,-41.1448,4.8719],[146.807,-41.1406,0.0],[146.8053,-41.1415,1.4365],[146.806,-41.1455,0.0],[146.7985,-41.1486,7.4212],[146.7976,-41.1467,2.5282],[146.7902,-41.1461,0.0],[146.7857,-41.1506,0.0],[146.7877,-41.1543,5.7362],[146.7846,-41.1518,0.9543],[146.7808,-41.1537,1.5168],[146.7785,-41.157,4.2312],[146.774,-41.1589,5.038],[146.7748,-41.1601,9.8671],[146.7734,-41.1615,0.0],[146.775,-41.1634,13.3513],[146.7745,-41.1634,13.3513],[146.7733,-41.1629,0.0],[146.7735,-41.1648,7.6956],[146.7706,-41.1653,9.4132],[146.7717,-41.1646,7.6956],[146.77,-41.163,9.14],[146.7707,-41.1597,8.3248],[146.7678,-41.16,12.0145],[146.7713,-41.1571,6.0121],[146.7687,-41.156,5.0839],[146.7686,-41.1538,4.8559],[146.7711,-41.1526,0.0],[146.7654,-41.1526,13.6598],[146.7668,-41.1506,5.3062],[146.7653,-41.1504,7.5271],[146.7637,-41.1494,36.6815],[146.7642,-41.1495,36.6815],[146.7654,-41.1503,7.5271],[146.7672,-41.1504,5.3062],[146.7729,-41.1494,10.7478],[146.7782,-41.1515,0.0],[146.7809,-41.1483,2.2526],[146.7803,-41.1469,6.8701],[146.782,-41.1473,0.0],[146.7815,-41.1452,9.6401],[146.783,-41.1457,0.0],[146.7858,-41.1433,1.4741],[146.7858,-41.1412,15.5309],[146.7894,-41.1393,18.1093],[146.7981,-41.14,0.0],[146.8009,-41.1343,21.1864],[146.8054,-41.1363,0.0],[146.8103,-41.1357,15.3067],[146.8109,-41.1384,12.0147],[146.8141,-41.1398,0.0],[146.8183,-41.1369,3.3297],[146.8201,-41.1376,0.0],[146.8168,-41.1347,17.2855],[146.8118,-41.1334,7.6043],[146.8103,-41.1308,5.6253],[146.8098,-41.1285,2.3382],[146.8121,-41.1255,2.8493],[146.8101,-41.1219,4.6426],[146.811,-41.118,0.0],[146.8085,-41.116,4.0064],[146.81,-41.1151,0.0],[146.8087,-41.1156,0.0],[146.8066,-41.1128,2.0141],[146.8131,-41.1141,0.4317],[146.8127,-41.1163,0.0],[146.8146,-41.1154,0.8053],[146.8136,-41.1127,0.0],[146.8127,-41.1122,0.0],[146.814,-41.1145,0.4317],[146.8109,-41.113,0.4347],[146.8056,-41.1121,2.0141],[146.8041,-41.1108,0.0],[146.8032,-41.1114,1.1539],[146.8061,-41.1155,1.6684],[146.799,-41.1151,2.7483],[146.7975,-41.1171,8.9847],[146.7961,-41.116,6.3537],[146.7962,-41.1112,0.0],[146.7936,-41.1134,3.9155],[146.7881,-41.112,4.6121],[146.792,-41.1118,2.3509],[146.7923,-41.1083,1.4965],[146.7974,-41.1087,1.0453],[146.7975,-41.1058,1.2816],[146.7926,-41.1017,0.3903],[146.7908,-41.0954,2.708],[146.7881,-41.0923,0.8589],[146.7684,-41.0788,0.7502],[146.7605,-41.0786,2.6099],[146.7518,-41.0844,1.2719],[146.7445,-41.0848,8.6211],[146.7426,-41.0835,13.7258],[146.7431,-41.08,0.0],[146.7406,-41.0779,0.8211],[146.7306,-41.0774,2.0595],[146.7278,-41.0727,2.1329],[146.7193,-41.0707,10.7513],[146.7188,-41.0667,5.0904],[146.7154,-41.0643,0.9082],[146.7076,-41.0637,4.1292],[146.7064,-41.0653,12.2274],[146.7135,-41.075,7.2288],[146.697,-41.0897,6.966],[146.6791,-41.1008,8.6368],[146.6739,-41.1013,7.4495],[146.6557,-41.0931,34.9218],[146.6528,-41.0925,1.614],[146.6517,-41.0946,53.2344],[146.6471,-41.0938,2.2872],[146.6466,-41.0956,17.2722],[146.6442,-41.0953,10.3795],[146.6421,-41.0977,38.4687],[146.648,-41.11,1.0485],[146.6426,-41.1146,21.5989],[146.6369,-41.1151,10.4894],[146.6351,-41.117,7.5875],[146.636,-41.1213,31.2084],[146.6334,-41.1257,2.0599],[146.6097,-41.1392,2.4612],[146.5949,-41.1448,8.9027],[146.572,-41.1488,4.8479],[146.5654,-41.1479,0.0],[146.5645,-41.1465,0.0],[146.5638,-41.1495,6.1448],[146.565,-41.151,5.6413],[146.5615,-41.1575,0.0],[146.5667,-41.1638,1.0034],[146.575,-41.1611,0.0],[146.5741,-41.1605,0.0],[146.5784,-41.1573,0.0],[146.5771,-41.1562,1.6385],[146.5792,-41.1551,1.3165],[146.5893,-41.1588,0.4644],[146.5954,-41.156,2.2034],[146.5996,-41.1573,0.0],[146.6016,-41.1541,0.0],[146.6002,-41.1524,2.028],[146.6017,-41.1519,1.4593],[146.6077,-41.1552,8.9458],[146.6096,-41.1585,7.2614],[146.6068,-41.1557,1.0943],[146.6041,-41.1556,0.4784],[146.6016,-41.1593,4.7032],[146.5957,-41.1619,0.0],[146.595,-41.1644,1.7942],[146.5958,-41.1677,2.9706],[146.5989,-41.1675,2.6912],[146.6019,-41.1647,2.0616],[146.6049,-41.1682,12.8614],[146.6068,-41.1671,14.2232],[146.6078,-41.1686,11.0512],[146.6068,-41.1675,14.2232],[146.6062,-41.1681,16.5215],[146.6054,-41.1684,16.5215],[146.6041,-41.1684,12.8614],[146.6025,-41.1661,2.0616],[146.5984,-41.1682,15.1863],[146.5953,-41.168,16.8539],[146.5912,-41.1664,8.2518],[146.5911,-41.165,0.0],[146.5857,-41.1671,0.6792],[146.5821,-41.1748,4.0236],[146.5829,-41.181,14.8319],[146.5784,-41.1847,2.679],[146.5828,-41.1886,14.6816],[146.5833,-41.1908,15.9181],[146.5818,-41.1945,2.4393],[146.578,-41.1976,0.0],[146.5816,-41.1976,7.6562],[146.587,-41.2008,9.0988],[146.5905,-41.2084,0.0],[146.5955,-41.2093,13.5449],[146.595,-41.2099,15.7434],[146.5943,-41.21,7.5027],[146.5917,-41.2091,5.6418],[146.5888,-41.2103,2.0971],[146.5878,-41.2142,0.0],[146.5928,-41.2131,8.4213],[146.5968,-41.2172,2.1021],[146.5989,-41.2135,0.5],[146.6046,-41.2091,10.8177],[146.6065,-41.2091,8.5751],[146.6092,-41.2121,3.8392],[146.6081,-41.2135,3.9234],[146.6061,-41.2118,4.8853],[146.6033,-41.2124,4.3203],[146.6004,-41.2156,2.4405],[146.6032,-41.2218,8.4212],[146.5994,-41.2257,7.6581],[146.6011,-41.2269,5.5774],[146.5999,-41.2288,2.301],[146.6035,-41.2289,6.1151],[146.6055,-41.2328,4.9492],[146.6089,-41.2337,8.5921],[146.6051,-41.233,7.6844],[146.603,-41.2306,1.7632],[146.5996,-41.233,8.8527],[146.5988,-41.235,8.7225],[146.6006,-41.2408,7.1711],[146.595,-41.2507,4.9661],[146.6042,-41.254,10.5766],[146.6053,-41.2557,10.0549],[146.6056,-41.259,8.2794],[146.6076,-41.2586,15.68],[146.6068,-41.2594,8.2794],[146.6055,-41.2592,8.2794],[146.6034,-41.2567,5.8573],[146.6036,-41.2542,10.5766],[146.5989,-41.2548,13.2562],[146.5939,-41.2514,22.6753],[146.5963,-41.248,10.0726],[146.5951,-41.2448,5.7172],[146.5972,-41.2396,4.8547],[146.5932,-41.2259,4.4013],[146.5955,-41.2243,8.141],[146.5962,-41.2197,15.4117],[146.591,-41.2166,0.5],[146.5862,-41.2165,16.513],[146.5855,-41.2142,7.2512],[146.5874,-41.2088,3.7336],[146.585,-41.2051,1.2573],[146.5831,-41.2059,3.0353],[146.5828,-41.2094,9.5671],[146.5849,-41.2139,7.2512],[146.5832,-41.2172,8.9657],[146.5844,-41.2192,20.164],[146.5834,-41.2228,6.9224],[146.5776,-41.2262,0.0],[146.5733,-41.2314,11.6008],[146.5688,-41.233,1.04],[146.5698,-41.2342,1.04],[146.5761,-41.2338,4.45],[146.576,-41.2393,1.0105],[146.5779,-41.2405,20.0482],[146.5758,-41.2398,11.9129],[146.5719,-41.2441,1.6681],[146.566,-41.2443,2.3057],[146.5652,-41.2505,11.9814],[146.5664,-41.2519,26.1593],[146.5656,-41.2517,18.5289],[146.5651,-41.2509,11.9814],[146.5651,-41.2444,10.5941],[146.5689,-41.2407,5.8591],[146.5718,-41.2425,4.7985],[146.573,-41.2394,0.5],[146.5611,-41.2384,20.2015],[146.5642,-41.2371,1.2937],[146.5646,-41.2283,0.5],[146.5676,-41.2264,4.7765],[146.5705,-41.2275,7.3169],[146.5755,-41.2223,0.4433],[146.5757,-41.2201,0.3275],[146.569,-41.2162,8.6481],[146.5696,-41.2152,8.6481],[146.5705,-41.2165,6.7256],[146.568,-41.2113,1.6682],[146.5679,-41.2038,5.1126],[146.5624,-41.1973,6.7035],[146.5649,-41.1944,0.0],[146.5635,-41.1927,15.0385],[146.573,-41.1892,0.0],[146.5692,-41.185,9.8519],[146.569,-41.1779,0.0],[146.5536,-41.1715,8.1463],[146.5476,-41.17,3.0782],[146.5412,-41.1754,12.96],[146.5414,-41.1765,17.5361],[146.5407,-41.1789,14.198],[146.5405,-41.1779,17.0211],[146.5408,-41.1771,17.0211],[146.5412,-41.1767,17.5361],[146.541,-41.1753,16.5465],[146.548,-41.1685,2.2982],[146.5585,-41.1725,2.6006],[146.5612,-41.1693,0.4344],[146.5604,-41.168,0.4344],[146.5583,-41.169,2.4687],[146.5605,-41.1676,1.0301],[146.5587,-41.1654,0.917],[146.562,-41.1674,0.0],[146.5544,-41.1608,0.0],[146.5461,-41.159,0.7543],[146.5417,-41.155,1.1249],[146.542,-41.1517,2.5962],[146.5448,-41.1507,8.396],[146.5457,-41.1479,0.0],[146.542,-41.1425,3.287],[146.5423,-41.1383,2.7387],[146.5438,-41.1366,1.8375],[146.5434,-41.1311,4.1748],[146.5457,-41.1296,0.0],[146.5438,-41.1265,2.5426],[146.5375,-41.1253,1.5706],[146.5319,-41.1184,3.5443],[146.5273,-41.1219,0.0],[146.5287,-41.125,0.0],[146.5277,-41.1253,0.0],[146.5296,-41.1266,7.3374],[146.5275,-41.1305,1.2863],[146.5193,-41.1362,0.0],[146.4933,-41.1494,0.0],[146.4626,-41.1604,2.7244],[146.4534,-41.161,0.0],[146.4503,-41.1594,0.0],[146.427,-41.1632,3.5674],[146.4244,-41.1623,0.0],[146.4124,-41.1687,1.9677],[146.3936,-41.1729,0.0],[146.3835,-41.1691,0.9321],[146.3688,-41.1722,0.7775],[146.3698,-41.1675,0.0],[146.3689,-41.1688,0.0],[146.3683,-41.1702,0.0],[146.3689,-41.1739,2.4822],[146.3663,-41.1744,0.0],[146.3651,-41.1777,2.1989],[146.3697,-41.1938,3.0922],[146.3623,-41.2007,7.8127],[146.3661,-41.2037,1.5128],[146.371,-41.2041,21.8362],[146.3811,-41.2191,40.9388],[146.3857,-41.2233,0.0],[146.3907,-41.2244,32.9838],[146.4003,-41.2283,6.8681],[146.4017,-41.2306,6.0421],[146.4005,-41.2334,3.0189],[146.3958,-41.2318,1.942],[146.3962,-41.2303,1.8317],[146.3978,-41.2293,8.2162],[146.397,-41.2279,2.898],[146.3918,-41.2278,0.8496],[146.3931,-41.2286,1.5733],[146.3916,-41.229,0.7361],[146.3913,-41.2287,0.7361],[146.3925,-41.2312,0.4857],[146.3956,-41.2335,2.1759],[146.3942,-41.2332,2.3882],[146.3931,-41.232,1.8172],[146.3907,-41.2337,1.6064],[146.3894,-41.2329,1.9459],[146.3888,-41.2359,2.1369],[146.388,-41.2341,1.931],[146.3883,-41.2335,1.931],[146.3891,-41.2327,1.9459],[146.3925,-41.2318,0.6786],[146.3902,-41.2289,0.0],[146.3864,-41.2283,0.0],[146.3835,-41.2345,6.4326],[146.3853,-41.2356,2.4226],[146.3877,-41.2377,4.4518],[146.3858,-41.2366,9.6416],[146.3852,-41.2357,2.4226],[146.3832,-41.2346,9.1055],[146.3848,-41.2289,0.0],[146.3814,-41.2319,4.6099],[146.3751,-41.2283,2.9613],[146.3732,-41.2293,2.3075],[146.3739,-41.2278,0.0],[146.3725,-41.2261,0.0],[146.3682,-41.2268,4.9403],[146.3683,-41.2264,4.9403],[146.3707,-41.2255,0.0],[146.3704,-41.2244,1.0294],[146.373,-41.2238,0.0],[146.3711,-41.2174,0.0],[146.3698,-41.2202,1.3215],[146.3674,-41.2195,0.0],[146.3638,-41.222,2.8542],[146.3653,-41.2183,0.6522],[146.368,-41.2166,0.9557],[146.3632,-41.2166,1.3574],[146.3671,-41.213,0.2794],[146.3642,-41.2085,0.0],[146.3624,-41.209,0.9883],[146.3621,-41.2112,2.4519],[146.3591,-41.2094,0.0],[146.3516,-41.2118,6.8745],[146.3515,-41.2143,2.8892],[146.348,-41.2171,9.1345],[146.3504,-41.2128,6.8745],[146.3468,-41.211,9.7437],[146.3493,-41.2118,9.8215],[146.35,-41.2092,8.3513],[146.3548,-41.2087,0.0],[146.3537,-41.2074,9.1554],[146.3562,-41.2039,0.0],[146.35482085492228,-41.200550647668393,3.9254],[146.3571,-41.2005,7.5199],[146.3595,-41.2011,17.4411],[146.3668,-41.1926,0.0],[146.3665,-41.19,0.0],[146.3634,-41.1875,0.6522],[146.3636,-41.1796,0.882],[146.3622,-41.1758,0.0],[146.3668,-41.1653,0.0],[146.359,-41.1644,0.9972],[146.356,-41.1618,0.0],[146.358,-41.1598,6.5834],[146.3569,-41.1585,3.7377],[146.3535,-41.1584,0.0],[146.3512,-41.162,5.2776],[146.3448,-41.1608,1.0968],[146.3409,-41.1625,0.0],[146.3365,-41.1603,1.532],[146.3315,-41.1638,4.9368],[146.3324,-41.1654,6.3294],[146.3311,-41.1682,13.949],[146.3261,-41.1698,5.1118],[146.3224,-41.1737,0.0],[146.3246,-41.1774,0.0],[146.31908235294119,-41.177794117647053,18.2853],[146.3228,-41.1764,4.3637],[146.3229,-41.1769,4.3637],[146.3237,-41.1763,0.0],[146.3205,-41.1732,5.4485],[146.3297,-41.1671,0.0],[146.3308,-41.1636,3.398],[146.3296,-41.1615,0.4195],[146.3337,-41.1604,0.0],[146.332,-41.159,5.6581],[146.3327,-41.1567,0.0],[146.3319,-41.1577,0.0],[146.3233,-41.1541,4.5984],[146.3164,-41.1566,40.5489],[146.3136,-41.1552,2.851],[146.3107,-41.1578,12.6842],[146.3033,-41.1597,9.0471],[146.2872,-41.1607,2.4498],[146.2749,-41.1586,2.656],[146.2691,-41.1547,5.8614],[146.2554,-41.1518,1.5592],[146.2513,-41.1568,2.5338],[146.253,-41.1639,1.0832],[146.2518,-41.1676,5.8784],[146.2554,-41.1759,14.2597],[146.25506459197788,-41.176651313969579,5.2849],[146.2543,-41.1756,3.7826],[146.2528,-41.1775,1.6025],[146.2543,-41.1748,3.7826],[146.2532,-41.1734,1.6277],[146.2496,-41.1817,3.3678],[146.2525,-41.1939,9.3552],[146.2488,-41.1822,1.3835],[146.2509,-41.1712,0.0],[146.2504,-41.1725,1.6617],[146.2493,-41.1717,1.6617],[146.2497,-41.1758,2.0489],[146.2469,-41.176,0.9288],[146.2461,-41.1784,1.7956],[146.2436,-41.1772,1.9724],[146.2481,-41.1702,0.0],[146.2452,-41.1679,2.341],[146.2471,-41.1687,0.1747],[146.2486,-41.1669,0.2247],[146.2457,-41.1658,2.1156],[146.2488,-41.1663,0.2247],[146.2508,-41.1638,1.8129],[146.2487,-41.1625,3.6065],[146.2505,-41.1624,2.3508],[146.2504,-41.1588,1.1187],[146.2478,-41.1569,1.3825],[146.2273,-41.16,4.1859],[146.2167,-41.1542,0.3683],[146.2058,-41.155,2.8702],[146.2028,-41.1515,2.1208],[146.2005,-41.1523,3.9946],[146.2005,-41.1509,0.8096],[146.1858,-41.153,4.3141],[146.1689,-41.1501,1.4061],[146.1701,-41.1545,6.0365],[146.1688,-41.1572,12.8439],[146.1583,-41.1591,0.0],[146.1577,-41.1613,10.7296],[146.155,-41.1627,2.1749],[146.1560875,-41.16330416666667,8.5132],[146.1552,-41.1636,8.5132],[146.1539,-41.1629,0.0],[146.1487,-41.1661,1.7612],[146.1458,-41.1644,10.1859],[146.146,-41.1625,0.0],[146.1442,-41.164,10.1859],[146.1457,-41.1654,10.0824],[146.1433,-41.1668,2.7775],[146.147,-41.1684,5.1478],[146.149,-41.1755,26.2768],[146.1523,-41.1769,5.205],[146.1541,-41.1755,11.0205],[146.1556,-41.1761,19.0941],[146.1553,-41.177,3.3592],[146.1542,-41.1756,11.0205],[146.1537,-41.1763,5.205],[146.1524,-41.177,5.205],[146.1519,-41.1769,41.9021],[146.1488,-41.1756,26.2768],[146.1458,-41.1694,0.4419],[146.1422,-41.1685,1.3499],[146.142,-41.1664,2.7775],[146.1439,-41.1651,4.4307],[146.1423,-41.1644,1.3112],[146.1447,-41.1615,0.0],[146.1355,-41.1632,17.4957],[146.1319,-41.159,2.3668],[146.1296,-41.159,0.0],[146.1254,-41.1649,52.6197],[146.1252,-41.1617,30.5015],[146.1232,-41.1607,11.4846],[146.1217,-41.1624,13.7045],[146.1223,-41.1592,7.6784],[146.1239,-41.1592,0.2933],[146.1208,-41.1557,8.5648],[146.1259,-41.1579,8.9353],[146.1317,-41.1573,0.0],[146.128,-41.1564,0.8134],[146.129,-41.1523,8.9651],[146.1294,-41.1549,0.0],[146.132,-41.1532,11.7328],[146.1308,-41.1553,0.0],[146.1363,-41.1563,11.5932],[146.1349,-41.1578,4.0882],[146.1361,-41.1585,2.4435],[146.1446,-41.1576,12.4688],[146.1476,-41.1611,3.4512],[146.1501,-41.1605,6.3677],[146.1523,-41.1623,0.0],[146.1552,-41.1576,1.1292],[146.1533,-41.1559,3.1385],[146.1543,-41.1544,10.2234],[146.1606,-41.1536,3.8041],[146.1632,-41.1567,0.7178],[146.1677,-41.1563,0.4514],[146.1654,-41.148,3.2033],[146.1673,-41.1468,0.0],[146.163,-41.1446,2.652],[146.161,-41.1412,0.0],[146.1482,-41.1411,0.0],[146.1428,-41.1399,2.3267],[146.1378,-41.1368,3.6557],[146.1288,-41.1353,8.3557],[146.1253,-41.1323,38.4333],[146.1278,-41.1252,0.0],[146.1198,-41.1217,16.2796],[146.1197,-41.118899999999996,0.0],[146.1155,-41.1209,1.4829],[146.1044,-41.1211,0.0],[146.1021,-41.1203,5.7699],[146.1012,-41.1179,0.0],[146.0773,-41.1156,4.0429],[146.0718,-41.1125,5.8424],[146.0691,-41.1092,5.7939],[146.0701,-41.108,0.8668],[146.0641,-41.1047,7.1662],[146.0643,-41.1027,0.0],[146.0553,-41.1012,0.0],[146.0511,-41.1026,0.0],[146.0466,-41.1019,2.4066],[146.0427,-41.0972,3.0149],[146.0327,-41.0965,7.6779],[146.0286,-41.0943,3.2185],[146.0289,-41.0924,0.0],[146.0211,-41.0922,1.9543],[146.0182,-41.09,5.1797],[146.0125,-41.0888,0.0],[146.0045,-41.0817,4.5685],[146.0035,-41.0789,1.081],[145.9858,-41.0741,0.0],[145.9871,-41.0772,8.5644],[145.9818,-41.0792,7.7354],[145.9785,-41.0786,8.3689],[145.9735,-41.0823,12.2574],[145.9738,-41.0877,12.6437],[145.9725,-41.0828,46.806399999999996],[145.9764,-41.0788,2.2274],[145.9761,-41.0772,15.5421],[145.9841,-41.0773,5.176],[145.9845,-41.0748,5.258],[145.9751,-41.071,28.6764],[145.9716,-41.0679,0.7939],[145.9725,-41.0663,0.7939],[145.9667,-41.0677,4.6823],[145.9647,-41.0652,4.2841],[145.958,-41.063,13.315],[145.9549,-41.0632,5.4167],[145.9534,-41.0651,14.1054],[145.944,-41.0653,4.7247],[145.9392,-41.0673,3.2482],[145.9249,-41.0662,0.0],[145.9256,-41.0688,1.672],[145.9223,-41.0707,5.6952],[145.9233,-41.0759,11.5604],[145.925,-41.0765,24.1578],[145.9233,-41.078,44.3528],[145.9247,-41.0765,24.1578],[145.923,-41.0759,11.5604],[145.9215,-41.0712,29.5938],[145.925,-41.0678,2.659],[145.9169,-41.0631,5.2758],[145.9174,-41.0615,0.7951],[145.9158,-41.0627,0.7951],[145.9126,-41.0606,4.4488],[145.9142,-41.0594,0.9072],[145.9129,-41.057,3.1232],[145.9152,-41.0573,0.5938],[145.9128,-41.0539,1.8495],[145.9093,-41.0539,3.9602],[145.9129,-41.0531,1.8495],[145.9102,-41.0502,2.7924],[145.9128,-41.0511,2.0029],[145.9149,-41.0499,0.0],[145.9031,-41.0483,6.0564],[145.899,-41.0438,0.8666],[145.8943,-41.0461,1.8082],[145.8924,-41.0448,6.9145],[145.8847,-41.0447,23.2612],[145.8828,-41.0424,0.0],[145.8795,-41.0424,1.3924],[145.8771,-41.0369,1.4253],[145.8703,-41.0401,3.7804],[145.8519,-41.0406,2.3863],[145.8416,-41.0385,2.7198],[145.8383,-41.0454,18.2367],[145.8355,-41.0456,7.7646],[145.8375,-41.048,54.287],[145.8336,-41.048,15.6438],[145.83,-41.0501,8.3743],[145.8329,-41.051,15.1612],[145.8338,-41.0529,8.8015],[145.8342,-41.051,24.4171],[145.8345,-41.051,24.4171],[145.8358,-41.0515,27.0248],[145.837,-41.0535,15.8774],[145.8345,-41.0511,24.4171],[145.8343,-41.0515,8.8015],[145.8349,-41.0525,8.8015],[145.8348,-41.0528,8.8015],[145.8343,-41.053,22.6238],[145.8337,-41.0529,8.8015],[145.8331,-41.0523,18.711],[145.8328,-41.0511,15.1612],[145.8305,-41.0507,8.3743],[145.8298,-41.05,8.3743],[145.8313,-41.0487,14.6208],[145.8343,-41.0475,23.0598],[145.8371,-41.0478,7.5613],[145.8348,-41.0458,46.2803],[145.8382,-41.044,0.8955],[145.8389,-41.0389,1.1844],[145.8275,-41.0361,0.0],[145.8252,-41.0339,0.4852],[145.8187,-41.0336,3.9784],[145.8071,-41.0295,1.3034],[145.8066,-41.0266,0.7958],[145.8008,-41.0261,0.0],[145.7903,-41.0176,0.0],[145.7851,-41.0158,0.6835],[145.7859,-41.0123,3.603],[145.7816,-41.0111,5.8791],[145.7808,-41.0064,2.858],[145.7737,-41.0027,0.0],[145.7685,-40.9969,0.8314],[145.7612,-40.997,3.4288],[145.7576,-40.9936,0.0],[145.7437,-40.9904,2.6213],[145.7387,-40.9874,0.0],[145.731,-40.9878,0.25],[145.7236,-40.9807,1.9199],[145.7205,-40.9804,8.4292],[145.7209,-40.9793,5.663],[145.7163,-40.9816,14.1437],[145.7087,-40.9815,10.5543],[145.709,-40.9827,10.5543],[145.7033,-40.977,12.2332],[145.7026,-40.9731,4.8451],[145.7,-40.9745,4.9589],[145.6965,-40.9747,13.6333],[145.6969,-40.9744,11.721],[145.6999,-40.9743,4.9589],[145.7015,-40.9731,4.9589],[145.7029,-40.973,4.8451],[145.7041,-40.9775,24.3786],[145.706,-40.9784,18.4089],[145.7075,-40.9806,15.0001],[145.715,-40.9808,6.5224],[145.7209,-40.9785,5.663],[145.7303,-40.9834,0.5],[145.7321,-40.9864,0.25],[145.7367,-40.9869,0.4627],[145.7404,-40.9854,0.0],[145.7303,-40.9795,28.6869],[145.7295,-40.975,30.0616],[145.7246,-40.9689,0.0],[145.7264,-40.9619,0.0],[145.7331,-40.9563,0.0],[145.7326,-40.948,0.0],[145.7293,-40.9449,60.8076],[145.7225,-40.9435,24.3583],[145.7144,-40.9463,61.8942],[145.7098,-40.9432,41.9109],[145.7015,-40.9412,0.0],[145.695,-40.9402,9.1531],[145.69,-40.9412,2.0153],[145.6801,-40.9381,26.0656],[145.6766,-40.94,40.7939],[145.6625,-40.9383,6.3412],[145.6605,-40.9399,28.4308],[145.6537,-40.9403,13.7319],[145.6359,-40.9331,1.8279],[145.6262,-40.9337,6.8267],[145.6218,-40.9321,5.9024],[145.6181,-40.9284,1.5818],[145.6182,-40.9269,1.2538],[145.6207,-40.9258,0.8242],[145.6197,-40.9253,0.8242],[145.617,-40.9273,8.8587],[145.616,-40.9272,8.8587],[145.6134,-40.925,4.7691],[145.6098,-40.9271,15.2203],[145.6073,-40.9249,0.0],[145.6024,-40.9261,2.6289],[145.5952,-40.924,19.021],[145.5927,-40.9223,4.5561],[145.5934,-40.9211,0.0],[145.5877,-40.9184,46.0323],[145.588,-40.9159,3.1533],[145.5844,-40.9155,9.4403],[145.5839,-40.9138,0.8772],[145.5605,-40.9168,7.3312],[145.5461,-40.9091,4.1574],[145.545,-40.9064,9.1849],[145.5484,-40.9034,0.0],[145.5398,-40.9009,0.0],[145.5351,-40.8945,1.9693],[145.5377,-40.8915,0.0],[145.5315,-40.8931,10.2138],[145.5223,-40.8876,2.0457],[145.5193,-40.8828,17.0364],[145.5233,-40.8801,0.0],[145.5196,-40.8801,29.8699],[145.5185,-40.8787,3.2912],[145.5196,-40.8775,28.7066],[145.5227,-40.877,0.0],[145.5186,-40.8728,3.8907],[145.5214,-40.8718,0.0],[145.5168,-40.872,7.03],[145.513,-40.8663,0.0],[145.5101,-40.8648,44.2981],[145.5106,-40.8615,0.0],[145.5133,-40.8611,0.0],[145.5128,-40.8589,13.4266],[145.5171,-40.8582,0.0],[145.5117,-40.8567,13.4475],[145.5103,-40.855,0.0],[145.5116,-40.8536,0.0],[145.5026,-40.8517,4.9474],[145.5005,-40.8553,0.0],[145.5022,-40.8567,13.2757],[145.4997,-40.8593,0.0],[145.4957,-40.8598,2.5343],[145.4888,-40.8665,7.5877],[145.4828,-40.8671,0.0],[145.4816,-40.8688,3.8984],[145.4537,-40.8712,0.0],[145.4473,-40.874,0.7243],[145.4485,-40.8758,7.118],[145.4464,-40.878,3.93],[145.4476,-40.881,0.0],[145.446,-40.882,8.034],[145.4494,-40.8846,4.5565],[145.4479,-40.8853,1.0784],[145.448,-40.8873,0.0],[145.4422,-40.8891,0.9817],[145.4379,-40.8887,13.8601],[145.43619090909093,-40.8895,13.8601],[145.4362,-40.8895,13.8601],[145.4355,-40.8903,2.578],[145.4356,-40.8899,2.578],[145.43597179487179,-40.889602564102567,2.578],[145.4332,-40.8909,10.1799],[145.433,-40.893,9.2232],[145.4349,-40.893,10.7363],[145.433,-40.8932,9.2232],[145.4324,-40.8925,1.6498],[145.4324,-40.8922,1.6498],[145.4332,-40.8907,10.1799],[145.4374,-40.8884,13.8601],[145.4467,-40.8861,1.0784],[145.4451,-40.8819,8.034],[145.4464,-40.8808,11.8061],[145.4459,-40.8775,1.5418],[145.4434,-40.8769,3.453],[145.443,-40.8747,0.3293],[145.4435,-40.8735,3.4228],[145.4462,-40.8755,1.7615],[145.4446,-40.873,0.0],[145.4461,-40.8713,0.0],[145.4275,-40.8674,1.9865],[145.4201,-40.8642,0.0],[145.4196,-40.8617,3.9309],[145.4134,-40.861,5.5443],[145.4092,-40.8562,0.0],[145.4041,-40.8566,13.92],[145.4038,-40.855,0.6636],[145.399,-40.8563,1.6884],[145.399,-40.8591,4.3661],[145.3956,-40.8597,3.3493],[145.3954,-40.8633,18.1399],[145.3948,-40.8595,10.0418],[145.3982,-40.8588,4.3661],[145.3983,-40.8576,1.6884],[145.3895,-40.8536,0.0],[145.3891,-40.8511,0.0],[145.3919,-40.8497,0.0],[145.3848,-40.8508,1.0572],[145.3827,-40.8496,3.4235],[145.3746,-40.8515,12.645],[145.3725,-40.8502,0.9195],[145.3671,-40.8521,3.6682],[145.3439,-40.851,0.0],[145.328,-40.8448,3.268],[145.3156,-40.8377,0.0],[145.3137,-40.8403,0.0],[145.3154,-40.8456,0.9386],[145.3171,-40.8481,0.4379],[145.3215,-40.8497,2.6831],[145.317,-40.8485,0.4379],[145.3128,-40.8455,0.0],[145.3118,-40.8459,4.36],[145.3131,-40.8431,0.0],[145.3114,-40.8427,0.0],[145.3094,-40.8431,8.2915],[145.3112,-40.8461,4.36],[145.3099,-40.8469,3.5453],[145.3049,-40.8477,0.0],[145.3001,-40.8471,1.8619],[145.2993,-40.8492,4.1209],[145.2981,-40.8495,7.182],[145.2916,-40.8485,5.3943],[145.2878,-40.851,5.3571],[145.2916,-40.8483,5.3943],[145.2946,-40.8479,19.9936],[145.2982,-40.8484,7.182],[145.2991,-40.8465,1.8619],[145.3079,-40.8464,7.0759],[145.3082,-40.8409,12.3448],[145.3131,-40.837,0.0],[145.3129,-40.8352,0.0],[145.2978,-40.8168,5.3633],[145.2861,-40.7975,0.0],[145.2801,-40.7937,0.0],[145.2875,-40.8027,1.2489],[145.2936,-40.8269,0.904],[145.2926,-40.8262,0.6667],[145.2925,-40.8253,0.6667],[145.2881,-40.8245,0.0],[145.2845,-40.8268,0.8903],[145.2849,-40.8309,0.9906],[145.2807,-40.8299,2.2825],[145.2791,-40.8277,4.224],[145.2807,-40.8237,2.6691],[145.2848,-40.8205,0.0],[145.2827,-40.8205,3.6838],[145.2839,-40.8189,0.0],[145.2826,-40.8177,0.0],[145.2752,-40.8167,2.5833],[145.2731,-40.8134,1.4748],[145.2691,-40.8111,1.3164],[145.2663,-40.8003,0.0],[145.2676,-40.7996,0.0],[145.2661,-40.7979,0.0],[145.2672,-40.7962,2.6727],[145.2712,-40.801,0.6407],[145.2709,-40.7964,3.2421],[145.2719,-40.7967,2.0973],[145.2734,-40.7892,6.3231],[145.2889,-40.7663,0.0],[145.2938,-40.7638,1.9244],[145.2964,-40.7643,19.9935],[145.2969,-40.7672,0.4691],[145.3011,-40.7686,0.0],[145.303,-40.7677,27.0256],[145.3017,-40.7688,0.0],[145.3046,-40.768,0.0],[145.3054,-40.7674,12.8226],[145.3058,-40.7692,0.0],[145.3087,-40.7641,0.0],[145.3056,-40.7607,8.2454],[145.2975,-40.7586,7.5704],[145.2948,-40.7548,1.0269],[145.294,-40.7508,7.238],[145.2965,-40.7499,0.0],[145.2994,-40.7437,6.3625],[145.2968,-40.7427,1.1916],[145.296,-40.7387,2.9967],[145.2921,-40.7376,20.4938],[145.2915,-40.7359,0.0],[145.2821,-40.7386,3.2978],[145.2759,-40.7356,0.0],[145.269,-40.7279,2.9402],[145.2688,-40.721,0.485],[145.2649,-40.7193,2.6766],[145.2605,-40.7123,0.743],[145.2526,-40.7155,0.0],[145.2537,-40.718,2.7613],[145.2513,-40.7223,2.6155],[145.2535,-40.7258,4.5741],[145.2509,-40.73,0.3909],[145.2577,-40.7328,5.4862],[145.261,-40.7409,1.0705],[145.2609,-40.7455,0.0],[145.2685,-40.747,2.2298],[145.2694,-40.7584,0.0],[145.264,-40.7754,0.0],[145.2643,-40.7846,0.0],[145.2664,-40.7861,2.8827],[145.2669,-40.7894,2.4269],[145.2592,-40.7998,3.429],[145.259,-40.8058,1.3258],[145.2542,-40.8065,1.8914],[145.2414,-40.8137,4.5341],[145.2251,-40.8129,0.0],[145.2206,-40.8109,0.0],[145.2187,-40.8116,1.1675],[145.2185,-40.81,0.4781],[145.2161,-40.8109,0.2246],[145.2173,-40.8098,0.2246],[145.2194,-40.8097,0.4781],[145.2191,-40.809,1.6556],[145.2424,-40.8014,0.0],[145.2522,-40.7916,0.7635],[145.2599,-40.7912,0.7155],[145.2569,-40.7899,2.7101],[145.248,-40.7906,0.0],[145.2171,-40.8011,0.0],[145.1878,-40.8041,2.5651],[145.1522,-40.8029,0.0],[145.1392,-40.8008,1.0227],[145.1197,-40.795,3.2227],[145.1104,-40.7943,0.0],[145.1095,-40.7962,2.0209],[145.1128,-40.8014,0.0],[145.1191,-40.7997,0.0],[145.1341,-40.8029,9.0659],[145.1385,-40.805,2.5843],[145.141,-40.8111,2.0067],[145.1424,-40.8088,4.4898],[145.1454,-40.8083,0.5308],[145.1535,-40.8103,0.885],[145.1606,-40.8149,2.9153],[145.1609,-40.8181,0.583],[145.1632,-40.8177,1.8254],[145.1654,-40.8207,1.011],[145.1666,-40.8201,2.1537],[145.1658,-40.8209,1.011],[145.164,-40.8214,0.8074],[145.1645,-40.8229,0.8074],[145.1619,-40.8231,1.1593],[145.1639,-40.8254,3.0567],[145.1647,-40.8246,3.6323],[145.1646,-40.8253,3.6323],[145.164,-40.8256,3.0567],[145.1608,-40.8236,1.1593],[145.1611,-40.8219,0.1736],[145.1566,-40.8199,0.5785],[145.1554,-40.8223,5.2517],[145.1548,-40.8193,0.451],[145.1534,-40.82,9.5628],[145.1485,-40.8179,0.0],[145.1396,-40.8206,10.095],[145.1316,-40.8193,0.0],[145.1332,-40.8253,0.7059],[145.1277,-40.8316,9.2863],[145.1254,-40.8321,0.0],[145.1261,-40.8333,7.1009],[145.1234,-40.8348,4.979],[145.1224,-40.8385,1.538],[145.1197,-40.841,3.0424],[145.1151,-40.8417,3.3995],[145.1133,-40.8408,1.8569],[145.1094,-40.8433,7.284],[145.0983,-40.8433,3.2059],[145.0973,-40.8447,3.2907],[145.0963,-40.8451,4.7443],[145.0956,-40.8435,13.9332],[145.0929,-40.8452,6.392],[145.0908,-40.8436,14.9865],[145.0898,-40.8447,18.6702],[145.0882,-40.8455,14.4108],[145.0913,-40.8477,20.3912],[145.0879,-40.8457,14.4108],[145.088,-40.8452,14.4108],[145.0897,-40.8446,18.6702],[145.0904,-40.8435,15.9594],[145.0926,-40.8435,11.2863],[145.0931,-40.8449,6.392],[145.0954,-40.8432,13.9332],[145.0966,-40.8438,13.9332],[145.0965,-40.8449,4.7443],[145.098,-40.8429,8.6412],[145.1038,-40.843,4.1007],[145.1057,-40.8414,5.9934],[145.1091,-40.8429,2.2192],[145.1102,-40.8407,4.3506],[145.1135,-40.8397,1.8569],[145.1178,-40.841,1.8544],[145.1217,-40.8386,1.538],[145.1186,-40.829,0.5366],[145.1122,-40.8314,1.4129],[145.1136,-40.8282,1.1274],[145.1105,-40.8273,1.3284],[145.1138,-40.8245,0.8366],[145.113,-40.8225,1.2598],[145.1108,-40.8223,1.441],[145.1148,-40.8219,0.7316],[145.1085,-40.8144,0.0],[145.1037,-40.811,0.0],[145.1038,-40.8118,1.1601],[145.0967,-40.8145,0.5719],[145.0967,-40.8182,0.3658],[145.1016,-40.8209,2.2315],[145.0999,-40.8267,1.7706],[145.0936,-40.8216,1.2227],[145.0914,-40.8251,5.3566],[145.0885,-40.8233,4.8233],[145.086,-40.8245,9.2597],[145.0898,-40.8206,9.6256],[145.0908,-40.8157,0.0],[145.0877,-40.8156,1.7587],[145.0904,-40.813,1.7571],[145.0853,-40.8125,0.0],[145.0773,-40.8084,1.456],[145.0755,-40.8086,0.3159],[145.0747,-40.8116,2.865],[145.076,-40.8133,1.1357],[145.0747,-40.8154,4.0475],[145.0683,-40.8183,8.1111],[145.0682,-40.8174,4.3478],[145.0712,-40.8156,2.1095],[145.0701,-40.8094,0.0],[145.068,-40.8063,0.6372],[145.0636,-40.8075,2.2851],[145.0649,-40.8033,0.0],[145.0623,-40.8021,1.1122],[145.0625,-40.7996,0.9445],[145.0585,-40.7929,0.0],[145.0504,-40.7898,1.237],[145.0529,-40.7884,0.6625],[145.0527,-40.7869,1.5233],[145.0388,-40.7806,0.0],[145.0364,-40.7828,0.0],[145.0361,-40.7874,0.4193],[145.0304,-40.7855,0.3273],[145.0267,-40.7904,0.6236],[145.0276,-40.7914,1.3407],[145.0246,-40.7914,1.7573],[145.0226,-40.7882,1.3599],[145.0188,-40.7895,2.8297],[145.0178,-40.7873,4.6581],[145.022,-40.7842,0.269],[145.0236,-40.778,0.7111],[145.0183,-40.7801,1.44],[145.0156,-40.7794,1.4525],[145.0209,-40.7756,0.2364],[145.0242,-40.7706,0.6572],[145.0169,-40.7724,0.4308],[145.0145,-40.7761,1.4271],[145.0076,-40.7784,1.571],[145.008,-40.7731,1.8021],[145.0163,-40.7666,0.3422],[145.0102,-40.7667,1.4496],[145.0081,-40.7709,1.5947],[145.0071,-40.7685,0.9197],[145.005,-40.7681,1.2504],[145.0051,-40.7719,1.365],[145.0006,-40.7751,2.2787],[145.001,-40.7692,0.6832],[144.9968,-40.7663,1.6897],[145.0002,-40.7651,0.6314],[145.0017,-40.7622,4.4013],[144.9969,-40.7603,2.1064],[144.9953,-40.7554,0.2583],[144.9912,-40.7512,0.0],[144.9861,-40.7499,1.119],[144.9841,-40.7511,4.6642],[144.9857,-40.7489,0.1572],[144.9835,-40.7453,1.3796],[144.981,-40.7453,11.8047],[144.9796,-40.7435,1.2687],[144.9775,-40.7431,6.1821],[144.974,-40.7467,8.5177],[144.972,-40.7464,5.891],[144.9703,-40.7502,1.2391],[144.9674,-40.7518,2.1713],[144.9518,-40.7549,7.3129],[144.9469,-40.7541,1.665],[144.9465,-40.7568,7.8309],[144.9374,-40.7554,0.7033],[144.931,-40.7589,0.9123],[144.928,-40.7587,0.7191],[144.928,-40.7607,1.9815],[144.923,-40.7654,2.2571],[144.9248,-40.769,8.2144],[144.9275,-40.769,11.4047],[144.9287,-40.7673,4.1045],[144.9299,-40.7679,4.1045],[144.9314,-40.771,4.9483],[144.9291,-40.7754,11.45],[144.9285,-40.7747,11.45],[144.9309,-40.7708,4.9483],[144.9294,-40.7679,4.1045],[144.9273,-40.7693,11.4047],[144.9241,-40.7692,8.2144],[144.9214,-40.764,0.7615],[144.9201,-40.7645,0.7615],[144.9203,-40.7605,0.4742],[144.9158,-40.7619,0.6801],[144.9188,-40.7592,1.1784],[144.9182,-40.7554,0.2405],[144.9078,-40.7508,0.0],[144.8813,-40.7496,5.8849],[144.8709,-40.7472,6.8333],[144.8683,-40.7446,5.7569],[144.8615,-40.7445,3.7244],[144.8572,-40.7404,1.2158],[144.8489,-40.7388,2.1473],[144.8402,-40.7435,0.3406],[144.84,-40.7445,0.3406],[144.84168333333335,-40.747193333333335,0.8248],[144.8417,-40.7472,0.8248],[144.84175,-40.7473,0.8248],[144.8435,-40.7501,3.0589],[144.8423,-40.7533,9.1668],[144.8429,-40.7501,3.0589],[144.8421,-40.7498,3.0589],[144.8405,-40.7466,1.1892],[144.8385,-40.7451,0.4391],[144.8362,-40.7465,4.2334],[144.8418,-40.7353,0.2405],[144.8389,-40.7214,3.7803],[144.8365,-40.7187,0.0],[144.8329,-40.7176,0.0],[144.8215,-40.7197,3.1662],[144.8123,-40.724,0.0],[144.8113,-40.7267,1.5185],[144.8099,-40.7263,3.1398],[144.8106,-40.7273,1.5185],[144.8074,-40.724,2.4349],[144.8086,-40.7189,0.5908],[144.8047,-40.7137,0.0],[144.7855,-40.7085,1.9344],[144.7807,-40.7099,1.8435],[144.7784,-40.7133,5.1626],[144.7798,-40.7292,4.176],[144.7748,-40.7371,0.0],[144.7683,-40.7396,6.1641],[144.7669,-40.7407,0.7184],[144.7671,-40.7428,4.6772],[144.766,-40.7436,5.0673],[144.7653,-40.743,1.2638],[144.7667,-40.743,5.0673],[144.7665,-40.7407,0.7184],[144.7657,-40.7398,0.7184],[144.7654,-40.7385,0.1917],[144.7687,-40.7383,0.1809],[144.7684,-40.733,0.343],[144.7705,-40.729,0.6523],[144.7662,-40.7197,0.0],[144.7717,-40.7092,0.0],[144.7718,-40.7059,0.0],[144.7679,-40.6998,0.0],[144.7644,-40.6979,0.0],[144.7581,-40.6995,0.0],[144.7528,-40.6962,0.6895],[144.7455,-40.6942,0.0],[144.7449,-40.6962,7.9678],[144.7482,-40.698,3.7378999999999998],[144.7435,-40.6975,0.7558],[144.7407,-40.696,0.0],[144.7407,-40.6932,0.0],[144.7363,-40.6901,5.4969],[144.7347,-40.6851,0.0],[144.7381,-40.6822,0.8364],[144.7404,-40.6835,3.6039],[144.7389,-40.685,2.3666],[144.7421,-40.6872,0.441],[144.7488,-40.6895,3.5882],[144.7406,-40.6723,4.9388],[144.7416,-40.671,0.0],[144.7327,-40.6628,0.0],[144.7281,-40.6561,5.6548],[144.7271,-40.6488,3.3441],[144.7284,-40.646,0.0],[144.7264,-40.6415,0.8432],[144.7218,-40.6434,0.0],[144.7144,-40.6563,11.4052],[144.7085,-40.6588,3.8968],[144.7028,-40.6573,0.3688],[144.7025,-40.6605,2.7549],[144.6924,-40.6634,1.0339],[144.6932,-40.665,8.1633],[144.6901,-40.6673,5.1734],[144.6916,-40.6692,14.4792],[144.6862,-40.6721,1.3431],[144.6847,-40.6747,0.4462],[144.6879,-40.6757,40.9093],[144.6848,-40.6788,0.0],[144.6879,-40.6797,73.4447],[144.6878,-40.6821,69.7761],[144.6863,-40.682,0.0],[144.6897,-40.6844,52.218],[144.6944,-40.6844,29.7526],[144.6967,-40.6865,4.3067],[144.6977,-40.6896,39.459],[144.6952,-40.6929,0.0],[144.6968,-40.6944,16.1059],[144.6928,-40.697,14.7837],[144.6889,-40.6974,2.2827],[144.69,-40.6995,35.1038],[144.6884,-40.7017,4.8152],[144.6902,-40.7031,25.8301],[144.6838,-40.705,6.1458],[144.6878,-40.7102,32.2951],[144.6795,-40.7107,1.4977],[144.6806,-40.7126,7.6128],[144.6784,-40.717,0.0],[144.6824,-40.7191,23.8094],[144.6829,-40.7221,5.4401],[144.6812,-40.7238,4.4735],[144.6863,-40.726,8.9745],[144.6842,-40.7353,0.0],[144.6859,-40.7364,53.1391],[144.6845,-40.7415,0.0],[144.6866,-40.7477,0.0],[144.6921,-40.7523,37.5128],[144.6913,-40.7551,3.5088],[144.7002,-40.7503,5.0389],[144.7048,-40.7515,0.0],[144.7086,-40.7548,4.0236],[144.7102,-40.7614,5.0208],[144.7096,-40.7716,0.0],[144.7064,-40.7775,11.0919],[144.6995,-40.7806,2.0911],[144.6996,-40.782,6.7901],[144.6974,-40.7832,0.1254],[144.6989,-40.7832,1.9118],[144.6977,-40.7838,1.9118],[144.701,-40.7862,5.6921],[144.7013,-40.7874,0.2378],[144.7037,-40.7879,7.4303],[144.7025,-40.7902,0.2988],[144.7044,-40.7911,6.1028],[144.7036,-40.7929,6.0065],[144.7055,-40.7929,6.0065],[144.706,-40.7959,9.8118],[144.7022,-40.7975,0.0],[144.7027,-40.801,1.7071],[144.7017,-40.8013,8.7714],[144.7013,-40.8,0.5132],[144.6997,-40.8015,0.0],[144.701,-40.8014,0.0],[144.7028,-40.8046,4.5671],[144.6983,-40.806,0.4961],[144.6989,-40.8085,5.2137],[144.6975,-40.8077,3.9503],[144.6972,-40.8091,2.7969],[144.6978,-40.8117,0.0],[144.7,-40.8114,1.1137],[144.7029,-40.8139,3.3729],[144.7034,-40.8194,0.0],[144.7013,-40.8206,0.0],[144.7009,-40.825,0.5749],[144.7071,-40.83,2.9037],[144.7067,-40.8316,0.3236],[144.71,-40.832,5.58],[144.713,-40.8355,1.686],[144.7132,-40.8533,0.0],[144.7116,-40.8583,1.2355],[144.7088,-40.8607,1.6723],[144.7052,-40.8618,11.912],[144.701,-40.8604,0.511],[144.6988,-40.8623,1.9741],[144.7064,-40.8671,8.5519],[144.7056,-40.8719,2.1352],[144.6986,-40.8885,8.9244],[144.6858,-40.9056,1.7434],[144.677,-40.9098,14.3889],[144.6582,-40.9042,5.8505],[144.6578,-40.9026,0.9301],[144.6556,-40.9027,1.8003],[144.652,-40.8998,5.7963],[144.6492,-40.9001,0.7572],[144.6512,-40.9016,0.9319],[144.6515,-40.9046,0.0],[144.6565,-40.9074,8.6789],[144.6569,-40.9102,5.7879],[144.6558,-40.9139,3.2302],[144.6543,-40.9147,13.1822],[144.6517,-40.9146,0.0],[144.6506,-40.9172,3.6355],[144.6491,-40.9165,0.0],[144.6489,-40.9201,11.4545],[144.6422,-40.9203,5.9945],[144.6398,-40.9185,1.7059],[144.6375,-40.9209,0.5853],[144.6354,-40.9212,0.0881],[144.633,-40.9205,0.1365],[144.632,-40.9238,3.7584],[144.6284,-40.925,0.7417],[144.6299,-40.9266,4.585],[144.6281,-40.9271,1.6957],[144.6267,-40.9288,0.2704],[144.6299,-40.9296,6.5946],[144.6295,-40.9311,0.4482],[144.626,-40.9333,5.9933],[144.6209,-40.9332,0.0],[144.6207,-40.935,4.1699],[144.6184,-40.9332,0.2423],[144.6148,-40.9359,0.2549],[144.6117,-40.9357,0.5051],[144.6139,-40.9361,0.2549],[144.6122,-40.938,0.0],[144.6142,-40.9384,1.4469],[144.6152,-40.9386,5.1789],[144.6126,-40.9396,0.0],[144.6139,-40.9411,3.2934],[144.6123,-40.9423,0.3174],[144.6138,-40.9438,4.7276],[144.6123,-40.9447,0.2176],[144.6223,-40.9449,0.0],[144.624,-40.9474,1.1355],[144.6219,-40.9503,0.4788],[144.6271,-40.9505,3.8873],[144.6263,-40.9522,0.0],[144.6281,-40.9523,3.0228],[144.6296,-40.955,3.2328],[144.6307,-40.9527,6.6846],[144.6301,-40.9567,1.3105],[144.6326,-40.9589,1.1607],[144.6344,-40.9674,12.5195],[144.629,-40.9803,0.9097],[144.6331,-40.9843,2.2683],[144.6318,-40.9897,1.0954],[144.6328,-40.9941,0.0],[144.6306,-41.0006,2.0183],[144.6262,-41.0022,2.1043],[144.6258,-41.005,7.6087],[144.6239,-41.0061,0.9011],[144.6204,-41.0063,1.723],[144.6159,-41.0092,1.16],[144.6091,-41.0064,3.4449],[144.6073,-41.0088,0.5817],[144.6125,-41.0124,1.5355],[144.6148,-41.0121,2.0699],[144.6154,-41.0135,5.5273],[144.6134,-41.0149,1.156],[144.6169,-41.0164,0.2334],[144.6161,-41.0178,0.2334],[144.6185,-41.0221,1.5357],[144.6241,-41.024,4.679],[144.629,-41.0285,1.8371],[144.6292,-41.0306,0.3827],[144.6323,-41.0327,4.1676],[144.6333,-41.0342,0.0],[144.6321,-41.0388,1.1529],[144.6362,-41.0396,6.1332],[144.6365,-41.0412,6.1332],[144.6398,-41.0419,8.4657],[144.6389,-41.0456,1.547],[144.647,-41.0455,10.5118],[144.6523,-41.0469,7.6468],[144.6557,-41.0512,4.7358],[144.6598,-41.0533,0.0],[144.6707,-41.0479,22.56],[144.6774,-41.0502,1.8129],[144.6799,-41.0496,7.0678],[144.6816,-41.0446,0.0],[144.6787,-41.0401,67.0432],[144.6825,-41.0374,17.8712],[144.6862,-41.0384,6.0337],[144.6956,-41.0478,37.7812],[144.7009,-41.046,39.3773],[144.7057,-41.0493,25.4665],[144.7114,-41.0485,11.8691],[144.7155,-41.0504,9.4496],[144.7206,-41.0484,12.0373],[144.7238,-41.054,20.6618],[144.7276,-41.0544,42.5239],[144.7302,-41.052,31.7533],[144.7377,-41.055,15.1182],[144.7457,-41.0556,21.8141],[144.7532,-41.0612,41.3408],[144.7609,-41.0637,17.5764],[144.7649,-41.0687,21.5086],[144.7701,-41.0685,35.9338],[144.7703,-41.0704,39.1883],[144.7668,-41.0723,12.5394],[144.7723,-41.0745,18.0458],[144.7742,-41.0696,24.2158],[144.7795,-41.0708,18.7291],[144.78,-41.0684428571429,16.2126],[144.78,-41.0684,16.2126],[144.7800075,-41.0684075,16.2126],[144.7802,-41.0675,16.1058],[144.7824,-41.0655,31.9298],[144.7894,-41.0692,17.8539],[144.7912,-41.0687,21.4992],[144.7901,-41.0616,22.4796],[144.7949,-41.0588,40.2226],[144.7926,-41.0552,20.581],[144.7939,-41.054,26.4605],[144.7965,-41.0543,52.5126],[144.7977,-41.0556,16.6217],[144.8006,-41.0619,49.3183],[144.8011,-41.064,40.3729],[144.7982,-41.0662,60.4882],[144.7963,-41.0721,36.4079],[144.7955,-41.08,31.5322],[144.7912,-41.0863,35.0409],[144.7932,-41.0885,26.8397],[144.7941,-41.0875,47.1666],[144.7957,-41.0875,44.791],[144.7991,-41.0895,32.6654],[144.7949,-41.0878,44.791],[144.7929,-41.089,26.8397],[144.7907,-41.0868,35.0409],[144.7923,-41.0821,28.2837],[144.7949,-41.0802,31.5322],[144.7947,-41.0767,29.4442],[144.7975,-41.0667,28.0139],[144.7982,-41.0658,60.4882],[144.8008,-41.0638,40.3729],[144.7983,-41.0572,19.6941],[144.7953,-41.0543,36.7648],[144.7932,-41.0554,20.581],[144.7952,-41.0579,42.3702],[144.7951,-41.0592,40.2226],[144.7906,-41.0614,22.4796],[144.7917,-41.0643,29.2365],[144.7915,-41.0689,21.4992],[144.7895,-41.0696,68.8793],[144.7824,-41.0658,31.9298],[144.7798,-41.0713,79.851],[144.7745,-41.0703,24.2158],[144.7734,-41.0744,18.0458],[144.7712,-41.0758,47.2325],[144.7714,-41.078,47.9638],[144.7762,-41.0804,31.9626],[144.779,-41.0782,31.581],[144.7805,-41.0784,27.7176],[144.7813,-41.0799,26.3094],[144.7809,-41.081,26.3094],[144.7782,-41.0831,57.541],[144.7752,-41.0843,38.625],[144.7804,-41.081,26.3094],[144.7801,-41.0786,27.7176],[144.7767,-41.0808,31.9626],[144.7744,-41.0802,34.365],[144.7717,-41.0789,28.9429],[144.7707,-41.0768,26.432],[144.7713,-41.0744,9.7274],[144.766,-41.0728,12.5394],[144.7666,-41.0713,12.5394],[144.7694,-41.0702,21.0551],[144.7696,-41.0688,35.9338],[144.7648,-41.0692,21.5086],[144.7599,-41.0639,17.5764],[144.7532,-41.0618,16.8397],[144.7461,-41.056399999999996,42.3317],[144.7374,-41.0555,15.1182],[144.7298,-41.0526,31.7533],[144.7283,-41.055,33.6649],[144.7245,-41.0549,34.5118],[144.7221,-41.0536,49.1973],[144.7192,-41.0492,11.6552],[144.7149,-41.051,9.4496],[144.7111,-41.0491,11.8691],[144.7063,-41.0501,15.5122],[144.7009,-41.0469,8.198],[144.6953,-41.0485,27.9017],[144.684,-41.0385,17.736],[144.6812,-41.0385,13.516],[144.68,-41.0406,5.5312],[144.6828,-41.0451,0.0],[144.6812,-41.0502,40.2395],[144.6769,-41.0514,36.515],[144.6709,-41.0492,5.7933],[144.6631,-41.0541,3.9668],[144.6615,-41.0571,11.11],[144.6594,-41.0574,0.0],[144.672,-41.0784,2.2673],[144.6742,-41.0807,10.4837],[144.6779,-41.0798,13.3433],[144.6744,-41.081,10.4837],[144.6731,-41.0804,10.4837],[144.6773,-41.0977,5.3222],[144.6764,-41.102,0.5963],[144.6778,-41.1035,6.5616],[144.6753,-41.1066,7.3547],[144.6732,-41.1172,5.4749],[144.6765,-41.117,5.7564],[144.6741,-41.1181,7.8464],[144.6702,-41.1172,1.202],[144.67,-41.1188,7.0259],[144.6646,-41.1206,1.1736],[144.6652,-41.1214,0.0],[144.6679,-41.1219,1.3983],[144.6669,-41.1246,0.2965],[144.6684,-41.1251,0.2965],[144.6715,-41.1283,4.5231],[144.6716,-41.1321,5.6976],[144.6697,-41.1332,1.149],[144.6714,-41.1387,6.8793],[144.6805,-41.1393,8.777],[144.6831,-41.1325,7.2612],[144.6822,-41.1381,18.8447],[144.6786,-41.1407,0.3036],[144.6799,-41.1448,11.6423],[144.6784,-41.1467,0.0],[144.6803,-41.1469,8.5527],[144.6779,-41.1557,3.6599],[144.675,-41.1564,2.5738],[144.676,-41.1587,2.9938],[144.6726,-41.1593,0.5067],[144.6739,-41.1603,6.9676],[144.6731,-41.1622,6.0549],[144.6779,-41.1674,0.2544],[144.676,-41.1699,0.5676],[144.6814,-41.1735,2.5261],[144.6814,-41.1735,2.5261],[144.6814,-41.1735,2.5261],[144.682,-41.1739,2.5261],[144.6803,-41.1794,1.1924],[144.6821,-41.1828,1.8637],[144.6864,-41.1831,0.0],[144.6927,-41.189,9.1513],[144.6923,-41.1892,9.1513],[144.6917,-41.1891,9.1513],[144.6909,-41.1883,5.6856],[144.6903,-41.1885,5.6856],[144.6901,-41.1934,7.1044],[144.6909,-41.1973,0.0],[144.6949,-41.2,1.1178],[144.6946,-41.2059,1.7474],[144.69,-41.2109,5.5567],[144.6909,-41.2179,1.8606],[144.6868,-41.22,0.0],[144.6859,-41.2232,0.0],[144.6859,-41.2296,0.0],[144.6892,-41.2297,2.7011],[144.6907,-41.2316,4.3597],[144.6835,-41.2348,0.5659],[144.6878,-41.2392,6.2164],[144.686,-41.2407,0.2485],[144.6867,-41.2432,0.0],[144.6892,-41.2454,2.9492],[144.6924,-41.245,1.7594],[144.6941,-41.2484,0.431],[144.697,-41.2497,4.7779],[144.6971,-41.2529,2.5831],[144.6987,-41.2541,6.3381],[144.7058,-41.2547,14.3568],[144.7048,-41.2558,5.6659],[144.7068,-41.2566,6.7227],[144.7092,-41.2613,1.1796],[144.7103,-41.2724,4.6798],[144.7135,-41.2738,2.0268],[144.715,-41.278,8.5138],[144.716,-41.2776,9.7029],[144.7141,-41.2797,13.1194],[144.7118,-41.2801,0.0],[144.7113,-41.2821,0.0],[144.714,-41.2826,20.8528],[144.7151,-41.2857,1.646],[144.7171,-41.2845,10.6155],[144.7212,-41.2869,0.5756],[144.7226,-41.2851,7.4362],[144.7226,-41.2866,11.2379],[144.7192,-41.2883,0.5954],[144.7207,-41.2943,1.8686],[144.7173,-41.2957,0.1827],[144.7191,-41.2972,2.7673],[144.7197,-41.3014,0.0],[144.7252,-41.3016,2.7448],[144.7255,-41.3046,0.0],[144.7284,-41.3043,7.6081],[144.7327,-41.3071,0.8124],[144.7339,-41.306399999999996,0.8124],[144.7343,-41.3086,0.1222],[144.736,-41.3086,1.0116],[144.7371,-41.3092,4.7546],[144.7367,-41.3101,0.5342],[144.7408,-41.3108,8.4016],[144.742,-41.3117,5.3484],[144.7392,-41.3126,3.2644],[144.7375,-41.3167,4.1484],[144.7342,-41.3182,0.4253],[144.7399,-41.3221,2.5102],[144.7381,-41.3255,0.0],[144.7424,-41.3273,2.3055],[144.7419,-41.3297,0.5592],[144.7459,-41.3306,3.6044],[144.7508,-41.3348,0.2534],[144.7543,-41.3357,3.07],[144.759,-41.3405,0.3184],[144.76,-41.3397,2.8394],[144.7658,-41.3424,16.3586],[144.7666,-41.3413,16.3586],[144.768,-41.3407,21.207],[144.7702,-41.3415,20.7298],[144.7695,-41.3415,20.7298],[144.7681,-41.3409,21.207],[144.7669,-41.3415,16.3586],[144.7664,-41.3425,16.3586],[144.7658,-41.3426,16.3586],[144.7595,-41.3412,2.8394],[144.7692,-41.3487,2.8206],[144.7685,-41.3499,2.3235],[144.7654,-41.3471,2.6654],[144.7737,-41.3591,2.5443],[144.7778,-41.3698,1.8251],[144.7807,-41.3672,2.7509],[144.7813,-41.3673,2.7509],[144.7808,-41.3673,2.7509],[144.781,-41.3678,2.7509],[144.7794,-41.3693,2.0443],[144.7798,-41.3719,5.2407],[144.7781,-41.3707,1.8251],[144.781,-41.3797,0.0],[144.7819,-41.397,0.9658],[144.7828,-41.3949,0.8498],[144.785,-41.3938,2.7182],[144.7882,-41.3939,11.7097],[144.7899,-41.3951,6.0826],[144.7868,-41.3939,3.4457],[144.7832,-41.3948,0.8498],[144.7788,-41.404,0.3259],[144.7763,-41.4071,1.3973],[144.7679,-41.4129,0.4951],[144.7588,-41.4136,2.2776],[144.7565,-41.4098,0.2186],[144.7535,-41.4148,5.7281],[144.751,-41.4145,0.0],[144.7525,-41.4168,3.0972],[144.7478,-41.4184,0.0],[144.7495,-41.4203,8.2887],[144.7459,-41.4194,0.0],[144.7459,-41.4215,0.0],[144.7504,-41.4228,7.4172],[144.7548,-41.4261,1.9535],[144.7586,-41.4258,8.101],[144.7599,-41.4289,4.6243],[144.7648,-41.43,0.0],[144.7639,-41.4338,1.4349],[144.7737,-41.4361,5.13],[144.7853,-41.4457,5.0448],[144.7885,-41.4513,1.6064],[144.7897,-41.4506,1.5217],[144.7891,-41.4533,0.0],[144.792,-41.4551,0.0],[144.7942,-41.4595,10.8972],[144.7925,-41.4631,0.2544],[144.7947,-41.463,3.7669],[144.7982,-41.4668,0.9509],[144.7974,-41.4677,0.9509],[144.7986,-41.4683,2.7806],[144.7991,-41.4697,0.1818],[144.8006,-41.468,3.0345],[144.8044,-41.4683,3.808],[144.8024,-41.4701,3.9707],[144.8,-41.4696,0.1818],[144.8085,-41.4787,0.0],[144.8106,-41.4795,2.8025],[144.8128,-41.4773,6.1181],[144.8123,-41.4826,3.29],[144.81,-41.4803,0.0],[144.8114,-41.4847,2.1404],[144.8141,-41.489,3.4186],[144.8136,-41.4899,1.3278],[144.8141,-41.491,1.3278],[144.8157,-41.4908,6.2205],[144.8149,-41.4925,3.3622],[144.816,-41.4922,3.3622],[144.8185,-41.4935,1.4686],[144.8195,-41.4952,8.7046],[144.819,-41.4971,1.7166],[144.8224,-41.4964,4.4164],[144.8202,-41.4994,1.1573],[144.8213,-41.5008,7.8637],[144.8258,-41.502,2.0953],[144.8319,-41.5079,3.4187],[144.8342,-41.5083,1.511],[144.8357,-41.5055,6.4363],[144.8382,-41.5066,19.037],[144.8395,-41.5055,9.0878],[144.8386,-41.5068,19.037],[144.8354,-41.5068,12.2235],[144.8349,-41.51,0.8195],[144.832,-41.5086,0.3814],[144.8377,-41.514,4.8445],[144.8505,-41.5342,0.374],[144.8597,-41.5448,0.5067],[144.8596,-41.5466,0.0],[144.876,-41.5688,0.7548],[144.8757,-41.5698,0.0],[144.8802,-41.5754,0.0],[144.8842,-41.582,1.9141],[144.884,-41.5828,1.9141],[144.8883,-41.5832,10.584],[144.887,-41.5841,10.584],[144.8847,-41.5838,1.7747],[144.8851,-41.5863,2.1562],[144.8866,-41.5863,2.1562],[144.8853,-41.5883,0.8188],[144.8891,-41.5898,16.7492],[144.8882,-41.5913,0.0],[144.8896,-41.5923,13.7918],[144.8899,-41.5938,12.2664],[144.8891,-41.5947,4.7296],[144.8914,-41.5959,16.9746],[144.8899,-41.5973,1.3233],[144.8916,-41.598,10.6809],[144.8912,-41.6011,6.0721],[144.8917,-41.6013,1.8085],[144.8921,-41.6,6.0721],[144.8924,-41.6009,6.0721],[144.8921,-41.6022,1.8085],[144.8938,-41.6023,7.0979],[144.89549444444444,-41.60670555555555,2.9947],[144.8955,-41.6067,2.9947],[144.8955,-41.60672,2.9947],[144.8958,-41.6075,2.9947],[144.8975,-41.6083,14.951],[144.8978,-41.6118,6.2962],[144.8999,-41.6123,12.9133],[144.8983,-41.6134,2.5211],[144.9018,-41.6164,8.9007],[144.9007,-41.6205,1.217],[144.9032,-41.6217,7.5349],[144.9048,-41.6242,2.4185],[144.9037,-41.6263,2.2354],[144.9048,-41.6267,2.2354],[144.9033,-41.6276,2.2354],[144.9059,-41.6288,11.3924],[144.9044,-41.6295,0.231],[144.9045,-41.6318,6.2532],[144.9017,-41.632,1.7137],[144.9031,-41.6338,1.2432],[144.8994,-41.6374,6.6071],[144.9007,-41.6381,11.5347],[144.8971,-41.6395,7.7583],[144.9003,-41.6408,4.9943],[144.9022,-41.6395,13.4315],[144.9067,-41.642,7.6007],[144.9044,-41.6477,0.435],[144.9051,-41.6501,0.0],[144.9087,-41.651,8.6095],[144.908,-41.6562,4.7281],[144.913,-41.6585,1.9136],[144.915,-41.6623,0.4404],[144.9174,-41.662,4.3295],[144.9157,-41.6641,4.5049],[144.917,-41.6641,4.5049],[144.9177,-41.6655,5.2712],[144.9192,-41.6655,5.2712],[144.9182,-41.6676,1.1033],[144.9209,-41.6676,4.4517],[144.9235,-41.6637,12.2499],[144.9275,-41.6623,4.1871],[144.935,-41.6536,5.8388],[144.9547,-41.6468,0.0],[144.9615,-41.638,0.0],[144.9711,-41.633,8.9749],[144.9747,-41.6287,25.9942],[144.9835,-41.6263,0.5],[144.9931,-41.6263,1.0],[144.9985,-41.6194,1.5],[145.0044,-41.6166,1.5],[145.0341,-41.6167,6.9406],[145.0419,-41.6108,35.5771],[145.0449,-41.6104,15.7786],[145.0461,-41.6059,96.7932],[145.04687522123893,-41.605835398230091,96.7932],[145.0469,-41.6058,96.7932],[145.04688620689654,-41.605834482758624,96.7932],[145.0473,-41.6058,40.4365],[145.0509,-41.6078,31.8179],[145.051,-41.6061,51.5111],[145.0481,-41.6048,40.4365],[145.0506,-41.6013,59.9385],[145.0484,-41.6047,40.4365],[145.0513,-41.6062,51.5111],[145.0514,-41.607,59.7811],[145.0511,-41.608,94.4891],[145.0506,-41.6082,94.4891],[145.0495,-41.6078,31.8179],[145.0471,-41.6061,96.7932],[145.0463,-41.6092,27.1257],[145.0449,-41.6108,15.7786],[145.0419,-41.6111,35.5771],[145.0391,-41.6139,57.8238],[145.0349,-41.6171,5.1462],[145.0506,-41.6236,9.3986],[145.0528,-41.6292,1.5],[145.0563,-41.6267,1.5],[145.0607,-41.627,4.9817],[145.0683,-41.6365,24.571],[145.0685,-41.6342,28.3797],[145.0752,-41.6338,17.9931],[145.0785,-41.6294,17.6341],[145.0786,-41.6253,16.6322],[145.0806,-41.6263,18.8021],[145.0789,-41.6256,16.6322],[145.079,-41.6291,17.6341],[145.0754,-41.6339,17.9931],[145.0705,-41.6353,17.3578],[145.0685,-41.6346,14.3136],[145.0694,-41.6364,24.571],[145.0675,-41.6369,1.5],[145.0627,-41.6448,1.5],[145.0656,-41.649,6.5703],[145.0778,-41.6516,1.5],[145.0822,-41.6562,4.2983],[145.0909,-41.6536,4.3772],[145.0914,-41.6518,15.5019],[145.0902,-41.6513,23.7124],[145.0898,-41.6506,29.2101],[145.0921,-41.6491,26.6237],[145.0964,-41.6494,26.1401],[145.1041,-41.6437,24.1006],[145.0971,-41.6495,21.3292],[145.0953,-41.6498,46.0823],[145.0922,-41.6494,26.6237],[145.0904,-41.6511,29.2101],[145.0916,-41.6516,15.5019],[145.0914,-41.6534,4.3772],[145.0977,-41.6526,38.5485],[145.1037,-41.6546,4.8365],[145.1038,-41.6559,4.8365],[145.0947,-41.6533,11.0759],[145.0812,-41.6571,20.8455],[145.0767,-41.6524,1.5],[145.0667,-41.6512,5.0022],[145.0621,-41.648,10.6207],[145.0614,-41.6433,15.6867],[145.066,-41.6364,1.5],[145.059,-41.6275,3.8347],[145.054,-41.6305,8.6484],[145.0511,-41.6301,49.8771],[145.0499,-41.6251,8.704],[145.0347,-41.6184,10.125],[145.0052,-41.6178,1.5],[144.9987,-41.6214,75.3875],[144.9939,-41.6273,39.0707],[144.9761,-41.6301,5.6779],[144.964,-41.6384,12.7989],[144.9555,-41.6493,4.5832],[144.9379,-41.6565,3.424],[144.9305,-41.6618,0.0],[144.9297,-41.6641,0.0],[144.9249,-41.6656,0.3251],[144.9263,-41.6728,2.0293],[144.927,-41.6713,2.0293],[144.9277,-41.6712,7.3275],[144.9285,-41.6718,5.8429],[144.9282,-41.6718,5.8429],[144.9278,-41.6714,2.0293],[144.9273,-41.6716,2.0293],[144.9272,-41.6759,2.5592],[144.9221,-41.6804,4.3582],[144.9128,-41.6836,1.2498],[144.9133,-41.6855,2.8788],[144.9111,-41.6867,1.1738],[144.9122,-41.6889,5.6348],[144.9112,-41.6912,0.1245],[144.9127,-41.6917,1.7682],[144.912,-41.6939,2.3436],[144.9138,-41.6938,6.0754],[144.9159,-41.697,10.4249],[144.9156,-41.7011,9.3108],[144.9188,-41.704,5.5366],[144.9191,-41.7074,1.592],[144.9172,-41.7092,0.6725],[144.9194,-41.7106,1.7022],[144.9218,-41.7161,3.1112],[144.9288,-41.7196,1.9208],[144.9265,-41.7206,0.4681],[144.9312,-41.7213,0.3421],[144.934,-41.7245,2.2938],[144.938,-41.7244,5.5419],[144.9443,-41.7177,11.4052],[144.9549,-41.7168,3.8856],[144.9623,-41.7206,2.1015],[144.9722,-41.7302,0.368],[144.9754,-41.7296,8.0486],[144.9726,-41.7321,0.1569],[144.9742,-41.7323,1.6548],[144.9786,-41.7381,0.0],[144.9841,-41.7361,11.7009],[144.9801,-41.7395,4.1766],[144.9884,-41.7464,0.0],[144.9932,-41.7464,12.6861],[144.9906,-41.748,1.7297],[144.9963,-41.7569,5.3242],[144.9969,-41.7551,3.7434],[144.9976,-41.7549,3.7434],[144.999,-41.7551,7.8301],[144.9987,-41.7552,7.8301],[144.9976,-41.755,3.7434],[144.9972,-41.7552,3.7434],[144.9976,-41.757,5.3242],[144.9946,-41.7591,3.8552],[144.9949,-41.7621,4.3229],[145.0038,-41.7665,1.4963],[145.0043,-41.7682,3.927],[145.0094,-41.7669,6.911],[145.0071,-41.7684,9.9224],[145.0046,-41.7687,3.927],[145.0081,-41.7727,0.0],[145.0053,-41.7739,0.6342],[145.0067,-41.7764,3.574],[145.0048,-41.7788,0.3298],[145.0067,-41.7794,8.5309],[145.0071,-41.7837,2.7709],[145.011,-41.7862,7.9677],[145.0095,-41.7864,0.0],[145.0129,-41.7874,14.6737],[145.0106,-41.7902,0.127],[145.0152,-41.791,10.3518],[145.015,-41.7932,3.9526],[145.0132,-41.7932,0.7117],[145.0156,-41.7938,3.9526],[145.0146,-41.7949,2.4121],[145.0157,-41.7962,2.4121],[145.019,-41.7953,4.0593],[145.0211,-41.7967,13.8239],[145.0179,-41.7995,0.0],[145.0202,-41.7989,0.3228],[145.0237,-41.8045,7.5331],[145.0329,-41.806,8.9695],[145.0316,-41.81,6.8633],[145.0268,-41.8098,2.4378],[145.0282,-41.813,0.0],[145.0342,-41.8139,2.4592],[145.0358,-41.815,0.0],[145.0393,-41.8129,15.5388],[145.0452,-41.8206,0.7902],[145.0568,-41.8241,15.4349],[145.0555,-41.8244,15.4349],[145.0619,-41.8335,2.1117],[145.0685,-41.8361,28.1027],[145.0676,-41.8408,0.0],[145.0691,-41.8422,3.7609],[145.0686,-41.8449,1.0774],[145.0714,-41.8547,0.0],[145.0798,-41.8598,0.5699],[145.0789,-41.8606,0.5699],[145.0816,-41.8629,2.6191],[145.0845,-41.8634,15.7508],[145.0871,-41.8674,5.2488],[145.095,-41.8722,7.4098],[145.1013,-41.8736,27.0095],[145.1049,-41.8782,0.0],[145.1091,-41.8771,53.3428],[145.1073,-41.8779,34.7867],[145.1086,-41.8806,4.5616],[145.1141,-41.8834,16.4724],[145.1122,-41.8856,0.0],[145.1178,-41.8867,24.7744],[145.1214,-41.8904,26.1783],[145.1216,-41.8969,3.571],[145.1238,-41.8979,32.1802],[145.1244,-41.9005,0.6015],[145.1372,-41.9071,8.4237],[145.1409,-41.911,1.4814],[145.1519,-41.9138,3.4927],[145.1567,-41.9232,1.6146],[145.174,-41.9285,2.0975],[145.1739,-41.9316,0.0],[145.1788,-41.9333,0.0],[145.1807,-41.936,2.4418],[145.1803,-41.9389,0.6585],[145.1875,-41.9412,15.7364],[145.189,-41.9444,1.7677],[145.1939,-41.9463,1.5083],[145.1948,-41.9489,0.0],[145.2004,-41.9417,6.752],[145.1995,-41.9394,40.9225],[145.2041,-41.9368,25.4969],[145.1998,-41.9396,12.3304],[145.2008,-41.9418,6.752],[145.1969,-41.9487,2.2196],[145.2024,-41.9589,0.0],[145.1967,-41.9505,0.0],[145.1906,-41.9461,0.0],[145.2147,-41.9845,1.1315],[145.2325,-42.0177,9.1126],[145.2519,-42.0601,0.0],[145.253,-42.0588,0.0],[145.2512,-42.0526,2.2281],[145.2465,-42.0422,0.0],[145.2448,-42.0311,0.0],[145.2457,-42.0277,2.8567],[145.249,-42.0212,2.9769],[145.2533,-42.0186,4.3125],[145.2559,-42.019,8.0256],[145.2601,-42.0223,6.5663],[145.2677,-42.0229,16.7191],[145.2594,-42.0226,6.5663],[145.2557,-42.0196,14.0306],[145.2533,-42.0195,4.3125],[145.2459,-42.0313,0.0],[145.2479,-42.0384,0.0],[145.2468,-42.0404,7.3194],[145.2535,-42.0577,2.969],[145.2535,-42.0599,0.0],[145.252,-42.0626,0.0],[145.2598,-42.0873,16.937],[145.2637,-42.1123,6.6834],[145.2641,-42.1448,3.8933],[145.2596,-42.1681,8.5089],[145.2568,-42.1781,0.0],[145.2499,-42.1904,5.1992],[145.2413,-42.2,17.2339],[145.2245,-42.2138,2.4971],[145.2231,-42.2187,1.5059],[145.2279,-42.2215,0.0],[145.2492,-42.2209,20.7917],[145.2569,-42.2253,0.0],[145.2594,-42.229,17.6047],[145.2681,-42.2321,3.6527],[145.2804,-42.2319,4.8162],[145.2897,-42.2273,17.3102],[145.2896,-42.224,20.091],[145.2859,-42.2172,3.7418],[145.288,-42.2124,0.0],[145.2877,-42.2085,0.0],[145.2898,-42.2064,0.0],[145.2879,-42.2014,0.0],[145.2902,-42.1966,3.2176],[145.2836,-42.198,0.0],[145.2877,-42.2002,1.9583],[145.2879,-42.2056,0.0],[145.2892,-42.2067,0.0],[145.2851,-42.2101,7.8532],[145.2746,-42.2088,1.3038],[145.2681,-42.2025,1.2297],[145.2767,-42.1944,0.0],[145.2771,-42.1916,1.6413],[145.2818,-42.1867,6.0952],[145.2869,-42.1833,0.3769],[145.2916,-42.1832,1.8514],[145.2937,-42.1792,2.455],[145.3023,-42.1791,2.2801],[145.3032,-42.1819,0.0],[145.3095,-42.1765,0.0],[145.3102,-42.1734,2.1645],[145.3119,-42.1739,6.5539],[145.3119,-42.1758,2.4642],[145.3182,-42.1762,3.1239],[145.3185,-42.173,7.6601],[145.3118,-42.1604,0.9937],[145.3135,-42.1588,4.2486],[145.3163,-42.1604,3.2573],[145.3158,-42.1578,0.0],[145.3125,-42.1574,1.5505],[145.3114,-42.1542,0.0],[145.3078,-42.1525,0.4895],[145.3036,-42.1528,3.5357],[145.3079,-42.1489,5.8663],[145.3114,-42.1518,0.9665],[145.3127,-42.1511,2.3008],[145.3116,-42.1521,0.9665],[145.314,-42.1543,1.496],[145.3199,-42.1538,3.3242],[145.323,-42.1566,0.0],[145.3339,-42.1518,2.0478],[145.3343,-42.1555,0.9797],[145.326,-42.1607,0.0],[145.3293,-42.167,17.2209],[145.3291,-42.1733,0.0],[145.3332,-42.1737,7.9528],[145.3363,-42.1671,6.4269],[145.3469,-42.1686,3.9899],[145.352,-42.1734,3.7199],[145.3573,-42.1748,0.7857],[145.3597,-42.1774,1.2424],[145.3602,-42.1885,2.4385],[145.3563,-42.1912,2.0633],[145.3717,-42.1939,23.8494],[145.3776,-42.1966,5.2071],[145.3868,-42.1964,12.1401],[145.3911,-42.1932,2.5472],[145.396,-42.1957,7.2005],[145.4016,-42.195,13.5025],[145.4087,-42.1978,50.6449],[145.4196,-42.1968,31.019],[145.4193,-42.1926,46.9446],[145.4205,-42.1909,42.0528],[145.4242,-42.1893,37.0758],[145.4286,-42.1887,21.4954],[145.4321,-42.1915,26.843],[145.4338,-42.1883,13.7927],[145.4435,-42.1905,27.2413],[145.4471,-42.194,30.6338],[145.4468,-42.1969,7.5724],[145.4491,-42.1994,20.0238],[145.4641,-42.1923,37.9169],[145.4697,-42.1967,43.0006],[145.4711,-42.1934,28.3769],[145.4676,-42.1889,31.987],[145.4682,-42.1883,31.987],[145.4714,-42.193,73.9279],[145.4707,-42.1965,43.0006],[145.4698,-42.1971,43.0006],[145.4639,-42.1926,37.9169],[145.4601,-42.1954,34.9836],[145.449,-42.1998,76.7374],[145.4464,-42.1978,42.9698],[145.4467,-42.1941,30.6338],[145.4437,-42.1923,12.9479],[145.4434,-42.1909,27.2413],[145.438,-42.1901,22.9385],[145.434,-42.1887,13.7927],[145.4324,-42.1919,26.843],[145.4282,-42.1891,21.4954],[145.4237,-42.1898,24.9038],[145.4198,-42.1924,21.8217],[145.421,-42.1958,9.5544],[145.4205,-42.197,30.3582],[145.4112,-42.1984,47.0237],[145.4077,-42.1982,42.2233],[145.401,-42.1954,23.286],[145.3968,-42.1965,119.8957],[145.3912,-42.1937,2.5472],[145.388,-42.1968,12.1401],[145.3846,-42.1979,2.8669],[145.3754,-42.1971,13.2449],[145.3681,-42.1941,3.9301],[145.3597,-42.1957,7.5502],[145.3563,-42.1941,0.4599],[145.3531,-42.1967,0.0],[145.3508,-42.2015,9.0969],[145.3482,-42.2025,2.9266],[145.3461,-42.2068,9.378],[145.3517,-42.2107,0.9397],[145.3573,-42.2071,6.4558],[145.3559,-42.2037,0.0],[145.3574,-42.202,2.3551],[145.3655,-42.2048,0.0],[145.3723,-42.2021,6.9105],[145.3692,-42.2047,0.0],[145.3712,-42.2058,16.8574],[145.3699,-42.2074,0.0],[145.364,-42.2099,0.0],[145.3692,-42.2147,0.0],[145.3718,-42.2244,11.6767],[145.3711,-42.2274,32.6279],[145.3643,-42.2304,13.5095],[145.3609,-42.2338,0.0],[145.3607,-42.2354,0.0],[145.3669,-42.2421,5.58],[145.3664,-42.2472,4.9237],[145.364,-42.2499,0.0],[145.3648,-42.2517,1.5953],[145.3716,-42.2502,3.3067],[145.3774,-42.2517,2.0173],[145.386,-42.2625,8.5758],[145.3895,-42.2633,35.3015],[145.3944,-42.2712,0.9704],[145.4034,-42.2805,25.6066],[145.4099,-42.2836,41.9426],[145.4137,-42.2875,27.138],[145.423,-42.29,0.0],[145.4263,-42.2936,12.4654],[145.4278,-42.3015,0.0],[145.4304,-42.3054,19.5334],[145.4299,-42.3097,0.0],[145.4324,-42.3143,55.6744],[145.454,-42.3194,41.7848],[145.4633,-42.3234,16.7048],[145.4676,-42.3461,40.5329],[145.4783,-42.3487,22.1771],[145.4809,-42.3645,3.5996],[145.4864,-42.3632,0.0],[145.4882,-42.3592,7.3324],[145.4926,-42.3559,1.0013],[145.489,-42.3573,6.9162],[145.4848,-42.3565,22.0718],[145.4899,-42.3525,0.0],[145.4861,-42.3504,0.0],[145.4833,-42.351,15.8697],[145.48,-42.3489,5.2608],[145.4805,-42.3472,6.6972],[145.4841,-42.3469,7.6968],[145.485,-42.344,16.4601],[145.4893,-42.3446,0.0],[145.4897,-42.3432,0.0],[145.4876,-42.343,6.8679],[145.4876,-42.3415,1.2278],[145.4935,-42.3435,0.0],[145.4979,-42.3424,0.0],[145.4948,-42.339,2.258],[145.4987,-42.3384,0.0],[145.4914,-42.3368,4.0586],[145.4907,-42.3354,3.407],[145.4964,-42.3343,0.0],[145.493,-42.3311,8.8814],[145.4927,-42.3272,7.7544],[145.4942,-42.3251,0.0],[145.4921,-42.3241,4.8831],[145.4936,-42.324,4.8831],[145.4941,-42.322,4.7754],[145.4973,-42.325,2.1747],[145.4968,-42.3282,1.2213],[145.5006,-42.3309,8.2751],[145.4994,-42.3323,0.0],[145.5119,-42.3348,0.5546],[145.5166,-42.3387,17.3808],[145.5175,-42.3409,1.4746],[145.5131,-42.3415,2.9482],[145.5162,-42.3441,6.4549],[145.5183,-42.3498,0.0],[145.5267,-42.3605,21.5831],[145.5258,-42.3646,8.8552],[145.5196,-42.3681,15.4462],[145.5152,-42.3668,9.9102],[145.5096,-42.3674,11.9149],[145.5026,-42.364,3.2627],[145.503,-42.3667,7.215],[145.5118,-42.372,12.5264],[145.5124,-42.3742,12.2214],[145.5181,-42.3731,0.0],[145.5228,-42.375,0.0],[145.5302,-42.3726,0.0],[145.5327,-42.3631,27.0151],[145.5413,-42.3592,0.0],[145.5419,-42.3562,10.3742],[145.5442,-42.3546,1.9164],[145.5414,-42.3538,5.5138],[145.5444,-42.3539,0.0],[145.5429,-42.3531,5.5138],[145.5438,-42.3521,6.413],[145.5473,-42.3526,30.0211],[145.5495,-42.3553,14.7556],[145.5576,-42.357,12.7583],[145.5532,-42.359,0.0],[145.5567,-42.361,9.5038],[145.5558,-42.364,15.348],[145.5475,-42.3698,32.4656],[145.5438,-42.3701,12.4532],[145.5434,-42.368,0.0],[145.5426,-42.3692,0.0],[145.5432,-42.3749,17.7592],[145.5454,-42.3783,5.7561],[145.5427,-42.3831,0.0],[145.5499,-42.388,18.8057],[145.5457,-42.391,2.7621],[145.5362,-42.3871,0.0],[145.5339,-42.3924,0.0],[145.5354,-42.3959,22.8442],[145.5335,-42.397,0.7984],[145.5367,-42.3997,0.0],[145.5357,-42.4036,10.5142],[145.5336,-42.4042,0.4048],[145.5348,-42.4055,0.0],[145.5288,-42.4131,11.4617],[145.5196,-42.419,0.0],[145.5204,-42.4209,0.0],[145.5248,-42.4217,8.316],[145.5255,-42.4236,5.1911],[145.5225,-42.4274,0.0],[145.5157,-42.4309,0.0],[145.5131,-42.4345,0.6774],[145.5234,-42.441,20.3778],[145.5245,-42.4435,0.0],[145.5342,-42.4474,5.7211],[145.5391,-42.4417,0.0],[145.5444,-42.4386,13.2601],[145.5562,-42.436,27.604],[145.5789,-42.444,6.197],[145.5802,-42.4462,5.6216],[145.575,-42.4442,0.5897],[145.5814,-42.4481,0.0],[145.5936,-42.4507,27.4987],[145.5965,-42.4498,10.1586],[145.5982,-42.4464,40.8687],[145.6014,-42.4456,8.6619],[145.6083,-42.4507,6.3028],[145.6164,-42.4455,36.7502],[145.6093,-42.4365,0.0],[145.6129,-42.4344,9.7609],[145.6156,-42.4352,2.3349],[145.6212,-42.4424,0.0],[145.6258,-42.4445,28.4536],[145.635,-42.44,0.5],[145.6387,-42.4364,0.5],[145.6458,-42.4343,16.4435],[145.6585,-42.4369,13.4269],[145.6642,-42.4408,18.4776],[145.6733,-42.4427,10.4998],[145.677,-42.4648,57.5575],[145.6744,-42.472,1.0],[145.6754,-42.4748,16.8745],[145.6735,-42.4829,15.7878],[145.6742,-42.4921,1.0],[145.6788,-42.502,16.1841],[145.6782,-42.5064,37.9332],[145.6742,-42.5096,1.5],[145.6757,-42.518,17.0965],[145.6671,-42.5277,2.9931],[145.6728,-42.5315,18.3023],[145.6741,-42.5341,15.1694],[145.6733,-42.5365,24.9703],[145.6674,-42.5379,1.5],[145.6719,-42.5428,15.767],[145.6738,-42.548,16.9509],[145.6718,-42.5607,9.1926],[145.6746,-42.5632,5.7323],[145.6793,-42.5635,26.0536],[145.6834,-42.5693,8.3939],[145.6906,-42.5684,6.7021],[145.7012,-42.5716,17.9859],[145.7072,-42.5768,10.8473],[145.711,-42.5851,18.5232],[145.7187,-42.5895,41.5263],[145.7222,-42.5891,30.4597],[145.7293,-42.582,31.5759],[145.7367,-42.5893,40.6763],[145.7414,-42.5911,21.2536],[145.7375,-42.5906,13.1694],[145.7297,-42.5828,31.5759],[145.7222,-42.59,92.1278],[145.7181,-42.59,28.4952],[145.7095,-42.5845,43.4686],[145.7069,-42.5774,10.8473],[145.6986,-42.5709,17.0375],[145.6897,-42.5698,41.4335],[145.6836,-42.571,4.0278],[145.6798,-42.5659,5.0967],[145.671,-42.5624,2.0],[145.6703,-42.5537,6.2071],[145.6722,-42.5477,4.8385],[145.6662,-42.5382,48.6847],[145.6674,-42.5358,31.5491],[145.6725,-42.5343,5.3292],[145.6653,-42.5275,9.0228],[145.6739,-42.5174,6.196],[145.6722,-42.5086,7.3235],[145.6771,-42.5041,18.7935],[145.6757,-42.4972,25.9964],[145.6723,-42.4922,19.6839],[145.6725,-42.4701,19.1585],[145.6748,-42.4651,34.4564],[145.6714,-42.4478,0.5],[145.672,-42.4449,3.6506],[145.671,-42.4435,1.6356],[145.6628,-42.4424,0.5],[145.6581,-42.4383,45.3307],[145.6482,-42.4358,3.3881],[145.6417,-42.4371,0.5],[145.6263,-42.4459,6.0353],[145.6199,-42.4433,39.204],[145.6141,-42.4365,15.5452],[145.6115,-42.4358,1.4906],[145.6182,-42.4455,60.2276],[145.614,-42.4505,2.668],[145.6082,-42.453,10.4092],[145.6043,-42.4512,13.3004],[145.6035,-42.4481,6.0298],[145.6015,-42.4471,5.5667],[145.5973,-42.451,3.6178],[145.5922,-42.452,33.5858],[145.5794,-42.4499,26.9464],[145.5703,-42.4448,9.0646],[145.5547,-42.4404,3.9634],[145.544,-42.4422,1.8227],[145.5368,-42.4486,2.7787],[145.5311,-42.4495,0.0],[145.5242,-42.4463,72.58],[145.5156,-42.4393,1.0788],[145.509,-42.4362,0.0],[145.5048,-42.436,0.5248],[145.5022,-42.4319,0.0],[145.4952,-42.4296,14.5389],[145.4937,-42.4235,19.6622],[145.4919,-42.4223,4.4598],[145.4863,-42.4226,1.3852],[145.4782,-42.4289,6.8864],[145.4581,-42.4348,2.1381],[145.4532,-42.4392,4.3709],[145.4527,-42.442,14.8803],[145.4604,-42.4407,3.8877],[145.4612,-42.4381,3.6224],[145.4739,-42.4406,11.1733],[145.464,-42.4425,0.0],[145.471,-42.4504,2.6903],[145.4724,-42.4639,0.0],[145.4755,-42.4661,30.2778],[145.4753,-42.4711,10.5927],[145.4732,-42.4736,4.6559],[145.4785,-42.4738,3.9623],[145.4802,-42.4756,4.0141],[145.4773,-42.4787,9.6053],[145.4787,-42.4798,4.7047],[145.4767,-42.4859,4.3711],[145.4784,-42.489,12.619],[145.475,-42.4919,0.0],[145.4727,-42.4978,0.0],[145.4745,-42.4991,3.3055],[145.4723,-42.5009,0.0],[145.478,-42.5061,18.7229],[145.4759,-42.5131,8.2904],[145.4805,-42.5178,22.4941],[145.4818,-42.5257,5.3648],[145.4739,-42.5258,2.3775],[145.4712,-42.5215,1.176],[145.4676,-42.521,0.0],[145.4661,-42.5191,3.7635],[145.467,-42.5163,4.0584],[145.4656,-42.5078,1.3953],[145.4619,-42.5006,16.5846],[145.4623,-42.4946,13.822],[145.4654,-42.492,0.0],[145.4644,-42.4911,16.5074],[145.4659,-42.487,10.4362],[145.4624,-42.4813,14.8487],[145.4637,-42.4778,0.0],[145.4602,-42.4682,6.5807],[145.4591,-42.4628,0.0],[145.4601,-42.4621,0.0],[145.4579,-42.4606,29.656],[145.4592,-42.4582,0.0],[145.4466,-42.4374,5.0551],[145.4465,-42.4291,3.3249],[145.4484,-42.4249,24.8361],[145.4476,-42.4199,22.9292],[145.4483,-42.4175,29.7945],[145.4508,-42.4167,0.0],[145.4517,-42.4136,0.0],[145.4506,-42.4099,0.0],[145.4533,-42.4045,0.0],[145.4481,-42.4041,23.9402],[145.4424,-42.4012,0.0],[145.4392,-42.3971,24.329],[145.4397,-42.3931,16.0981],[145.4365,-42.3889,0.0],[145.4349,-42.3893,5.6845],[145.4354,-42.3864,0.0],[145.432,-42.3861,32.4883],[145.4307,-42.3819,2.5387],[145.4285,-42.3833,25.733],[145.4274,-42.3812,0.0],[145.4249,-42.3812,0.0],[145.424,-42.3771,0.0],[145.4205,-42.3781,38.094],[145.419,-42.3743,0.0],[145.4157,-42.3735,5.277],[145.4157,-42.3718,0.0],[145.4127,-42.3717,39.5618],[145.412,-42.3699,7.5857],[145.4049,-42.3734,14.8486],[145.3935,-42.3743,0.0],[145.3903,-42.3719,14.236],[145.3896,-42.3678,0.0],[145.3863,-42.3677,10.4733],[145.3838,-42.3652,3.3432],[145.3811,-42.3648,7.0276],[145.3788,-42.3608,0.0],[145.3734,-42.3603,13.4105],[145.3729,-42.3558,0.0],[145.37,-42.3535,2.6045],[145.3662,-42.3557,26.1711],[145.3642,-42.3549,8.6959],[145.3639,-42.3521,3.9043],[145.36,-42.3488,8.4043],[145.3551,-42.3482,17.2224],[145.3557,-42.3469,5.8629],[145.3535,-42.3439,3.7745],[145.3519,-42.3442,3.7745],[145.3492,-42.3416,7.8394],[145.3473,-42.3428,3.0369],[145.3443,-42.3415,26.8431],[145.3403,-42.3371,3.6326],[145.3412,-42.3433,14.01],[145.338,-42.3444,3.7292],[145.3371,-42.3395,0.0],[145.3318,-42.3387,10.3708],[145.331,-42.3304,8.9116],[145.3204,-42.3276,4.8625],[145.3163,-42.3251,39.1264],[145.316,-42.3232,16.9363],[145.3101,-42.3205,7.9618],[145.3094,-42.3159,0.0],[145.3116,-42.2989,3.7377],[145.3175,-42.2853,1.8664],[145.3153,-42.2859,1.7445],[145.316,-42.2879,1.7536],[145.3067,-42.2954,2.9773],[145.2995,-42.2966,2.143],[145.2926,-42.2958,0.0],[145.2902,-42.2908,4.2303],[145.2919,-42.2884,14.2459],[145.2912,-42.2845,7.367],[145.2896,-42.2829,0.0],[145.2792,-42.2816,16.9012],[145.2715,-42.2846,0.0],[145.2706,-42.2894,1.5789],[145.2663,-42.291,1.4421],[145.2535,-42.2885,11.0471],[145.2502,-42.2818,3.7172],[145.2547,-42.2785,8.3195],[145.2561,-42.2673,3.8931],[145.2469,-42.2642,0.0],[145.2371,-42.2634,7.1429],[145.2345,-42.2573,0.0],[145.2357,-42.2523,11.397],[145.2325,-42.2479,0.0],[145.2358,-42.2441,2.9837],[145.2335,-42.2425,0.0],[145.2258,-42.2438,2.711],[145.221,-42.2421,13.8288],[145.2203,-42.2348,8.4707],[145.2221,-42.2319,34.2503],[145.2239,-42.2318,4.0779],[145.2249,-42.2284,0.0],[145.2211,-42.2267,10.872],[145.2207,-42.2229,0.9937],[145.2144,-42.2188,0.0],[145.215,-42.2121,0.0],[145.2091,-42.2101,6.758],[145.2086,-42.2026,0.0],[145.2073,-42.2001,0.0],[145.2088,-42.2074,0.0],[145.1998,-42.2079,0.5822],[145.1984,-42.2052,2.6163],[145.1999,-42.2023,0.0],[145.198,-42.1977,0.0],[145.186,-42.1945,0.0],[145.1843,-42.1961,10.7915],[145.1836,-42.1942,0.3396],[145.1771,-42.1931,6.4971],[145.1752,-42.1949,6.9976],[145.1758,-42.1969,6.8808],[145.1709,-42.1976,3.189],[145.1669,-42.196,0.1392],[145.1671,-42.1974,4.0094],[145.1654,-42.1973,0.3556],[145.1659,-42.1992,0.0],[145.167,-42.1996,0.0],[145.1675,-42.1977,4.0094],[145.1707,-42.2006,14.8233],[145.172,-42.2045,3.275],[145.1764,-42.2064,3.138],[145.1735,-42.2082,1.1302],[145.174,-42.2099,0.0],[145.1785,-42.2076,12.0719],[145.1813,-42.2077,17.2557],[145.1817,-42.2091,3.8226],[145.1866,-42.2072,10.7838],[145.1901,-42.208,8.7966],[145.1879,-42.211,4.308],[145.1911,-42.2109,3.1921],[145.1917,-42.2133,10.2414],[145.1904,-42.2158,4.9722],[145.1882,-42.2155,2.817],[145.1861,-42.2217,0.0],[145.192,-42.225,1.3029],[145.1936,-42.2283,4.5418],[145.1922,-42.232,5.5246],[145.1899,-42.2337,2.3579],[145.1907,-42.2399,4.1107],[145.1892,-42.2426,0.0],[145.195,-42.245,1.1521],[145.1947,-42.247,0.0],[145.1992,-42.2477,15.6127],[145.1994,-42.2499,0.0],[145.2059,-42.2544,24.5602],[145.2057,-42.2617,2.6501],[145.2091,-42.2632,6.1763],[145.2081,-42.2665,5.2493],[145.2137,-42.2778,0.0],[145.214,-42.2824,26.142],[145.2117,-42.2855,1.4485],[145.2102,-42.2852,1.4485],[145.2111,-42.2873,3.0384],[145.2092,-42.2888,0.6411],[145.2112,-42.2894,6.3744],[145.2111,-42.2952,0.0],[145.2138,-42.2983,0.0],[145.2094,-42.3041,0.0],[145.2011,-42.3076,0.2239],[145.1983,-42.3095,0.0],[145.1985,-42.3112,2.6961],[145.194,-42.3121,1.1276],[145.1966,-42.3144,7.3794],[145.1954,-42.3174,17.2205],[145.1973,-42.3199,4.6421],[145.1963,-42.3222,7.4833],[145.1974,-42.3261,3.8717],[145.1961,-42.3278,4.5515],[145.1972,-42.3273,4.5515],[145.1974,-42.3294,1.5222],[145.2042,-42.3333,17.4197],[145.2051,-42.3362,5.6419],[145.2112,-42.3392,4.3051],[145.2099,-42.3413,0.7398],[145.2122,-42.3423,11.0818],[145.2119,-42.346,2.2476],[145.2146,-42.3507,0.0],[145.2149,-42.3502,0.0],[145.2149,-42.3489,19.364],[145.2175,-42.3495,36.8132],[145.2231,-42.3552,7.1024],[145.2208,-42.362,0.0],[145.2223,-42.3627,26.3134],[145.2179,-42.3612,0.0],[145.2179,-42.364,0.3732],[145.2153,-42.3659,1.1891],[145.2179,-42.368,0.0],[145.2258,-42.3666,1.2605],[145.2285,-42.3706,13.8508],[145.2291,-42.3758,2.3041],[145.2251,-42.3815,6.0641],[145.2243,-42.3864,0.6642],[145.2282,-42.3866,0.0],[145.2355,-42.3947,0.0],[145.2353,-42.3915,0.0],[145.237,-42.39,9.9652],[145.2375,-42.3953,4.2868],[145.2343,-42.3992,0.0],[145.2359,-42.4044,0.9922],[145.2378,-42.4067,0.167],[145.2404,-42.406,12.1669],[145.245,-42.4062,46.4153],[145.2447,-42.4064,40.2062],[145.2418,-42.4067,22.7444],[145.241,-42.4064,22.7444],[145.24,-42.4069,10.6473],[145.2384,-42.4067,0.167],[145.2384,-42.4112,0.1255],[145.241,-42.413,12.8832],[145.2367,-42.4135,0.919],[145.237,-42.4167,4.2983],[145.2346,-42.4175,0.3541],[145.2378,-42.4181,0.2304],[145.2413,-42.4216,9.1807],[145.2401,-42.4254,0.1962],[145.2438,-42.4259,6.2516],[145.2456,-42.43,4.5992],[145.243,-42.431399999999996,0.3786],[145.244,-42.4327,0.3786],[145.2451,-42.4328,7.4362],[145.2433,-42.4346,0.6183],[145.2509,-42.438,0.3995],[145.2525,-42.4399,6.8129],[145.2502,-42.4415,0.236],[145.2539,-42.4435,3.2034],[145.2537,-42.4453,4.083],[145.2517,-42.4461,0.3614],[145.2541,-42.4478,4.7502],[145.2519,-42.452,1.6918],[145.2531,-42.4534,20.3106],[145.2475,-42.4532,0.9645],[145.2449,-42.4646,14.1455],[145.2429,-42.4665,11.7108],[145.2395,-42.4658,0.4354],[145.236,-42.4722,0.1528],[145.2401,-42.4754,5.4638],[145.2421,-42.482,0.8417],[145.2474,-42.4819,4.4419],[145.244,-42.4842,0.5902],[145.2445,-42.4867,0.0],[145.252,-42.4862,7.1247],[145.255,-42.4887,0.0],[145.2533,-42.4951,0.6126],[145.2573,-42.4963,7.3699],[145.2573,-42.4998,1.2279],[145.2594,-42.5004,10.8786],[145.2612,-42.504,0.0],[145.259,-42.5063,0.0],[145.2599,-42.5111,12.3522],[145.2582,-42.5175,4.6466],[145.2547,-42.5179,0.0],[145.2528,-42.5221,0.062],[145.2538,-42.5241,0.6792],[145.2557,-42.5217,2.583],[145.258,-42.5223,5.6592],[145.261,-42.5258,1.4739],[145.2675,-42.5286,7.7752],[145.2668,-42.5352,2.1518],[145.2711,-42.5384,0.7775],[145.2709,-42.5436,0.2348],[145.2742,-42.5459,14.8852],[145.2762,-42.5519,0.1688],[145.2794,-42.5512,13.362],[145.2807,-42.5529,4.3189],[145.2791,-42.5552,5.6911],[145.275,-42.5552,3.6305],[145.2801,-42.558,7.3261],[145.2772,-42.5617,0.6567],[145.2777,-42.5632,0.4386],[145.2819,-42.5647,0.085],[145.2849,-42.5636,4.561],[145.2882,-42.5695,7.069],[145.2917,-42.5674,19.1154],[145.295,-42.5675,13.9409],[145.3044,-42.5712,30.1772],[145.3006,-42.5732,10.2134],[145.2992,-42.5772,0.1958],[145.3019,-42.58,7.0282],[145.3014,-42.5841,7.4833],[145.3043,-42.586,2.6769],[145.3017,-42.5866,13.6055],[145.2993,-42.5924,0.7126],[145.2954,-42.5952,1.6126],[145.2987,-42.5958,12.5209],[145.3017,-42.5991,12.1525],[145.299,-42.6012,0.957],[145.2973,-42.6003,1.547],[145.2938,-42.6017,0.4003],[145.2949,-42.6034,9.5386],[145.2938,-42.6047,11.2011],[145.2859,-42.6101,4.6206],[145.2843,-42.6096,4.6206],[145.285,-42.612,7.6323],[145.2809,-42.6149,8.6133],[145.275,-42.6142,2.2556],[145.2732,-42.6124,0.9525],[145.2693,-42.6144,3.7636],[145.2664,-42.612,2.4545],[145.263,-42.6127,0.0],[145.2641,-42.6159,6.4398],[145.2626,-42.617,1.8151],[145.2635,-42.619,12.1922],[145.2621,-42.619,0.7933],[145.263,-42.6216,0.0],[145.2646,-42.6209,13.0852],[145.2661,-42.623,0.0],[145.2675,-42.6219,18.3407],[145.2682,-42.6238,5.3327],[145.2707,-42.624,14.5882],[145.2686,-42.6249,1.7694],[145.2702,-42.6249,23.7587],[145.2689,-42.6272,0.5084],[145.2713,-42.6281,2.8636],[145.27,-42.6293,2.8636],[145.2742,-42.6311,1.4732],[145.2793,-42.6273,8.8318],[145.2854,-42.6324,2.4822],[145.2864,-42.6317,0.0],[145.285,-42.6285,4.5602],[145.2881,-42.629,0.0],[145.2883,-42.6239,1.2248],[145.29,-42.6225,9.9421],[145.3018,-42.6195,11.0218],[145.3118,-42.6207,9.0975],[145.3122,-42.6223,0.0],[145.3192,-42.627,7.0968],[145.3234,-42.6276,8.9435],[145.3242,-42.63,0.3826],[145.3296,-42.6286,6.8861],[145.3331,-42.6296,0.0],[145.3358,-42.6326,19.8545],[145.3359,-42.637,6.6176],[145.3314,-42.6371,7.4895],[145.3307,-42.6433,4.64],[145.3278,-42.6461,7.4126],[145.3314,-42.6464,8.1874],[145.3327,-42.6481,1.4642],[145.3336,-42.6578,1.6412],[145.3383,-42.651,20.7507],[145.3398,-42.6515,8.9643],[145.3409,-42.655,0.0],[145.3463,-42.6509,9.4022],[145.3662,-42.6565,14.1548],[145.3675,-42.6598,16.8217],[145.3653,-42.6647,2.3536],[145.3667,-42.6676,21.5928],[145.3653,-42.67,2.8794],[145.3672,-42.681399999999996,8.464],[145.366,-42.6826,0.1551],[145.366,-42.6897,0.0],[145.3692,-42.6935,0.2905],[145.3723,-42.693,0.3093],[145.374,-42.6945,8.8407],[145.3726,-42.6983,5.8669],[145.3747,-42.699,28.6495],[145.3772,-42.7039,17.2706],[145.3761,-42.7088,0.0],[145.3794,-42.7094,41.3738],[145.3779,-42.7102,0.0],[145.3779,-42.7154,0.0],[145.3804,-42.7197,0.2879],[145.3795,-42.7208,0.2879],[145.3813,-42.7209,61.472],[145.3801,-42.7229,0.0],[145.3807,-42.7228,11.0212],[145.3816,-42.7213,11.0212],[145.3818,-42.7228,11.0212],[145.3834,-42.7226,46.8619],[145.3833,-42.7282,0.0],[145.3864,-42.7283,0.0],[145.3887,-42.7246,58.1323],[145.3927,-42.7244,9.2718],[145.3942,-42.7213,1.6878],[145.3918,-42.732,4.9337],[145.3927,-42.7347,0.0],[145.3967,-42.7364,9.4895],[145.3942,-42.7375,17.2453],[145.392,-42.7362,0.0],[145.3911,-42.7375,41.3455],[145.389,-42.7355,0.0],[145.3876,-42.7385,0.0],[145.3913,-42.743,72.2855],[145.3875,-42.7435,15.2481],[145.3868,-42.7424,0.0],[145.3864,-42.746,2.7662],[145.3845,-42.7451,0.8135],[145.3806,-42.7482,19.3013],[145.3811,-42.7509,25.6685],[145.3793,-42.7536,0.4573],[145.3817,-42.7573,30.0289],[145.3798,-42.7577,0.0],[145.381,-42.7594,25.3824],[145.382,-42.7588,25.3824],[145.3827,-42.7644,12.7688],[145.3844,-42.766,3.1185],[145.3826,-42.7687,0.6318],[145.3856,-42.7722,4.9098],[145.3885,-42.77,18.6713],[145.3948,-42.7762,1.1156],[145.397,-42.7764,0.0],[145.3968,-42.775,8.9979],[145.4019,-42.7782,0.0],[145.4019,-42.7767,14.1006],[145.4023,-42.7781,0.0],[145.4065,-42.7761,26.8173],[145.4079,-42.7771,30.8503],[145.4065,-42.7806,4.1966],[145.4103,-42.7799,9.1364],[145.4142,-42.7808,36.1751],[145.4098,-42.7806,9.1364],[145.407,-42.7825,2.0112],[145.4073,-42.7848,0.418],[145.4116,-42.7864,18.9903],[145.4104,-42.7914,0.8528],[145.4131,-42.7929,10.4401],[145.4134,-42.7964,0.0],[145.419,-42.8021,4.7591],[145.4175,-42.8035,0.7728],[145.4183,-42.8084,4.2684],[145.4211,-42.8126,2.3663],[145.4261,-42.8149,37.6619],[145.4222,-42.8137,8.8662],[145.4197,-42.8148,13.8572],[145.4238,-42.8276,35.9333],[145.4259,-42.8289,40.6095],[145.4229,-42.8295,0.0],[145.4209,-42.8371,0.7773],[145.4221,-42.8386,4.4959],[145.4256,-42.8381,2.0717],[145.4246,-42.8417,3.9411],[145.429,-42.8459,16.5261],[145.4293,-42.8499,0.0],[145.4369,-42.8545,9.1758],[145.4344,-42.8578,3.0749],[145.439,-42.8654,3.7653],[145.4374,-42.8672,0.2042],[145.4437,-42.8691,4.8639],[145.4389,-42.8688,1.5067],[145.4357,-42.8714,1.492],[145.436,-42.8734,0.0],[145.4377,-42.8756,0.0],[145.4416,-42.8761,13.5382],[145.4439,-42.8833,0.3915],[145.4491,-42.887,1.9618],[145.4507,-42.8897,17.8466],[145.4498,-42.8907,0.0],[145.4542,-42.8924,5.2257],[145.4541,-42.8958,3.1734],[145.452,-42.8978,1.9568],[145.4538,-42.8984,2.7105],[145.454,-42.9005,0.9796],[145.4574,-42.9012,4.7446],[145.4588,-42.9054,1.8557],[145.4648,-42.9049,0.0],[145.4682,-42.9064,0.0],[145.4709,-42.9053,5.0189],[145.473,-42.907,0.5722],[145.476,-42.9142,6.0095],[145.4827,-42.9159,6.2737],[145.4833,-42.915,6.2737],[145.4872,-42.9142,14.3156],[145.4871,-42.9145,14.3156],[145.4867,-42.9147,13.7263],[145.4836,-42.9156,3.7267],[145.4842,-42.9173,2.6844],[145.4817,-42.9201,3.6165],[145.4833,-42.9209,3.6165],[145.4824,-42.923,0.8325],[145.4846,-42.9261,1.5389],[145.4816,-42.9311,5.7275],[145.4841,-42.9305,8.9137],[145.4844,-42.9316,0.0],[145.4904,-42.9292,17.5977],[145.489,-42.9321,1.1993],[145.4948,-42.9404,14.7962],[145.4933,-42.9404,0.0],[145.4931,-42.9437,0.4991],[145.4945,-42.9436,24.4332],[145.493,-42.9469,1.6241],[145.4948,-42.9466,13.0309],[145.4953,-42.9498,0.0],[145.4987,-42.9506,5.4446],[145.5009,-42.9483,6.7281],[145.5044,-42.9487,15.228],[145.5013,-42.9489,6.7281],[145.4994,-42.9512,5.4446],[145.4958,-42.9512,0.0],[145.4959,-42.9549,21.3398],[145.4922,-42.956,1.2842],[145.4938,-42.9591,1.8598],[145.4966,-42.958,19.1892],[145.4958,-42.963,0.0],[145.4986,-42.9632,11.5572],[145.4969,-42.9638,2.356],[145.4973,-42.9656,4.3364],[145.4947,-42.9691,12.6104],[145.4966,-42.9705,17.0894],[145.496,-42.9726,31.9731],[145.4936,-42.974,0.0],[145.5035,-42.9764,11.7802],[145.4999,-42.9802,0.0],[145.5013,-42.9806,2.6007],[145.4988,-42.9845,1.37],[145.5004,-42.9858,5.3897],[145.496,-42.988,7.869],[145.4971,-42.9888,7.869],[145.4951,-42.9895,1.4597],[145.4949,-42.9915,0.0],[145.5127,-42.9814,0.0],[145.5324,-42.9834,0.6215],[145.5337,-42.9815,1.3716],[145.5383,-42.9808,2.4716],[145.5404,-42.9776,6.6073],[145.5444,-42.9785,1.8473],[145.5501,-42.9754,4.0552],[145.5546,-42.9772,3.5183],[145.5541,-42.9734,5.0686],[145.5572,-42.9743,10.8711],[145.5613,-42.9711,20.076],[145.5644,-42.9724,1.4928],[145.5771,-42.9711,7.4768],[145.5795,-42.9737,1.3181],[145.5909,-42.9751,8.3971],[145.5906,-42.9725,7.3111],[145.5926,-42.98,4.2871],[145.6014,-42.9868,12.2187],[145.6013,-42.987,12.2187],[145.6005,-42.9872,3.89],[145.6001,-42.9876,3.89],[145.5993,-42.9876,3.89],[145.5999,-42.9905,2.8292],[145.606,-42.9896,2.3152],[145.6075,-42.9907,22.0395],[145.6059,-42.9952,3.0395],[145.6029,-42.9972,3.6406],[145.6061,-42.9994,11.0775],[145.6043,-42.9997,0.4016],[145.605,-43.0012,8.8708],[145.6074,-43.0016,2.5073],[145.6089,-42.9995,28.8305],[145.6085,-43.0016,2.5073],[145.6114,-43.0024,21.8893],[145.6093,-43.0027,12.7099],[145.6121,-43.0042,19.4474],[145.6101,-43.0046,4.0117],[145.6111,-43.0065,28.8718],[145.6099,-43.0092,5.8913],[145.6168,-43.0125,2.9763],[145.617,-43.0143,0.4028],[145.618825,-43.0149,0.342]],
[[145.4682,-42.1883,31.987],[145.4682,-42.1883,31.987],[145.4682,-42.1883,31.987],[145.4682,-42.1883,31.987]],
[[145.4682,-42.1883,31.987],[145.4716,-42.1849,30.6241],[145.4775,-42.1861,21.6708],[145.4831,-42.1837,20.9305],[145.487,-42.1865,40.4803],[145.4922,-42.1842,31.934],[145.4912,-42.1806,113.1809],[145.4924,-42.1789,60.0861],[145.5,-42.1763,96.7013],[145.4982,-42.1778,65.197],[145.4922,-42.1798,39.5983],[145.4924,-42.1846,41.0795],[145.487,-42.1869,40.4803],[145.4852,-42.1866,110.6068],[145.4832,-42.1841,20.9305],[145.4774,-42.1864,95.9951],[145.4715,-42.1854,30.6241],[145.4704,-42.1869,40.522],[145.4682,-42.1883,31.987]],
[[145.4349,-40.893,10.7363],[145.435,-40.893,10.7363],[145.4353,-40.8943,10.7363],[145.4349,-40.893,10.7363]],
[[146.1560875,-41.16330416666667,8.5132],[146.1561,-41.1633,8.5132],[146.15610322580648,-41.163312903225808,8.5132],[146.1560875,-41.16330416666667,8.5132]],
[[146.15610322580648,-41.163312903225808,8.5132],[146.1577,-41.1642,12.3259],[146.1563,-41.1641,8.5132],[146.15610322580648,-41.163312903225808,8.5132]],
[[146.25506459197788,-41.176651313969579,5.2849],[146.2551,-41.1767,5.2849],[146.2529,-41.1815,2.6906],[146.25506459197788,-41.176651313969579,5.2849]],
[[146.31908235294119,-41.177794117647053,18.2853],[146.31898867924528,-41.177829245283029,18.2853],[146.319,-41.1778,18.2853],[146.31908235294119,-41.177794117647053,18.2853]],
[[146.31898867924528,-41.177829245283029,18.2853],[146.3178,-41.1809,5.2061],[146.3159,-41.1825,12.202],[146.316,-41.1818,12.202],[146.3168,-41.1811,14.1412],[146.3177,-41.1807,5.2061],[146.318,-41.1782,10.2782],[146.31898867924528,-41.177829245283029,18.2853]],
[[146.35482085492228,-41.200550647668393,3.9254],[146.3547462814997,-41.200552304855563,3.9254],[146.3548,-41.2005,3.9254],[146.35482085492228,-41.200550647668393,3.9254]],
[[146.3547462814997,-41.200552304855563,3.9254],[146.351,-41.2042,9.3429],[146.3485,-41.2038,9.5156],[146.352,-41.2027,6.0787],[146.3526,-41.2006,12.8277],[146.3547462814997,-41.200552304855563,3.9254]],
[[147.42967894736842,-41.010057894736853,0.9809],[147.4296,-41.0099,0.9809],[147.42965241935482,-41.009904032258063,0.9809],[147.42967894736842,-41.010057894736853,0.9809]],
[[147.42965241935482,-41.009904032258063,0.9809],[147.4296,-41.0096,0.9809],[147.431,-41.0098,0.604],[147.4345,-41.0116,1.2119],[147.4327,-41.009,1.9722],[147.4349,-41.0106,1.5621],[147.435,-41.0111,1.5621],[147.4345,-41.0119,1.2119],[147.4319,-41.0111,0.604],[147.4309,-41.01,0.604],[147.42965241935482,-41.009904032258063,0.9809]],
[[146.2203,-43.3891,2.0605],[146.2211,-43.3884,2.0605],[146.222,-43.3886,2.0605],[146.221,-43.3886,2.0605],[146.2209,-43.3891,2.0605],[146.2203,-43.3891,2.0605]],
[[147.2496,-43.1261,0.0],[147.2495,-43.1261,0.0],[147.2497,-43.126,0.0],[147.2496,-43.1261,0.0]],
[[147.4729,-42.7927,1.9791],[147.4729,-42.7928,1.9791],[147.4727,-42.7928,1.9791],[147.4729,-42.7927,1.9791]],
[[147.4734,-42.7928,2.7751],[147.4735,-42.7927,2.7751],[147.4735,-42.7928,2.7751],[147.4734,-42.7928,2.7751]],
[[144.8141,-41.4906,1.3278],[144.814,-41.4906,1.3278],[144.8142,-41.4903,1.3278],[144.8142,-41.4904,1.3278],[144.8141,-41.4906,1.3278]],
[[148.276,-41.8527,0.0],[148.2757,-41.8526,1.5295],[148.276,-41.8526,0.0],[148.276,-41.8527,0.0]],
[[144.7882,-41.4502,1.5217],[144.7881,-41.4503,1.5217],[144.7881,-41.4502,1.5217],[144.7882,-41.4502,1.5217]],
[[144.8905,-41.5969,1.3233],[144.8906,-41.5968,1.3233],[144.8907,-41.597,1.3233],[144.8905,-41.597,1.3233],[144.8905,-41.5969,1.3233]],
[[144.8907,-41.5967,1.3233],[144.8908,-41.5967,1.3233],[144.891,-41.5968,10.6494],[144.8908,-41.5968,1.3233],[144.8907,-41.5967,1.3233]],
[[144.8423,-40.7478,0.8248],[144.8421,-40.7476,0.8248],[144.8421,-40.7474,0.8248],[144.8424,-40.7476,0.8248],[144.8423,-40.7478,0.8248]],
[[144.6276,-40.9281,2.4221],[144.6277,-40.9282,2.4221],[144.6272,-40.9283,0.2704],[144.6276,-40.9281,2.4221]],
[[144.7013,-40.8057,1.5686],[144.701,-40.8055,1.5686],[144.701,-40.8052,1.5686],[144.7014,-40.8054,1.5686],[144.7013,-40.8057,1.5686]]],
[[[158.688,-55.1142,7.9349],[158.685,-55.115,1.7663],[158.6883,-55.1169,0.0],[158.6928,-55.1144,0.0],[158.6901,-55.1112,0.0],[158.6884,-55.1116,4.9302],[158.688,-55.1142,7.9349]]],
[[[158.9472,-54.4936,9.3847],[158.95,-54.4922,0.0],[158.9444,-54.4894,15.8507],[158.945,-54.4869,2.2428],[158.9392,-54.4856,0.0],[158.9361,-54.4953,0.0],[158.9387,-54.4972,2.1352],[158.9351,-54.4978,0.0],[158.9283,-54.5028,0.0],[158.9261,-54.5014,0.0],[158.9164,-54.5023,1.6359],[158.9055,-54.4956,0.0],[158.8944,-54.4936,0.0],[158.8828,-54.4961,0.0],[158.8767,-54.4956,0.1395],[158.875,-54.4964,0.0],[158.8778,-54.4986,0.1737],[158.8761,-54.5008,0.0],[158.8861,-54.5058,0.0],[158.875,-54.5094,0.0],[158.8689,-54.5153,0.0],[158.8572,-54.5142,0.0],[158.8544,-54.5156,0.0],[158.8662,-54.5187,0.5652],[158.8567,-54.5178,0.0],[158.8506,-54.5189,0.0],[158.8522,-54.5208,0.0],[158.8561,-54.5211,0.808],[158.8583,-54.5239,0.1484],[158.8661,-54.5239,0.1192],[158.8694,-54.5264,1.5086],[158.8595,-54.5275,0.0],[158.85,-54.5319,0.2046],[158.8567,-54.5344,0.096],[158.855,-54.5358,0.0],[158.86,-54.5372,0.0],[158.8589,-54.5383,0.1567],[158.86,-54.5392,0.1567],[158.8567,-54.5425,0.0],[158.8622,-54.5453,0.2077],[158.8722,-54.5539,0.2051],[158.8683,-54.5547,0.0],[158.8694,-54.5558,0.0636],[158.8661,-54.5583,1.529],[158.8567,-54.5569,0.0],[158.8506,-54.5578,0.0],[158.8567,-54.5597,0.5598],[158.8533,-54.5611,0.0],[158.8556,-54.5625,0.6596],[158.8522,-54.5642,0.0],[158.8572,-54.5675,0.3688],[158.8494,-54.5708,0.2649],[158.8533,-54.5739,0.0],[158.8489,-54.5803,0.9092],[158.8422,-54.5839,0.0],[158.8433,-54.5853,0.0],[158.8383,-54.59,0.0],[158.8389,-54.5967,0.0],[158.8322,-54.6008,0.0],[158.8344,-54.6031,0.6265],[158.825,-54.6064,1.6548],[158.8256,-54.6081,0.0],[158.8322,-54.6094,3.812],[158.8328,-54.6119,0.5296],[158.8211,-54.6156,0.0],[158.8267,-54.6183,3.8099],[158.8217,-54.6211,0.0],[158.8244,-54.6242,3.988],[158.8194,-54.6272,0.0],[158.8239,-54.6294,6.4519],[158.8206,-54.6325,0.0],[158.8228,-54.635,0.0866],[158.82,-54.6397,0.0],[158.8228,-54.6442,0.0],[158.8194,-54.6461,0.0],[158.8144,-54.6461,0.0],[158.8139,-54.6472,1.8527],[158.8183,-54.6494,0.1982],[158.8133,-54.6514,0.0],[158.8183,-54.6517,0.085],[158.8228,-54.6542,1.1547],[158.8244,-54.6608,0.5247],[158.82,-54.6636,0.2435],[158.82,-54.6658,0.2629],[158.8233,-54.6672,0.0],[158.8239,-54.6711,0.0],[158.8283,-54.6725,0.0],[158.8261,-54.6739,0.0],[158.8272,-54.6764,1.3029],[158.8189,-54.6797,0.3344],[158.8139,-54.6797,0.2334],[158.8102,-54.6833,0.2366],[158.7983,-54.6878,0.0],[158.805,-54.6883,0.0],[158.8089,-54.6908,0.0],[158.8028,-54.6933,0.0],[158.8033,-54.6944,0.0],[158.8,-54.6969,0.0],[158.81,-54.705,0.2052],[158.8106,-54.7069,0.3523],[158.8067,-54.7114,0.0],[158.8094,-54.715,0.0],[158.8067,-54.7172,0.0],[158.8078,-54.7192,0.0],[158.8022,-54.7217,0.6735],[158.8061,-54.7256,0.0],[158.8011,-54.7292,0.0],[158.795,-54.7306,0.0676],[158.7956,-54.7322,0.1826],[158.8006,-54.7344,0.1055],[158.7961,-54.7378,0.0],[158.7972,-54.7403,0.5111],[158.79,-54.7408,0.0],[158.785,-54.7447,0.0],[158.7983,-54.7486,0.0],[158.7989,-54.7533,0.0],[158.7894,-54.7569,0.0],[158.7922,-54.7589,7.3739],[158.7917,-54.7617,15.3808],[158.7794,-54.7572,0.0],[158.7767,-54.7583,0.3765],[158.7817,-54.7625,0.0],[158.7772,-54.7642,0.7188],[158.775,-54.7672,0.0],[158.785,-54.7711,0.4778],[158.7932,-54.7697,0.0],[158.8016,-54.775,0.0],[158.8093,-54.7762,8.6376],[158.8189,-54.7758,0.0],[158.8233,-54.7739,0.0],[158.8322,-54.7742,1.1862],[158.8361,-54.7775,0.0],[158.8411,-54.7786,0.1099],[158.8389,-54.7728,0.8989],[158.8472,-54.7597,0.0],[158.8467,-54.7564,0.0],[158.8511,-54.7514,0.0],[158.85,-54.7481,0.0],[158.8533,-54.7406,0.0],[158.8533,-54.7356,0.0],[158.8517,-54.7328,11.4204],[158.8533,-54.7314,0.0],[158.8511,-54.7261,0.0],[158.8517,-54.7175,2.6554],[158.855,-54.715,0.0],[158.8561,-54.7103,0.3743],[158.86,-54.7064,0.0],[158.86,-54.7006,0.0],[158.8694,-54.6892,0.0],[158.8689,-54.6869,0.0],[158.8761,-54.6797,0.0],[158.8778,-54.6758,0.0],[158.8895,-54.6664,0.4456],[158.8972,-54.6436,18.0383],[158.9,-54.6414,0.0],[158.9033,-54.6347,0.0],[158.9006,-54.6325,0.4272],[158.9006,-54.6297,0.1911],[158.9072,-54.6261,0.0],[158.9067,-54.6242,0.0],[158.9133,-54.6139,0.0],[158.9128,-54.61,0.0],[158.915,-54.6083,0.0],[158.9133,-54.6044,0.1089],[158.9156,-54.5983,0.0],[158.9172,-54.5975,0.0],[158.9161,-54.5919,13.3968],[158.9211,-54.5867,0.0],[158.9211,-54.5831,0.5055],[158.9261,-54.5806,0.0],[158.9217,-54.5767,18.6003],[158.9211,-54.5739,0.0],[158.9172,-54.5703,0.0],[158.9183,-54.5683,0.0],[158.9161,-54.5667,17.403199999999998],[158.9233,-54.5606,0.0],[158.9228,-54.5589,0.0],[158.9272,-54.5536,0.0],[158.9289,-54.5467,0.0],[158.9322,-54.5425,3.8336],[158.9311,-54.5394,7.2193],[158.9339,-54.5381,0.0],[158.9361,-54.5339,0.0],[158.9339,-54.5322,26.582],[158.9389,-54.5297,0.0],[158.9344,-54.5256,39.3826],[158.9372,-54.5242,0.0],[158.9361,-54.5217,0.0],[158.9378,-54.5203,0.0],[158.9344,-54.5058,1.7598],[158.9378,-54.5011,0.0],[158.9444,-54.4994,4.5182],[158.9472,-54.4936,9.3847]]],
[[[146.3712,-43.7382,15.3303],[146.3719,-43.7405,0.0375],[146.3752,-43.7381,0.0],[146.3715,-43.7358,0.0],[146.3699,-43.7365,0.0],[146.3712,-43.7382,15.3303]]],
[[[146.2468,-43.6617,0.0],[146.247,-43.6617,0.4457],[146.2475,-43.6615,0.4457],[146.2466,-43.6613,0.0],[146.2468,-43.6617,0.0]]],
[[[146.2669,-43.6612,0.3986],[146.2661,-43.6608,0.3986],[146.2645,-43.6614,0.0],[146.2661,-43.662,0.0],[146.2669,-43.6612,0.3986]]],
[[[146.2576,-43.662,0.0],[146.2553,-43.6619,1.3276],[146.2543,-43.6623,0.0],[146.2568,-43.6628,1.3276],[146.2576,-43.662,0.0]]],
[[[146.2534,-43.661,0.0],[146.2511,-43.6608,0.0],[146.2486,-43.6624,0.4457],[146.2525,-43.6622,0.9817],[146.2534,-43.661,0.0]]],
[[[146.2633,-43.6629,0.0],[146.262,-43.6625,0.0],[146.2604,-43.6634,0.0],[146.262,-43.6636,0.0],[146.2633,-43.6629,0.0]]],
[[[148.3186,-42.1702,0.0],[148.3186,-42.1699,0.0],[148.3183,-42.1702,0.0],[148.3187,-42.1704,0.0],[148.3186,-42.1702,0.0]]],
[[[148.2634,-42.1778,7.8192],[148.2622,-42.1764,7.8192],[148.2602,-42.1781,1.1453],[148.2612,-42.1793,1.1453],[148.2634,-42.1778,7.8192]]],
[[[148.2677,-42.1769,0.0],[148.2676,-42.1766,0.0],[148.2673,-42.1767,0.0],[148.2673,-42.1769,0.0],[148.2677,-42.1769,0.0]]],
[[[145.2906,-42.1845,1.8514],[145.2902,-42.1844,1.8514],[145.2903,-42.1849,0.0],[145.2908,-42.1849,0.0],[145.2906,-42.1845,1.8514]]],
[[[145.2954,-42.1824,0.0],[145.2952,-42.1821,0.0],[145.2949,-42.1824,0.0],[145.2952,-42.1826,0.0],[145.2954,-42.1824,0.0]]],
[[[145.3003,-42.1826,2.8094],[145.3008,-42.1818,0.0],[145.2981,-42.181399999999996,0.0],[145.2993,-42.1824,2.8094],[145.3003,-42.1826,2.8094]]],
[[[145.2998,-42.1805,0.0],[145.3007,-42.1812,0.0],[145.3018,-42.181,0.0],[145.3015,-42.1804,0.0],[145.2998,-42.1805,0.0]]],
[[[145.1653,-42.1958,0.0],[145.1648,-42.1959,0.0],[145.165,-42.1964,0.3556],[145.1653,-42.1964,0.3556],[145.1653,-42.1958,0.0]]],
[[[145.3586,-42.1936,1.0756],[145.3585,-42.1939,1.0756],[145.3594,-42.1947,7.5502],[145.3596,-42.194,1.0756],[145.3586,-42.1936,1.0756]]],
[[[145.1946,-42.1959,0.0],[145.1945,-42.196,0.0],[145.1946,-42.196,0.0],[145.1946,-42.1959,0.0]]],
[[[145.1665,-42.1965,0.3556],[145.1665,-42.1959,0.0],[145.1659,-42.1953,0.0],[145.1661,-42.1963,0.3556],[145.1665,-42.1965,0.3556]]],
[[[145.2994,-42.1865,6.365],[145.2949,-42.1853,2.9961],[145.2928,-42.1882,9.2639],[145.2939,-42.1914,0.0],[145.3,-42.1897,3.7523],[145.3007,-42.1869,0.0],[145.2994,-42.1865,6.365]]],
[[[145.2862,-42.1878,0.0],[145.2854,-42.1866,0.1626],[145.2844,-42.1872,0.1626],[145.2857,-42.1881,0.0],[145.2862,-42.1878,0.0]]],
[[[148.3202,-42.1347,0.0],[148.3203,-42.1345,0.0],[148.3201,-42.1343,0.0],[148.32,-42.1346,0.0],[148.3202,-42.1347,0.0]]],
[[[148.3401,-42.134,0.0],[148.3398,-42.1337,0.0],[148.3396,-42.1338,0.0],[148.3401,-42.1342,0.0],[148.3401,-42.134,0.0]]],
[[[148.2694,-42.1242,0.0],[148.2687,-42.1245,0.0],[148.2687,-42.1249,0.0],[148.2703,-42.124,0.0],[148.2694,-42.1242,0.0]]],
[[[148.3384,-42.1326,0.0],[148.3387,-42.1335,0.0],[148.3394,-42.1338,0.0],[148.3394,-42.1332,0.0],[148.3384,-42.1326,0.0]]],
[[[148.3567,-42.119,0.0],[148.3566,-42.1182,0.0],[148.3553,-42.1184,0.0],[148.356,-42.1194,0.0],[148.3567,-42.119,0.0]]],
[[[148.3588,-42.116,0.0],[148.3583,-42.1171,0.0],[148.3588,-42.1174,0.0],[148.3593,-42.1168,0.0],[148.3588,-42.116,0.0]]],
[[[148.3473,-42.1171,31.2883],[148.3486,-42.1178,46.0096],[148.3503,-42.1175,0.0],[148.3469,-42.1156,17.6072],[148.3473,-42.1171,31.2883]]],
[[[148.3572,-42.1166,0.0],[148.357,-42.1173,0.0],[148.3576,-42.1178,0.0],[148.3579,-42.117,0.0],[148.3572,-42.1166,0.0]]],
[[[148.3252,-42.0821,11.5826],[148.3248,-42.0826,11.5826],[148.3255,-42.0833,0.0],[148.3257,-42.0825,0.0],[148.3252,-42.0821,11.5826]]],
[[[148.1975,-42.0755,0.0],[148.1991,-42.0767,0.0818],[148.2007,-42.075,0.1595],[148.1991,-42.0738,0.0825],[148.1975,-42.0755,0.0]]],
[[[148.1271,-42.0701,0.3305],[148.1276,-42.0709,0.3305],[148.1293,-42.0697,0.0978],[148.1287,-42.0695,0.0],[148.1271,-42.0701,0.3305]]],
[[[148.1459,-42.0694,1.8951],[148.1513,-42.0664,0.0],[148.1433,-42.0677,0.1614],[148.1433,-42.069,0.3597],[148.1459,-42.0694,1.8951]]],
[[[148.1442,-42.0656,0.2422],[148.1451,-42.0662,0.2422],[148.1465,-42.0658,0.0],[148.1459,-42.0652,0.2422],[148.1442,-42.0656,0.2422]]],
[[[148.1522,-42.0634,0.2527],[148.1528,-42.0636,0.0],[148.1537,-42.0627,0.0],[148.1513,-42.0631,0.2527],[148.1522,-42.0634,0.2527]]],
[[[148.146,-42.0726,1.038],[148.1499,-42.0706,0.2371],[148.1423,-42.0724,0.5276],[148.1433,-42.0735,0.0656],[148.146,-42.0726,1.038]]],
[[[148.1518,-42.0712,0.1359],[148.1518,-42.0705,0.1359],[148.1509,-42.0705,0.1359],[148.1509,-42.0709,0.1359],[148.1518,-42.0712,0.1359]]],
[[[145.1773,-42.3071,0.7338],[145.1776,-42.3083,0.0],[145.1777,-42.3071,0.7338],[145.1773,-42.3065,0.7338],[145.1773,-42.3071,0.7338]]],
[[[145.1783,-42.3075,0.7338],[145.1786,-42.3075,0.7338],[145.1785,-42.3067,0.7338],[145.1783,-42.3069,0.7338],[145.1783,-42.3075,0.7338]]],
[[[145.272,-42.2726,5.7725],[145.2735,-42.2718,5.7725],[145.2732,-42.2709,0.0],[145.2718,-42.2714,5.7725],[145.272,-42.2726,5.7725]]],
[[[148.3088,-42.2704,0.0],[148.3084,-42.2706,12.7789],[148.3094,-42.271,0.0],[148.3094,-42.2707,0.0],[148.3088,-42.2704,0.0]]],
[[[148.0266,-42.2545,1.1684],[148.0263,-42.2546,0.0],[148.0262,-42.2547,0.0],[148.0264,-42.2547,0.0],[148.0266,-42.2545,1.1684]]],
[[[148.0264,-42.2544,1.1684],[148.0266,-42.2543,1.1684],[148.0267,-42.2542,1.1684],[148.0264,-42.2543,1.1684],[148.0264,-42.2544,1.1684]]],
[[[148.0267,-42.2535,1.1684],[148.0263,-42.2524,0.0],[148.0248,-42.2533,1.1684],[148.026,-42.254,1.1684],[148.0267,-42.2535,1.1684]]],
[[[145.1968,-42.2502,0.261],[145.1968,-42.2506,0.261],[145.1972,-42.2505,0.261],[145.1969,-42.25,0.261],[145.1968,-42.2502,0.261]]],
[[[145.1973,-42.2501,0.261],[145.1972,-42.2498,0.261],[145.197,-42.2497,0.261],[145.1974,-42.2504,0.261],[145.1973,-42.2501,0.261]]],
[[[145.1975,-42.2501,0.0],[145.1982,-42.2491,0.0],[145.198,-42.2487,0.0],[145.1972,-42.2494,0.3411],[145.1975,-42.2501,0.0]]],
[[[145.1914,-42.2449,0.1261],[145.1916,-42.2451,0.1261],[145.1922,-42.2451,0.1261],[145.1919,-42.2447,0.1261],[145.1914,-42.2449,0.1261]]],
[[[145.1887,-42.2429,0.0],[145.1889,-42.2436,0.0],[145.1891,-42.2437,0.0],[145.1891,-42.2429,0.0],[145.1887,-42.2429,0.0]]],
[[[145.1886,-42.2383,0.0],[145.1887,-42.238,0.0],[145.1882,-42.2378,0.0],[145.1883,-42.2382,0.0],[145.1886,-42.2383,0.0]]],
[[[148.3291,-42.2321,0.0],[148.3291,-42.232,0.0],[148.3288,-42.232,0.0],[148.3291,-42.2323,0.0],[148.3291,-42.2321,0.0]]],
[[[148.3359,-42.2317,0.0],[148.3361,-42.2318,0.0],[148.336,-42.2316,0.0],[148.3359,-42.2317,0.0]]],
[[[145.1921,-42.2307,0.4332],[145.192,-42.2303,0.4332],[145.1916,-42.2304,0.4332],[145.1919,-42.2307,0.4332],[145.1921,-42.2307,0.4332]]],
[[[148.3354,-42.2298,0.0],[148.3357,-42.2295,0.0],[148.3356,-42.2293,0.0],[148.3351,-42.2295,6.8304],[148.3354,-42.2298,0.0]]],
[[[148.3329,-42.2293,3.0685],[148.3325,-42.2293,3.0685],[148.3327,-42.2297,0.0],[148.333,-42.2294,3.0685],[148.3329,-42.2293,3.0685]]],
[[[145.2229,-42.2246,0.0],[145.223,-42.2247,0.0],[145.2231,-42.2245,0.0],[145.2229,-42.2244,0.0],[145.2229,-42.2246,0.0]]],
[[[145.1823,-42.2188,0.0],[145.182,-42.219,0.0],[145.1825,-42.2195,0.0],[145.1827,-42.2189,0.0],[145.1823,-42.2188,0.0]]],
[[[145.1882,-42.224,1.6714],[145.1882,-42.2236,1.6714],[145.188,-42.2235,1.6714],[145.1879,-42.2238,1.6714],[145.1882,-42.224,1.6714]]],
[[[145.2224,-42.2234,0.0],[145.2222,-42.2231,0.0],[145.2221,-42.2236,12.3476],[145.2224,-42.2237,0.0],[145.2224,-42.2234,0.0]]],
[[[145.2885,-42.2147,0.0],[145.2887,-42.2149,0.0],[145.2891,-42.2148,0.0],[145.289,-42.2146,0.0],[145.2885,-42.2147,0.0]]],
[[[145.2158,-42.2111,0.4276],[145.2166,-42.2114,0.0],[145.2167,-42.2109,0.0],[145.216,-42.2104,0.0],[145.2158,-42.2111,0.4276]]],
[[[145.1876,-42.2106,4.308],[145.1876,-42.2104,4.308],[145.1873,-42.2112,4.308],[145.1877,-42.2111,4.308],[145.1876,-42.2106,4.308]]],
[[[145.1773,-42.2088,6.6093],[145.1769,-42.2093,6.6093],[145.1782,-42.2081,6.6093],[145.1778,-42.2083,6.6093],[145.1773,-42.2088,6.6093]]],
[[[148.351,-42.2082,0.0],[148.3512,-42.2081,0.0],[148.3508,-42.2078,0.0],[148.3508,-42.208,0.0],[148.351,-42.2082,0.0]]],
[[[148.3537,-42.2034,0.0],[148.3545,-42.2033,0.0],[148.3542,-42.2022,0.0],[148.3533,-42.2029,0.0],[148.3537,-42.2034,0.0]]],
[[[145.2007,-42.1996,0.0],[145.2005,-42.1995,0.0],[145.2005,-42.1996,0.0],[145.2006,-42.1997,0.0],[145.2007,-42.1996,0.0]]],
[[[145.1807,-42.2089,0.0],[145.1802,-42.2092,0.0],[145.1803,-42.2095,0.0],[145.181,-42.2092,3.8226],[145.1807,-42.2089,0.0]]],
[[[147.9379,-42.6488,0.0],[147.9381,-42.6485,0.0],[147.9369,-42.6483,0.0],[147.9382,-42.6491,0.0],[147.9379,-42.6488,0.0]]],
[[[147.9385,-42.6488,0.0],[147.9385,-42.6491,0.0],[147.9392,-42.6492,0.0],[147.9389,-42.649,0.0],[147.9385,-42.6488,0.0]]],
[[[147.9397,-42.6487,0.0],[147.9408,-42.6491,0.0725],[147.9418,-42.6489,0.0725],[147.9409,-42.6486,0.0725],[147.9397,-42.6487,0.0]]],
[[[145.2853,-42.6342,3.0673],[145.2867,-42.6346,0.3835],[145.2868,-42.634,1.046],[145.2854,-42.6332,3.0673],[145.2853,-42.6342,3.0673]]],
[[[145.2694,-42.6293,2.523],[145.2698,-42.6286,2.8636],[145.2675,-42.6299,0.0],[145.2677,-42.6299,0.0],[145.2694,-42.6293,2.523]]],
[[[147.9775,-42.6434,1.1635],[147.9783,-42.6434,1.1635],[147.9798,-42.643,0.0],[147.9772,-42.6418,2.25],[147.9775,-42.6434,1.1635]]],
[[[148.13640666666666,-42.618206666666666,0.0],[148.13627894736842,-42.618226315789471,0.0],[148.1365,-42.6183,0.0],[148.13640666666666,-42.618206666666666,0.0]]],
[[[148.13627894736842,-42.618226315789471,0.0],[148.1362,-42.6182,0.0],[148.1364,-42.6182,0.0],[148.13640666666666,-42.618206666666666,0.0],[148.1384,-42.6179,0.0],[148.1379,-42.6175,0.0057],[148.1358,-42.617,77.0391],[148.137,-42.6146,3.1818],[148.134,-42.6136,1.9246],[148.1378,-42.6111,28.3513],[148.1369,-42.6093,47.8013],[148.1386,-42.6084,0.0],[148.1348,-42.6076,7.9184],[148.1323,-42.6056,105.1032],[148.1336,-42.6041,32.0497],[148.1291,-42.6028,66.8392],[148.1295,-42.5984,28.1519],[148.1273,-42.5979,109.68],[148.1289,-42.5971,5.7331],[148.1234,-42.5927,131.0623],[148.1238,-42.5896,0.0],[148.1219,-42.5891,33.6534],[148.1201,-42.585,6.5466],[148.1099,-42.5829,0.0],[148.1017,-42.5834,25.7561],[148.0978,-42.5853,40.667],[148.0898,-42.585,113.5285],[148.0831,-42.5801,8.7306],[148.0791,-42.5723,4.6904],[148.0729,-42.5693,0.0],[148.0674,-42.5707,1.4219],[148.0654,-42.5751,8.0405],[148.0628,-42.5769,0.0],[148.0647,-42.5784,5.4407],[148.0637,-42.5806,0.0],[148.0556,-42.5825,1.5835],[148.0528,-42.5851,0.0],[148.0554,-42.5892,0.9264],[148.0473,-42.5966,0.0],[148.05,-42.6011,27.285],[148.0481,-42.6031,17.6561],[148.0477,-42.6079,14.5014],[148.0374,-42.6148,24.7661],[148.0371,-42.6194,0.0],[148.0306,-42.6212,0.0],[148.0283,-42.6247,0.0],[148.0282,-42.6283,3.2374],[148.0247,-42.6293,0.0],[148.0266,-42.6301,0.0],[148.026,-42.6313,0.0],[148.0312,-42.6316,1.7744],[148.0343,-42.6349,0.0],[148.035,-42.6373,0.0],[148.0334,-42.6383,0.4306],[148.0365,-42.639,1.2413],[148.0388,-42.643,0.0],[148.0379,-42.6492,3.7209],[148.026,-42.6578,0.0],[148.0198,-42.6598,7.7045],[148.0151,-42.659,0.0],[148.0093,-42.6612,0.0],[148.0217,-42.6655,3.1771],[148.0248,-42.6683,0.0],[148.0323,-42.6649,0.7484],[148.0371,-42.6661,3.736],[148.0379,-42.6621,1.1408],[148.0411,-42.6608,8.9631],[148.0407,-42.6564,3.4588],[148.0433,-42.655,1.2333],[148.0497,-42.6557,2.9206],[148.0569,-42.6589,3.3711],[148.0632,-42.6646,0.0],[148.0657,-42.6692,1.252],[148.0663,-42.677,5.483],[148.0633,-42.6829,0.0],[148.0573,-42.6856,1.3904],[148.0511,-42.6854,9.9125],[148.049,-42.683,14.1252],[148.0454,-42.6821,1.7482],[148.0387,-42.6841,1.6146],[148.0394,-42.6871,19.6963],[148.0354,-42.6913,7.749],[148.0343,-42.6989,1.3126],[148.028,-42.7049,0.0],[148.0286,-42.7085,0.0],[148.0255,-42.7129,0.0],[148.0217,-42.7147,21.488],[148.0196,-42.7176,12.7724],[148.0127,-42.7203,20.3851],[148.0153,-42.7229,23.405],[148.0117,-42.7301,8.1541],[148.0131,-42.737,5.8968],[148.0145,-42.7374,39.4222],[148.0135,-42.7417,3.414],[148.024,-42.741,21.1938],[148.0248,-42.7388,5.448],[148.0293,-42.7373,0.0],[148.03,-42.7351,10.5995],[148.0337,-42.7334,0.0],[148.0419,-42.7252,7.1428],[148.048,-42.7227,27.3007],[148.0521,-42.7219,19.21],[148.0536,-42.7249,0.0],[148.0584,-42.7254,2.09],[148.0585,-42.7234,19.6768],[148.0617,-42.7257,0.0],[148.0626,-42.7247,10.9896],[148.0641,-42.7262,27.8282],[148.0647,-42.7251,27.8282],[148.0674,-42.7258,8.2966],[148.0672,-42.7234,15.2379],[148.0629,-42.7193,36.7577],[148.0651,-42.7189,4.1272],[148.0653,-42.7173,25.6169],[148.0794,-42.7244,43.5043],[148.0854,-42.7238,12.6437],[148.0865,-42.7202,20.2356],[148.0897,-42.7217,0.0],[148.093,-42.7209,0.0],[148.0927,-42.7156,20.989],[148.0962,-42.7161,11.1456],[148.0952,-42.7133,7.1079],[148.0927,-42.7128,13.9022],[148.0963,-42.7112,2.4148],[148.0934,-42.7088,8.2986],[148.0944,-42.7045,12.2793],[148.087,-42.698,38.1924],[148.0872,-42.6933,25.1928],[148.0889,-42.6934,0.0],[148.0871,-42.6895,2.9698],[148.0812,-42.6847,8.784],[148.073,-42.6866,5.8807],[148.0682,-42.6812,0.0],[148.071,-42.671,5.3868],[148.08,-42.6625,5.7017],[148.0835,-42.6608,7.2397],[148.094,-42.661,15.7712],[148.0958,-42.6629,6.3506],[148.1029,-42.6603,26.2613],[148.1099,-42.6612,23.3375],[148.1121,-42.6597,4.6055],[148.1155,-42.6633,2.5491],[148.121,-42.6636,14.2221],[148.1159,-42.6673,24.2709],[148.1196,-42.6687,2.587],[148.1215,-42.6663,3.6683],[148.1252,-42.6677,5.0053],[148.1248,-42.6661,25.361],[148.1279,-42.6654,0.0],[148.1273,-42.6644,32.5724],[148.1303,-42.661,39.7745],[148.1333,-42.6601,18.4898],[148.14,-42.6664,0.0],[148.1445,-42.6674,6.5988],[148.1463,-42.6668,0.0],[148.1469,-42.6592,39.1256],[148.1507,-42.657,0.0],[148.153,-42.6535,4.4748],[148.1577,-42.6525,0.0],[148.1587,-42.6502,11.2591],[148.1671,-42.6504,4.5813],[148.169,-42.6482,0.0],[148.1622,-42.6459,11.7521],[148.16,-42.6429,0.0],[148.1513,-42.6412,0.0],[148.1407,-42.6311,111.4996],[148.1421,-42.6267,0.0],[148.1363,-42.6238,6.0068],[148.1358,-42.6183,72.2015],[148.13627894736842,-42.618226315789471,0.0]]],
[[[147.1973,-42.7312,0.0],[147.1975,-42.7312,0.0],[147.1976,-42.731,0.0],[147.197,-42.7311,0.0],[147.1973,-42.7312,0.0]]],
[[[147.1946,-42.7269,3.581],[147.1939,-42.7273,3.581],[147.196,-42.727,0.0],[147.1957,-42.7266,0.0],[147.1946,-42.7269,3.581]]],
[[[148.0676,-42.7264,0.0],[148.068,-42.7261,0.0],[148.0679,-42.7256,8.2966],[148.0676,-42.7257,8.2966],[148.0676,-42.7264,0.0]]],
[[[148.1517,-42.6566,0.0],[148.1518,-42.6566,0.0],[148.1517,-42.6565,0.0],[148.1517,-42.6566,0.0]]],
[[[147.1959,-42.7308,0.0],[147.1956,-42.7309,0.0],[147.1969,-42.7308,0.0],[147.1966,-42.7304,0.0],[147.1959,-42.7308,0.0]]],
[[[147.1973,-42.7306,0.0],[147.197,-42.7304,0.0],[147.1972,-42.7308,0.0],[147.1981,-42.7309,0.0],[147.1974,-42.7307,0.0],[147.1973,-42.7306,0.0]]],
[[[147.1912,-42.7321,0.0],[147.1915,-42.732,0.0],[147.1915,-42.7319,0.0],[147.1912,-42.7318,0.0],[147.1912,-42.7321,0.0]]],
[[[147.1881,-42.7327,0.0],[147.1883,-42.7324,0.0],[147.1882,-42.7323,0.0],[147.1877,-42.7327,0.0],[147.1881,-42.7327,0.0]]],
[[[147.1867,-42.7325,0.0],[147.1869,-42.7326,0.0],[147.187,-42.7325,0.0],[147.1868,-42.7323,0.0],[147.1867,-42.7325,0.0]]],
[[[147.1871,-42.7322,0.0],[147.1871,-42.7324,0.0],[147.1874,-42.7322,0.0],[147.1873,-42.7321,0.0],[147.1871,-42.7322,0.0]]],
[[[147.1877,-42.7321,0.0],[147.1876,-42.7322,0.0],[147.1877,-42.7324,0.0],[147.1879,-42.7322,0.0],[147.1877,-42.7321,0.0]]],
[[[147.1908,-42.7323,0.0],[147.1909,-42.732,0.0],[147.1904,-42.7321,0.0],[147.1905,-42.7322,0.0],[147.1908,-42.7323,0.0]]],
[[[147.1902,-42.732,0.0],[147.1899,-42.7318,0.0],[147.1893,-42.7324,0.0],[147.1899,-42.7324,0.0],[147.1902,-42.732,0.0]]],
[[[147.1921,-42.732,0.0],[147.1922,-42.7317,0.0],[147.1917,-42.7318,0.0],[147.1918,-42.732,0.0],[147.1921,-42.732,0.0]]],
[[[147.1889,-42.7317,0.0],[147.189,-42.7319,0.0],[147.1893,-42.7318,0.0],[147.1892,-42.7316,0.0],[147.1889,-42.7317,0.0]]],
[[[145.2779,-42.6056,0.0],[145.2773,-42.6033,6.4891],[145.2751,-42.6035,12.6909],[145.2764,-42.606,10.1658],[145.278,-42.6063,0.0],[145.2779,-42.6056,0.0]]],
[[[148.0713,-42.5619,11.4587],[148.069,-42.5611,0.0],[148.0679,-42.563,0.0],[148.0714,-42.5644,5.1587],[148.0724,-42.5629,0.0],[148.0713,-42.5619,11.4587]]],
[[[145.2761,-42.558,0.0],[145.2764,-42.5574,3.4809],[145.2741,-42.5565,5.4445],[145.2742,-42.5588,1.7603],[145.2761,-42.558,0.0]]],
[[[147.9099,-42.5152,0.0],[147.9099,-42.5149,0.0],[147.9097,-42.5149,0.0],[147.9097,-42.5153,0.0],[147.9099,-42.5152,0.0]]],
[[[147.912,-42.5116,0.3568],[147.9118,-42.5112,1.8267],[147.911,-42.5113,0.0],[147.9115,-42.5116,0.0],[147.912,-42.5116,0.3568]]],
[[[147.9115,-42.5124,0.0],[147.9116,-42.5123,0.0],[147.9112,-42.5125,0.0],[147.9113,-42.5125,0.0],[147.9115,-42.5124,0.0]]],
[[[147.9109,-42.5122,0.0],[147.9107,-42.5124,0.0],[147.911,-42.5125,0.0],[147.9111,-42.5125,0.0],[147.9109,-42.5122,0.0]]],
[[[147.9095,-42.5107,1.2618],[147.9092,-42.5105,1.2618],[147.9091,-42.5104,1.2618],[147.9093,-42.5109,1.2618],[147.9095,-42.5107,1.2618]]],
[[[147.9091,-42.5097,1.2618],[147.9093,-42.51,1.2618],[147.9096,-42.5099,0.2032],[147.9095,-42.5098,1.2618],[147.9091,-42.5097,1.2618]]],
[[[147.9098,-42.5098,0.2032],[147.91,-42.5097,0.2032],[147.9097,-42.5096,0.2032],[147.9097,-42.5097,0.2032],[147.9098,-42.5098,0.2032]]],
[[[148.0097,-42.4569,3.8161],[148.0099,-42.4569,3.8161],[148.0101,-42.4569,3.8161],[148.0099,-42.4566,3.8161],[148.0097,-42.4569,3.8161]]],
[[[145.224,-42.4195,0.0],[145.2231,-42.419,0.0],[145.2227,-42.4192,0.0],[145.2233,-42.4204,0.0],[145.224,-42.4195,0.0]]],
[[[145.4501,-42.3879,8.3152],[145.4508,-42.3861,0.0],[145.4473,-42.3874,1.7086],[145.4455,-42.3906,0.0],[145.4467,-42.3906,1.8952],[145.4501,-42.3879,8.3152]]],
[[[145.4592,-42.3851,0.0],[145.4598,-42.385,0.0],[145.4594,-42.3843,0.0],[145.4591,-42.3845,0.0],[145.4592,-42.3851,0.0]]],
[[[148.3138,-42.3638,0.0],[148.3136,-42.3638,0.0],[148.3134,-42.364,0.0],[148.3139,-42.3642,0.0],[148.3138,-42.3638,0.0]]],
[[[148.3155,-42.3626,4.4515],[148.315,-42.3626,4.4515],[148.3149,-42.363,0.0],[148.3155,-42.3631,0.0],[148.3155,-42.3626,4.4515]]],
[[[148.3163,-42.3616,4.4515],[148.3169,-42.36,40.6606],[148.3143,-42.3581,47.9374],[148.3115,-42.3591,12.6989],[148.3149,-42.3623,0.0],[148.3163,-42.3616,4.4515]]],
[[[148.3116,-42.3553,0.0],[148.312,-42.356,0.0],[148.3136,-42.3561,0.0],[148.3119,-42.3551,0.0],[148.3116,-42.3553,0.0]]],
[[[148.3121,-42.355,0.0],[148.3134,-42.3557,0.0],[148.3138,-42.3553,0.0],[148.3131,-42.3546,0.0],[148.3121,-42.355,0.0]]],
[[[145.5044,-42.3454,4.6771],[145.5063,-42.3448,0.0],[145.4976,-42.3458,0.0],[145.5014,-42.3487,4.9201],[145.5044,-42.3454,4.6771]]],
[[[148.3402,-42.3465,0.0],[148.3397,-42.3465,0.0],[148.3396,-42.3467,0.0],[148.3401,-42.3469,0.0],[148.3402,-42.3465,0.0]]],
[[[147.9457,-42.3463,0.3531],[147.946,-42.3463,0.3531],[147.9463,-42.3462,0.5582],[147.9458,-42.3462,0.5582],[147.9457,-42.3463,0.3531]]],
[[[148.2864,-42.336,0.0],[148.286,-42.336,0.0],[148.2859,-42.3361,0.0],[148.2867,-42.3364,0.0],[148.2864,-42.336,0.0]]],
[[[147.952,-42.3409,0.9999],[147.9507,-42.341,0.7789],[147.9522,-42.3411,0.9999],[147.9534,-42.3407,0.7949],[147.9533,-42.3407,0.7949],[147.952,-42.3409,0.9999]]],
[[[147.9496,-42.3405,0.7789],[147.9505,-42.3409,0.7789],[147.9533,-42.3401,0.7949],[147.9511,-42.3405,0.9999],[147.9501,-42.339,0.6442],[147.9512,-42.3381,0.9598],[147.9493,-42.3391,0.6442],[147.9496,-42.3405,0.7789]]],
[[[145.453,-42.3359,0.0],[145.454,-42.3353,0.0],[145.4477,-42.3339,0.0],[145.4484,-42.3357,0.0],[145.453,-42.3359,0.0]]],
[[[147.9856,-42.3238,0.4969],[147.9858,-42.3239,0.0],[147.9859,-42.3238,0.0],[147.9856,-42.3237,0.4969],[147.9856,-42.3238,0.4969]]],
[[[147.9837,-42.3232,0.4969],[147.9834,-42.3223,0.0],[147.9827,-42.3223,0.0],[147.983,-42.3234,0.0],[147.9837,-42.3232,0.4969]]],
[[[147.9878,-42.3217,3.1332],[147.9879,-42.3218,3.1332],[147.9881,-42.3218,3.1332],[147.9879,-42.3215,3.1332],[147.9878,-42.3217,3.1332]]],
[[[147.9504,-42.3427,0.2168],[147.9482,-42.3415,0.6949],[147.9442,-42.343,0.0],[147.9462,-42.3431,0.1062],[147.9504,-42.3427,0.2168]]],
[[[147.9541,-42.3414,0.5002],[147.9567,-42.3399,0.4498],[147.9555,-42.34,0.4498],[147.9544,-42.3404,0.7949],[147.9527,-42.3417,0.0957],[147.9563,-42.3429,0.9622],[147.953,-42.3416,0.5002],[147.9541,-42.3414,0.5002]]],
[[[147.9765,-42.3224,5.1726],[147.9833,-42.3187,4.7584],[147.9823,-42.3156,1.3111],[147.9787,-42.3161,0.5416],[147.9759,-42.3209,5.0135],[147.9765,-42.3224,5.1726]]],
[[[148.2975,-42.2928,0.0],[148.2944,-42.2919,8.4722],[148.2886,-42.2937,3.8473],[148.2877,-42.2982,9.9827],[148.2853,-42.3001,8.2202],[148.2826,-42.2984,3.5292],[148.2793,-42.3021,15.7401],[148.2794,-42.3015,15.7401],[148.2801,-42.3002,4.9534],[148.2749,-42.2971,3.7082],[148.2681,-42.2971,13.1643],[148.2595,-42.2934,6.2619],[148.2534,-42.2937,2.0197],[148.2494,-42.2975,9.8032],[148.2383,-42.3031,0.0],[148.2356,-42.3099,0.0],[148.2372,-42.3121,16.9632],[148.2366,-42.3177,0.0],[148.2422,-42.3232,0.0],[148.2523,-42.3286,3.9292],[148.2596,-42.3281,2.3547],[148.2628,-42.3296,0.0],[148.2731,-42.3274,14.6125],[148.2771,-42.3246,0.7881],[148.2866,-42.3332,0.0],[148.2948,-42.3318,18.6145],[148.2923,-42.336,33.4543],[148.2996,-42.3375,31.1211],[148.2971,-42.3396,0.0],[148.2989,-42.3412,13.8817],[148.3015,-42.3398,0.0],[148.3007,-42.3369,30.9743],[148.306,-42.3412,26.1259],[148.3046,-42.3438,0.0],[148.3086,-42.3427,31.818],[148.3141,-42.345,0.0],[148.314,-42.3434,20.6331],[148.3203,-42.3438,0.0],[148.3215,-42.3417,20.2034],[148.3262,-42.3431,0.0],[148.3279,-42.3416,4.6134],[148.3316,-42.342,1.8722],[148.3324,-42.3405,13.8953],[148.3389,-42.3444,6.1277],[148.3385,-42.3429,45.4538],[148.3401,-42.344,6.6929],[148.3434,-42.343,0.0],[148.3428,-42.341,64.3999],[148.3458,-42.3418,0.0],[148.345,-42.3401,0.0095],[148.341,-42.3388,16.219],[148.3349,-42.34,16.4742],[148.3306,-42.3366,49.0907],[148.3296,-42.3339,0.0],[148.3263,-42.3337,81.4625],[148.3251,-42.3263,87.5965],[148.3302,-42.325,0.0],[148.3317,-42.3226,0.0],[148.3227,-42.3193,0.0],[148.3204,-42.3203,2.7994],[148.3194,-42.3237,40.1003],[148.3176,-42.3233,16.3482],[148.3144,-42.3153,48.5253],[148.3156,-42.3099,32.069],[148.3193,-42.3059,0.0],[148.3168,-42.305,173.5252],[148.3172,-42.3038,0.0],[148.3129,-42.3003,0.0],[148.3037,-42.2962,3.1933],[148.303,-42.2943,0.0],[148.3006,-42.2949,27.6273],[148.2975,-42.2928,0.0]]],
[[[145.6277,-43.0201,0.0],[145.6281,-43.0201,0.0],[145.6285,-43.0194,11.7885],[145.6276,-43.0195,11.7885],[145.6277,-43.0201,0.0]]],
[[[145.6084,-43.0111,0.0919],[145.6086,-43.011,0.0919],[145.6081,-43.0108,0.0919],[145.6081,-43.011,0.0919],[145.6084,-43.0111,0.0919]]],
[[[145.6089,-43.0091,0.3551],[145.6077,-43.0088,0.3551],[145.6074,-43.009,0.3551],[145.6085,-43.0093,0.3551],[145.6089,-43.0091,0.3551]]],
[[[145.5994,-42.9859,11.4579],[145.5992,-42.9857,11.4579],[145.5991,-42.9857,11.4579],[145.5992,-42.9859,11.4579],[145.5994,-42.9859,11.4579]]],
[[[145.4899,-42.9701,0.0],[145.4906,-42.9693,0.4511],[145.4884,-42.9696,0.3354],[145.4895,-42.9702,0.3354],[145.4899,-42.9701,0.0]]],
[[[145.435,-42.8554,1.4764],[145.4349,-42.8556,1.4764],[145.4354,-42.8556,1.4764],[145.435,-42.8554,1.4764]]],
[[[147.5179,-42.8255,0.9455],[147.5179,-42.8256,0.9455],[147.518,-42.8255,0.9455],[147.5179,-42.8253,0.9455],[147.5179,-42.8254,0.9455],[147.5179,-42.8255,0.9455]]],
[[[147.49103333333335,-42.817866666666667,0.0],[147.491,-42.8176,0.0],[147.491,-42.8178,0.0],[147.49103333333335,-42.817866666666667,0.0]]],
[[[147.5589,-42.8112,0.0],[147.559,-42.8147,0.0],[147.561,-42.8143,12.4982],[147.5603,-42.8121,3.5136],[147.5589,-42.8112,0.0]]],
[[[147.4802,-42.8116,0.433],[147.4801,-42.8117,0.433],[147.4804,-42.8117,0.433],[147.4804,-42.8116,0.433],[147.4802,-42.8116,0.433]]],
[[[147.5354,-42.8057,1.7517],[147.5356,-42.8056,1.7517],[147.5352,-42.8054,1.7517],[147.5354,-42.8056,1.7517],[147.5354,-42.8057,1.7517]]],
[[[147.5475,-42.7932,0.0],[147.5476,-42.7932,0.0],[147.5477,-42.7931,0.0],[147.5474,-42.793,0.0],[147.5475,-42.7932,0.0]]],
[[[147.5315,-42.8156,0.0],[147.5319,-42.8151,0.0],[147.531,-42.8142,0.0],[147.5311,-42.8154,0.0],[147.5315,-42.8156,0.0]]],
[[[147.4892,-42.8187,0.114],[147.4873,-42.8184,0.0694],[147.4863,-42.8199,0.0453],[147.4887,-42.8208,0.0551],[147.4892,-42.8187,0.114]]],
[[[147.4901,-42.8184,0.0],[147.49,-42.8183,0.0],[147.4901,-42.8186,0.0],[147.4901,-42.8184,0.0]]],
[[[147.49103333333335,-42.817866666666667,0.0],[147.4911,-42.8184,0.0],[147.4911,-42.818,0.0],[147.49103333333335,-42.817866666666667,0.0]]],
[[[147.4524,-42.7809,0.0],[147.4527,-42.7807,0.0],[147.452,-42.7807,0.0],[147.4522,-42.7809,0.0],[147.4524,-42.7809,0.0]]],
[[[147.4577,-42.7777,0.109],[147.4575,-42.7777,0.109],[147.4573,-42.7777,0.109],[147.4574,-42.7778,0.109],[147.4577,-42.7777,0.109]]],
[[[145.3774,-42.7769,0.0],[145.3781,-42.7777,0.0],[145.3789,-42.7774,3.1161],[145.3781,-42.7766,0.0],[145.3774,-42.7769,0.0]]],
[[[145.3802,-42.7749,5.6033],[145.3789,-42.7741,0.0],[145.3779,-42.7749,0.0],[145.3792,-42.7769,3.1161],[145.3802,-42.7749,5.6033]]],
[[[147.4611,-42.7703,0.0862],[147.4563,-42.7689,0.1178],[147.4524,-42.7703,0.0],[147.4623,-42.774,0.0283],[147.4626,-42.7721,0.3364],[147.4648,-42.7715,0.0826],[147.4611,-42.7703,0.0862]]],
[[[147.459,-42.7693,0.1034],[147.459,-42.7695,0.1034],[147.4592,-42.7695,0.1034],[147.4592,-42.7694,0.1034],[147.459,-42.7693,0.1034]]],
[[[147.4578,-42.7677,0.1947],[147.4581,-42.7681,0.0],[147.4583,-42.768,0.0],[147.4581,-42.7677,0.1947],[147.4578,-42.7677,0.1947]]],
[[[147.1504,-42.7524,0.0],[147.1498,-42.7529,8.9891],[147.1485,-42.754,0.0],[147.1517,-42.7518,0.0],[147.1504,-42.7524,0.0]]],
[[[147.19,-42.7375,0.0474],[147.19,-42.7373,0.0474],[147.1895,-42.7373,0.0474],[147.1895,-42.7374,0.0474],[147.19,-42.7375,0.0474]]],
[[[147.1921,-42.7362,0.0],[147.1904,-42.7362,0.0],[147.1902,-42.7374,0.0474],[147.1935,-42.7368,0.0],[147.1921,-42.7362,0.0]]],
[[[147.1852,-42.7354,0.7071],[147.1852,-42.7356,0.7071],[147.1853,-42.7356,0.1416],[147.1854,-42.7354,0.1416],[147.1852,-42.7354,0.7071]]],
[[[147.1886,-42.7352,0.044],[147.1885,-42.7354,0.044],[147.1887,-42.7354,0.044],[147.1887,-42.7352,0.044],[147.1886,-42.7352,0.044]]],
[[[147.1861,-42.7356,0.1416],[147.1861,-42.7348,0.1416],[147.1851,-42.7346,0.7071],[147.1864,-42.7359,0.1416],[147.1861,-42.7356,0.1416]]],
[[[147.1883,-42.7362,0.044],[147.1884,-42.7359,0.044],[147.1881,-42.7358,0.044],[147.188,-42.7361,0.044],[147.1883,-42.7362,0.044]]],
[[[147.1888,-42.7358,0.044],[147.1887,-42.7356,0.044],[147.1882,-42.7355,0.044],[147.1884,-42.7357,0.044],[147.1888,-42.7358,0.044]]],
[[[147.1875,-42.7336,0.0944],[147.187,-42.7356,0.1416],[147.191,-42.7337,0.2192],[147.1926,-42.7347,0.0],[147.1907,-42.7328,0.0],[147.1875,-42.7336,0.0944]]],
[[[147.1985,-42.7325,0.0],[147.1961,-42.7325,0.0],[147.1942,-42.7341,0.0],[147.2007,-42.7355,0.0],[147.1985,-42.7325,0.0]]],
[[[147.1851,-42.7339,0.3862],[147.1853,-42.7338,0.1994],[147.1854,-42.7337,0.1994],[147.1849,-42.7337,0.3862],[147.1851,-42.7339,0.3862]]],
[[[147.1924,-42.7341,0.0729],[147.1927,-42.7341,0.0729],[147.1928,-42.734,0.0729],[147.1925,-42.734,0.0729],[147.1924,-42.7341,0.0729]]],
[[[147.1859,-42.7344,0.1994],[147.1864,-42.7346,0.1416],[147.1867,-42.7338,0.1994],[147.1861,-42.7337,0.1994],[147.1859,-42.7344,0.1994]]],
[[[147.1858,-42.7338,0.1994],[147.186,-42.7335,0.1994],[147.1858,-42.7334,0.1994],[147.1855,-42.7337,0.1994],[147.1858,-42.7338,0.1994]]],
[[[147.1861,-42.7329,0.0],[147.1862,-42.7331,0.1994],[147.1864,-42.7331,0.1994],[147.1863,-42.7329,0.0],[147.1861,-42.7329,0.0]]],
[[[147.187,-42.7331,0.1994],[147.1868,-42.7327,0.0],[147.1866,-42.7328,0.0],[147.1866,-42.7333,0.1994],[147.187,-42.7331,0.1994]]],
[[[146.3754,-43.643,4.0883],[146.3739,-43.6421,0.383],[146.3725,-43.644,6.5455],[146.3739,-43.6456,1.0654],[146.3754,-43.643,4.0883]]],
[[[146.3832,-43.6388,0.1663],[146.3827,-43.6385,0.0],[146.3816,-43.6386,0.0],[146.3842,-43.6398,0.0],[146.3832,-43.6388,0.1663]]],
[[[146.2582,-43.6295,0.0],[146.257,-43.6291,0.0],[146.2564,-43.6301,0.0],[146.2576,-43.6299,0.0],[146.2582,-43.6295,0.0]]],
[[[146.2727,-43.6322,17.2182],[146.2725,-43.6323,17.2182],[146.273,-43.6324,17.2182],[146.2729,-43.632,17.2182],[146.2727,-43.6322,17.2182]]],
[[[146.272,-43.6319,17.2182],[146.2744,-43.632,29.1095],[146.2767,-43.6344,5.8735],[146.2786,-43.6316,0.0],[146.2718,-43.6298,16.1164],[146.2699,-43.6311,5.1788],[146.272,-43.6319,17.2182]]],
[[[146.27118,-43.64931,0.0],[146.271192,-43.649284,0.0],[146.2711,-43.6491,0.0],[146.2709,-43.6492,0.0],[146.271,-43.6494,0.0],[146.27118,-43.64931,0.0]]],
[[[146.271192,-43.649284,0.0],[146.2712,-43.6493,0.0],[146.27118,-43.64931,0.0],[146.2692,-43.6536,1.1666],[146.27,-43.655,61.3395],[146.2671,-43.6575,1.2728],[146.2679,-43.6583,6.2452],[146.2825,-43.6561,28.3889],[146.2863,-43.6515,0.0],[146.2831,-43.6464,95.9671],[146.2842,-43.6456,0.0],[146.2792,-43.6437,47.2093],[146.281,-43.6405,12.8719],[146.2761,-43.6361,0.0],[146.2736,-43.6378,0.0],[146.2758,-43.6387,60.3176],[146.2742,-43.6389,24.4888],[146.2762,-43.6413,135.8205],[146.2745,-43.641,37.6703],[146.2751,-43.6432,79.4915],[146.2721,-43.6443,0.8656],[146.2737,-43.6445,79.4915],[146.2716,-43.6484,49.4214],[146.271192,-43.649284,0.0]]],
[[[146.2854,-43.6209,6.2412],[146.2854,-43.621,6.2412],[146.2855,-43.621,6.2412],[146.2855,-43.6209,6.2412],[146.2854,-43.6209,6.2412]]],
[[[146.2878,-43.6181,9.1161],[146.2864,-43.6178,0.0],[146.2877,-43.618899999999996,9.1161],[146.2856,-43.621,6.2412],[146.2877,-43.624,1.8503],[146.2908,-43.6224,48.5307],[146.2937,-43.6232,0.0],[146.2971,-43.6197,0.0],[146.2966,-43.6167,0.0],[146.2927,-43.613,2.6838],[146.2909,-43.6133,4.6047],[146.291,-43.6152,22.7938],[146.2878,-43.6181,9.1161]]],
[[[146.2866,-43.6178,0.0],[146.2867,-43.6178,0.0],[146.2867,-43.6177,0.0],[146.2866,-43.6177,0.0],[146.2866,-43.6178,0.0]]],
[[[146.289,-43.6165,6.6968],[146.2888,-43.6164,6.6968],[146.289,-43.6168,6.6968],[146.2891,-43.6166,6.6968],[146.289,-43.6165,6.6968]]],
[[[146.3755,-43.5993,0.0],[146.3756,-43.5992,0.0],[146.3755,-43.599,0.0],[146.3755,-43.5992,0.0],[146.3755,-43.5993,0.0]]],
[[[146.3374,-43.5926,0.0],[146.3372,-43.5922,0.0],[146.3368,-43.5921,0.0],[146.3369,-43.5923,0.0],[146.3374,-43.5926,0.0]]],
[[[146.3369,-43.5919,0.0],[146.3368,-43.5919,0.0],[146.3369,-43.592,0.0],[146.3369,-43.5919,0.0]]],
[[[146.6401,-43.5894,0.0],[146.6403,-43.5894,0.0],[146.6404,-43.5891,0.0],[146.6399,-43.5892,0.0],[146.6401,-43.5894,0.0]]],
[[[146.6399,-43.5879,0.0],[146.6401,-43.5877,1.7559],[146.6401,-43.5875,1.7559],[146.6397,-43.5878,0.0],[146.6399,-43.5879,0.0]]],
[[[146.6395,-43.5854,0.0],[146.6398,-43.5852,0.0],[146.6398,-43.5851,0.0],[146.6394,-43.5851,0.0],[146.6395,-43.5854,0.0]]],
[[[146.6045,-43.5613,0.0],[146.6045,-43.5615,0.0],[146.6052,-43.5614,0.0],[146.6048,-43.561,29.4169],[146.6045,-43.5613,0.0]]],
[[[146.0695,-43.5596,0.0],[146.0701,-43.5599,0.0],[146.0691,-43.5592,0.2778],[146.0687,-43.5596,0.0],[146.0691,-43.5595,0.2778],[146.0695,-43.5596,0.0]]],
[[[146.533,-43.5655,0.0],[146.5342,-43.5635,8.1664],[146.529,-43.5637,21.2373],[146.5249,-43.5662,5.5655],[146.5209,-43.5717,36.107],[146.5203,-43.5758,0.0],[146.5171,-43.5778,0.0],[146.5151,-43.5821,0.0],[146.5187,-43.5792,50.1499],[146.5211,-43.5792,0.0],[146.5215,-43.5753,0.0],[146.524,-43.572,30.2431],[146.5281,-43.5722,8.3417],[146.528,-43.5692,72.0584],[146.533,-43.5655,0.0]]],
[[[146.6028,-43.5713,4.391],[146.6041,-43.5712,0.8477],[146.6023,-43.5707,2.0248],[146.6016,-43.5722,4.391],[146.6021,-43.5726,4.391],[146.6028,-43.5713,4.391]]],
[[[146.5868,-43.5683,0.3387],[146.5876,-43.5676,0.518],[146.5858,-43.5673,0.0],[146.5823,-43.5693,0.0],[146.5808,-43.5717,1.1489],[146.5819,-43.5718,1.1489],[146.5868,-43.5683,0.3387]]],
[[[146.3381,-43.5927,89.4371],[146.3385,-43.5974,9.5307],[146.3418,-43.6014,50.3307],[146.3412,-43.6027,0.0],[146.3446,-43.6056,2.5538],[146.3479,-43.605,55.9381],[146.3514,-43.6073,0.0],[146.354,-43.606,0.0],[146.3593,-43.607,0.0],[146.3641,-43.6047,0.0],[146.3641,-43.6027,78.8905],[146.3667,-43.6004,2.7923],[146.3764,-43.5986,0.0],[146.3776,-43.5965,0.0],[146.3751,-43.5914,18.82],[146.3765,-43.5903,6.9739],[146.3753,-43.5883,18.3799],[146.3766,-43.5874,0.0],[146.3748,-43.5868,0.2096],[146.3608,-43.5898,16.0807],[146.3477,-43.5867,6.1447],[146.3468,-43.5883,64.8061],[146.3393,-43.5875,0.0],[146.3411,-43.5887,12.5543],[146.3377,-43.5908,11.705],[146.3381,-43.5927,89.4371]]],
[[[146.1086,-43.5585,0.2967],[146.1082,-43.5584,0.2967],[146.1084,-43.5591,0.2967],[146.1086,-43.5587,0.2967],[146.1086,-43.5585,0.2967]]],
[[[146.0964,-43.5565,0.0],[146.0962,-43.5569,0.0],[146.0967,-43.5578,1.2773],[146.0968,-43.5572,1.2773],[146.0964,-43.5565,0.0]]],
[[[146.9958,-43.5524,0.5837],[146.9957,-43.5519,0.5837],[146.9923,-43.551,0.0],[146.9932,-43.5531,0.0],[146.9958,-43.5524,0.5837]]],
[[[146.926,-43.5444,0.0],[146.9254,-43.5446,0.479],[146.926,-43.5453,0.0],[146.9265,-43.5449,0.0],[146.926,-43.5444,0.0]]],
[[[146.42,-43.5391,0.0],[146.4197,-43.5393,0.0],[146.4205,-43.539,0.0],[146.4203,-43.539,0.0],[146.42,-43.5391,0.0]]],
[[[146.4205,-43.539,0.0],[146.4208,-43.539,0.0],[146.4209,-43.5388,0.0],[146.4207,-43.5386,0.0],[146.4205,-43.539,0.0]]],
[[[146.4188,-43.5384,0.0],[146.4185,-43.5386,0.0],[146.4189,-43.5392,0.0],[146.4194,-43.5387,0.0],[146.4188,-43.5384,0.0]]],
[[[146.3564,-43.5375,1.9424],[146.356,-43.5378,1.9424],[146.357,-43.5381,0.0],[146.3571,-43.5378,1.9424],[146.3564,-43.5375,1.9424]]],
[[[146.3676,-43.536,1.9899],[146.3665,-43.535,1.9899],[146.3656,-43.5361,0.0],[146.3662,-43.5357,0.0],[146.3676,-43.536,1.9899]]],
[[[146.3792,-43.5359,0.0],[146.3801,-43.5355,0.0],[146.3798,-43.5349,0.0],[146.379,-43.5353,0.0],[146.3792,-43.5359,0.0]]],
[[[146.3192,-43.535,0.0],[146.3193,-43.5355,0.0],[146.3207,-43.5356,0.0],[146.3203,-43.5352,0.0],[146.3192,-43.535,0.0]]],
[[[146.1195,-43.5297,0.0],[146.119,-43.5278,4.5792],[146.1171,-43.5281,0.0],[146.1196,-43.531,0.0],[146.1195,-43.5297,0.0]]],
[[[146.1226,-43.529,0.0],[146.1227,-43.5293,0.0],[146.1233,-43.5295,0.0],[146.1229,-43.5288,0.0],[146.1226,-43.529,0.0]]],
[[[147.2938,-43.5276,34.131],[147.2952,-43.5266,0.8539],[147.2939,-43.5239,6.8142],[147.2916,-43.5241,0.0],[147.2921,-43.5277,0.0],[147.2938,-43.5276,34.131]]],
[[[147.2991,-43.5271,0.0],[147.2988,-43.5269,0.0],[147.2977,-43.5274,1.1586],[147.2982,-43.5275,1.1586],[147.2991,-43.5271,0.0]]],
[[[147.2981,-43.5262,0.4198],[147.2987,-43.5249,0.1346],[147.2957,-43.5275,0.8539],[147.2968,-43.5273,1.1586],[147.2981,-43.5262,0.4198]]],
[[[146.154,-43.5188,0.0],[146.1537,-43.5192,0.0],[146.1541,-43.5195,0.0],[146.1544,-43.5188,0.0],[146.154,-43.5188,0.0]]],
[[[146.1626,-43.5191,0.0],[146.1633,-43.5181,0.0],[146.1632,-43.5173,0.0],[146.1625,-43.5178,0.5926],[146.1626,-43.5191,0.0]]],
[[[147.3008,-43.5173,0.0],[147.3023,-43.5172,0.0],[147.3022,-43.5165,0.0],[147.3016,-43.5164,0.0],[147.3008,-43.5173,0.0]]],
[[[146.9018,-43.5172,0.925],[146.9025,-43.5183,0.0],[146.9037,-43.5183,2.4414],[146.9028,-43.5168,0.925],[146.9018,-43.5172,0.925]]],
[[[146.3578,-43.533,36.9628],[146.355,-43.5332,18.6163],[146.3548,-43.537,2.6451],[146.3567,-43.5372,1.9424],[146.3585,-43.535,19.3815],[146.3591,-43.5373,0.0],[146.3591,-43.5352,19.3815],[146.3636,-43.536,9.5533],[146.3649,-43.5347,0.0],[146.3643,-43.5338,0.0],[146.3578,-43.533,36.9628]]],
[[[147.2976,-43.5295,0.9864],[147.2985,-43.5286,0.4175],[147.2981,-43.5281,0.9864],[147.2964,-43.529,0.9864],[147.2976,-43.5295,0.9864]]],
[[[146.3233,-43.529,0.0],[146.3233,-43.5295,0.0],[146.324,-43.5295,0.0],[146.3241,-43.5291,0.0],[146.3233,-43.529,0.0]]],
[[[146.3235,-43.5317,0.0],[146.3236,-43.5316,0.0],[146.3234,-43.5316,0.0],[146.3235,-43.5317,0.0]]],
[[[146.9969,-43.5334,2.032],[146.9966,-43.5346,0.0],[146.9985,-43.5337,0.0],[146.9972,-43.5322,0.9475],[146.9989,-43.5311,0.0],[146.9996,-43.5242,0.0],[146.9951,-43.5272,2.0836],[146.998,-43.5299,0.0],[146.9971,-43.5316,0.9475],[146.9969,-43.5334,2.032]]],
[[[146.3723,-43.5341,1.3302],[146.3722,-43.5342,1.3302],[146.3724,-43.5342,1.3302],[146.3723,-43.5341,1.3302]]],
[[[146.324,-43.5331,0.6875],[146.3244,-43.5327,0.0],[146.3235,-43.5327,0.0],[146.3236,-43.5333,0.6875],[146.324,-43.5331,0.6875]]],
[[[147.2978,-43.5278,1.1586],[147.2977,-43.5278,1.1586],[147.2973,-43.528,0.9864],[147.2975,-43.5281,0.9864],[147.2978,-43.5278,1.1586]]],
[[[145.8069,-43.3054,0.0],[145.8064,-43.3048,0.0],[145.8063,-43.3049,0.0],[145.8064,-43.3052,0.0],[145.8069,-43.3054,0.0]]],
[[[145.8171,-43.2959,0.0],[145.8155,-43.2953,0.0],[145.8198,-43.2994,0.0],[145.8185,-43.2964,0.0],[145.8171,-43.2959,0.0]]],
[[[145.8081,-43.304,0.0],[145.8078,-43.3045,0.0],[145.8084,-43.3048,0.0],[145.8084,-43.3042,0.0],[145.8081,-43.304,0.0]]],
[[[147.3067,-43.2966,0.4979],[147.3067,-43.2955,0.1177],[147.3056,-43.2958,3.5778],[147.3056,-43.2959,3.5778],[147.3067,-43.2966,0.4979]]],
[[[147.3068,-43.2953,0.1177],[147.3071,-43.2958,0.1177],[147.3071,-43.2965,0.4979],[147.3073,-43.2958,0.1177],[147.3068,-43.2953,0.1177]]],
[[[147.1481,-43.288,23.2683],[147.1472,-43.285,9.8306],[147.138,-43.2902,10.1852],[147.1406,-43.2933,0.8018],[147.1442,-43.2944,1.7454],[147.1473,-43.2914,1.6863],[147.1481,-43.288,23.2683]]],
[[[147.1805,-43.2878,0.0],[147.1808,-43.2873,0.0],[147.1797,-43.2875,0.0],[147.1799,-43.2878,0.0],[147.1805,-43.2878,0.0]]],
[[[145.8108,-43.2815,0.0],[145.8108,-43.2809,0.0],[145.8096,-43.2804,0.0],[145.8101,-43.2813,0.0],[145.8108,-43.2815,0.0]]],
[[[147.1336,-43.2533,11.4385],[147.1321,-43.2522,1.5902],[147.1296,-43.2532,0.0],[147.1268,-43.2609,14.8236],[147.1278,-43.2643,33.8383],[147.1303,-43.2648,0.0],[147.1327,-43.2619,17.9708],[147.1342,-43.2573,0.0],[147.1336,-43.2533,11.4385]]],
[[[145.8151,-43.2806,0.0],[145.8142,-43.2787,3.2201],[145.8119,-43.2792,0.928],[145.8144,-43.2811,3.8067],[145.8151,-43.2806,0.0]]],
[[[147.4254,-43.254,5.3994],[147.4257,-43.254,5.3994],[147.4259,-43.2538,5.3994],[147.4257,-43.2538,5.3994],[147.4254,-43.254,5.3994]]],
[[[148.0051,-43.2453,0.0],[148.005,-43.2454,0.0],[148.0052,-43.2454,0.0],[148.0051,-43.2453,0.0]]],
[[[146.1434,-43.3672,1.9788],[146.1405,-43.3664,0.0],[146.141,-43.3671,0.0],[146.1444,-43.368,0.0],[146.1434,-43.3672,1.9788]]],
[[[147.3405,-43.3671,0.0],[147.3402,-43.367,0.0],[147.3401,-43.3672,0.0],[147.3409,-43.3673,0.0],[147.3405,-43.3671,0.0]]],
[[[146.1488,-43.3696,1.0539],[146.1478,-43.3679,0.0],[146.1451,-43.3687,0.0],[146.1481,-43.3701,0.0],[146.1488,-43.3696,1.0539]]],
[[[146.1781,-43.3585,0.0],[146.1783,-43.3586,0.0],[146.179,-43.3588,0.0],[146.1779,-43.3582,0.0],[146.1781,-43.3585,0.0]]],
[[[145.9816,-43.3552,6.0592],[145.9817,-43.3566,0.0],[145.9847,-43.3517,0.0],[145.9826,-43.3533,4.7417],[145.9816,-43.3552,6.0592]]],
[[[147.3694,-43.35,8.8882],[147.3737,-43.3504,4.0144],[147.3743,-43.3503,4.0144],[147.3679,-43.3496,4.296],[147.3694,-43.35,8.8882]]],
[[[145.959,-43.3485,0.0],[145.9597,-43.3482,0.0],[145.96,-43.348,0.0],[145.9584,-43.3482,0.0],[145.959,-43.3485,0.0]]],
[[[145.9615,-43.3464,0.0],[145.9604,-43.346,0.0],[145.9593,-43.347,1.628],[145.9598,-43.3475,1.628],[145.9615,-43.3464,0.0]]],
[[[145.9626,-43.3463,0.0],[145.963,-43.3462,0.0],[145.9632,-43.3458,0.0],[145.9625,-43.3458,0.222],[145.9626,-43.3463,0.0]]],
[[[145.9615,-43.3455,0.222],[145.9619,-43.3456,0.222],[145.9619,-43.3454,0.222],[145.9617,-43.3454,0.222],[145.9615,-43.3455,0.222]]],
[[[145.9601,-43.3454,0.0],[145.9606,-43.3454,0.0],[145.9594,-43.345,0.0],[145.9595,-43.3452,0.0],[145.9601,-43.3454,0.0]]],
[[[147.0087,-43.3403,0.0],[147.0089,-43.3401,0.0],[147.0085,-43.3399,0.0],[147.0084,-43.3401,0.0],[147.0087,-43.3403,0.0]]],
[[[147.042,-43.3313,0.0],[147.0417,-43.331,0.0],[147.0414,-43.3313,0.0],[147.0419,-43.3319,0.0],[147.042,-43.3313,0.0]]],
[[[146.9846,-43.331,0.1412],[146.9859,-43.3315,0.0],[146.9873,-43.3315,0.0],[146.9852,-43.3304,0.1412],[146.9846,-43.331,0.1412]]],
[[[146.9985,-43.3368,0.0],[146.9988,-43.3364,0.0],[146.9981,-43.3366,0.0],[146.9982,-43.3368,0.0],[146.9985,-43.3368,0.0]]],
[[[147.2265,-43.3194,0.0],[147.2219,-43.3157,0.0],[147.217,-43.3165,16.794],[147.2157,-43.3184,1.0793],[147.2254,-43.3205,8.7089],[147.2254,-43.3222,1.9264],[147.2277,-43.3217,2.9546],[147.2265,-43.3194,0.0]]],
[[[147.0322,-43.3242,0.0],[147.032,-43.3236,0.0],[147.0312,-43.3239,0.0],[147.0315,-43.3243,0.0],[147.0322,-43.3242,0.0]]],
[[[145.9965,-43.3288,0.0],[145.9957,-43.3278,0.0],[145.9942,-43.329,17.1211],[145.9959,-43.3313,0.0],[145.9963,-43.3311,0.0],[145.9965,-43.3288,0.0]]],
[[[146.9878,-43.329,15.6061],[146.9872,-43.3275,13.8765],[146.9846,-43.3278,15.9961],[146.988,-43.33,2.8359],[146.9878,-43.329,15.6061]]],
[[[145.9659,-43.3271,0.9997],[145.9661,-43.3268,0.9997],[145.9657,-43.3264,0.9997],[145.9657,-43.327,0.9997],[145.9659,-43.3271,0.9997]]],
[[[146.9775,-43.3263,0.9643],[146.9808,-43.3263,0.8211],[146.9784,-43.3259,0.9857],[146.9766,-43.3262,0.8555],[146.9775,-43.3263,0.9643]]],
[[[146.9788,-43.3282,0.0],[146.9805,-43.3286,0.363],[146.9829,-43.3284,0.1542],[146.9766,-43.3268,0.1034],[146.9788,-43.3282,0.0]]],
[[[145.969,-43.3215,33.4362],[145.9677,-43.321,0.0],[145.967,-43.3233,0.0],[145.9701,-43.3257,4.8104],[145.9711,-43.3242,18.7208],[145.969,-43.3215,33.4362]]],
[[[146.9774,-43.3257,0.9857],[146.9774,-43.3255,0.9857],[146.9768,-43.3256,0.8555],[146.977,-43.3258,0.8555],[146.9774,-43.3257,0.9857]]],
[[[146.0485,-43.3391,2.1079],[146.0506,-43.3392,0.0],[146.0507,-43.3391,0.0],[146.0498,-43.3385,0.0],[146.0485,-43.3391,2.1079]]],
[[[146.9959,-43.3381,0.0],[146.9961,-43.338,0.0],[146.9956,-43.3379,0.0],[146.9956,-43.3382,0.0],[146.9959,-43.3381,0.0]]],
[[[147.0077,-43.3393,10.1399],[147.0093,-43.3381,2.7998],[147.0085,-43.3372,2.2083],[147.0062,-43.338,0.0],[147.0077,-43.3393,10.1399]]],
[[[146.9975,-43.3378,0.0],[146.997,-43.3376,0.0],[146.9966,-43.338,0.0],[146.9974,-43.338,0.0],[146.9975,-43.3378,0.0]]],
[[[146.0124,-43.338,0.0],[146.0119,-43.3372,6.8765],[146.0081,-43.3383,0.0],[146.0096,-43.3385,2.9316],[146.0124,-43.338,0.0]]],
[[[147.0474,-43.3371,0.0],[147.0456,-43.3348,0.0],[147.043,-43.3347,14.351],[147.0372,-43.3375,10.7939],[147.0403,-43.3393,10.3312],[147.046,-43.3387,0.0],[147.0474,-43.3371,0.0]]],
[[[145.9687,-43.3259,5.6679],[145.9672,-43.3255,5.6679],[145.9664,-43.3287,10.2913],[145.9646,-43.3284,0.0],[145.9662,-43.3295,10.2913],[145.9636,-43.3307,7.1056],[145.9667,-43.3347,0.2591],[145.9652,-43.3348,0.2591],[145.966,-43.3375,0.5019],[145.9676,-43.3352,0.0],[145.9663,-43.33,40.5254],[145.9696,-43.3274,0.0],[145.9687,-43.3259,5.6679]]],
[[[146.1611,-43.3183,0.0],[146.16,-43.3182,0.0],[146.1599,-43.3186,0.0],[146.1605,-43.3187,0.0],[146.1611,-43.3183,0.0]]],
[[[148.0566,-43.1227,0.0],[148.0566,-43.1229,0.0],[148.057,-43.1227,0.0],[148.0569,-43.1227,0.0],[148.0566,-43.1227,0.0]]],
[[[148.0519,-43.1222,0.0],[148.0546,-43.123,0.0],[148.0525,-43.1205,0.0],[148.051,-43.1208,0.0],[148.0519,-43.1222,0.0]]],
[[[148.0386,-43.1206,0.0],[148.0389,-43.1206,0.0],[148.0389,-43.1203,0.0],[148.0388,-43.1203,0.0],[148.0386,-43.1206,0.0]]],
[[[148.0388,-43.1199,0.0],[148.0386,-43.1196,0.0],[148.0381,-43.1197,0.0],[148.0384,-43.12,0.0],[148.0388,-43.1199,0.0]]],
[[[145.6677,-43.0822,0.2141],[145.6675,-43.082,0.2141],[145.6671,-43.0818,0.2141],[145.6673,-43.0823,0.2141],[145.6677,-43.0822,0.2141]]],
[[[145.6693,-43.0811,3.7199],[145.6687,-43.0815,4.7811],[145.6693,-43.0823,4.7811],[145.6695,-43.0818,4.7811],[145.6693,-43.0811,3.7199]]],
[[[145.6808,-43.1023,2.7466],[145.6808,-43.102,2.7466],[145.6807,-43.1022,2.7466],[145.6808,-43.1023,2.7466]]],
[[[147.0393,-43.0596,0.0],[147.0387,-43.0604,0.465],[147.039,-43.0603,0.465],[147.0396,-43.0593,0.0],[147.0393,-43.0596,0.0]]],
[[[147.3407,-43.0432,22.1308],[147.3407,-43.0433,22.1308],[147.3409,-43.0432,22.1308],[147.3408,-43.0431,22.1308],[147.3407,-43.0432,22.1308]]],
[[[147.4843,-43.0368,0.0],[147.4843,-43.0369,0.0],[147.4844,-43.0369,0.0],[147.4843,-43.0368,0.0]]],
[[[147.4843,-43.0363,0.0],[147.4843,-43.0365,0.0],[147.4844,-43.0365,0.0],[147.4843,-43.0363,0.0]]],
[[[147.4847,-43.0363,0.0],[147.4846,-43.0364,0.0],[147.4848,-43.0364,0.0],[147.4847,-43.0363,0.0]]],
[[[147.9472,-43.0332,3.0229],[147.9482,-43.0326,5.6275],[147.9454,-43.0312,0.7712],[147.9463,-43.0327,2.3863],[147.9472,-43.0332,3.0229]]],
[[[147.4826,-43.0312,7.7336],[147.4827,-43.0312,7.7336],[147.4828,-43.0311,7.7336],[147.4826,-43.0312,7.7336]]],
[[[147.418,-43.0584,0.0],[147.4173,-43.0577,0.0],[147.4163,-43.0588,1.0919],[147.4172,-43.0592,1.0919],[147.418,-43.0584,0.0]]],
[[[145.7399,-43.1437,4.3697],[145.7399,-43.1438,4.3697],[145.7399,-43.1439,4.3697],[145.74,-43.1438,4.3697],[145.7399,-43.1437,4.3697]]],
[[[145.726,-43.1251,2.9587],[145.726,-43.1252,2.9587],[145.726,-43.1253,2.9587],[145.7261,-43.125,2.9587],[145.726,-43.1251,2.9587]]],
[[[145.6911,-43.1142,0.4539],[145.6915,-43.114,7.5625],[145.6904,-43.1138,0.4539],[145.6905,-43.1142,0.4539],[145.6911,-43.1142,0.4539]]],
[[[145.6882,-43.1126,0.1972],[145.689,-43.1125,0.1972],[145.6887,-43.1118,0.1972],[145.6881,-43.1114,0.1972],[145.6885,-43.1119,0.1972],[145.6882,-43.1126,0.1972]]],
[[[145.7318,-43.1389,2.9998],[145.7319,-43.1389,2.9998],[145.7318,-43.1388,2.9998],[145.7318,-43.1389,2.9998]]],
[[[145.786,-43.223,3.6605],[145.7843,-43.2219,0.4362],[145.7829,-43.2253,0.0],[145.7862,-43.2263,0.0],[145.7856,-43.2248,1.792],[145.7877,-43.2235,3.6605],[145.786,-43.223,3.6605]]],
[[[148.0116,-43.2198,0.0],[148.0111,-43.22,0.0],[148.011,-43.2204,0.0],[148.0119,-43.2203,0.0],[148.0116,-43.2198,0.0]]],
[[[147.7939,-43.2385,0.0],[147.7935,-43.2385,0.0],[147.7942,-43.2392,0.0],[147.7942,-43.2388,0.0],[147.7939,-43.2385,0.0]]],
[[[148.0047,-43.2323,15.7456],[148.0026,-43.231,0.0],[147.9978,-43.2342,0.0],[147.9964,-43.2407,16.5422],[147.9989,-43.2434,149.9024],[147.9989,-43.2465,0.0],[147.9996,-43.2451,48.1444],[148.0042,-43.2452,3.1437],[148.0059,-43.2431,43.9341],[148.0074,-43.2438,0.0],[148.0085,-43.2413,0.0],[148.0088,-43.2344,0.0],[148.0047,-43.2323,15.7456]]],
[[[147.7804,-43.2368,0.0],[147.7801,-43.2364,0.0],[147.7798,-43.2372,0.0],[147.7803,-43.2369,0.0],[147.7804,-43.2368,0.0]]],
[[[147.2615,-43.2236,0.0],[147.2614,-43.2238,0.0],[147.2615,-43.224,0.0],[147.2616,-43.2238,0.0],[147.2615,-43.2236,0.0]]],
[[[147.7802,-43.2248,0.0],[147.78,-43.225,0.0],[147.7795,-43.2258,0.0],[147.7806,-43.2253,0.0],[147.7802,-43.2248,0.0]]],
[[[147.7822,-43.2252,173.4996],[147.7818,-43.225,0.0],[147.7815,-43.2252,0.0],[147.7817,-43.2254,0.0],[147.7822,-43.2252,173.4996]]],
[[[147.9844,-43.2245,70.4409],[147.9838,-43.2245,70.4409],[147.9836,-43.2249,0.0],[147.984,-43.225,0.0],[147.9844,-43.2245,70.4409]]],
[[[147.9655,-43.2172,3.1386],[147.9654,-43.2177,3.1386],[147.9659,-43.2179,3.1386],[147.966,-43.2173,3.1386],[147.9655,-43.2172,3.1386]]],
[[[147.9485,-43.2155,0.0],[147.9482,-43.2157,0.0],[147.9485,-43.2163,0.0],[147.9486,-43.2162,0.0],[147.9485,-43.2155,0.0]]],
[[[147.9954,-43.2153,4.5421],[147.995,-43.216,4.5421],[147.9961,-43.2159,0.0],[147.9959,-43.2154,4.5421],[147.9954,-43.2153,4.5421]]],
[[[147.9472,-43.2134,22.476],[147.946,-43.2141,0.0],[147.9461,-43.2146,0.0],[147.9471,-43.2144,22.476],[147.9472,-43.2134,22.476]]],
[[[147.8597,-43.213,0.0],[147.8597,-43.2125,0.0],[147.8598,-43.2121,0.0],[147.8595,-43.2125,0.0],[147.8597,-43.213,0.0]]],
[[[145.9182,-43.2067,0.0],[145.9186,-43.2069,0.0],[145.9205,-43.2054,1.8251],[145.919,-43.2059,0.0],[145.9182,-43.2067,0.0]]],
[[[147.2897,-43.1965,0.0],[147.2898,-43.1989,0.0],[147.2903,-43.1992,0.5968],[147.2917,-43.1966,5.8303],[147.2897,-43.1965,0.0]]],
[[[147.008,-43.0967,0.5408],[147.0077,-43.0979,0.5408],[147.0096,-43.0944,1.0166],[147.0089,-43.0947,0.0666],[147.008,-43.0967,0.5408]]],
[[[147.0082,-43.1094,0.3493],[147.0088,-43.111,0.0],[147.0094,-43.1082,0.1007],[147.008,-43.1085,0.3493],[147.0082,-43.1094,0.3493]]],
[[[147.0101,-43.1072,0.3444],[147.0099,-43.1074,0.3444],[147.0099,-43.1075,0.3444],[147.0104,-43.1072,0.5743],[147.0101,-43.1072,0.3444]]],
[[[147.0044,-43.1046,0.4591],[147.0037,-43.1054,0.0],[147.0035,-43.1061,0.0],[147.0042,-43.1056,0.4591],[147.0044,-43.1046,0.4591]]],
[[[147.0107,-43.1067,0.5743],[147.0104,-43.1067,0.5743],[147.0103,-43.1068,0.3444],[147.0106,-43.1069,0.5743],[147.0107,-43.1067,0.5743]]],
[[[147.4895,-43.0718,0.0],[147.4893,-43.0721,0.0],[147.4895,-43.0722,0.0],[147.4896,-43.0721,0.0],[147.4895,-43.0718,0.0]]],
[[[147.4895,-43.0711,0.0],[147.4894,-43.071,0.0],[147.4894,-43.0713,0.0],[147.4895,-43.0712,0.0],[147.4895,-43.0711,0.0]]],
[[[147.4859,-43.0686,0.0],[147.4858,-43.0676,0.0],[147.4849,-43.0675,0.0],[147.4855,-43.0686,0.0],[147.4859,-43.0686,0.0]]],
[[[147.486,-43.0462,0.0],[147.4833,-43.0441,0.0],[147.4721,-43.046,2.2845],[147.4784,-43.0534,21.4497],[147.4786,-43.0566,2.2172],[147.4808,-43.0572,24.3289],[147.4831,-43.0612,0.0],[147.4884,-43.0654,1.0365],[147.4891,-43.063,21.7475],[147.4906,-43.0635,0.0],[147.489,-43.0589,33.2215],[147.4904,-43.0569,0.0],[147.4858,-43.05,0.0],[147.4869,-43.0493,0.0],[147.486,-43.0462,0.0]]],
[[[147.9843,-43.1069,0.0],[147.9843,-43.1067,0.0],[147.9821,-43.1068,0.0],[147.9823,-43.107,0.0],[147.9843,-43.1069,0.0]]],
[[[147.9713,-43.0999,0.0],[147.9711,-43.1005,8.0528],[147.972,-43.1005,0.0],[147.9715,-43.0999,0.0],[147.9713,-43.0999,0.0]]],
[[[147.9671,-43.0847,5.3809],[147.9666,-43.0845,2.2806],[147.9663,-43.0852,5.3809],[147.9667,-43.0852,5.3809],[147.9671,-43.0847,5.3809]]],
[[[147.0296,-43.076,0.0],[147.0293,-43.0762,0.0],[147.0297,-43.0769,0.0],[147.0299,-43.076,0.0],[147.0296,-43.076,0.0]]],
[[[147.9603,-43.0763,0.0],[147.9595,-43.0757,0.0],[147.9597,-43.0765,0.0],[147.9608,-43.0765,0.0],[147.9603,-43.0763,0.0]]],
[[[147.7274,-43.111,0.2412],[147.7267,-43.1107,0.2412],[147.7265,-43.1111,0.2412],[147.7272,-43.1111,0.2412],[147.7274,-43.111,0.2412]]],
[[[147.7387,-43.1055,2.2546],[147.7389,-43.1053,0.0],[147.7387,-43.1051,2.2546],[147.7387,-43.1052,2.2546],[147.7387,-43.1055,2.2546]]],
[[[147.0396,-43.0588,0.0],[147.0413,-43.0529,0.0],[147.0398,-43.0577,0.6719],[147.0398,-43.0539,0.8921],[147.0308,-43.0584,0.345],[147.0305,-43.0618,0.9287],[147.0248,-43.0706,1.8751],[147.0238,-43.0765,0.1556],[147.0269,-43.0754,1.2839],[147.0235,-43.0774,0.1556],[147.0296,-43.075,0.0],[147.0396,-43.0588,0.0]]],
[[[147.6263,-43.0758,0.0],[147.6259,-43.0755,0.0],[147.6256,-43.076,0.0],[147.6262,-43.076,0.0],[147.6263,-43.0758,0.0]]],
[[[147.9604,-43.0757,0.0],[147.9606,-43.0757,0.0],[147.9605,-43.0754,0.0],[147.9603,-43.0755,0.0],[147.9604,-43.0757,0.0]]],
[[[145.9127,-43.1963,1.6557],[145.9122,-43.1962,0.0],[145.9126,-43.197,1.6557],[145.9129,-43.1966,1.6557],[145.9127,-43.1963,1.6557]]],
[[[147.4133,-43.1949,25.8018],[147.4127,-43.1948,25.8018],[147.4127,-43.1951,25.8018],[147.4131,-43.1954,25.8018],[147.4133,-43.1949,25.8018]]],
[[[147.7101,-43.1911,5.833],[147.7096,-43.1911,0.0],[147.7106,-43.1919,1.2208],[147.7106,-43.1914,1.2208],[147.7101,-43.1911,5.833]]],
[[[147.8945,-43.1896,0.0],[147.8946,-43.1896,0.0],[147.8946,-43.1895,0.0],[147.8945,-43.1896,0.0]]],
[[[147.7049,-43.1793,12.6369],[147.7047,-43.18,0.0],[147.7049,-43.1801,0.0],[147.7051,-43.1797,0.0],[147.7049,-43.1793,12.6369]]],
[[[147.2933,-43.1739,1.7157],[147.2938,-43.1726,0.7232],[147.2924,-43.1723,0.7232],[147.2917,-43.1743,0.0],[147.2933,-43.1739,1.7157]]],
[[[147.8711,-43.1619,0.0],[147.8713,-43.1618,0.0],[147.8711,-43.1615,0.0],[147.871,-43.1618,0.0],[147.8711,-43.1619,0.0]]],
[[[147.8713,-43.1594,0.0],[147.8712,-43.1593,0.0],[147.8711,-43.1595,0.0],[147.8713,-43.1595,0.0],[147.8713,-43.1594,0.0]]],
[[[147.6955,-43.1553,0.0],[147.6956,-43.1554,0.0629],[147.6957,-43.1551,0.0629],[147.6955,-43.155,0.0],[147.6955,-43.1553,0.0]]],
[[[147.6962,-43.155,0.0629],[147.6964,-43.1551,0.0629],[147.6966,-43.155,0.0629],[147.6964,-43.1549,0.0629],[147.6962,-43.155,0.0629]]],
[[[147.867,-43.1488,0.0],[147.867,-43.1498,0.0],[147.8682,-43.1491,0.0],[147.8675,-43.1485,0.0],[147.867,-43.1488,0.0]]],
[[[148.0043,-43.1455,0.0],[148.0043,-43.1451,0.0],[148.0039,-43.1453,0.0],[148.004,-43.1454,0.0],[148.0043,-43.1455,0.0]]],
[[[148.009,-43.1354,0.0],[148.0093,-43.1351,0.0],[148.009,-43.135,0.0],[148.0088,-43.1352,0.0],[148.009,-43.1354,0.0]]],
[[[147.0035,-43.135,0.0],[147.0034,-43.1369,0.0],[147.0052,-43.1309,0.0],[147.0045,-43.1313,0.0],[147.0035,-43.135,0.0]]],
[[[147.9815,-43.1124,0.0],[147.9818,-43.1124,0.0],[147.9818,-43.1123,0.0],[147.9814,-43.1123,0.0],[147.9815,-43.1124,0.0]]],
[[[147.7275,-43.1121,0.0],[147.7275,-43.1118,0.0],[147.7269,-43.1121,0.0],[147.7269,-43.1123,0.0],[147.7275,-43.1121,0.0]]],
[[[147.9805,-43.112,0.0],[147.9814,-43.1122,0.0],[147.9809,-43.1116,0.0],[147.9801,-43.1117,0.0],[147.9805,-43.112,0.0]]],
[[[147.0069,-43.1207,0.205],[147.0096,-43.1161,0.3623],[147.0076,-43.115,0.4476],[147.0078,-43.1127,0.2929],[147.0048,-43.1172,0.2103],[147.006,-43.1184,0.0],[147.0075,-43.1166,0.4618],[147.0031,-43.125,0.0],[147.0053,-43.1237,0.2188],[147.0059,-43.1282,0.0],[147.0031,-43.1316,0.0],[147.0049,-43.1308,0.0],[147.006,-43.1291,0.0],[147.0069,-43.1207,0.205]]],
[[[147.0169,-43.1124,0.105],[147.0167,-43.1135,1.539],[147.0184,-43.1119,0.105],[147.0173,-43.1116,0.105],[147.0169,-43.1124,0.105]]],
[[[148.0064,-43.1397,0.0],[148.0063,-43.1399,0.0],[148.0066,-43.14,0.0],[148.0065,-43.1397,0.0],[148.0064,-43.1397,0.0]]],
[[[148.0056,-43.1385,10.096],[148.007,-43.1394,26.448],[148.0075,-43.1392,26.448],[148.0068,-43.137,9.1541],[148.0056,-43.1385,10.096]]],
[[[148.0075,-43.1376,9.1541],[148.0097,-43.1383,0.0],[148.0088,-43.1355,0.0],[148.0067,-43.1366,9.1541],[148.0075,-43.1376,9.1541]]],
[[[147.6742,-43.1391,24.7206],[147.6754,-43.1343,0.7378],[147.6726,-43.1292,0.2248],[147.6691,-43.136,72.4029],[147.6705,-43.1404,12.4632],[147.6729,-43.1413,0.0],[147.6742,-43.1391,24.7206]]],
[[[147.028,-43.0815,4.6445],[147.0292,-43.0763,0.0],[147.0231,-43.0785,1.246],[147.0197,-43.0817,0.0],[147.0102,-43.099,0.0],[147.0049,-43.1041,0.0],[147.0086,-43.1016,0.7341],[147.0046,-43.1064,1.8686],[146.9999,-43.1207,0.0],[147.0062,-43.1131,0.467],[147.0076,-43.1084,0.3493],[147.0134,-43.1025,0.4942],[147.0136,-43.1045,0.3943],[147.0098,-43.1094,0.1007],[147.0094,-43.1149,0.3623],[147.0082,-43.114,0.4132],[147.0092,-43.1134,0.0],[147.0082,-43.1138,0.4132],[147.0078,-43.115,0.4476],[147.0101,-43.1157,0.3623],[147.0136,-43.1117,0.2542],[147.019,-43.1033,0.4427],[147.0178,-43.0992,3.4845],[147.0202,-43.0907,2.3344],[147.028,-43.0815,4.6445]]],
[[[147.8187,-42.8952,2.929],[147.816,-42.8947,1.5718],[147.8119,-42.8899,3.062],[147.8076,-42.8903,5.1689],[147.8029,-42.8933,5.2943],[147.8092,-42.8995,13.3118],[147.8152,-42.8993,4.8499],[147.8218,-42.9079,2.7367],[147.821,-42.912,0.0],[147.8229,-42.919,0.1392],[147.8208,-42.9206,0.649],[147.8215,-42.9224,10.7389],[147.8178,-42.9268,12.8474],[147.8145,-42.9251,9.004],[147.8115,-42.9261,2.0449],[147.8133,-42.9279,11.67],[147.8126,-42.9308,0.0],[147.8148,-42.9317,0.0],[147.8134,-42.9365,1.6913],[147.8152,-42.938,0.0],[147.817,-42.9372,0.0],[147.8183,-42.9332,1.8935],[147.8216,-42.9319,4.3115],[147.8254,-42.9329,15.3469],[147.8268,-42.9365,0.0],[147.8333,-42.9347,4.0251],[147.8349,-42.939,0.0],[147.8343,-42.9428,0.0],[147.8301,-42.944,2.6748],[147.8295,-42.9467,6.3459],[147.8312,-42.9479,6.3459],[147.834,-42.9456,5.2752],[147.8371,-42.9478,14.0653],[147.848,-42.9431,0.0],[147.8507,-42.9391,14.8588],[147.8573,-42.9354,4.3243],[147.8597,-42.9378,1.3126],[147.858,-42.9401,0.0],[147.8613,-42.9401,3.3643],[147.8599,-42.9417,0.0],[147.8629,-42.943,4.9668],[147.8659,-42.9471,3.9952],[147.8542,-42.9457,1.4563],[147.8495,-42.9486,1.0986],[147.848,-42.9516,6.6029],[147.8546,-42.9582,8.2415],[147.8418,-42.9576,2.8535],[147.8308,-42.9652,6.2906],[147.8183,-42.9651,11.9763],[147.8173,-42.9622,0.0],[147.8113,-42.9623,12.2168],[147.8136,-42.9666,1.404],[147.819,-42.9698,0.0],[147.8226,-42.9761,1.2576],[147.8252,-42.9763,0.0],[147.8301,-42.9705,6.2205],[147.8324,-42.9706,5.1259],[147.8354,-42.9732,0.0],[147.8365,-42.9806,3.7189],[147.8516,-42.9834,0.0],[147.8568,-42.9825,13.1058],[147.8535,-42.9864,21.5237],[147.8492,-42.9877,0.0],[147.8491,-42.9896,17.0068],[147.8438,-42.9915,23.7012],[147.8379,-42.9916,16.9165],[147.8385,-42.9934,1.9662],[147.8411,-42.9933,0.0],[147.8429,-42.998,8.6701],[147.8382,-43.0026,1.1758],[147.8393,-43.004,0.0],[147.8451,-43.0043,19.9695],[147.8509,-43.0079,11.2716],[147.8468,-43.013,0.0],[147.8619,-43.0144,21.1529],[147.8702,-43.0109,25.1379],[147.8812,-43.0167,4.9921],[147.8916,-43.0193,7.1556],[147.9145,-43.0151,4.4075],[147.924,-43.0147,3.8363],[147.925,-43.0177,3.7322],[147.9082,-43.0192,0.0],[147.8966,-43.0229,2.8816],[147.8931,-43.0222,6.4754],[147.8806,-43.0249,17.157],[147.8724,-43.0234,8.7564],[147.8691,-43.0316,7.6793],[147.8631,-43.0356,4.9014],[147.8633,-43.0394,5.2164],[147.8656,-43.0414,4.279],[147.8645,-43.0538,11.7785],[147.86,-43.0574,2.0589],[147.8578,-43.0567,17.2031],[147.8597,-43.0538,15.1061],[147.8562,-43.049,0.0],[147.8582,-43.0451,0.0],[147.8572,-43.0426,3.8936],[147.8512,-43.0393,15.6806],[147.8499,-43.0358,0.0],[147.8436,-43.036,19.632],[147.8457,-43.0332,2.8071],[147.8454,-43.0307,0.0],[147.8415,-43.0309,0.0],[147.84,-43.0332,3.8281],[147.8415,-43.0348,0.0],[147.8407,-43.0376,4.2253],[147.8359,-43.041,12.4491],[147.8382,-43.0443,29.07],[147.8427,-43.0466,0.0],[147.8455,-43.0548,9.3356],[147.8395,-43.0609,0.0],[147.8344,-43.0586,9.7171],[147.8286,-43.0585,10.0224],[147.8266,-43.0552,0.0],[147.8204,-43.0569,7.0948],[147.8157,-43.0605,11.7255],[147.8124,-43.0604,11.4594],[147.8128,-43.0562,0.0],[147.808,-43.0546,16.0879],[147.8067,-43.0464,0.0],[147.8015,-43.0495,0.0],[147.7975,-43.049,7.0477],[147.7943,-43.0462,0.0],[147.7951,-43.0505,11.661],[147.7923,-43.0517,10.1469],[147.785,-43.0479,0.0],[147.7833,-43.0528,6.6145],[147.7807,-43.0521,4.035],[147.7795,-43.0488,0.0],[147.778,-43.0536,7.7602],[147.7739,-43.055,12.073],[147.7671,-43.0415,15.5567],[147.7668,-43.0327,0.0],[147.7629,-43.0342,0.0],[147.7625,-43.0354,0.0],[147.7639,-43.0356,7.2445],[147.7611,-43.0376,0.0],[147.759,-43.0441,0.489],[147.7494,-43.0434,5.398],[147.7463,-43.0384,21.4805],[147.7489,-43.0354,1.6692],[147.7442,-43.032,22.7754],[147.746,-43.0278,11.715],[147.7457,-43.0233,11.9081],[147.7417,-43.0193,10.106],[147.7424,-43.0176,5.6956],[147.7407,-43.0143,0.0],[147.7291,-43.0252,5.9344],[147.7262,-43.0268,2.8119],[147.7185,-43.028,3.4167],[147.7192,-43.0275,6.0566],[147.726,-43.0261,3.0438],[147.7277,-43.0251,0.1201],[147.7264,-43.0246,3.0438],[147.7269,-43.0187,1.5285],[147.7218,-43.0168,6.8105],[147.7212,-43.0141,2.3574],[147.723,-43.0129,0.0],[147.7201,-43.0116,16.1656],[147.7197,-43.009,0.5517],[147.7131,-43.0112,0.0],[147.7094,-43.0101,4.2052],[147.7076,-43.0067,4.4074],[147.7102,-42.9982,0.0],[147.7122,-42.9968,5.1798],[147.7146,-42.9975,0.0],[147.7141,-42.9915,0.0],[147.7174,-42.9906,2.3425],[147.7198,-42.9865,8.9084],[147.7236,-42.9861,1.5861],[147.723,-42.9821,0.0],[147.7265,-42.9794,0.0],[147.7252,-42.9768,3.9744],[147.7298,-42.971,23.6505],[147.7361,-42.9698,3.6397],[147.7293,-42.9672,14.7625],[147.7263,-42.9642,21.7925],[147.7313,-42.9571,0.0],[147.7291,-42.9569,17.4296],[147.726,-42.9495,0.0],[147.7208,-42.9499,27.2883],[147.7181,-42.9519,11.8335],[147.7145,-42.9514,7.3869],[147.7132,-42.9525,5.6739],[147.7138,-42.9556,6.1639],[147.7054,-42.9566,9.592],[147.6998,-42.9534,1.9249],[147.7012,-42.9488,17.1625],[147.6997,-42.9446,0.0],[147.6966,-42.9438,12.246],[147.6939,-42.9402,5.7486],[147.6828,-42.9375,16.9501],[147.679,-42.9346,23.9362],[147.6756,-42.9347,15.9143],[147.6661,-42.9386,2.6574],[147.6644,-42.9436,0.0],[147.6659,-42.948,0.0],[147.6712,-42.9513,2.182],[147.6757,-42.957,0.0],[147.6749,-42.9598,18.7057],[147.6695,-42.9616,18.2672],[147.6689,-42.9635,12.0149],[147.6766,-42.9673,1.4007],[147.6803,-42.9734,1.4417],[147.6852,-42.9747,0.5021],[147.6836,-42.9746,0.5021],[147.6846,-42.9815,0.0],[147.6807,-42.99,1.978],[147.6739,-42.9967,4.5947],[147.6675,-42.9999,17.0802],[147.6585,-42.997,31.4549],[147.6529,-42.9927,0.0],[147.6465,-42.9947,14.8019],[147.6407,-42.9936,10.8227],[147.6272,-42.9984,27.6417],[147.6222,-43.0023,5.7771],[147.6185,-43.0083,13.2595],[147.619,-43.0175,7.9706],[147.6216,-43.0181,25.0257],[147.6218,-43.0201,0.0],[147.6254,-43.0207,0.0],[147.6216,-43.0243,15.3673],[147.6256,-43.0295,30.6416],[147.623,-43.0312,0.0],[147.6225,-43.0357,0.0],[147.6283,-43.0404,45.6608],[147.6257,-43.0424,23.9769],[147.6274,-43.0443,7.9514],[147.6224,-43.0516,0.0],[147.6246,-43.053,8.0697],[147.6226,-43.0563,0.0],[147.6239,-43.0572,15.5805],[147.623,-43.0608,0.0],[147.6241,-43.0627,15.6767],[147.6227,-43.0651,0.0],[147.6239,-43.0679,10.8985],[147.6274,-43.0692,31.0744],[147.6269,-43.0733,4.0949],[147.6323,-43.0747,0.0],[147.6357,-43.0734,4.714],[147.6414,-43.0756,6.7691],[147.6463,-43.0815,1.0008],[147.6503,-43.0833,120.0266],[147.6507,-43.0894,42.6224],[147.6565,-43.0899,0.0],[147.6619,-43.0865,2.0085],[147.6649,-43.089,6.5575],[147.6695,-43.0872,2.4698],[147.6737,-43.0887,0.0],[147.6769,-43.0914,0.0],[147.6755,-43.095,2.8461],[147.6773,-43.098,0.0],[147.6797,-43.0968,11.3871],[147.6827,-43.0982,5.3713],[147.6843,-43.1024,10.6804],[147.6956,-43.0986,14.8443],[147.6988,-43.0992,14.3232],[147.7009,-43.0975,33.475],[147.7058,-43.0983,3.8197],[147.7085,-43.1025,13.2485],[147.7124,-43.1014,0.0],[147.7153,-43.0985,5.6325],[147.7189,-43.0987,3.0841],[147.7202,-43.0952,28.69],[147.7207,-43.0974,0.0],[147.7233,-43.0951,6.813],[147.7301,-43.0941,18.9059],[147.7328,-43.0911,7.931],[147.736,-43.0962,3.5892],[147.7408,-43.096,10.3042],[147.7415,-43.1041,3.9181],[147.7475,-43.112,19.3538],[147.7393,-43.1092,0.0],[147.7373,-43.1072,3.2145],[147.7383,-43.1049,2.2546],[147.7336,-43.1045,0.0],[147.7301,-43.1003,14.188],[147.7191,-43.103,12.9549],[147.7164,-43.1052,4.7955],[147.7177,-43.1073,2.4869],[147.7233,-43.1055,5.836],[147.7276,-43.1098,0.2412],[147.7341,-43.1108,1.9776],[147.7357,-43.1185,0.0],[147.7311,-43.1249,9.3265999999999991],[147.7263,-43.1263,27.9937],[147.7174,-43.1208,2.3605],[147.7034,-43.1221,0.0],[147.6985,-43.1268,8.5315],[147.6971,-43.1304,4.7838],[147.6932,-43.1324,0.0],[147.6903,-43.1376,3.3342],[147.6852,-43.1388,0.0],[147.6892,-43.1401,1.8372],[147.6908,-43.1433,0.0],[147.6982,-43.1457,3.1479],[147.6959,-43.1473,5.8214],[147.6982,-43.1508,8.1828],[147.6948,-43.1529,0.0],[147.6984,-43.155,17.4446],[147.6986,-43.1577,4.405],[147.7015,-43.1601,1.3186],[147.6946,-43.1672,0.0],[147.7011,-43.1748,4.5458],[147.7013,-43.177,0.0],[147.7078,-43.1797,0.0],[147.7112,-43.1779,42.2333],[147.7155,-43.1784,11.7691],[147.7157,-43.1839,11.2625],[147.7138,-43.1851,2.142],[147.7132,-43.1894,16.8412],[147.7108,-43.1903,5.833],[147.7123,-43.192,41.079],[147.7116,-43.1943,0.0],[147.7174,-43.1988,1.8963],[147.7201,-43.194,57.7579],[147.7221,-43.1933,2.8635],[147.7267,-43.1979,64.3984],[147.7341,-43.1987,54.0586],[147.7331,-43.1997,1.0757],[147.7343,-43.2006,1.0757],[147.746,-43.1976,24.4275],[147.7438,-43.2048,2.7184],[147.7507,-43.209,14.727],[147.7525,-43.2092,3.7508],[147.754,-43.2062,53.1949],[147.7618,-43.2063,0.0],[147.769,-43.211,62.5317],[147.7764,-43.2132,24.8735],[147.7825,-43.2205,119.5928],[147.7829,-43.2223,98.5426],[147.7814,-43.2232,0.0],[147.7828,-43.2241,146.0747],[147.7811,-43.233,0.0],[147.7843,-43.2346,25.6572],[147.7856,-43.238,0.0],[147.7895,-43.2352,10.516],[147.7997,-43.2424,0.0],[147.7975,-43.2392,98.6749],[147.8006,-43.2382,0.0],[147.799,-43.232,65.9212],[147.8007,-43.2302,0.0],[147.7984,-43.2244,158.4281],[147.7994,-43.223,41.2894],[147.7967,-43.2208,93.1771],[147.7985,-43.22,0.0],[147.7974,-43.2175,127.8487],[147.8005,-43.2186,0.0],[147.802,-43.2176,16.0728],[147.8019,-43.2164,16.0728],[147.8042,-43.2158,0.0],[147.8033,-43.2145,37.819],[147.8054,-43.2101,24.0993],[147.8078,-43.2083,50.2301],[147.8128,-43.2091,12.8398],[147.813,-43.207,1.9648],[147.8154,-43.2061,18.6697],[147.815,-43.204,98.4729],[147.8186,-43.2062,14.4121],[147.8201,-43.2045,0.0],[147.8192,-43.2018,0.0],[147.8225,-43.201,0.0],[147.822,-43.198,86.3248],[147.8304,-43.1993,41.9584],[147.8337,-43.1937,162.754],[147.8373,-43.196,27.8913],[147.8388,-43.1954,10.6521],[147.8382,-43.1914,6.5921],[147.8445,-43.1875,39.3413],[147.8485,-43.1898,14.8461],[147.8498,-43.1967,0.0],[147.8531,-43.1957,39.6843],[147.8528,-43.1975,29.7944],[147.8557,-43.2006,4.2706],[147.8594,-43.2012,19.849],[147.8609,-43.2082,0.0],[147.8629,-43.2036,92.7061],[147.8671,-43.2081,0.0],[147.8718,-43.2081,0.0],[147.8746,-43.2064,0.0],[147.8752,-43.2031,2.1848],[147.8673,-43.1997,39.5529],[147.8665,-43.1979,3.0506],[147.8707,-43.1929,21.3256],[147.8769,-43.195,0.0],[147.8762,-43.1917,20.7664],[147.872,-43.1902,12.0029],[147.8704,-43.1856,22.3534],[147.8656,-43.1828,0.0],[147.8601,-43.1864,14.5514],[147.8569,-43.1854,3.1018],[147.853,-43.1795,0.0],[147.8568,-43.1724,5.4236],[147.865,-43.1698,0.0],[147.8707,-43.1643,0.0],[147.8703,-43.1518,7.7349],[147.8685,-43.1509,0.0],[147.8648,-43.1595,3.502],[147.8658,-43.1612,2.8765],[147.8614,-43.1649,2.1752],[147.8545,-43.1623,0.0],[147.8553,-43.1594,0.0],[147.8456,-43.1543,19.9168],[147.8535,-43.1492,0.0],[147.851,-43.1482,14.8662],[147.8513,-43.147,2.7827],[147.8574,-43.1453,6.8464],[147.8601,-43.1425,0.0],[147.8567,-43.1423,3.9479],[147.8565,-43.1378,0.0],[147.8539,-43.1381,22.1389],[147.8557,-43.1348,1.56],[147.8604,-43.1349,0.0],[147.8625,-43.1376,26.6376],[147.8661,-43.1373,10.2348],[147.8609,-43.1302,8.2537],[147.8575,-43.1297,27.4144],[147.8566,-43.1272,0.0],[147.8504,-43.124,5.5542],[147.8547,-43.1216,2.4911],[147.858,-43.1244,1.264],[147.8576,-43.1217,8.4386],[147.8541,-43.1202,0.0],[147.8538,-43.1179,32.7047],[147.8599,-43.1129,10.7579],[147.8602,-43.1095,6.0185],[147.8633,-43.1079,4.7357],[147.8657,-43.1166,13.4282],[147.8638,-43.1215,3.5214],[147.8673,-43.1293,11.2392],[147.8715,-43.131,10.0266],[147.8832,-43.1228,23.5353],[147.8864,-43.1233,0.0],[147.8883,-43.1277,33.7519],[147.8874,-43.1307,54.6172],[147.8888,-43.1382,0.0],[147.8947,-43.1382,9.4145],[147.8882,-43.1427,12.8579],[147.8937,-43.1485,10.0619],[147.8934,-43.1534,4.7115],[147.8956,-43.1551,6.781],[147.8918,-43.1585,6.4268],[147.8937,-43.1638,16.8327],[147.8927,-43.1652,0.0],[147.8943,-43.1659,15.0967],[147.8935,-43.1706,7.1234],[147.8948,-43.1769,0.0],[147.8963,-43.1783,6.0884],[147.8945,-43.188,0.0],[147.8966,-43.191,0.0],[147.9069,-43.1878,106.5231],[147.9096,-43.1895,95.2462],[147.9165,-43.1896,5.8108],[147.924,-43.1936,69.5015],[147.9261,-43.197,7.9881],[147.9317,-43.1988,0.0],[147.9369,-43.195,13.9398],[147.9451,-43.1946,3.7374],[147.9503,-43.2068,36.2826],[147.9485,-43.2118,16.9403],[147.9462,-43.2129,0.0],[147.9483,-43.2135,22.476],[147.9495,-43.2157,34.441],[147.9538,-43.2152,129.3354],[147.9577,-43.2178,87.8618],[147.9597,-43.2163,36.6083],[147.9613,-43.2173,4.3467],[147.9626,-43.2155,112.8066],[147.9715,-43.2168,49.0258],[147.9721,-43.2198,0.0],[147.9753,-43.2211,0.0],[147.9781,-43.2188,196.2413],[147.9795,-43.2229,13.7243],[147.9837,-43.2218,197.2535],[147.9849,-43.2246,0.0],[147.9861,-43.2232,0.0],[147.9939,-43.222,50.5293],[148.0013,-43.2277,3.4776],[148.0036,-43.227,1.8913],[148.0034,-43.2258,65.6749],[148.0048,-43.2263,0.0],[148.0056,-43.2242,124.3778],[148.0073,-43.2252,0.0],[148.0078,-43.2228,206.0306],[148.0115,-43.2217,0.0],[148.0103,-43.2194,30.0443],[147.9998,-43.2187,0.0],[147.9927,-43.2156,32.8287],[147.987,-43.2117,62.7394],[147.9852,-43.2073,7.6363],[147.9727,-43.2031,165.8425],[147.9719,-43.2001,13.0659],[147.9669,-43.1973,175.539],[147.9635,-43.1913,85.8444],[147.9648,-43.1888,68.3536],[147.9636,-43.1853,28.7617],[147.9691,-43.1779,196.6915],[147.9796,-43.1683,0.0],[147.9832,-43.1561,173.072],[147.9856,-43.1562,0.0],[147.9861,-43.1539,22.2908],[147.9919,-43.154,0.0],[147.9911,-43.1524,159.6684],[147.9975,-43.1469,25.7736],[147.9967,-43.145,29.6685],[148.0019,-43.1458,0.7868],[148.0062,-43.1392,10.096],[148.0044,-43.1382,10.096],[148.0,-43.1406,26.4843],[147.9946,-43.1392,0.0],[147.9917,-43.1412,15.9147],[147.9827,-43.1357,0.0],[147.9723,-43.1348,19.3924],[147.9677,-43.1417,32.7392],[147.9634,-43.1427,2.7021],[147.9543,-43.1366,36.1608],[147.9554,-43.1334,9.7887],[147.9587,-43.1325,51.2264],[147.9599,-43.1305,0.0],[147.9569,-43.1273,1.6741],[147.9528,-43.1276,2.715],[147.9545,-43.1258,37.3135],[147.9681,-43.1264,0.0],[147.9736,-43.1196,0.0],[147.9746,-43.1227,0.0],[147.9806,-43.1233,1.7768],[147.9772,-43.1185,51.5921],[147.9773,-43.116,51.7182],[147.9801,-43.112,0.0],[147.9784,-43.1104,21.897],[147.981,-43.1074,17.8178],[147.9708,-43.1026,12.6519],[147.9664,-43.0919,55.2441],[147.9622,-43.0882,82.8609],[147.9629,-43.0863,60.7496],[147.9664,-43.0845,2.2806],[147.9599,-43.0806,0.0],[147.9594,-43.0763,0.0],[147.9558,-43.0725,24.8124],[147.9544,-43.0689,92.8806],[147.9559,-43.0682,5.7114],[147.9547,-43.0669,141.2497],[147.9562,-43.0658,29.839],[147.9556,-43.0644,9.1253],[147.946,-43.0608,64.1752],[147.9451,-43.0592,90.4079],[147.9492,-43.0577,0.0],[147.9494,-43.0546,0.0],[147.954,-43.052,23.0691],[147.9491,-43.0466,3.0373],[147.9533,-43.0414,0.0],[147.9497,-43.0377,6.8801],[147.9502,-43.0348,14.5267],[147.9485,-43.0331,3.0229],[147.947,-43.0335,3.0229],[147.9472,-43.0359,8.0363],[147.9401,-43.0364,7.253],[147.9355,-43.035,4.8772],[147.9291,-43.0294,12.1823],[147.9264,-43.0212,0.0],[147.9274,-43.0139,1.7425],[147.9305,-43.0099,2.8481],[147.9354,-43.0069,7.6554],[147.9423,-43.009,7.8871],[147.9424,-43.0052,32.5054],[147.9441,-43.0034,9.468],[147.9532,-43.0012,3.4663],[147.9533,-42.9977,35.3631],[147.9549,-42.9976,0.0],[147.9541,-42.9965,35.3631],[147.9561,-42.9951,26.2425],[147.9554,-42.9926,140.5604],[147.9609,-42.9894,37.9906],[147.9596,-42.9865,43.1402],[147.9613,-42.9841,84.7319],[147.9644,-42.9829,181.4724],[147.9763,-42.9834,0.0],[147.9776,-42.9822,0.0736],[147.9766,-42.9812,111.8692],[147.9844,-42.9792,2.4938],[147.9891,-42.9754,6.8227],[147.9864,-42.9704,14.9008],[147.9948,-42.9716,0.0],[147.9957,-42.9695,28.2644],[147.9943,-42.9685,28.2644],[147.9995,-42.9642,0.0],[147.998,-42.9598,87.0376],[147.9926,-42.9582,166.2123],[147.9923,-42.9562,126.1671],[147.995,-42.9561,10.5774],[147.9938,-42.9549,126.1671],[147.9962,-42.9541,0.0],[147.9966,-42.9514,0.0],[147.9937,-42.9529,13.4006],[147.987,-42.9511,15.4473],[147.9884,-42.9484,0.0],[147.9854,-42.9452,105.842],[147.9871,-42.9442,8.9815],[147.9834,-42.9413,112.5333],[147.9953,-42.9293,29.9833],[147.9989,-42.9146,0.0],[147.9956,-42.9097,32.3149],[147.9847,-42.9003,9.1078],[147.9841,-42.8904,0.0],[147.9728,-42.8883,37.8247],[147.9731,-42.8833,13.9685],[147.9609,-42.8849,2.7191],[147.9578,-42.8819,3.2748],[147.9585,-42.8779,28.999],[147.9653,-42.8773,9.1197],[147.9713,-42.8742,2.8182],[147.9713,-42.8718,14.6897],[147.9738,-42.8702,0.0],[147.9728,-42.8675,7.2039],[147.969,-42.8663,48.2636],[147.9709,-42.8643,0.0],[147.9608,-42.8674,2.7095],[147.9579,-42.8716,30.9029],[147.9465,-42.8735,0.0],[147.9451,-42.8771,9.8959],[147.9399,-42.8772,1.9939],[147.9281,-42.8703,0.0],[147.9203,-42.8613,1.4843],[147.9237,-42.8563,0.0],[147.9231,-42.8527,0.0],[147.9219,-42.8515,0.0],[147.9174,-42.8528,0.0],[147.9158,-42.8518,0.0],[147.918,-42.8485,0.0],[147.9222,-42.8464,0.0],[147.9193,-42.8441,16.9966],[147.9208,-42.8441,6.1913],[147.9201,-42.843,6.1913],[147.9171,-42.8441,2.6004],[147.9155,-42.8476,3.8407],[147.913,-42.8479,0.0],[147.9056,-42.8437,3.8786],[147.9056,-42.8422,0.0],[147.9026,-42.8445,4.349],[147.8917,-42.8425,0.0],[147.8892,-42.8446,4.9694],[147.8911,-42.8464,18.0081],[147.8901,-42.8503,5.0158],[147.8831,-42.8501,17.0457],[147.8796,-42.8536,12.4617],[147.8806,-42.8562,8.2887],[147.8848,-42.8585,0.0],[147.8852,-42.8619,5.7894],[147.8799,-42.8636,7.3506],[147.8736,-42.863,11.8851],[147.8717,-42.8711,0.5134],[147.87,-42.8721,14.9246],[147.8655,-42.871,0.0],[147.8612,-42.8751,0.0],[147.8685,-42.8752,6.8387],[147.8731,-42.8782,0.0],[147.8746,-42.8771,0.0],[147.8738,-42.8745,3.859],[147.8769,-42.8736,7.9859],[147.8819,-42.877,4.5129],[147.895,-42.878,0.0],[147.904,-42.8824,14.0537],[147.9049,-42.8931,0.0],[147.9021,-42.8954,0.0374],[147.9004,-42.8998,0.0728],[147.9072,-42.9077,9.6214],[147.8992,-42.9017,4.3012],[147.895,-42.8944,0.0],[147.8895,-42.8931,12.1763],[147.8841,-42.8947,11.1705],[147.8764,-42.8887,4.4667],[147.8733,-42.8891,2.4198],[147.8734,-42.8935,4.9168],[147.8685,-42.8937,1.2716],[147.8619,-42.8908,0.0],[147.858,-42.8916,18.3096],[147.8534,-42.8899,11.6056],[147.844,-42.8908,1.9674],[147.8407,-42.8886,0.5723],[147.8373,-42.892,5.6007],[147.8294,-42.8936,11.2438],[147.8255,-42.8918,4.0512],[147.8239,-42.8946,15.8082],[147.8187,-42.8952,2.929]]],
[[[146.5599,-43.5152,0.0],[146.558,-43.5147,2.2328],[146.5589,-43.5156,2.2328],[146.5611,-43.515,0.0],[146.5599,-43.5152,0.0]]],
[[[147.2922,-43.5122,0.0],[147.2922,-43.5115,0.0],[147.2918,-43.5112,0.0],[147.2917,-43.5119,0.0],[147.2922,-43.5122,0.0]]],
[[[146.2736,-43.505,0.0],[146.2738,-43.5052,27.7357],[146.2739,-43.5051,27.7357],[146.2737,-43.5049,27.7357],[146.2736,-43.505,0.0]]],
[[[146.9018,-43.5158,15.5449],[146.9011,-43.5162,39.3773],[146.9012,-43.5169,14.3674],[146.9024,-43.5164,0.925],[146.9018,-43.5158,15.5449]]],
[[[147.1298,-43.4993,0.4425],[147.1302,-43.4991,0.4425],[147.1306,-43.4982,0.4425],[147.1296,-43.4993,0.0],[147.1298,-43.4993,0.4425]]],
[[[147.2491,-43.4937,0.2598],[147.2489,-43.493899999999996,2.5942],[147.2492,-43.4949,0.0],[147.2495,-43.4941,0.2598],[147.2491,-43.4937,0.2598]]],
[[[147.2476,-43.493899999999996,2.5942],[147.2477,-43.4946,0.0],[147.2485,-43.4943,2.5942],[147.2483,-43.4936,2.5942],[147.2476,-43.493899999999996,2.5942]]],
[[[147.2472,-43.4937,2.5942],[147.2469,-43.4937,0.0],[147.2471,-43.4942,2.5942],[147.2473,-43.4941,2.5942],[147.2472,-43.4937,2.5942]]],
[[[147.1367,-43.4973,3.1306],[147.1367,-43.4975,3.1306],[147.1371,-43.4977,3.1306],[147.137,-43.4973,3.1306],[147.1367,-43.4973,3.1306]]],
[[[147.1352,-43.4984,1.1915],[147.1351,-43.4987,1.1915],[147.1351,-43.4989,1.1915],[147.1354,-43.4984,1.1915],[147.1352,-43.4984,1.1915]]],
[[[147.1327,-43.4984,0.0],[147.1333,-43.4984,0.0],[147.1335,-43.4982,0.0],[147.1329,-43.4983,0.0],[147.1327,-43.4984,0.0]]],
[[[147.1339,-43.4993,1.1915],[147.1365,-43.4973,3.1306],[147.1372,-43.493899999999996,2.895],[147.1322,-43.4944,2.2468],[147.132,-43.4961,13.6471],[147.1338,-43.497,32.5489],[147.1339,-43.4993,1.1915]]],
[[[147.1778,-43.4934,0.0],[147.178,-43.4926,3.6776],[147.1772,-43.4927,3.6776],[147.1774,-43.4931,0.0],[147.1778,-43.4934,0.0]]],
[[[147.1502,-43.4926,40.7889],[147.1501,-43.4925,40.7889],[147.1499,-43.4934,5.2639],[147.1502,-43.4931,5.2639],[147.1502,-43.4926,40.7889]]],
[[[147.1773,-43.4924,3.6776],[147.1779,-43.4925,3.6776],[147.1778,-43.492,3.6776],[147.1774,-43.4922,3.6776],[147.1773,-43.4924,3.6776]]],
[[[147.1686,-43.49,0.0],[147.1684,-43.4895,0.0],[147.1682,-43.4894,0.0],[147.1684,-43.4904,0.0],[147.1686,-43.49,0.0]]],
[[[146.9473,-43.4887,0.0],[146.9469,-43.4886,0.0],[146.9469,-43.4891,0.0],[146.9472,-43.489,0.0],[146.9473,-43.4887,0.0]]],
[[[146.9447,-43.4928,1.8793],[146.9471,-43.4922,0.0],[146.9468,-43.491,0.0],[146.9447,-43.4925,1.8793],[146.9447,-43.4928,1.8793]]],
[[[147.1523,-43.4905,0.6575],[147.1521,-43.4908,0.6575],[147.1526,-43.4914,0.0],[147.1526,-43.4907,0.0],[147.1523,-43.4905,0.6575]]],
[[[147.1866,-43.4802,0.9581],[147.1871,-43.4802,0.9581],[147.1868,-43.4797,0.9581],[147.1864,-43.4797,0.9581],[147.1866,-43.4802,0.9581]]],
[[[147.2443,-43.4777,1.262],[147.2437,-43.4771,1.262],[147.2433,-43.4775,1.262],[147.2434,-43.4777,1.262],[147.2443,-43.4777,1.262]]],
[[[147.193,-43.4674,0.0],[147.1933,-43.467,0.0],[147.1933,-43.4667,0.0],[147.1926,-43.4675,0.0],[147.193,-43.4674,0.0]]],
[[[147.0116,-43.4759,0.0],[147.0072,-43.4755,2.1135],[147.0064,-43.4769,3.8403],[147.0098,-43.4773,5.8553],[147.0116,-43.4759,0.0]]],
[[[147.0048,-43.4757,0.0],[147.0042,-43.4759,0.0],[147.0042,-43.4761,0.0],[147.0047,-43.4761,0.0],[147.0048,-43.4757,0.0]]],
[[[146.9726,-43.4481,0.0],[146.9734,-43.4483,0.0],[146.9738,-43.4473,0.0],[146.973,-43.4473,0.0],[146.9726,-43.4481,0.0]]],
[[[146.0101,-43.4589,3.314],[146.0108,-43.4586,34.1169],[146.0089,-43.4587,3.314],[146.0094,-43.459,3.314],[146.0101,-43.4589,3.314]]],
[[[146.0062,-43.4595,4.787],[146.0072,-43.459,4.787],[146.0058,-43.458,1.0269],[146.0055,-43.4584,1.0269],[146.0062,-43.4595,4.787]]],
[[[146.0085,-43.4584,3.314],[146.0083,-43.4573,1.1318],[146.0064,-43.4577,3.9138],[146.0075,-43.4589,4.787],[146.0085,-43.4584,3.314]]],
[[[146.97245,-43.4467,0.0],[146.9724,-43.4467,0.0],[146.972,-43.4468,0.0],[146.97245,-43.4467,0.0]]],
[[[146.97245,-43.4467,0.0],[146.9727,-43.4467,0.0],[146.9729,-43.4466,0.0],[146.97245,-43.4467,0.0]]],
[[[147.1079,-43.4416,0.0],[147.1081,-43.4409,0.0],[147.1076,-43.4408,0.0],[147.1076,-43.441,0.0],[147.1079,-43.4416,0.0]]],
[[[146.9474,-43.4816,0.0],[146.9474,-43.4837,0.0],[146.9477,-43.484,0.0],[146.948,-43.4821,0.0],[146.9474,-43.4816,0.0]]],
[[[146.9779,-43.4815,0.0],[146.9798,-43.4799,0.0],[146.9778,-43.4798,0.8365],[146.9739,-43.4836,0.0],[146.9762,-43.4839,0.5107],[146.9779,-43.4815,0.0]]],
[[[146.0031,-43.4387,1.4909],[146.0017,-43.4383,0.0],[146.0011,-43.4388,0.0],[146.0017,-43.4393,0.0],[146.0031,-43.4387,1.4909]]],
[[[147.1068,-43.436,19.3614],[147.1065,-43.4364,0.0],[147.1065,-43.4365,0.0],[147.107,-43.4361,19.3614],[147.1068,-43.436,19.3614]]],
[[[145.9664,-43.4279,0.0],[145.9671,-43.4283,0.0],[145.9673,-43.4281,0.0],[145.9662,-43.4273,0.0],[145.9664,-43.4279,0.0]]],
[[[147.1743,-43.4269,0.1967],[147.1744,-43.4264,0.1967],[147.1736,-43.4272,0.1967],[147.1739,-43.4273,0.1967],[147.1743,-43.4269,0.1967]]],
[[[147.207,-43.4224,0.0],[147.2066,-43.4226,0.0],[147.2065,-43.4233,0.0],[147.207,-43.4232,0.0],[147.207,-43.4224,0.0]]],
[[[145.9594,-43.425,0.0],[145.9585,-43.4245,0.0],[145.958,-43.4248,0.0],[145.9583,-43.4259,0.0],[145.9594,-43.425,0.0]]],
[[[145.9539,-43.4246,0.0],[145.9536,-43.4246,0.0],[145.9536,-43.4248,0.0],[145.9539,-43.4247,0.0],[145.9539,-43.4246,0.0]]],
[[[145.9527,-43.424,0.0],[145.9529,-43.4241,0.0],[145.953,-43.4237,0.0],[145.9528,-43.4238,0.0],[145.9527,-43.424,0.0]]],
[[[145.9994,-43.426,1.1905],[145.9995,-43.4261,1.1905],[145.9997,-43.4259,1.1905],[145.9996,-43.4258,1.1905],[145.9996,-43.4258,1.1905],[145.9996,-43.4258,1.1905],[145.9995,-43.4257,1.1905],[145.9994,-43.426,1.1905]]],
[[[145.9996,-43.4258,1.1905],[145.9996,-43.4258,1.1905],[146.0001,-43.4257,0.2976],[146.0001,-43.4255,0.2976],[146.0,-43.4254,0.2976],[145.9996,-43.4258,1.1905]]],
[[[145.9695,-43.4251,0.0],[145.9695,-43.4255,0.0],[145.97,-43.4259,0.0],[145.9698,-43.4245,0.0],[145.9695,-43.4251,0.0]]],
[[[145.9222,-43.4184,0.2499],[145.9221,-43.4194,0.2499],[145.9224,-43.4201,0.0],[145.9228,-43.419,0.2499],[145.9222,-43.4184,0.2499]]],
[[[145.9214,-43.4189,-0.0094],[145.9209,-43.4177,0.0],[145.9203,-43.4179,0.0],[145.9203,-43.4192,-0.0094],[145.9214,-43.4189,-0.0094]]],
[[[145.9262,-43.4176,0.0],[145.9259,-43.4181,0.0],[145.9263,-43.4184,0.0],[145.9265,-43.4178,0.0],[145.9262,-43.4176,0.0]]],
[[[147.3637,-43.3987,0.0436],[147.3635,-43.3999,0.0292],[147.3638,-43.4004,0.0292],[147.3643,-43.399,0.0],[147.3637,-43.3987,0.0436]]],
[[[147.3662,-43.3923,1.9376],[147.3665,-43.3924,0.7633],[147.3665,-43.3921,0.7633],[147.3664,-43.3921,0.7633],[147.3662,-43.3923,1.9376]]],
[[[145.9299,-43.3886,0.0],[145.9296,-43.3895,0.0],[145.9299,-43.3899,0.0],[145.9304,-43.3893,2.3925],[145.9299,-43.3886,0.0]]],
[[[146.1544,-43.38,0.0],[146.1556,-43.3789,3.3346],[146.1554,-43.3777,0.0],[146.1522,-43.3808,0.0],[146.1544,-43.38,0.0]]],
[[[147.3825,-43.3725,8.5271],[147.3825,-43.3721,8.5271],[147.3824,-43.3718,8.5271],[147.3821,-43.3726,8.5271],[147.3825,-43.3725,8.5271]]],
[[[146.1617,-43.375,0.0],[146.1598,-43.3742,0.0],[146.1577,-43.3757,0.0],[146.1598,-43.3762,17.3825],[146.1617,-43.375,0.0]]],
[[[146.1544,-43.3742,0.0],[146.1543,-43.3739,0.0],[146.1539,-43.3739,0.0],[146.1541,-43.3741,0.0],[146.1544,-43.3742,0.0]]],
[[[147.3593,-43.4046,0.0],[147.3601,-43.4044,2.3883],[147.3589,-43.4033,2.3883],[147.3582,-43.4042,2.3883],[147.3593,-43.4046,0.0]]],
[[[145.933,-43.4099,0.0],[145.9334,-43.4098,0.0],[145.9334,-43.4091,0.0],[145.933,-43.4093,0.0],[145.933,-43.4099,0.0]]],
[[[145.9321,-43.4094,0.0],[145.9325,-43.4099,0.0],[145.9328,-43.4092,0.0],[145.9325,-43.4089,0.0],[145.9321,-43.4094,0.0]]],
[[[147.1053,-43.3967,2.7703],[147.1009,-43.3895,0.0],[147.0994,-43.3892,0.0],[147.0982,-43.3911,0.0],[147.1001,-43.3941,15.1091],[147.0966,-43.3949,0.0],[147.0973,-43.3966,10.403],[147.0941,-43.3986,0.0],[147.1004,-43.4095,8.2907],[147.103,-43.4063,0.0],[147.1028,-43.4009,27.0019],[147.1053,-43.3967,2.7703]]],
[[[145.9345,-43.4198,0.0],[145.9321,-43.4195,2.0775],[145.9315,-43.4206,0.0],[145.9332,-43.4213,0.0],[145.9345,-43.4198,0.0]]],
[[[147.2078,-43.4193,0.0],[147.2085,-43.4199,0.0],[147.2092,-43.4195,1.985],[147.2091,-43.4193,1.985],[147.2078,-43.4193,0.0]]],
[[[145.9709,-43.4129,2.6395],[145.9677,-43.4133,18.5058],[145.9677,-43.4173,15.7716],[145.9645,-43.419,0.0],[145.9633,-43.4216,9.0508],[145.9637,-43.4235,3.4755],[145.9671,-43.4256,0.0],[145.9695,-43.4241,0.0],[145.9677,-43.4195,10.8841],[145.9713,-43.4184,0.0],[145.9699,-43.4164,11.2831],[145.9709,-43.4129,2.6395]]],
[[[147.2083,-43.4192,1.985],[147.2093,-43.4181,1.985],[147.2073,-43.4169,6.7268],[147.2075,-43.4188,0.0],[147.2083,-43.4192,1.985]]],
[[[145.9325,-43.4105,0.0],[145.9309,-43.4102,3.0977],[145.9313,-43.4115,12.806],[145.9291,-43.4117,0.0],[145.9314,-43.413,1.5302],[145.9325,-43.4105,0.0]]],
[[[147.3412,-43.4403,1.6628],[147.3402,-43.4403,1.6628],[147.3391,-43.439,3.4234],[147.3415,-43.442,0.0],[147.3412,-43.4403,1.6628]]],
[[[147.1082,-43.4404,0.0],[147.1079,-43.4403,0.0],[147.1079,-43.4406,0.0],[147.108,-43.4406,0.0],[147.1082,-43.4404,0.0]]],
[[[146.1562,-43.3725,9.873],[146.1562,-43.3715,9.873],[146.154,-43.3712,0.0],[146.1546,-43.3726,9.873],[146.1562,-43.3725,9.873]]],
[[[147.2023,-43.4187,9.3271],[147.2054,-43.4169,6.44],[147.2073,-43.4169,6.7268],[147.2075,-43.4169,6.7268],[147.2099,-43.4172,8.3739],[147.2184,-43.4137,6.5183],[147.2273,-43.4126,22.2166],[147.2354,-43.4141,1.3203],[147.2343,-43.4166,0.0],[147.2362,-43.4195,3.9547],[147.2417,-43.4139,2.2072],[147.2408,-43.4162,3.5061],[147.2436,-43.4224,0.312],[147.2404,-43.4267,12.4772],[147.2377,-43.4269,2.6883],[147.2259,-43.4339,0.1376],[147.2097,-43.4338,0.7755],[147.2079,-43.432,0.0],[147.2081,-43.4293,0.0],[147.2046,-43.4298,11.3602],[147.2015,-43.437,1.6967],[147.2279,-43.4377,8.3276],[147.2325,-43.4385,1.7165],[147.2335,-43.4415,0.3289],[147.2359,-43.4387,10.2196],[147.2401,-43.4407,4.9028],[147.2459,-43.4404,4.1881],[147.2516,-43.4476,10.0769],[147.2558,-43.4577,1.2994],[147.2549,-43.4617,0.0],[147.2508,-43.4657,0.0],[147.2442,-43.465,11.1897],[147.243,-43.4631,0.0],[147.2404,-43.4659,2.5901],[147.243,-43.4687,16.3119],[147.2403,-43.4735,0.5711],[147.2433,-43.4721,35.3745],[147.2469,-43.4729,28.2313],[147.2468,-43.4756,6.8859],[147.245,-43.4758,6.8859],[147.2449,-43.478,21.2441],[147.2427,-43.4786,1.6905],[147.2446,-43.4795,21.2441],[147.2415,-43.4798,24.8116],[147.2426,-43.4824,2.1944],[147.2459,-43.4811,50.5666],[147.2468,-43.4848,4.5882],[147.2445,-43.4885,0.0],[147.246,-43.4891,33.5923],[147.2464,-43.4925,0.0],[147.2498,-43.4934,0.2598],[147.2557,-43.4905,4.1284],[147.2563,-43.4888,81.9115],[147.2632,-43.4879,80.7589],[147.2642,-43.4911,4.598],[147.2659,-43.4904,72.4528],[147.2679,-43.4915,57.7603],[147.2675,-43.4927,7.9609],[147.2696,-43.4927,85.3735],[147.2683,-43.4934,0.9149],[147.2707,-43.4933,24.2787],[147.2691,-43.4965,0.0],[147.2716,-43.4957,15.113],[147.2718,-43.5006,9.093],[147.2772,-43.5,10.5687],[147.2794,-43.5043,3.3862],[147.282,-43.5046,81.6605],[147.2823,-43.5061,81.6605],[147.2858,-43.5063,0.0],[147.2884,-43.5039,23.8981],[147.2895,-43.5055,0.0],[147.291,-43.505,25.5746],[147.2898,-43.5061,0.0],[147.2922,-43.5091,0.0],[147.2926,-43.5124,3.6876],[147.2935,-43.5109,63.9283],[147.2964,-43.5119,100.7265],[147.2962,-43.5138,15.4486],[147.294,-43.5143,0.0],[147.2955,-43.5161,17.4567],[147.2999,-43.515,6.7648],[147.2999,-43.5135,45.5772],[147.302,-43.5145,3.3082],[147.3016,-43.5122,3.897],[147.303,-43.5125,0.0],[147.3016,-43.5104,9.3238],[147.308,-43.5077,48.9842],[147.3163,-43.5012,97.7851],[147.3189,-43.5007,26.4907],[147.322,-43.5016,4.5669],[147.3221,-43.5031,0.0],[147.3224,-43.5017,4.5669],[147.3238,-43.5027,1.559],[147.3234,-43.5013,1.559],[147.3272,-43.4971,86.6859],[147.3274,-43.4945,0.0],[147.3243,-43.4887,50.5923],[147.3245,-43.4845,52.0098],[147.3205,-43.4757,20.8699],[147.3208,-43.4696,18.8529],[147.325,-43.4615,50.5341],[147.327,-43.4497,47.899],[147.3313,-43.4416,34.5566],[147.3345,-43.4391,53.3185],[147.3445,-43.4376,0.0],[147.3426,-43.4355,63.133],[147.3429,-43.432,77.0528],[147.3463,-43.4291,0.0],[147.3405,-43.4278,4.378],[147.3378,-43.4235,0.7348],[147.3414,-43.4179,134.2331],[147.347,-43.4161,22.6528],[147.349,-43.4104,13.9933],[147.3478,-43.4086,3.9288],[147.3486,-43.4052,15.4384],[147.3512,-43.4053,3.9679],[147.352,-43.4024,48.1194],[147.3555,-43.4043,9.1844],[147.36,-43.402,20.0573],[147.361,-43.4003,10.323],[147.3593,-43.3983,54.7073],[147.3653,-43.3916,1.9376],[147.3688,-43.3915,5.6433],[147.3693,-43.3935,0.0],[147.371,-43.3926,0.0],[147.3703,-43.389,111.5757],[147.3727,-43.3901,0.0],[147.3742,-43.3889,27.1809],[147.3769,-43.3909,2.8637],[147.3791,-43.3901,0.0],[147.3777,-43.3831,193.7853],[147.3795,-43.3833,0.0],[147.3784,-43.3815,180.4208],[147.3815,-43.3783,0.0],[147.3816,-43.3657,0.0],[147.3766,-43.3578,0.7134],[147.3692,-43.3536,86.5834],[147.3699,-43.3515,48.6577],[147.3666,-43.3505,4.296],[147.3633,-43.3557,14.4966],[147.3585,-43.3587,11.7431],[147.3579,-43.3626,0.0],[147.3515,-43.3641,0.0],[147.3505,-43.3678,5.2031],[147.348,-43.3687,1.4333],[147.3359,-43.3668,4.462],[147.3344,-43.3677,5.7509],[147.335,-43.3661,6.0204],[147.34,-43.367,0.0],[147.3323,-43.3635,6.3661],[147.327,-43.3586,6.3309],[147.3273,-43.3561,2.4675],[147.329,-43.3557,2.4675],[147.326,-43.3542,14.433],[147.3215,-43.3454,1.7457],[147.3217,-43.3418,5.978],[147.3238,-43.3396,4.3394],[147.3222,-43.3354,10.7419],[147.3253,-43.3323,0.0],[147.3232,-43.3306,5.29],[147.3239,-43.3274,11.3983],[147.3224,-43.3255,24.7408],[147.3247,-43.3202,34.0511],[147.3228,-43.3181,59.593],[147.3239,-43.3179,6.6917],[147.3215,-43.3142,0.0],[147.3206,-43.3087,4.8791],[147.3282,-43.2934,0.6593],[147.3378,-43.2812,0.9512],[147.3522,-43.2679,2.8152],[147.3698,-43.2559,12.4444],[147.3924,-43.2455,5.5499],[147.4097,-43.2408,21.9014],[147.4183,-43.2417,9.8696],[147.4215,-43.2528,1.4558],[147.4255,-43.2536,5.3994],[147.4268,-43.2514,32.9459],[147.4302,-43.2521,11.2925],[147.4309,-43.25,30.6006],[147.4291,-43.2487,71.4711],[147.4329,-43.2395,0.0],[147.4311,-43.2369,83.8112],[147.4332,-43.2284,0.0],[147.4315,-43.2203,57.5074],[147.4282,-43.2145,22.2748],[147.4279,-43.2091,37.3162],[147.425,-43.207,33.1196],[147.4267,-43.2063,0.0],[147.4221,-43.2047,31.0259],[147.4163,-43.2058,6.8858],[147.4108,-43.2005,38.3854],[147.4115,-43.195,99.9196],[147.4134,-43.1941,33.7443],[147.4091,-43.1927,53.3424],[147.4085,-43.189,44.8681],[147.4115,-43.1864,14.0099],[147.4103,-43.1851,35.8368],[147.4131,-43.1843,35.6264],[147.4124,-43.1826,62.9127],[147.4137,-43.1813,0.0],[147.4114,-43.1771,16.9041],[147.409,-43.1764,40.8171],[147.4094,-43.1726,5.8863],[147.4054,-43.1699,66.5964],[147.4091,-43.1689,5.7502],[147.4064,-43.1668,13.7183],[147.3939,-43.1646,2.8655],[147.3925,-43.1626,8.4549],[147.3945,-43.1604,1.6186],[147.3931,-43.1598,1.6186],[147.394,-43.1574,2.8001],[147.3911,-43.1552,4.566],[147.3919,-43.1524,33.6752],[147.3949,-43.1503,34.6907],[147.393,-43.1446,51.8954],[147.3969,-43.1431,27.029],[147.3946,-43.1409,71.238],[147.3942,-43.1374,50.0845],[147.3972,-43.1371,0.0],[147.3995,-43.1349,0.0],[147.4003,-43.1318,6.3749],[147.3983,-43.1315,41.4879],[147.398,-43.1295,46.8079],[147.4002,-43.1292,10.497],[147.4007,-43.1271,5.8433],[147.3961,-43.1226,4.8181],[147.3914,-43.1227,0.0],[147.3896,-43.1211,0.0],[147.3891,-43.1164,0.432],[147.3914,-43.1151,0.0],[147.3888,-43.115,96.1476],[147.3866,-43.1098,56.306399999999996],[147.3838,-43.1087,54.6167],[147.385,-43.1049,8.5044],[147.388,-43.1027,0.691],[147.3849,-43.104,4.5809],[147.3829,-43.1032,11.4489],[147.3828,-43.1015,0.0],[147.3778,-43.1017,21.5075],[147.3752,-43.0984,8.2619],[147.3766,-43.0946,0.0],[147.3744,-43.0893,6.8166],[147.3714,-43.0887,8.9607],[147.3673,-43.0905,7.9143],[147.3626,-43.0868,0.0],[147.3628,-43.0805,2.7829],[147.3657,-43.0787,7.1666],[147.3676,-43.0718,20.2776],[147.3573,-43.0637,4.0474],[147.351,-43.0641,0.0],[147.3519,-43.0659,0.0],[147.3462,-43.0749,20.555],[147.3365,-43.0832,17.2668],[147.3291,-43.0853,16.5078],[147.3225,-43.0844,0.0],[147.3261,-43.0866,0.0],[147.3268,-43.0889,0.0],[147.325,-43.0915,12.2968],[147.3226,-43.0917,0.0],[147.3232,-43.0975,12.2742],[147.3179,-43.1048,18.5509],[147.3171,-43.1094,21.1018],[147.3066,-43.1134,0.0],[147.3114,-43.1149,10.4987],[147.3111,-43.1183,1.4245],[147.3147,-43.118899999999996,3.3908],[147.3301,-43.1149,4.2377],[147.3301,-43.1178,3.8746],[147.3255,-43.1209,0.0],[147.3226,-43.1265,0.0],[147.3284,-43.131,20.2906],[147.3328,-43.129,18.3263],[147.3331,-43.1256,48.4028],[147.3384,-43.1194,7.8646],[147.3461,-43.1218,12.2567],[147.3464,-43.1286,2.7501],[147.3532,-43.1281,0.0],[147.3552,-43.1257,4.4862],[147.3569,-43.1181,2.245],[147.3612,-43.1136,22.8962],[147.3606,-43.1164,4.4746],[147.3618,-43.1174,4.4746],[147.3598,-43.1171,2.8159],[147.358,-43.1198,0.0],[147.3601,-43.1204,2.8916],[147.3581,-43.123,0.0],[147.3618,-43.1237,0.0],[147.3613,-43.1306,2.587],[147.3581,-43.1327,2.3837],[147.3593,-43.1343,6.2619],[147.3559,-43.1408,2.3084],[147.3524,-43.1391,0.0],[147.3558,-43.1346,2.7892],[147.3529,-43.1312,0.0],[147.3372,-43.1366,6.7163],[147.3338,-43.1419,5.3114],[147.3298,-43.1415,3.227],[147.3319,-43.1513,14.0469],[147.3292,-43.1523,5.9409],[147.3174,-43.1435,2.3782],[147.3168,-43.1399,15.5739],[147.3096,-43.1399,9.6659],[147.3102,-43.1359,3.0598],[147.3122,-43.1345,0.0],[147.3102,-43.1343,0.0],[147.2903,-43.1429,0.0],[147.2821,-43.1443,6.1818],[147.2807,-43.1464,0.0],[147.2905,-43.1457,5.8167],[147.2944,-43.1488,21.6657],[147.2949,-43.152,10.206],[147.2925,-43.155,5.697],[147.2959,-43.1561,10.1447],[147.2959,-43.1576,0.0],[147.2831,-43.1585,10.4435],[147.276,-43.166,14.4589],[147.2812,-43.1678,17.6641],[147.2797,-43.1708,0.0],[147.2818,-43.1678,17.6641],[147.2841,-43.1672,19.9565],[147.2849,-43.1715,0.0],[147.2917,-43.1698,5.2298],[147.297,-43.1705,3.5766],[147.2986,-43.1684,4.9316],[147.3009,-43.1685,15.4373],[147.3006,-43.1757,31.9028],[147.2986,-43.1793,4.8658],[147.2995,-43.1809,2.2076],[147.3176,-43.177,0.0],[147.3288,-43.1698,0.0],[147.3346,-43.1708,9.458],[147.3365,-43.1694,5.4982],[147.3401,-43.1717,0.0],[147.3423,-43.17,4.0526],[147.3416,-43.172,0.0],[147.344,-43.172,3.3371],[147.3429,-43.1746,5.2602],[147.3391,-43.1752,1.1679],[147.3376,-43.1783,13.4201],[147.3335,-43.1799,1.8574],[147.333,-43.1816,1.2526],[147.3294,-43.182,0.0],[147.332,-43.1829,1.2526],[147.3308,-43.1847,0.0],[147.3318,-43.1853,1.7069],[147.3426,-43.1828,13.4085],[147.3468,-43.1861,8.1591],[147.3547,-43.1867,0.0],[147.3591,-43.1844,15.8764],[147.3617,-43.1763,22.1013],[147.3704,-43.1774,2.3106],[147.379,-43.176,2.4276],[147.3779,-43.1767,0.2926],[147.384,-43.1824,1.0656],[147.3863,-43.1879,0.0],[147.3852,-43.1904,3.0752],[147.3865,-43.1965,0.0],[147.3833,-43.1985,0.0],[147.385,-43.1991,2.7949],[147.3851,-43.2011,3.6206],[147.3829,-43.203,4.8947],[147.3838,-43.2048,1.9505],[147.382,-43.209,2.7772],[147.3767,-43.2092,0.0],[147.3771,-43.2135,6.366],[147.3724,-43.2156,1.6565],[147.3695,-43.2151,13.1365],[147.3651,-43.2086,6.0108],[147.3587,-43.2125,4.3079],[147.353,-43.2133,17.0684],[147.3494,-43.2122,0.0],[147.3537,-43.2166,4.4794],[147.3523,-43.2189,4.9486],[147.343,-43.2176,0.0],[147.3412,-43.2191,0.0],[147.3463,-43.2212,20.6356],[147.3475,-43.2263,0.0],[147.3518,-43.2286,0.0],[147.3542,-43.2277,13.7557],[147.3561,-43.23,7.8906],[147.3537,-43.2377,1.1344],[147.3484,-43.2371,0.0],[147.3503,-43.2395,7.9734],[147.3494,-43.2426,0.0],[147.3545,-43.242,4.0983],[147.3584,-43.2467,1.1815],[147.3587,-43.2524,0.6822],[147.3549,-43.2614,3.9437],[147.3288,-43.2884,5.4599],[147.3176,-43.2948,6.8021],[147.3084,-43.295,0.1177],[147.3089,-43.2964,5.0913],[147.3058,-43.297,1.9374],[147.3054,-43.2958,3.5778],[147.3055,-43.2947,3.5778],[147.3068,-43.2905,0.0],[147.3029,-43.2871,2.5537],[147.3015,-43.2792,0.0],[147.298,-43.2731,20.9612],[147.2979,-43.269,18.8143],[147.3022,-43.2643,1.6799],[147.2949,-43.2554,2.385],[147.2931,-43.241,0.0],[147.2918,-43.241,0.0],[147.2887,-43.2456,2.6452],[147.2894,-43.2484,2.1255],[147.2879,-43.2522,0.0],[147.2898,-43.2559,0.0],[147.2877,-43.2574,0.0],[147.2861,-43.2659,49.4574],[147.2833,-43.2692,12.305],[147.2753,-43.2719,6.6052],[147.2716,-43.276,0.0],[147.2712,-43.2834,0.0],[147.2736,-43.2868,0.0],[147.2715,-43.2886,0.0],[147.2711,-43.2955,1.8412],[147.2634,-43.299,0.0],[147.2532,-43.2994,0.0],[147.2507,-43.3034,7.5996],[147.2468,-43.3043,0.0],[147.2431,-43.3082,16.5967],[147.2415,-43.3126,3.3448],[147.2422,-43.3205,1.2377],[147.2401,-43.3235,0.9888],[147.2415,-43.3275,7.1916],[147.2404,-43.3292,2.5599],[147.2274,-43.3342,1.1135],[147.2223,-43.3398,13.2911],[147.2226,-43.3432,4.292],[147.2257,-43.3467,2.8134],[147.2231,-43.352,3.3604],[147.225,-43.3519,9.8472],[147.2273,-43.3554,3.5965],[147.2316,-43.3562,22.4955],[147.2345,-43.3619,0.0],[147.2343,-43.3645,0.0],[147.2229,-43.3644,1.1179],[147.218,-43.3623,0.0],[147.2216,-43.3706,2.5498],[147.2192,-43.3764,11.3209],[147.2154,-43.3785,4.0766],[147.2128,-43.3824,5.7105],[147.2052,-43.3827,0.0],[147.1985,-43.3791,3.7806],[147.198,-43.3756,3.2936],[147.2005,-43.3694,0.0],[147.1953,-43.3649,17.9673],[147.1956,-43.3613,0.0],[147.187,-43.3594,0.0],[147.1852,-43.3577,25.0094],[147.1849,-43.3558,16.1207],[147.19,-43.3526,0.4588],[147.1886,-43.3491,0.0],[147.1834,-43.353,11.1286],[147.1791,-43.3526,0.0],[147.1785,-43.3559,7.6778],[147.1804,-43.3577,13.9501],[147.1794,-43.3593,14.1245],[147.181,-43.3606,2.0439],[147.182,-43.3684,8.3889],[147.1798,-43.3733,4.5398],[147.1836,-43.3801,10.4945],[147.1831,-43.3821,0.0],[147.1859,-43.3847,17.2275],[147.1859,-43.3877,14.0508],[147.1807,-43.3936,4.1169],[147.1754,-43.394,2.5703],[147.1741,-43.4034,3.2692],[147.1708,-43.406,0.0],[147.1686,-43.4047,0.0],[147.1679,-43.4087,0.0],[147.1691,-43.4102,0.0],[147.1705,-43.4082,3.5288],[147.1741,-43.4091,6.6665],[147.1755,-43.4169,6.362],[147.1717,-43.4182,8.289],[147.1743,-43.4235,1.9591],[147.1783,-43.4245,2.3035],[147.1782,-43.4222,6.1785],[147.1849,-43.4181,0.0],[147.1874,-43.4191,17.5394],[147.1896,-43.4272,7.2173],[147.1924,-43.4288,2.3979],[147.1908,-43.4319,6.3345],[147.1846,-43.4316,3.5006],[147.1743,-43.4378,0.0],[147.1799,-43.4402,5.1289],[147.1804,-43.4433,11.9668],[147.1753,-43.449,11.5843],[147.1718,-43.4498,12.5269],[147.1714,-43.4517,0.0],[147.1801,-43.4548,2.7228],[147.1797,-43.4584,15.0488],[147.177,-43.4583,10.2169],[147.1729,-43.462,23.2332],[147.1638,-43.465,7.083],[147.1594,-43.4638,3.0494],[147.1619,-43.4586,3.8535],[147.1525,-43.4583,3.7426],[147.1534,-43.4564,0.0],[147.151,-43.4516,0.0],[147.1438,-43.4488,9.4071],[147.1422,-43.4444,0.0],[147.1313,-43.4326,21.6346],[147.1256,-43.4201,0.0],[147.1159,-43.4114,0.0],[147.1122,-43.413,15.7739],[147.0999,-43.4114,3.1164],[147.0972,-43.4124,0.0],[147.099,-43.4134,4.5608],[147.0989,-43.4171,13.244],[147.0938,-43.4175,0.0],[147.0917,-43.4197,5.2028],[147.0943,-43.4209,22.9937],[147.0933,-43.422,8.5434],[147.0948,-43.427,31.4733],[147.0939,-43.4284,0.0],[147.0957,-43.4282,0.0],[147.0979,-43.433,0.0],[147.1018,-43.4335,41.9763],[147.1034,-43.4351,27.8601],[147.1024,-43.436,2.2121],[147.1066,-43.4349,19.3614],[147.1073,-43.4367,0.0],[147.1104,-43.4357,18.9612],[147.1146,-43.4373,4.2228],[147.1181,-43.4463,3.5067],[147.12,-43.4476,12.1691],[147.1228,-43.4467,4.071],[147.1244,-43.4515,0.0],[147.1263,-43.4512,53.7545],[147.125,-43.4535,0.0],[147.1266,-43.4524,34.2195],[147.1299,-43.4551,0.0],[147.1323,-43.454,16.2913],[147.1325,-43.4562,0.0],[147.1357,-43.4581,1.4775],[147.1351,-43.4607,8.7902],[147.1366,-43.462,48.7768],[147.1351,-43.4632,6.5214],[147.1368,-43.4654,36.8227],[147.1335,-43.4691,0.0],[147.1354,-43.4706,24.4803],[147.1358,-43.4748,24.4338],[147.1325,-43.4802,0.0],[147.1339,-43.4808,99.3599],[147.1323,-43.4822,1.4065],[147.1347,-43.4839,54.6923],[147.1335,-43.4869,0.0],[147.1346,-43.4852,9.6522],[147.1392,-43.4844,55.3666],[147.1413,-43.4879,0.0],[147.1374,-43.4933,2.895],[147.1433,-43.4922,21.7834],[147.1464,-43.4968,0.0],[147.1508,-43.4904,0.6575],[147.1493,-43.4883,15.3268],[147.15,-43.4866,21.0477],[147.1555,-43.4838,5.533],[147.1636,-43.4841,22.1868],[147.1691,-43.4896,0.0],[147.1708,-43.4867,44.8109],[147.1728,-43.4867,0.0],[147.1778,-43.4889,72.6033],[147.1784,-43.4923,3.6776],[147.179,-43.4898,12.761],[147.1829,-43.4888,0.0],[147.182,-43.4868,31.1365],[147.1841,-43.4846,3.0271],[147.1841,-43.4816,26.8864],[147.1871,-43.4813,0.9461],[147.1857,-43.4785,0.0],[147.179,-43.4745,15.2507],[147.1796,-43.4713,0.0],[147.1858,-43.466,46.7503],[147.189,-43.4675,5.3578],[147.193,-43.4666,0.0],[147.1976,-43.4554,6.422],[147.2004,-43.4534,12.1814],[147.2026,-43.4547,0.0],[147.2035,-43.4532,19.3254],[147.203,-43.4486,10.0118],[147.1999,-43.4476,1.7334],[147.199,-43.445,11.7054],[147.2016,-43.4418,23.4709],[147.1991,-43.436,13.6234],[147.2017,-43.4296,0.0],[147.2023,-43.4187,9.3271]]],
[[[147.4828,-43.0308,7.7336],[147.4826,-43.0309,7.7336],[147.4826,-43.031,7.7336],[147.4827,-43.031,7.7336],[147.4828,-43.0308,7.7336]]],
[[[147.4825,-43.031,7.7336],[147.4826,-43.0308,7.7336],[147.4826,-43.0306,7.7336],[147.4821,-43.0311,7.7336],[147.4825,-43.031,7.7336]]],
[[[147.8522,-43.0271,0.0],[147.8541,-43.0265,0.0],[147.8534,-43.0251,1.5496],[147.8502,-43.0248,9.352],[147.8465,-43.0269,0.0],[147.8479,-43.0277,0.0],[147.8522,-43.0271,0.0]]],
[[[147.2722,-43.0245,0.0],[147.2728,-43.0242,0.0],[147.271,-43.0244,1.3055],[147.2712,-43.0247,0.0],[147.2722,-43.0245,0.0]]],
[[[147.2712,-43.025,0.0],[147.2714,-43.0251,0.0],[147.2715,-43.025,0.0],[147.271,-43.0249,0.0],[147.2712,-43.025,0.0]]],
[[[147.2706,-43.0249,0.0],[147.2702,-43.0248,0.0],[147.271,-43.0251,0.0],[147.2708,-43.0249,0.0],[147.2706,-43.0249,0.0]]],
[[[147.272,-43.0222,0.0],[147.2719,-43.0218,0.0],[147.2716,-43.0217,0.8893],[147.2719,-43.0222,0.0],[147.272,-43.0222,0.0]]],
[[[147.2711,-43.0219,0.8893],[147.2711,-43.0221,0.8893],[147.2713,-43.0219,0.8893],[147.2712,-43.0218,0.8893],[147.2711,-43.0219,0.8893]]],
[[[147.2735,-43.0196,0.0],[147.2739,-43.021,0.0],[147.2747,-43.0209,0.0],[147.2746,-43.0203,0.0],[147.2735,-43.0196,0.0]]],
[[[147.3292,-43.016,20.5744],[147.3292,-43.0159,20.5744],[147.3291,-43.0159,20.5744],[147.3292,-43.016,20.5744]]],
[[[147.941,-43.0102,0.0],[147.9413,-43.0097,0.0],[147.9406,-43.0095,7.8871],[147.9404,-43.0098,0.0],[147.941,-43.0102,0.0]]],
[[[147.9414,-43.0095,7.8871],[147.9408,-43.0091,7.8871],[147.9403,-43.0093,0.0],[147.9405,-43.0095,7.8871],[147.941,-43.0094,7.8871],[147.9414,-43.0095,7.8871]]],
[[[147.9416,-43.0092,7.8871],[147.9422,-43.0094,7.8871],[147.9418,-43.0091,7.8871],[147.9413,-43.0092,7.8871],[147.9416,-43.0092,7.8871]]],
[[[147.8461,-43.0061,8.1909],[147.8468,-43.0058,8.1909],[147.8455,-43.0058,0.7975],[147.8452,-43.0068,0.0],[147.8457,-43.0068,0.0],[147.8461,-43.0061,8.1909]]],
[[[147.8361,-43.0052,0.0],[147.8356,-43.0052,0.0],[147.8355,-43.0056,0.0],[147.8358,-43.0056,0.0],[147.8361,-43.0052,0.0]]],
[[[147.837,-43.0034,0.0],[147.837,-43.0038,0.0],[147.8377,-43.0042,0.0],[147.8376,-43.0035,0.0],[147.837,-43.0034,0.0]]],
[[[147.9536,-43.0012,3.4663],[147.9538,-43.0014,0.0],[147.9539,-43.0011,3.4663],[147.9538,-43.0011,3.4663],[147.9536,-43.0012,3.4663]]],
[[[147.9592,-42.9912,0.0],[147.959,-42.9913,0.0],[147.9594,-42.9913,0.0],[147.9592,-42.9912,0.0]]],
[[[147.7195,-42.9883,0.0],[147.7193,-42.9883,0.0],[147.7192,-42.9883,0.0],[147.7193,-42.9884,0.0],[147.7195,-42.9883,0.0]]],
[[[147.9603,-42.9872,43.1402],[147.9604,-42.9872,43.1402],[147.9604,-42.9871,43.1402],[147.9602,-42.9871,43.1402],[147.9603,-42.9872,43.1402]]],
[[[147.5502,-42.9815,5.5635],[147.5504,-42.9815,5.5635],[147.5504,-42.9814,5.5635],[147.5502,-42.9814,5.5635],[147.5502,-42.9815,5.5635]]],
[[[147.8233,-42.9774,0.0],[147.823,-42.9773,0.0],[147.8229,-42.9775,0.0],[147.8233,-42.9777,0.0],[147.8233,-42.9774,0.0]]],
[[[147.3919,-42.9766,3.8647],[147.3921,-42.977,3.8647],[147.3922,-42.977,3.8647],[147.3919,-42.9765,3.8647],[147.3919,-42.9766,3.8647]]],
[[[147.9883,-42.9728,0.0],[147.9881,-42.9725,0.0],[147.9878,-42.9727,0.0],[147.9882,-42.9731,7.975],[147.9883,-42.9728,0.0]]],
[[[147.4031,-42.9686,0.0],[147.4028,-42.9687,0.0],[147.4028,-42.9688,0.0],[147.4031,-42.9687,0.0],[147.4031,-42.9686,0.0]]],
[[[148.0054,-42.9593,0.0],[148.0052,-42.9594,0.0],[148.0058,-42.9596,0.0],[148.0058,-42.9592,0.0],[148.0054,-42.9593,0.0]]],
[[[147.6436,-42.9443,0.0],[147.6406,-42.9433,4.9693],[147.6358,-42.947,2.0709],[147.6352,-42.9492,5.5557],[147.6388,-42.9525,20.6437],[147.6393,-42.9549,0.0],[147.6424,-42.9555,27.3472],[147.6462,-42.9591,0.0],[147.6489,-42.9543,11.1529],[147.6486,-42.9491,1.7455],[147.6473,-42.9464,5.4167],[147.6436,-42.9443,0.0]]],
[[[148.0039,-42.96,0.0],[148.0034,-42.9598,0.0],[148.0036,-42.9608,0.0],[148.0039,-42.9606,0.0],[148.0039,-42.96,0.0]]],
[[[148.0,-42.9603,0.0],[148.0011,-42.9603,0.0],[148.0011,-42.9601,0.0],[147.9992,-42.9599,0.0],[148.0,-42.9603,0.0]]],
[[[148.0023,-42.9599,0.0],[148.0018,-42.9598,0.0],[148.0017,-42.9599,0.0],[148.0019,-42.9602,0.0],[148.0023,-42.9599,0.0]]],
[[[147.6577,-42.9422,0.0],[147.6572,-42.9419,0.0],[147.6566,-42.9418,0.0],[147.6571,-42.9423,0.0],[147.6577,-42.9422,0.0]]],
[[[147.8572,-42.9398,0.0],[147.8569,-42.9393,0.0],[147.8563,-42.9398,0.0],[147.8564,-42.9399,0.0],[147.8572,-42.9398,0.0]]],
[[[147.7862,-42.912,0.0],[147.7868,-42.9095,0.0],[147.7839,-42.9105,1.8792],[147.7828,-42.913,2.6383],[147.7845,-42.9137,0.8308],[147.7862,-42.912,0.0]]],
[[[147.6504,-42.9074,0.0],[147.6501,-42.9068,1.0076],[147.6491,-42.9068,1.0076],[147.6494,-42.9083,0.0],[147.6504,-42.9074,0.0]]],
[[[147.9777,-42.8822,0.0986],[147.9778,-42.8831,0.0],[147.9791,-42.8821,0.0986],[147.978,-42.8824,0.0986],[147.9777,-42.8822,0.0986]]],
[[[147.9727,-42.8826,0.0],[147.9738,-42.8827,8.0702],[147.9738,-42.8815,8.0702],[147.9728,-42.8813,0.0],[147.9727,-42.8826,0.0]]],
[[[147.9754,-42.881,0.0],[147.974,-42.8828,8.0702],[147.9771,-42.883,0.0],[147.9776,-42.8812,0.0],[147.9754,-42.881,0.0]]],
[[[147.8265,-42.9511,6.436],[147.8195,-42.9491,1.5053],[147.8182,-42.9505,4.9463],[147.8224,-42.9543,6.1215],[147.8267,-42.9523,6.8284],[147.8265,-42.9511,6.436]]],
[[[147.786,-42.9506,8.3493],[147.7882,-42.9509,4.2079],[147.7896,-42.9494,15.6215],[147.7883,-42.9453,1.7496],[147.7839,-42.9407,2.5245],[147.7811,-42.9401,1.6283],[147.7793,-42.9421,0.0],[147.7795,-42.9447,0.0],[147.7834,-42.9497,1.6467],[147.786,-42.9506,8.3493]]],
[[[147.6007,-42.868,0.3645],[147.6022,-42.8685,1.3876],[147.6023,-42.8661,0.0],[147.6006,-42.8669,1.6603],[147.6007,-42.868,0.3645]]],
[[[147.6017,-42.865,0.0],[147.6015,-42.8648,0.0],[147.6013,-42.865,0.0],[147.6015,-42.8651,0.0],[147.6017,-42.865,0.0]]],
[[[147.6015,-42.8641,0.0],[147.6011,-42.8637,0.0],[147.6004,-42.8636,0.5032],[147.6008,-42.8645,0.5032],[147.6015,-42.8641,0.0]]],
[[[147.9758,-42.8563,0.2088],[147.9757,-42.8567,0.2088],[147.9767,-42.8565,0.2088],[147.9765,-42.8563,0.2088],[147.9758,-42.8563,0.2088]]],
[[[147.9752,-42.8562,0.0],[147.977,-42.8556,1.6004],[147.9763,-42.8545,0.0],[147.974,-42.8557,0.0],[147.9752,-42.8562,0.0]]],
[[[148.1864,-42.0365,0.065],[148.1857,-42.0379,0.065],[148.1859,-42.0383,1.0938],[148.1873,-42.0365,0.065],[148.1864,-42.0365,0.065]]],
[[[148.1903,-42.0359,0.0],[148.1893,-42.0358,0.0],[148.1891,-42.0365,0.415],[148.1902,-42.0362,0.0],[148.1903,-42.0359,0.0]]],
[[[148.1874,-42.0355,0.0],[148.1871,-42.0353,0.0514],[148.1867,-42.0354,0.0514],[148.1868,-42.0355,0.0514],[148.1874,-42.0355,0.0]]],
[[[148.1865,-42.0363,0.065],[148.188,-42.0359,0.0],[148.1878,-42.0357,0.0],[148.1867,-42.0358,0.0514],[148.1865,-42.0363,0.065]]],
[[[148.2186,-42.0254,0.0718],[148.2182,-42.0265,0.0],[148.2198,-42.0255,0.0718],[148.2196,-42.0254,0.0718],[148.2186,-42.0254,0.0718]]],
[[[148.2205,-42.0247,1.0689],[148.221,-42.0244,0.7276],[148.221,-42.0243,0.7276],[148.2206,-42.0243,0.7276],[148.2205,-42.0247,1.0689]]],
[[[148.1768,-42.014,0.0],[148.1778,-42.0135,0.0],[148.1778,-42.0126,0.0],[148.1773,-42.0127,0.0],[148.1768,-42.014,0.0]]],
[[[148.2099,-42.0132,0.0],[148.2101,-42.0132,0.0],[148.2103,-42.013,0.0],[148.2099,-42.013,0.0],[148.2099,-42.0132,0.0]]],
[[[148.2115,-42.0109,3.3008],[148.2116,-42.0107,3.3008],[148.2114,-42.0106,3.3008],[148.2114,-42.011,3.3008],[148.2115,-42.0109,3.3008]]],
[[[148.2451,-41.9954,0.0345],[148.2448,-41.9923,0.0],[148.2442,-41.9941,0.0],[148.2446,-41.9965,0.0],[148.2451,-41.9954,0.0345]]],
[[[148.244,-41.99,0.0],[148.244,-41.9903,0.0],[148.2449,-41.9921,0.0],[148.2448,-41.9911,0.0],[148.244,-41.99,0.0]]],
[[[148.2435,-41.9902,0.0],[148.2435,-41.9909,0.0],[148.244,-41.9907,0.0],[148.244,-41.9905,0.0],[148.2435,-41.9902,0.0]]],
[[[145.1477,-41.9137,0.7363],[145.1478,-41.9137,0.7363],[145.1479,-41.9135,0.7363],[145.1477,-41.9136,0.7363],[145.1477,-41.9137,0.7363]]],
[[[145.132,-41.9049,1.5391],[145.1322,-41.9049,1.5391],[145.1323,-41.9048,1.5391],[145.132,-41.9049,1.5391]]],
[[[148.3097,-41.8883,0.0],[148.3094,-41.8885,0.0],[148.3099,-41.8888,0.0],[148.3101,-41.8885,0.0],[148.3097,-41.8883,0.0]]],
[[[148.3091,-41.8793,0.0],[148.3091,-41.8791,0.0],[148.309,-41.879,0.0],[148.3091,-41.8793,0.0]]],
[[[145.1069,-41.8779,21.2779],[145.1065,-41.8782,0.0],[145.107,-41.8785,32.2016],[145.1072,-41.878,32.2016],[145.1069,-41.8779,21.2779]]],
[[[148.3161,-41.8766,0.0],[148.3156,-41.8767,0.0],[148.3155,-41.8768,0.0],[148.3161,-41.8769,0.0],[148.3161,-41.8766,0.0]]],
[[[148.3127,-41.8753,0.0],[148.3129,-41.8755,0.0],[148.3132,-41.8755,0.0],[148.3131,-41.8753,0.0],[148.3127,-41.8753,0.0]]],
[[[148.3133,-41.8741,0.0],[148.3133,-41.874,0.0],[148.3132,-41.8739,0.0],[148.3132,-41.8741,0.0],[148.3133,-41.8741,0.0]]],
[[[145.0962,-41.8726,7.4098],[145.0958,-41.8724,7.4098],[145.0957,-41.8726,7.4098],[145.0961,-41.873,0.0],[145.0962,-41.8726,7.4098]]],
[[[148.3129,-41.8732,0.0],[148.3126,-41.8724,0.0],[148.3116,-41.8725,0.0],[148.3127,-41.8746,0.0],[148.3129,-41.8732,0.0]]],
[[[148.3134,-41.8712,0.0],[148.3135,-41.8703,0.0],[148.3118,-41.8717,0.0],[148.3132,-41.8721,0.0],[148.3134,-41.8712,0.0]]],
[[[148.2961,-41.8685,1.9134],[148.2958,-41.8683,1.9134],[148.2954,-41.8687,1.9134],[148.2958,-41.8687,1.9134],[148.2961,-41.8685,1.9134]]],
[[[148.29,-41.8601,0.0],[148.2901,-41.8602,0.0],[148.2901,-41.8601,0.0],[148.29,-41.8601,0.0]]],
[[[148.2893,-41.8594,1.8532],[148.2916,-41.8589,0.0],[148.2912,-41.8565,0.0],[148.289,-41.8571,0.0],[148.2893,-41.8594,1.8532]]],
[[[148.2827,-41.8578,0.0],[148.2826,-41.8576,0.0],[148.2825,-41.8575,0.0],[148.2824,-41.8577,0.0],[148.2827,-41.8578,0.0]]],
[[[145.0742,-41.8564,1.309],[145.0737,-41.8565,0.0],[145.0746,-41.8568,1.309],[145.0746,-41.8567,1.309],[145.0742,-41.8564,1.309]]],
[[[145.0682,-41.8442,2.3408],[145.068,-41.8445,2.3408],[145.0684,-41.8445,2.3408],[145.0684,-41.8443,2.3408],[145.0682,-41.8442,2.3408]]],
[[[145.0686,-41.8422,3.7609],[145.0686,-41.842,3.7609],[145.0682,-41.8419,3.7609],[145.0683,-41.8423,3.7609],[145.0686,-41.8422,3.7609]]],
[[[145.0335,-41.8148,0.0],[145.0333,-41.8149,0.0],[145.0341,-41.8152,0.0],[145.0341,-41.815,0.0],[145.0335,-41.8148,0.0]]],
[[[145.0336,-41.8143,2.4592],[145.0336,-41.8145,2.4592],[145.0338,-41.8145,2.4592],[145.0338,-41.8143,2.4592],[145.0336,-41.8143,2.4592]]],
[[[144.935,-41.7255,0.6617],[144.9345,-41.7251,0.6617],[144.9337,-41.7251,0.241],[144.9339,-41.7255,0.241],[144.935,-41.7255,0.6617]]],
[[[144.9453,-41.7186,0.6144],[144.9449,-41.7185,0.6144],[144.9446,-41.7187,0.6144],[144.9451,-41.719,0.6144],[144.9453,-41.7186,0.6144]]],
[[[144.9164,-41.7098,0.0],[144.9163,-41.7096,0.0],[144.9158,-41.7097,0.0],[144.9163,-41.71,0.0],[144.9164,-41.7098,0.0]]],
[[[144.9114,-41.7094,0.0],[144.9115,-41.7094,0.0],[144.9119,-41.7093,0.0],[144.9117,-41.7092,0.0],[144.9114,-41.7094,0.0]]],
[[[144.9365,-41.7256,0.3143],[144.9363,-41.7254,0.3143],[144.9361,-41.7257,0.6617],[144.9365,-41.7259,0.3143],[144.9365,-41.7256,0.3143]]],
[[[144.9359,-41.7256,0.6617],[144.9361,-41.7253,0.6617],[144.9378,-41.725,0.3143],[144.9352,-41.7251,0.6617],[144.9359,-41.7256,0.6617]]],
[[[144.9146,-41.7077,0.0],[144.9148,-41.7074,0.0],[144.9142,-41.7076,0.0],[144.9143,-41.7077,0.0],[144.9146,-41.7077,0.0]]],
[[[144.9178,-41.6686,0.0],[144.9179,-41.6686,0.0],[144.9179,-41.6685,0.0],[144.9178,-41.6685,0.0],[144.9178,-41.6686,0.0]]],
[[[144.9168,-41.6686,0.0],[144.9169,-41.6686,0.0],[144.9172,-41.6683,0.0],[144.917,-41.6683,0.0],[144.9168,-41.6686,0.0]]],
[[[144.9174,-41.6685,0.0],[144.9175,-41.6685,0.0],[144.9177,-41.6684,0.0],[144.9175,-41.6683,0.0],[144.9174,-41.6685,0.0]]],
[[[144.9185,-41.6678,1.1033],[144.9184,-41.6678,1.1033],[144.9183,-41.6679,1.1033],[144.9185,-41.668,0.0],[144.9185,-41.6678,1.1033]]],
[[[144.923,-41.6654,6.7018],[144.9224,-41.6654,6.7018],[144.9224,-41.6661,6.7018],[144.9228,-41.666,6.7018],[144.923,-41.6654,6.7018]]],
[[[144.9167,-41.6654,1.383],[144.9165,-41.6651,1.383],[144.9162,-41.6655,1.383],[144.9164,-41.6655,1.383],[144.9167,-41.6654,1.383]]],
[[[144.9164,-41.6651,1.383],[144.9162,-41.6651,1.383],[144.9161,-41.6652,1.383],[144.9162,-41.6652,1.383],[144.9164,-41.6651,1.383]]],
[[[144.9168,-41.665,1.383],[144.917,-41.665,1.383],[144.9171,-41.665,1.383],[144.917,-41.6648,1.383],[144.9168,-41.665,1.383]]],
[[[144.9168,-41.6648,1.383],[144.917,-41.6646,1.383],[144.9169,-41.6645,4.5049],[144.9167,-41.6646,1.383],[144.9168,-41.6648,1.383]]],
[[[144.9121,-41.6599,0.0],[144.9121,-41.6601,0.0],[144.9122,-41.6602,0.0],[144.9123,-41.6599,0.0],[144.9121,-41.6599,0.0]]],
[[[144.9123,-41.6593,1.9136],[144.9126,-41.6594,1.9136],[144.9128,-41.6592,1.9136],[144.9125,-41.6592,1.9136],[144.9123,-41.6593,1.9136]]],
[[[144.907,-41.6535,0.3901],[144.907,-41.6537,0.3901],[144.9072,-41.6537,0.3901],[144.907,-41.6535,0.3901]]],
[[[144.905,-41.6506,0.0],[144.9048,-41.6506,0.0],[144.9048,-41.6507,0.0],[144.905,-41.6506,0.0]]],
[[[144.9046,-41.6497,0.0],[144.9047,-41.6497,0.0],[144.9045,-41.6495,0.4205],[144.9046,-41.6497,0.0]]],
[[[144.9045,-41.649,0.4205],[144.9045,-41.6491,0.4205],[144.9047,-41.649,0.4205],[144.9046,-41.6488,0.4205],[144.9045,-41.649,0.4205]]],
[[[144.9042,-41.6483,0.4205],[144.9044,-41.6482,0.4205],[144.9042,-41.648,0.4205],[144.9041,-41.6481,0.4205],[144.9042,-41.6483,0.4205]]],
[[[144.9044,-41.646,0.0],[144.9044,-41.6461,0.0],[144.9046,-41.6462,0.0],[144.9046,-41.6461,0.0],[144.9044,-41.646,0.0]]],
[[[144.9035,-41.6416,0.4025],[144.9037,-41.6413,0.4025],[144.9036,-41.6413,0.4025],[144.9033,-41.6414,0.4025],[144.9035,-41.6416,0.4025]]],
[[[144.9002,-41.641,4.9943],[144.9001,-41.6412,4.9943],[144.9004,-41.6413,0.0],[144.9004,-41.6411,4.9943],[144.9002,-41.641,4.9943]]],
[[[144.8992,-41.6409,4.9943],[144.8992,-41.6411,4.9943],[144.8994,-41.6411,4.9943],[144.8993,-41.6409,4.9943],[144.8992,-41.6409,4.9943]]],
[[[144.8987,-41.6378,0.791],[144.8988,-41.6379,0.791],[144.8989,-41.6379,0.791],[144.8989,-41.6377,0.791],[144.8987,-41.6378,0.791]]],
[[[144.8987,-41.6361,0.7551],[144.8983,-41.6364,0.791],[144.8989,-41.6369,0.791],[144.899,-41.6367,0.791],[144.8987,-41.6361,0.7551]]],
[[[144.8991,-41.6358,0.9969],[144.8988,-41.636,0.7551],[144.8996,-41.6367,6.6071],[144.8998,-41.6363,6.6071],[144.8991,-41.6358,0.9969]]],
[[[144.9037,-41.6253,1.3878],[144.9037,-41.6252,1.3878],[144.9035,-41.6252,1.3878],[144.9037,-41.6253,1.3878]]],
[[[144.9024,-41.6235,0.0],[144.9026,-41.6237,0.0],[144.9027,-41.6237,0.0],[144.9025,-41.6234,0.0],[144.9024,-41.6235,0.0]]],
[[[144.8988,-41.618,0.0],[144.8987,-41.6181,0.0],[144.8987,-41.6182,0.0],[144.8989,-41.6181,0.0],[144.8988,-41.618,0.0]]],
[[[144.8994,-41.6162,8.5337],[144.8996,-41.6163,2.761],[144.8999,-41.6162,8.5337],[144.8997,-41.616,8.5337],[144.8994,-41.6162,8.5337]]],
[[[144.8998,-41.6173,2.761],[144.8996,-41.6183,2.3834],[144.9001,-41.6186,2.3834],[144.9008,-41.6171,2.761],[144.8998,-41.6173,2.761]]],
[[[144.899,-41.6176,0.4107],[144.8993,-41.6175,2.761],[144.8992,-41.6172,2.761],[144.899,-41.6174,0.4107],[144.899,-41.6176,0.4107]]],
[[[144.899,-41.6156,0.5626],[144.8986,-41.6155,0.5626],[144.8993,-41.6159,8.5337],[144.8993,-41.6158,8.5337],[144.899,-41.6156,0.5626]]],
[[[144.8978,-41.6122,6.2962],[144.8979,-41.6122,6.2962],[144.8977,-41.612,6.2962],[144.8977,-41.6121,6.2962],[144.8978,-41.6122,6.2962]]],
[[[144.8967,-41.6091,0.0],[144.8964,-41.6089,0.0],[144.8959,-41.6094,0.0],[144.8963,-41.6095,0.0],[144.8967,-41.6091,0.0]]],
[[[144.8959,-41.6081,0.0],[144.896,-41.6082,0.0],[144.8962,-41.6081,0.0],[144.896,-41.608,0.0],[144.8959,-41.6081,0.0]]],
[[[144.8949,-41.6077,0.0],[144.8948,-41.6078,0.0],[144.8947,-41.6079,0.0],[144.895,-41.6078,2.9947],[144.8949,-41.6077,0.0]]],
[[[144.8951,-41.6073,2.9947],[144.8952,-41.6072,2.9947],[144.8949,-41.6072,0.0],[144.8951,-41.6073,2.9947]]],
[[[144.894,-41.6052,0.0],[144.894,-41.6048,0.0],[144.8938,-41.6047,0.0],[144.8937,-41.6049,0.0],[144.894,-41.6052,0.0]]],
[[[144.8944,-41.6041,4.4208],[144.8944,-41.604,4.4208],[144.8942,-41.604,4.4208],[144.8943,-41.6041,4.4208],[144.8944,-41.6041,4.4208]]],
[[[144.8942,-41.604,4.4208],[144.8938,-41.6038,4.4208],[144.8935,-41.6038,4.4208],[144.8938,-41.6041,4.4208],[144.8942,-41.604,4.4208]]],
[[[144.8942,-41.6053,0.0],[144.8943,-41.6055,0.0],[144.8944,-41.6055,0.0],[144.8943,-41.6052,0.0],[144.8942,-41.6053,0.0]]],
[[[144.8909,-41.5997,6.0721],[144.8909,-41.5999,6.0721],[144.891,-41.5999,6.0721],[144.891,-41.5997,6.0721],[144.8909,-41.5997,6.0721]]],
[[[144.8915,-41.6014,1.8085],[144.8914,-41.6016,1.8085],[144.8916,-41.6016,1.8085],[144.8916,-41.6015,1.8085],[144.8915,-41.6014,1.8085]]],
[[[144.8922,-41.6008,6.0721],[144.8918,-41.6011,6.0721],[144.8918,-41.6021,1.8085],[144.892,-41.602,1.8085],[144.8922,-41.6008,6.0721]]],
[[[144.8904,-41.5984,0.0],[144.8905,-41.5985,0.0],[144.8906,-41.5985,0.0],[144.8905,-41.5982,0.0],[144.8904,-41.5984,0.0]]],
[[[144.8906,-41.5982,0.0],[144.8908,-41.5982,0.0],[144.8909,-41.5981,10.6809],[144.8907,-41.598,0.0],[144.8906,-41.5982,0.0]]],
[[[144.8899,-41.5978,1.3233],[144.89,-41.5975,1.3233],[144.8896,-41.5975,1.3233],[144.8899,-41.5978,1.3233]]],
[[[144.891,-41.5962,16.9746],[144.8909,-41.5961,16.9746],[144.8908,-41.5961,4.7296],[144.8908,-41.5962,4.7296],[144.891,-41.5962,16.9746]]],
[[[144.893,-41.6032,4.4208],[144.8929,-41.6033,4.4208],[144.8929,-41.6034,4.4208],[144.8931,-41.6034,4.4208],[144.893,-41.6032,4.4208]]],
[[[144.8932,-41.6032,4.4208],[144.8934,-41.6033,4.4208],[144.8934,-41.6029,7.0979],[144.8932,-41.603,4.4208],[144.8932,-41.6032,4.4208]]],
[[[144.8952,-41.6072,2.9947],[144.8951,-41.6067,2.9947],[144.895,-41.6067,2.9947],[144.8949,-41.6071,0.0],[144.8952,-41.6072,2.9947]]],
[[[144.8892,-41.5956,4.7296],[144.889,-41.5957,4.7296],[144.8893,-41.5957,4.7296],[144.8893,-41.5956,4.7296],[144.8892,-41.5956,4.7296]]],
[[[144.889,-41.595,4.7296],[144.8891,-41.5951,4.7296],[144.8893,-41.595,4.7296],[144.8892,-41.5949,4.7296],[144.889,-41.595,4.7296]]],
[[[144.889,-41.5949,4.7296],[144.8889,-41.5946,4.7296],[144.8887,-41.5946,0.0],[144.8887,-41.5949,0.0],[144.889,-41.5949,4.7296]]],
[[[144.8887,-41.5924,0.0],[144.8886,-41.5924,0.0],[144.8886,-41.5925,0.0],[144.8888,-41.5925,13.7918],[144.8887,-41.5924,0.0]]],
[[[144.8893,-41.5932,12.2664],[144.8895,-41.5932,12.2664],[144.8891,-41.5929,13.7918],[144.8891,-41.593,12.2664],[144.8893,-41.5932,12.2664]]],
[[[144.8896,-41.5936,12.2664],[144.8893,-41.5935,12.2664],[144.8893,-41.5939,12.2664],[144.8896,-41.5938,12.2664],[144.8896,-41.5936,12.2664]]],
[[[144.8889,-41.5938,12.2664],[144.8891,-41.5936,12.2664],[144.8887,-41.5934,0.0],[144.8886,-41.5937,0.0],[144.8889,-41.5938,12.2664]]],
[[[144.8893,-41.5935,12.2664],[144.8893,-41.5934,12.2664],[144.889,-41.5932,12.2664],[144.8891,-41.5934,12.2664],[144.8893,-41.5935,12.2664]]],
[[[144.8885,-41.5922,0.0],[144.8887,-41.5923,0.0],[144.8888,-41.5921,13.7918],[144.8886,-41.592,0.0],[144.8885,-41.5922,0.0]]],
[[[144.8856,-41.5891,0.8188],[144.8853,-41.5887,0.8188],[144.8851,-41.5888,0.8188],[144.8851,-41.589,0.8188],[144.8856,-41.5891,0.8188]]],
[[[144.8854,-41.5875,2.1562],[144.8853,-41.5875,2.1562],[144.8852,-41.5876,2.1562],[144.8853,-41.5877,2.1562],[144.8854,-41.5875,2.1562]]],
[[[144.885,-41.5872,2.1562],[144.8854,-41.5873,2.1562],[144.8855,-41.5872,2.1562],[144.8853,-41.5871,2.1562],[144.885,-41.5872,2.1562]]],
[[[144.8849,-41.5863,2.1562],[144.8847,-41.5863,2.1562],[144.8849,-41.5865,2.1562],[144.885,-41.5864,2.1562],[144.8849,-41.5863,2.1562]]],
[[[144.8836,-41.5832,0.0],[144.8835,-41.5833,0.0],[144.8835,-41.5835,0.0],[144.8837,-41.5834,0.0],[144.8836,-41.5832,0.0]]],
[[[144.8831,-41.5817,1.9141],[144.8833,-41.5817,1.9141],[144.8833,-41.5814,1.9141],[144.8831,-41.5814,1.9141],[144.8831,-41.5817,1.9141]]],
[[[144.8701,-41.5621,0.0],[144.87,-41.5622,0.0],[144.8701,-41.5623,0.0],[144.8702,-41.5622,0.0],[144.8701,-41.5621,0.0]]],
[[[144.8289,-41.5059,1.8383],[144.8291,-41.506,1.8383],[144.8292,-41.5058,3.391],[144.829,-41.5057,1.8383],[144.8289,-41.5059,1.8383]]],
[[[144.8261,-41.5033,0.0],[144.8262,-41.5034,0.0],[144.8262,-41.5033,0.0],[144.8261,-41.5033,0.0]]],
[[[144.8257,-41.5031,0.0],[144.8256,-41.5031,0.0],[144.8255,-41.5032,0.0],[144.8256,-41.5033,0.0],[144.8257,-41.5031,0.0]]],
[[[144.8244,-41.5023,1.5507],[144.8243,-41.5023,1.5507],[144.8242,-41.5023,1.5507],[144.8244,-41.5024,1.5507],[144.8244,-41.5023,1.5507]]],
[[[144.8249,-41.5022,1.5507],[144.825,-41.5021,2.0953],[144.8248,-41.5021,1.5507],[144.8249,-41.5022,1.5507]]],
[[[144.8216,-41.5017,0.3847],[144.8216,-41.5018,0.3847],[144.822,-41.5017,0.3847],[144.822,-41.5016,0.3847],[144.8216,-41.5017,0.3847]]],
[[[144.8215,-41.5013,0.3847],[144.8215,-41.5014,0.3847],[144.8216,-41.5013,0.3847],[144.8215,-41.5013,0.3847]]],
[[[144.825,-41.5024,2.0953],[144.8247,-41.5025,1.5507],[144.8247,-41.5028,1.5507],[144.8249,-41.5028,1.5507],[144.825,-41.5024,2.0953]]],
[[[144.8208,-41.5003,0.9585],[144.8207,-41.5007,0.9585],[144.821,-41.5007,7.8637],[144.8209,-41.5005,7.8637],[144.8208,-41.5003,0.9585]]],
[[[144.8202,-41.5003,0.9585],[144.8203,-41.5004,0.9585],[144.8205,-41.5003,0.9585],[144.8204,-41.5002,0.9585],[144.8202,-41.5003,0.9585]]],
[[[144.8202,-41.4998,0.9585],[144.8202,-41.4999,0.9585],[144.8203,-41.4998,0.9585],[144.8202,-41.4997,0.9585],[144.8202,-41.4998,0.9585]]],
[[[144.8194,-41.4977,1.7166],[144.8192,-41.4978,1.7166],[144.8192,-41.4979,1.7166],[144.8195,-41.4977,1.7166],[144.8194,-41.4977,1.7166]]],
[[[144.8206,-41.4976,1.7166],[144.8208,-41.4977,1.7166],[144.8208,-41.4975,1.7166],[144.8207,-41.4975,1.7166],[144.8206,-41.4976,1.7166]]],
[[[144.8212,-41.4972,4.4164],[144.821,-41.4972,4.4164],[144.821,-41.4973,4.4164],[144.8213,-41.4972,4.4164],[144.8212,-41.4972,4.4164]]],
[[[144.82,-41.498,1.1573],[144.8201,-41.4981,1.1573],[144.8205,-41.4979,1.7166],[144.8203,-41.4979,1.7166],[144.82,-41.498,1.1573]]],
[[[144.8196,-41.498,1.1573],[144.8201,-41.4978,1.7166],[144.8201,-41.4977,1.7166],[144.8196,-41.4978,1.7166],[144.8196,-41.498,1.1573]]],
[[[144.8192,-41.4959,8.7046],[144.8189,-41.4957,8.7046],[144.8184,-41.4964,0.0],[144.8191,-41.4961,8.7046],[144.8192,-41.4959,8.7046]]],
[[[144.8176,-41.4962,0.0],[144.8178,-41.4962,0.0],[144.818,-41.4958,0.0],[144.8179,-41.4958,0.0],[144.8176,-41.4962,0.0]]],
[[[144.8184,-41.4956,0.0],[144.8182,-41.4958,0.0],[144.8186,-41.4956,0.0],[144.8184,-41.4956,0.0]]],
[[[144.8154,-41.4936,0.5462],[144.8152,-41.493899999999996,0.5462],[144.8153,-41.493899999999996,0.5462],[144.8155,-41.4937,0.5462],[144.8154,-41.4936,0.5462]]],
[[[144.8162,-41.493899999999996,0.5462],[144.8163,-41.493899999999996,0.5462],[144.8163,-41.4937,0.5462],[144.8162,-41.4937,0.5462],[144.8162,-41.493899999999996,0.5462]]],
[[[144.8168,-41.493899999999996,1.4686],[144.8168,-41.4934,1.4686],[144.8166,-41.4934,0.5462],[144.8164,-41.494,0.5462],[144.8168,-41.493899999999996,1.4686]]],
[[[144.8179,-41.495,0.0],[144.818,-41.4951,0.0],[144.8182,-41.4949,0.0],[144.8181,-41.4949,0.0],[144.8179,-41.495,0.0]]],
[[[144.8178,-41.4949,0.0],[144.818,-41.4946,0.0],[144.8178,-41.4945,1.4686],[144.8176,-41.4948,0.0],[144.8178,-41.4949,0.0]]],
[[[144.8134,-41.4924,0.4522],[144.8134,-41.4926,0.4522],[144.8138,-41.4924,0.4522],[144.8138,-41.4922,0.4522],[144.8134,-41.4924,0.4522]]],
[[[144.814,-41.4923,0.4522],[144.8139,-41.4924,0.4522],[144.814,-41.4927,0.4522],[144.8141,-41.4925,0.4522],[144.814,-41.4923,0.4522]]],
[[[144.813,-41.4913,0.4522],[144.8131,-41.4912,1.3278],[144.8131,-41.491,1.3278],[144.8129,-41.4913,0.4522],[144.813,-41.4913,0.4522]]],
[[[144.8146,-41.491,1.3278],[144.8143,-41.4911,1.3278],[144.8143,-41.4912,1.3278],[144.8146,-41.4912,1.3278],[144.8146,-41.491,1.3278]]],
[[[144.8132,-41.4906,1.3278],[144.8135,-41.4906,1.3278],[144.8136,-41.4903,1.3278],[144.8132,-41.4905,1.3278],[144.8132,-41.4906,1.3278]]],
[[[144.814,-41.4916,0.4522],[144.8139,-41.4919,0.4522],[144.8144,-41.4918,0.4522],[144.8142,-41.4914,0.4522],[144.814,-41.4916,0.4522]]],
[[[144.8137,-41.4917,0.4522],[144.8138,-41.4916,0.4522],[144.8137,-41.4915,0.4522],[144.8136,-41.4916,0.4522],[144.8137,-41.4917,0.4522]]],
[[[144.8158,-41.4925,3.3622],[144.8153,-41.4933,0.5462],[144.8154,-41.4935,0.5462],[144.8158,-41.4933,0.5462],[144.8158,-41.4925,3.3622]]],
[[[144.8111,-41.4899,0.0],[144.8115,-41.4898,0.0],[144.8116,-41.4897,0.0],[144.8111,-41.4897,0.0],[144.8111,-41.4899,0.0]]],
[[[144.8125,-41.4894,0.3527],[144.8133,-41.4896,1.3278],[144.8138,-41.489,3.4186],[144.8126,-41.4886,0.3527],[144.8125,-41.4894,0.3527]]],
[[[144.8119,-41.4891,0.3527],[144.8119,-41.4888,0.3527],[144.8116,-41.4889,0.3527],[144.8117,-41.4891,0.3527],[144.8119,-41.4891,0.3527]]],
[[[144.8125,-41.4881,0.3527],[144.8127,-41.4877,4.7426],[144.8126,-41.4876,0.336],[144.8123,-41.488,0.3527],[144.8125,-41.4881,0.3527]]],
[[[144.812,-41.4887,0.3527],[144.8114,-41.4885,0.3527],[144.8111,-41.4887,0.3527],[144.8118,-41.4887,0.3527],[144.812,-41.4887,0.3527]]],
[[[144.8124,-41.4884,0.3527],[144.8124,-41.4883,0.3527],[144.8115,-41.4884,0.3527],[144.8121,-41.4885,0.3527],[144.8124,-41.4884,0.3527]]],
[[[144.8123,-41.4864,0.336],[144.8122,-41.4863,0.336],[144.8121,-41.4863,0.336],[144.8121,-41.4866,0.336],[144.8123,-41.4864,0.336]]],
[[[144.8121,-41.4861,2.1404],[144.812,-41.4861,2.1404],[144.8119,-41.4862,2.1404],[144.812,-41.4862,2.1404],[144.8121,-41.4861,2.1404]]],
[[[144.8105,-41.485,0.0],[144.8105,-41.4847,0.0],[144.8103,-41.4847,0.0],[144.8103,-41.4849,0.0],[144.8105,-41.485,0.0]]],
[[[144.8055,-41.4778,0.0],[144.8057,-41.4778,0.0],[144.8058,-41.4777,0.0],[144.8055,-41.4776,0.0],[144.8055,-41.4778,0.0]]],
[[[144.805,-41.4775,0.0],[144.8049,-41.4777,0.0],[144.8052,-41.4777,0.0],[144.8052,-41.4776,0.0],[144.805,-41.4775,0.0]]],
[[[144.8038,-41.4761,0.0],[144.804,-41.476,0.0],[144.8035,-41.476,0.0],[144.8038,-41.4761,0.0]]],
[[[144.8039,-41.4755,0.0],[144.8039,-41.4756,0.0],[144.8044,-41.4756,0.0],[144.8043,-41.4755,0.0],[144.8039,-41.4755,0.0]]],
[[[144.8035,-41.4749,0.0],[144.8035,-41.475,0.0],[144.8037,-41.4749,0.0],[144.8035,-41.4749,0.0]]],
[[[144.8035,-41.4745,1.2512],[144.8035,-41.4746,0.0],[144.8036,-41.4745,1.2512],[144.8035,-41.4745,1.2512]]],
[[[144.804,-41.4744,1.2512],[144.8038,-41.4744,1.2512],[144.8038,-41.4745,1.2512],[144.8041,-41.4745,1.2512],[144.804,-41.4744,1.2512]]],
[[[144.8032,-41.4738,1.2512],[144.8032,-41.4739,1.2512],[144.8037,-41.4739,1.2512],[144.8034,-41.4738,1.2512],[144.8032,-41.4738,1.2512]]],
[[[144.799,-41.4736,0.0],[144.799,-41.4738,0.0],[144.7992,-41.4738,0.0],[144.7992,-41.4736,0.0],[144.799,-41.4736,0.0]]],
[[[144.7988,-41.4729,0.0],[144.799,-41.4729,0.0],[144.7989,-41.4728,0.0],[144.7988,-41.4728,0.0],[144.7988,-41.4729,0.0]]],
[[[144.7989,-41.4727,0.0],[144.799,-41.4727,0.0],[144.7991,-41.4725,0.0],[144.7989,-41.4725,0.0],[144.7989,-41.4727,0.0]]],
[[[144.7986,-41.4698,0.1818],[144.7983,-41.4695,2.7806],[144.7989,-41.4702,0.1818],[144.7989,-41.47,0.1818],[144.7986,-41.4698,0.1818]]],
[[[144.7978,-41.4694,0.3735],[144.7981,-41.4693,0.3735],[144.7982,-41.4691,0.3735],[144.7979,-41.4691,0.3735],[144.7978,-41.4694,0.3735]]],
[[[144.7971,-41.4687,0.3735],[144.7972,-41.4685,0.3735],[144.7972,-41.4684,0.3735],[144.7969,-41.4684,0.3735],[144.7971,-41.4687,0.3735]]],
[[[144.7981,-41.4685,0.3735],[144.798,-41.4684,0.3735],[144.7976,-41.4683,0.3735],[144.7979,-41.4686,0.3735],[144.7981,-41.4685,0.3735]]],
[[[144.7973,-41.4688,0.3735],[144.7975,-41.4689,0.3735],[144.7977,-41.4687,0.3735],[144.7975,-41.4687,0.3735],[144.7973,-41.4688,0.3735]]],
[[[144.7979,-41.4734,0.0],[144.7978,-41.4735,0.0],[144.7981,-41.4735,0.0],[144.798,-41.4734,0.0],[144.7979,-41.4734,0.0]]],
[[[144.7977,-41.4733,0.0],[144.7975,-41.4733,0.0],[144.7975,-41.4734,0.0],[144.7977,-41.4734,0.0],[144.7977,-41.4733,0.0]]],
[[[144.7995,-41.4734,0.0],[144.7996,-41.4734,0.0],[144.7996,-41.4733,0.0],[144.7995,-41.4733,0.0],[144.7995,-41.4734,0.0]]],
[[[144.7962,-41.4662,2.9673],[144.7964,-41.4661,2.9673],[144.7962,-41.466,2.9673],[144.7962,-41.4661,2.9673],[144.7962,-41.4662,2.9673]]],
[[[144.7966,-41.4659,2.9673],[144.7966,-41.4658,2.9673],[144.7965,-41.4657,2.9673],[144.7965,-41.4658,2.9673],[144.7966,-41.4659,2.9673]]],
[[[144.7958,-41.4655,0.3513],[144.7959,-41.4655,0.3513],[144.7959,-41.4654,0.3513],[144.7958,-41.4654,0.3513],[144.7958,-41.4655,0.3513]]],
[[[144.7918,-41.4646,0.0],[144.7919,-41.4647,0.0],[144.7922,-41.4648,0.0],[144.7921,-41.4646,0.0],[144.7918,-41.4646,0.0]]],
[[[144.7945,-41.4643,3.7669],[144.7948,-41.4643,3.7669],[144.7948,-41.4642,3.7669],[144.7945,-41.4641,3.7669],[144.7945,-41.4643,3.7669]]],
[[[144.7935,-41.4638,0.2544],[144.7934,-41.4638,0.2544],[144.7934,-41.4639,0.2544],[144.7935,-41.4639,0.2544],[144.7935,-41.4638,0.2544]]],
[[[144.7957,-41.4647,0.3513],[144.7955,-41.4646,0.3513],[144.7954,-41.4647,0.3513],[144.7956,-41.4648,0.3513],[144.7957,-41.4647,0.3513]]],
[[[144.7942,-41.4645,3.7669],[144.7943,-41.4647,0.3513],[144.7945,-41.4647,0.3513],[144.7944,-41.4645,3.7669],[144.7942,-41.4645,3.7669]]],
[[[144.7922,-41.4618,2.1774],[144.7922,-41.462,2.1774],[144.7926,-41.462,2.1774],[144.7925,-41.4619,2.1774],[144.7922,-41.4618,2.1774]]],
[[[144.7932,-41.4604,1.9556],[144.7932,-41.4605,1.9556],[144.7933,-41.4604,1.9556],[144.7933,-41.4603,1.9556],[144.7932,-41.4604,1.9556]]],
[[[144.7928,-41.4588,2.4792],[144.793,-41.4588,2.4792],[144.7931,-41.4587,2.4792],[144.7928,-41.4586,2.4792],[144.7928,-41.4588,2.4792]]],
[[[144.7927,-41.458,2.4792],[144.7926,-41.4579,4.9355],[144.7925,-41.4579,4.9355],[144.7925,-41.458,2.4792],[144.7927,-41.458,2.4792]]],
[[[144.7928,-41.4578,4.9355],[144.7927,-41.4577,4.9355],[144.7927,-41.4578,4.9355],[144.7928,-41.4578,4.9355]]],
[[[144.7926,-41.4573,4.9355],[144.7928,-41.4572,4.9355],[144.7927,-41.4571,4.9355],[144.7927,-41.4572,4.9355],[144.7926,-41.4573,4.9355]]],
[[[144.7927,-41.4569,4.9355],[144.7925,-41.4568,4.9355],[144.7925,-41.4569,4.9355],[144.7926,-41.457,4.9355],[144.7927,-41.4569,4.9355]]],
[[[144.7887,-41.454,0.0],[144.7888,-41.454,0.0],[144.7888,-41.4534,0.0],[144.7886,-41.4536,0.0],[144.7887,-41.454,0.0]]],
[[[144.8032,-41.4753,0.0],[144.8035,-41.4753,0.0],[144.8036,-41.4752,0.0],[144.8032,-41.4751,0.0],[144.8032,-41.4753,0.0]]],
[[[144.8038,-41.4751,0.0],[144.8039,-41.4752,0.0],[144.8041,-41.4751,0.0],[144.804,-41.475,0.0],[144.8038,-41.4751,0.0]]],
[[[144.7888,-41.4525,1.6064],[144.7883,-41.4524,1.6064],[144.7882,-41.4526,1.6064],[144.7885,-41.453,0.0],[144.7888,-41.4525,1.6064]]],
[[[144.789,-41.452,1.6064],[144.7885,-41.4516,1.6064],[144.7884,-41.4516,1.6064],[144.7885,-41.4521,1.6064],[144.789,-41.452,1.6064]]],
[[[144.783,-41.445,0.4286],[144.7828,-41.445,0.4286],[144.7828,-41.4452,0.4286],[144.7829,-41.4452,0.4286],[144.783,-41.445,0.4286]]],
[[[144.782,-41.4447,0.4286],[144.7819,-41.4444,3.3986],[144.7817,-41.4443,0.0],[144.7818,-41.4446,0.4286],[144.782,-41.4447,0.4286]]],
[[[144.7648,-41.4396,0.0],[144.7647,-41.4396,0.0],[144.7647,-41.4397,0.0],[144.7648,-41.4397,0.0],[144.7648,-41.4396,0.0]]],
[[[144.7651,-41.4393,0.0],[144.765,-41.4393,0.0],[144.7651,-41.4396,0.0],[144.7652,-41.4395,0.0],[144.7651,-41.4393,0.0]]],
[[[144.7656,-41.4389,0.0],[144.7657,-41.439,0.0],[144.766,-41.4389,0.0],[144.7658,-41.4387,0.0],[144.7656,-41.4389,0.0]]],
[[[144.7639,-41.4385,0.0],[144.7638,-41.4385,0.0],[144.7639,-41.4386,0.0],[144.7639,-41.4385,0.0]]],
[[[144.7641,-41.4382,0.0],[144.764,-41.4383,0.0],[144.7642,-41.4383,0.0],[144.7641,-41.4382,0.0]]],
[[[144.7654,-41.4379,0.0],[144.7654,-41.438,0.0],[144.7655,-41.438,0.0],[144.7654,-41.4378,0.0],[144.7654,-41.4379,0.0]]],
[[[144.7645,-41.4377,0.0],[144.7646,-41.4378,0.0],[144.7645,-41.4376,0.0],[144.7645,-41.4377,0.0]]],
[[[144.7654,-41.4386,0.0],[144.7652,-41.4384,0.0],[144.7647,-41.4385,0.0],[144.765,-41.4387,0.0],[144.7654,-41.4386,0.0]]],
[[[144.7652,-41.4366,0.0],[144.7652,-41.4368,0.0],[144.7655,-41.4368,0.0],[144.7654,-41.4366,0.0],[144.7652,-41.4366,0.0]]],
[[[144.7621,-41.4367,0.0],[144.762,-41.4366,0.0],[144.7619,-41.4367,0.0],[144.762,-41.4367,0.0],[144.7621,-41.4367,0.0]]],
[[[144.7642,-41.4369,0.0],[144.7642,-41.437,0.0],[144.7644,-41.4371,0.0],[144.7644,-41.4369,0.0],[144.7642,-41.4369,0.0]]],
[[[144.7626,-41.4363,0.0],[144.7625,-41.4362,0.0],[144.7624,-41.4362,0.0],[144.7626,-41.4363,0.0]]],
[[[144.7622,-41.4361,0.0],[144.7623,-41.4361,0.0],[144.7623,-41.436,0.0],[144.7622,-41.4361,0.0]]],
[[[144.7639,-41.436,0.0],[144.764,-41.436,0.0],[144.7639,-41.4359,0.0],[144.7639,-41.436,0.0]]],
[[[144.7642,-41.4358,0.0],[144.7641,-41.4357,0.0],[144.7643,-41.436,0.0],[144.7642,-41.4358,0.0]]],
[[[144.7625,-41.4359,0.0],[144.7626,-41.4359,0.0],[144.7627,-41.4359,0.0],[144.7625,-41.4358,0.0],[144.7625,-41.4359,0.0]]],
[[[144.7632,-41.4358,0.0],[144.7633,-41.4359,0.0],[144.7634,-41.4359,0.0],[144.7633,-41.4358,0.0],[144.7632,-41.4358,0.0]]],
[[[144.7637,-41.4359,0.0],[144.7636,-41.4358,0.0],[144.7636,-41.4359,0.0],[144.7637,-41.4359,0.0]]],
[[[144.7644,-41.4368,0.0],[144.7645,-41.4369,0.0],[144.7647,-41.4368,0.0],[144.7645,-41.4367,0.0],[144.7644,-41.4368,0.0]]],
[[[144.7649,-41.4365,0.0],[144.7648,-41.4365,0.0],[144.7648,-41.4366,0.0],[144.7649,-41.4367,0.0],[144.7649,-41.4365,0.0]]],
[[[144.7627,-41.4352,0.0],[144.7626,-41.4352,0.0],[144.7626,-41.4353,0.0],[144.7627,-41.4353,0.0],[144.7627,-41.4352,0.0]]],
[[[144.7637,-41.4346,0.0],[144.7639,-41.4345,1.4349],[144.7638,-41.4342,1.4349],[144.7634,-41.4345,1.4349],[144.7637,-41.4346,0.0]]],
[[[144.7627,-41.4335,0.5478],[144.7627,-41.4337,0.5478],[144.7629,-41.4337,0.5478],[144.7629,-41.4336,0.5478],[144.7627,-41.4335,0.5478]]],
[[[144.7622,-41.4345,0.5478],[144.7624,-41.4346,0.0],[144.7624,-41.4345,0.5478],[144.7624,-41.4344,0.5478],[144.7622,-41.4345,0.5478]]],
[[[144.7616,-41.4344,0.5478],[144.7616,-41.4345,0.5478],[144.7618,-41.4345,0.5478],[144.7618,-41.4344,0.5478],[144.7616,-41.4344,0.5478]]],
[[[144.7622,-41.4343,0.5478],[144.7623,-41.4341,0.5478],[144.7618,-41.4338,0.5478],[144.7619,-41.4344,0.5478],[144.7622,-41.4343,0.5478]]],
[[[144.7626,-41.4344,0.5478],[144.7627,-41.4345,0.5478],[144.7628,-41.4343,0.5478],[144.7625,-41.4342,0.5478],[144.7626,-41.4344,0.5478]]],
[[[144.7619,-41.4324,0.371],[144.7617,-41.4325,0.371],[144.7618,-41.4326,0.371],[144.7619,-41.4326,0.371],[144.7619,-41.4324,0.371]]],
[[[144.7604,-41.4322,0.0],[144.7602,-41.4322,0.0],[144.7604,-41.4323,0.0],[144.7604,-41.4322,0.0]]],
[[[144.7626,-41.4315,0.371],[144.7628,-41.4317,0.371],[144.763,-41.4317,0.371],[144.7628,-41.431399999999996,0.371],[144.7626,-41.4315,0.371]]],
[[[144.7623,-41.4325,0.371],[144.7627,-41.4332,0.5478],[144.7632,-41.432,0.371],[144.7626,-41.4318,0.371],[144.7623,-41.4325,0.371]]],
[[[144.7594,-41.4303,0.0],[144.7596,-41.4304,0.0],[144.7597,-41.4302,0.0],[144.7596,-41.4301,0.0],[144.7594,-41.4303,0.0]]],
[[[144.7607,-41.4299,0.0],[144.761,-41.4299,0.0],[144.7605,-41.4296,0.0],[144.7604,-41.4298,0.0],[144.7607,-41.4299,0.0]]],
[[[144.7627,-41.4355,0.0],[144.7626,-41.4356,0.0],[144.7627,-41.4357,0.0],[144.7627,-41.4355,0.0]]],
[[[144.7598,-41.4292,4.6243],[144.76,-41.4294,4.6243],[144.7602,-41.4293,4.6243],[144.7596,-41.4291,4.6243],[144.7598,-41.4292,4.6243]]],
[[[144.7587,-41.427,1.6822],[144.7586,-41.4269,1.6822],[144.7584,-41.4269,1.6822],[144.7585,-41.427,1.6822],[144.7587,-41.427,1.6822]]],
[[[144.7588,-41.4289,0.2439],[144.7587,-41.4291,0.2439],[144.7589,-41.4291,0.2439],[144.7589,-41.429,0.2439],[144.7588,-41.4289,0.2439]]],
[[[144.7594,-41.4289,4.6243],[144.7594,-41.4288,4.6243],[144.7593,-41.4287,4.6243],[144.7592,-41.4289,4.6243],[144.7594,-41.4289,4.6243]]],
[[[144.7531,-41.4263,0.0],[144.7532,-41.4264,0.0],[144.7533,-41.4263,0.0],[144.7532,-41.4263,0.0],[144.7531,-41.4263,0.0]]],
[[[144.7562,-41.4262,3.1135],[144.7564,-41.4262,3.1135],[144.7565,-41.4262,3.1135],[144.7561,-41.426,3.1135],[144.7562,-41.4262,3.1135]]],
[[[144.7525,-41.4259,1.3921],[144.7524,-41.4258,1.3921],[144.7524,-41.4259,1.3921],[144.7524,-41.426,1.3921],[144.7525,-41.4259,1.3921]]],
[[[144.7529,-41.4263,0.0],[144.7531,-41.4263,0.0],[144.753,-41.4262,1.9535],[144.7529,-41.4262,1.3921],[144.7529,-41.4263,0.0]]],
[[[144.7522,-41.4254,1.3921],[144.7523,-41.4255,1.3921],[144.7523,-41.4254,1.3921],[144.7522,-41.4254,1.3921]]],
[[[144.7529,-41.4247,1.3921],[144.7524,-41.4252,1.3921],[144.7531,-41.4256,1.9535],[144.7533,-41.4252,1.9535],[144.7529,-41.4247,1.3921]]],
[[[144.751,-41.4251,1.3921],[144.7511,-41.4252,1.3921],[144.7512,-41.4251,1.3921],[144.7511,-41.425,1.3921],[144.751,-41.4251,1.3921]]],
[[[144.7519,-41.4249,1.3921],[144.7518,-41.4251,1.3921],[144.7521,-41.4252,1.3921],[144.752,-41.425,1.3921],[144.7519,-41.4249,1.3921]]],
[[[144.7514,-41.4246,1.3921],[144.7515,-41.4246,1.3921],[144.7511,-41.4242,6.0957],[144.7513,-41.4245,6.0957],[144.7514,-41.4246,1.3921]]],
[[[144.7502,-41.4241,0.6841],[144.7504,-41.4242,0.6841],[144.75,-41.4238,0.6841],[144.75,-41.4241,0.6841],[144.7502,-41.4241,0.6841]]],
[[[144.7495,-41.4238,0.6841],[144.7494,-41.4239,0.6841],[144.7496,-41.4238,0.6841],[144.7495,-41.4238,0.6841]]],
[[[144.7476,-41.4226,3.2238],[144.7476,-41.4227,3.2238],[144.7479,-41.4227,3.2238],[144.7478,-41.4226,3.2238],[144.7476,-41.4226,3.2238]]],
[[[144.7449,-41.4217,0.0],[144.7451,-41.422,0.0],[144.7452,-41.4219,0.0],[144.7451,-41.4217,0.0],[144.7449,-41.4217,0.0]]],
[[[144.7457,-41.4209,1.9884],[144.7455,-41.4207,1.9884],[144.7451,-41.4207,1.9884],[144.7455,-41.4209,1.9884],[144.7457,-41.4209,1.9884]]],
[[[144.7454,-41.4194,0.0],[144.7456,-41.4195,0.0],[144.7458,-41.4192,0.0],[144.7453,-41.4192,0.0],[144.7454,-41.4194,0.0]]],
[[[144.7474,-41.4181,0.0],[144.7473,-41.418,0.0],[144.7471,-41.4181,0.0],[144.7473,-41.4182,0.0],[144.7474,-41.4181,0.0]]],
[[[144.7474,-41.4177,0.0],[144.7473,-41.4176,0.0],[144.7472,-41.4176,0.0],[144.7472,-41.4177,0.0],[144.7474,-41.4177,0.0]]],
[[[144.7536,-41.4117,0.5811],[144.7536,-41.4116,0.5811],[144.7535,-41.4117,0.5811],[144.7536,-41.4118,0.5811],[144.7536,-41.4117,0.5811]]],
[[[144.7535,-41.4113,0.5811],[144.7538,-41.4114,0.5811],[144.7536,-41.4112,0.3773],[144.7535,-41.4113,0.5811]]],
[[[144.754,-41.4112,0.3773],[144.754,-41.4113,0.5811],[144.7545,-41.4114,0.5811],[144.7544,-41.4112,0.3773],[144.754,-41.4112,0.3773]]],
[[[144.7541,-41.411,0.3773],[144.7541,-41.4109,0.3773],[144.754,-41.4109,0.3773],[144.754,-41.411,0.3773],[144.7541,-41.411,0.3773]]],
[[[148.3043,-41.3971,2.001],[148.302,-41.3974,1.5833],[148.3016,-41.3989,1.5361],[148.3032,-41.3991,0.4474],[148.3043,-41.3971,2.001]]],
[[[144.7561,-41.4085,0.3796],[144.7558,-41.4082,0.3796],[144.7551,-41.4086,0.3796],[144.7553,-41.4086,0.3796],[144.7561,-41.4085,0.3796]]],
[[[144.7563,-41.4082,0.3796],[144.7561,-41.4082,0.3796],[144.7561,-41.4083,0.3796],[144.7563,-41.4082,0.3796]]],
[[[144.7563,-41.409,0.3796],[144.7565,-41.409,0.3796],[144.7567,-41.409,0.3796],[144.7565,-41.4087,0.3796],[144.7563,-41.409,0.3796]]],
[[[144.7558,-41.4089,0.3796],[144.7561,-41.4087,0.3796],[144.7553,-41.4088,0.3796],[144.7557,-41.409,0.3796],[144.7558,-41.4089,0.3796]]],
[[[144.747,-41.4235,0.5401],[144.7471,-41.4236,0.5401],[144.7471,-41.4235,0.5401],[144.7471,-41.4234,0.5401],[144.747,-41.4235,0.5401]]],
[[[144.7475,-41.4233,0.5401],[144.7476,-41.4234,0.5401],[144.7477,-41.4233,0.5401],[144.7475,-41.4232,0.5401],[144.7475,-41.4233,0.5401]]],
[[[147.0882,-41.3822,3.6101],[147.088,-41.3831,0.0],[147.0889,-41.3819,0.0],[147.0887,-41.3804,0.0],[147.0885,-41.3811,3.109],[147.0882,-41.3822,3.6101]]],
[[[147.0744,-41.3817,0.0],[147.0749,-41.3831,0.3143],[147.0749,-41.3801,0.0],[147.0745,-41.3807,0.0],[147.0744,-41.3817,0.0]]],
[[[147.0758,-41.3856,1.854],[147.0765,-41.3867,0.6056],[147.0772,-41.3866,0.6056],[147.076,-41.384,0.3143],[147.0758,-41.3856,1.854]]],
[[[147.085,-41.3757,0.3583],[147.0792,-41.3728,0.0],[147.0791,-41.377,0.2977],[147.0837,-41.3852,0.2732],[147.0879,-41.3803,3.109],[147.0873,-41.3775,0.8412],[147.085,-41.3757,0.3583]]],
[[[148.344,-41.3453,0.573],[148.3387,-41.3453,4.7874],[148.3357,-41.3484,7.497],[148.3381,-41.3499,0.8212],[148.3429,-41.3491,10.4963],[148.3432,-41.3527,0.0],[148.3448,-41.3532,0.0],[148.3485,-41.3509,1.6818],[148.3475,-41.3478,0.0],[148.345,-41.3472,3.7138],[148.344,-41.3453,0.573]]],
[[[144.7507,-41.335,0.2534],[144.7508,-41.3349,0.2534],[144.7507,-41.3349,0.2534],[144.7506,-41.335,0.2534],[144.7507,-41.335,0.2534]]],
[[[144.7484,-41.3337,0.0],[144.7486,-41.3336,0.0],[144.7486,-41.3334,0.0],[144.7482,-41.3335,0.0],[144.7484,-41.3337,0.0]]],
[[[144.7481,-41.3334,0.0],[144.748,-41.3333,0.0],[144.7479,-41.3335,0.0],[144.7481,-41.3335,0.0],[144.7481,-41.3334,0.0]]],
[[[144.7473,-41.3325,2.1304],[144.7471,-41.3325,2.1304],[144.747,-41.3327,2.1304],[144.7473,-41.3327,2.1304],[144.7473,-41.3325,2.1304]]],
[[[144.7465,-41.3326,0.0],[144.7468,-41.3326,0.0],[144.7468,-41.3324,0.0],[144.7466,-41.3324,0.0],[144.7465,-41.3326,0.0]]],
[[[144.7469,-41.3322,2.1304],[144.7472,-41.3323,2.1304],[144.7472,-41.3321,2.1304],[144.7469,-41.332,2.1304],[144.7469,-41.3322,2.1304]]],
[[[144.746,-41.3318,0.0],[144.7457,-41.3318,0.0],[144.7459,-41.332,0.0],[144.746,-41.3318,0.0]]],
[[[144.7444,-41.3315,0.0],[144.7445,-41.3316,0.0],[144.7446,-41.3313,0.0],[144.7444,-41.3313,0.0],[144.7444,-41.3315,0.0]]],
[[[144.7416,-41.3298,0.5592],[144.7415,-41.3296,0.5592],[144.7411,-41.3297,0.5592],[144.7413,-41.3299,0.5592],[144.7416,-41.3298,0.5592]]],
[[[144.7419,-41.3305,0.5592],[144.742,-41.3305,0.5592],[144.7421,-41.3304,0.5592],[144.742,-41.3304,0.5592],[144.7419,-41.3305,0.5592]]],
[[[144.743,-41.3305,0.1492],[144.7431,-41.3304,0.1492],[144.7429,-41.3303,0.1492],[144.7429,-41.3304,0.1492],[144.743,-41.3305,0.1492]]],
[[[144.7411,-41.3288,1.9596],[144.7411,-41.3287,1.9596],[144.741,-41.3288,1.9596],[144.7411,-41.3288,1.9596]]],
[[[144.7395,-41.3279,1.0034],[144.7394,-41.3276,1.0034],[144.7393,-41.3275,1.0034],[144.7393,-41.3278,1.0034],[144.7395,-41.3279,1.0034]]],
[[[144.7396,-41.3276,1.0034],[144.74,-41.3276,1.0034],[144.7401,-41.3275,1.0034],[144.7401,-41.3274,1.0034],[144.7396,-41.3276,1.0034]]],
[[[144.7389,-41.326,4.0269],[144.7387,-41.326,4.0269],[144.7386,-41.326,4.0269],[144.7389,-41.3261,4.0269],[144.7389,-41.326,4.0269]]],
[[[144.7357,-41.3249,0.0],[144.7357,-41.3245,0.0],[144.7354,-41.3246,0.0],[144.7355,-41.3248,0.0],[144.7357,-41.3249,0.0]]],
[[[144.7314,-41.321,0.4298],[144.7315,-41.3213,0.0],[144.7316,-41.3212,0.4298],[144.7315,-41.321,0.4298],[144.7314,-41.321,0.4298]]],
[[[144.7357,-41.3267,0.0],[144.736,-41.3267,0.0],[144.736,-41.3265,0.0],[144.7357,-41.3264,0.0],[144.7357,-41.3267,0.0]]],
[[[144.7385,-41.3265,0.0],[144.7388,-41.3266,1.0034],[144.7388,-41.3264,1.0034],[144.7385,-41.3264,0.0],[144.7385,-41.3265,0.0]]],
[[[144.732,-41.3207,0.4298],[144.7319,-41.3207,0.4298],[144.7319,-41.3208,0.4298],[144.732,-41.3208,0.4298],[144.732,-41.3207,0.4298]]],
[[[144.7308,-41.3208,0.4298],[144.731,-41.3208,0.4298],[144.731,-41.3204,0.4298],[144.7308,-41.3206,0.4298],[144.7308,-41.3208,0.4298]]],
[[[144.7317,-41.3204,0.4298],[144.7316,-41.3207,0.4298],[144.7317,-41.3208,0.4298],[144.7318,-41.3207,0.4298],[144.7317,-41.3204,0.4298]]],
[[[144.7313,-41.3201,0.4298],[144.7312,-41.3203,0.4298],[144.7314,-41.3204,0.4298],[144.7315,-41.3201,0.4298],[144.7313,-41.3201,0.4298]]],
[[[144.7335,-41.3193,0.4253],[144.7331,-41.3193,0.4253],[144.7329,-41.3195,0.4253],[144.7333,-41.3198,0.0],[144.7335,-41.3193,0.4253]]],
[[[144.7321,-41.3195,0.626],[144.7322,-41.3195,0.626],[144.7323,-41.3195,0.626],[144.7322,-41.3194,0.626],[144.7321,-41.3195,0.626]]],
[[[144.7316,-41.3195,0.626],[144.7319,-41.3195,0.626],[144.7318,-41.3192,0.626],[144.7316,-41.3192,0.626],[144.7316,-41.3195,0.626]]],
[[[144.7301,-41.3179,0.0],[144.7305,-41.3179,0.0],[144.7307,-41.3183,0.626],[144.7305,-41.3176,0.0],[144.7301,-41.3179,0.0]]],
[[[144.7313,-41.3179,0.0],[144.7313,-41.3176,0.0],[144.7311,-41.3175,0.0],[144.731,-41.3179,0.0],[144.7313,-41.3179,0.0]]],
[[[144.7389,-41.3108,6.9132999999999996],[144.7386,-41.3106,6.9132999999999996],[144.7383,-41.3107,0.5342],[144.7384,-41.3111,0.5342],[144.7389,-41.3108,6.9132999999999996]]],
[[[144.7363,-41.3097,0.0],[144.7362,-41.3098,0.0],[144.7364,-41.3098,0.0],[144.7364,-41.3097,0.0],[144.7363,-41.3097,0.0]]],
[[[144.7365,-41.3094,1.0116],[144.7363,-41.3094,1.0116],[144.7362,-41.3095,1.0116],[144.7365,-41.3095,1.0116],[144.7365,-41.3094,1.0116]]],
[[[144.7316,-41.3172,0.0],[144.7318,-41.3169,0.0],[144.7311,-41.3172,0.0],[144.7312,-41.3173,0.0],[144.7316,-41.3172,0.0]]],
[[[144.7309,-41.3168,0.0],[144.7309,-41.3169,0.0],[144.731,-41.3168,0.0],[144.7309,-41.3168,0.0]]],
[[[144.7309,-41.3079,0.1942],[144.7305,-41.3076,0.1942],[144.7303,-41.3077,0.0],[144.7307,-41.308,0.0],[144.7309,-41.3079,0.1942]]],
[[[144.7338,-41.3075,0.8124],[144.7337,-41.3074,0.8124],[144.7336,-41.3077,0.8124],[144.7337,-41.3077,0.8124],[144.7338,-41.3075,0.8124]]],
[[[144.728,-41.3072,0.0],[144.7287,-41.3079,0.0],[144.7291,-41.3076,0.0],[144.7285,-41.3071,0.0],[144.728,-41.3072,0.0]]],
[[[144.729,-41.3069,0.0],[144.7292,-41.3072,0.0],[144.7293,-41.3072,0.0],[144.7293,-41.307,0.0],[144.729,-41.3069,0.0]]],
[[[144.7297,-41.3068,0.0],[144.7295,-41.306399999999996,0.0],[144.7292,-41.306399999999996,0.0],[144.7294,-41.3068,0.0],[144.7297,-41.3068,0.0]]],
[[[144.7269,-41.3062,0.0],[144.7269,-41.3063,0.0],[144.7271,-41.3063,0.0],[144.727,-41.3062,0.0],[144.7269,-41.3062,0.0]]],
[[[144.7271,-41.3052,0.0],[144.7269,-41.3049,0.0],[144.7267,-41.305,0.0],[144.7268,-41.3052,0.0],[144.7271,-41.3052,0.0]]],
[[[144.7215,-41.3036,0.0],[144.7214,-41.3035,0.0],[144.7213,-41.3036,0.0],[144.7215,-41.3036,0.0]]],
[[[144.724,-41.3036,0.0],[144.7238,-41.3039,0.0],[144.7247,-41.3037,2.9903],[144.7245,-41.3031,2.9903],[144.724,-41.3036,0.0]]],
[[[144.7209,-41.3027,0.7203],[144.7212,-41.3026,0.7203],[144.7215,-41.3025,0.7203],[144.7206,-41.3025,0.7203],[144.7209,-41.3027,0.7203]]],
[[[144.7218,-41.3023,0.7203],[144.7218,-41.3025,0.7203],[144.7225,-41.3025,1.4163],[144.7222,-41.3024,1.4163],[144.7218,-41.3023,0.7203]]],
[[[144.7171,-41.3013,0.0],[144.7171,-41.3011,0.0],[144.717,-41.3011,0.0],[144.717,-41.3014,0.0],[144.7171,-41.3013,0.0]]],
[[[144.7187,-41.2998,0.1997],[144.719,-41.3002,0.1997],[144.7191,-41.3001,0.1997],[144.7188,-41.2998,0.1997],[144.7187,-41.2998,0.1997]]],
[[[144.7181,-41.2979,2.7673],[144.7182,-41.2978,2.7673],[144.7181,-41.2977,2.7673],[144.718,-41.2978,2.7673],[144.7181,-41.2979,2.7673]]],
[[[144.7155,-41.2967,0.0],[144.7157,-41.2968,0.0],[144.7154,-41.2965,0.0],[144.7154,-41.2966,0.0],[144.7155,-41.2967,0.0]]],
[[[144.7169,-41.2974,0.0],[144.7169,-41.2973,0.0],[144.7165,-41.297,0.0],[144.7169,-41.2974,0.0]]],
[[[144.7171,-41.2971,0.0],[144.7171,-41.2972,0.0],[144.7172,-41.2972,0.0],[144.7171,-41.2971,0.0]]],
[[[144.7274,-41.306,0.0],[144.7273,-41.3059,0.0],[144.7272,-41.306,0.0],[144.7274,-41.3061,0.0],[144.7274,-41.306,0.0]]],
[[[144.7282,-41.3063,0.0],[144.7283,-41.3062,0.0],[144.7283,-41.3061,0.0],[144.7282,-41.3062,0.0],[144.7282,-41.3063,0.0]]],
[[[144.7288,-41.3059,0.0],[144.7285,-41.3056,0.0],[144.7283,-41.3057,0.0],[144.7287,-41.3061,0.0],[144.7288,-41.3059,0.0]]],
[[[144.7311,-41.3186,0.626],[144.731,-41.3188,0.626],[144.7313,-41.3188,0.626],[144.7314,-41.3187,0.626],[144.7311,-41.3186,0.626]]],
[[[144.7322,-41.3186,0.626],[144.732,-41.3183,0.626],[144.732,-41.3189,0.626],[144.7324,-41.3188,0.4253],[144.7322,-41.3186,0.626]]],
[[[144.7194,-41.2924,0.0],[144.7196,-41.2924,0.0],[144.7197,-41.2921,0.0],[144.7194,-41.2922,0.0],[144.7194,-41.2924,0.0]]],
[[[144.7175,-41.2858,1.9577],[144.7173,-41.2858,1.9577],[144.7172,-41.2858,1.9577],[144.7175,-41.2859,1.9577],[144.7175,-41.2858,1.9577]]],
[[[144.715,-41.286,1.646],[144.715,-41.2858,1.646],[144.7146,-41.2855,1.646],[144.7147,-41.286,1.646],[144.715,-41.286,1.646]]],
[[[144.7073,-41.2837,0.0],[144.7072,-41.2837,0.0],[144.7071,-41.2838,0.0],[144.7073,-41.2838,0.0],[144.7073,-41.2837,0.0]]],
[[[144.7074,-41.2835,0.0],[144.7076,-41.2837,0.0],[144.7078,-41.2835,0.0],[144.7076,-41.2834,0.0],[144.7074,-41.2835,0.0]]],
[[[144.7071,-41.283,0.0],[144.707,-41.2832,0.0],[144.7072,-41.2833,0.0],[144.7072,-41.2831,0.0],[144.7071,-41.283,0.0]]],
[[[144.7128,-41.2831,0.0],[144.7127,-41.2832,0.0],[144.7131,-41.2832,0.0],[144.7131,-41.2831,0.0],[144.7128,-41.2831,0.0]]],
[[[144.7147,-41.279,8.5138],[144.7143,-41.2787,8.5138],[144.7139,-41.2789,8.5138],[144.7142,-41.279,8.5138],[144.7147,-41.279,8.5138]]],
[[[144.7115,-41.278,0.0],[144.711,-41.2776,0.0],[144.7108,-41.2783,0.0],[144.711,-41.2783,0.0],[144.7115,-41.278,0.0]]],
[[[144.7101,-41.2772,0.0],[144.7101,-41.2774,0.0],[144.7104,-41.2773,0.0],[144.7102,-41.2771,0.0],[144.7101,-41.2772,0.0]]],
[[[144.7087,-41.275,0.0949],[144.7087,-41.2749,0.0949],[144.7085,-41.2747,0.0949],[144.7084,-41.2751,0.0949],[144.7087,-41.275,0.0949]]],
[[[144.7114,-41.274,0.389],[144.7114,-41.2737,0.389],[144.7112,-41.2737,0.389],[144.7111,-41.2739,0.389],[144.7114,-41.274,0.389]]],
[[[144.7097,-41.2738,0.2663],[144.7095,-41.2734,0.2663],[144.7092,-41.2735,0.2663],[144.7093,-41.2738,0.2663],[144.7097,-41.2738,0.2663]]],
[[[144.7092,-41.2719,0.0],[144.7104,-41.273,0.389],[144.7095,-41.2698,0.0],[144.7096,-41.2712,0.0],[144.7092,-41.2719,0.0]]],
[[[144.7061,-41.2665,0.0],[144.7059,-41.2661,0.0],[144.7055,-41.2661,0.0],[144.7056,-41.2664,0.0],[144.7061,-41.2665,0.0]]],
[[[148.3385,-41.2599,0.4489],[148.3381,-41.2604,0.4489],[148.3383,-41.2605,0.4489],[148.3388,-41.26,0.4489],[148.3385,-41.2599,0.4489]]],
[[[144.7019,-41.2595,0.0],[144.7018,-41.2596,0.0],[144.702,-41.2596,0.0],[144.7021,-41.2595,0.0],[144.7019,-41.2595,0.0]]],
[[[144.7021,-41.258,0.0],[144.7021,-41.2579,0.0],[144.702,-41.258,0.0],[144.702,-41.2581,0.0],[144.7021,-41.258,0.0]]],
[[[146.6042,-41.2563,5.8573],[146.6042,-41.2571,5.8573],[146.605,-41.2576,9.7396],[146.605,-41.2557,10.0549],[146.6042,-41.2563,5.8573]]],
[[[144.6987,-41.2551,0.2487],[144.6986,-41.2549,0.2487],[144.6984,-41.255,0.2487],[144.6986,-41.2553,0.2487],[144.6987,-41.2551,0.2487]]],
[[[144.697,-41.2538,1.5102],[144.697,-41.254,1.5102],[144.6972,-41.254,1.5102],[144.6972,-41.2538,1.5102],[144.697,-41.2538,1.5102]]],
[[[144.6971,-41.2544,1.5102],[144.6972,-41.2545,1.5102],[144.6974,-41.2545,1.5102],[144.6972,-41.2544,1.5102],[144.6971,-41.2544,1.5102]]],
[[[144.6978,-41.2544,6.3381],[144.698,-41.2545,6.3381],[144.698,-41.2543,6.3381],[144.6978,-41.2542,6.3381],[144.6978,-41.2544,6.3381]]],
[[[144.6969,-41.2537,1.5102],[144.697,-41.2535,1.5102],[144.6968,-41.2533,1.5102],[144.6967,-41.2536,1.5102],[144.6969,-41.2537,1.5102]]],
[[[144.6954,-41.2529,2.5831],[144.6954,-41.253,1.5102],[144.6956,-41.2529,2.5831],[144.6955,-41.2528,2.5831],[144.6954,-41.2529,2.5831]]],
[[[144.6967,-41.252,2.5831],[144.6968,-41.2521,2.5831],[144.6969,-41.252,2.5831],[144.6969,-41.2519,2.5831],[144.6967,-41.252,2.5831]]],
[[[144.6875,-41.2506,0.0],[144.6873,-41.2506,0.0],[144.6872,-41.2507,0.0],[144.6876,-41.2507,0.0],[144.6875,-41.2506,0.0]]],
[[[148.3406,-41.2507,0.9393],[148.3402,-41.2493,0.0],[148.3389,-41.2503,0.0],[148.3405,-41.2504,0.9393],[148.3406,-41.2507,0.9393]]],
[[[144.6898,-41.2495,0.0],[144.6899,-41.2495,0.0],[144.6899,-41.2494,0.0],[144.6898,-41.2493,0.0],[144.6898,-41.2495,0.0]]],
[[[144.6873,-41.2513,0.0],[144.6876,-41.2517,0.0],[144.688,-41.2517,0.0],[144.6877,-41.2513,0.0],[144.6873,-41.2513,0.0]]],
[[[144.6878,-41.2513,0.0],[144.688,-41.2514,0.0],[144.6881,-41.2514,0.0],[144.6879,-41.2512,0.0],[144.6878,-41.2513,0.0]]],
[[[144.6905,-41.2484,0.0],[144.6903,-41.2484,0.0],[144.6902,-41.2485,0.0],[144.6904,-41.2485,0.0],[144.6905,-41.2484,0.0]]],
[[[148.3281,-41.2481,1.9263],[148.328,-41.2485,1.9263],[148.3285,-41.2487,1.9263],[148.3284,-41.248,1.9263],[148.3281,-41.2481,1.9263]]],
[[[144.6867,-41.2478,0.0],[144.6866,-41.2479,0.0],[144.6868,-41.248,0.0],[144.6868,-41.2479,0.0],[144.6867,-41.2478,0.0]]],
[[[144.6917,-41.2477,0.0],[144.6918,-41.2476,0.0],[144.6916,-41.2476,0.0],[144.6916,-41.2477,0.0],[144.6917,-41.2477,0.0]]],
[[[144.6913,-41.2473,0.0],[144.6914,-41.247,0.0],[144.6908,-41.2473,0.0],[144.6909,-41.2474,0.0],[144.6913,-41.2473,0.0]]],
[[[146.5961,-41.2472,15.479],[146.5966,-41.2475,15.479],[146.5969,-41.2471,0.5],[146.5963,-41.2469,15.479],[146.5961,-41.2472,15.479]]],
[[[144.6858,-41.2457,0.0],[144.6857,-41.2456,0.0],[144.6855,-41.2455,0.0],[144.6859,-41.2458,0.0],[144.6858,-41.2457,0.0]]],
[[[146.5658,-41.2446,5.5375],[146.5658,-41.2444,10.5941],[146.5657,-41.244,10.5941],[146.5655,-41.2444,10.5941],[146.5658,-41.2446,5.5375]]],
[[[146.9675,-41.2415,0.0],[146.9681,-41.2411,0.0],[146.9661,-41.2414,0.0],[146.9665,-41.2416,0.0],[146.9675,-41.2415,0.0]]],
[[[146.5691,-41.236,2.7655],[146.5665,-41.2355,1.8519],[146.5652,-41.2381,3.4099],[146.5684,-41.2378,6.0372],[146.5691,-41.236,2.7655]]],
[[[146.574,-41.236,1.9881],[146.5754,-41.2352,1.8673],[146.5708,-41.2354,1.0564],[146.5725,-41.2366,1.2612],[146.574,-41.236,1.9881]]],
[[[146.3942,-41.2327,1.8172],[146.3943,-41.2328,1.8172],[146.3944,-41.2329,1.8172],[146.3944,-41.2327,1.8172],[146.3942,-41.2327,1.8172]]],
[[[146.5969,-41.246,3.4272],[146.5969,-41.2462,3.4272],[146.5971,-41.2462,3.4272],[146.5971,-41.2459,3.4272],[146.5969,-41.246,3.4272]]],
[[[144.6865,-41.2456,0.0],[144.6869,-41.246,0.0],[144.6871,-41.2459,0.0],[144.6866,-41.2451,0.0],[144.6865,-41.2456,0.0]]],
[[[144.6873,-41.2458,1.2432],[144.6881,-41.2459,1.2432],[144.6868,-41.245,0.0],[144.6868,-41.2451,0.0],[144.6873,-41.2458,1.2432]]],
[[[146.3892,-41.2248,0.0],[146.3888,-41.2248,0.0],[146.3887,-41.2248,0.0],[146.3894,-41.2249,0.0],[146.3892,-41.2248,0.0]]],
[[[146.3972874015748,-41.227489763779531,22.9674],[146.3948,-41.2262,16.6352],[146.3952,-41.2273,2.898],[146.3972874015748,-41.227489763779531,22.9674]]],
[[[146.3798,-41.2257,0.0],[146.3784,-41.2222,0.0],[146.3741,-41.2261,0.0],[146.3754,-41.2274,0.0],[146.3798,-41.2257,0.0]]],
[[[144.6775,-41.2224,0.0],[144.6774,-41.2222,0.0],[144.6773,-41.2222,0.0],[144.6774,-41.2224,0.0],[144.6775,-41.2224,0.0]]],
[[[146.3697,-41.2197,1.3215],[146.3696,-41.2197,1.3215],[146.3698,-41.2198,1.3215],[146.3697,-41.2197,1.3215]]],
[[[144.6865,-41.2185,0.0],[144.6865,-41.2186,0.0],[144.6867,-41.2185,0.0],[144.6865,-41.2185,0.0]]],
[[[144.6864,-41.2183,0.0],[144.6863,-41.2183,0.0],[144.6863,-41.2184,0.0],[144.6864,-41.2184,0.0],[144.6864,-41.2183,0.0]]],
[[[144.6879,-41.2159,0.0],[144.6879,-41.2155,0.0],[144.6876,-41.2153,0.0],[144.6877,-41.2158,0.0],[144.6879,-41.2159,0.0]]],
[[[144.6859,-41.2096,0.0436],[144.6856,-41.2094,0.0],[144.6849,-41.21,0.0],[144.6858,-41.2098,0.0436],[144.6859,-41.2096,0.0436]]],
[[[144.6868,-41.2156,0.0],[144.6866,-41.2157,0.0],[144.6869,-41.2158,0.0],[144.6869,-41.2156,0.0],[144.6868,-41.2156,0.0]]],
[[[148.2886,-41.2097,0.0],[148.2891,-41.2098,0.0],[148.2893,-41.209,0.0],[148.2885,-41.209,0.0],[148.2886,-41.2097,0.0]]],
[[[146.4002,-41.229,6.8681],[146.39745462184874,-41.227576470588232,22.9674],[146.3984,-41.2289,8.2162],[146.3962,-41.2312,1.8317],[146.3969,-41.2321,1.942],[146.3999,-41.2328,3.8749],[146.4002,-41.2316,3.8749],[146.4015,-41.2307,6.0421],[146.4002,-41.229,6.8681]]],
[[[146.3972874015748,-41.227489763779531,22.9674],[146.39745462184874,-41.227576470588232,22.9674],[146.3974,-41.2275,22.9674],[146.3972874015748,-41.227489763779531,22.9674]]],
[[[146.3924,-41.2261,4.9531],[146.3893,-41.2266,0.0],[146.3904,-41.2277,0.0],[146.3951,-41.2276,2.898],[146.3924,-41.2261,4.9531]]],
[[[146.3585,-41.2042,0.0],[146.3586,-41.2044,0.0],[146.3588,-41.2042,0.0],[146.3586,-41.2041,0.0],[146.3585,-41.2042,0.0]]],
[[[146.5845,-41.2019,0.0],[146.5846,-41.202,0.0],[146.5849,-41.2019,0.0],[146.5847,-41.2018,0.0],[146.5845,-41.2019,0.0]]],
[[[144.6797,-41.1836,0.0],[144.6799,-41.1836,0.0],[144.6798,-41.1834,0.0],[144.6796,-41.1834,0.0],[144.6797,-41.1836,0.0]]],
[[[144.6797,-41.1829,0.0],[144.6797,-41.1831,0.0],[144.6799,-41.1831,0.0],[144.6798,-41.1829,0.0],[144.6797,-41.1829,0.0]]],
[[[144.6793,-41.181,0.5102],[144.6794,-41.181,0.5102],[144.6793,-41.1808,0.5102],[144.6792,-41.1809,0.5102],[144.6793,-41.181,0.5102]]],
[[[144.6799,-41.1801,0.5102],[144.6793,-41.18,0.5102],[144.6792,-41.1801,0.5102],[144.6796,-41.1805,0.5102],[144.6799,-41.1801,0.5102]]],
[[[144.6789,-41.1797,0.5102],[144.6788,-41.1796,0.0],[144.6788,-41.1797,0.0],[144.6789,-41.1797,0.5102]]],
[[[144.68,-41.1794,1.1924],[144.6799,-41.179,1.1924],[144.6796,-41.1791,1.1924],[144.6797,-41.1794,1.1924],[144.68,-41.1794,1.1924]]],
[[[144.6795,-41.1812,0.5102],[144.6794,-41.1812,0.5102],[144.6793,-41.1813,0.0],[144.6795,-41.1813,0.0],[144.6795,-41.1812,0.5102]]],
[[[144.6796,-41.1808,0.5102],[144.6797,-41.1813,0.0],[144.6798,-41.1813,0.0],[144.6798,-41.1807,0.5102],[144.6796,-41.1808,0.5102]]],
[[[144.6772,-41.1763,0.0],[144.6773,-41.1763,0.0],[144.6774,-41.1763,0.0],[144.6772,-41.1762,0.0],[144.6772,-41.1763,0.0]]],
[[[144.6799,-41.177,0.7184],[144.6791,-41.1757,0.0],[144.6776,-41.1752,0.0],[144.679,-41.1768,0.7184],[144.6799,-41.177,0.7184]]],
[[[144.6798,-41.1776,0.7184],[144.6792,-41.1774,0.7184],[144.6791,-41.1775,0.7184],[144.6796,-41.1778,0.7184],[144.6798,-41.1776,0.7184]]],
[[[146.5699,-41.1773,0.0],[146.57,-41.1772,0.0],[146.57,-41.1771,0.0],[146.5698,-41.1773,0.0],[146.5699,-41.1773,0.0]]],
[[[146.5692,-41.1775,0.0],[146.5698,-41.1774,0.0],[146.5688,-41.1767,0.0],[146.5688,-41.177,0.0],[146.5692,-41.1775,0.0]]],
[[[144.6792,-41.177,0.7184],[144.679,-41.177,0.7184],[144.679,-41.1771,0.7184],[144.6792,-41.1772,0.7184],[144.6792,-41.177,0.7184]]],
[[[146.5694,-41.175,0.7933],[146.5695,-41.175,0.7933],[146.5693,-41.1749,0.7933],[146.5693,-41.175,0.7933],[146.5694,-41.175,0.7933]]],
[[[144.6812,-41.1751,2.6435],[144.6814,-41.1751,2.6435],[144.6814,-41.1749,2.6435],[144.6811,-41.1749,2.6435],[144.6812,-41.1751,2.6435]]],
[[[146.2463,-41.1742,1.055],[146.2464,-41.1744,1.055],[146.2468,-41.1742,1.055],[146.2465,-41.174,1.055],[146.2463,-41.1742,1.055]]],
[[[146.5665,-41.1742,0.0],[146.5635,-41.1736,0.0],[146.5683,-41.1764,0.0],[146.5692,-41.1755,0.7933],[146.5665,-41.1742,0.0]]],
[[[144.6798,-41.1781,1.1924],[144.6796,-41.1781,1.1924],[144.6791,-41.1787,1.1924],[144.6798,-41.1788,1.1924],[144.6798,-41.1781,1.1924]]],
[[[144.6787,-41.1785,0.0],[144.6788,-41.1785,0.0],[144.6788,-41.1784,0.0],[144.6787,-41.1785,0.0]]],
[[[144.6791,-41.1784,1.1924],[144.679,-41.1783,1.1924],[144.6789,-41.1783,1.1924],[144.679,-41.1784,1.1924],[144.6791,-41.1784,1.1924]]],
[[[144.6771,-41.1721,0.0],[144.6773,-41.1722,0.0],[144.6773,-41.1721,0.0],[144.6771,-41.1721,0.0]]],
[[[144.6752,-41.1695,0.7514],[144.6754,-41.17,0.5676],[144.6758,-41.1699,0.5676],[144.6756,-41.1695,0.7514],[144.6752,-41.1695,0.7514]]],
[[[148.293,-41.1691,0.0],[148.2924,-41.1692,0.0],[148.293,-41.1695,0.0],[148.2936,-41.1689,0.0],[148.2934,-41.1688,0.0],[148.293,-41.1691,0.0]]],
[[[144.6763,-41.1681,0.7514],[144.6763,-41.1683,0.7514],[144.6765,-41.1682,0.7514],[144.6765,-41.1681,0.7514],[144.6763,-41.1681,0.7514]]],
[[[148.2937,-41.167,0.0],[148.2929,-41.1672,0.0],[148.2929,-41.1679,0.0],[148.2933,-41.1678,0.0],[148.2937,-41.167,0.0]]],
[[[146.2482,-41.1687,0.1747],[146.2484,-41.1684,0.1747],[146.2484,-41.1682,0.1747],[146.2481,-41.1685,0.1747],[146.2482,-41.1687,0.1747]]],
[[[146.2482,-41.1677,0.2247],[146.2478,-41.1681,0.1747],[146.2477,-41.1686,0.1747],[146.2486,-41.1675,0.2247],[146.2482,-41.1677,0.2247]]],
[[[146.8297,-41.1715,6.897],[146.8297,-41.1716,6.897],[146.8296,-41.1717,6.897],[146.8298,-41.1716,6.897],[146.8297,-41.1715,6.897]]],
[[[144.6768,-41.1708,0.5676],[144.6764,-41.1708,0.5676],[144.677,-41.1712,4.0728],[144.677,-41.1711,4.0728],[144.6768,-41.1708,0.5676]]],
[[[146.5664,-41.171,0.4166],[146.5665,-41.1705,0.4166],[146.5657,-41.1705,0.0],[146.5663,-41.171,0.4166],[146.5664,-41.171,0.4166]]],
[[[146.253,-41.1711,0.0],[146.2524,-41.172,0.5584],[146.2532,-41.1716,0.2735],[146.253,-41.1705,0.0],[146.253,-41.1711,0.0]]],
[[[146.5689,-41.1715,0.0],[146.5675,-41.1699,0.4166],[146.5665,-41.1698,0.4166],[146.5668,-41.1712,0.4166],[146.5689,-41.1715,0.0]]],
[[[144.6766,-41.1704,0.5676],[144.6764,-41.1705,0.5676],[144.6764,-41.1706,0.5676],[144.6768,-41.1706,0.5676],[144.6766,-41.1704,0.5676]]],
[[[146.5739,-41.17,0.7214],[146.5724,-41.1678,0.0],[146.5686,-41.1701,0.734],[146.5749,-41.172,0.0],[146.5739,-41.17,0.7214]]],
[[[146.5926,-41.1656,0.0],[146.5919,-41.1658,0.0],[146.5918,-41.1664,8.2518],[146.5922,-41.1662,0.0],[146.5926,-41.1656,0.0]]],
[[[146.332,-41.1621,0.0],[146.3317,-41.1614,0.0],[146.3307,-41.1616,0.4195],[146.3312,-41.1628,0.4195],[146.332,-41.1621,0.0]]],
[[[144.6731,-41.162,6.0549],[144.6731,-41.1619,6.0549],[144.6729,-41.1619,6.0549],[144.6729,-41.162,6.0549],[144.6731,-41.162,6.0549]]],
[[[144.6728,-41.1614,6.0549],[144.6728,-41.1613,6.0549],[144.6726,-41.1613,0.1872],[144.6726,-41.1614,0.1872],[144.6728,-41.1614,6.0549]]],
[[[144.6726,-41.1598,0.9035],[144.6726,-41.1605,0.9035],[144.673,-41.1606,6.9676],[144.6732,-41.1601,6.9676],[144.6726,-41.1598,0.9035]]],
[[[146.5923,-41.1589,0.0],[146.5925,-41.1591,0.0],[146.5928,-41.159,0.0],[146.5926,-41.1588,0.0],[146.5923,-41.1589,0.0]]],
[[[144.6727,-41.159,0.5067],[144.6735,-41.1588,4.2177],[144.6735,-41.1586,4.2177],[144.6728,-41.1586,4.2177],[144.6727,-41.159,0.5067]]],
[[[146.3127,-41.1554,0.0],[146.3129,-41.1554,2.851],[146.313,-41.1554,2.851],[146.3128,-41.1553,2.851],[146.3127,-41.1554,0.0]]],
[[[146.4167,-41.1545,0.0],[146.4168,-41.1547,0.0],[146.417,-41.1547,0.0],[146.4169,-41.1546,0.0],[146.4167,-41.1545,0.0]]],
[[[146.7717,-41.1534,0.0],[146.7717,-41.1531,0.0],[146.7719,-41.1528,0.0],[146.7713,-41.153,0.5965],[146.7717,-41.1534,0.0]]],
[[[146.5552,-41.1505,0.584],[146.5548,-41.1494,0.0],[146.5539,-41.15,0.584],[146.5556,-41.1512,0.0],[146.5552,-41.1505,0.584]]],
[[[146.1688,-41.1498,1.4061],[146.1689,-41.1499,1.4061],[146.1688,-41.1496,1.4061],[146.1688,-41.1498,1.4061]]],
[[[146.5547,-41.1533,0.0],[146.5547,-41.1535,0.0],[146.5555,-41.154,0.0],[146.5553,-41.1531,0.0],[146.5547,-41.1533,0.0]]],
[[[146.1252,-41.1577,6.691],[146.124,-41.1576,6.691],[146.126,-41.1587,0.4639],[146.1284,-41.1586,0.0],[146.1265,-41.1583,0.4639],[146.1252,-41.1577,6.691]]],
[[[146.1226,-41.1577,1.1287],[146.1226,-41.1576,1.1287],[146.1225,-41.1576,1.1287],[146.1226,-41.1577,1.1287]]],
[[[144.6804,-41.1735,0.0],[144.6808,-41.1734,0.0],[144.6804,-41.1731,0.0],[144.6803,-41.1733,0.0],[144.6804,-41.1735,0.0]]],
[[[146.2528,-41.1741,2.6169],[146.2531,-41.1726,0.2735],[146.2517,-41.1728,0.5584],[146.2513,-41.1752,3.1494],[146.2515,-41.1749,3.1494],[146.2528,-41.1741,2.6169]]],
[[[144.6785,-41.1724,0.0],[144.6783,-41.173,0.0],[144.6788,-41.1731,0.0],[144.6788,-41.1726,0.0],[144.6785,-41.1724,0.0]]],
[[[146.2518,-41.1726,0.5584],[146.252,-41.1725,0.5584],[146.2518,-41.1723,0.5584],[146.2517,-41.1725,0.5584],[146.2518,-41.1726,0.5584]]],
[[[146.3624,-41.207,0.0],[146.3619,-41.2067,0.5341],[146.3611,-41.2082,0.0],[146.3628,-41.2071,0.0],[146.3624,-41.207,0.0]]],
[[[146.5761,-41.2102,1.7126],[146.5793,-41.2081,0.4827],[146.5786,-41.2071,0.5404],[146.5762,-41.2067,1.7318],[146.5735,-41.2087,1.073],[146.5743,-41.2119,0.4606],[146.5761,-41.2102,1.7126]]],
[[[146.9126,-41.2079,0.0],[146.9126,-41.2087,0.0],[146.9129,-41.2089,0.0],[146.9134,-41.208,0.0],[146.9126,-41.2079,0.0]]],
[[[146.36,-41.2063,0.5919],[146.3597,-41.2069,0.5919],[146.3603,-41.208,0.0],[146.3615,-41.2062,0.0],[146.36,-41.2063,0.5919]]],
[[[146.9078,-41.2069,0.0],[146.9082,-41.2066,0.0],[146.9082,-41.2062,0.0],[146.9072,-41.2065,0.0],[146.9078,-41.2069,0.0]]],
[[[146.3577,-41.2065,0.0],[146.3594,-41.2078,0.5919],[146.3594,-41.2049,0.6976],[146.3582,-41.2053,0.6976],[146.3577,-41.2065,0.0]]],
[[[144.7135,-41.2967,0.0],[144.7135,-41.2961,0.0],[144.7134,-41.296,0.0],[144.7133,-41.2964,0.0],[144.7135,-41.2967,0.0]]],
[[[144.7132,-41.2963,0.0],[144.7131,-41.2963,0.0],[144.713,-41.2963,0.0],[144.7132,-41.2964,0.0],[144.7132,-41.2963,0.0]]],
[[[144.7165,-41.2963,0.0],[144.7168,-41.2964,0.0],[144.7169,-41.2961,0.1827],[144.7168,-41.296,0.1827],[144.7165,-41.2963,0.0]]],
[[[144.7664,-41.4374,0.0],[144.7664,-41.4373,0.0],[144.7662,-41.4374,0.0],[144.7664,-41.4375,0.0],[144.7664,-41.4374,0.0]]],
[[[144.7642,-41.4373,0.0],[144.7642,-41.4372,0.0],[144.7641,-41.4373,0.0],[144.7642,-41.4374,0.0],[144.7642,-41.4373,0.0]]],
[[[144.7654,-41.4375,0.0],[144.7654,-41.4374,0.0],[144.7652,-41.4375,0.0],[144.7654,-41.4375,0.0]]],
[[[144.7643,-41.4375,0.0],[144.7644,-41.4376,0.0],[144.7645,-41.4375,0.0],[144.7644,-41.4374,0.0],[144.7643,-41.4375,0.0]]],
[[[144.7662,-41.4375,0.0],[144.7662,-41.4374,0.0],[144.7662,-41.437,0.0],[144.766,-41.4369,0.0],[144.766,-41.4373,0.0],[144.7662,-41.4375,0.0]]],
[[[144.7655,-41.4372,0.0],[144.7657,-41.4375,0.0],[144.7659,-41.4375,0.0],[144.7657,-41.437,0.0],[144.7655,-41.4372,0.0]]],
[[[144.764,-41.4372,0.0],[144.7641,-41.4371,0.0],[144.764,-41.4371,0.0],[144.764,-41.4372,0.0]]],
[[[144.7648,-41.4369,0.0],[144.7647,-41.4372,0.0],[144.7648,-41.4372,0.0],[144.7649,-41.437,0.0],[144.7648,-41.4369,0.0]]],
[[[144.6046,-41.01,0.0],[144.6044,-41.01,0.0],[144.6044,-41.0102,0.0],[144.6046,-41.0101,0.0],[144.6046,-41.01,0.0]]],
[[[144.6041,-41.0098,0.0],[144.6042,-41.0099,0.0],[144.6042,-41.0097,0.0],[144.6041,-41.0097,0.0],[144.6041,-41.0098,0.0]]],
[[[144.7267,-40.6401,0.0],[144.7266,-40.64,0.0],[144.7265,-40.6401,0.0],[144.7266,-40.6402,0.0],[144.7267,-40.6401,0.0]]],
[[[144.7341,-40.6402,1.6549],[144.7339,-40.639,1.0149],[144.7327,-40.6389,1.0149],[144.733,-40.6413,0.0],[144.7341,-40.6402,1.6549]]],
[[[144.6793,-40.631,2.2886],[144.6792,-40.6311,2.2886],[144.6793,-40.6312,2.2886],[144.6793,-40.631,2.2886]]],
[[[144.6791,-40.6308,2.2886],[144.6792,-40.6308,2.2886],[144.6793,-40.6308,2.2886],[144.6792,-40.6307,2.2886],[144.6791,-40.6308,2.2886]]],
[[[144.68,-40.6302,2.2886],[144.6803,-40.6302,2.2886],[144.6803,-40.6298,2.2886],[144.6799,-40.6299,2.2886],[144.68,-40.6302,2.2886]]],
[[[144.7351,-40.6396,0.0],[144.7353,-40.638,0.9233],[144.7345,-40.6373,0.0],[144.7347,-40.6396,0.0],[144.7351,-40.6396,0.0]]],
[[[144.6857,-40.6377,4.2395],[144.6856,-40.6376,4.2395],[144.6856,-40.6379,4.2395],[144.6858,-40.6378,4.2395],[144.6857,-40.6377,4.2395]]],
[[[144.7387,-40.6198,0.0],[144.7395,-40.6183,0.0],[144.7373,-40.6187,0.5189],[144.7378,-40.6198,0.0],[144.7387,-40.6198,0.0]]],
[[[144.7379,-40.6176,0.0],[144.7377,-40.6178,0.0],[144.7378,-40.6182,0.5189],[144.738,-40.6175,0.0],[144.7379,-40.6176,0.0]]],
[[[144.7379,-40.6169,0.0],[144.7379,-40.6172,0.0],[144.738,-40.6171,0.0],[144.7379,-40.6167,0.0],[144.7379,-40.6169,0.0]]],
[[[144.6833,-40.6082,0.0],[144.6833,-40.608,0.0],[144.6828,-40.6081,0.0],[144.683,-40.6083,0.0],[144.6833,-40.6082,0.0]]],
[[[144.6856,-40.6074,0.0],[144.6857,-40.6075,0.0],[144.6858,-40.6075,0.0],[144.6859,-40.6074,0.0],[144.6856,-40.6074,0.0]]],
[[[144.6837,-40.6078,0.0],[144.6842,-40.608,0.0],[144.6845,-40.608,0.0],[144.6839,-40.6077,0.0],[144.6837,-40.6078,0.0]]],
[[[144.7223,-40.6094,0.0],[144.7225,-40.6093,0.0],[144.7223,-40.609,0.0],[144.7222,-40.6091,0.0],[144.7223,-40.6094,0.0]]],
[[[144.7209,-40.609,0.5378],[144.721,-40.6089,0.5378],[144.7209,-40.6089,0.5378],[144.7208,-40.6091,0.5378],[144.7209,-40.609,0.5378]]],
[[[144.7355,-40.6276,0.0],[144.7356,-40.627,0.0],[144.7355,-40.627,0.0],[144.7353,-40.6277,0.0],[144.7355,-40.6276,0.0]]],
[[[144.7353,-40.6266,0.0],[144.7354,-40.6263,0.0],[144.7352,-40.626,0.0],[144.7351,-40.6267,0.0],[144.7353,-40.6266,0.0]]],
[[[144.6847,-40.6266,38.3839],[144.6799,-40.6263,39.9575],[144.6791,-40.6274,39.9575],[144.681,-40.6282,53.1716],[144.6793,-40.6296,2.2886],[144.6836,-40.6299,26.1268],[144.684,-40.6329,19.2404],[144.6866,-40.6341,19.1722],[144.6855,-40.6361,4.7305],[144.6872,-40.6387,29.8308],[144.6958,-40.6369,0.0],[144.6982,-40.6341,0.0],[144.6914,-40.6283,5.6919],[144.6847,-40.6266,38.3839]]],
[[[144.6785,-40.6261,0.0],[144.6789,-40.6262,0.0],[144.6789,-40.626,0.0],[144.6784,-40.6259,0.0],[144.6785,-40.6261,0.0]]],
[[[144.7351,-40.6258,0.0],[144.735,-40.6257,0.0],[144.735,-40.6259,0.0],[144.7351,-40.6258,0.0]]],
[[[144.7362,-40.624,0.0],[144.736,-40.6241,0.0],[144.7366,-40.6241,0.0],[144.7364,-40.6238,0.0],[144.7362,-40.624,0.0]]],
[[[144.7371,-40.6238,0.0],[144.7377,-40.6236,0.0],[144.738,-40.6233,0.0],[144.7372,-40.6234,0.0],[144.7371,-40.6238,0.0]]],
[[[144.7039,-40.5041,0.0],[144.7038,-40.5042,0.0],[144.7039,-40.5042,0.0],[144.7039,-40.5041,0.0]]],
[[[148.1016,-40.5356,3.8311],[148.1015,-40.5356,3.8311],[148.1016,-40.5358,3.8311],[148.1017,-40.5357,3.8311],[148.1016,-40.5356,3.8311]]],
[[[144.7203,-40.5257,0.0],[144.7201,-40.5258,0.0],[144.7202,-40.526,0.0],[144.7203,-40.5259,0.0],[144.7203,-40.5257,0.0]]],
[[[148.3455,-40.5009,0.6275],[148.3419,-40.4981,15.5597],[148.34,-40.4951,1.8022],[148.3347,-40.4945,0.0],[148.3312,-40.4964,0.9907],[148.3279,-40.5015,6.8048],[148.3291,-40.5032,0.0],[148.3333,-40.5031,0.4039],[148.3367,-40.5051,10.0046],[148.3376,-40.512,19.1715],[148.3404,-40.5133,6.4487],[148.3404,-40.517,1.5918],[148.343,-40.5167,2.9911],[148.347,-40.5225,0.6134],[148.3497,-40.5174,11.437],[148.3479,-40.5137,0.0],[148.3477,-40.5047,6.4148],[148.3455,-40.5009,0.6275]]],
[[[144.7042,-40.5058,2.72],[144.7041,-40.5064,4.9297],[144.7046,-40.5064,4.9297],[144.7046,-40.5059,2.72],[144.7042,-40.5058,2.72]]],
[[[148.316,-40.4974,0.0],[148.3124,-40.4966,1.7061],[148.3072,-40.5051,10.1862],[148.3032,-40.5045,0.0],[148.3048,-40.508,0.0],[148.3077,-40.5089,3.7359],[148.3085,-40.5107,0.0],[148.3042,-40.5204,0.5308],[148.3065,-40.5224,0.6637],[148.3132,-40.5219,0.0],[148.3149,-40.5205,4.6409],[148.3152,-40.5176,0.0],[148.3118,-40.513,5.302],[148.3154,-40.5101,0.0],[148.3155,-40.508,1.7671],[148.3129,-40.507,3.7745],[148.3129,-40.5052,0.0],[148.3185,-40.5012,0.0],[148.316,-40.4974,0.0]]],
[[[144.7073,-40.512,0.2155],[144.7072,-40.512,0.2155],[144.7072,-40.5122,0.2155],[144.7073,-40.5122,0.2155],[144.7073,-40.512,0.2155]]],
[[[144.7061,-40.5098,0.0],[144.706,-40.5098,0.0],[144.7059,-40.5098,0.0],[144.7061,-40.5099,0.0],[144.7061,-40.5098,0.0]]],
[[[144.7067,-40.5112,0.0],[144.7071,-40.5115,0.2155],[144.7074,-40.5115,0.2155],[144.707,-40.5112,0.0],[144.7067,-40.5112,0.0]]],
[[[144.7082,-40.5103,0.0],[144.708,-40.5102,0.0],[144.7079,-40.5104,0.0],[144.7082,-40.5104,0.0],[144.7082,-40.5103,0.0]]],
[[[144.7078,-40.5104,0.0],[144.7077,-40.5103,0.0],[144.7075,-40.5104,0.0],[144.7077,-40.5105,0.0],[144.7078,-40.5104,0.0]]],
[[[144.7061,-40.5096,0.0],[144.706,-40.5095,0.0],[144.706,-40.5096,0.0],[144.7061,-40.5096,0.0]]],
[[[144.7074,-40.5098,0.0],[144.7073,-40.5097,0.0],[144.7073,-40.5098,0.0],[144.7074,-40.5098,0.0]]],
[[[144.7894,-40.5096,0.0],[144.7889,-40.5095,6.9219],[144.7887,-40.5097,0.0],[144.7894,-40.5098,0.0],[144.7894,-40.5096,0.0]]],
[[[144.7047,-40.5053,2.72],[144.7047,-40.5078,4.9297],[144.7088,-40.5074,0.2245],[144.7053,-40.5049,2.72],[144.7047,-40.5053,2.72]]],
[[[144.7104,-40.5049,0.0],[144.7106,-40.5051,0.0],[144.7106,-40.505,0.0],[144.7104,-40.5049,0.0]]],
[[[148.3447,-40.5001,0.6275],[148.3448,-40.4994,0.0],[148.3446,-40.4992,0.0],[148.3444,-40.4997,0.6275],[148.3447,-40.5001,0.6275]]],
[[[148.4984,-40.4345,0.3724],[148.4975,-40.4327,0.6281],[148.4953,-40.4334,2.4171],[148.4973,-40.4364,0.166],[148.4984,-40.4345,0.3724]]],
[[[147.9931,-40.3828,0.0],[147.9931,-40.3829,0.0],[147.9932,-40.3829,0.0],[147.9933,-40.3829,0.0],[147.9931,-40.3828,0.0]]],
[[[144.6513,-40.3814,0.0],[144.6512,-40.3813,0.0],[144.6512,-40.3814,0.0],[144.6513,-40.3814,0.0]]],
[[[144.6512,-40.3812,0.0],[144.6514,-40.3813,0.0],[144.6515,-40.3812,0.0],[144.6512,-40.3811,0.0],[144.6512,-40.3812,0.0]]],
[[[147.8965,-40.3797,1.1727],[147.8987,-40.3782,2.2303],[147.8965,-40.3771,0.0],[147.8944,-40.3792,0.1882],[147.8965,-40.3797,1.1727]]],
[[[144.6543,-40.376,20.7491],[144.6542,-40.3761,0.0],[144.6543,-40.3763,20.0995],[144.6544,-40.3762,20.7491],[144.6543,-40.376,20.7491]]],
[[[144.6541,-40.3762,0.0],[144.654,-40.3761,0.0],[144.6539,-40.3762,0.0],[144.6541,-40.3762,0.0]]],
[[[144.6524,-40.3811,7.0694],[144.6525,-40.381,7.0694],[144.652,-40.3808,0.0],[144.6522,-40.3811,7.0694],[144.6524,-40.3811,7.0694]]],
[[[144.6525,-40.3801,7.0694],[144.6525,-40.38,7.0694],[144.6524,-40.38,7.0694],[144.6524,-40.3801,7.0694],[144.6525,-40.3801,7.0694]]],
[[[144.6522,-40.38,7.0694],[144.6523,-40.3801,7.0694],[144.6524,-40.38,7.0694],[144.6523,-40.3799,7.0694],[144.6522,-40.38,7.0694]]],
[[[144.6561,-40.3781,13.8519],[144.656,-40.3782,13.8519],[144.6561,-40.3783,13.8519],[144.6563,-40.3781,0.0],[144.6561,-40.3781,13.8519]]],
[[[144.6552,-40.3717,0.0],[144.6555,-40.3719,0.0],[144.6558,-40.3719,0.0],[144.6556,-40.3715,0.0],[144.6552,-40.3717,0.0]]],
[[[144.6555,-40.3714,0.0],[144.6557,-40.3714,0.0],[144.6557,-40.3712,0.0],[144.6555,-40.3712,0.0],[144.6555,-40.3714,0.0]]],
[[[148.0235,-40.352,2.5922],[148.0247,-40.3492,0.0],[148.0157,-40.3528,1.9637],[148.0146,-40.3516,1.9637],[148.0104,-40.352,6.0195],[148.0094,-40.3506,0.8492],[148.0052,-40.3516,5.2825],[148.0016,-40.3538,0.0],[147.9984,-40.3591,13.03],[147.9928,-40.3616,0.0],[147.9934,-40.3627,0.0],[147.9913,-40.3635,16.2404],[147.986,-40.3613,4.4105],[147.9823,-40.3633,1.4299],[147.9806,-40.3676,1.3689],[147.9819,-40.3675,8.4536],[147.9819,-40.3694,3.4091],[147.9869,-40.3664,0.4669],[147.9914,-40.3662,7.4383],[147.9945,-40.3694,1.7397],[148.0017,-40.3637,11.0584],[148.0077,-40.3653,2.1792],[148.01,-40.3631,3.0634],[148.019,-40.3599,0.0],[148.0199,-40.3574,2.8353],[148.0249,-40.355,0.0],[148.0235,-40.352,2.5922]]],
[[[148.0537,-40.3419,0.0],[148.0541,-40.3399,0.0],[148.0516,-40.339,0.9648],[148.0486,-40.3415,0.0],[148.0503,-40.3431,0.0],[148.0537,-40.3419,0.0]]],
[[[148.0544,-40.3404,0.0],[148.0544,-40.3403,0.0],[148.0543,-40.3404,0.0],[148.0544,-40.3404,0.0]]],
[[[144.6527,-40.3805,7.0694],[144.6523,-40.382,0.0],[144.6537,-40.3815,0.0],[144.6537,-40.3802,7.0694],[144.6564,-40.3777,0.0],[144.6574,-40.3741,7.7335],[144.6557,-40.3721,0.0],[144.6554,-40.3727,0.0],[144.6542,-40.3729,0.0],[144.6538,-40.3739,0.0],[144.655,-40.3765,20.0995],[144.6527,-40.3805,7.0694]]],
[[[144.6555,-40.3723,0.0],[144.6555,-40.372,0.0],[144.6554,-40.372,0.0],[144.6554,-40.3721,0.0],[144.6555,-40.3723,0.0]]],
[[[148.3514,-40.4928,10.3424],[148.3515,-40.4927,10.3424],[148.3513,-40.4926,10.3424],[148.3513,-40.4927,10.3424],[148.3514,-40.4928,10.3424]]],
[[[148.0741,-40.4914,4.4028],[148.0729,-40.491,0.0],[148.0739,-40.4921,4.4028],[148.0719,-40.495,0.0],[148.0741,-40.4964,0.0],[148.0765,-40.4953,0.0],[148.0741,-40.4914,4.4028]]],
[[[144.7102,-40.4903,0.5852],[144.7106,-40.4907,0.5852],[144.7109,-40.4905,0.5852],[144.7105,-40.4902,0.5852],[144.7102,-40.4903,0.5852]]],
[[[144.7109,-40.4903,0.5852],[144.711,-40.4902,0.5852],[144.7107,-40.4898,0.5852],[144.7107,-40.49,0.5852],[144.7109,-40.4903,0.5852]]],
[[[144.7094,-40.4862,0.0],[144.7092,-40.4863,0.0],[144.7093,-40.4865,0.0],[144.7094,-40.4865,0.0],[144.7094,-40.4862,0.0]]],
[[[144.709,-40.4858,0.0],[144.7089,-40.4857,0.0],[144.7089,-40.4858,0.0],[144.7089,-40.4859,0.0],[144.709,-40.4858,0.0]]],
[[[144.7096,-40.4839,0.0],[144.7097,-40.4834,0.0],[144.7092,-40.4836,0.0],[144.7095,-40.4837,0.0],[144.7096,-40.4839,0.0]]],
[[[144.7419,-40.4862,0.0],[144.7416,-40.4864,2.7494],[144.7417,-40.4866,2.7494],[144.742,-40.4865,2.7494],[144.7419,-40.4862,0.0]]],
[[[144.8906,-40.4853,0.0],[144.8913,-40.4854,0.0],[144.8911,-40.4848,0.0],[144.8906,-40.4849,0.0],[144.8906,-40.4853,0.0]]],
[[[148.0199,-40.4844,0.5486],[148.0193,-40.4834,0.5486],[148.0189,-40.4833,0.5486],[148.0189,-40.4854,1.784],[148.0199,-40.4844,0.5486]]],
[[[144.9053,-40.4822,0.0],[144.9054,-40.4823,0.0],[144.9056,-40.4823,0.0],[144.9056,-40.4821,0.0],[144.9053,-40.4822,0.0]]],
[[[144.7259,-40.48,0.7602],[144.7255,-40.4804,0.7602],[144.7255,-40.4805,0.7602],[144.7261,-40.4805,0.7602],[144.7259,-40.48,0.7602]]],
[[[148.0611,-40.4689,4.8636],[148.0577,-40.4679,0.0],[148.0564,-40.47,4.2705],[148.0506,-40.471,0.0],[148.0511,-40.4725,1.8979],[148.0477,-40.4741,3.002],[148.0494,-40.4752,2.8214],[148.0489,-40.4769,1.5657],[148.0509,-40.4749,1.1815],[148.0541,-40.4771,1.7488],[148.0576,-40.477,1.8912],[148.0623,-40.4798,1.2647],[148.0627,-40.483,0.0],[148.066,-40.4801,1.2344],[148.0715,-40.4806,5.2895],[148.0715,-40.4828,0.0],[148.0738,-40.4832,1.9665],[148.0761,-40.4861,3.174],[148.0741,-40.4873,0.0],[148.0751,-40.4896,0.0],[148.0819,-40.4889,0.0],[148.0813,-40.4856,0.0],[148.0769,-40.4832,5.6127],[148.0768,-40.4802,0.7463],[148.0703,-40.478,3.3848],[148.0714,-40.4738,1.2076],[148.0638,-40.4719,9.2912],[148.0611,-40.4689,4.8636]]],
[[[144.7666,-40.4566,0.0],[144.7665,-40.4564,0.0],[144.7662,-40.4564,0.0],[144.7667,-40.4568,0.0],[144.7666,-40.4566,0.0]]],
[[[144.7699,-40.4367,3.8261],[144.7698,-40.4367,3.8261],[144.7697,-40.4369,3.8261],[144.7698,-40.4369,3.8261],[144.7699,-40.4367,3.8261]]],
[[[144.7704,-40.4374,3.8261],[144.7703,-40.4374,3.8261],[144.7702,-40.4376,3.8261],[144.7703,-40.4376,3.8261],[144.7704,-40.4374,3.8261]]],
[[[144.7704,-40.4372,3.8261],[144.7704,-40.437,3.8261],[144.7702,-40.4373,3.8261],[144.7704,-40.4372,3.8261]]],
[[[144.9418,-40.4622,0.0],[144.9419,-40.462,0.0],[144.9413,-40.4619,0.0],[144.9416,-40.4621,0.0],[144.9418,-40.4622,0.0]]],
[[[144.8382,-40.4473,0.0],[144.8381,-40.4474,0.0],[144.8383,-40.4476,0.0],[144.8384,-40.4475,0.0],[144.8382,-40.4473,0.0]]],
[[[144.7922,-40.4781,0.0],[144.7921,-40.4781,0.0],[144.792,-40.4781,46.3025],[144.7921,-40.4782,0.0],[144.7922,-40.4781,0.0]]],
[[[144.9066,-40.4813,0.0],[144.9064,-40.4811,13.5904],[144.9061,-40.4811,13.5904],[144.9067,-40.4814,0.0],[144.9066,-40.4813,0.0]]],
[[[144.9184,-40.4777,0.0],[144.9185,-40.4775,0.0],[144.918,-40.4775,0.0],[144.9181,-40.4776,0.0],[144.9184,-40.4777,0.0]]],
[[[144.8804,-40.4776,0.0],[144.8803,-40.4774,0.0],[144.8802,-40.4776,0.0],[144.8803,-40.4777,0.0],[144.8804,-40.4776,0.0]]],
[[[144.9189,-40.4777,0.0],[144.9191,-40.4775,0.0],[144.9188,-40.4773,0.0],[144.9187,-40.4775,0.0],[144.9189,-40.4777,0.0]]],
[[[144.9358,-40.469,0.1228],[144.9359,-40.4687,0.1228],[144.9358,-40.4686,0.1228],[144.9355,-40.4688,0.1228],[144.9358,-40.469,0.1228]]],
[[[144.7666,-40.4687,5.4515],[144.7666,-40.4683,5.4515],[144.7664,-40.4681,5.4515],[144.7663,-40.4686,5.4515],[144.7666,-40.4687,5.4515]]],
[[[144.894,-40.3889,3.6086],[144.8913,-40.3884,3.2772],[144.8924,-40.3898,7.5679],[144.8909,-40.3903,7.5679],[144.8871,-40.3887,1.3384],[144.8819,-40.3909,0.4972],[144.8829,-40.3917,17.4095],[144.8812,-40.3934,10.7186],[144.8792,-40.3926,0.0],[144.882,-40.3953,9.8252],[144.8801,-40.3961,0.0],[144.8835,-40.3972,8.2078],[144.8845,-40.3994,1.1045],[144.8745,-40.4013,2.7247],[144.8778,-40.405,0.0],[144.8857,-40.4085,3.0048],[144.8839,-40.4154,2.1658],[144.8763,-40.4237,0.0],[144.8654,-40.432,7.8086],[144.8533,-40.4347,11.0355],[144.8462,-40.4323,1.0401],[144.845,-40.4302,2.8164],[144.841,-40.4299,0.3814],[144.843,-40.436,0.0],[144.8407,-40.438,8.2054],[144.8363,-40.438,4.3747],[144.8374,-40.4387,10.2674],[144.8348,-40.443,0.0],[144.8357,-40.4452,8.9182],[144.8405,-40.4475,4.673],[144.8428,-40.4469,1.5921],[144.8509,-40.4525,2.5311],[144.8534,-40.4614,0.0],[144.858,-40.4688,2.8109],[144.8724,-40.4716,6.3179],[144.8804,-40.4774,0.0],[144.8966,-40.4839,5.4906],[144.9085,-40.4802,8.111],[144.9131,-40.4811,31.9966],[144.9138,-40.4777,20.4531],[144.9169,-40.478,0.0],[144.9191,-40.4756,2.9641],[144.9186,-40.4744,18.685],[144.9227,-40.474,8.604],[144.9249,-40.4718,4.092],[144.9277,-40.4723,0.9573],[144.9263,-40.4714,0.9573],[144.9277,-40.4701,24.8918],[144.9323,-40.4703,0.0],[144.9407,-40.4653,0.0],[144.9388,-40.4627,9.2036],[144.9423,-40.4593,5.5807],[144.9451,-40.4582,3.8021],[144.9492,-40.4605,3.5018],[144.9516,-40.46,0.5386],[144.9521,-40.4548,3.8815],[144.9474,-40.4538,11.5841],[144.9465,-40.4518,0.0],[144.9478,-40.4388,7.0065],[144.9509,-40.4356,5.5692],[144.9569,-40.4362,11.4321],[144.9604,-40.434,4.5281],[144.9606,-40.4319,9.1566],[144.9588,-40.4303,15.2098],[144.9637,-40.432,4.1427],[144.9656,-40.4313,0.0],[144.9642,-40.429,14.6961],[144.9699,-40.4258,0.0],[144.9645,-40.42,7.1969],[144.9614,-40.4192,0.1931],[144.962,-40.4164,1.9918],[144.9579,-40.4153,9.1676],[144.9562,-40.4124,15.9759],[144.9563,-40.4088,20.4102],[144.9592,-40.408,0.0],[144.9573,-40.4053,15.3249],[144.9616,-40.4058,0.0],[144.9617,-40.4045,0.0],[144.9591,-40.4031,4.3587],[144.962,-40.4015,1.837],[144.959,-40.4,7.8166],[144.9546,-40.3912,0.0],[144.9527,-40.3929,7.4386],[144.9498,-40.3927,0.0],[144.9479,-40.3961,0.0],[144.9436,-40.3977,0.0],[144.9363,-40.397,10.1554],[144.9353,-40.3945,0.0],[144.933,-40.3955,10.3458],[144.9311,-40.3944,2.0364],[144.9316,-40.3928,0.0],[144.931,-40.3928,0.0],[144.93,-40.3944,2.0364],[144.9262,-40.3917,2.3024],[144.9238,-40.3938,27.0447],[144.9206,-40.3937,0.9068],[144.921,-40.3946,22.2895],[144.9182,-40.3943,0.0],[144.9139,-40.3975,4.631],[144.9076,-40.3937,3.4558],[144.9058,-40.3951,26.1885],[144.9031,-40.3933,5.5152],[144.8994,-40.3949,14.1965],[144.8974,-40.389,0.0],[144.894,-40.3889,3.6086]],
[[144.9654,-40.4211,0.0],[144.9654,-40.4212,0.0],[144.9653,-40.4212,0.0],[144.9653,-40.4211,0.0],[144.9654,-40.4211,0.0]]],
[[[144.7712,-40.4361,0.0],[144.7713,-40.4359,0.0],[144.7711,-40.4358,0.0],[144.771,-40.436,0.0],[144.7712,-40.4361,0.0]]],
[[[144.7714,-40.4351,0.0],[144.7712,-40.4349,0.0],[144.771,-40.4351,0.0],[144.7713,-40.4353,0.0],[144.7714,-40.4351,0.0]]],
[[[148.0287,-40.4342,2.8006],[148.0276,-40.433,2.8006],[148.0265,-40.437,0.0],[148.0279,-40.4369,2.1602],[148.0287,-40.4342,2.8006]]],
[[[144.7709,-40.433,0.4759],[144.7709,-40.4329,0.0],[144.7708,-40.4328,0.0],[144.7708,-40.433,0.4759],[144.7709,-40.433,0.4759]]],
[[[144.7726,-40.4319,2.0109],[144.7725,-40.432,2.0109],[144.7729,-40.4322,2.0109],[144.7729,-40.4319,2.0109],[144.7726,-40.4319,2.0109]]],
[[[144.7712,-40.4344,0.4759],[144.7711,-40.4344,0.4759],[144.7711,-40.4345,0.4759],[144.7712,-40.4345,0.4759],[144.7712,-40.4344,0.4759]]],
[[[144.9669,-40.4329,0.0],[144.9668,-40.4328,0.0],[144.9667,-40.433,0.0],[144.9668,-40.4331,0.0],[144.9669,-40.4329,0.0]]],
[[[144.8487,-40.4318,0.0],[144.8486,-40.4317,0.0],[144.8485,-40.4318,0.0],[144.8486,-40.4318,0.0],[144.8487,-40.4318,0.0]]],
[[[144.7723,-40.4313,2.0109],[144.7725,-40.4313,2.0109],[144.7726,-40.4311,0.0],[144.7724,-40.4311,0.0],[144.7723,-40.4313,2.0109]]],
[[[144.7736,-40.4256,0.2998],[144.7736,-40.4259,0.2998],[144.7741,-40.4262,0.2998],[144.7742,-40.4254,0.2998],[144.7736,-40.4256,0.2998]]],
[[[144.7738,-40.425,0.2998],[144.7741,-40.4252,0.2998],[144.7742,-40.4253,0.2998],[144.7742,-40.4249,0.2998],[144.7738,-40.425,0.2998]]],
[[[144.7905,-40.425,0.9224],[144.7905,-40.4248,0.9224],[144.7904,-40.4249,0.9224],[144.7905,-40.425,0.9224]]],
[[[144.7889,-40.4309,2.0487],[144.789,-40.4307,2.0487],[144.789,-40.4302,2.0487],[144.7889,-40.4306,2.0487],[144.7889,-40.4309,2.0487]]],
[[[144.8385,-40.4311,0.3414],[144.8388,-40.431399999999996,0.0],[144.839,-40.431,0.3414],[144.8384,-40.4308,0.3414],[144.8385,-40.4311,0.3414]]],
[[[144.8385,-40.4308,0.3414],[144.8385,-40.4305,0.3414],[144.838,-40.4303,0.3414],[144.8381,-40.4307,0.3414],[144.8385,-40.4308,0.3414]]],
[[[144.9079,-40.3924,0.0],[144.9075,-40.3932,3.4558],[144.9083,-40.3924,0.0],[144.9082,-40.3917,0.0],[144.9079,-40.3924,0.0]]],
[[[144.9532,-40.3912,0.0],[144.953,-40.3911,0.0],[144.9529,-40.3913,7.4386],[144.953,-40.3913,7.4386],[144.9532,-40.3912,0.0]]],
[[[144.9374,-40.3961,1.1272],[144.9373,-40.396,1.1272],[144.9372,-40.3962,1.1272],[144.9373,-40.3962,1.1272],[144.9374,-40.3961,1.1272]]],
[[[144.918,-40.3943,0.0],[144.9178,-40.3941,0.0],[144.9174,-40.3941,0.0],[144.9178,-40.3944,0.0],[144.918,-40.3943,0.0]]],
[[[144.949,-40.3931,1.8364],[144.9488,-40.3931,1.8364],[144.9487,-40.3932,1.8364],[144.9491,-40.3931,1.8364],[144.949,-40.3931,1.8364]]],
[[[144.9492,-40.3929,0.0],[144.9491,-40.393,1.8364],[144.9492,-40.393,1.8364],[144.9492,-40.3929,0.0]]],
[[[144.9479,-40.3939,0.0],[144.9482,-40.3939,0.0],[144.9479,-40.3936,0.0],[144.9477,-40.3937,0.0],[144.9479,-40.3939,0.0]]],
[[[144.9489,-40.3935,1.8364],[144.9489,-40.3934,1.8364],[144.9482,-40.3938,0.0],[144.9486,-40.3939,1.8364],[144.9489,-40.3935,1.8364]]],
[[[144.9235,-40.3935,5.7194],[144.9233,-40.3934,5.7194],[144.9231,-40.3935,5.7194],[144.9233,-40.3936,5.7194],[144.9235,-40.3935,5.7194]]],
[[[144.9734,-40.4244,0.0],[144.9733,-40.4243,0.0],[144.9732,-40.4243,0.0],[144.9733,-40.4244,0.0],[144.9734,-40.4244,0.0]]],
[[[144.7776,-40.4232,1.3026],[144.7778,-40.4233,7.7054],[144.7784,-40.423,7.7054],[144.7775,-40.423,1.3026],[144.7776,-40.4232,1.3026]]],
[[[144.7783,-40.4221,0.1294],[144.7787,-40.4227,0.1294],[144.7792,-40.4228,0.1294],[144.7791,-40.4226,0.1294],[144.7783,-40.4221,0.1294]]],
[[[144.7778,-40.4218,0.1294],[144.778,-40.422,0.1294],[144.7781,-40.422,0.1294],[144.778,-40.4218,0.1294],[144.7778,-40.4218,0.1294]]],
[[[144.7791,-40.4205,0.0],[144.779,-40.4204,0.0],[144.7789,-40.4205,0.0],[144.779,-40.4206,0.0],[144.7791,-40.4205,0.0]]],
[[[144.9606,-40.4153,0.5456],[144.9608,-40.4154,0.5456],[144.961,-40.4154,0.0],[144.9609,-40.4153,0.0],[144.9606,-40.4153,0.5456]]],
[[[144.782,-40.4151,0.1665],[144.7819,-40.4152,0.1665],[144.782,-40.4153,0.1665],[144.7821,-40.4153,0.1665],[144.782,-40.4151,0.1665]]],
[[[144.9672,-40.4217,0.0],[144.967,-40.4218,0.0],[144.9675,-40.4218,0.0],[144.9681,-40.4215,0.0],[144.9677,-40.4214,0.0],[144.9672,-40.4217,0.0]]],
[[[144.961,-40.4148,0.0],[144.9609,-40.4147,0.0],[144.9611,-40.4149,0.0],[144.961,-40.4148,0.0]]],
[[[144.7819,-40.4146,0.1665],[144.7819,-40.4145,0.0],[144.7818,-40.4147,0.1665],[144.7819,-40.4146,0.1665]]],
[[[144.9582,-40.4138,6.2996],[144.9579,-40.4135,6.2996],[144.9578,-40.4136,6.2996],[144.9579,-40.4139,6.2996],[144.9582,-40.4138,6.2996]]],
[[[144.7824,-40.4149,0.1665],[144.7823,-40.4147,0.1665],[144.7821,-40.4148,0.1665],[144.7824,-40.415,0.1665],[144.7824,-40.4149,0.1665]]],
[[[144.9574,-40.4125,1.2398],[144.9574,-40.4124,1.2398],[144.9573,-40.4125,1.2398],[144.9574,-40.4126,1.2398],[144.9574,-40.4125,1.2398]]],
[[[144.957,-40.4125,1.2398],[144.957,-40.4124,1.2398],[144.9568,-40.4124,1.2398],[144.9569,-40.4126,1.2398],[144.957,-40.4125,1.2398]]],
[[[144.7833,-40.4121,0.0],[144.7832,-40.412,0.0],[144.7831,-40.4121,0.0],[144.7832,-40.4122,0.0],[144.7833,-40.4121,0.0]]],
[[[144.7843,-40.4104,9.9398],[144.7844,-40.4102,9.9398],[144.784,-40.4101,9.9398],[144.7839,-40.4103,9.9398],[144.7843,-40.4104,9.9398]]],
[[[144.9584,-40.4091,3.0874],[144.9587,-40.4093,3.0874],[144.9588,-40.4091,0.0],[144.9586,-40.409,3.0874],[144.9584,-40.4091,3.0874]]],
[[[144.7837,-40.4084,0.7432],[144.7821,-40.4077,0.7991],[144.7819,-40.4079,0.7991],[144.7823,-40.4084,0.7432],[144.7837,-40.4084,0.7432]]],
[[[144.7835,-40.4087,0.7432],[144.7834,-40.4089,0.7432],[144.7836,-40.4089,0.7432],[144.7838,-40.4088,0.7432],[144.7835,-40.4087,0.7432]]],
[[[144.7838,-40.4085,0.7432],[144.7838,-40.4087,0.7432],[144.784,-40.4087,12.7718],[144.7839,-40.4085,12.7718],[144.7838,-40.4085,0.7432]]],
[[[144.9612,-40.4061,0.0],[144.9613,-40.4062,0.0],[144.9616,-40.4062,0.0],[144.9615,-40.4061,0.0],[144.9612,-40.4061,0.0]]],
[[[144.7827,-40.4055,0.0],[144.7829,-40.4055,0.0],[144.7827,-40.4053,0.0],[144.7826,-40.4054,0.0],[144.7827,-40.4055,0.0]]],
[[[144.7896,-40.4034,4.5395],[144.7898,-40.4034,4.5395],[144.7898,-40.4031,4.5395],[144.7895,-40.4032,4.5395],[144.7896,-40.4034,4.5395]]],
[[[144.7838,-40.4029,0.0],[144.7839,-40.4028,8.8856],[144.7836,-40.4025,0.0],[144.7835,-40.4026,0.0],[144.7838,-40.4029,0.0]]],
[[[144.7836,-40.4005,0.0],[144.7837,-40.4006,0.0],[144.7839,-40.4005,3.4822],[144.7837,-40.4004,0.0],[144.7836,-40.4005,0.0]]],
[[[144.9614,-40.4003,0.0],[144.9613,-40.4002,0.0],[144.9612,-40.4003,0.0],[144.9613,-40.4003,0.0],[144.9614,-40.4003,0.0]]],
[[[144.9601,-40.3999,7.8166],[144.96,-40.3998,7.8166],[144.9599,-40.3999,7.8166],[144.96,-40.3999,7.8166],[144.9601,-40.3999,7.8166]]],
[[[144.7865,-40.4002,0.4923],[144.7865,-40.4003,0.4923],[144.7866,-40.4002,0.4923],[144.7866,-40.4001,0.4923],[144.7865,-40.4002,0.4923]]],
[[[144.9609,-40.3995,0.0],[144.9611,-40.3996,0.0],[144.9613,-40.3995,0.0],[144.9613,-40.3994,0.0],[144.9609,-40.3995,0.0]]],
[[[144.9593,-40.3993,0.0],[144.9593,-40.3994,0.0],[144.9594,-40.3993,0.0],[144.9593,-40.3992,0.0],[144.9593,-40.3993,0.0]]],
[[[144.8817,-40.3977,3.3382],[144.8816,-40.3976,3.3382],[144.8816,-40.3978,3.3382],[144.8817,-40.3978,3.3382],[144.8817,-40.3977,3.3382]]],
[[[144.8825,-40.3977,3.3382],[144.8829,-40.3976,8.2078],[144.8829,-40.3974,8.2078],[144.8824,-40.3974,3.3382],[144.8825,-40.3977,3.3382]]],
[[[144.9612,-40.3975,0.0],[144.9613,-40.3974,0.0],[144.9612,-40.3973,0.0],[144.9611,-40.3975,0.0],[144.9612,-40.3975,0.0]]],
[[[144.7803,-40.6001,0.3142],[144.7799,-40.6008,0.3142],[144.78,-40.6012,0.3142],[144.7806,-40.6002,0.3142],[144.7803,-40.6001,0.3142]]],
[[[144.781,-40.5993,0.0],[144.7813,-40.5997,0.3142],[144.7819,-40.5983,0.0],[144.7815,-40.5982,0.0],[144.781,-40.5993,0.0]]],
[[[144.7395,-40.596,0.0],[144.7393,-40.596,0.0],[144.7393,-40.5961,0.0],[144.7396,-40.5961,0.0],[144.7395,-40.596,0.0]]],
[[[144.9359,-40.5868,10.889099999999999],[144.9358,-40.5871,10.889099999999999],[144.9359,-40.5872,10.889099999999999],[144.936,-40.5871,10.889099999999999],[144.9359,-40.5868,10.889099999999999]]],
[[[144.6827,-40.5841,0.0],[144.6828,-40.5842,0.0],[144.6829,-40.5841,0.0],[144.6827,-40.5841,0.0]]],
[[[144.6841,-40.5838,0.0],[144.6838,-40.5836,0.0],[144.6835,-40.5837,0.0],[144.6839,-40.584,0.0],[144.6841,-40.5838,0.0]]],
[[[144.6848,-40.5838,0.0],[144.6845,-40.5834,0.0],[144.6842,-40.5834,0.0],[144.6845,-40.584,0.0],[144.6848,-40.5838,0.0]]],
[[[144.732,-40.587,0.6553],[144.7321,-40.5863,0.6553],[144.7311,-40.5862,0.2474],[144.7314,-40.587,0.6553],[144.732,-40.587,0.6553]]],
[[[144.7321,-40.5859,0.2474],[144.7323,-40.5861,0.2474],[144.7324,-40.586,4.6172],[144.732,-40.5857,0.2474],[144.7321,-40.5859,0.2474]]],
[[[144.9345,-40.5843,0.0],[144.9346,-40.5844,0.0],[144.9347,-40.5844,0.0],[144.9346,-40.5842,0.0],[144.9345,-40.5843,0.0]]],
[[[144.7794,-40.6041,7.8528],[144.7795,-40.6027,0.4322],[144.7776,-40.6028,0.0],[144.7737,-40.6061,0.0],[144.7736,-40.6102,0.6289],[144.7784,-40.6073,1.0443],[144.7794,-40.6041,7.8528]]],
[[[144.724,-40.6062,0.0],[144.724,-40.6061,0.0],[144.7239,-40.606,0.0],[144.7238,-40.6062,0.0],[144.724,-40.6062,0.0]]],
[[[144.7237,-40.6046,0.0],[144.7237,-40.6048,0.0],[144.7238,-40.6048,0.0],[144.7238,-40.6045,0.0],[144.7237,-40.6046,0.0]]],
[[[144.7218,-40.6005,6.2935],[144.72,-40.5988,0.4004],[144.7196,-40.5996,4.656],[144.7176,-40.5995,0.1496],[144.7169,-40.6046,4.2317],[144.7157,-40.6047,0.395],[144.7163,-40.6065,0.6452],[144.7204,-40.6079,5.5773],[144.7212,-40.609,0.5378],[144.7229,-40.6084,0.0],[144.7233,-40.6061,0.0],[144.7218,-40.6005,6.2935]]],
[[[144.7236,-40.6032,0.0],[144.7236,-40.6034,0.0],[144.7237,-40.6036,0.0],[144.7238,-40.6032,0.0],[144.7236,-40.6032,0.0]]],
[[[144.7795,-40.6024,0.4322],[144.7794,-40.6023,0.4322],[144.7794,-40.6024,0.4322],[144.7795,-40.6025,0.4322],[144.7795,-40.6024,0.4322]]],
[[[144.7195,-40.599,0.4004],[144.7195,-40.5988,0.4004],[144.7193,-40.5988,0.4004],[144.7194,-40.599,0.4004],[144.7195,-40.599,0.4004]]],
[[[144.9358,-40.5767,0.0],[144.9358,-40.5766,0.0],[144.9357,-40.5766,0.0],[144.9357,-40.5767,0.0],[144.9358,-40.5767,0.0]]],
[[[144.7254,-40.5748,0.3261],[144.7253,-40.5747,0.3261],[144.7253,-40.5748,0.3261],[144.7254,-40.5749,0.3261],[144.7254,-40.5748,0.3261]]],
[[[144.7253,-40.5743,0.8607],[144.7254,-40.5746,0.3261],[144.7255,-40.5747,0.3261],[144.7254,-40.5744,0.8607],[144.7253,-40.5743,0.8607]]],
[[[144.9224,-40.573,0.0],[144.9226,-40.5716,3.6659],[144.9213,-40.572,0.0],[144.9213,-40.5727,0.0],[144.9224,-40.573,0.0]]],
[[[144.9209,-40.5735,0.0],[144.9204,-40.5738,0.0],[144.9203,-40.5742,0.0],[144.9211,-40.5736,0.0],[144.9209,-40.5735,0.0]]],
[[[144.9355,-40.5773,0.0],[144.9352,-40.5771,0.0],[144.935,-40.5774,0.0],[144.9352,-40.5775,0.0],[144.9355,-40.5773,0.0]]],
[[[144.9289,-40.5765,0.5991],[144.9285,-40.5767,0.5991],[144.9293,-40.5769,0.5991],[144.9292,-40.5765,0.5991],[144.9289,-40.5765,0.5991]]],
[[[148.1189,-40.5684,0.0],[148.1192,-40.5685,0.0],[148.1195,-40.568,0.0],[148.1186,-40.5679,0.0],[148.1189,-40.5684,0.0]]],
[[[144.9291,-40.5678,0.0],[144.9291,-40.5677,0.0],[144.929,-40.5676,0.0],[144.9289,-40.5678,0.0],[144.9291,-40.5678,0.0]]],
[[[144.6777,-40.5652,0.0],[144.6778,-40.565,0.0],[144.6775,-40.565,0.0],[144.6776,-40.5651,0.0],[144.6777,-40.5652,0.0]]],
[[[144.9229,-40.5682,1.309],[144.9229,-40.5671,3.6991],[144.9214,-40.5673,0.0],[144.9219,-40.5683,1.309],[144.9229,-40.5682,1.309]]],
[[[144.9229,-40.5671,3.6991],[144.923,-40.5671,3.6991],[144.9229,-40.5669,3.6991],[144.9229,-40.5671,3.6991]]],
[[[148.2467,-40.5622,0.3697],[148.247,-40.5614,0.3697],[148.2454,-40.5618,0.3697],[148.2457,-40.5622,0.3697],[148.2467,-40.5622,0.3697]]],
[[[148.1106,-40.5479,0.6343],[148.1092,-40.5476,0.6343],[148.1088,-40.5503,1.0055],[148.1114,-40.5501,0.0],[148.1106,-40.5479,0.6343]]],
[[[144.7278,-40.5453,0.0],[144.7278,-40.5455,0.0],[144.728,-40.5454,0.0],[144.728,-40.5453,0.0],[144.7278,-40.5453,0.0]]],
[[[148.1173,-40.5443,0.3862],[148.1179,-40.5444,2.3347],[148.1175,-40.5436,2.3347],[148.1168,-40.5432,0.3862],[148.1174,-40.5439,2.3347],[148.1173,-40.5443,0.3862]]],
[[[144.7258,-40.5367,0.0],[144.7259,-40.5367,0.0],[144.7258,-40.5365,0.0],[144.7257,-40.5367,0.0],[144.7258,-40.5367,0.0]]],
[[[144.7262,-40.5444,0.0],[144.7263,-40.5441,0.0],[144.7263,-40.5439,0.0],[144.726,-40.5445,0.0],[144.7262,-40.5444,0.0]]],
[[[148.2431,-40.5618,0.3794],[148.2421,-40.5614,1.3228],[148.2418,-40.5624,1.3228],[148.2438,-40.5622,0.3794],[148.2431,-40.5618,0.3794]]],
[[[144.6866,-40.5614,25.485],[144.6837,-40.5611,0.0],[144.6848,-40.5617,17.9521],[144.6835,-40.5627,17.9521],[144.6785,-40.5626,0.0],[144.6863,-40.5668,1.1027],[144.6866,-40.5614,25.485]]],
[[[144.6817,-40.5611,0.0],[144.6815,-40.5612,0.0],[144.6822,-40.5612,0.0],[144.6821,-40.5611,0.0],[144.6817,-40.5611,0.0]]],
[[[144.9408,-40.559,0.0],[144.9391,-40.5584,2.0685],[144.938,-40.5633,0.0],[144.9391,-40.5628,3.1217],[144.9408,-40.559,0.0]]],
[[[148.1306,-40.5712,0.0],[148.1295,-40.5709,4.5862],[148.1293,-40.5714,0.0],[148.13,-40.572,0.6329],[148.1306,-40.5712,0.0]]],
[[[148.1302,-40.5706,0.0],[148.13,-40.5702,0.0],[148.1296,-40.5704,4.5862],[148.1298,-40.5706,0.0],[148.1302,-40.5706,0.0]]],
[[[144.9297,-40.5695,5.8789],[144.9293,-40.5678,0.0],[144.9275,-40.5684,3.6584],[144.9263,-40.5681,3.6584],[144.9256,-40.571,1.3144],[144.9302,-40.571,1.3626],[144.9297,-40.5695,5.8789]]],
[[[144.918,-40.5832,0.0],[144.9182,-40.583,0.0],[144.9179,-40.5831,0.0],[144.918,-40.5832,0.0]]],
[[[144.6836,-40.5826,1.5036],[144.6844,-40.5823,1.5036],[144.6826,-40.5823,0.0],[144.6829,-40.5825,0.0],[144.6836,-40.5826,1.5036]]],
[[[144.7132,-40.5813,0.0],[144.7131,-40.5815,0.0],[144.7133,-40.5816,0.0],[144.7133,-40.5815,0.0],[144.7132,-40.5813,0.0]]],
[[[144.6845,-40.5823,1.5036],[144.6847,-40.5824,1.5036],[144.6848,-40.5823,1.5036],[144.6846,-40.5823,1.5036],[144.6845,-40.5823,1.5036]]],
[[[144.7271,-40.5789,0.0],[144.727,-40.5788,0.0],[144.7267,-40.5788,0.0],[144.7269,-40.579,0.0],[144.7271,-40.5789,0.0]]],
[[[144.8113,-40.5784,0.0],[144.8114,-40.5783,0.0],[144.8112,-40.5783,0.0],[144.8112,-40.5784,0.0],[144.8113,-40.5784,0.0]]],
[[[144.812,-40.5749,1.8199],[144.8115,-40.5732,0.4227],[144.8103,-40.5736,0.0],[144.8112,-40.5781,0.0],[144.812,-40.576,1.8199],[144.812,-40.5749,1.8199]]],
[[[144.9365,-40.5887,4.5046],[144.93441071428572,-40.5848,0.0],[144.9344,-40.5848,0.0],[144.93440517241379,-40.584789655172422,0.0],[144.9335,-40.5831,4.3283],[144.9303,-40.5828,0.9699],[144.9288,-40.5776,0.5991],[144.9258,-40.5785,0.8919],[144.923,-40.5816,0.0],[144.9245,-40.5883,10.6214],[144.9237,-40.5987,0.0],[144.9196,-40.6108,0.0],[144.922,-40.6149,2.2785],[144.9327,-40.6198,5.1893],[144.9363,-40.6294,4.7918],[144.9421,-40.6246,0.0],[144.95,-40.6212,0.0],[144.9424,-40.6118,0.0],[144.9364,-40.6006,0.0],[144.9371,-40.5986,2.3332],[144.9349,-40.5958,1.1288],[144.9385,-40.5895,0.0],[144.9365,-40.5887,4.5046]]],
[[[144.93440517241379,-40.584789655172422,0.0],[144.93441071428572,-40.5848,0.0],[144.9346,-40.5848,0.0],[144.9345,-40.5847,0.0],[144.9345,-40.5846,0.0],[144.93440517241379,-40.584789655172422,0.0]]],
[[[148.1007,-40.5354,4.4566],[148.1026,-40.5353,3.8311],[148.1055,-40.5372,3.8978],[148.1117,-40.5344,24.5223],[148.116,-40.5346,2.9541],[148.1215,-40.5371,16.031],[148.1188,-40.5429,1.1743],[148.1197,-40.5456,9.9564],[148.1183,-40.5466,1.7127],[148.1152,-40.5448,0.0],[148.1172,-40.5478,6.8492],[148.1197,-40.548,18.2669],[148.1154,-40.5556,19.6749],[148.1179,-40.56,26.7223],[148.1146,-40.5601,0.22],[148.1133,-40.5649,1.6447],[148.1172,-40.5645,17.3048],[148.1202,-40.5676,8.417],[148.1246,-40.5684,13.5725],[148.1257,-40.5723,1.1844],[148.1287,-40.5709,4.5862],[148.1281,-40.5676,2.4151],[148.1325,-40.5655,5.1449],[148.1371,-40.5655,9.403],[148.1411,-40.5696,0.0],[148.1411,-40.5673,20.6832],[148.1458,-40.5673,2.3426],[148.1492,-40.5654,10.8464],[148.1525,-40.5679,25.5712],[148.1517,-40.5693,6.2339],[148.1542,-40.5717,0.0],[148.1551,-40.5701,12.3691],[148.1554,-40.5737,0.8715],[148.1662,-40.5816,0.0],[148.1678,-40.5808,8.1838],[148.1783,-40.5942,4.4177],[148.1807,-40.5942,1.3636],[148.1812,-40.5908,4.8021],[148.1915,-40.5873,5.331],[148.1964,-40.5879,13.8473],[148.1985,-40.5901,0.3332],[148.1996,-40.5833,8.8705],[148.1981,-40.5816,2.7291],[148.1959,-40.5828,5.5711],[148.193,-40.5814,8.4596],[148.1924,-40.574,6.5894],[148.1956,-40.568,0.0],[148.2007,-40.5641,7.4079],[148.2092,-40.5536,3.0481],[148.2259,-40.5447,1.0954],[148.2249,-40.542,0.0],[148.2319,-40.5374,1.73],[148.2324,-40.5347,3.4126],[148.2351,-40.5328,1.1768],[148.2342,-40.53,3.5276],[148.2297,-40.529,4.6502],[148.2284,-40.5258,7.3338],[148.2323,-40.518,1.0727],[148.2332,-40.5122,0.0],[148.2318,-40.5086,0.8923],[148.2336,-40.5042,2.9413],[148.237,-40.5011,4.9845],[148.2467,-40.497,3.7312],[148.2459,-40.4929,7.2549],[148.2484,-40.4879,0.7522],[148.2472,-40.4837,0.0],[148.248,-40.4803,0.0],[148.2459,-40.4783,1.2441],[148.2423,-40.4802,5.6222],[148.239,-40.4799,5.1443],[148.2372,-40.482,2.7718],[148.2277,-40.4853,0.6555],[148.2252,-40.4902,2.0941],[148.2229,-40.4907,1.0006],[148.2246,-40.4924,4.1742],[148.2227,-40.4955,9.3604],[148.2136,-40.503,8.0195],[148.2076,-40.5034,12.8661],[148.2043,-40.4984,0.0],[148.1992,-40.4958,9.1863],[148.1991,-40.4931,8.3536],[148.1928,-40.4894,0.0],[148.185,-40.4902,0.9341],[148.1737,-40.4977,1.8032],[148.163,-40.4997,14.9955],[148.16,-40.499,0.0],[148.1563,-40.5014,24.7196],[148.1533,-40.4998,9.161],[148.1436,-40.5007,6.9563],[148.1408,-40.4995,0.0],[148.1311,-40.5021,1.908],[148.1282,-40.5054,5.2917],[148.127,-40.5106,7.0949],[148.1157,-40.5089,0.8098],[148.1159,-40.5141,16.8882],[148.114,-40.5148,0.7332],[148.1136,-40.5174,6.2564],[148.1086,-40.5167,6.3954],[148.1027,-40.521,0.0],[148.1039,-40.5231,7.8583],[148.1024,-40.5252,6.5758],[148.0985,-40.5258,0.0],[148.0991,-40.528,13.4953],[148.096,-40.5292,0.0],[148.0975,-40.531,3.8208],[148.0958,-40.5316,0.0986],[148.0975,-40.5331,3.2313],[148.0968,-40.5346,0.0],[148.0988,-40.5369,0.0],[148.1007,-40.5354,4.4566]]],
[[[144.7857,-40.3999,3.4822],[144.784,-40.4005,3.4822],[144.7854,-40.4039,6.7567],[144.7831,-40.4043,0.0],[144.7834,-40.4068,0.7991],[144.7818,-40.4064,0.7991],[144.7852,-40.4094,12.7718],[144.7846,-40.4117,4.1052],[144.7831,-40.4117,0.0],[144.7846,-40.4124,4.1052],[144.785,-40.4122,4.1052],[144.7864,-40.4129,12.2772],[144.7827,-40.4147,0.1665],[144.7844,-40.4205,18.0063],[144.7813,-40.4204,0.0],[144.7795,-40.4229,0.1294],[144.7745,-40.4259,0.2998],[144.7753,-40.4271,0.0],[144.7724,-40.4305,0.0],[144.7735,-40.4317,2.0109],[144.7726,-40.4332,7.7255],[144.7708,-40.4332,0.4759],[144.7722,-40.4355,11.4478],[144.7703,-40.4392,7.5087],[144.7681,-40.4399,10.7542],[144.7664,-40.4445,5.0066],[144.7671,-40.4491,5.9505],[144.7658,-40.4485,5.9505],[144.7651,-40.4534,0.0],[144.7712,-40.4588,1.1866],[144.7726,-40.4646,3.3364],[144.7668,-40.4678,0.0],[144.7671,-40.4702,6.3486],[144.7639,-40.4736,0.4432],[144.7648,-40.475,4.3243],[144.7611,-40.4764,1.1226],[144.756,-40.4856,1.3327],[144.7465,-40.4901,4.4537],[144.7442,-40.4898,20.0686],[144.7421,-40.4866,2.7494],[144.7399,-40.4887,7.6668],[144.7371,-40.4866,5.0599],[144.7353,-40.489,6.7505],[144.7307,-40.4892,0.0],[144.7282,-40.4853,0.0],[144.7259,-40.4858,16.9866],[144.7248,-40.4791,0.0],[144.7214,-40.4814,9.5376],[144.7115,-40.4822,0.0],[144.7106,-40.4845,0.6303],[144.7115,-40.4885,0.6395],[144.7109,-40.4925,0.3533],[144.714,-40.4931,6.4198],[144.716,-40.4967,2.1959],[144.717,-40.4963,2.1959],[144.7167,-40.4992,1.5152],[144.7183,-40.5005,3.8438],[144.7131,-40.507,1.8559],[144.7101,-40.5063,1.5649],[144.7094,-40.5097,0.0],[144.7199,-40.5138,3.1434],[144.7222,-40.517,8.9608],[144.7199,-40.5199,0.0513],[144.7217,-40.5224,0.2218],[144.7203,-40.5245,0.5589],[144.7241,-40.526,4.2762],[144.7242,-40.5288,1.2537],[144.7261,-40.5299,0.0],[144.7229,-40.5334,1.9864],[144.7279,-40.5353,0.7995],[144.7266,-40.5388,2.5753],[144.7283,-40.5393,16.0754],[144.7288,-40.5444,1.6455],[144.7332,-40.5501,12.709],[144.7308,-40.5516,7.3262],[144.7321,-40.554,5.1116],[144.7255,-40.5662,0.0],[144.7258,-40.5746,0.3261],[144.7317,-40.5775,10.8916],[144.7323,-40.5798,3.3867],[144.7308,-40.5817,1.2043],[144.7339,-40.5822,4.7326],[144.7345,-40.5844,9.553],[144.7331,-40.5861,4.6172],[144.7354,-40.5883,5.6026],[144.7336,-40.5903,1.2777],[144.7355,-40.5929,5.9239],[144.7471,-40.5969,1.7511],[144.7575,-40.606,1.8922],[144.7676,-40.597,0.0],[144.776,-40.5811,0.0],[144.7763,-40.5757,0.0],[144.7696,-40.5554,0.0],[144.7735,-40.55,15.9321],[144.7739,-40.5404,2.5961],[144.7713,-40.5335,6.9112],[144.7732,-40.5297,4.0035],[144.7792,-40.5289,7.5679],[144.78,-40.5256,6.2138],[144.7856,-40.5203,0.5327],[144.784,-40.5187,0.0],[144.784,-40.5157,5.2359],[144.7873,-40.5147,0.0],[144.7862,-40.5133,3.3635],[144.787,-40.5107,16.9912],[144.791,-40.5074,2.1738],[144.7877,-40.505,7.4849],[144.7867,-40.4991,1.8888],[144.7905,-40.4929,13.291],[144.7925,-40.4925,0.0],[144.7894,-40.4903,19.6574],[144.7884,-40.4875,4.6127],[144.7926,-40.4791,0.0],[144.7903,-40.4766,14.8858],[144.7911,-40.4749,8.0868],[144.7882,-40.4746,14.8234],[144.785,-40.4702,0.0],[144.7861,-40.4672,4.9094],[144.7898,-40.4669,5.6827],[144.791,-40.4645,19.441],[144.7905,-40.4515,7.9138],[144.7887,-40.4477,7.2904],[144.7903,-40.4394,1.5009],[144.7885,-40.4363,6.7303],[144.7882,-40.4274,1.6619],[144.7927,-40.4175,0.0],[144.7917,-40.4136,15.9763],[144.7894,-40.4116,22.403],[144.7904,-40.4051,2.0658],[144.7857,-40.3999,3.4822]],
[[144.7668,-40.4542,10.401],[144.7666,-40.4543,10.401],[144.7665,-40.4542,10.401],[144.7667,-40.4541,10.401],[144.7668,-40.4542,10.401]],
[[144.7668,-40.4461,5.1259],[144.7669,-40.4461,5.1259],[144.767,-40.4461,5.1259],[144.7669,-40.4462,5.1259],[144.7668,-40.4461,5.1259]]],
[[[148.0714,-40.2871,3.1036],[148.0693,-40.2868,2.5612],[148.0671,-40.2886,1.0058],[148.0682,-40.2891,3.2738],[148.0714,-40.2871,3.1036]]],
[[[148.3637,-39.9576,0.1896],[148.3616,-39.9552,0.0],[148.3592,-39.9574,0.0625],[148.3593,-39.9595,0.3473],[148.3632,-39.9614,0.0],[148.3651,-39.9585,0.5422],[148.3637,-39.9576,0.1896]]],
[[[148.3628,-39.9493,0.0853],[148.3629,-39.9466,0.4327],[148.3593,-39.9504,2.9619],[148.3547,-39.9468,1.8363],[148.3519,-39.9507,0.0],[148.3564,-39.9527,7.3792],[148.3599,-39.9519,1.5361],[148.3615,-39.9536,0.0],[148.3628,-39.9493,0.0853]]],
[[[148.2451,-39.9521,0.0],[148.2453,-39.9525,0.0],[148.2455,-39.9508,0.0],[148.245,-39.9514,0.0],[148.2451,-39.9521,0.0]]],
[[[148.3306,-39.9336,5.4557],[148.3294,-39.9321,0.0],[148.3277,-39.9327,1.6801],[148.3269,-39.9375,0.0],[148.3238,-39.9411,0.983],[148.324,-39.9447,13.6685],[148.3179,-39.9469,2.2662],[148.3154,-39.9464,1.6714],[148.3182,-39.9508,8.2035],[148.3188,-39.955,0.0],[148.3229,-39.9595,2.0177],[148.3248,-39.9569,15.1627],[148.3266,-39.9583,0.0],[148.3283,-39.9561,22.9784],[148.3333,-39.9579,8.1715],[148.3374,-39.9554,6.5397],[148.3426,-39.9587,0.4051],[148.3425,-39.9572,6.5284],[148.3476,-39.9519,5.9433],[148.3474,-39.949,0.9259],[148.3446,-39.9462,0.0],[148.34,-39.9453,3.2838],[148.3385,-39.9389,0.0],[148.3338,-39.9371,2.9226],[148.3306,-39.9336,5.4557]]],
[[[143.827,-39.6818,9.1375],[143.8265,-39.6819,0.0],[143.8264,-39.682,0.0],[143.8268,-39.6821,0.0],[143.827,-39.6818,9.1375]]],
[[[143.8273,-39.6905,2.2507],[143.8274,-39.6903,2.2507],[143.827,-39.6906,2.2507],[143.8271,-39.6906,2.2507],[143.8273,-39.6905,2.2507]]],
[[[147.9963,-39.6721,0.0],[147.9956,-39.6716,0.0],[147.9939,-39.6715,0.0],[147.995,-39.6723,0.0],[147.9963,-39.6721,0.0]]],
[[[147.9857,-39.6399,0.0],[147.9825,-39.637,0.7963],[147.9805,-39.642,3.0755],[147.9771,-39.6435,0.4229],[147.9825,-39.646,3.2372],[147.9852,-39.6523,6.1625],[147.9715,-39.6568,25.8334],[147.9677,-39.6561,1.6954],[147.9649,-39.6606,0.0],[147.9664,-39.6634,0.0],[147.9798,-39.6644,10.4909],[147.9887,-39.6614,0.0],[147.9914,-39.6634,0.0],[147.9945,-39.6613,0.0],[147.9981,-39.6549,0.0],[148.0104,-39.6514,0.0],[148.0111,-39.6485,0.0],[148.002,-39.6406,6.6003],[147.9984,-39.6402,0.0],[147.9927,-39.6449,19.2245],[147.9866,-39.6431,9.9418],[147.9857,-39.6399,0.0]]],
[[[147.1284,-39.519,0.1292],[147.1266,-39.5187,3.5411],[147.1254,-39.5237,0.0],[147.1275,-39.5238,26.9212],[147.1287,-39.5263,0.0],[147.1312,-39.523,12.947],[147.1293,-39.5223,36.4763],[147.1284,-39.519,0.1292]]],
[[[147.3814,-39.4437,1.0588],[147.375,-39.4423,0.8086],[147.3733,-39.4485,0.0],[147.3758,-39.4463,0.3796],[147.3822,-39.4474,0.5861],[147.3814,-39.4437,1.0588]]],
[[[146.3906,-39.2265,17.9819],[146.3888,-39.2244,0.0],[146.3832,-39.2256,0.0],[146.3811,-39.2284,98.9338],[146.3815,-39.2338,28.6665],[146.3845,-39.2357,3.1001],[146.3932,-39.2338,1.3928],[146.3952,-39.231,0.0],[146.3906,-39.2265,17.9819]]],
[[[147.3398,-39.4513,9.8831],[147.3409,-39.4497,0.4394],[147.3344,-39.4521,26.5147],[147.3311,-39.4507,0.2738],[147.3291,-39.457,5.0321],[147.3271,-39.4583,2.092],[147.3245,-39.4575,21.3306],[147.3244,-39.4539,14.9174],[147.3209,-39.4524,0.0],[147.3161,-39.4571,0.0],[147.3153,-39.4608,12.6969],[147.3091,-39.4682,21.4501],[147.3126,-39.4734,4.83],[147.3053,-39.4737,6.8093],[147.3039,-39.4755,11.3423],[147.306,-39.4841,0.1611],[147.3105,-39.4801,12.8454],[147.3134,-39.48,12.9917],[147.3163,-39.4832,3.9283],[147.3156,-39.4889,0.0],[147.3185,-39.4959,71.2151],[147.3183,-39.5023,0.0855],[147.3227,-39.5015,6.8151],[147.3245,-39.505,0.0394],[147.3312,-39.5009,15.6997],[147.3293,-39.4914,0.0],[147.3303,-39.4904,17.9954],[147.3337,-39.4913,0.0],[147.3406,-39.4888,12.0489],[147.3438,-39.4955,8.1046],[147.3473,-39.4943,33.9565],[147.3513,-39.4975,1.4144],[147.3529,-39.4918,0.0],[147.3495,-39.4895,23.3948],[147.3493,-39.4855,43.9162],[147.3579,-39.4811,9.8615],[147.3548,-39.476,0.0],[147.3458,-39.4718,0.0],[147.3596,-39.4683,6.298],[147.3613,-39.4652,7.5141],[147.3598,-39.4647,100.2745],[147.3605,-39.4638,0.5152],[147.357,-39.4643,0.5263],[147.3555,-39.4606,2.724],[147.3498,-39.4586,2.1222],[147.3432,-39.4605,48.2185],[147.3435,-39.4572,34.589],[147.3398,-39.4513,9.8831]]],
[[[146.6552,-39.4631,8.9768],[146.6522,-39.4628,0.0],[146.646,-39.466,0.0],[146.6431,-39.4693,10.2282],[146.6431,-39.4718,67.475],[146.6378,-39.4737,0.0],[146.6402,-39.4802,0.0],[146.6426,-39.481,1.4752],[146.648,-39.4784,14.3897],[146.6484,-39.4725,56.469],[146.6539,-39.47,3.912],[146.6563,-39.464,8.9768],[146.658,-39.4633,2.5816],[146.6552,-39.4631,8.9768]]],
[[[147.3033,-39.4411,0.0],[147.3017,-39.4381,3.1784],[147.297,-39.4415,20.1452],[147.2946,-39.4386,4.56],[147.2908,-39.4395,5.4157],[147.2886,-39.4384,21.8102],[147.286,-39.4403,1.8056],[147.2854,-39.4465,12.6093],[147.2805,-39.4427,0.0],[147.2785,-39.4444,14.2138],[147.2747,-39.4436,9.5023],[147.2736,-39.4462,0.0],[147.2758,-39.4456,25.2278],[147.2793,-39.4489,0.0],[147.285,-39.4494,37.2918],[147.2851,-39.453,6.2945],[147.2896,-39.4562,35.8692],[147.2902,-39.4587,8.2579],[147.2926,-39.4593,55.3173],[147.2934,-39.4622,8.8791],[147.2866,-39.4634,8.0681],[147.2881,-39.4647,0.0],[147.2874,-39.4666,19.1487],[147.2814,-39.4693,10.1409],[147.2794,-39.4666,28.6325],[147.2746,-39.4693,2.7313],[147.2703,-39.4668,2.5889],[147.2724,-39.4722,29.9734],[147.2604,-39.4769,0.0],[147.2605,-39.4796,0.0],[147.2677,-39.4813,0.0],[147.2791,-39.475,3.5212],[147.2843,-39.4807,1.0632],[147.2899,-39.4773,28.9973],[147.2958,-39.4708,13.7808],[147.2963,-39.4673,28.6939],[147.294,-39.4625,8.8791],[147.2996,-39.4617,8.4002],[147.2964,-39.4588,1.8534],[147.2959,-39.4562,23.4509],[147.2995,-39.4538,14.1477],[147.3047,-39.4551,0.0],[147.3048,-39.4514,0.0],[147.2988,-39.4468,15.2879],[147.3033,-39.4411,0.0]]],
[[[146.9874,-39.2077,4.7136],[146.9856,-39.2067,8.9274],[146.9828,-39.2083,0.0],[146.9835,-39.2159,0.0],[146.979,-39.2199,0.0],[146.9807,-39.2217,30.2648],[146.9794,-39.2244,0.0],[146.9809,-39.2252,22.2307],[146.9773,-39.229,0.0],[146.9809,-39.2304,6.4018],[146.9806,-39.2326,0.0],[146.9879,-39.231,0.0],[146.9963,-39.2213,0.0],[146.9953,-39.2196,18.3548],[146.9914,-39.22,18.1213],[146.99,-39.2169,1.6505],[146.9912,-39.2133,20.3405],[146.9937,-39.2131,0.1172],[146.994,-39.2114,0.0],[146.9903,-39.2116,19.6933],[146.9874,-39.2077,4.7136]]],
[[[147.0036,-39.2049,4.8037],[147.0032,-39.2037,2.307],[147.0002,-39.2049,19.7237],[146.9959,-39.2116,0.0],[146.9996,-39.2111,0.0],[147.0036,-39.2049,4.8037]]],
[[[147.9011,-39.6831,15.0345],[147.9007,-39.6815,4.5668],[147.8987,-39.6815,1.7224],[147.8983,-39.6838,7.1044],[147.8957,-39.685,14.7522],[147.8888,-39.6842,0.7727],[147.8893,-39.6868,30.0067],[147.8877,-39.6879,2.3687],[147.8902,-39.6936,10.7549],[147.89,-39.6991,5.9506],[147.8942,-39.703,0.0],[147.9031,-39.7052,0.2345],[147.91,-39.7018,0.7235],[147.9102,-39.6996,2.9882],[147.9124,-39.699,6.7031],[147.918,-39.701,23.6483],[147.9188,-39.7043,4.8688],[147.9208,-39.7029,27.3723],[147.9226,-39.704,5.9674],[147.9293,-39.7025,24.906],[147.9344,-39.7039,0.0],[147.9403,-39.6998,5.6859],[147.9426,-39.7002,9.9122],[147.9429,-39.7024,0.8311],[147.9462,-39.6997,0.3731],[147.9465,-39.6969,2.1689],[147.9401,-39.6965,6.2691],[147.9297,-39.686,0.0],[147.9259,-39.6853,0.0],[147.9179,-39.689,4.5125],[147.9107,-39.6897,8.9583],[147.9052,-39.6887,25.1643],[147.9011,-39.6831,15.0345]]],
[[[147.6751,-39.6891,0.9417],[147.6832,-39.6893,1.9259],[147.6875,-39.6856,0.0],[147.6774,-39.6857,3.8106],[147.6741,-39.6878,0.0],[147.6751,-39.6891,0.9417]]],
[[[143.8307,-39.6825,2.6012],[143.8287,-39.6816,9.1375],[143.8261,-39.6829,0.0],[143.8291,-39.6888,10.2312],[143.8277,-39.6904,2.2507],[143.8302,-39.6914,4.0196],[143.8299,-39.6931,0.124],[143.8337,-39.6931,0.3379],[143.8359,-39.6878,2.0197],[143.8307,-39.6825,2.6012]]],
[[[143.8285,-39.6651,7.971],[143.8204,-39.6692,1.5542],[143.8203,-39.6725,13.6709],[143.819,-39.6732,23.4135],[143.8198,-39.6758,10.6159],[143.8259,-39.6773,1.2063],[143.8264,-39.6762,4.5877],[143.8253,-39.6737,4.5955],[143.8276,-39.6714,0.0],[143.8378,-39.6696,0.0],[143.8365,-39.6673,4.5883],[143.8285,-39.6651,7.971]]],
[[[144.0538,-39.6249,0.0],[144.0533,-39.6248,0.0],[144.0532,-39.6252,0.0],[144.0535,-39.6253,0.0],[144.0538,-39.6249,0.0]]],
[[[144.0539,-39.6242,0.0],[144.0541,-39.624,0.0],[144.0539,-39.6238,0.0],[144.0538,-39.624,0.0],[144.0539,-39.6242,0.0]]],
[[[143.8838,-39.9975,0.0],[143.8838,-39.9977,0.0],[143.8839,-39.9976,0.0],[143.8838,-39.9975,0.0]]],
[[[143.8841,-39.9972,0.0],[143.8847,-39.9974,0.5764],[143.8851,-39.9969,0.5764],[143.884,-39.997,0.0],[143.8841,-39.9972,0.0]]],
[[[143.886,-39.9906,0.1431],[143.8861,-39.9908,0.1431],[143.8862,-39.9907,0.1431],[143.8862,-39.9906,0.1431],[143.886,-39.9906,0.1431]]],
[[[143.8853,-39.99,0.1431],[143.8853,-39.9901,0.1431],[143.8855,-39.9899,0.1431],[143.8854,-39.9898,0.1431],[143.8853,-39.99,0.1431]]],
[[[143.886,-39.9865,0.1488],[143.8863,-39.9866,0.1488],[143.8863,-39.9864,0.1488],[143.8862,-39.9863,0.1488],[143.886,-39.9865,0.1488]]],
[[[143.886,-39.9844,0.6258],[143.8862,-39.9845,0.6258],[143.8863,-39.9845,0.6258],[143.8862,-39.9843,0.6258],[143.886,-39.9844,0.6258]]],
[[[144.114,-40.0194,8.2028],[144.114,-40.0195,8.2028],[144.114,-40.0196,0.0],[144.1142,-40.0195,8.2028],[144.114,-40.0194,8.2028]]],
[[[144.1138,-40.0198,0.0],[144.1138,-40.0199,0.0],[144.1139,-40.0198,0.0],[144.1138,-40.0197,0.0],[144.1138,-40.0198,0.0]]],
[[[144.1136,-40.0196,0.0],[144.1136,-40.0197,0.0],[144.1137,-40.0196,0.0],[144.1137,-40.0195,8.2028],[144.1136,-40.0196,0.0]]],
[[[143.8917,-40.0108,1.4486],[143.8916,-40.0107,1.4486],[143.8914,-40.011,1.4486],[143.8915,-40.011,1.4486],[143.8917,-40.0108,1.4486]]],
[[[143.892,-40.0107,1.4486],[143.8922,-40.0106,1.4486],[143.892,-40.0106,1.4486],[143.892,-40.0107,1.4486]]],
[[[143.8911,-40.0099,1.4486],[143.8913,-40.0094,1.9622],[143.8912,-40.0093,1.9622],[143.891,-40.0098,1.4486],[143.8911,-40.0099,1.4486]]],
[[[143.8919,-40.0074,2.8613],[143.892,-40.0076,2.8613],[143.8922,-40.0075,2.8613],[143.8921,-40.0074,2.8613],[143.8919,-40.0074,2.8613]]],
[[[143.8877,-40.0069,0.0],[143.8876,-40.0071,0.0],[143.8877,-40.0071,0.0],[143.8878,-40.0071,0.0],[143.8877,-40.0069,0.0]]],
[[[143.8865,-40.0065,0.0],[143.8863,-40.0065,0.0],[143.8862,-40.0067,0.0],[143.8864,-40.0066,0.0],[143.8865,-40.0065,0.0]]],
[[[143.8854,-40.0027,0.466],[143.8854,-40.0026,0.466],[143.8853,-40.0026,0.466],[143.8853,-40.0027,0.466],[143.8854,-40.0027,0.466]]],
[[[143.8841,-40.0002,0.0],[143.8841,-40.0001,0.0],[143.884,-40.0002,0.0],[143.8841,-40.0002,0.0]]],
[[[143.8471,-39.9438,0.1963],[143.8472,-39.9439,0.1963],[143.8473,-39.9438,0.1963],[143.8471,-39.9438,0.1963]]],
[[[143.8484,-39.9436,0.7867],[143.8486,-39.9437,0.7867],[143.8485,-39.9435,0.7867],[143.8484,-39.9436,0.7867]]],
[[[143.8429,-39.9417,0.3023],[143.8427,-39.9421,0.3023],[143.8434,-39.9421,0.3023],[143.8433,-39.9413,0.3023],[143.8429,-39.9417,0.3023]]],
[[[143.8426,-39.9398,0.2328],[143.8425,-39.9396,0.2328],[143.8422,-39.9398,0.2328],[143.8424,-39.94,0.2328],[143.8426,-39.9398,0.2328]]],
[[[143.8385,-39.935,0.2332],[143.8385,-39.9351,0.2332],[143.8386,-39.9351,0.2332],[143.8386,-39.935,0.2332],[143.8385,-39.935,0.2332]]],
[[[143.8379,-39.9324,0.7833],[143.8381,-39.9324,0.7833],[143.8381,-39.9323,0.7833],[143.8379,-39.9323,0.7833],[143.8379,-39.9324,0.7833]]],
[[[143.8386,-39.9317,0.7833],[143.8385,-39.9318,0.7833],[143.8387,-39.9318,0.7833],[143.8386,-39.9317,0.7833]]],
[[[143.8397,-39.9295,1.1307],[143.8396,-39.9294,1.1307],[143.8395,-39.9295,1.1307],[143.8396,-39.9296,6.3368],[143.8397,-39.9295,1.1307]]],
[[[143.8396,-39.9291,1.1307],[143.8397,-39.9291,1.1307],[143.8397,-39.929,1.1307],[143.8396,-39.929,1.1307],[143.8396,-39.9291,1.1307]]],
[[[143.8396,-39.928,1.1307],[143.8397,-39.9281,1.1307],[143.8396,-39.9279,0.0],[143.8396,-39.928,1.1307]]],
[[[143.8444,-39.9266,0.0],[143.8443,-39.9267,0.0],[143.8445,-39.9266,0.0],[143.8444,-39.9266,0.0]]],
[[[143.8322,-39.9216,0.0899],[143.8321,-39.9216,0.0899],[143.8319,-39.9218,0.0899],[143.8321,-39.9217,0.0899],[143.8322,-39.9216,0.0899]]],
[[[143.8327,-39.9216,0.0899],[143.8326,-39.9217,0.0899],[143.8326,-39.9218,0.0899],[143.8328,-39.9217,0.0899],[143.8327,-39.9216,0.0899]]],
[[[143.8336,-39.9208,1.6411],[143.8335,-39.9209,1.6411],[143.8337,-39.9209,1.6411],[143.8336,-39.9208,1.6411]]],
[[[143.8329,-39.918,0.0],[143.8329,-39.9179,0.0],[143.8328,-39.918,0.0],[143.8329,-39.918,0.0]]],
[[[143.8328,-39.9176,0.0],[143.8328,-39.9177,0.0],[143.8329,-39.9177,0.0],[143.8329,-39.9176,0.0],[143.8328,-39.9176,0.0]]],
[[[143.8327,-39.9173,0.0],[143.8327,-39.9172,0.0],[143.8326,-39.9174,0.0],[143.8327,-39.9173,0.0]]],
[[[143.8335,-39.9194,2.2572],[143.8332,-39.9195,2.2572],[143.8333,-39.9197,1.6411],[143.8335,-39.9196,1.6411],[143.8335,-39.9194,2.2572]]],
[[[143.8373,-39.9232,0.0709],[143.8373,-39.9233,0.0709],[143.8374,-39.9235,0.0709],[143.8375,-39.9235,0.0709],[143.8373,-39.9232,0.0709]]],
[[[143.8354,-39.9224,3.6821],[143.8356,-39.9225,3.6821],[143.8357,-39.9224,3.6821],[143.8354,-39.9224,3.6821]]],
[[[143.8343,-39.9223,0.4333],[143.8343,-39.9224,0.4333],[143.8345,-39.9222,0.4333],[143.8344,-39.9221,0.4333],[143.8343,-39.9223,0.4333]]],
[[[143.8407,-39.9245,0.3535],[143.8408,-39.9245,0.3535],[143.8409,-39.9245,0.3535],[143.8408,-39.9244,0.3535],[143.8407,-39.9245,0.3535]]],
[[[143.8412,-39.9244,0.3535],[143.8413,-39.9245,0.3535],[143.8415,-39.9245,0.0],[143.8415,-39.9243,0.0],[143.8412,-39.9244,0.3535]]],
[[[143.8392,-39.9278,0.1349],[143.8393,-39.9279,0.1349],[143.8394,-39.9279,0.0],[143.8392,-39.9277,0.1349],[143.8392,-39.9278,0.1349]]],
[[[143.8391,-39.9271,0.1349],[143.8398,-39.9278,0.0],[143.8399,-39.9274,0.0],[143.8396,-39.927,0.0],[143.8391,-39.9271,0.1349]]],
[[[143.8595,-39.9512,0.1622],[143.8597,-39.9515,0.0],[143.8603,-39.9513,0.0],[143.8598,-39.9512,0.1622],[143.8595,-39.9512,0.1622]]],
[[[143.8559,-39.948,3.1103],[143.856,-39.9481,3.1103],[143.8562,-39.948,3.1103],[143.8559,-39.948,3.1103]]],
[[[143.8517,-39.9473,0.0],[143.8516,-39.9473,0.0],[143.8515,-39.9474,0.0],[143.8517,-39.9474,0.0],[143.8517,-39.9473,0.0]]],
[[[143.8523,-39.9465,0.0],[143.8524,-39.9466,0.0],[143.8525,-39.9466,0.0],[143.8524,-39.9464,0.0],[143.8523,-39.9465,0.0]]],
[[[143.8522,-39.9461,1.7811],[143.8524,-39.9461,1.7811],[143.8525,-39.9459,1.7811],[143.8523,-39.9459,1.7811],[143.8522,-39.9461,1.7811]]],
[[[147.7679,-39.9559,2.7411],[147.7728,-39.9537,4.1033],[147.7743,-39.9509,0.0],[147.7671,-39.9537,2.9511],[147.764,-39.9573,3.5423],[147.7679,-39.9559,2.7411]]],
[[[147.7739,-39.9422,5.294],[147.7744,-39.943,1.7958],[147.7772,-39.9433,1.3687],[147.7766,-39.9414,2.4387],[147.7739,-39.9422,5.294]]],
[[[147.7728,-39.9377,2.4889],[147.7734,-39.9384,0.0],[147.7753,-39.9388,1.6439],[147.7742,-39.9371,0.0],[147.7728,-39.9377,2.4889]]],
[[[147.7759,-39.9223,6.0751],[147.7744,-39.9245,5.3665],[147.7818,-39.925,0.0],[147.7844,-39.922,0.0],[147.7808,-39.9218,6.3547],[147.779,-39.9191,0.678],[147.7765,-39.92,3.5517],[147.7773,-39.9216,6.0751],[147.7759,-39.9223,6.0751]],
[[147.7756,-39.923,5.3665],[147.7756,-39.9229,0.4531],[147.7757,-39.9229,0.4531],[147.7756,-39.923,5.3665]]],
[[[147.7729,-39.9252,0.0],[147.7714,-39.9251,0.0],[147.7709,-39.925,0.0],[147.7727,-39.926,0.0],[147.7729,-39.9252,0.0]]],
[[[143.8327,-39.9157,0.1961],[143.8328,-39.9156,0.1961],[143.8327,-39.9154,0.1961],[143.8326,-39.9156,0.1961],[143.8327,-39.9157,0.1961]]],
[[[143.8325,-39.9153,0.1961],[143.8327,-39.9153,0.1961],[143.8325,-39.915,0.1961],[143.8323,-39.9152,0.1961],[143.8325,-39.9153,0.1961]]],
[[[143.8329,-39.9029,0.0],[143.8329,-39.903,0.0],[143.8331,-39.9031,0.0],[143.833,-39.903,0.0],[143.8329,-39.9029,0.0]]],
[[[143.8456,-39.8744,1.1864],[143.8456,-39.8743,1.1864],[143.8454,-39.8744,0.0],[143.8455,-39.8745,0.0],[143.8456,-39.8744,1.1864]]],
[[[143.8448,-39.8752,0.0],[143.8449,-39.8752,0.0],[143.8448,-39.875,0.0],[143.8448,-39.8752,0.0]]],
[[[143.8451,-39.8746,0.0],[143.845,-39.8745,0.0],[143.8449,-39.8745,0.0],[143.845,-39.8746,0.0],[143.8451,-39.8746,0.0]]],
[[[143.8532,-39.8515,0.0],[143.8531,-39.8515,0.0],[143.853,-39.8516,0.0],[143.8531,-39.8516,0.0],[143.8532,-39.8515,0.0]]],
[[[143.8548,-39.8509,1.8095],[143.8548,-39.8508,1.8095],[143.8547,-39.8507,1.8095],[143.8547,-39.8509,1.8095],[143.8548,-39.8509,1.8095]]],
[[[143.8554,-39.85,1.8095],[143.8554,-39.8501,1.8095],[143.8555,-39.8501,1.8095],[143.8554,-39.85,1.8095]]],
[[[143.8566,-39.8493,0.0],[143.8566,-39.8492,0.0],[143.8565,-39.8492,0.0],[143.8565,-39.8493,0.0],[143.8566,-39.8493,0.0]]],
[[[147.7713,-39.8382,5.1623],[147.7691,-39.8372,0.8938],[147.7667,-39.8392,0.8678],[147.769,-39.8406,1.5069],[147.7713,-39.8382,5.1623]]],
[[[144.1615,-39.8285,33.9404],[144.1604,-39.8274,0.0],[144.158,-39.8328,11.1531],[144.1626,-39.831,0.0],[144.1641,-39.8285,0.4936],[144.1615,-39.8285,33.9404]]],
[[[147.826,-39.8213,1.9562],[147.8246,-39.8211,0.0],[147.8239,-39.8215,0.4277],[147.826,-39.8232,0.0],[147.826,-39.8213,1.9562]]],
[[[147.8493,-39.7644,0.5976],[147.849,-39.7638,0.5976],[147.8481,-39.7636,0.5976],[147.8482,-39.765,0.0],[147.8493,-39.7644,0.5976]]],
[[[147.8514,-39.7656,0.2164],[147.8506,-39.7659,0.2164],[147.8526,-39.7669,0.0],[147.8521,-39.7659,0.0],[147.8514,-39.7656,0.2164]]],
[[[147.8509,-39.7663,0.0],[147.8508,-39.7661,0.2164],[147.8507,-39.7664,0.0],[147.8509,-39.7664,0.0],[147.8509,-39.7663,0.0]]],
[[[143.8474,-39.733,0.4932],[143.8464,-39.7324,0.5707],[143.8457,-39.7329,0.5707],[143.8467,-39.7337,0.4932],[143.8474,-39.733,0.4932]]],
[[[147.8169,-39.9111,16.839],[147.8167,-39.911,16.839],[147.8168,-39.9111,16.839],[147.8169,-39.9111,16.839]]],
[[[147.7753,-39.9039,1.2629],[147.7711,-39.9051,0.4881],[147.7709,-39.9084,2.1771],[147.7692,-39.9094,0.0],[147.7745,-39.9108,1.9133],[147.7784,-39.9096,0.0],[147.7753,-39.9039,1.2629]]],
[[[143.8464,-39.8936,4.3273],[143.8463,-39.8935,4.3273],[143.8462,-39.8935,4.3273],[143.8463,-39.8936,4.3273],[143.8464,-39.8936,4.3273]]],
[[[143.8373,-39.905,10.5535],[143.8372,-39.9049,0.0],[143.8371,-39.905,0.0],[143.8372,-39.905,0.0],[143.8373,-39.905,10.5535]]],
[[[143.8362,-39.904,0.4537],[143.8361,-39.9039,0.4537],[143.836,-39.904,0.4537],[143.8361,-39.904,0.4537],[143.8362,-39.904,0.4537]]],
[[[143.8437,-39.8894,0.0],[143.8438,-39.8893,0.0],[143.8436,-39.8893,0.0],[143.8437,-39.8894,0.0]]],
[[[143.8415,-39.8868,0.2897],[143.8416,-39.8869,0.2897],[143.8415,-39.8867,0.2897],[143.8415,-39.8868,0.2897]]],
[[[143.8421,-39.8862,0.4972],[143.842,-39.8863,0.2897],[143.8421,-39.8864,0.2897],[143.8421,-39.8862,0.4972]]],
[[[143.842,-39.8869,0.2897],[143.842,-39.887,0.2897],[143.8427,-39.8869,0.2897],[143.8425,-39.8866,0.2897],[143.842,-39.8869,0.2897]]],
[[[143.8421,-39.8857,0.4972],[143.8422,-39.8857,0.4972],[143.8421,-39.8856,0.4972],[143.8421,-39.8857,0.4972]]],
[[[143.8433,-39.8814,0.0857],[143.8432,-39.8813,0.0857],[143.8429,-39.8813,0.0857],[143.8432,-39.8814,0.0857],[143.8433,-39.8814,0.0857]]],
[[[143.8443,-39.8765,0.0],[143.8442,-39.8766,0.0],[143.8442,-39.8767,0.0],[143.8443,-39.8767,0.0],[143.8443,-39.8765,0.0]]],
[[[143.8442,-39.8756,0.0],[143.8444,-39.8755,0.0],[143.8444,-39.8754,0.0],[143.8441,-39.8755,0.0],[143.8442,-39.8756,0.0]]],
[[[148.2826,-40.256,0.4551],[148.2807,-40.2553,0.6207],[148.2815,-40.2574,0.6727],[148.2841,-40.2559,0.0],[148.2826,-40.256,0.4551]]],
[[[147.9143,-40.2539,0.0],[147.9135,-40.2545,0.0],[147.9137,-40.2549,0.0],[147.9145,-40.2545,0.0],[147.9143,-40.2539,0.0]]],
[[[148.243,-40.2317,0.0],[148.2426,-40.2313,0.0],[148.2422,-40.2315,0.0],[148.2426,-40.2317,0.0],[148.243,-40.2317,0.0]]],
[[[148.2416,-40.2291,0.0],[148.2419,-40.2301,0.0],[148.2426,-40.2302,0.0],[148.242,-40.2291,0.0],[148.2416,-40.2291,0.0]]],
[[[148.2679,-40.2255,0.0],[148.2678,-40.2252,0.0],[148.2675,-40.225,0.0],[148.2677,-40.2258,0.0],[148.2679,-40.2255,0.0]]],
[[[148.2671,-40.2209,0.0],[148.267,-40.2212,0.0],[148.2675,-40.2211,0.0],[148.2674,-40.2209,0.0],[148.2671,-40.2209,0.0]]],
[[[147.9108,-40.1786,2.1925],[147.9063,-40.1773,1.4565],[147.9014,-40.1786,1.3376],[147.8986,-40.1819,4.0437],[147.894,-40.1819,0.2169],[147.8959,-40.1835,4.0928],[147.8904,-40.1906,0.0],[147.8953,-40.1902,8.6792],[147.8936,-40.1917,1.4723],[147.8951,-40.1927,1.4723],[147.8941,-40.1943,0.3004],[147.8956,-40.1944,2.3367],[147.8981,-40.1916,0.0],[147.8991,-40.1865,5.8746],[147.9025,-40.185,1.3953],[147.9079,-40.1849,1.3407],[147.9127,-40.1877,2.5952],[147.9162,-40.1875,0.8432],[147.9168,-40.1844,0.0],[147.9111,-40.1817,7.5634],[147.9108,-40.1786,2.1925]]],
[[[147.9769,-40.1769,0.697],[147.9754,-40.1746,0.0],[147.9723,-40.1754,1.0396],[147.9728,-40.1772,1.2175],[147.9706,-40.1778,0.1978],[147.9748,-40.1805,0.5218],[147.9779,-40.1868,7.8135],[147.9732,-40.1919,0.0],[147.9732,-40.1936,0.0],[147.9756,-40.1947,0.0],[147.9787,-40.1935,1.2942],[147.979,-40.1905,2.7775],[147.9866,-40.186,0.0],[147.9823,-40.1809,3.3715],[147.9837,-40.1775,0.0],[147.9797,-40.179,2.2027],[147.9769,-40.1769,0.697]]],
[[[148.2677,-40.2228,0.0],[148.2664,-40.2223,0.846],[148.2662,-40.2231,0.0],[148.2668,-40.2233,0.0],[148.2677,-40.2228,0.0]]],
[[[148.24335223880598,-40.230537313432841,0.6812],[148.244,-40.231,0.6812],[148.2446,-40.2308,0.6812],[148.24335223880598,-40.230537313432841,0.6812]]],
[[[148.24335223880598,-40.230537313432841,0.6812],[148.2433,-40.2305,0.6812],[148.2427,-40.2304,0.0],[148.24335223880598,-40.230537313432841,0.6812]]],
[[[148.2582,-40.2224,0.8724],[148.2538,-40.2222,0.9499],[148.2523,-40.224,3.1682],[148.2487,-40.2239,2.2595],[148.2476,-40.2224,0.0],[148.2445,-40.2257,0.0],[148.2456,-40.2282,0.137],[148.2521,-40.2285,3.0216],[148.253,-40.2303,0.0],[148.2562,-40.231,1.9377],[148.2619,-40.2286,0.3861],[148.2595,-40.227,0.4226],[148.2596,-40.2231,0.0],[148.2582,-40.2224,0.8724]]],
[[[147.9342,-40.2623,4.4817],[147.9342,-40.2589,3.6801],[147.9314,-40.2579,0.0],[147.9258,-40.263,7.7549],[147.9213,-40.2638,0.0],[147.9197,-40.2651,0.0],[147.9203,-40.2665,9.7141],[147.918,-40.2659,0.0],[147.9182,-40.2735,17.1942],[147.9157,-40.2749,8.1364],[147.9142,-40.274,0.0],[147.914,-40.2764,8.9707],[147.9122,-40.2763,3.4226],[147.9111,-40.2787,0.0],[147.9194,-40.2791,7.746],[147.919,-40.2809,0.4463],[147.9211,-40.2829,2.3964],[147.9283,-40.2816,0.0],[147.9375,-40.2717,3.6081],[147.9342,-40.2623,4.4817]]],
[[[147.9096,-40.2689,1.2949],[147.9113,-40.2678,1.4222],[147.9111,-40.2672,1.4222],[147.9093,-40.2677,0.0],[147.9096,-40.2689,1.2949]]],
[[[148.2101,-40.2479,0.0],[148.2065,-40.2473,0.0],[148.2045,-40.2499,12.5216],[148.2018,-40.2497,6.2031],[148.2016,-40.253,0.0],[148.2055,-40.2564,4.5162],[148.2057,-40.2585,0.0],[148.2086,-40.2551,2.0287],[148.2123,-40.2565,0.0],[148.215,-40.2553,0.0],[148.2129,-40.2495,0.0],[148.2101,-40.2479,0.0]]],
[[[148.2344,-40.2398,5.5318],[148.2278,-40.2409,0.0],[148.2347,-40.2485,11.2802],[148.2347,-40.2511,6.789],[148.2326,-40.2521,0.0],[148.2334,-40.2545,1.4372],[148.2394,-40.2486,3.0097],[148.2468,-40.2514,0.0],[148.2492,-40.2562,1.6036],[148.2514,-40.2548,2.1198],[148.2568,-40.2575,4.1772],[148.261,-40.2546,0.0],[148.2663,-40.2564,0.0],[148.2662,-40.2498,0.0],[148.2633,-40.2481,19.441],[148.2633,-40.245,5.4797],[148.2564,-40.2418,4.5673],[148.2539,-40.2428,1.3189],[148.247,-40.2413,3.4756],[148.2442,-40.2425,5.5033],[148.2344,-40.2398,5.5318]]],
[[[143.9237,-40.165,0.0],[143.9238,-40.165,0.0],[143.9239,-40.1649,0.0],[143.9237,-40.1649,0.0],[143.9237,-40.165,0.0]]],
[[[143.9239,-40.1645,0.0],[143.924,-40.1646,0.0],[143.9241,-40.1642,0.0],[143.9239,-40.1645,0.0]]],
[[[143.9284,-40.1624,0.1104],[143.9285,-40.1624,0.1104],[143.9286,-40.1623,0.1104],[143.9285,-40.1623,0.1104],[143.9284,-40.1624,0.1104]]],
[[[143.9281,-40.1623,0.1104],[143.9281,-40.1624,0.1104],[143.9283,-40.1623,0.1104],[143.9282,-40.1621,0.1104],[143.9281,-40.1623,0.1104]]],
[[[143.9268,-40.1551,1.0769],[143.927,-40.1551,1.0769],[143.927,-40.155,1.0769],[143.9268,-40.155,1.0769],[143.9268,-40.1551,1.0769]]],
[[[143.92,-40.1528,4.7189],[143.9199,-40.1529,4.7189],[143.9198,-40.153,1.5979],[143.9202,-40.1528,4.7189],[143.92,-40.1528,4.7189]]],
[[[143.9577,-40.1527,0.0],[143.9577,-40.1526,0.0],[143.9576,-40.1526,0.0],[143.9577,-40.1527,0.0]]],
[[[143.9184,-40.1509,2.379],[143.9185,-40.151,2.379],[143.9185,-40.1508,2.379],[143.9184,-40.1509,2.379]]],
[[[143.93,-40.1473,0.2987],[143.93,-40.1471,0.2987],[143.9299,-40.1472,0.2987],[143.9299,-40.1473,0.2987],[143.93,-40.1473,0.2987]]],
[[[143.9298,-40.1468,8.0923],[143.9298,-40.1467,8.0923],[143.9297,-40.1468,8.0923],[143.9297,-40.1469,8.0923],[143.9298,-40.1468,8.0923]]],
[[[143.9573,-40.1528,0.0],[143.9574,-40.1526,0.0],[143.9573,-40.1527,0.0],[143.9573,-40.1528,0.0]]],
[[[143.924,-40.1611,2.5859],[143.9242,-40.1612,2.5859],[143.9242,-40.1608,2.5859],[143.9241,-40.1609,2.5859],[143.924,-40.1611,2.5859]]],
[[[143.9292,-40.1602,1.4749],[143.9296,-40.1598,1.4749],[143.9294,-40.1599,1.4749],[143.9292,-40.1602,1.4749]]],
[[[143.9244,-40.16,2.5859],[143.9245,-40.1602,2.5859],[143.9245,-40.1597,2.5859],[143.9244,-40.1598,2.5859],[143.9244,-40.16,2.5859]]],
[[[143.9248,-40.1621,0.1999],[143.9251,-40.1619,0.1999],[143.9252,-40.1614,0.1999],[143.925,-40.1616,0.1999],[143.9248,-40.1621,0.1999]]],
[[[143.9284,-40.1608,1.4749],[143.929,-40.1596,1.4749],[143.9269,-40.1576,0.7232],[143.9244,-40.1615,0.1999],[143.9254,-40.1607,2.5859],[143.9284,-40.1608,1.4749]]],
[[[143.9158,-40.1458,6.4009],[143.9158,-40.1457,6.4009],[143.9156,-40.1459,6.4009],[143.9157,-40.1459,6.4009],[143.9158,-40.1458,6.4009]]],
[[[143.9287,-40.1451,2.5716],[143.9286,-40.1451,2.5716],[143.9285,-40.1452,2.5716],[143.9286,-40.1452,2.5716],[143.9287,-40.1451,2.5716]]],
[[[143.9011,-40.1402,0.0],[143.9011,-40.14,0.0],[143.901,-40.14,0.0],[143.901,-40.1401,0.0],[143.9011,-40.1402,0.0]]],
[[[147.8949,-40.1373,5.3059],[147.8929,-40.1362,0.0],[147.8914,-40.138,0.4798],[147.8945,-40.1386,1.5702],[147.8949,-40.1373,5.3059]]],
[[[143.8996,-40.1365,2.6268],[143.8995,-40.1364,2.6268],[143.8995,-40.1365,2.6268],[143.8996,-40.1365,2.6268]]],
[[[143.8999,-40.1342,1.8144],[143.8999,-40.1343,1.8144],[143.9001,-40.1341,1.8144],[143.8999,-40.1341,1.8144],[143.8999,-40.1342,1.8144]]],
[[[143.9004,-40.1335,1.8144],[143.9002,-40.1336,1.8144],[143.9001,-40.1338,1.8144],[143.9002,-40.1338,1.8144],[143.9004,-40.1335,1.8144]]],
[[[147.9458,-40.1282,3.1389],[147.9415,-40.1282,3.2361],[147.942,-40.1309,1.7197],[147.9447,-40.1308,1.0786],[147.9458,-40.1282,3.1389]]],
[[[147.9162,-40.1228,0.0],[147.9143,-40.1232,5.3802],[147.9161,-40.1253,0.0],[147.9167,-40.1241,0.0],[147.9162,-40.1228,0.0]]],
[[[143.8903,-40.1226,2.4767],[143.8903,-40.1225,2.4767],[143.89,-40.1226,2.4767],[143.8901,-40.1227,2.4767],[143.8903,-40.1226,2.4767]]],
[[[143.8889,-40.1224,2.4767],[143.8889,-40.1225,2.4767],[143.889,-40.1225,2.4767],[143.889,-40.1224,2.4767],[143.8889,-40.1224,2.4767]]],
[[[143.8845,-40.1218,0.0],[143.8844,-40.1219,0.0],[143.8846,-40.1221,0.0],[143.8847,-40.1217,0.3974],[143.8845,-40.1218,0.0]]],
[[[143.8866,-40.1217,0.3974],[143.8863,-40.122,0.3974],[143.8863,-40.1221,0.3974],[143.8866,-40.122,0.3974],[143.8866,-40.1217,0.3974]]],
[[[143.8849,-40.1218,0.3974],[143.8849,-40.122,0.3974],[143.885,-40.122,0.3974],[143.8851,-40.1218,0.3974],[143.8849,-40.1218,0.3974]]],
[[[147.7218,-40.1306,2.63],[147.7246,-40.1323,0.7631],[147.7272,-40.1289,0.7657],[147.7235,-40.129,2.033],[147.7218,-40.1306,2.63]]],
[[[147.73,-40.1282,0.6319],[147.7291,-40.1289,0.6319],[147.7297,-40.1294,0.6319],[147.7304,-40.1286,0.6319],[147.73,-40.1282,0.6319]]],
[[[143.8787,-40.121,0.0],[143.8785,-40.1209,0.0],[143.8784,-40.1212,0.0],[143.8785,-40.1211,0.0],[143.8787,-40.121,0.0]]],
[[[143.8837,-40.1211,8.0388],[143.8837,-40.121,8.0388],[143.8836,-40.1209,8.0388],[143.8835,-40.121,8.0388],[143.8837,-40.1211,8.0388]]],
[[[143.8826,-40.1212,8.0388],[143.8826,-40.1214,0.0],[143.8829,-40.1212,8.0388],[143.8828,-40.1212,8.0388],[143.8826,-40.1212,8.0388]]],
[[[143.8815,-40.1212,3.6683],[143.8815,-40.1213,0.0],[143.8817,-40.1212,3.6683],[143.8817,-40.1211,3.6683],[143.8815,-40.1212,3.6683]]],
[[[143.8788,-40.1207,0.0],[143.8789,-40.1207,0.0],[143.879,-40.1205,0.0],[143.8788,-40.1206,0.0],[143.8788,-40.1207,0.0]]],
[[[143.8827,-40.121,8.0388],[143.8828,-40.121,8.0388],[143.8829,-40.121,8.0388],[143.8829,-40.1209,8.0388],[143.8827,-40.121,8.0388]]],
[[[143.8812,-40.1202,3.6683],[143.8807,-40.1202,3.6683],[143.8805,-40.1204,3.6683],[143.8809,-40.1204,3.6683],[143.8812,-40.1202,3.6683]]],
[[[143.8788,-40.1198,0.0],[143.8788,-40.1197,0.0],[143.8787,-40.1198,0.0],[143.8788,-40.1199,0.0],[143.8788,-40.1198,0.0]]],
[[[143.8757,-40.1183,0.0],[143.8759,-40.1183,0.0],[143.8759,-40.1182,0.0],[143.8757,-40.1183,0.0]]],
[[[143.9703,-40.1179,1.1814],[143.9706,-40.1181,0.0],[143.9711,-40.1178,0.2139],[143.9708,-40.1176,1.1814],[143.9703,-40.1179,1.1814]]],
[[[143.8764,-40.1182,2.1532],[143.8765,-40.1183,2.1532],[143.8766,-40.1182,2.1532],[143.8766,-40.1181,2.1532],[143.8764,-40.1182,2.1532]]],
[[[143.8771,-40.1196,0.0],[143.8772,-40.1195,2.1532],[143.8773,-40.1193,2.1532],[143.8768,-40.1194,2.1532],[143.8771,-40.1196,0.0]]],
[[[143.8776,-40.1193,2.1532],[143.878,-40.1196,0.0],[143.8782,-40.1193,2.1532],[143.8779,-40.1191,2.1532],[143.8776,-40.1193,2.1532]]],
[[[143.8794,-40.1194,12.1607],[143.8794,-40.1193,12.1607],[143.8793,-40.1193,12.1607],[143.8794,-40.1194,12.1607]]],
[[[143.9696,-40.1172,1.1814],[143.9693,-40.1172,1.1814],[143.9693,-40.1175,1.1814],[143.9698,-40.1172,1.1814],[143.9696,-40.1172,1.1814]]],
[[[143.9714,-40.1168,0.2139],[143.9714,-40.1169,0.2139],[143.9715,-40.1169,0.2139],[143.9715,-40.1168,0.2139],[143.9714,-40.1168,0.2139]]],
[[[143.9711,-40.1173,0.2139],[143.971,-40.1172,1.1814],[143.9709,-40.1174,1.1814],[143.971,-40.1174,1.1814],[143.9711,-40.1173,0.2139]]],
[[[143.875,-40.1167,1.7229],[143.8751,-40.1166,1.7229],[143.8748,-40.1165,1.7229],[143.8747,-40.1165,1.7229],[143.875,-40.1167,1.7229]]],
[[[143.974,-40.1161,2.5482],[143.9741,-40.116,2.5482],[143.974,-40.116,2.5482],[143.974,-40.1161,2.5482]]],
[[[143.875,-40.1162,5.8814],[143.8752,-40.1164,1.7229],[143.8755,-40.1161,5.8814],[143.875,-40.1161,5.8814],[143.875,-40.1162,5.8814]]],
[[[143.971,-40.1168,1.1814],[143.9707,-40.1167,1.1814],[143.9704,-40.1171,1.1814],[143.9708,-40.1173,1.1814],[143.971,-40.1168,1.1814]]],
[[[143.9696,-40.1152,2.4412],[143.9696,-40.1151,2.4412],[143.9694,-40.1152,2.4412],[143.9696,-40.1152,2.4412]]],
[[[143.8749,-40.1144,7.6936],[143.8749,-40.1145,7.6936],[143.875,-40.1144,7.6936],[143.8749,-40.1144,7.6936]]],
[[[143.9774,-40.1141,3.7786],[143.9773,-40.1143,3.7786],[143.9773,-40.1144,3.7786],[143.9774,-40.1143,3.7786],[143.9774,-40.1141,3.7786]]],
[[[143.874,-40.1131,0.303],[143.8741,-40.1131,0.303],[143.8742,-40.1129,2.0156],[143.874,-40.1129,2.0156],[143.874,-40.1131,0.303]]],
[[[143.8739,-40.1124,2.0156],[143.8738,-40.1123,2.0156],[143.8737,-40.1125,2.0156],[143.8738,-40.1126,2.0156],[143.8739,-40.1124,2.0156]]],
[[[143.874,-40.1122,2.0156],[143.8739,-40.1122,2.0156],[143.8738,-40.1121,2.0156],[143.8739,-40.1123,2.0156],[143.874,-40.1122,2.0156]]],
[[[143.8754,-40.1158,5.8814],[143.8755,-40.1159,5.8814],[143.8755,-40.1158,5.8814],[143.8754,-40.1158,5.8814]]],
[[[143.9737,-40.1159,2.5482],[143.9739,-40.1159,2.5482],[143.9739,-40.1157,2.5482],[143.9737,-40.1159,2.5482]]],
[[[143.8744,-40.1111,12.9995],[143.8743,-40.111,0.3096],[143.8741,-40.111,0.3096],[143.8743,-40.1111,0.3096],[143.8744,-40.1111,12.9995]]],
[[[143.9784,-40.1105,1.0763],[143.9785,-40.1106,1.0763],[143.9786,-40.1105,1.0763],[143.9785,-40.1104,1.0763],[143.9784,-40.1105,1.0763]]],
[[[143.8755,-40.1111,12.9995],[143.8756,-40.1111,12.9995],[143.8756,-40.111,12.9995],[143.8754,-40.111,12.9995],[143.8755,-40.1111,12.9995]]],
[[[143.8738,-40.1097,0.3096],[143.8738,-40.1099,0.3096],[143.874,-40.1099,0.3096],[143.874,-40.1097,0.3096],[143.8738,-40.1097,0.3096]]],
[[[143.9792,-40.1098,1.0763],[143.9791,-40.1097,1.0763],[143.9791,-40.1098,1.0763],[143.9792,-40.1098,1.0763]]],
[[[143.8745,-40.1099,12.9995],[143.8744,-40.1101,12.9995],[143.8744,-40.1102,12.9995],[143.8745,-40.11,12.9995],[143.8745,-40.1099,12.9995]]],
[[[143.8743,-40.1099,0.3096],[143.8744,-40.1098,12.9995],[143.8741,-40.11,0.3096],[143.8742,-40.1101,0.3096],[143.8743,-40.1099,0.3096]]],
[[[143.874,-40.1095,2.1593],[143.8742,-40.1095,2.1593],[143.874,-40.1094,2.1593],[143.874,-40.1095,2.1593]]],
[[[144.031,-40.1082,0.0],[144.0309,-40.1081,0.0],[144.0309,-40.1082,0.0],[144.031,-40.1083,0.0],[144.031,-40.1082,0.0]]],
[[[144.0309,-40.1074,0.0],[144.0308,-40.1073,0.0],[144.0308,-40.1074,0.0],[144.0309,-40.1074,0.0]]],
[[[143.8743,-40.1066,0.8993],[143.8741,-40.1066,0.8993],[143.8739,-40.1068,0.8993],[143.8744,-40.1068,16.5466],[143.8743,-40.1066,0.8993]]],
[[[143.874,-40.1074,0.8993],[143.8745,-40.1075,16.5466],[143.8747,-40.1071,16.5466],[143.8741,-40.1071,0.8993],[143.874,-40.1074,0.8993]]],
[[[144.0307,-40.1066,0.2509],[144.0307,-40.107,0.2509],[144.0309,-40.1071,0.0],[144.031,-40.1067,0.0],[144.0307,-40.1066,0.2509]]],
[[[143.8752,-40.1113,12.2093],[143.8752,-40.1115,12.2093],[143.8755,-40.1113,12.2093],[143.8753,-40.1113,12.2093],[143.8752,-40.1113,12.2093]]],
[[[143.875,-40.1113,12.2093],[143.875,-40.1112,12.9995],[143.8747,-40.1112,12.9995],[143.8748,-40.1114,12.2093],[143.875,-40.1113,12.2093]]],
[[[143.8731,-40.105,0.6207],[143.873,-40.105,0.6207],[143.8729,-40.105,0.6207],[143.8731,-40.1051,0.6207],[143.8731,-40.105,0.6207]]],
[[[143.8738,-40.104,0.8528],[143.8737,-40.1037,0.8528],[143.8734,-40.1044,0.8528],[143.8736,-40.1044,0.8528],[143.8738,-40.104,0.8528]]],
[[[144.0315,-40.1055,0.0],[144.0317,-40.1055,0.0],[144.0316,-40.1054,0.0],[144.0315,-40.1055,0.0]]],
[[[143.8738,-40.1043,0.8528],[143.8737,-40.105,0.6207],[143.8741,-40.1054,0.6207],[143.874,-40.1043,0.8528],[143.8738,-40.1043,0.8528]]],
[[[144.0307,-40.1059,0.3974],[144.0307,-40.1062,0.3974],[144.0308,-40.1062,0.0],[144.0309,-40.106,0.0],[144.0307,-40.1059,0.3974]]],
[[[143.8741,-40.1059,0.6207],[143.8741,-40.106,0.6207],[143.8742,-40.1058,0.6207],[143.8741,-40.1059,0.6207]]],
[[[144.031,-40.1053,0.0],[144.031,-40.1062,0.0],[144.0312,-40.1064,0.0],[144.0315,-40.1057,0.0],[144.031,-40.1053,0.0]]],
[[[148.2765,-40.0877,0.124],[148.2771,-40.0875,0.124],[148.2761,-40.0872,0.124],[148.2761,-40.0874,0.124],[148.2765,-40.0877,0.124]]],
[[[148.2845,-40.0757,0.3061],[148.2843,-40.0764,0.3275],[148.2841,-40.0766,0.3275],[148.2848,-40.0764,0.3275],[148.2845,-40.0757,0.3061]]],
[[[148.2854,-40.0736,0.1638],[148.2853,-40.0737,0.1638],[148.2856,-40.0736,0.1638],[148.2855,-40.0736,0.1638],[148.2854,-40.0736,0.1638]]],
[[[148.2857,-40.0801,1.5695],[148.2867,-40.0798,1.4385],[148.2852,-40.0785,0.3167],[148.2852,-40.079,0.3167],[148.2857,-40.0801,1.5695]]],
[[[143.8578,-40.0635,0.2711],[143.8579,-40.0637,13.9271],[143.858,-40.0636,13.9271],[143.858,-40.0634,13.9271],[143.8578,-40.0635,0.2711]]],
[[[143.8576,-40.0626,0.0],[143.8574,-40.0626,0.0],[143.8577,-40.0627,0.0],[143.8577,-40.0626,0.0],[143.8576,-40.0626,0.0]]],
[[[143.8592,-40.061,0.0],[143.8594,-40.0611,0.0],[143.8594,-40.061,0.0],[143.8592,-40.061,0.0]]],
[[[143.8591,-40.0605,0.0],[143.8592,-40.0605,0.0],[143.8592,-40.0604,0.0],[143.8591,-40.0605,0.0]]],
[[[143.8641,-40.0602,8.3551],[143.8641,-40.0601,8.3551],[143.864,-40.0602,6.5549],[143.8641,-40.0602,8.3551]]],
[[[143.8616,-40.0603,1.9128],[143.8615,-40.0602,1.9128],[143.8613,-40.0603,1.9128],[143.8615,-40.0604,1.9128],[143.8616,-40.0603,1.9128]]],
[[[143.8604,-40.0602,1.9128],[143.8605,-40.0603,1.9128],[143.8606,-40.0602,1.9128],[143.8605,-40.0602,1.9128],[143.8604,-40.0602,1.9128]]],
[[[143.8644,-40.0684,7.0573],[143.8644,-40.0683,7.0573],[143.8643,-40.0684,7.0573],[143.8644,-40.0684,7.0573]]],
[[[143.8647,-40.0684,7.0573],[143.8648,-40.0684,7.0573],[143.8648,-40.0683,7.0573],[143.8647,-40.0683,7.0573],[143.8647,-40.0684,7.0573]]],
[[[143.8621,-40.0674,22.0008],[143.8619,-40.067,0.2832],[143.8617,-40.067,0.2832],[143.862,-40.0676,22.0008],[143.8621,-40.0674,22.0008]]],
[[[143.8617,-40.0667,0.2832],[143.8617,-40.0666,0.2832],[143.8616,-40.0666,0.2832],[143.8616,-40.0668,0.2832],[143.8617,-40.0667,0.2832]]],
[[[143.8612,-40.0667,0.2832],[143.8611,-40.0665,0.2832],[143.8609,-40.0666,0.2832],[143.8609,-40.0667,0.2832],[143.8612,-40.0667,0.2832]]],
[[[143.859,-40.066,2.547],[143.8591,-40.066,2.547],[143.8589,-40.0659,2.547],[143.859,-40.066,2.547]]],
[[[143.8592,-40.0653,2.547],[143.8591,-40.0653,2.547],[143.8592,-40.0654,2.547],[143.8593,-40.0653,2.547],[143.8592,-40.0653,2.547]]],
[[[143.8576,-40.0648,0.0],[143.8574,-40.0645,0.2711],[143.8572,-40.0644,0.2711],[143.8574,-40.0648,0.0],[143.8576,-40.0648,0.0]]],
[[[144.0937,-40.0534,0.2773],[144.094,-40.0532,0.2773],[144.094,-40.0531,0.2773],[144.0936,-40.0531,0.2773],[144.0937,-40.0534,0.2773]]],
[[[144.0929,-40.0527,1.9816],[144.0931,-40.0526,1.9816],[144.093,-40.0523,1.9816],[144.093,-40.0524,1.9816],[144.0929,-40.0527,1.9816]]],
[[[144.0909,-40.0524,0.0],[144.0907,-40.0525,0.0],[144.0907,-40.0526,0.0],[144.0909,-40.0525,0.0],[144.0909,-40.0524,0.0]]],
[[[144.0925,-40.0524,1.9816],[144.0926,-40.0524,1.9816],[144.0927,-40.0522,1.9816],[144.0925,-40.0524,1.9816]]],
[[[143.8869,-40.0472,0.4876],[143.8869,-40.0473,0.4876],[143.8871,-40.0472,0.4876],[143.8869,-40.0471,0.4876],[143.8869,-40.0472,0.4876]]],
[[[144.1007,-40.0476,0.1888],[144.1008,-40.0477,0.1888],[144.101,-40.0477,0.1888],[144.101,-40.0475,0.1888],[144.1007,-40.0476,0.1888]]],
[[[143.8873,-40.0475,0.4876],[143.8871,-40.0474,0.4876],[143.887,-40.0474,0.4876],[143.8871,-40.0475,0.4876],[143.8873,-40.0475,0.4876]]],
[[[144.1012,-40.0475,0.1888],[144.1012,-40.0473,0.1888],[144.101,-40.0474,0.1888],[144.1011,-40.0475,0.1888],[144.1012,-40.0475,0.1888]]],
[[[144.1018,-40.0467,0.1888],[144.1019,-40.047,0.1888],[144.102,-40.047,0.1888],[144.1019,-40.0467,0.1888],[144.1018,-40.0467,0.1888]]],
[[[147.7608,-40.0462,1.3997],[147.7609,-40.0461,1.3997],[147.761,-40.046,1.3997],[147.7607,-40.0461,1.3997],[147.7608,-40.0462,1.3997]]],
[[[144.1033,-40.0451,0.0],[144.1032,-40.0451,0.0],[144.1031,-40.0452,0.0],[144.1032,-40.0452,0.0],[144.1033,-40.0451,0.0]]],
[[[144.1027,-40.046,3.8958],[144.1026,-40.0459,3.8958],[144.1024,-40.046,3.8958],[144.1025,-40.0461,3.8958],[144.1027,-40.046,3.8958]]],
[[[143.8855,-40.0447,0.0822],[143.8856,-40.0447,0.0822],[143.8855,-40.0446,0.0822],[143.8855,-40.0447,0.0822]]],
[[[143.8861,-40.0446,0.0822],[143.8861,-40.0445,0.4126],[143.886,-40.0446,0.0822],[143.8861,-40.0446,0.0822]]],
[[[143.8858,-40.0439,0.4126],[143.8858,-40.0441,0.4126],[143.886,-40.044,0.4126],[143.8858,-40.0439,0.4126]]],
[[[143.8843,-40.0391,0.0],[143.8843,-40.039,0.0],[143.8842,-40.0389,0.0],[143.8842,-40.0391,0.0],[143.8843,-40.0391,0.0]]],
[[[144.0385,-40.0874,1.0741],[144.0387,-40.0874,1.0741],[144.039,-40.0872,0.0],[144.0386,-40.0872,1.0741],[144.0385,-40.0874,1.0741]]],
[[[144.0386,-40.0865,1.0741],[144.0385,-40.0868,1.0741],[144.0392,-40.0869,0.0],[144.0391,-40.0864,0.0],[144.0386,-40.0865,1.0741]]],
[[[143.8682,-40.086,0.0],[143.8685,-40.0859,0.0],[143.8681,-40.0859,0.0],[143.8682,-40.086,0.0]]],
[[[144.0382,-40.083,2.8075],[144.0382,-40.0826,1.1167],[144.0378,-40.0832,2.8075],[144.0381,-40.0831,2.8075],[144.0382,-40.083,2.8075]]],
[[[143.8699,-40.0815,0.0],[143.87,-40.0815,0.0],[143.8702,-40.0814,0.0],[143.8696,-40.0814,0.0],[143.8699,-40.0815,0.0]]],
[[[143.8702,-40.0826,0.0],[143.8702,-40.0825,0.0],[143.87,-40.0826,0.0],[143.8701,-40.0827,0.0],[143.8702,-40.0826,0.0]]],
[[[144.0373,-40.0858,1.1013],[144.0369,-40.0869,1.0741],[144.0376,-40.0871,1.0741],[144.0381,-40.0861,1.1013],[144.0373,-40.0858,1.1013]]],
[[[143.8701,-40.0809,0.0],[143.8702,-40.081,0.0],[143.8705,-40.0809,6.4169],[143.8703,-40.0809,6.4169],[143.8701,-40.0809,0.0]]],
[[[143.87,-40.0804,0.0],[143.8702,-40.0804,0.0],[143.8704,-40.0803,6.4169],[143.8699,-40.0804,0.0],[143.87,-40.0804,0.0]]],
[[[143.8668,-40.0793,0.0],[143.8669,-40.0792,0.0],[143.8666,-40.079,0.0],[143.8665,-40.0792,0.0],[143.8668,-40.0793,0.0]]],
[[[143.869,-40.0799,0.0],[143.8691,-40.0799,0.0],[143.8692,-40.0799,0.0],[143.8691,-40.0797,0.0],[143.869,-40.0799,0.0]]],
[[[144.0479,-40.0794,0.0],[144.0479,-40.0796,0.0],[144.0481,-40.0797,0.0],[144.0481,-40.0795,0.0],[144.0479,-40.0794,0.0]]],
[[[143.8687,-40.0779,11.0449],[143.8686,-40.078,2.1444],[143.8688,-40.0781,2.1444],[143.8689,-40.0779,11.0449],[143.8687,-40.0779,11.0449]]],
[[[143.867,-40.0771,0.5259],[143.8668,-40.0772,0.5259],[143.8666,-40.0776,0.5259],[143.8667,-40.0775,0.5259],[143.867,-40.0771,0.5259]]],
[[[143.8674,-40.0765,0.5259],[143.8675,-40.0764,0.5259],[143.8671,-40.0765,0.5259],[143.8672,-40.0766,0.5259],[143.8674,-40.0765,0.5259]]],
[[[143.8688,-40.0775,11.0449],[143.8688,-40.0776,11.0449],[143.869,-40.0776,11.0449],[143.8689,-40.0774,11.0449],[143.8688,-40.0775,11.0449]]],
[[[143.8641,-40.0744,5.6233],[143.864,-40.0743,0.0],[143.8639,-40.0744,0.0],[143.864,-40.0745,0.0],[143.8641,-40.0744,5.6233]]],
[[[143.8655,-40.074,5.6233],[143.8651,-40.0742,5.6233],[143.8652,-40.0743,5.6233],[143.8655,-40.0741,5.6233],[143.8655,-40.074,5.6233]]],
[[[143.8629,-40.0724,3.7308],[143.863,-40.0724,3.7308],[143.8629,-40.0719,3.7308],[143.8628,-40.0721,3.7308],[143.8629,-40.0724,3.7308]]],
[[[143.8643,-40.0696,26.9983],[143.8642,-40.0697,26.9983],[143.8644,-40.0697,26.9983],[143.8643,-40.0696,26.9983]]],
[[[143.8651,-40.0737,5.6233],[143.8654,-40.0735,5.6233],[143.8646,-40.0736,5.6233],[143.8647,-40.0739,5.6233],[143.8651,-40.0737,5.6233]]],
[[[143.8656,-40.0736,5.6233],[143.8657,-40.0736,5.6233],[143.8658,-40.0735,5.6233],[143.8657,-40.0735,5.6233],[143.8656,-40.0736,5.6233]]],
[[[143.8657,-40.0749,0.0],[143.8657,-40.075,0.0],[143.8658,-40.0749,0.0],[143.8657,-40.0749,0.0]]],
[[[143.8664,-40.0749,3.4996],[143.8666,-40.0749,3.4996],[143.8667,-40.0746,3.4996],[143.8663,-40.0748,3.4996],[143.8664,-40.0749,3.4996]]],
[[[143.8691,-40.0788,2.1444],[143.8692,-40.0788,2.1444],[143.8691,-40.0786,2.1444],[143.8691,-40.0788,2.1444]]],
[[[144.0475,-40.0787,0.0],[144.0475,-40.0785,0.0],[144.0472,-40.0785,0.0],[144.0473,-40.0788,0.0],[144.0475,-40.0787,0.0]]],
[[[143.8742,-40.1007,0.2811],[143.8743,-40.1008,0.2811],[143.8745,-40.1007,14.2969],[143.8744,-40.1006,14.2969],[143.8742,-40.1007,0.2811]]],
[[[143.8743,-40.1004,0.2811],[143.8741,-40.1005,0.2811],[143.8741,-40.1006,0.2811],[143.8744,-40.1005,14.2969],[143.8743,-40.1004,0.2811]]],
[[[143.8751,-40.1004,14.2969],[143.875,-40.1005,14.2969],[143.8752,-40.1004,14.2969],[143.8751,-40.1004,14.2969]]],
[[[147.8914,-40.0961,0.0],[147.8907,-40.0943,0.0],[147.8865,-40.0946,0.0],[147.8886,-40.0992,3.4983],[147.886,-40.1012,0.0],[147.8884,-40.1046,3.5373],[147.8868,-40.1062,0.0],[147.8906,-40.1048,0.6375],[147.8922,-40.1017,0.8345],[147.8915,-40.0988,1.1689],[147.8932,-40.0973,0.0],[147.8914,-40.0961,0.0]]],
[[[143.8743,-40.1011,0.2811],[143.8743,-40.1012,0.2811],[143.8746,-40.101,14.2969],[143.8745,-40.101,14.2969],[143.8743,-40.1011,0.2811]]],
[[[144.03,-40.1015,0.0],[144.03,-40.1014,0.0],[144.0298,-40.1013,0.0],[144.0299,-40.1015,0.0],[144.03,-40.1015,0.0]]],
[[[144.0302,-40.1022,0.0],[144.0303,-40.1021,0.0],[144.0302,-40.102,0.0],[144.0301,-40.1022,0.0],[144.0302,-40.1022,0.0]]],
[[[144.0107,-40.1018,0.0],[144.0108,-40.1018,0.0],[144.0108,-40.1017,0.0],[144.0107,-40.1018,0.0]]],
[[[144.0297,-40.102,0.0],[144.0299,-40.102,0.0],[144.0299,-40.1018,0.0],[144.0297,-40.1018,0.0],[144.0297,-40.102,0.0]]],
[[[144.0307,-40.1018,0.0],[144.0306,-40.1017,0.0],[144.0306,-40.1016,0.0],[144.0305,-40.1017,0.0],[144.0307,-40.1018,0.0]]],
[[[144.0302,-40.1018,0.0],[144.0303,-40.1016,0.0],[144.0302,-40.1015,0.0],[144.0299,-40.1017,0.0],[144.0302,-40.1018,0.0]]],
[[[143.8722,-40.0999,0.0],[143.8721,-40.1,0.0],[143.8721,-40.1001,0.0],[143.8723,-40.1001,0.2811],[143.8722,-40.0999,0.0]]],
[[[143.872,-40.0984,0.0],[143.8722,-40.0984,0.0],[143.8723,-40.0983,0.188],[143.8718,-40.0983,0.0],[143.872,-40.0984,0.0]]],
[[[143.8725,-40.0964,3.483],[143.8724,-40.0963,3.483],[143.8719,-40.0963,0.0],[143.8724,-40.0965,3.483],[143.8725,-40.0964,3.483]]],
[[[143.8714,-40.096,6.114],[143.8714,-40.0961,6.114],[143.8716,-40.0961,6.114],[143.8714,-40.096,6.114]]],
[[[143.8708,-40.0959,6.114],[143.871,-40.0959,6.114],[143.8711,-40.0957,6.114],[143.8709,-40.0957,6.114],[143.8708,-40.0959,6.114]]],
[[[143.8683,-40.0926,0.9233],[143.8681,-40.0926,0.0],[143.8681,-40.0928,0.0],[143.8683,-40.0926,0.9233]]],
[[[143.8686,-40.092,0.9233],[143.8684,-40.0922,0.9233],[143.8684,-40.0923,0.9233],[143.8687,-40.0921,0.9233],[143.8686,-40.092,0.9233]]],
[[[144.0295,-40.0904,0.0],[144.0296,-40.09,0.0],[144.0293,-40.09,0.0],[144.0294,-40.0903,0.0],[144.0295,-40.0904,0.0]]],
[[[144.0248,-40.0937,3.4147],[144.0247,-40.0935,3.4147],[144.0245,-40.0935,0.0],[144.0246,-40.094,3.4147],[144.0248,-40.0937,3.4147]]],
[[[144.0212,-40.0933,0.0],[144.021,-40.093,0.0],[144.0208,-40.0936,0.0],[144.0211,-40.0935,0.0],[144.0212,-40.0933,0.0]]],
[[[143.8749,-40.0996,14.2969],[143.875,-40.0998,14.2969],[143.8752,-40.0997,14.2969],[143.8752,-40.0996,14.2969],[143.8749,-40.0996,14.2969]]],
[[[144.0082,-40.0992,0.0],[144.0084,-40.0992,0.0],[144.0085,-40.099,0.0],[144.0081,-40.0991,0.0],[144.0082,-40.0992,0.0]]],
[[[143.8744,-40.0991,21.401],[143.8746,-40.0991,21.401],[143.8745,-40.099,21.401],[143.8744,-40.0991,21.401]]],
[[[143.8757,-40.0976,11.8398],[143.8759,-40.0977,11.8398],[143.8759,-40.0975,11.8398],[143.8757,-40.0976,11.8398]]],
[[[143.8731,-40.0967,3.483],[143.8732,-40.0968,3.483],[143.8732,-40.0967,3.483],[143.8731,-40.0966,3.483],[143.8731,-40.0967,3.483]]],
[[[144.0107,-40.0945,13.9628],[144.0105,-40.0946,0.0],[144.0105,-40.0947,0.0],[144.0108,-40.0946,0.0],[144.0107,-40.0945,13.9628]]],
[[[147.7615,-40.0449,10.4042],[147.7607,-40.0489,2.269],[147.7583,-40.0521,9.9561],[147.7565,-40.052,0.0],[147.7562,-40.0555,0.4281],[147.7543,-40.0567,0.7439],[147.7564,-40.0587,1.1654],[147.7557,-40.0602,3.9473],[147.7474,-40.0665,11.1444],[147.7486,-40.0691,7.4561],[147.7468,-40.0701,0.0],[147.747,-40.0719,8.6754],[147.7484,-40.0735,4.9382],[147.7478,-40.0754,1.7338],[147.7491,-40.0751,4.047],[147.7479,-40.0762,1.7338],[147.751,-40.0762,4.047],[147.7471,-40.0803,22.5318],[147.7412,-40.0813,0.0],[147.7431,-40.0825,8.1116],[147.7419,-40.0839,7.4345],[147.7388,-40.0839,0.0],[147.7255,-40.0913,6.126],[147.7263,-40.1031,0.0],[147.7358,-40.1019,2.4941],[147.7387,-40.0985,29.3945],[147.7452,-40.0966,2.7574],[147.7489,-40.0999,0.0],[147.7527,-40.0955,23.7861],[147.7565,-40.0948,5.3258],[147.7588,-40.0908,5.4671],[147.7587,-40.0874,21.8695],[147.7625,-40.0827,13.1097],[147.7577,-40.076,0.0],[147.7596,-40.0683,0.0],[147.7657,-40.0638,0.0],[147.7659,-40.0596,0.0],[147.7761,-40.0495,0.0],[147.7765,-40.0476,8.6416],[147.7827,-40.043,0.0],[147.7875,-40.0421,4.4027],[147.784,-40.0405,3.7036],[147.7816,-40.0352,4.288],[147.7791,-40.0349,11.3285],[147.7763,-40.032,1.5262],[147.7772,-40.0258,1.7924],[147.7744,-40.0229,0.2195],[147.7714,-40.0235,0.5043],[147.7642,-40.0286,0.0],[147.7655,-40.0364,0.0],[147.7615,-40.0449,10.4042]]],
[[[143.8855,-40.0374,0.5488],[143.8856,-40.0375,0.5488],[143.8856,-40.0374,0.5488],[143.8855,-40.0374,0.5488]]],
[[[143.8841,-40.0327,0.2176],[143.8842,-40.0327,0.2176],[143.8841,-40.0326,0.2176],[143.8841,-40.0327,0.2176]]],
[[[143.8839,-40.0306,0.5288],[143.8839,-40.0304,0.5288],[143.8837,-40.0303,0.5288],[143.8837,-40.0305,0.5288],[143.8839,-40.0306,0.5288]]],
[[[147.8471,-40.0256,1.4134],[147.8444,-40.0249,1.7012],[147.8432,-40.0263,0.0],[147.8439,-40.0289,7.2633],[147.848,-40.0293,0.0],[147.8471,-40.0256,1.4134]]],
[[[143.8844,-40.0237,0.0889],[143.8844,-40.0236,0.0889],[143.8843,-40.0238,0.0889],[143.8844,-40.0238,0.0889],[143.8844,-40.0237,0.0889]]],
[[[147.8155,-39.9112,16.839],[147.8171,-39.9094,3.8558],[147.8231,-39.9085,0.72],[147.8262,-39.9058,8.7684],[147.8317,-39.9049,0.0],[147.834,-39.9022,6.9517],[147.8408,-39.9022,4.7316],[147.8482,-39.898,0.0],[147.8613,-39.898,0.0],[147.8696,-39.9071,1.4034],[147.8753,-39.9089,5.6697],[147.88,-39.9073,3.5769],[147.8795,-39.9085,9.1127],[147.876,-39.9096,0.0],[147.8873,-39.9213,8.5282],[147.8992,-39.9428,2.9284],[147.9056,-39.9649,11.8528],[147.9068,-39.9762,5.0071],[147.9056,-39.9782,7.2537],[147.902,-39.9794,0.0],[147.9034,-39.9808,7.2645],[147.9032,-39.992,0.0],[147.8982,-39.9943,2.3],[147.8989,-39.9963,10.3269],[147.8973,-39.999,27.9002],[147.8945,-40.0004,12.0402],[147.8913,-39.9991,1.3833],[147.8895,-40.0024,6.9464],[147.8858,-40.0006,0.0],[147.8857,-40.0066,3.9289],[147.8805,-40.0121,3.0416],[147.8759,-40.0129,1.6607],[147.8713,-40.0088,0.585],[147.8712,-40.01,8.4951],[147.8693,-40.0095,0.0],[147.8674,-40.0129,0.0],[147.8651,-40.0128,3.7398],[147.8657,-40.016,5.5102],[147.8628,-40.0167,5.1651],[147.8632,-40.0184,6.8759],[147.8581,-40.0191,0.0],[147.859,-40.0234,0.0],[147.8748,-40.0213,0.0],[147.8805,-40.024,2.9157],[147.8922,-40.0347,0.0],[147.8946,-40.0346,0.0],[147.8951,-40.037,0.0],[147.898,-40.0357,4.5382999999999996],[147.9018,-40.0376,2.8244],[147.9063,-40.0314,0.0079],[147.9145,-40.0314,0.0],[147.9172,-40.0298,0.0],[147.9339,-40.0346,0.0],[147.9389,-40.0384,1.4262],[147.9474,-40.0584,0.0],[147.9517,-40.0612,14.0092],[147.9541,-40.0909,1.2894],[147.952,-40.0964,0.7639],[147.9536,-40.099,0.67],[147.9554,-40.0961,6.0329],[147.9616,-40.093,0.0],[147.9645,-40.0888,2.0121],[147.9633,-40.0844,0.0],[147.9586,-40.0868,5.5005],[147.9565,-40.0857,4.5883],[147.9553,-40.0823,0.8107],[147.96,-40.0764,0.0],[147.9639,-40.0751,0.5519],[147.9667,-40.0758,0.7428],[147.9685,-40.0786,4.3293],[147.9702,-40.0866,0.0],[147.9736,-40.0862,6.7013],[147.9774,-40.0905,1.2556],[147.9827,-40.0925,2.4286],[147.9896,-40.092,1.9609],[147.9948,-40.0978,1.9876],[147.9972,-40.1048,0.0],[148.0003,-40.1051,0.5986],[148.0012,-40.1042,1.1519],[147.9991,-40.1046,0.9879],[148.0026,-40.1025,6.1384],[148.007,-40.1054,2.182],[148.0144,-40.1226,0.7549],[148.0165,-40.1319,0.0],[148.0171,-40.1481,2.414],[148.0157,-40.1639,0.9909],[148.0176,-40.1706,0.0],[148.0362,-40.1906,0.0],[148.0395,-40.1959,9.3574],[148.0419,-40.2041,4.6687],[148.0415,-40.2088,6.5248],[148.0373,-40.2142,4.3657],[148.0403,-40.2156,2.6345],[148.0374,-40.2144,4.3657],[148.0291,-40.217,5.9863],[148.0263,-40.2147,11.941],[148.0259,-40.2118,3.1793],[148.0244,-40.2119,0.0],[148.0252,-40.2258,4.2191],[148.0296,-40.231,4.366],[148.0341,-40.2272,4.027],[148.0403,-40.2301,0.9639],[148.0431,-40.2375,0.0],[148.0419,-40.244,3.3398],[148.0461,-40.2495,9.0587],[148.0503,-40.2475,10.4158],[148.06,-40.2478,13.3972],[148.061,-40.2492,3.9258],[148.0604,-40.2493,3.9258],[148.0599,-40.2485,3.9258],[148.0592,-40.2486,0.0],[148.063,-40.2519,0.0],[148.0658,-40.258,0.0],[148.0716,-40.2573,7.9789],[148.0775,-40.2602,1.6726],[148.0777,-40.2616,0.0],[148.0802,-40.2596,8.3402],[148.0829,-40.2603,7.4315],[148.0887,-40.2653,18.4052],[148.0886,-40.2689,2.7175],[148.0921,-40.2685,0.5551],[148.0941,-40.2665,2.3357],[148.0944,-40.2627,22.2492],[148.0977,-40.2622,4.5012],[148.0982,-40.2608,13.8739],[148.0983,-40.2618,4.5012],[148.0979,-40.2623,4.5012],[148.0944,-40.2632,16.2631],[148.107,-40.2657,12.036],[148.1124,-40.2695,9.0653],[148.1136,-40.2727,2.4747],[148.1203,-40.2725,10.0005],[148.1221,-40.274,1.9511],[148.1298,-40.2669,3.8655],[148.1356,-40.2695,6.61],[148.1382,-40.2652,2.9741],[148.1488,-40.2658,4.8631],[148.1509,-40.2642,0.0],[148.1516,-40.2614,3.1306],[148.1534,-40.26,8.6973],[148.1533,-40.2605,8.6973],[148.1519,-40.2614,3.1306],[148.1517,-40.2623,3.1306],[148.1554,-40.2629,14.6785],[148.1558,-40.265,0.0],[148.1595,-40.2595,22.3946],[148.1629,-40.2594,2.555],[148.1647,-40.2577,14.0052],[148.1679,-40.2525,17.2523],[148.1747,-40.2528,5.1288],[148.1787,-40.2501,0.899],[148.1854,-40.2499,0.0],[148.1887,-40.246,0.0],[148.1846,-40.2454,5.8742],[148.1841,-40.2417,5.4815],[148.1928,-40.2329,0.0],[148.1889,-40.2268,4.0047],[148.1966,-40.2196,0.0],[148.1932,-40.2189,3.7033],[148.1987,-40.2192,0.6841],[148.2006,-40.2161,2.5905],[148.2056,-40.2148,0.0],[148.2103,-40.2107,2.1371],[148.226,-40.211,3.491],[148.2339,-40.2092,3.3412],[148.2375,-40.2112,3.4035],[148.2374,-40.2137,0.0],[148.2393,-40.2124,8.3],[148.2425,-40.2148,0.0],[148.2435,-40.2125,11.0515],[148.2476,-40.2122,0.0],[148.2487,-40.2108,12.9613],[148.2547,-40.2126,3.492],[148.2559,-40.2099,0.0],[148.2589,-40.2099,0.0],[148.2623,-40.2127,1.642],[148.2658,-40.2126,12.657],[148.2679,-40.2172,4.1957],[148.2722,-40.2172,3.8944],[148.2715,-40.2297,0.0],[148.2737,-40.2298,1.1495],[148.2717,-40.2308,0.0],[148.2833,-40.2314,0.0],[148.3132,-40.2221,1.9061],[148.3342,-40.2091,0.0],[148.3333,-40.2047,0.0],[148.3184,-40.1827,0.0],[148.3148,-40.1741,4.6768],[148.3122,-40.161,0.6443],[148.2932,-40.1103,0.0],[148.2877,-40.0808,1.4385],[148.2818,-40.0807,0.0],[148.2833,-40.0858,2.5336],[148.2811,-40.0939,0.0],[148.2839,-40.112,1.0176],[148.2792,-40.1164,2.029],[148.2586,-40.1202,0.0],[148.2511,-40.1258,0.3965],[148.24,-40.1229,0.0],[148.2338,-40.1277,0.0],[148.2253,-40.1239,0.202],[148.2233,-40.1212,0.0],[148.2238,-40.1191,0.1093],[148.2352,-40.1076,1.3531],[148.2383,-40.1015,2.2358],[148.2415,-40.0999,0.2793],[148.2428,-40.0998,0.2793],[148.2416,-40.1,0.2793],[148.2449,-40.1041,0.0],[148.2462,-40.1038,3.6156],[148.2467,-40.0998,1.8983],[148.2702,-40.0897,0.0],[148.2681,-40.0915,0.0],[148.2692,-40.0908,0.096],[148.2778,-40.0828,0.9967],[148.2782,-40.0794,0.9114],[148.2822,-40.0762,0.0],[148.2863,-40.0679,0.0],[148.2858,-40.0496,2.7975],[148.2799,-40.0227,3.7098],[148.2793,-40.0086,3.0208],[148.2828,-39.9864,0.0],[148.2911,-39.9651,0.0],[148.2715,-39.9679,0.0],[148.2602,-39.9669,3.9309],[148.2227,-39.9549,3.6469],[148.205,-39.9452,1.675],[148.2032,-39.9462,0.0],[148.2035,-39.9484,0.0],[148.1983,-39.9499,5.267],[148.1881,-39.9478,0.0],[148.1797,-39.9495,0.0],[148.1785,-39.9491,0.6682],[148.1793,-39.9477,0.0],[148.1772,-39.9496,5.1824],[148.1772,-39.9521,6.0592],[148.1766,-39.9508,4.7816],[148.1771,-39.9487,0.6682],[148.1718,-39.9453,4.7547],[148.171,-39.9426,7.8546],[148.1717,-39.9433,3.0565],[148.172,-39.9453,4.7547],[148.1757,-39.9463,1.9353],[148.1774,-39.9484,0.6682],[148.1783,-39.9461,0.114],[148.1769,-39.9431,4.2922],[148.1797,-39.9446,0.3274],[148.1792,-39.9456,0.3274],[148.1861,-39.9466,0.0],[148.1696,-39.9378,0.0],[148.1438,-39.9181,5.0175],[148.1241,-39.8985,0.0],[148.124,-39.8999,1.3549],[148.1171,-39.8984,3.7578],[148.108,-39.8949,2.5151],[148.109,-39.8947,2.5151],[148.1116,-39.8952,2.0216],[148.1142,-39.8967,0.7648],[148.1178,-39.8945,3.6979],[148.1192,-39.8971,0.1403],[148.1225,-39.8974,0.0],[148.0949,-39.8658,0.4435],[148.0386,-39.8151,3.463],[148.0076,-39.7801,3.5946],[147.9857,-39.7629,0.0],[147.9607,-39.7301,0.0],[147.9626,-39.7339,0.0],[147.9615,-39.7341,0.0],[147.9626,-39.7346,2.2146],[147.9615,-39.7346,2.2146],[147.962,-39.7402,0.3987],[147.9642,-39.7387,1.4197],[147.9625,-39.7417,0.6829],[147.9676,-39.7418,0.8109],[147.9627,-39.742,0.6829],[147.9623,-39.7433,0.0],[147.9674,-39.7462,6.3191],[147.9749,-39.7614,0.0],[147.9759,-39.7623,0.0],[147.9759,-39.761,1.3737],[147.9789,-39.7606,4.3596],[147.9816,-39.7629,8.3866],[147.9841,-39.7708,1.0055],[147.9881,-39.7743,0.622],[147.9886,-39.7726,2.3291],[147.9907,-39.7793,1.282],[147.9806,-39.7729,0.4366],[147.979,-39.7706,1.5923],[147.9804,-39.769,0.1771],[147.977,-39.7682,2.3608],[147.9707,-39.7624,2.7333],[147.9698,-39.761,0.3246],[147.9711,-39.7601,0.3246],[147.9675,-39.7592,0.0],[147.9681,-39.7647,1.7933],[147.9716,-39.772,4.3127],[147.9695,-39.7743,0.3586],[147.9667,-39.7729,6.8509],[147.9685,-39.7692,0.0],[147.9668,-39.7674,5.1764],[147.9665,-39.7648,5.5639],[147.9674,-39.7654,1.7933],[147.9664,-39.7644,1.0001],[147.9626,-39.7631,2.6087],[147.9609,-39.7616,8.273],[147.9617,-39.7599,0.0],[147.959,-39.7546,0.0],[147.9613,-39.7504,0.0],[147.956,-39.7449,4.9162],[147.9577,-39.738,1.0694],[147.9558,-39.732,4.6321],[147.9571,-39.7301,2.5012],[147.9638,-39.7283,0.3162],[147.9635,-39.7271,0.4823],[147.9573,-39.7279,0.0],[147.9535,-39.7243,0.3419],[147.9417,-39.7196,3.5122],[147.9414,-39.7219,14.1603],[147.9375,-39.7225,0.0],[147.9401,-39.7239,2.6336],[147.9365,-39.7263,11.359],[147.9344,-39.733,23.1018],[147.9255,-39.738,5.1418],[147.9235,-39.7409,3.7444],[147.9212,-39.7395,0.0],[147.9196,-39.7443,0.0],[147.9142,-39.7449,6.2094],[147.9142,-39.7464,33.6132],[147.9053,-39.7465,0.0],[147.9038,-39.7492,2.6275],[147.8973,-39.7502,1.4814],[147.8919,-39.7577,2.0551],[147.8842,-39.7613,10.8381],[147.8787,-39.7618,5.2763],[147.8756,-39.7591,1.3968],[147.8723,-39.7585,11.7358],[147.871,-39.7533,0.0],[147.8627,-39.7472,0.0],[147.862,-39.7494,0.0],[147.8589,-39.7513,28.1876],[147.8578,-39.7502,3.2244],[147.848,-39.7507,1.2598],[147.8474,-39.7552,0.7472],[147.8518,-39.7624,0.0],[147.8581,-39.7647,0.0],[147.8682,-39.7743,1.1795],[147.8685,-39.7768,11.4418],[147.8641,-39.7809,0.6174],[147.8687,-39.7819,3.3188],[147.8678,-39.784,0.0],[147.8697,-39.7867,2.6296],[147.8647,-39.7937,12.8914],[147.8609,-39.7942,0.254],[147.8633,-39.7962,14.3285],[147.8627,-39.7979,10.443],[147.8524,-39.8003,3.758],[147.8521,-39.8023,41.2585],[147.8484,-39.8043,5.2497],[147.8473,-39.8031,1.5427],[147.8467,-39.8051,15.9272],[147.8409,-39.8088,0.0],[147.8424,-39.8111,5.0713],[147.8417,-39.8133,2.1172],[147.843,-39.814,2.1172],[147.8446,-39.8126,30.5214],[147.8493,-39.8173,5.8602],[147.8508,-39.8226,2.069],[147.8459,-39.8316,14.2603],[147.8406,-39.8356,0.0],[147.8424,-39.8368,7.7217],[147.8437,-39.836,10.1241],[147.8438,-39.8371,8.7714],[147.8435,-39.8363,7.7217],[147.8425,-39.837,7.7217],[147.8347,-39.8356,4.0973],[147.8294,-39.8328,0.0],[147.8282,-39.8343,5.8277],[147.8259,-39.8333,1.1645],[147.8244,-39.8381,20.4148],[147.8202,-39.8375,6.857],[147.818,-39.8348,3.2262],[147.8117,-39.8338,2.344],[147.8067,-39.8358,6.1863],[147.8037,-39.8354,1.6329],[147.8021,-39.8366,1.509],[147.8032,-39.8421,19.6329],[147.7997,-39.843,0.0],[147.7998,-39.8446,5.8787],[147.7896,-39.851,0.0],[147.7912,-39.8517,7.1696],[147.7874,-39.8516,10.9679],[147.7852,-39.8506,1.0964],[147.7827,-39.8511,0.0],[147.7816,-39.8489,0.4601],[147.7803,-39.8507,5.0653],[147.7774,-39.8496,2.7486],[147.778,-39.8505,5.1111],[147.7746,-39.8516,8.4259],[147.7721,-39.855,1.034],[147.7747,-39.8579,27.5237],[147.7714,-39.8596,0.0],[147.7718,-39.8632,7.5927],[147.7695,-39.8664,15.5522],[147.7639,-39.8667,2.8829],[147.7617,-39.8694,3.4418],[147.756,-39.87,2.0425],[147.7523,-39.8732,12.3728],[147.7482,-39.8738,1.5603],[147.7506,-39.877,0.5114],[147.7534,-39.8779,24.1471],[147.7527,-39.8817,0.0],[147.7554,-39.883,3.2567],[147.7542,-39.8837,0.0],[147.7584,-39.8861,12.0586],[147.7561,-39.8889,0.0],[147.7572,-39.8906,0.0],[147.7685,-39.891,17.0027],[147.7706,-39.8926,7.9325],[147.7705,-39.8945,0.9876],[147.7735,-39.8936,3.0917],[147.7768,-39.8965,0.403],[147.7801,-39.8958,4.6646],[147.7851,-39.898,2.2876],[147.7875,-39.9009,1.5948],[147.7897,-39.8998,2.2313],[147.7941,-39.902,2.6297],[147.8003,-39.9076,0.0],[147.8016,-39.9108,7.2461],[147.8001,-39.9126,0.0],[147.804,-39.9164,0.0],[147.8101,-39.9163,0.0],[147.8112,-39.9133,0.0],[147.8155,-39.9112,16.839]]],
[[[143.8824,-40.1206,3.6683],[143.8936,-40.1226,8.2767],[143.8979,-40.1211,18.5735],[143.9044,-40.1214,0.0],[143.9044,-40.1242,0.1679],[143.9076,-40.1254,17.4339],[143.9084,-40.1281,10.7308],[143.9047,-40.1294,0.0687],[143.9059,-40.1303,2.1265],[143.9026,-40.1303,0.3584],[143.9034,-40.132,6.6403],[143.9004,-40.1339,1.8144],[143.9008,-40.1394,1.7517],[143.9055,-40.1392,3.8747],[143.9051,-40.1406,0.0],[143.9062,-40.1397,0.515],[143.9085,-40.1413,2.4505],[143.9079,-40.1427,2.4505],[143.9097,-40.1422,5.6191],[143.9129,-40.1445,4.286],[143.916,-40.1435,11.6294],[143.9157,-40.1481,2.5221],[143.9196,-40.1509,8.6066],[143.9233,-40.1573,0.0],[143.9268,-40.1575,0.7232],[143.9265,-40.1551,1.0769],[143.93,-40.1516,0.4442],[143.9281,-40.1494,0.8599],[143.9298,-40.1462,2.5716],[143.9281,-40.1455,2.5716],[143.9287,-40.1434,2.2149],[143.9211,-40.1392,5.515],[143.9211,-40.1341,7.0049],[143.9286,-40.1277,7.2604],[143.941,-40.1234,2.9494],[143.9431,-40.1179,3.3593],[143.9497,-40.1129,14.7476],[143.9582,-40.1094,11.7626],[143.9626,-40.1091,5.0264],[143.968,-40.1137,1.5912],[143.9692,-40.1132,5.4114],[143.9702,-40.1142,5.4114],[143.9695,-40.1167,1.1814],[143.9706,-40.1165,1.1814],[143.9712,-40.1167,0.2139],[143.9751,-40.1142,12.2252],[143.9788,-40.114,3.7786],[143.9777,-40.1108,1.0763],[143.9791,-40.109,1.3997],[143.9771,-40.1081,14.8883],[143.9773,-40.1061,0.0],[143.989,-40.0985,3.5178],[143.996,-40.0972,7.3684],[144.0038,-40.0997,0.0],[144.0078,-40.0984,3.9604],[144.0073,-40.0965,8.3536],[144.0118,-40.0934,13.9628],[144.0233,-40.092,3.7504],[144.0269,-40.0949,0.0],[144.0261,-40.0907,17.0376],[144.0289,-40.0904,0.0],[144.0305,-40.0884,4.0912],[144.0334,-40.0864,0.0],[144.0367,-40.0862,9.3494],[144.0371,-40.08,2.5463],[144.0509,-40.0741,1.8211],[144.0474,-40.0708,0.0],[144.0493,-40.0677,3.2841],[144.0567,-40.0651,0.0],[144.0609,-40.0665,0.0],[144.0603,-40.0638,3.0838],[144.063,-40.063,0.0],[144.0642,-40.0653,0.6722],[144.0603,-40.0696,0.2258],[144.0627,-40.0692,1.9946],[144.0657,-40.065,0.0],[144.0628,-40.0622,6.2547],[144.063,-40.0597,10.8422],[144.0681,-40.0578,0.0],[144.0704,-40.0514,0.3142],[144.0874,-40.0484,1.6277],[144.0939,-40.0523,1.9816],[144.0965,-40.0468,17.7194],[144.1006,-40.047,0.3894],[144.1035,-40.0434,0.8802],[144.1055,-40.0444,3.7597],[144.106,-40.0426,1.2187],[144.1016,-40.0389,2.2135],[144.1023,-40.0345,0.0],[144.1009,-40.0334,0.0],[144.1024,-40.032,4.6991],[144.1008,-40.0288,0.0],[144.1081,-40.0217,7.7345],[144.1162,-40.0181,1.234],[144.1169,-40.0119,5.7207],[144.115,-40.0113,7.9361],[144.1136,-40.008,1.8487],[144.1158,-40.0078,7.005],[144.1163,-40.0058,10.6329],[144.1209,-40.0026,13.971],[144.1214,-39.9985,2.1358],[144.1241,-39.9978,3.4916],[144.128,-39.9932,0.0],[144.1254,-39.9881,0.0],[144.1277,-39.9843,11.6966],[144.1311,-39.9828,12.804],[144.133,-39.9774,14.1034],[144.1313,-39.9633,19.7754],[144.1337,-39.96,0.0],[144.133,-39.9574,19.3431],[144.1343,-39.9565,0.0],[144.1349,-39.9507,0.0],[144.1339,-39.9492,0.1909],[144.1364,-39.9451,0.0],[144.1357,-39.9427,0.1934],[144.1377,-39.9383,4.7032],[144.137,-39.9278,0.8826],[144.1357,-39.9244,0.0],[144.1114,-39.9138,1.8055],[144.1082,-39.9066,15.4683],[144.105,-39.8913,0.68],[144.1045,-39.8782,7.9756],[144.1066,-39.8662,10.908],[144.1109,-39.8574,3.4719],[144.1182,-39.8503,0.0],[144.1248,-39.8362,13.5196],[144.1279,-39.8221,0.0],[144.1116,-39.7996,0.0],[144.1047,-39.7793,6.9366],[144.1017,-39.7634,0.5285],[144.1008,-39.7371,0.0],[144.1099,-39.6777,0.0],[144.1098,-39.6702,0.0],[144.0689,-39.644,2.1298],[144.0564,-39.6334,0.0],[144.0515,-39.6255,0.0],[144.0359,-39.6203,7.7895],[144.0126,-39.6088,0.0],[144.0058,-39.6022,7.2501],[144.0042,-39.5985,0.0],[144.0054,-39.5966,0.0],[144.002,-39.5972,1.9932],[144.0017,-39.5999,4.8475],[143.9964,-39.6015,12.5183],[143.9844,-39.601,1.943],[143.976,-39.5921,1.8716],[143.972,-39.5915,9.8329],[143.9695,-39.5888,0.3865],[143.9564,-39.5854,23.0652],[143.9497,-39.5792,0.5084],[143.9406,-39.5845,0.438],[143.9354,-39.5948,11.6192],[143.927,-39.5922,2.9345],[143.9242,-39.5953,9.9588],[143.9263,-39.5976,15.5816],[143.9252,-39.6008,2.6854],[143.9276,-39.6031,2.4555],[143.9269,-39.6093,6.135],[143.9254,-39.6098,3.3468],[143.925,-39.6122,4.6776],[143.9317,-39.6204,0.1053],[143.9307,-39.6228,0.0],[143.9333,-39.6254,8.2694],[143.9313,-39.6295,0.0],[143.9342,-39.6338,15.8366],[143.9346,-39.6382,10.9015],[143.9325,-39.6497,27.8729],[143.9223,-39.6695,0.0],[143.9133,-39.6801,0.0],[143.8913,-39.6983,7.2373],[143.8898,-39.6971,0.825],[143.8752,-39.7004,5.1532],[143.866,-39.7096,6.8696],[143.8493,-39.7108,0.3629],[143.8442,-39.7156,0.6555],[143.847,-39.7178,9.5681],[143.845,-39.7231,0.0],[143.8473,-39.7237,3.4836],[143.8458,-39.7252,4.5789],[143.8468,-39.7292,2.8689],[143.8496,-39.73,0.2707],[143.8479,-39.7326,1.8868],[143.851,-39.7329,8.2597],[143.8523,-39.7346,2.1629],[143.8514,-39.7353,0.0],[143.8547,-39.7375,15.2861],[143.8527,-39.7397,0.0],[143.8534,-39.7453,0.1835],[143.8515,-39.7466,0.1627],[143.8542,-39.7507,12.9916],[143.8487,-39.7544,1.8362],[143.8515,-39.7573,0.295],[143.8512,-39.7607,1.1306],[143.8497,-39.7616,3.234],[143.8522,-39.7632,5.0825],[143.8513,-39.7648,0.0],[143.8528,-39.7662,3.8101],[143.8502,-39.7702,1.853],[143.8558,-39.7732,13.0926],[143.8567,-39.7783,2.7258],[143.863,-39.7896,7.4524],[143.8628,-39.7932,13.4427],[143.8598,-39.7944,0.0],[143.8659,-39.8009,3.2546],[143.8604,-39.8071,1.7467],[143.8632,-39.8099,9.3217],[143.8595,-39.8121,0.1309],[143.8607,-39.814,1.9012],[143.8591,-39.8162,0.3042],[143.8639,-39.8199,1.78],[143.8635,-39.8218,8.739],[143.8601,-39.8235,0.7414],[143.8645,-39.8246,15.9828],[143.8672,-39.8335,2.0548],[143.8661,-39.8407,9.3876],[143.8639,-39.8444,1.2946],[143.8588,-39.8497,7.8043],[143.8541,-39.8513,2.542],[143.8593,-39.8535,0.0],[143.8604,-39.8566,5.2911],[143.8539,-39.8617,6.5478],[143.8563,-39.864,9.745],[143.8535,-39.8676,0.1165],[143.8512,-39.8698,8.4332],[143.8469,-39.8704,1.2182],[143.8479,-39.8734,13.1808],[143.8442,-39.8769,0.0],[143.8455,-39.8787,0.0],[143.8421,-39.8835,0.2554],[143.844,-39.8844,2.6314],[143.8419,-39.885,0.4972],[143.8466,-39.8875,4.1547],[143.8456,-39.8898,14.9793],[143.8439,-39.8896,0.2307],[143.8471,-39.8945,4.3273],[143.8419,-39.8959,0.7987],[143.8353,-39.9023,1.7177],[143.8377,-39.9044,9.4243],[143.8367,-39.9071,0.0],[143.8396,-39.9105,8.2054],[143.8333,-39.9155,1.651],[143.8338,-39.9214,0.4333],[143.836,-39.922,3.6821],[143.8358,-39.9235,0.523],[143.8397,-39.9224,7.4583],[143.8443,-39.9232,1.3403],[143.845,-39.9275,0.0],[143.8432,-39.9275,0.0],[143.845,-39.9283,1.7701],[143.8398,-39.9291,1.1307],[143.8393,-39.9325,0.7833],[143.8377,-39.9333,1.7574],[143.8409,-39.9351,1.8801],[143.8386,-39.9362,0.2332],[143.8436,-39.9379,6.4503],[143.8445,-39.9413,0.8479],[143.8485,-39.9422,3.8155],[143.8526,-39.9457,1.7811],[143.8556,-39.9453,5.5738],[143.8564,-39.9484,3.1103],[143.8604,-39.949,9.9342],[143.8594,-39.951,0.1622],[143.8637,-39.9519,3.0962],[143.869,-39.9581,0.7609],[143.8696,-39.9609,0.0],[143.8682,-39.9635,1.5927],[143.8748,-39.967,1.7645],[143.879,-39.9672,4.4776],[143.8796,-39.9701,0.0],[143.8843,-39.9756,1.6959],[143.8858,-39.9835,0.6258],[143.889,-39.9856,23.7297],[143.886,-39.9884,0.1912],[143.8871,-39.9915,1.524],[143.8916,-39.9935,10.9658],[143.885,-39.999,1.4229],[143.8879,-40.0057,0.2051],[143.8925,-40.0069,2.8613],[143.893,-40.0109,19.6707],[143.8917,-40.013,28.2481],[143.889,-40.0133,14.4478],[143.8892,-40.0184,21.3232],[143.8854,-40.0235,1.8328],[143.8858,-40.0276,2.4906],[143.884,-40.0282,0.615],[143.8862,-40.037,0.5488],[143.8854,-40.0427,1.024],[143.8893,-40.0491,19.7556],[143.8883,-40.0493,0.0],[143.89,-40.054,10.1656],[143.8863,-40.0589,0.0],[143.8799,-40.0627,1.2245],[143.8737,-40.0626,0.507],[143.8716,-40.064,15.962],[143.8706,-40.0619,1.0455],[143.8688,-40.0632,22.0668],[143.8663,-40.0605,1.6803],[143.8622,-40.0601,6.5549],[143.8584,-40.0621,4.3949],[143.858,-40.0643,13.9271],[143.8655,-40.0683,7.0573],[143.8635,-40.0727,3.7308],[143.8644,-40.0721,25.1854],[143.8676,-40.0748,3.4996],[143.8672,-40.0762,3.4996],[143.8688,-40.076,24.2448],[143.8671,-40.0774,0.5259],[143.8684,-40.0766,11.0449],[143.8695,-40.078,2.1444],[143.8693,-40.0798,0.0],[143.8709,-40.08,6.4169],[143.8701,-40.0819,0.0],[143.872,-40.0839,10.4811],[143.869,-40.0852,0.0],[143.8704,-40.0871,30.0561],[143.8684,-40.0874,7.6372],[143.8681,-40.0895,0.0],[143.87,-40.0913,0.9233],[143.8691,-40.0936,0.0],[143.8709,-40.0932,17.2933],[143.8694,-40.0949,0.0],[143.8761,-40.0973,11.8398],[143.8759,-40.0978,11.8398],[143.8747,-40.0988,21.401],[143.875,-40.099,21.401],[143.8744,-40.0995,21.401],[143.8753,-40.0994,21.401],[143.8758,-40.0998,14.2969],[143.8757,-40.1024,9.371],[143.8741,-40.1042,0.8528],[143.8764,-40.1063,44.2092],[143.8735,-40.1085,2.1593],[143.8745,-40.1081,35.7023],[143.8765,-40.1117,26.7466],[143.874,-40.1127,2.0156],[143.8758,-40.1135,7.6936],[143.8757,-40.1173,1.7229],[143.8824,-40.1206,3.6683]],
[[143.9669,-40.1124,0.0],[143.9668,-40.1125,0.0],[143.9668,-40.1124,0.0],[143.9669,-40.1123,0.0],[143.9669,-40.1124,0.0]],
[[143.8861,-40.0435,0.4126],[143.8862,-40.0434,0.4126],[143.8863,-40.0435,0.4126],[143.8861,-40.0435,0.4126]],
[[143.8858,-40.0416,1.024],[143.886,-40.0417,1.024],[143.8858,-40.0418,1.024],[143.8858,-40.0416,1.024]]],
[[[148.0018,-40.376,0.0],[148.0017,-40.3761,0.0],[148.00168992248061,-40.376089922480624,0.0],[147.9947,-40.3818,5.5395],[147.9948,-40.3836,12.172],[147.9928,-40.3828,0.0],[147.9873,-40.387,0.0],[147.9883,-40.388,13.9898],[147.9859,-40.3898,6.3738],[147.9859,-40.3911,6.3738],[147.9921,-40.3944,7.6756],[147.9891,-40.3998,8.1479],[147.9868,-40.3999,2.0143],[147.9856,-40.4026,1.0699],[147.9836,-40.4028,0.0],[147.9898,-40.406,3.1018],[147.9884,-40.4079,2.033],[147.9898,-40.4099,0.0],[147.9891,-40.4148,8.7707],[147.9868,-40.4172,6.7197],[147.9887,-40.4212,5.3062],[147.9974,-40.4237,1.3095],[148.0,-40.4196,0.0],[148.0115,-40.4156,1.1237],[148.0128,-40.4136,3.1008],[148.0177,-40.4141,6.2785],[148.028,-40.4203,0.0],[148.0305,-40.4259,0.0],[148.0342,-40.4245,13.8055],[148.0304,-40.4272,5.0091],[148.0266,-40.4268,0.3172],[148.0244,-40.43,0.8771],[148.0412,-40.4315,0.0],[148.0454,-40.4345,20.1978],[148.0457,-40.4377,11.4704],[148.0435,-40.4383,3.0356],[148.0422,-40.4414,4.9902],[148.0399,-40.4414,2.2509],[148.0432,-40.4424,4.9902],[148.0435,-40.4455,1.3011],[148.046,-40.4454,29.7439],[148.0463,-40.4489,4.1763],[148.0512,-40.448,1.9178],[148.0519,-40.4501,0.0],[148.0538,-40.4489,13.3661],[148.055,-40.4506,1.4744],[148.0589,-40.4489,9.1683],[148.0604,-40.4533,0.6219],[148.0621,-40.4536,0.5264],[148.063,-40.452,9.0164],[148.0669,-40.4532,0.0],[148.0718,-40.4524,4.6341],[148.0771,-40.4553,4.5964],[148.0825,-40.4549,4.4711],[148.0858,-40.4574,1.6051],[148.0871,-40.456,3.0754],[148.0866,-40.453,0.8276],[148.0911,-40.45,0.0],[148.1134,-40.4478,4.8394],[148.1222,-40.44,0.931],[148.1277,-40.4397,0.0],[148.1345,-40.4423,3.9224],[148.1421,-40.4501,3.5189],[148.1438,-40.4542,2.5692],[148.1414,-40.4569,0.0],[148.1422,-40.4585,12.4061],[148.1395,-40.4601,0.0],[148.1408,-40.4605,3.4764],[148.1454,-40.4591,2.7626],[148.1457,-40.4574,20.6803],[148.1512,-40.4539,0.0],[148.1493,-40.4502,3.9192],[148.146,-40.4507,0.5404],[148.1446,-40.4497,0.5404],[148.1463,-40.45,1.9935],[148.1459,-40.449,0.1358],[148.1425,-40.4481,0.6927],[148.1497,-40.4484,1.7177],[148.1503,-40.4505,3.9192],[148.1572,-40.4482,0.0],[148.1643,-40.4503,1.3552],[148.1707,-40.4466,3.7697],[148.1825,-40.4453,1.9972],[148.1833,-40.4418,0.0],[148.1889,-40.4385,1.7108],[148.1961,-40.4371,1.9262],[148.196,-40.4355,8.3403],[148.207,-40.4424,6.9732],[148.2095,-40.4495,1.3471],[148.2177,-40.4574,1.2231],[148.2157,-40.4592,0.0],[148.2168,-40.4593,3.8607],[148.2162,-40.4618,5.2062],[148.2268,-40.4661,8.2715],[148.2398,-40.4598,0.0],[148.2409,-40.457,1.2342],[148.2497,-40.4548,0.0],[148.2584,-40.4457,6.128],[148.2739,-40.4363,0.0],[148.2735,-40.4303,7.4124],[148.2751,-40.4296,0.1974],[148.2734,-40.429,6.0319],[148.2756,-40.4297,0.1974],[148.2741,-40.431,0.1974],[148.2807,-40.4282,0.577],[148.286,-40.4281,0.0],[148.2914,-40.434,5.9457],[148.2938,-40.4342,8.6257],[148.3099,-40.4267,3.2281],[148.3104,-40.4284,1.1269],[148.3164,-40.4313,0.9049],[148.3226,-40.4453,0.0],[148.3263,-40.4475,1.312],[148.3293,-40.4558,0.0],[148.336,-40.4649,11.2503],[148.3365,-40.4827,2.0533],[148.3431,-40.4905,0.0],[148.3501,-40.4927,10.3424],[148.3519,-40.4923,10.3424],[148.3524,-40.4889,0.0],[148.3611,-40.4832,1.2199],[148.37,-40.4786,2.4279],[148.378,-40.4766,0.0],[148.3823,-40.4812,2.1906],[148.3838,-40.4785,5.2981],[148.3851,-40.4799,0.0],[148.3879,-40.4796,8.6385],[148.3891,-40.4874,17.5166],[148.3926,-40.4883,0.0],[148.3942,-40.4865,2.6585],[148.3979,-40.4895,0.0],[148.3978,-40.4877,4.3332],[148.3997,-40.4869,0.0],[148.3991,-40.4834,14.0309],[148.4015,-40.482,0.0],[148.4008,-40.4731,4.1227],[148.4139,-40.462,0.0],[148.4179,-40.4611,6.455],[148.4248,-40.4624,11.0783],[148.4276,-40.4666,0.2702],[148.4309,-40.4653,2.5566],[148.4321,-40.4592,25.5062],[148.4352,-40.4572,0.5981],[148.4356,-40.4529,1.5208],[148.4313,-40.4514,16.3898],[148.4301,-40.4485,10.432],[148.4339,-40.4437,4.4534],[148.4368,-40.443,0.0],[148.4373,-40.44,3.0366],[148.4506,-40.4365,0.0],[148.455,-40.4379,16.6481],[148.456,-40.4418,0.5775],[148.4593,-40.4392,6.4668],[148.4679,-40.441,2.7951],[148.4693,-40.4392,12.8241],[148.4703,-40.4418,1.162],[148.4729,-40.4429,5.3494],[148.4819,-40.4347,0.2722],[148.4798,-40.4312,0.0],[148.4757,-40.4301,3.9022],[148.4721,-40.4315,4.9209],[148.4672,-40.4292,0.0],[148.458,-40.4183,0.7015],[148.4585,-40.4094,0.0],[148.4562,-40.4082,0.0],[148.456,-40.4097,5.9051],[148.453,-40.4097,4.0473],[148.4485,-40.4056,5.2273],[148.4468,-40.3922,2.2666],[148.4517,-40.3807,0.2943],[148.4515,-40.3767,1.2987],[148.4485,-40.3747,0.0],[148.4445,-40.3796,5.5912],[148.4369,-40.3771,2.8775],[148.4321,-40.3735,5.6497],[148.4242,-40.3714,3.2405],[148.4147,-40.3736,4.6861],[148.4071,-40.378,5.7086],[148.4084,-40.377,0.3474],[148.4067,-40.3743,1.4687],[148.4078,-40.3731,0.0],[148.4053,-40.3731,4.7622],[148.4089,-40.3726,6.7394],[148.4099,-40.3732,0.0],[148.4105,-40.3719,1.7217],[148.4006,-40.3635,4.4988],[148.3983,-40.3578,0.0],[148.3936,-40.3554,2.0634],[148.3837,-40.346,0.0],[148.3808,-40.3459,0.0],[148.3811,-40.3464,8.6353],[148.3809,-40.3467,8.6353],[148.3775,-40.3472,3.7523],[148.3793,-40.3466,4.5238],[148.38,-40.3468,4.5238],[148.3809,-40.3463,8.6353],[148.3709,-40.3414,0.7799],[148.367,-40.336,0.7414],[148.3643,-40.3282,4.4762],[148.3617,-40.3288,1.9292],[148.3631,-40.3278,1.9111],[148.3642,-40.3277,1.9111],[148.363,-40.3222,0.0],[148.3539,-40.318,3.5593],[148.3481,-40.3105,0.0],[148.3463,-40.3032,0.0],[148.3398,-40.3015,1.0928],[148.336,-40.298,0.6089],[148.333,-40.2921,1.6728],[148.3304,-40.2909,0.2597],[148.331,-40.2999,0.9964],[148.3282,-40.3027,0.8167],[148.3227,-40.3028,0.0],[148.3225,-40.3056,0.3434],[148.3172,-40.3116,11.0488],[148.3122,-40.3105,1.7383],[148.3083,-40.3115,0.0],[148.3066,-40.3161,0.0],[148.3001,-40.3218,4.8176],[148.2903,-40.3179,0.0],[148.2859,-40.3199,5.5259],[148.2822,-40.3196,9.6075],[148.2772,-40.3243,0.0],[148.2736,-40.3312,0.0],[148.2668,-40.3367,2.8069],[148.2652,-40.3391,4.8669],[148.2669,-40.3407,6.0426],[148.265,-40.3392,4.8669],[148.2671,-40.3358,0.0],[148.258,-40.3369,3.456],[148.2548,-40.3355,10.1455],[148.2536,-40.333,3.4508],[148.2465,-40.3323,4.1057],[148.244,-40.3301,4.4309],[148.2435,-40.3254,1.4975],[148.2364,-40.3311,0.0],[148.228,-40.3303,11.9912],[148.2261,-40.3285,11.4828],[148.2262,-40.3221,2.127],[148.2183,-40.322,1.1345],[148.2167,-40.3187,0.5352],[148.2125,-40.3176,0.0],[148.2106,-40.318,3.3105],[148.2094,-40.3205,0.0],[148.2118,-40.3216,0.0],[148.2117,-40.3255,0.0],[148.2068,-40.3433,2.5345],[148.1986,-40.3524,0.6493],[148.1912,-40.3533,1.7598],[148.1919,-40.3562,3.4629],[148.1905,-40.354,1.7598],[148.1909,-40.353,1.7598],[148.1925,-40.3518,0.0938],[148.1904,-40.3508,0.5221],[148.1922,-40.3503,0.155],[148.1839,-40.3449,9.9033],[148.1783,-40.3447,17.181],[148.1752,-40.3481,15.0781],[148.1661,-40.3479,0.0],[148.1615,-40.3467,2.6336],[148.1627,-40.3453,0.0],[148.1583,-40.3419,1.7864],[148.1517,-40.3441,3.3007],[148.1451,-40.343,15.6532],[148.1422,-40.34,0.0],[148.1447,-40.3368,0.0],[148.1438,-40.3362,0.0],[148.1351,-40.3376,0.0],[148.1313,-40.3398,18.7852],[148.1276,-40.3394,5.5127],[148.1272,-40.3378,0.0],[148.1242,-40.3383,9.5376],[148.1197,-40.3416,19.3332],[148.1093,-40.3438,7.5048],[148.1055,-40.343,18.9809],[148.1037,-40.3409,0.0],[148.0897,-40.3457,1.5599],[148.0851,-40.3446,5.9207],[148.0815,-40.3392,0.2263],[148.0777,-40.3412,0.0],[148.0791,-40.3434,3.6686],[148.0758,-40.3481,8.5935],[148.0696,-40.3493,0.0],[148.0608,-40.3586,1.7619],[148.0543,-40.3602,3.5867],[148.0516,-40.3585,4.6832],[148.0529,-40.3561,3.0929],[148.0519,-40.3552,3.0929],[148.0389,-40.3582,7.0815],[148.0324,-40.3617,0.0],[148.0308,-40.3675,1.4252],[148.0269,-40.3693,0.8129],[148.0235,-40.3674,0.5646],[148.0217,-40.3681,15.3642],[148.0074,-40.378,11.9062],[148.0018,-40.376,0.0]]],
[[[148.00168992248061,-40.376089922480624,0.0],[148.0018,-40.376,0.0],[148.0016,-40.376,0.0],[148.00168992248061,-40.376089922480624,0.0]]],
[[[147.9224,-40.3346,0.0],[147.9221,-40.3366,0.0],[147.9226,-40.3367,0.0],[147.923,-40.3348,0.0],[147.9224,-40.3346,0.0]]],
[[[148.2094,-40.318,0.0],[148.2094,-40.3169,1.9671],[148.2083,-40.3174,1.9671],[148.2086,-40.3179,1.9671],[148.2094,-40.318,0.0]]],
[[[148.3275,-40.3026,0.8167],[148.3276,-40.3025,0.8167],[148.3273,-40.3025,0.8167],[148.3275,-40.3026,0.8167]]],
[[[148.31,-40.304,1.0263],[148.309,-40.3026,0.0],[148.3059,-40.3042,0.0],[148.3082,-40.3067,0.0],[148.3144,-40.306,0.655],[148.3113,-40.3042,0.0],[148.31,-40.304,1.0263]]],
[[[148.2055,-40.3119,0.0],[148.2058,-40.3109,0.6022],[148.2047,-40.3107,0.6022],[148.2045,-40.3114,0.0],[148.2055,-40.3119,0.0]]],
[[[147.7834,-40.2953,3.7206],[147.7845,-40.2962,3.566],[147.7862,-40.2957,0.0],[147.7837,-40.2943,0.4116],[147.7834,-40.2953,3.7206]]],
[[[147.7996,-40.2944,1.0472],[147.7978,-40.2934,3.5598],[147.7907,-40.295,2.8442],[147.7872,-40.2999,0.5806],[147.7943,-40.3003,4.8664],[147.7923,-40.3026,7.831],[147.7947,-40.3047,8.7846],[147.7938,-40.3062,0.9439],[147.7962,-40.3069,1.6948],[147.7973,-40.3105,0.533],[147.8,-40.3117,0.0],[147.8022,-40.3151,0.0],[147.8032,-40.3139,0.0],[147.8014,-40.3086,0.2824],[147.7984,-40.3061,14.0989],[147.8,-40.3022,3.9668],[147.7966,-40.2997,3.8723],[147.7996,-40.2944,1.0472]]],
[[[147.9053,-40.2932,14.4658],[147.9033,-40.2915,4.5955],[147.8977,-40.2923,4.8588],[147.8969,-40.2986,0.2712],[147.8899,-40.3038,4.7877],[147.8792,-40.3026,0.0],[147.8783,-40.305,2.1171],[147.8753,-40.3057,1.6325],[147.8719,-40.3051,2.984],[147.8703,-40.299,6.2912],[147.8681,-40.2973,1.5826],[147.8568,-40.2992,1.3822],[147.8499,-40.2934,1.4877],[147.8472,-40.2934,1.6613],[147.8453,-40.2958,2.1132],[147.8439,-40.2944,0.0],[147.8423,-40.295,5.3612],[147.8398,-40.2921,0.5061],[147.8385,-40.2944,1.8244],[147.8405,-40.2955,4.22],[147.8401,-40.2996,7.7229],[147.8363,-40.3035,4.7245],[147.8373,-40.3049,0.0],[147.842,-40.3033,2.9722],[147.8431,-40.3048,0.0],[147.8445,-40.3033,3.0633],[147.8457,-40.3053,0.9294],[147.8503,-40.3047,0.432],[147.8561,-40.3081,4.7939],[147.8564,-40.3098,7.2939],[147.8517,-40.3115,0.0],[147.8546,-40.3152,10.9225],[147.8473,-40.3214,2.2197],[147.8466,-40.3239,0.5865],[147.8643,-40.3195,9.571],[147.8666,-40.3201,4.6927],[147.8706,-40.3252,0.0],[147.8745,-40.3222,4.0042],[147.8812,-40.326,3.0663],[147.8926,-40.3209,6.4161],[147.8951,-40.3212,5.8439],[147.8947,-40.3192,8.2887],[147.8963,-40.3184,2.5787],[147.9013,-40.3194,9.3663],[147.9047,-40.3171,9.5091],[147.9051,-40.3154,12.3385],[147.9031,-40.3141,15.6429],[147.9056,-40.3106,0.0],[147.904,-40.3102,5.4593],[147.904,-40.3074,4.8562],[147.9089,-40.3017,0.9599],[147.9068,-40.2989,2.2936],[147.9072,-40.2933,1.5695],[147.9064,-40.2944,1.5695],[147.9053,-40.2932,14.4658]]],
[[[148.1139,-40.2963,10.9651],[148.1086,-40.2957,1.2031],[148.1095,-40.2979,14.365],[148.0976,-40.3067,0.0],[148.098,-40.3098,0.0],[148.1022,-40.3114,0.0],[148.1052,-40.3098,1.2421],[148.1068,-40.3126,0.0],[148.1111,-40.311,9.8135],[148.1117,-40.307,2.6994],[148.1161,-40.3029,0.0],[148.116,-40.2977,0.0],[148.1139,-40.2963,10.9651]]],
[[[148.324,-40.2978,0.3305],[148.3224,-40.2968,1.909],[148.319,-40.3,0.0],[148.3215,-40.3,0.0],[148.324,-40.2978,0.3305]]],
[[[147.9165,-40.3007,2.202],[147.9182,-40.301,0.0],[147.9149,-40.2996,1.1492],[147.9156,-40.3008,1.1492],[147.9165,-40.3007,2.202]]],
[[[148.1557,-40.2906,3.2744],[148.1535,-40.2899,5.1327],[148.1491,-40.2934,10.6787],[148.1436,-40.2902,1.9686],[148.1402,-40.2907,1.4547],[148.139,-40.2943,0.0],[148.1325,-40.2964,1.7523],[148.1319,-40.2979,1.7523],[148.1344,-40.2995,12.0747],[148.134,-40.3015,0.0],[148.1551,-40.2958,10.8493],[148.1615,-40.2975,3.5878],[148.1627,-40.2944,1.7303],[148.166,-40.2921,1.0946],[148.1557,-40.2906,3.2744]]],
[[[148.062,-40.2915,0.0],[148.0636,-40.2907,0.0],[148.0625,-40.2908,0.0],[148.0608,-40.2919,0.0],[148.062,-40.2915,0.0]]],
[[[148.117,-40.2903,1.5535],[148.1152,-40.2894,0.0],[148.1108,-40.2913,2.4131],[148.1102,-40.293,0.9849],[148.1136,-40.2932,0.0],[148.117,-40.2903,1.5535]]],
[[[148.3118,-40.2658,0.6863],[148.295,-40.2575,0.0],[148.2946,-40.2622,11.4927],[148.2911,-40.2674,14.5722],[148.2882,-40.2689,5.5019],[148.2897,-40.2746,0.0],[148.2882,-40.2785,6.173],[148.2844,-40.2817,3.0717],[148.2822,-40.2798,0.8827],[148.2796,-40.2805,0.0],[148.2783,-40.2842,2.1989],[148.2794,-40.2839,2.1989],[148.2796,-40.2866,0.0],[148.2864,-40.2895,1.9328],[148.2901,-40.2877,8.5562],[148.2941,-40.2906,0.5001],[148.2991,-40.2898,0.0],[148.3063,-40.2928,6.7492],[148.3182,-40.2853,1.5964],[148.3259,-40.2875,0.0],[148.3227,-40.2856,0.4185],[148.3181,-40.2744,0.0],[148.3118,-40.2658,0.6863]]],
[[[145.61893673469388,-43.014936734693876,0.342],[145.618825,-43.0149,0.342],[145.6188,-43.0149,0.342],[145.619,-43.015,0.342],[145.61893673469388,-43.014936734693876,0.342]]],
[[[145.04688620689654,-41.605834482758624,96.7932],[145.04687522123893,-41.605835398230091,96.7932],[145.0462,-41.6068,55.3584],[145.0465,-41.6067,55.3584],[145.0467,-41.6063,55.3584],[145.04688620689654,-41.605834482758624,96.7932]]],
[[[144.8955,-41.60672,2.9947],[144.89549444444444,-41.60670555555555,2.9947],[144.8954,-41.6068,2.9947],[144.8954,-41.6069,2.9947],[144.8955,-41.6069,2.9947],[144.8955,-41.60672,2.9947]]],
[[[144.6814,-41.1735,2.5261],[144.6814,-41.1735,2.5261],[144.6813,-41.1737,2.5261],[144.6815,-41.1738,2.5261],[144.6815,-41.1736,2.5261],[144.6814,-41.1735,2.5261]]],
[[[144.7800075,-41.0684075,16.2126],[144.78,-41.0684428571429,16.2126],[144.78,-41.0685,16.2126],[144.7801,-41.0685,16.2126],[144.7800075,-41.0684075,16.2126]]],
[[[144.84175,-40.7473,0.8248],[144.84168333333335,-40.747193333333335,0.8248],[144.8412,-40.747,1.1892],[144.8419,-40.7479,0.8248],[144.8418,-40.7474,0.8248],[144.84175,-40.7473,0.8248]]],
[[[145.43597179487179,-40.889602564102567,2.578],[145.43619090909093,-40.8895,13.8601],[145.4361,-40.8895,35.2752],[145.43597179487179,-40.889602564102567,2.578]]],
[[[148.214775,-42.00413,0.1214],[148.21465,-42.00418,0.1214],[148.2142,-42.0049,0.0],[148.2153,-42.005,0.0],[148.2152,-42.0043,0.1214],[148.214775,-42.00413,0.1214]]],
[[[144.6783,-41.1482,0.0],[144.6781,-41.1481,0.0],[144.6781,-41.1483,0.0],[144.6783,-41.1482,0.0]]],
[[[144.6787,-41.1483,0.0],[144.6786,-41.1481,0.0],[144.6782,-41.148,0.0],[144.6785,-41.1484,0.0],[144.6787,-41.1483,0.0]]],
[[[146.1687,-41.1482,0.0],[146.1688,-41.1481,0.0],[146.1687,-41.1475,0.0],[146.1687,-41.148,0.0],[146.1687,-41.1482,0.0]]],
[[[146.1691,-41.1462,0.0],[146.1691,-41.1464,0.0],[146.1692,-41.1458,0.0],[146.1691,-41.1459,0.0],[146.1691,-41.1462,0.0]]],
[[[146.8637,-41.145,4.8403],[146.8625,-41.1443,0.6323],[146.8607,-41.1474,1.0814],[146.8647,-41.1466,0.0],[146.8637,-41.145,4.8403]]],
[[[146.1692,-41.1456,0.0],[146.1693,-41.1455,0.0],[146.1693,-41.1454,0.0],[146.1692,-41.1456,0.0]]],
[[[146.4264,-41.147,0.8077],[146.4267,-41.1479,0.8077],[146.4278,-41.1484,0.0],[146.4273,-41.1474,0.8077],[146.4264,-41.147,0.8077]]],
[[[146.7979,-41.1469,2.5282],[146.7982,-41.1471,2.5282],[146.7984,-41.1468,0.0],[146.7979,-41.1467,2.5282],[146.7979,-41.1469,2.5282]]],
[[[146.8229,-41.1395,0.0],[146.823,-41.1393,0.0],[146.8227,-41.1393,0.0],[146.8226,-41.1394,0.0],[146.8229,-41.1395,0.0]]],
[[[146.1387,-41.1355,2.0662],[146.1386,-41.1348,2.0662],[146.1377,-41.1353,0.0],[146.1386,-41.1361,2.0662],[146.1387,-41.1355,2.0662]]],
[[[146.5468,-41.1334,0.0],[146.5471,-41.1332,0.0],[146.5471,-41.133,0.0],[146.5467,-41.1332,0.0],[146.5468,-41.1334,0.0]]],
[[[146.1271,-41.1284,0.3626],[146.1273,-41.1282,0.3626],[146.1272,-41.1278,2.7158],[146.127,-41.1283,0.3626],[146.1271,-41.1284,0.3626]]],
[[[146.1652,-41.1385,0.0],[146.1652,-41.1384,0.0],[146.165,-41.1385,0.0],[146.1651,-41.1386,0.0],[146.1652,-41.1385,0.0]]],
[[[146.1629,-41.1385,0.0],[146.163,-41.1385,0.0],[146.1629,-41.1384,0.0],[146.1629,-41.1385,0.0]]],
[[[146.1634,-41.1379,0.0],[146.163,-41.1382,0.0],[146.1631,-41.1385,0.0],[146.1633,-41.1385,0.0],[146.1634,-41.1379,0.0]]],
[[[144.6738,-41.1411,0.6674],[144.6741,-41.1411,0.6674],[144.6738,-41.1409,0.6674],[144.6737,-41.141,0.6674],[144.6738,-41.1411,0.6674]]],
[[[144.6742,-41.1409,0.6674],[144.6744,-41.1409,0.6674],[144.674,-41.1407,0.6674],[144.674,-41.1408,0.6674],[144.6742,-41.1409,0.6674]]],
[[[144.6666,-41.1274,0.0],[144.6667,-41.1274,0.0],[144.6664,-41.1272,0.0],[144.6666,-41.1274,0.0]]],
[[[144.6669,-41.1264,0.0],[144.6664,-41.1261,0.0],[144.6663,-41.1262,0.0],[144.6666,-41.1265,0.0],[144.6669,-41.1264,0.0]]],
[[[144.6685,-41.1259,0.2965],[144.6685,-41.1258,0.2965],[144.6679,-41.1256,0.2965],[144.6681,-41.1259,0.2965],[144.6685,-41.1259,0.2965]]],
[[[146.5463,-41.124,0.7397],[146.5465,-41.1248,0.0],[146.5487,-41.1239,0.0],[146.5481,-41.1234,0.0],[146.5463,-41.124,0.7397]]],
[[[146.1215,-41.1216,0.0],[146.1215,-41.1217,0.0],[146.1217,-41.1218,0.0],[146.1217,-41.1216,0.0],[146.1215,-41.1216,0.0]]],
[[[146.1278,-41.1216,0.0],[146.1276,-41.1211,0.0],[146.1274,-41.122,0.0],[146.1278,-41.1219,0.0],[146.1278,-41.1216,0.0]]],
[[[146.1289,-41.1243,0.5908],[146.1284,-41.1242,0.5908],[146.1282,-41.1248,0.0],[146.1287,-41.1248,0.0],[146.1289,-41.1243,0.5908]]],
[[[146.126,-41.1244,0.0],[146.1261,-41.1244,0.0],[146.1261,-41.1243,0.0],[146.126,-41.1244,0.0]]],
[[[146.1147,-41.1205,3.196],[146.1148,-41.1207,3.196],[146.115,-41.1207,3.196],[146.1148,-41.1205,3.196],[146.1147,-41.1205,3.196]]],
[[[146.1278,-41.1196,0.0],[146.1275,-41.1198,0.0],[146.1275,-41.1203,0.0],[146.1283,-41.1198,0.0],[146.1278,-41.1196,0.0]]],
[[[146.1203,-41.12,0.0],[146.1203,-41.1197,0.0],[146.12,-41.1198,0.0],[146.1201,-41.1201,0.0],[146.1203,-41.12,0.0]]],
[[[146.1206,-41.1207,0.0],[146.1211,-41.1209,0.0],[146.1215,-41.1206,0.0],[146.1211,-41.1203,0.0],[146.1206,-41.1207,0.0]]],
[[[146.7928,-41.1089,1.4965],[146.7927,-41.1089,1.4965],[146.7929,-41.1093,1.4965],[146.7932,-41.1089,1.4965],[146.7928,-41.1089,1.4965]]],
[[[144.6743,-41.1053,0.0],[144.6741,-41.1053,0.0],[144.6744,-41.1055,0.0],[144.6744,-41.1054,0.0],[144.6743,-41.1053,0.0]]],
[[[144.6709,-41.1022,0.0],[144.6707,-41.1021,0.0],[144.6705,-41.1021,0.0],[144.6707,-41.1023,0.0],[144.6709,-41.1022,0.0]]],
[[[144.7928,-41.0827,28.2837],[144.7928,-41.0823,28.2837],[144.7926,-41.0823,28.2837],[144.7925,-41.0827,28.2837],[144.7928,-41.0827,28.2837]]],
[[[144.6592,-41.0578,0.0],[144.6591,-41.0577,0.0],[144.6591,-41.0578,0.0],[144.6591,-41.0579,0.0],[144.6592,-41.0578,0.0]]],
[[[144.6617,-41.056,0.0],[144.6618,-41.0561,0.0],[144.6619,-41.0561,0.0],[144.6619,-41.056,0.0],[144.6617,-41.056,0.0]]],
[[[144.6536,-41.0532,0.0],[144.6535,-41.053,0.0],[144.6532,-41.053,0.0],[144.6534,-41.0532,0.0],[144.6536,-41.0532,0.0]]],
[[[144.6558,-41.0515,0.1918],[144.6556,-41.0516,0.1918],[144.6556,-41.0517,0.1918],[144.6559,-41.0517,0.1918],[144.6558,-41.0515,0.1918]]],
[[[145.9169,-41.0487,0.0],[145.9201,-41.0511,0.0],[145.9214,-41.0514,0.0],[145.9169,-41.0485,0.0],[145.9169,-41.0487,0.0]]],
[[[144.654,-41.0495,1.1833],[144.654,-41.0497,0.2227],[144.6542,-41.0497,0.2227],[144.6542,-41.0495,1.1833],[144.654,-41.0495,1.1833]]],
[[[144.6484,-41.0476,0.4486],[144.6485,-41.0476,0.4486],[144.6485,-41.0475,0.4486],[144.6484,-41.0475,0.4486],[144.6484,-41.0476,0.4486]]],
[[[144.6487,-41.0472,0.4486],[144.6485,-41.0471,0.4486],[144.6486,-41.0472,0.4486],[144.6487,-41.0472,0.4486]]],
[[[144.6482,-41.0466,0.4486],[144.6481,-41.0466,0.4486],[144.6481,-41.0467,0.4486],[144.6482,-41.0466,0.4486]]],
[[[144.6488,-41.0468,0.4486],[144.6487,-41.0465,0.4486],[144.6485,-41.0465,0.4486],[144.6487,-41.0468,0.4486],[144.6488,-41.0468,0.4486]]],
[[[144.6471,-41.046,10.5118],[144.6471,-41.0462,10.5118],[144.6472,-41.0462,10.5118],[144.6472,-41.046,10.5118],[144.6471,-41.046,10.5118]]],
[[[144.6462,-41.0461,10.5118],[144.646,-41.0461,10.5118],[144.646,-41.0462,10.5118],[144.6462,-41.0462,10.5118],[144.6462,-41.0461,10.5118]]],
[[[144.6428,-41.0461,3.3543],[144.6427,-41.046,3.3543],[144.6427,-41.0461,3.3543],[144.6428,-41.0461,3.3543]]],
[[[144.6385,-41.0445,0.6043],[144.6386,-41.0446,1.547],[144.6388,-41.0445,0.6043],[144.6385,-41.0443,0.6043],[144.6385,-41.0445,0.6043]]],
[[[144.6372,-41.0452,0.0],[144.6371,-41.045,0.0],[144.637,-41.0451,0.0],[144.637,-41.0452,0.0],[144.6372,-41.0452,0.0]]],
[[[144.6372,-41.0448,0.0],[144.637,-41.0448,0.0],[144.6374,-41.045,0.0],[144.6374,-41.0449,0.0],[144.6372,-41.0448,0.0]]],
[[[144.6415,-41.046,4.3247],[144.6414,-41.046,4.3247],[144.6414,-41.0461,4.3247],[144.6415,-41.046,4.3247]]],
[[[144.6306,-41.0438,0.0],[144.6305,-41.0437,0.0],[144.6304,-41.0438,0.0],[144.6305,-41.0439,0.0],[144.6306,-41.0438,0.0]]],
[[[144.6375,-41.0435,0.2521],[144.6377,-41.0437,0.2521],[144.6379,-41.0436,0.6043],[144.6375,-41.0433,0.2521],[144.6375,-41.0435,0.2521]]],
[[[144.63719999999986,-41.04425,0.2521],[144.6367,-41.0441,0.2521],[144.637,-41.0442,0.2521],[144.63719999999986,-41.04425,0.2521]]],
[[[144.6311,-41.0441,0.0],[144.6312,-41.0442,0.0],[144.6314,-41.0443,0.0],[144.6313,-41.044,0.0],[144.6311,-41.0441,0.0]]],
[[[144.6331,-41.0442,0.0],[144.633,-41.044,0.0],[144.6328,-41.0441,0.0],[144.6329,-41.0442,0.0],[144.6331,-41.0442,0.0]]],
[[[144.637,-41.0438,0.2521],[144.6374,-41.0441,0.2521],[144.6375,-41.044,0.2521],[144.637,-41.0438,0.2521]]],
[[[144.63719999999986,-41.04425,0.2521],[144.6377,-41.0444,0.2521],[144.6374,-41.0443,0.2521],[144.63719999999986,-41.04425,0.2521]]],
[[[144.6457,-41.0466,0.0],[144.6458,-41.0465,0.0],[144.6454,-41.0463,0.0],[144.6455,-41.0465,0.0],[144.6457,-41.0466,0.0]]],
[[[144.6405,-41.0466,0.1902],[144.6405,-41.0464,0.1902],[144.6403,-41.0463,0.1902],[144.6403,-41.0466,0.1902],[144.6405,-41.0466,0.1902]]],
[[[144.6408,-41.0465,0.1902],[144.641,-41.0465,0.1902],[144.6408,-41.0463,0.1902],[144.6408,-41.0465,0.1902]]],
[[[144.6342,-41.042,0.0],[144.6344,-41.0423,0.0],[144.6346,-41.0421,0.0],[144.6344,-41.0419,0.0],[144.6342,-41.042,0.0]]],
[[[144.6339,-41.0414,0.0],[144.6338,-41.0413,0.0],[144.6337,-41.0413,0.0],[144.6339,-41.0414,0.0]]],
[[[144.634,-41.0409,0.0],[144.6338,-41.0409,0.0],[144.6339,-41.041,0.0],[144.634,-41.0409,0.0]]],
[[[144.6331,-41.0406,0.0],[144.6334,-41.0405,0.0],[144.6328,-41.0404,0.0],[144.6328,-41.0406,0.0],[144.6331,-41.0406,0.0]]],
[[[144.634,-41.0403,0.0],[144.6342,-41.0405,0.0],[144.6344,-41.0403,0.0],[144.634,-41.0403,0.0]]],
[[[144.6309,-41.0404,0.0],[144.631,-41.0404,0.0],[144.6309,-41.0403,0.0],[144.6309,-41.0404,0.0]]],
[[[144.63,-41.0394,0.0],[144.6301,-41.0395,0.0],[144.6303,-41.0394,0.0],[144.6302,-41.0393,0.0],[144.63,-41.0394,0.0]]],
[[[144.6295,-41.0387,0.0],[144.6296,-41.0387,0.0],[144.6296,-41.0386,0.0],[144.6295,-41.0386,0.0],[144.6295,-41.0387,0.0]]],
[[[144.6307,-41.0383,0.0],[144.6307,-41.0385,0.0],[144.631,-41.0385,0.0],[144.6309,-41.0384,0.0],[144.6307,-41.0383,0.0]]],
[[[144.6329,-41.0348,0.0],[144.6328,-41.0347,0.0],[144.6327,-41.0347,0.0],[144.6328,-41.0349,0.0],[144.6329,-41.0348,0.0]]],
[[[144.63,-41.0335,0.0],[144.6299,-41.0334,0.0],[144.6298,-41.0335,0.0],[144.63,-41.0335,0.0]]],
[[[144.6289,-41.0327,0.0],[144.6288,-41.0328,0.0],[144.6292,-41.0328,0.0],[144.629,-41.0327,0.0],[144.6289,-41.0327,0.0]]],
[[[144.6309,-41.0398,0.0],[144.6308,-41.0396,0.0],[144.6307,-41.0396,0.0],[144.6307,-41.0398,0.0],[144.6309,-41.0398,0.0]]],
[[[144.6338,-41.0396,0.0],[144.634,-41.0397,0.0],[144.6342,-41.0396,0.0],[144.634,-41.0395,5.4319],[144.6338,-41.0396,0.0]]],
[[[144.6317,-41.0396,0.0],[144.6317,-41.0391,1.1529],[144.6315,-41.0399,0.0],[144.6319,-41.0401,0.0],[144.632,-41.04,0.0],[144.6317,-41.0396,0.0]]],
[[[144.6381,-41.0425,0.6413],[144.6381,-41.0424,0.6413],[144.638,-41.0424,0.6413],[144.638,-41.0425,0.6413],[144.6381,-41.0425,0.6413]]],
[[[144.6384,-41.0423,0.6413],[144.6384,-41.0424,0.6413],[144.6386,-41.0424,0.6413],[144.6385,-41.0423,0.6413],[144.6384,-41.0423,0.6413]]],
[[[144.6282,-41.0325,0.0],[144.628,-41.0326,0.0],[144.6284,-41.0326,0.0],[144.6282,-41.0325,0.0]]],
[[[144.6301,-41.0316,0.6952],[144.6302,-41.0317,0.6952],[144.6304,-41.0317,0.6952],[144.6303,-41.0316,0.6952],[144.6301,-41.0316,0.6952]]],
[[[144.627,-41.0278,4.2265],[144.6268,-41.0276,4.2265],[144.6264,-41.0277,4.2265],[144.6266,-41.0279,4.2265],[144.627,-41.0278,4.2265]]],
[[[144.6257,-41.0268,4.2265],[144.6258,-41.0268,4.2265],[144.6258,-41.0267,4.2265],[144.6257,-41.0268,4.2265]]],
[[[144.621,-41.0244,1.1448],[144.6211,-41.0244,1.1448],[144.6212,-41.0244,1.1448],[144.6211,-41.0243,1.1448],[144.621,-41.0244,1.1448]]],
[[[144.625772,-41.027492,4.2265],[144.6258,-41.0275,4.2265],[144.6259,-41.0275,4.2265],[144.625772,-41.027492,4.2265]]],
[[[144.6251,-41.0273,0.0],[144.6243,-41.0274,0.0],[144.625772,-41.027492,4.2265],[144.6251,-41.0273,0.0]]],
[[[144.6181,-41.0217,1.5357],[144.6178,-41.0217,1.5357],[144.6177,-41.0218,1.5357],[144.6182,-41.0218,1.5357],[144.6181,-41.0217,1.5357]]],
[[[144.6173,-41.0211,7.7791],[144.6173,-41.0212,7.7791],[144.6177,-41.0213,1.5357],[144.6176,-41.0211,7.7791],[144.6173,-41.0211,7.7791]]],
[[[144.6135,-41.0212,0.0],[144.6135,-41.0211,0.0],[144.6132,-41.0212,0.0],[144.6134,-41.0212,0.0],[144.6135,-41.0212,0.0]]],
[[[144.6131,-41.0209,0.0],[144.6129,-41.0208,0.0],[144.6129,-41.0209,0.0],[144.6131,-41.0209,0.0]]],
[[[144.6134,-41.0139,1.5671],[144.6132,-41.014,1.5671],[144.6135,-41.014,1.5671],[144.6134,-41.0139,1.5671]]],
[[[144.6206,-41.0244,1.1448],[144.6208,-41.0244,1.1448],[144.6209,-41.0243,1.1448],[144.6204,-41.0242,1.1448],[144.6206,-41.0244,1.1448]]],
[[[144.6216,-41.0242,2.1396],[144.6219,-41.0242,2.1396],[144.622,-41.0241,2.1396],[144.6212,-41.024,1.1448],[144.6216,-41.0242,2.1396]]],
[[[144.6145,-41.0077,0.5521],[144.6144,-41.0076,0.5521],[144.6143,-41.0077,0.5521],[144.6144,-41.0078,0.5521],[144.6145,-41.0077,0.5521]]],
[[[144.6079,-41.0075,0.0],[144.6081,-41.0075,0.0],[144.6083,-41.0074,0.0],[144.6081,-41.0072,0.0],[144.6079,-41.0075,0.0]]],
[[[144.6141,-41.0074,0.5521],[144.6139,-41.0074,0.5521],[144.6138,-41.0074,0.5521],[144.6142,-41.0075,0.5521],[144.6141,-41.0074,0.5521]]],
[[[144.6098,-41.0061,0.0],[144.6094,-41.0059,0.0],[144.6091,-41.0061,0.0],[144.6101,-41.0063,3.4449],[144.6098,-41.0061,0.0]]],
[[[144.62,-41.0062,0.0],[144.6202,-41.0062,0.0],[144.6202,-41.0061,0.0],[144.6201,-41.0061,0.0],[144.62,-41.0062,0.0]]],
[[[144.618,-41.0066,0.2833],[144.6175,-41.0069,0.2833],[144.6176,-41.0073,0.2833],[144.6183,-41.0073,0.2833],[144.618,-41.0066,0.2833]]],
[[[144.6165,-41.0069,0.2877],[144.6167,-41.007,0.2877],[144.6169,-41.0069,0.2877],[144.6164,-41.0067,0.2877],[144.6165,-41.0069,0.2877]]],
[[[144.6242,-41.0052,0.9011],[144.6245,-41.0052,0.9011],[144.6241,-41.0048,0.9011],[144.6241,-41.0049,0.9011],[144.6242,-41.0052,0.9011]]],
[[[148.3559,-41.0001,0.0475],[148.3566,-41.0005,0.3482],[148.3574,-41.0,0.3482],[148.3556,-40.9998,0.0475],[148.3559,-41.0001,0.0475]]],
[[[145.7413,-40.9852,0.0],[145.7408,-40.9852,0.0],[145.7405,-40.9854,0.0],[145.7412,-40.9854,0.0],[145.7413,-40.9852,0.0]]],
[[[144.6291,-40.9818,0.0],[144.629,-40.9818,0.0],[144.6289,-40.9818,0.0],[144.6291,-40.9819,0.0],[144.6291,-40.9818,0.0]]],
[[[144.6255,-40.9805,0.0],[144.6255,-40.9806,0.0],[144.6257,-40.9805,0.0],[144.6255,-40.9805,0.0]]],
[[[144.6275,-40.9802,0.9097],[144.6275,-40.9801,0.9097],[144.6274,-40.9801,0.0],[144.6273,-40.9802,0.0],[144.6275,-40.9802,0.9097]]],
[[[144.6274,-40.9804,0.0],[144.6274,-40.9805,0.0],[144.6275,-40.9804,0.9097],[144.6274,-40.9804,0.0]]],
[[[144.624,-41.0053,0.9011],[144.624,-41.0055,0.9011],[144.6242,-41.0055,0.9011],[144.6241,-41.0053,0.9011],[144.624,-41.0053,0.9011]]],
[[[144.6079,-41.0052,0.0],[144.6081,-41.0053,0.0],[144.6082,-41.0052,0.0],[144.6079,-41.0051,0.0],[144.6079,-41.0052,0.0]]],
[[[144.6269,-40.9797,0.0],[144.6269,-40.9794,0.0],[144.6267,-40.9793,0.0],[144.6267,-40.9796,0.0],[144.6269,-40.9797,0.0]]],
[[[144.6274,-40.9794,0.0],[144.6273,-40.9795,0.0],[144.6275,-40.9795,0.0],[144.6274,-40.9794,0.0]]],
[[[144.6291,-40.9788,0.0],[144.6288,-40.9787,0.0],[144.6282,-40.9788,0.0],[144.6289,-40.979,0.0],[144.6291,-40.9788,0.0]]],
[[[144.6307,-40.9742,0.0],[144.6305,-40.9743,0.0],[144.6308,-40.9744,0.0],[144.6307,-40.9743,0.0],[144.6307,-40.9742,0.0]]],
[[[144.6309,-40.974,0.0],[144.6311,-40.9741,0.0],[144.6313,-40.9741,0.0],[144.6311,-40.9739,0.0],[144.6309,-40.974,0.0]]],
[[[144.6291,-40.9566,0.0],[144.6292,-40.9566,0.0],[144.6291,-40.9565,0.0],[144.6291,-40.9566,0.0]]],
[[[144.6298,-40.9754,0.1538],[144.6296,-40.9753,0.1538],[144.6297,-40.9754,0.1538],[144.6298,-40.9754,0.1538]]],
[[[144.6294,-40.9753,0.0],[144.6293,-40.9751,0.0],[144.6292,-40.9752,0.0],[144.6292,-40.9753,0.0],[144.6294,-40.9753,0.0]]],
[[[144.6261,-40.9522,0.0],[144.6261,-40.9521,0.0],[144.6259,-40.9521,0.0],[144.6259,-40.9522,0.0],[144.6261,-40.9522,0.0]]],
[[[144.6262,-40.9519,0.0],[144.6261,-40.9518,0.0],[144.6261,-40.9519,0.0],[144.6262,-40.952,0.0],[144.6262,-40.9519,0.0]]],
[[[144.624,-40.9511,2.6379],[144.6241,-40.9511,2.6379],[144.6241,-40.951,2.6379],[144.624,-40.9511,2.6379]]],
[[[144.6232,-40.9507,0.4788],[144.6231,-40.9507,0.4788],[144.6232,-40.9508,0.4788],[144.6232,-40.9507,0.4788]]],
[[[144.6212,-40.9493,0.0],[144.6212,-40.9494,0.0],[144.6215,-40.9494,0.0744],[144.621,-40.9491,0.0],[144.6212,-40.9493,0.0]]],
[[[144.6213,-40.949,0.0744],[144.6213,-40.9491,0.0744],[144.6215,-40.9492,0.0744],[144.6215,-40.949,0.0744],[144.6213,-40.949,0.0744]]],
[[[144.6213,-40.9486,0.0744],[144.6211,-40.9487,0.0],[144.6214,-40.9488,0.0744],[144.6214,-40.9487,0.0744],[144.6213,-40.9486,0.0744]]],
[[[144.6127,-40.9464,0.0],[144.6127,-40.9465,0.0],[144.6129,-40.9466,0.0],[144.6129,-40.9464,0.0],[144.6127,-40.9464,0.0]]],
[[[144.6144,-40.9463,0.0],[144.6145,-40.9463,0.0],[144.6146,-40.9463,0.0],[144.6145,-40.9462,1.7946],[144.6144,-40.9463,0.0]]],
[[[144.6126,-40.9461,0.2176],[144.6125,-40.9461,0.2176],[144.6123,-40.9461,0.2176],[144.6125,-40.9463,0.0],[144.6126,-40.9461,0.2176]]],
[[[144.6133,-40.9461,1.7946],[144.613,-40.9459,0.2176],[144.6126,-40.9459,0.2176],[144.6131,-40.9463,0.0],[144.6133,-40.9461,1.7946]]],
[[[144.6135,-40.9459,1.7946],[144.6139,-40.9462,1.7946],[144.6157,-40.946,2.5097],[144.6137,-40.9457,1.7946],[144.6135,-40.9459,1.7946]]],
[[[144.6112,-40.9454,0.2176],[144.611,-40.9455,0.2176],[144.611,-40.9456,0.2176],[144.6112,-40.9455,0.2176],[144.6112,-40.9454,0.2176]]],
[[[144.6201,-40.9453,0.0],[144.6199,-40.9452,0.0],[144.6198,-40.9452,0.0],[144.6198,-40.9453,0.0],[144.6201,-40.9453,0.0]]],
[[[144.6206,-40.9451,0.0],[144.6206,-40.945,0.0],[144.6205,-40.9451,0.0],[144.6206,-40.9451,0.0]]],
[[[144.6101,-40.9443,0.0],[144.6101,-40.9444,0.0],[144.6102,-40.9444,0.0],[144.6102,-40.9443,0.0],[144.6101,-40.9443,0.0]]],
[[[144.6099,-40.9442,0.0],[144.61,-40.9443,0.0],[144.6101,-40.9443,0.0],[144.6101,-40.9442,0.0],[144.6099,-40.9442,0.0]]],
[[[144.6126,-40.9457,0.2176],[144.6125,-40.9456,0.2176],[144.6124,-40.9456,0.2176],[144.6125,-40.9458,0.2176],[144.6126,-40.9457,0.2176]]],
[[[144.6158,-40.9457,2.5097],[144.6159,-40.9456,2.5097],[144.6158,-40.9455,2.5097],[144.6157,-40.9456,2.5097],[144.6158,-40.9457,2.5097]]],
[[[144.6164,-40.9456,2.5097],[144.6164,-40.9455,2.5097],[144.6164,-40.9454,2.5097],[144.6163,-40.9456,2.5097],[144.6164,-40.9456,2.5097]]],
[[[144.6122,-40.9454,0.2176],[144.6123,-40.9455,0.2176],[144.6124,-40.9455,0.2176],[144.6123,-40.9454,0.2176],[144.6122,-40.9454,0.2176]]],
[[[144.6082,-40.9411,0.0],[144.6084,-40.9411,0.0],[144.6083,-40.941,0.0],[144.6082,-40.9411,0.0]]],
[[[144.6101,-40.9413,0.0],[144.61,-40.9413,0.0],[144.6102,-40.9414,0.0],[144.6101,-40.9413,0.0]]],
[[[144.6112,-40.94,0.0],[144.6113,-40.9401,0.0],[144.6113,-40.94,0.0],[144.6112,-40.94,0.0]]],
[[[144.6112,-40.9411,0.0],[144.6119,-40.941,0.0],[144.6102,-40.9407,0.3805],[144.6105,-40.9413,0.0],[144.6112,-40.9411,0.0]]],
[[[144.6091,-40.9408,0.3805],[144.6091,-40.9407,0.3805],[144.6089,-40.9407,0.0],[144.6089,-40.9408,0.0],[144.6091,-40.9408,0.3805]]],
[[[144.6095,-40.9407,0.3805],[144.6094,-40.9405,0.3805],[144.6093,-40.9406,0.3805],[144.6094,-40.9407,0.3805],[144.6095,-40.9407,0.3805]]],
[[[144.6139,-40.9385,1.4469],[144.6138,-40.9387,1.4469],[144.6143,-40.9386,1.4469],[144.6142,-40.9384,1.4469],[144.6142,-40.9384,1.4469],[144.6139,-40.9385,1.4469]]],
[[[144.6091,-40.9384,0.0],[144.6091,-40.9382,0.0],[144.6089,-40.9384,0.0],[144.609,-40.9384,0.0],[144.6091,-40.9384,0.0]]],
[[[144.6111,-40.9382,0.0],[144.6108,-40.9381,0.0],[144.6107,-40.9383,0.0],[144.6111,-40.9383,0.0],[144.6111,-40.9382,0.0]]],
[[[144.6114,-40.9379,0.0],[144.6115,-40.9381,0.0],[144.6117,-40.938,0.0],[144.6116,-40.9379,0.0],[144.6114,-40.9379,0.0]]],
[[[144.6088,-40.938,0.0],[144.6089,-40.9381,0.0],[144.6091,-40.938,0.0],[144.609,-40.9378,0.0],[144.6088,-40.938,0.0]]],
[[[144.6099,-40.9386,0.0],[144.6098,-40.9386,0.0],[144.6099,-40.9388,0.0],[144.61,-40.9387,0.0],[144.6099,-40.9386,0.0]]],
[[[144.6102,-40.9385,0.0],[144.6101,-40.9384,0.0],[144.6101,-40.9385,0.0],[144.6101,-40.9386,0.0],[144.6102,-40.9385,0.0]]],
[[[144.6098,-40.9374,0.0],[144.6098,-40.9375,0.0],[144.61,-40.9376,0.0],[144.6099,-40.9374,0.0],[144.6098,-40.9374,0.0]]],
[[[144.6113,-40.9366,0.0],[144.611,-40.9365,0.0],[144.6108,-40.9366,0.0],[144.6109,-40.9367,0.0],[144.6113,-40.9366,0.0]]],
[[[144.6106,-40.9362,0.0],[144.6107,-40.9359,0.0],[144.6104,-40.9359,0.0],[144.6104,-40.936,0.0],[144.6106,-40.9362,0.0]]],
[[[144.6102,-40.9355,0.0],[144.6102,-40.9354,0.0],[144.6101,-40.9355,0.0],[144.6102,-40.9355,0.0]]],
[[[144.6095,-40.9351,0.0],[144.6093,-40.935,0.0],[144.6093,-40.9351,0.0],[144.6095,-40.9351,0.0]]],
[[[144.6149,-40.9346,0.2549],[144.6148,-40.9346,0.2549],[144.6148,-40.9347,0.2549],[144.6149,-40.9347,0.2549],[144.6149,-40.9346,0.2549]]],
[[[144.6116,-40.9351,0.5051],[144.6115,-40.9354,0.5051],[144.6123,-40.9352,0.5051],[144.6121,-40.9348,0.5051],[144.6116,-40.9351,0.5051]]],
[[[144.6114,-40.9343,0.0],[144.6113,-40.9342,0.0],[144.6111,-40.9341,0.0],[144.6112,-40.9343,0.0],[144.6114,-40.9343,0.0]]],
[[[148.3276,-40.9338,0.0],[148.3275,-40.9338,0.0],[148.3275,-40.9339,0.0],[148.3276,-40.9339,0.0],[148.3276,-40.9338,0.0]]],
[[[144.6156,-40.9342,0.0],[144.6158,-40.9343,0.0],[144.6159,-40.9341,0.0],[144.6158,-40.934,0.0],[144.6156,-40.9342,0.0]]],
[[[144.6132,-40.9338,0.0],[144.613,-40.9337,0.0],[144.6124,-40.9339,0.0],[144.6136,-40.9343,0.0],[144.6132,-40.9338,0.0]]],
[[[144.6131,-40.9334,0.0],[144.6131,-40.9333,0.0],[144.613,-40.9333,0.0],[144.613,-40.9334,0.0],[144.6131,-40.9334,0.0]]],
[[[144.6102,-40.9377,0.0],[144.6101,-40.9377,0.0],[144.6102,-40.9378,0.0],[144.6102,-40.9377,0.0]]],
[[[144.6105,-40.9378,0.0],[144.6105,-40.9377,0.0],[144.6104,-40.9377,0.0],[144.6104,-40.9378,0.0],[144.6105,-40.9378,0.0]]],
[[[144.6113,-40.9376,0.0],[144.6112,-40.9377,0.0],[144.6116,-40.9376,0.0],[144.6115,-40.9375,0.0],[144.6113,-40.9376,0.0]]],
[[[144.6107,-40.9325,0.0],[144.6108,-40.9327,0.0],[144.6111,-40.9326,0.0],[144.611,-40.9324,0.0],[144.6107,-40.9325,0.0]]],
[[[144.6262,-40.9325,1.3587],[144.6261,-40.9323,1.3587],[144.6259,-40.9323,1.3587],[144.6261,-40.9326,1.3587],[144.6262,-40.9325,1.3587]]],
[[[144.6149,-40.9325,0.0],[144.6147,-40.9326,0.0],[144.615,-40.9326,0.0],[144.615,-40.9325,0.0],[144.6149,-40.9325,0.0]]],
[[[144.6116,-40.9325,0.0],[144.6115,-40.9325,0.0],[144.6116,-40.9326,0.0],[144.6117,-40.9326,0.0],[144.6116,-40.9325,0.0]]],
[[[144.618,-40.931399999999996,0.0],[144.6179,-40.931399999999996,0.0],[144.6178,-40.931399999999996,0.0],[144.6179,-40.9315,0.0],[144.618,-40.931399999999996,0.0]]],
[[[144.6284,-40.9309,0.4482],[144.6285,-40.931,0.4482],[144.6285,-40.9309,0.4482],[144.6284,-40.9308,0.4482],[144.6284,-40.9309,0.4482]]],
[[[144.6286,-40.9267,1.6957],[144.6285,-40.9267,1.6957],[144.6285,-40.9268,1.6957],[144.6286,-40.9268,1.6957],[144.6286,-40.9267,1.6957]]],
[[[144.627,-40.9267,0.0],[144.627,-40.9268,0.0],[144.6272,-40.9268,0.0],[144.6271,-40.9267,0.0],[144.627,-40.9267,0.0]]],
[[[144.6256,-40.9321,1.3587],[144.6255,-40.9322,1.3587],[144.6257,-40.9322,1.3587],[144.6256,-40.9321,1.3587]]],
[[[144.6177,-40.9319,0.0],[144.6177,-40.9321,0.0],[144.6179,-40.9321,0.0],[144.6179,-40.9319,0.0],[144.6177,-40.9319,0.0]]],
[[[144.6168,-40.932,0.0],[144.6166,-40.9319,0.0],[144.6166,-40.932,0.0],[144.6168,-40.9321,0.0],[144.6168,-40.932,0.0]]],
[[[144.612,-40.9318,0.0],[144.6118,-40.9318,0.0],[144.612,-40.9319,0.0],[144.612,-40.9318,0.0]]],
[[[148.328,-40.9242,0.0],[148.33,-40.9259,0.0],[148.3308,-40.9259,0.0],[148.3301,-40.9234,0.0],[148.328,-40.9242,0.0]]],
[[[144.6276,-40.9245,0.1651],[144.6275,-40.9244,0.1651],[144.6274,-40.9245,0.0],[144.6275,-40.9245,0.1651],[144.6276,-40.9245,0.1651]]],
[[[144.6304,-40.923,0.8095],[144.6307,-40.9229,0.0],[144.6301,-40.9229,0.0],[144.6302,-40.9231,0.8095],[144.6304,-40.923,0.8095]]],
[[[144.6279,-40.924,0.1651],[144.6281,-40.9241,0.1651],[144.6283,-40.9241,0.1651],[144.628,-40.924,0.1651],[144.6279,-40.924,0.1651]]],
[[[144.6301,-40.922,0.0],[144.6299,-40.922,0.0],[144.6301,-40.9221,0.0],[144.6301,-40.922,0.0]]],
[[[148.3296,-40.9213,0.0],[148.3291,-40.922,0.0],[148.3304,-40.9226,0.0],[148.3308,-40.9221,0.0],[148.3296,-40.9213,0.0]]],
[[[148.322,-40.922,0.0],[148.3211,-40.9217,0.0],[148.3208,-40.9228,0.0],[148.3216,-40.9227,0.0],[148.322,-40.922,0.0]]],
[[[144.632,-40.922,1.4852],[144.6319,-40.9219,1.4852],[144.6319,-40.922,1.4852],[144.632,-40.922,1.4852]]],
[[[144.6373,-40.9208,0.5853],[144.6373,-40.9207,0.5853],[144.6372,-40.9207,0.5853],[144.6373,-40.9208,0.5853]]],
[[[144.6363,-40.9208,0.5853],[144.636,-40.9207,0.5853],[144.6359,-40.9208,0.5853],[144.6361,-40.9209,0.5853],[144.6363,-40.9208,0.5853]]],
[[[144.6357,-40.9207,0.5853],[144.6354,-40.9206,0.0881],[144.6353,-40.9208,0.0881],[144.6356,-40.9209,0.0881],[144.6357,-40.9207,0.5853]]],
[[[144.6443,-40.92,5.0039],[144.6442,-40.92,5.0039],[144.6444,-40.9201,5.0039],[144.6444,-40.92,5.0039],[144.6443,-40.92,5.0039]]],
[[[144.6488,-40.9194,0.3043],[144.6488,-40.9193,0.3043],[144.6487,-40.9192,0.3043],[144.6486,-40.9193,0.3043],[144.6488,-40.9194,0.3043]]],
[[[144.6476,-40.9197,7.9536],[144.6473,-40.9193,0.0],[144.6472,-40.9192,0.0],[144.6474,-40.9198,7.9536],[144.6476,-40.9197,7.9536]]],
[[[144.6465,-40.9191,0.0],[144.6466,-40.9192,0.0],[144.6468,-40.9192,0.0],[144.6467,-40.9191,0.0],[144.6465,-40.9191,0.0]]],
[[[144.6322,-40.9211,0.1365],[144.6322,-40.9212,0.1365],[144.6317,-40.9212,0.1365],[144.6325,-40.9213,1.4852],[144.6322,-40.9211,0.1365]]],
[[[145.6138,-40.9251,4.7691],[145.6137,-40.9251,4.7691],[145.6136,-40.9251,4.7691],[145.6138,-40.9253,4.7691],[145.6138,-40.9251,4.7691]]],
[[[144.6288,-40.9248,0.7417],[144.6285,-40.9246,0.7417],[144.6279,-40.9248,0.7417],[144.6282,-40.925,0.7417],[144.6288,-40.9248,0.7417]]],
[[[144.6124,-40.9333,0.0],[144.6124,-40.9332,0.0],[144.6122,-40.9332,0.0],[144.6123,-40.9333,0.0],[144.6124,-40.9333,0.0]]],
[[[144.6152,-40.9334,0.0],[144.6152,-40.933,0.0],[144.6148,-40.9331,0.0],[144.6152,-40.9335,0.0],[144.6152,-40.9334,0.0]]],
[[[144.6126,-40.9333,0.0],[144.6127,-40.9333,0.0],[144.6126,-40.9331,0.0],[144.6125,-40.9333,0.0],[144.6126,-40.9333,0.0]]],
[[[144.6183,-40.9331,0.2423],[144.6182,-40.9331,0.2423],[144.6183,-40.9332,0.2423],[144.6183,-40.9331,0.2423]]],
[[[144.6145,-40.9329,0.0],[144.6144,-40.9331,0.0],[144.6146,-40.9331,0.0],[144.6146,-40.9328,0.0],[144.6145,-40.9329,0.0]]],
[[[144.6113,-40.9423,0.3174],[144.6115,-40.9424,0.3174],[144.6114,-40.9421,0.3174],[144.6112,-40.9422,0.3174],[144.6113,-40.9423,0.3174]]],
[[[144.611,-40.9421,0.3174],[144.6112,-40.9421,0.3174],[144.6112,-40.9419,0.3174],[144.6111,-40.942,0.3174],[144.611,-40.9421,0.3174]]],
[[[144.639,-40.9186,0.1884],[144.6389,-40.9186,0.1884],[144.6388,-40.9187,0.1884],[144.6389,-40.9187,0.1884],[144.639,-40.9186,0.1884]]],
[[[144.6409,-40.9183,1.7059],[144.6409,-40.9182,1.7059],[144.6407,-40.9182,1.7059],[144.6407,-40.9183,1.7059],[144.6409,-40.9183,1.7059]]],
[[[144.6377,-40.9182,0.0],[144.6376,-40.9181,0.0],[144.6374,-40.9181,0.0],[144.6375,-40.9182,0.0],[144.6377,-40.9182,0.0]]],
[[[144.6395,-40.9185,0.1884],[144.6396,-40.9184,0.1884],[144.6393,-40.9183,0.1884],[144.6392,-40.9185,0.1884],[144.6395,-40.9185,0.1884]]],
[[[145.5886,-40.9162,0.0],[145.5885,-40.9163,0.0],[145.589,-40.9161,0.0],[145.5889,-40.9161,0.0],[145.5886,-40.9162,0.0]]],
[[[148.3242,-40.9154,0.0],[148.3235,-40.9153,0.0],[148.3233,-40.9158,0.0],[148.324,-40.9157,0.0],[148.3242,-40.9154,0.0]]],
[[[148.3233,-40.9145,0.0],[148.3227,-40.9148,0.0],[148.3239,-40.9149,0.0],[148.3239,-40.9146,0.0],[148.3233,-40.9145,0.0]]],
[[[144.6546,-40.9141,3.2302],[144.6546,-40.914,3.2302],[144.6544,-40.914,3.2302],[144.6545,-40.9141,3.2302],[144.6546,-40.9141,3.2302]]],
[[[148.3207,-40.913,0.0],[148.321,-40.9128,0.0],[148.3203,-40.9125,0.0],[148.3203,-40.9128,0.0],[148.3207,-40.913,0.0]]],
[[[144.6561,-40.9124,0.0],[144.656,-40.9124,0.0],[144.6559,-40.9125,0.0],[144.6561,-40.9125,0.0],[144.6561,-40.9124,0.0]]],
[[[144.6743,-40.9082,4.3849],[144.6742,-40.9081,4.3849],[144.6741,-40.9082,4.3849],[144.6742,-40.9083,4.3849],[144.6743,-40.9082,4.3849]]],
[[[144.6739,-40.9078,0.0],[144.6738,-40.9078,0.0],[144.6738,-40.9079,0.0],[144.6739,-40.908,4.3849],[144.6739,-40.9078,0.0]]],
[[[144.6701,-40.9067,2.3032],[144.6702,-40.9067,2.3032],[144.6703,-40.9067,2.3032],[144.6701,-40.9066,2.3032],[144.6701,-40.9067,2.3032]]],
[[[144.669,-40.9059,0.0],[144.6691,-40.9059,0.0],[144.6691,-40.9058,0.0],[144.669,-40.9059,0.0]]],
[[[144.6523,-40.9055,4.546],[144.6521,-40.9054,0.0],[144.6521,-40.9055,0.0],[144.6523,-40.9055,4.546]]],
[[[144.662,-40.9046,5.4076],[144.6619,-40.9046,5.4076],[144.662,-40.9047,5.4076],[144.662,-40.9046,5.4076]]],
[[[144.6497,-40.9034,0.0],[144.6498,-40.9036,0.0],[144.65,-40.9036,0.0],[144.6498,-40.9034,0.0],[144.6497,-40.9034,0.0]]],
[[[144.6498,-40.9023,0.0],[144.6498,-40.9024,0.0],[144.65,-40.9024,0.0],[144.65,-40.9023,0.0],[144.6498,-40.9023,0.0]]],
[[[144.6349,-40.902,0.0],[144.635,-40.902,0.0],[144.635,-40.9019,0.0],[144.6349,-40.902,0.0]]],
[[[144.6351,-40.9017,0.0],[144.6351,-40.9018,0.0],[144.6352,-40.9018,0.0],[144.6352,-40.9017,0.0],[144.6351,-40.9017,0.0]]],
[[[144.6488,-40.9011,0.7572],[144.6489,-40.9012,0.7572],[144.6489,-40.9011,0.7572],[144.6488,-40.901,0.7572],[144.6488,-40.9011,0.7572]]],
[[[144.6354,-40.9015,0.0],[144.6355,-40.9015,0.0],[144.6356,-40.9015,0.0],[144.6355,-40.9014,0.0],[144.6354,-40.9015,0.0]]],
[[[144.6313,-40.9011,0.0],[144.6315,-40.9011,0.0],[144.6314,-40.901,0.0],[144.6313,-40.9011,0.0]]],
[[[144.6327,-40.9014,0.0],[144.633,-40.9014,0.0],[144.633,-40.9011,0.0],[144.6329,-40.9011,0.0],[144.6327,-40.9014,0.0]]],
[[[144.6359,-40.901,0.0],[144.6358,-40.901,0.0],[144.6358,-40.9011,0.0],[144.6359,-40.9011,0.0],[144.6359,-40.901,0.0]]],
[[[144.6537,-40.9064,0.3148],[144.6535,-40.9063,0.3148],[144.6534,-40.9064,0.3148],[144.6537,-40.9064,0.3148]]],
[[[144.6682,-40.9061,0.0],[144.6685,-40.9064,7.2395],[144.6686,-40.9063,7.2395],[144.6684,-40.9061,0.0],[144.6682,-40.9061,0.0]]],
[[[144.6693,-40.9062,0.0],[144.669,-40.9062,0.0],[144.6694,-40.9063,2.3032],[144.6693,-40.9062,0.0]]],
[[[144.6314,-40.9004,0.0],[144.6313,-40.9004,0.0],[144.6314,-40.9005,0.0],[144.6314,-40.9004,0.0]]],
[[[144.6539,-40.9004,1.5402],[144.654,-40.9005,1.5402],[144.6541,-40.9004,1.5402],[144.654,-40.9004,1.5402],[144.6539,-40.9004,1.5402]]],
[[[144.6534,-40.9003,1.5402],[144.6534,-40.9004,1.5402],[144.6535,-40.9004,1.5402],[144.6535,-40.9003,1.5402],[144.6534,-40.9003,1.5402]]],
[[[144.6479,-40.9,0.0],[144.648,-40.9,0.0],[144.6479,-40.8999,0.0],[144.6479,-40.9,0.0]]],
[[[144.6485,-40.8994,0.0],[144.6485,-40.8996,0.7572],[144.6487,-40.8995,0.0],[144.6485,-40.8994,0.0]]],
[[[144.6489,-40.9003,0.7572],[144.649,-40.9004,0.7572],[144.649,-40.9003,0.7572],[144.6489,-40.9002,0.7572],[144.6489,-40.9003,0.7572]]],
[[[144.6503,-40.8977,0.0],[144.6502,-40.8976,0.0],[144.6502,-40.8977,0.0],[144.6503,-40.8977,0.0]]],
[[[147.5746,-40.8934,4.2074],[147.5737,-40.8938,3.5507],[147.5733,-40.8946,5.1872],[147.5749,-40.8935,4.2074],[147.5746,-40.8934,4.2074]]],
[[[148.2635,-40.8924,0.0],[148.2629,-40.8921,0.0],[148.2627,-40.8924,0.0],[148.2632,-40.8926,0.0],[148.2635,-40.8924,0.0]]],
[[[144.6497,-40.8976,0.0],[144.6491,-40.8974,0.0],[144.649,-40.8975,0.0],[144.65,-40.8978,0.0],[144.6497,-40.8976,0.0]]],
[[[147.5425,-40.8972,0.0],[147.5424,-40.8975,0.0],[147.5432,-40.8978,0.0],[147.5428,-40.8976,0.0],[147.5425,-40.8972,0.0]]],
[[[144.6497,-40.8972,0.0],[144.6494,-40.8971,0.0],[144.65,-40.8975,0.0],[144.6498,-40.8972,0.0],[144.6497,-40.8972,0.0]]],
[[[144.6507,-40.8996,5.7963],[144.6509,-40.8996,5.7963],[144.651,-40.8995,0.0],[144.6506,-40.8995,0.0],[144.6507,-40.8996,5.7963]]],
[[[144.6514,-40.8994,0.0],[144.6512,-40.8993,0.0],[144.6512,-40.8994,0.0],[144.6513,-40.8995,0.0],[144.6514,-40.8994,0.0]]],
[[[145.5395,-40.8903,0.0],[145.5379,-40.8901,1.5421],[145.537,-40.8904,1.5421],[145.5392,-40.8911,0.0],[145.5395,-40.8903,0.0]]],
[[[148.2485,-40.8846,0.0],[148.2482,-40.8851,0.0],[148.2491,-40.8854,0.0],[148.2489,-40.8848,0.0],[148.2485,-40.8846,0.0]]],
[[[147.7896,-40.8798,0.0],[147.7899,-40.8797,0.0],[147.7901,-40.8796,0.0],[147.7896,-40.8795,0.0],[147.7896,-40.8798,0.0]]],
[[[148.2341,-40.8772,0.0],[148.2337,-40.8767,0.0],[148.2334,-40.8767,0.0],[148.2338,-40.8774,0.0],[148.2341,-40.8772,0.0]]],
[[[148.2358,-40.8755,0.0],[148.2361,-40.8752,0.0],[148.2357,-40.875,0.0],[148.2357,-40.8752,0.0],[148.2358,-40.8755,0.0]]],
[[[147.7598,-40.8554,6.2241],[147.7592,-40.8575,0.1984],[147.7626,-40.8563,0.0],[147.7614,-40.8552,3.1154],[147.7598,-40.8554,6.2241]]],
[[[145.5162,-40.868899999999996,0.0],[145.5165,-40.868899999999996,0.0],[145.5166,-40.8688,0.0],[145.5163,-40.8688,0.0],[145.5162,-40.868899999999996,0.0]]],
[[[145.5173,-40.8687,0.0],[145.5171,-40.8687,0.0],[145.5174,-40.868899999999996,0.0],[145.5174,-40.8688,0.0],[145.5173,-40.8687,0.0]]],
[[[147.7633,-40.8674,0.0],[147.7681,-40.8701,0.0],[147.7664,-40.8686,0.0],[147.7598,-40.8653,0.0],[147.7633,-40.8674,0.0]]],
[[[147.7778,-40.8778,0.0],[147.7774,-40.8778,0.0],[147.7793,-40.8788,0.7577],[147.7826,-40.8795,0.0],[147.7794,-40.8786,0.7577],[147.7778,-40.8778,0.0]]],
[[[145.5212,-40.8778,4.8571],[145.521,-40.8776,4.8571],[145.5205,-40.8778,28.7066],[145.5211,-40.878,0.0],[145.5212,-40.8778,4.8571]]],
[[[148.2319,-40.878,0.0],[148.2321,-40.8778,0.0],[148.2318,-40.8775,0.0],[148.2318,-40.8776,0.0],[148.2319,-40.878,0.0]]],
[[[147.5752,-40.8925,2.6172],[147.5752,-40.8921,2.6172],[147.5747,-40.8926,2.6172],[147.575,-40.8926,2.6172],[147.5752,-40.8925,2.6172]]],
[[[147.5488,-40.8915,0.3305],[147.5485,-40.892,0.3305],[147.5497,-40.8924,0.0],[147.5495,-40.8917,0.0],[147.5488,-40.8915,0.3305]]],
[[[144.6381,-40.9006,0.0],[144.638,-40.9007,0.0],[144.6381,-40.9008,0.0],[144.6382,-40.9008,0.0],[144.6381,-40.9006,0.0]]],
[[[144.6316,-40.9007,0.0],[144.6316,-40.9006,0.0],[144.6313,-40.9006,0.0],[144.6314,-40.9007,0.0],[144.6316,-40.9007,0.0]]],
[[[144.6322,-40.9006,0.0],[144.6321,-40.9005,0.0],[144.6321,-40.9006,0.0],[144.6322,-40.9006,0.0]]],
[[[145.2983,-40.8494,4.1209],[145.2992,-40.8489,4.1209],[145.2969,-40.8487,7.182],[145.2977,-40.8493,7.182],[145.2983,-40.8494,4.1209]]],
[[[145.3035,-40.8466,3.0122],[145.3026,-40.8469,3.0122],[145.3046,-40.8471,0.0],[145.304,-40.8467,3.0122],[145.3035,-40.8466,3.0122]]],
[[[145.3103,-40.8458,1.9697],[145.3102,-40.8455,1.9697],[145.3099,-40.8462,1.9697],[145.3102,-40.8461,1.9697],[145.3103,-40.8458,1.9697]]],
[[[148.2032,-40.8402,0.0],[148.2036,-40.8403,0.0],[148.2037,-40.84,0.0],[148.2035,-40.8399,0.0],[148.2032,-40.8402,0.0]]],
[[[148.246,-40.8347,0.0],[148.2463,-40.8347,0.0],[148.2463,-40.8346,0.0],[148.246,-40.8347,0.0]]],
[[[144.7059,-40.8323,0.3236],[144.7054,-40.8325,0.0],[144.7052,-40.8333,0.0],[144.7058,-40.8329,0.3236],[144.7059,-40.8323,0.3236]]],
[[[144.7,-40.8271,0.0],[144.7002,-40.8272,0.0],[144.7002,-40.827,0.0],[144.7,-40.8269,0.0],[144.7,-40.8271,0.0]]],
[[[147.6273,-40.8239,2.3075],[147.6287,-40.8239,2.0819],[147.6292,-40.8233,2.0819],[147.6263,-40.8226,0.0],[147.6273,-40.8239,2.3075]]],
[[[144.6989,-40.8213,0.0],[144.6992,-40.8213,0.0],[144.6992,-40.8211,0.0],[144.6988,-40.8211,0.0],[144.6989,-40.8213,0.0]]],
[[[144.6975,-40.8213,0.0],[144.6976,-40.8214,0.0],[144.698,-40.8211,0.0],[144.6978,-40.821,0.0],[144.6975,-40.8213,0.0]]],
[[[144.6985,-40.821,0.0],[144.6985,-40.8211,0.0],[144.6986,-40.8211,0.0],[144.6986,-40.821,0.0],[144.6985,-40.821,0.0]]],
[[[148.1792,-40.82,0.0],[148.1791,-40.8199,0.0],[148.179,-40.8201,0.0],[148.1791,-40.8201,0.0],[148.1792,-40.82,0.0]]],
[[[148.1785,-40.8194,0.0],[148.1788,-40.8196,0.0],[148.1791,-40.8192,0.0],[148.1787,-40.8192,0.0],[148.1785,-40.8194,0.0]]],
[[[144.6997,-40.8187,0.0],[144.6998,-40.8188,0.0],[144.6999,-40.8188,0.0],[144.6998,-40.8185,0.0],[144.6997,-40.8187,0.0]]],
[[[144.7,-40.8164,0.0],[144.6999,-40.8164,0.0],[144.7,-40.8165,0.0],[144.7,-40.8164,0.0]]],
[[[144.6991,-40.8169,0.0],[144.6991,-40.8171,0.0],[144.6993,-40.8171,0.0],[144.6992,-40.8169,0.0],[144.6991,-40.8169,0.0]]],
[[[144.6997,-40.817,0.0],[144.6997,-40.8169,0.0],[144.6995,-40.8169,0.0],[144.6996,-40.817,0.0],[144.6997,-40.817,0.0]]],
[[[144.697,-40.8,0.0],[144.6969,-40.8002,0.0],[144.6971,-40.8003,0.0],[144.6972,-40.8,0.0],[144.697,-40.8,0.0]]],
[[[144.7019,-40.7989,0.4345],[144.702,-40.7989,0.4345],[144.702,-40.7987,0.4345],[144.7019,-40.7989,0.4345]]],
[[[144.7039,-40.7963,6.7836],[144.7038,-40.7963,6.7836],[144.7038,-40.7964,6.7836],[144.7041,-40.7963,6.7836],[144.7039,-40.7963,6.7836]]],
[[[144.7041,-40.7961,0.6975],[144.7042,-40.796,0.6975],[144.7039,-40.7961,0.6975],[144.704,-40.7962,0.6975],[144.7041,-40.7961,0.6975]]],
[[[144.6954,-40.8122,0.7229],[144.6953,-40.8126,0.0],[144.6953,-40.8128,0.0],[144.6956,-40.8123,0.7229],[144.6954,-40.8122,0.7229]]],
[[[145.1027,-40.8114,1.8546],[145.1016,-40.8116,1.8546],[145.1014,-40.8118,1.8546],[145.1024,-40.812,1.8546],[145.1027,-40.8114,1.8546]]],
[[[144.6983,-40.8058,0.4961],[144.6985,-40.8058,0.4961],[144.6986,-40.8057,0.4961],[144.6985,-40.8056,0.4961],[144.6983,-40.8058,0.4961]]],
[[[144.6969,-40.8045,0.0],[144.6968,-40.8043,0.0],[144.6967,-40.8045,0.0],[144.6968,-40.8046,0.0],[144.6969,-40.8045,0.0]]],
[[[144.6965,-40.8043,0.0],[144.6965,-40.8042,0.0],[144.6965,-40.804,0.0],[144.6963,-40.8041,0.0],[144.6965,-40.8043,0.0]]],
[[[144.6964,-40.8039,0.0],[144.6962,-40.8038,0.0],[144.6962,-40.8039,0.0],[144.6963,-40.804,0.0],[144.6964,-40.8039,0.0]]],
[[[144.701,-40.8027,0.0],[144.7009,-40.8024,0.0],[144.7004,-40.8025,0.0],[144.7009,-40.8027,0.0],[144.701,-40.8027,0.0]]],
[[[144.6967,-40.8022,0.4945],[144.6968,-40.8022,0.4945],[144.6968,-40.8021,0.4945],[144.6967,-40.8022,0.4945]]],
[[[144.7003,-40.8019,0.0],[144.7003,-40.8021,0.0],[144.7006,-40.8021,0.0],[144.7005,-40.8019,0.0],[144.7003,-40.8019,0.0]]],
[[[144.6978,-40.8026,0.2104],[144.6989,-40.8017,0.2104],[144.6983,-40.8011,0.0],[144.697,-40.8032,0.0],[144.6978,-40.8026,0.2104]]],
[[[144.6968,-40.8018,0.4945],[144.6971,-40.8017,0.4945],[144.6973,-40.8015,0.4945],[144.6967,-40.8017,0.4945],[144.6968,-40.8018,0.4945]]],
[[[144.6988,-40.8008,0.0],[144.6989,-40.8012,0.0],[144.6997,-40.8014,0.0],[144.6994,-40.8009,0.0],[144.6988,-40.8008,0.0]]],
[[[144.6978,-40.8009,0.0],[144.6978,-40.8007,0.0],[144.6971,-40.8006,0.0],[144.6976,-40.8009,0.0],[144.6978,-40.8009,0.0]]],
[[[145.4994,-40.8529,0.0],[145.5,-40.8535,0.0],[145.5008,-40.8537,0.0],[145.5003,-40.8532,0.0],[145.4994,-40.8529,0.0]]],
[[[145.4005,-40.8527,0.0],[145.3999,-40.8527,0.0],[145.3998,-40.8528,0.0],[145.4005,-40.8531,0.0],[145.4005,-40.8527,0.0]]],
[[[144.7008,-40.7797,2.0911],[144.7009,-40.7796,2.0911],[144.7008,-40.7795,0.0],[144.7007,-40.7797,2.0911],[144.7008,-40.7797,2.0911]]],
[[[144.7008,-40.7786,0.0],[144.7004,-40.7786,0.0],[144.7008,-40.7795,0.0],[144.7011,-40.779,0.0],[144.7008,-40.7786,0.0]]],
[[[144.698,-40.7785,0.0],[144.6979,-40.7784,0.0],[144.6978,-40.7785,0.0],[144.6979,-40.7785,0.0],[144.698,-40.7785,0.0]]],
[[[144.6984,-40.7779,0.0],[144.6982,-40.7779,0.0],[144.6982,-40.778,0.0],[144.6984,-40.778,0.0],[144.6984,-40.7779,0.0]]],
[[[147.9407,-40.7703,0.0],[147.9408,-40.7699,0.0],[147.9377,-40.7695,0.4054],[147.9402,-40.771,0.4903],[147.9407,-40.7703,0.0]]],
[[[147.9358,-40.7692,0.3691],[147.935,-40.7696,0.0],[147.9369,-40.7697,0.0],[147.9362,-40.7692,0.3691],[147.9358,-40.7692,0.3691]]],
[[[147.9499,-40.7528,0.0],[147.9496,-40.7528,0.0],[147.9494,-40.7531,0.0],[147.95,-40.7533,0.0],[147.9499,-40.7528,0.0]]],
[[[144.8425,-40.7497,3.0589],[144.8426,-40.7498,3.0589],[144.843,-40.75,3.0589],[144.8427,-40.7496,3.0589],[144.8425,-40.7497,3.0589]]],
[[[148.0294,-40.7498,1.0923],[148.0295,-40.7495,0.0],[148.029,-40.7494,0.0],[148.0291,-40.7497,1.0923],[148.0294,-40.7498,1.0923]]],
[[[144.9258,-40.7492,0.0],[144.9262,-40.7493,0.0],[144.9264,-40.7492,0.0],[144.9255,-40.749,0.0],[144.9258,-40.7492,0.0]]],
[[[145.3091,-40.7639,0.0],[145.3091,-40.764,0.0],[145.3094,-40.7639,0.0],[145.3092,-40.7638,0.0],[145.3091,-40.7639,0.0]]],
[[[147.9359,-40.7634,0.0],[147.9357,-40.7632,0.0],[147.9354,-40.7633,0.0],[147.9357,-40.7634,0.0],[147.9359,-40.7634,0.0]]],
[[[144.7033,-40.7584,0.0],[144.7031,-40.7584,0.0],[144.7037,-40.759,0.0],[144.7036,-40.7585,0.0],[144.7033,-40.7584,0.0]]],
[[[145.017,-40.7633,0.8419],[145.0177,-40.7648,0.0],[145.0201,-40.7613,0.5536],[145.0199,-40.7612,0.0],[145.017,-40.7633,0.8419]]],
[[[147.9345,-40.7605,0.8969],[147.935,-40.7608,0.8969],[147.9359,-40.7616,0.0],[147.9358,-40.7605,0.8969],[147.9345,-40.7605,0.8969]]],
[[[144.704,-40.7578,0.0],[144.704,-40.7577,0.0],[144.7038,-40.7577,0.0],[144.7038,-40.7578,0.0],[144.704,-40.7578,0.0]]],
[[[144.707,-40.7542,0.0],[144.7069,-40.7543,0.0],[144.7067,-40.7546,0.0],[144.707,-40.7544,0.0],[144.707,-40.7542,0.0]]],
[[[144.944,-40.7508,0.0],[144.9437,-40.7514,0.0],[144.9437,-40.7515,0.0],[144.9446,-40.7513,0.0],[144.944,-40.7508,0.0]]],
[[[144.9469,-40.7518,0.0],[144.9466,-40.7519,0.0],[144.9469,-40.7524,0.0],[144.9475,-40.7519,0.0],[144.9469,-40.7518,0.0]]],
[[[144.9253,-40.7491,0.0],[144.9223,-40.7464,0.2428],[144.9213,-40.7477,0.0],[144.9136,-40.7475,0.4085],[144.9095,-40.7492,0.8574],[144.913,-40.7515,0.0],[144.9196,-40.752,0.4345],[144.925,-40.7507,0.0],[144.9253,-40.7491,0.0]]],
[[[147.9633,-40.7436,0.0],[147.9634,-40.7434,0.0],[147.9634,-40.7433,0.0],[147.963,-40.7434,0.0],[147.9633,-40.7436,0.0]]],
[[[144.7658,-40.7432,5.0673],[144.766,-40.7435,5.0673],[144.7662,-40.7434,5.0673],[144.7661,-40.7432,5.0673],[144.7658,-40.7432,5.0673]]],
[[[144.8682,-40.7437,0.6229],[144.8684,-40.7435,0.0],[144.8681,-40.7433,0.6229],[144.868,-40.7435,0.6229],[144.8682,-40.7437,0.6229]]],
[[[147.9657,-40.7425,0.0],[147.9665,-40.7428,0.0],[147.9669,-40.7424,0.0],[147.9658,-40.7422,0.0],[147.9657,-40.7425,0.0]]],
[[[147.9643,-40.7411,0.0],[147.964,-40.7413,0.0],[147.9649,-40.7417,0.0],[147.9646,-40.7412,0.0],[147.9643,-40.7411,0.0]]],
[[[147.9539,-40.7413,0.4615],[147.9534,-40.7411,0.0],[147.9533,-40.7414,0.4615],[147.9537,-40.7415,0.4615],[147.9539,-40.7413,0.4615]]],
[[[145.3031,-40.741,0.0],[145.303,-40.741,0.0],[145.303,-40.7411,0.0],[145.3031,-40.7411,0.0],[145.3031,-40.741,0.0]]],
[[[147.9517,-40.7428,0.4042],[147.9512,-40.7432,0.2568],[147.9522,-40.7432,0.2568],[147.9517,-40.7428,0.4042]]],
[[[147.9522,-40.743,0.2568],[147.9526,-40.7434,0.2568],[147.9537,-40.7436,0.4361],[147.9533,-40.7426,0.4615],[147.9522,-40.743,0.2568]]],
[[[144.8668,-40.7422,0.0],[144.8663,-40.7418,0.0],[144.866,-40.742,0.0],[144.8661,-40.7425,0.0],[144.8668,-40.7422,0.0]]],
[[[147.9496,-40.7418,0.6007],[147.9498,-40.7425,0.6007],[147.9508,-40.7431,0.2568],[147.9506,-40.742,0.6007],[147.9496,-40.7418,0.6007]]],
[[[147.9608,-40.7451,0.0],[147.9615,-40.7442,0.0],[147.9603,-40.743899999999996,0.0],[147.9601,-40.7443,0.0],[147.9608,-40.7451,0.0]]],
[[[147.9645,-40.744,0.0],[147.9647,-40.743899999999996,0.0],[147.9642,-40.7435,0.0],[147.9642,-40.7438,0.0],[147.9645,-40.744,0.0]]],
[[[144.8672,-40.743899999999996,0.6229],[144.8665,-40.7441,0.6229],[144.8682,-40.7443,0.6229],[144.8677,-40.7437,0.6229],[144.8672,-40.743899999999996,0.6229]]],
[[[147.9538,-40.7429,0.4615],[147.9538,-40.7435,0.4361],[147.9545,-40.7441,0.4361],[147.9538,-40.7422,0.4615],[147.9538,-40.7429,0.4615]]],
[[[144.7039,-40.7956,0.6975],[144.7042,-40.7958,0.6975],[144.7043,-40.7957,0.6975],[144.7041,-40.7955,0.6975],[144.7039,-40.7956,0.6975]]],
[[[144.705,-40.7943,1.5396],[144.7051,-40.7943,1.5396],[144.7051,-40.7942,1.5396],[144.705,-40.7943,1.5396]]],
[[[144.7047,-40.7942,1.5396],[144.7046,-40.7941,1.5396],[144.7046,-40.7942,1.5396],[144.7047,-40.7942,1.5396]]],
[[[144.7051,-40.7939,1.5396],[144.705,-40.7938,1.5396],[144.705,-40.7939,1.5396],[144.7051,-40.7939,1.5396]]],
[[[144.7045,-40.7937,1.5396],[144.7048,-40.7935,1.5396],[144.705,-40.7932,1.5396],[144.7044,-40.7935,1.5396],[144.7045,-40.7937,1.5396]]],
[[[144.7032,-40.7912,0.2988],[144.7028,-40.7912,0.2988],[144.7025,-40.7916,0.0],[144.7034,-40.7917,0.0],[144.7032,-40.7912,0.2988]]],
[[[144.7036,-40.7909,6.1028],[144.7034,-40.7909,0.2988],[144.7036,-40.791,6.1028],[144.7036,-40.7909,6.1028]]],
[[[144.7033,-40.7907,0.2988],[144.7032,-40.7907,0.2988],[144.703,-40.7908,0.2988],[144.7032,-40.7908,0.2988],[144.7033,-40.7907,0.2988]]],
[[[144.7007,-40.7901,0.0],[144.701,-40.7902,0.0],[144.7011,-40.7901,0.0],[144.7008,-40.79,0.0],[144.7007,-40.7901,0.0]]],
[[[144.7038,-40.7916,6.0065],[144.7035,-40.792,0.0],[144.7041,-40.7916,6.0065],[144.7038,-40.7916,6.0065]]],
[[[144.6922,-40.7868,0.0],[144.6924,-40.7868,0.0],[144.6922,-40.7864,0.0],[144.6921,-40.7868,0.0],[144.6922,-40.7868,0.0]]],
[[[144.6913,-40.7862,0.0],[144.6913,-40.7861,0.0],[144.6912,-40.7861,0.0],[144.6912,-40.7862,0.0],[144.6913,-40.7862,0.0]]],
[[[144.69295,-40.7871,0.0],[144.6931,-40.7872,0.0],[144.693,-40.7871,0.0],[144.69295,-40.7871,0.0]]],
[[[144.69295,-40.7871,0.0],[144.6928,-40.787,0.0],[144.6928,-40.7871,0.0],[144.69295,-40.7871,0.0]]],
[[[144.7023,-40.7894,0.264],[144.7022,-40.7893,0.264],[144.7021,-40.7894,0.264],[144.7022,-40.7895,0.264],[144.7023,-40.7894,0.264]]],
[[[144.7024,-40.7892,0.264],[144.7025,-40.7893,0.264],[144.7026,-40.789,0.264],[144.7024,-40.7892,0.264]]],
[[[144.7021,-40.7889,0.264],[144.7017,-40.789,0.264],[144.7021,-40.7891,0.264],[144.7026,-40.7888,0.264],[144.7021,-40.7886,0.264],[144.7021,-40.7889,0.264]]],
[[[144.7015,-40.7883,0.0],[144.7014,-40.7884,0.0],[144.7015,-40.7884,0.0],[144.7015,-40.7883,0.0]]],
[[[144.7012,-40.7879,0.2378],[144.7012,-40.788,0.0],[144.7013,-40.7881,0.0],[144.7014,-40.788,0.0],[144.7012,-40.7879,0.2378]]],
[[[144.7005,-40.7887,0.0],[144.7004,-40.7886,0.0],[144.7004,-40.7887,0.0],[144.7005,-40.7887,0.0]]],
[[[144.7009,-40.7883,0.0],[144.7004,-40.7884,0.0],[144.7012,-40.7889,0.0],[144.7012,-40.7887,0.0],[144.7009,-40.7883,0.0]]],
[[[144.7006,-40.7866,0.2378],[144.7005,-40.7867,0.2378],[144.7008,-40.7867,0.2378],[144.7006,-40.7866,0.2378]]],
[[[144.7008,-40.7869,0.2378],[144.7007,-40.7869,0.2378],[144.7008,-40.787,0.2378],[144.7008,-40.7869,0.2378]]],
[[[144.7,-40.7868,0.2378],[144.7,-40.7869,0.2378],[144.7002,-40.7868,0.2378],[144.7,-40.7867,0.2378],[144.7,-40.7868,0.2378]]],
[[[144.6994,-40.7861,0.61],[144.6994,-40.7863,0.0],[144.6996,-40.7863,0.2378],[144.6996,-40.7862,5.6921],[144.6994,-40.7861,0.61]]],
[[[144.6992,-40.7861,0.61],[144.6993,-40.7859,0.61],[144.6988,-40.7857,0.61],[144.6988,-40.786,0.61],[144.6992,-40.7861,0.61]]],
[[[147.6431,-40.7831,1.4055],[147.6435,-40.7819,1.0977],[147.641,-40.7798,1.3613],[147.636,-40.789,10.474],[147.6314,-40.7924,0.0],[147.6319,-40.7947,13.7895],[147.6273,-40.7969,2.8345],[147.6264,-40.8032,17.9393],[147.6244,-40.8033,2.0872],[147.6232,-40.8063,7.5866],[147.6158,-40.8097,12.9538],[147.6178,-40.812,18.3744],[147.6171,-40.8135,1.8386],[147.6198,-40.8148,0.0],[147.6266,-40.8122,0.0],[147.6306,-40.8078,22.9611],[147.6342,-40.8071,0.0],[147.6438,-40.7894,7.4979],[147.6431,-40.7831,1.4055]]],
[[[144.6964,-40.7829,0.1754],[144.6966,-40.7828,0.1754],[144.6965,-40.7822,0.1754],[144.6964,-40.7823,0.1754],[144.6964,-40.7829,0.1754]]],
[[[144.6969,-40.7832,0.1254],[144.697,-40.7831,0.1254],[144.697,-40.7829,0.1754],[144.6969,-40.783,0.1254],[144.6969,-40.7832,0.1254]]],
[[[144.6949,-40.7817,0.0],[144.695,-40.7818,0.0],[144.695,-40.7817,0.0],[144.6949,-40.7816,0.0],[144.6949,-40.7817,0.0]]],
[[[144.6982,-40.7844,1.9118],[144.698,-40.7844,1.9118],[144.6981,-40.7846,0.61],[144.6982,-40.7845,1.9118],[144.6982,-40.7844,1.9118]]],
[[[144.699,-40.7813,2.7511],[144.6989,-40.7813,2.7511],[144.6991,-40.7815,2.7511],[144.699,-40.7813,2.7511]]],
[[[144.6997,-40.78,2.0911],[144.6997,-40.7801,2.0911],[144.7003,-40.7802,2.0911],[144.7003,-40.7801,2.0911],[144.6997,-40.78,2.0911]]],
[[[144.6992,-40.78,0.0],[144.6991,-40.78,0.0],[144.6989,-40.7801,0.0],[144.6992,-40.7801,0.0],[144.6992,-40.78,0.0]]],
[[[144.6982,-40.7816,2.7511],[144.6972,-40.7812,0.0],[144.6969,-40.7822,0.1754],[144.6974,-40.7823,0.1754],[144.6982,-40.7816,2.7511]]],
[[[145.0707,-40.7733,1.7824],[145.051,-40.7534,5.2695],[145.0473,-40.7511,1.8593],[145.0443,-40.7512,0.383],[145.0421,-40.7628,2.3362],[145.0425,-40.7689,1.0936],[145.0401,-40.7742,0.6182],[145.0414,-40.7785,0.5322],[145.0444,-40.7815,0.0],[145.0484,-40.7839,0.6483],[145.0601,-40.7855,1.4669],[145.0774,-40.7949,0.0],[145.1013,-40.7959,2.766],[145.1042,-40.7945,1.7291],[145.1041,-40.7924,1.0027],[145.0998,-40.7881,0.3663],[145.0847,-40.782,0.0],[145.0707,-40.7733,1.7824]]],
[[[148.0773,-40.7155,0.2937],[148.0772,-40.7152,0.2937],[148.0769,-40.7151,0.2937],[148.0768,-40.7156,0.2937],[148.0773,-40.7155,0.2937]]],
[[[144.685,-40.6853,0.0],[144.6849,-40.6854,0.0],[144.6852,-40.6855,0.0],[144.685,-40.6853,0.0]]],
[[[144.6867,-40.68,0.0],[144.6864,-40.6799,0.0],[144.6864,-40.68,0.0],[144.6866,-40.6801,0.0],[144.6867,-40.68,0.0]]],
[[[144.6877,-40.6836,24.4256],[144.6876,-40.6835,24.4256],[144.6874,-40.6837,24.4256],[144.6876,-40.6837,24.4256],[144.6877,-40.6836,24.4256]]],
[[[144.6843,-40.6743,0.4195],[144.6844,-40.6746,0.4462],[144.6847,-40.6739,0.4195],[144.6845,-40.674,0.4195],[144.6843,-40.6743,0.4195]]],
[[[144.6735,-40.6724,9.6313],[144.674,-40.6702,13.7746],[144.6697,-40.6709,1.9728],[144.6714,-40.6713,11.0366],[144.6735,-40.6724,9.6313]]],
[[[144.6781,-40.6722,0.0],[144.6779,-40.6721,0.0],[144.6779,-40.6722,0.0],[144.6782,-40.6723,0.0],[144.6781,-40.6722,0.0]]],
[[[144.9741,-40.7095,0.7282],[144.9746,-40.7103,0.0],[144.9754,-40.7098,0.0],[144.9745,-40.7094,0.7282],[144.9741,-40.7095,0.7282]]],
[[[144.6835,-40.7053,6.1458],[144.6834,-40.7054,6.1458],[144.6832,-40.7056,6.1458],[144.6836,-40.7054,6.1458],[144.6835,-40.7053,6.1458]]],
[[[144.6883,-40.703,4.2323],[144.6884,-40.7031,4.2323],[144.6892,-40.7032,25.8301],[144.6891,-40.7031,4.2323],[144.6883,-40.703,4.2323]]],
[[[144.6874,-40.7004,9.0002],[144.6871,-40.7004,0.0],[144.687,-40.7005,0.0],[144.6879,-40.7004,9.0002],[144.6874,-40.7004,9.0002]]],
[[[144.838,-40.6929,0.0],[144.8322,-40.6909,0.0],[144.8257,-40.695,0.7916],[144.8239,-40.6994,1.36],[144.8295,-40.702,0.5275],[144.8373,-40.7004,0.5292],[144.8413,-40.6961,1.7829],[144.838,-40.6929,0.0]]],
[[[144.7593,-40.6944,0.0],[144.7601,-40.6955,0.3414],[144.7608,-40.6952,0.3414],[144.7606,-40.695,0.3414],[144.7593,-40.6944,0.0]]],
[[[144.6809,-40.719,4.9273],[144.6807,-40.7189,4.9273],[144.6807,-40.7191,4.9273],[144.681,-40.7192,23.8094],[144.6809,-40.719,4.9273]]],
[[[144.8463,-40.7178,0.0],[144.8462,-40.7181,0.0],[144.8465,-40.7181,0.0],[144.8464,-40.7179,0.0],[144.8463,-40.7178,0.0]]],
[[[144.6757,-40.7181,0.0],[144.6758,-40.7176,0.0],[144.6754,-40.7177,0.0],[144.6755,-40.718,0.0],[144.6757,-40.7181,0.0]]],
[[[144.6764,-40.716,0.0],[144.6759,-40.7168,0.0],[144.6764,-40.7168,0.0],[144.6773,-40.7153,1.2967],[144.6768,-40.7152,0.0],[144.6764,-40.716,0.0]]],
[[[145.0421,-40.7159,0.0],[145.042,-40.7161,0.0],[145.0423,-40.716,0.0],[145.0421,-40.7159,0.0]]],
[[[144.963,-40.7137,0.0],[144.9637,-40.7145,0.0],[144.9646,-40.7132,0.0],[144.9639,-40.7131,0.0],[144.963,-40.7137,0.0]]],
[[[144.6777,-40.7139,0.7044],[144.6779,-40.7139,0.7044],[144.6777,-40.7133,0.7044],[144.6774,-40.7137,0.7044],[144.6777,-40.7139,0.7044]]],
[[[144.8693,-40.7161,0.0],[144.8699,-40.7167,0.0],[144.8721,-40.7162,0.2494],[144.8706,-40.7146,0.2494],[144.8693,-40.7161,0.0]]],
[[[144.9852,-40.7147,0.0],[144.9851,-40.7147,0.0],[144.985,-40.7149,0.0],[144.9852,-40.7149,0.0],[144.9852,-40.7147,0.0]]],
[[[145.0368,-40.7144,0.0],[145.0371,-40.7146,0.0],[145.0371,-40.7141,0.2539],[145.0369,-40.7144,0.0],[145.0368,-40.7144,0.0]]],
[[[145.0382,-40.7137,0.2539],[145.0378,-40.7145,0.2539],[145.0379,-40.7148,0.0],[145.0386,-40.7139,0.2539],[145.0382,-40.7137,0.2539]]],
[[[144.6784,-40.716,1.2967],[144.6783,-40.716,1.2967],[144.6782,-40.716,1.2967],[144.6784,-40.7161,1.2967],[144.6784,-40.716,1.2967]]],
[[[144.965,-40.7128,1.06],[144.9646,-40.7129,0.6286],[144.9652,-40.7139,0.0],[144.9657,-40.7133,0.0],[144.965,-40.7128,1.06]]],
[[[144.8291,-40.7122,0.9438],[144.828,-40.7122,0.9438],[144.8288,-40.7137,0.9788],[144.8311,-40.7131,0.6995],[144.8298,-40.7123,0.0],[144.8291,-40.7122,0.9438]]],
[[[144.6788,-40.6726,0.0],[144.6814,-40.6734,0.0],[144.682,-40.6725,4.0474],[144.6788,-40.6704,0.3421],[144.6788,-40.6726,0.0]]],
[[[144.6854,-40.671,0.0],[144.6858,-40.6715,1.3431],[144.6865,-40.6709,0.0],[144.6856,-40.6708,0.0],[144.6854,-40.671,0.0]]],
[[[144.7428,-40.6625,0.0],[144.7426,-40.6626,0.0],[144.7427,-40.6626,0.0],[144.7428,-40.6625,0.0]]],
[[[144.7429,-40.6624,0.0],[144.743,-40.6624,0.0],[144.7432,-40.6623,0.0],[144.743,-40.6623,0.0],[144.7429,-40.6624,0.0]]],
[[[144.7446,-40.6617,0.0],[144.7445,-40.6617,0.0],[144.7444,-40.6617,0.0],[144.7447,-40.6618,0.0],[144.7446,-40.6617,0.0]]],
[[[144.7455,-40.6616,0.0],[144.7453,-40.6615,0.0],[144.7452,-40.6614,0.0],[144.7453,-40.6616,0.0],[144.7455,-40.6616,0.0]]],
[[[144.7436,-40.662,0.0],[144.7435,-40.662,0.0],[144.7434,-40.6621,0.0],[144.7435,-40.6622,0.0],[144.7436,-40.662,0.0]]],
[[[144.7433,-40.6617,0.0],[144.7426,-40.6616,0.0],[144.7425,-40.662,0.0],[144.7436,-40.6616,0.0],[144.7433,-40.6617,0.0]]],
[[[144.7459,-40.6613,0.0],[144.746,-40.6613,0.0],[144.7461,-40.6611,0.0],[144.746,-40.6612,0.0],[144.7459,-40.6613,0.0]]],
[[[144.7464,-40.6608,0.0],[144.7466,-40.6609,0.0],[144.7466,-40.6608,0.0],[144.7465,-40.6608,0.0],[144.7464,-40.6608,0.0]]],
[[[144.961,-40.6572,0.0],[144.9612,-40.6573,0.0],[144.9614,-40.6572,0.0],[144.9612,-40.6571,0.0],[144.961,-40.6572,0.0]]],
[[[144.7043,-40.6571,0.0],[144.7044,-40.6571,0.0],[144.7045,-40.6571,0.0],[144.7044,-40.657,0.0],[144.7043,-40.6571,0.0]]],
[[[144.9611,-40.6569,0.0],[144.9613,-40.6569,0.0],[144.9613,-40.6567,0.0],[144.9612,-40.6567,0.0],[144.9611,-40.6569,0.0]]],
[[[144.7033,-40.6553,0.3211],[144.7031,-40.6558,0.3211],[144.7044,-40.6565,0.0],[144.7036,-40.656,0.0],[144.7033,-40.6553,0.3211]]],
[[[144.7022,-40.6549,0.3211],[144.7026,-40.6551,0.3211],[144.7028,-40.6551,0.3211],[144.7028,-40.6549,0.3211],[144.7022,-40.6549,0.3211]]],
[[[144.7446,-40.6613,0.0],[144.7446,-40.6616,0.0],[144.7449,-40.6615,0.0],[144.7448,-40.6614,0.0],[144.7446,-40.6613,0.0]]],
[[[144.7029,-40.6442,0.6068],[144.7027,-40.6441,0.6068],[144.702,-40.6444,0.6068],[144.7025,-40.6449,0.2922],[144.7029,-40.6442,0.6068]]],
[[[144.7216,-40.6428,0.0],[144.7215,-40.643,0.0],[144.7215,-40.6431,0.0],[144.7218,-40.643,0.0],[144.7216,-40.6428,0.0]]],
[[[144.7318,-40.642,0.0],[144.7319,-40.6418,0.0],[144.7316,-40.6419,0.0],[144.7316,-40.642,0.0],[144.7318,-40.642,0.0]]],
[[[144.7018,-40.6544,0.0],[144.7018,-40.6542,0.0],[144.7017,-40.6544,0.0],[144.7018,-40.6544,0.0]]],
[[[144.7021,-40.6542,0.0],[144.7022,-40.6543,0.0],[144.7022,-40.6541,0.0],[144.7021,-40.6541,0.0],[144.7021,-40.6542,0.0]]],
[[[145.2981,-40.7394,0.0],[145.2981,-40.7393,0.0],[145.2979,-40.7394,0.0],[145.2979,-40.7395,0.0],[145.2981,-40.7394,0.0]]],
[[[144.9788,-40.7377,0.0],[144.9791,-40.7372,0.0],[144.979,-40.7371,0.0],[144.9785,-40.7374,0.0],[144.9788,-40.7377,0.0]]],
[[[145.2986,-40.7364,0.0],[145.2983,-40.7359,0.0],[145.2981,-40.7359,0.0],[145.298,-40.7365,0.0],[145.2986,-40.7364,0.0]]],
[[[148.1217,-40.7277,0.0],[148.1134,-40.728,2.9094],[148.1138,-40.7315,3.2946],[148.1085,-40.7344,0.0],[148.1034,-40.7345,0.0],[148.1006,-40.7328,0.0],[148.0939,-40.7343,0.0],[148.0898,-40.7401,0.7466],[148.0943,-40.7445,1.9063],[148.0954,-40.7419,1.4049],[148.1004,-40.7392,6.2204],[148.1051,-40.7401,4.1431],[148.1075,-40.7429,0.596],[148.1135,-40.7396,0.0],[148.117,-40.7399,0.0],[148.1162,-40.7375,3.4943],[148.1179,-40.7377,0.0],[148.1168,-40.7357,2.3058],[148.1187,-40.7341,2.4487],[148.124,-40.7353,0.0],[148.1278,-40.7343,0.0],[148.1257,-40.7328,1.9695],[148.1276,-40.7311,4.3186],[148.1265,-40.7271,0.0],[148.1217,-40.7277,0.0]]],
[[[147.9576,-40.735,0.1277],[147.9576,-40.7355,0.1277],[147.9585,-40.7362,0.1277],[147.958,-40.7341,0.0],[147.9576,-40.735,0.1277]]],
[[[144.8492,-40.7341,0.4307],[144.8497,-40.7352,0.5951],[144.852,-40.7347,0.0],[144.8488,-40.7323,0.0],[144.8492,-40.7341,0.4307]]],
[[[144.8774,-40.7328,0.0],[144.8775,-40.7326,0.0],[144.8774,-40.7323,0.0],[144.8771,-40.7326,0.0],[144.8774,-40.7328,0.0]]],
[[[144.8758,-40.7316,0.2274],[144.8751,-40.7319,0.2274],[144.8746,-40.7329,0.2274],[144.8767,-40.7329,0.0],[144.8758,-40.7316,0.2274]]],
[[[144.8766,-40.7305,0.679],[144.8768,-40.7302,0.679],[144.8761,-40.7301,0.0],[144.8763,-40.7303,0.0],[144.8766,-40.7305,0.679]]],
[[[147.9731,-40.7303,0.0],[147.9733,-40.73,0.0],[147.9729,-40.73,0.0],[147.9729,-40.7301,0.0],[147.9731,-40.7303,0.0]]],
[[[144.9781,-40.7344,2.802],[144.979,-40.7356,0.4953],[144.9794,-40.7309,0.0],[144.9775,-40.7335,2.802],[144.9781,-40.7344,2.802]]],
[[[148.0891,-40.74,0.7466],[148.0883,-40.7398,0.0],[148.0881,-40.7399,0.0],[148.0889,-40.7402,0.7466],[148.0891,-40.74,0.7466]]],
[[[145.2972,-40.7398,1.9343],[145.297,-40.7397,1.9343],[145.2969,-40.7398,1.9343],[145.297,-40.7399,1.9343],[145.2972,-40.7398,1.9343]]],
[[[144.7663,-40.7394,0.1917],[144.7659,-40.7394,0.1917],[144.7661,-40.7399,0.7184],[144.7663,-40.7399,0.7184],[144.7663,-40.7394,0.1917]]],
[[[144.677,-40.7244,0.0],[144.6771,-40.7245,0.0],[144.6772,-40.7241,0.0],[144.677,-40.7243,0.0],[144.677,-40.7244,0.0]]],
[[[148.0832,-40.7229,0.0],[148.0802,-40.7222,0.0],[148.079,-40.7253,1.2361],[148.0823,-40.7263,0.0],[148.0832,-40.7229,0.0]]],
[[[144.6801,-40.7235,0.0],[144.6799,-40.7235,0.0],[144.6799,-40.7236,0.0],[144.6801,-40.7235,0.0]]],
[[[147.9724,-40.7248,0.2301],[147.9704,-40.7236,2.7151],[147.969,-40.7238,0.4987],[147.9701,-40.725,0.0],[147.9724,-40.7248,0.2301]]],
[[[147.9751,-40.7221,4.3164],[147.9721,-40.7213,2.0577],[147.9718,-40.7233,1.9715],[147.9741,-40.7247,0.0],[147.976,-40.7224,0.0],[147.9751,-40.7221,4.3164]]],
[[[144.6786,-40.7254,0.0],[144.6785,-40.7252,0.0],[144.6782,-40.7253,0.0],[144.6786,-40.7255,0.0],[144.6786,-40.7254,0.0]]],
[[[144.8667,-40.7266,0.0],[144.8666,-40.7257,0.0],[144.8665,-40.7255,0.0],[144.8663,-40.7265,0.0],[144.8667,-40.7266,0.0]]],
[[[144.8669,-40.7248,0.0],[144.8667,-40.7243,0.0],[144.8674,-40.7268,0.0],[144.8674,-40.7258,0.0],[144.8669,-40.7248,0.0]]],
[[[144.6787,-40.7245,0.0],[144.6785,-40.7244,0.0],[144.6784,-40.7247,0.0],[144.6786,-40.7247,0.0],[144.6787,-40.7245,0.0]]],
[[[144.8665,-40.725,0.0],[144.8663,-40.7253,0.0],[144.8663,-40.7254,0.0],[144.8665,-40.7253,0.0],[144.8665,-40.725,0.0]]],
[[[144.8656,-40.7259,1.0766],[144.8651,-40.7239,0.2741],[144.8635,-40.724,0.3851],[144.8643,-40.7259,1.0766],[144.8656,-40.7259,1.0766]]],
[[[147.9738,-40.7291,0.0],[147.9737,-40.7289,0.0],[147.9733,-40.729,0.0],[147.9735,-40.7292,0.0],[147.9738,-40.7291,0.0]]],
[[[144.871,-40.7309,1.821],[144.875,-40.7314,0.2274],[144.8685,-40.7272,0.1774],[144.8688,-40.7298,0.0],[144.871,-40.7309,1.821]]],
[[[144.9789,-40.7292,0.0],[144.9792,-40.7292,0.0],[144.979,-40.7288,0.0],[144.9788,-40.7289,0.0],[144.9789,-40.7292,0.0]]],
[[[144.9824,-40.7283,0.0],[144.9825,-40.7282,0.0],[144.9824,-40.7279,0.0],[144.9823,-40.7284,0.0],[144.9824,-40.7283,0.0]]],
[[[144.9772,-40.7272,0.0],[144.9774,-40.7269,0.0],[144.9774,-40.7266,0.0],[144.9771,-40.727,0.0],[144.9772,-40.7272,0.0]]],
[[[144.9797,-40.7283,0.0],[144.9798,-40.7285,0.0],[144.98,-40.7284,0.0],[144.9799,-40.7281,0.0],[144.9797,-40.7283,0.0]]],
[[[144.8645,-40.7276,1.037],[144.8659,-40.7277,1.037],[144.8661,-40.7259,1.0766],[144.8639,-40.7264,0.3037],[144.8645,-40.7276,1.037]]],
[[[144.8648,-40.7227,0.0],[144.8643,-40.7225,0.0],[144.8636,-40.7232,0.3851],[144.8638,-40.7232,0.3851],[144.8648,-40.7227,0.0]]],
[[[144.6804,-40.722,0.0],[144.6805,-40.7221,0.0],[144.6807,-40.7222,0.0],[144.6806,-40.7219,0.0],[144.6804,-40.722,0.0]]],
[[[144.6814,-40.7213,5.4401],[144.6815,-40.721,4.2155],[144.6813,-40.7208,4.2155],[144.6813,-40.7209,4.2155],[144.6814,-40.7213,5.4401]]],
[[[144.9289,-40.625,5.2709],[144.9295,-40.6223,0.0],[144.9195,-40.6248,0.0],[144.9151,-40.6406,0.0],[144.9142,-40.6421,2.0751],[144.9102,-40.6422,0.3873],[144.9128,-40.6442,0.9073],[144.9108,-40.6488,1.2824],[144.9059,-40.6506,0.8231],[144.903,-40.6572,0.6062],[144.8974,-40.6593,0.7398],[144.8922,-40.6647,3.6269],[144.8774,-40.6735,0.3569],[144.8718,-40.6786,1.4362],[144.8716,-40.6827,2.4826],[144.8741,-40.6842,2.6573],[144.8711,-40.6867,3.8704],[144.8736,-40.6905,4.6953],[144.8718,-40.695,1.0881],[144.8765,-40.7107,3.4276],[144.8753,-40.7134,1.8882],[144.8733,-40.7139,0.3398],[144.874,-40.7171,0.7292],[144.8672,-40.722,0.0],[144.8694,-40.725,0.0],[144.8721,-40.7247,1.8883],[144.8696,-40.7257,0.0],[144.8709,-40.7269,1.829],[144.8768,-40.729,4.1824],[144.8785,-40.7327,2.0578],[144.8826,-40.7356,0.5015],[144.8928,-40.739,2.2558],[144.8935,-40.7405,1.0332],[144.8982,-40.7384,0.8938],[144.9043,-40.7399,0.0],[144.9075,-40.738,0.0],[144.9102,-40.7317,0.7742],[144.9189,-40.7286,2.688],[144.9266,-40.7282,0.2503],[144.9378,-40.732,0.2498],[144.9431,-40.7313,0.0],[144.9639,-40.7122,0.6286],[144.9802,-40.7073,2.1133],[144.9931,-40.7093,0.2825],[144.994,-40.7077,2.8997],[144.9952,-40.7081,0.8932],[144.9945,-40.7113,0.0],[144.9967,-40.7099,0.5168],[144.9976,-40.7118,0.1891],[145.0006,-40.7117,1.6781],[145.0044,-40.7142,0.5691],[145.0045,-40.7119,2.6263],[145.0083,-40.7114,0.0],[145.0094,-40.7084,5.0681],[145.0141,-40.7066,0.3157],[145.0201,-40.7053,1.4944],[145.0311,-40.706,2.05],[145.0306,-40.708,0.0],[145.0329,-40.7088,0.5764],[145.0327,-40.7106,0.0],[145.034,-40.7089,0.5764],[145.0329,-40.708,0.5764],[145.0388,-40.7056,0.777],[145.039,-40.7073,1.7352],[145.0355,-40.7098,0.2491],[145.0391,-40.7131,0.0],[145.0436,-40.7145,0.6966],[145.0511,-40.7124,1.0522],[145.0484,-40.7158,1.3753],[145.0453,-40.7167,1.6689],[145.0417,-40.7161,0.0],[145.0411,-40.7174,0.6297],[145.0528,-40.7175,2.6143],[145.0677,-40.715,1.6372],[145.0676,-40.7128,0.8844],[145.064,-40.712,0.0],[145.057,-40.706,0.0],[145.0443,-40.6892,2.7832],[145.0443,-40.6863,1.9325],[145.047,-40.6851,0.2231],[145.0446,-40.6851,4.4373],[145.0444,-40.6826,4.3013],[145.0493,-40.6803,0.0],[145.0458,-40.6802,2.4517],[145.0371,-40.6843,4.7433],[145.0266,-40.6849,14.3039],[145.0146,-40.6818,2.6277],[144.9916,-40.67,9.5685],[144.9797,-40.6609,0.0],[144.9579,-40.6318,7.1369],[144.9547,-40.6294,0.0],[144.9522,-40.6298,2.5581],[144.9522,-40.6335,3.113],[144.9587,-40.6396,0.0],[144.9682,-40.6555,6.4979],[144.9679,-40.6588,1.4237],[144.962,-40.6587,0.9672],[144.9607,-40.6575,1.008],[144.9608,-40.6562,0.0],[144.9591,-40.6544,0.0],[144.9544,-40.6522,1.1383],[144.9404,-40.6512,0.0],[144.9336,-40.6451,1.6606],[144.9364,-40.6387,0.0],[144.9297,-40.6329,6.4494],[144.9289,-40.625,5.2709]]]]}
,"properties": {"GID_1": "AUS.9_1","GID_0": "AUS","country": "Australia","state": "Tasmania","VARNAME_1": "NA","NL_NAME_1": "NA","TYPE_1": "State","ENGTYPE_1": "State","CC_1": "6","HASC_1": "AU.TS","ISO_1": "AU-TAS","name": "Tasmania.state","area_km2": 68062.03,"hist_schema_id": "Elevation0-9000","hist_area_km2": {"0": 2153.93,"25": 3825.27,"50": 3442.88,"75": 3010.32,"100": 2712.1,"125": 2441.32,"150": 2926.89,"175": 3193.93,"200": 2915.15,"225": 2757.84,"250": 2419.31,"275": 2208.26,"300": 2412.06,"325": 1947.76,"350": 1836.84,"375": 1810.7,"400": 1698.61,"425": 1591.92,"450": 1531.73,"475": 1456.73,"500": 1355.42,"525": 1253.67,"550": 1191.95,"575": 1130.62,"600": 1107.39,"625": 1140.3,"650": 1076.18,"675": 961.46,"700": 798.86,"725": 837.96,"750": 739.34,"775": 668.54,"800": 698.07,"825": 598.54,"850": 584.7,"875": 524.93,"900": 469.89,"925": 395.04,"950": 434.3,"975": 355.25,"1000": 345.02,"1025": 520.21,"1050": 343.05,"1075": 285.97,"1100": 266.54,"1125": 264.31,"1150": 334.39,"1175": 238.61,"1200": 222.24,"1225": 180.44,"1250": 129.37,"1275": 96.98,"1300": 64.84,"1325": 41.7,"1350": 34.95,"1375": 27.82,"1400": 20.6,"1425": 9.65,"1450": 9.45,"1475": 4.41,"1500": 3.41,"1525": 1.59}}}